filename,num_tot_pages,num_cont_pages,match_trigger
2292733976.txt,113,107,exact ('references')
2292733996.txt,97,56,exact ('bibliography')
2292734004.txt,58,51,exact ('appendix')
2292734010.txt,139,120,exact ('bibliography')
2292734011.txt,102,89,exact ('bibliography')
2292734014.txt,124,85,prefix-match ('appendix a')
2292734015.txt,105,97,title-page ('appendices')
2292734018.txt,236,151,exact ('references')
2292734026.txt,128,70,exact ('references')
2292734031.txt,114,99,prefix-match ('appendix a')
2292734043.txt,108,89,exact ('bibliography')
2292734050.txt,130,119,exact ('bibliography')
2292734058.txt,65,51,exact ('references')
2292734063.txt,192,100,exact ('references')
2292734069.txt,129,106,prefix-match ('appendix c')
2292734077.txt,124,112,title-page ('appendix a')
2292734080.txt,124,79,prefix-match ('appendix a')
2292734081.txt,113,88,exact ('references')
2292734083.txt,74,70,exact ('bibliography')
2292734084.txt,144,127,prefix-match ('appendix a')
2292734089.txt,201,137,exact ('references')
2292734094.txt,111,102,exact ('references')
2292734095.txt,112,93,exact ('bibliography')
2292734097.txt,79,58,exact ('references')
2292734098.txt,122,87,prefix-match ('appendix a')
2292734100.txt,94,75,prefix-match ('appendix a')
2292734106.txt,134,98,exact ('references')
2292734108.txt,75,56,exact ('bibliography')
2292734114.txt,97,89,exact ('bibliography')
2292734117.txt,76,59,exact ('references')
2292734119.txt,127,115,title-page ('appendices')
2292734124.txt,84,84,
2292734126.txt,100,92,exact ('bibliography')
2292734133.txt,116,93,exact ('bibliography')
2292734136.txt,86,63,prefix-match ('appendix a')
2292734137.txt,126,106,exact ('bibliography')
2292734142.txt,83,83,exact ('bibliography')
2292734145.txt,118,93,exact ('bibliography')
2292734150.txt,97,93,prefix-match ('appendix a')
2292734156.txt,139,111,exact ('bibliography')
2292734161.txt,124,115,exact ('references')
2292734168.txt,131,97,exact ('bibliography')
2292734171.txt,129,68,exact ('references')
2292734173.txt,77,75,exact ('bibliography')
2292734183.txt,89,74,title-page ('bibliography')
2292734192.txt,57,49,prefix-match ('appendix a')
2292734197.txt,74,59,prefix-match ('appendix a')
2292734198.txt,50,41,exact ('references')
2292734224.txt,58,55,exact ('bibliography')
2292734232.txt,59,56,exact ('bibliography')
2292734238.txt,89,85,exact ('bibliography')
2292734239.txt,150,117,exact ('references')
2292734246.txt,145,110,prefix-match ('appendix a')
2292734251.txt,96,91,title-page ('appendix a')
2292734281.txt,73,49,exact ('bibliography')
2292734286.txt,138,109,exact ('bibliography')
2292734330.txt,134,114,exact ('litteratur')
2292734333.txt,137,57,prefix-match ('appendix a')
2292734334.txt,70,65,exact ('references')
2292734404.txt,124,81,prefix-match ('appendix a')
2292734418.txt,63,50,exact ('references')
2292734465.txt,120,96,prefix-match ('appendix a. matlab code')
2292734466.txt,138,81,exact ('bibliography')
2292734476.txt,68,67,exact ('bibliography')
2292734477.txt,134,102,exact ('bibliography')
2292734485.txt,88,86,exact ('bibliography')
2292734492.txt,112,109,exact ('references')
2292734523.txt,61,45,exact ('bibliography')
2292734524.txt,124,89,exact ('bibliography')
2292734559.txt,263,89,exact ('bibliography')
2292734577.txt,57,55,exact ('references')
2292734620.txt,70,63,prefix-match ('appendix a')
2292734624.txt,106,83,exact ('bibliography')
2292734625.txt,122,113,exact ('references')
2292734626.txt,138,105,exact ('list of figures')
2292734627.txt,100,84,title-page ('appendix a')
2292734628.txt,88,71,prefix-match ('appendix a')
2292734632.txt,87,77,exact ('bibliography')
2292734633.txt,124,97,exact ('bibliography')
2292734639.txt,70,53,prefix-match ('appendix a')
2292734643.txt,41,41,
2292734649.txt,156,113,prefix-match ('appendix a')
2292734650.txt,114,89,exact ('bibliography')
2292734656.txt,56,39,exact ('references')
2292734660.txt,81,71,exact ('references')
2292734705.txt,137,78,exact ('bibliography')
2292734725.txt,106,97,exact ('references')
2292734747.txt,101,100,exact ('bibliography')
2292734755.txt,53,53,
2292734757.txt,90,57,prefix-match ('appendix a')
2292734758.txt,161,132,exact ('bibliography')
2292734774.txt,84,55,exact ('appendix')
2292734799.txt,112,105,exact ('bibliography')
2292734808.txt,98,85,prefix-match ('appendix a')
2292734811.txt,82,65,exact ('references')
2292734822.txt,51,44,exact ('references')
2292734828.txt,169,144,exact ('bibliography')
2292734830.txt,50,39,exact ('references')
2292734839.txt,53,52,exact ('bibliography')
2292734842.txt,166,90,exact ('references')
2292734844.txt,54,43,exact ('appendices')
2292734848.txt,214,135,exact ('bibliography')
2292734877.txt,106,79,title-page ('appendix')
2292734888.txt,132,120,exact ('references')
2292734897.txt,126,111,prefix-match ('appendix a')
2292734910.txt,130,117,exact ('bibliography')
2292734916.txt,103,73,exact ('reference list')
2292734927.txt,116,95,title-page ('appendix a')
2292734935.txt,140,102,exact ('references')
2292734937.txt,58,56,exact ('references')
2292734941.txt,81,64,prefix-match ('appendix a')
2292734944.txt,71,49,exact ('references')
2292734947.txt,190,163,exact ('bibliography')
2292734950.txt,74,69,exact ('bibliography')
2292734952.txt,51,40,exact ('bibliography')
2292734955.txt,121,95,exact ('bibliography')
2292734959.txt,82,55,prefix-match ('appendix a')
2292734960.txt,127,118,exact ('references')
2292734961.txt,79,71,prefix-match ('appendix a')
2292734969.txt,93,82,exact ('list of references')
2292734971.txt,102,97,exact ('bibliography')
2292734984.txt,166,30,prefix-match ('appendix!a''')
2292734989.txt,98,75,exact ('references')
2292735005.txt,97,81,exact ('bibliography')
2292735008.txt,178,117,prefix-match ('appendix a')
2292735009.txt,156,91,prefix-match ('appendix a')
2292735011.txt,60,58,exact ('bibliography')
2292735018.txt,168,83,title-page ('appendix a')
2292735019.txt,180,146,exact ('references')
2292735025.txt,129,95,exact ('reference list')
2292735033.txt,82,74,exact ('references')
2292735040.txt,144,107,exact ('bibliography')
2292735043.txt,124,95,prefix-match ('appendix a')
2292735045.txt,161,139,exact ('bibliography')
2292735050.txt,97,82,exact ('references')
2292735054.txt,94,89,exact ('bibliography')
2292735059.txt,149,128,exact ('appendix')
2292735067.txt,106,82,exact ('references')
2292735069.txt,136,54,prefix-match ('appendix&&i&and!appendix&k&for!details.&')
2292735077.txt,80,64,exact ('references')
2292735079.txt,85,75,exact ('references')
2292735084.txt,136,110,title-page ('bibliography')
2292735088.txt,78,74,exact ('bibliography')
2292735091.txt,84,78,exact ('references')
2292735108.txt,206,115,prefix-match ('appendix a')
2292735113.txt,154,139,exact ('references')
2292735115.txt,88,79,exact ('references')
2292735121.txt,127,93,exact ('references')
2292735122.txt,113,92,exact ('references')
2292735124.txt,110,85,exact ('bibliography')
2292735131.txt,165,66,exact ('bibliography')
2292735135.txt,86,76,exact ('list of tables')
2292735138.txt,79,64,title-page ('appendix aconfiguration of the xbee networkthe configuration procedure of the xbee modules is presen')
2292735139.txt,112,104,exact ('references')
2292735145.txt,138,77,exact ('references')
2292735148.txt,96,77,exact ('appendices')
2292735150.txt,165,135,prefix-match ('appendix a')
2292735151.txt,121,120,exact ('bibliography')
2292735153.txt,81,63,exact ('bibliography')
2292735159.txt,106,86,exact ('references')
2292735160.txt,113,93,exact ('bibliography')
2292735164.txt,55,55,exact ('bibliography')
2292735165.txt,87,80,exact ('references')
2292735167.txt,59,49,exact ('bibliography')
2292735168.txt,48,10,exact ('list of tables')
2292735172.txt,285,104,exact ('bibliography')
2292735175.txt,60,52,prefix-match ('appendix a')
2292735178.txt,92,84,exact ('references')
2292735180.txt,105,95,title-page ('appendices')
2292735185.txt,155,119,exact ('references')
2292735188.txt,67,52,exact ('references')
2292735196.txt,154,104,exact ('references')
2292735199.txt,98,15,exact ('list of figures')
2292735200.txt,95,83,title-page ('appendices')
2292735210.txt,144,101,exact ('references')
2292735211.txt,127,66,prefix-match ('appendix a: scripts for dtu15mss')
2292735215.txt,192,99,exact ('bibliography')
2292735216.txt,94,67,prefix-match ('appendix a')
2292735220.txt,106,85,prefix-match ('appendix a')
2292735221.txt,318,91,prefix-match ('appendix a')
2292735225.txt,84,71,prefix-match ('appendix a')
2292735226.txt,131,25,exact ('bibliography')
2292735238.txt,102,91,exact ('references')
2292735240.txt,51,38,exact ('references')
2292735246.txt,105,81,prefix-match ('appendixa')
2292735250.txt,94,60,exact ('appendices')
2292735254.txt,104,87,exact ('references')
2292735256.txt,141,137,exact ('bibliography')
2292735257.txt,161,133,exact ('bibliography')
2292735262.txt,84,80,exact ('references')
2292735263.txt,81,60,exact ('bibliography')
2292735264.txt,71,71,
2292735266.txt,122,99,exact ('references')
2292735272.txt,176,176,
2292735273.txt,147,103,exact ('references')
2292735276.txt,101,85,exact ('bibliography')
2292735281.txt,66,61,title-page ('appendices')
2292735282.txt,138,109,exact ('list of references')
2292735287.txt,130,123,exact ('list of figures')
2292735295.txt,104,104,
2292735296.txt,47,46,exact ('references')
2292735311.txt,262,262,
2292735314.txt,62,55,exact ('references')
2292735317.txt,96,93,exact ('references')
2292735321.txt,113,97,exact ('bibliography')
2292735323.txt,88,83,title-page ('appendices')
2292735324.txt,116,85,exact ('bibliography')
2292735327.txt,242,185,prefix-match ('appendix a')
2292735329.txt,93,79,title-page ('appendix a')
2292735338.txt,70,56,prefix-match ('references(')
2292735341.txt,66,38,exact ('references')
2292735342.txt,149,127,exact ('references')
2292735346.txt,47,43,title-page ('appendix a')
2292735347.txt,72,63,exact ('references')
2292735405.txt,52,36,exact ('appendix')
2292735406.txt,71,69,exact ('bibliography')
2292735407.txt,107,87,exact ('bibliography')
2292735412.txt,104,85,exact ('references')
2292735416.txt,93,90,exact ('bibliography')
2292735419.txt,60,59,exact ('bibliography')
2292735422.txt,92,78,exact ('bibliography')
2292735426.txt,65,59,prefix-match ('appendix a')
2292735427.txt,76,65,exact ('references')
2292735429.txt,58,55,exact ('bibliography')
2292735433.txt,190,133,prefix-match ('appendix a')
2292735434.txt,43,43,exact ('references')
2292735435.txt,57,48,exact ('references')
2292735448.txt,120,67,exact ('references')
2292735454.txt,51,9,prefix-match ('references'')
2292735456.txt,44,39,prefix-match ('appendix i: glossary of terms')
2292735457.txt,120,79,exact ('references')
2292735461.txt,123,105,exact ('references')
2292735463.txt,174,103,exact ('bibliography')
2292735465.txt,150,137,exact ('references')
2292735466.txt,116,107,prefix-match ('appendix a')
2292735472.txt,104,92,exact ('references')
2292735473.txt,108,101,prefix-match ('appendix a')
2292735475.txt,132,79,prefix-match ('appendix c')
2292735476.txt,90,75,exact ('bibliography')
2292735477.txt,121,117,prefix-match ('appendix a')
2292735478.txt,115,111,exact ('references')
2292735479.txt,103,83,exact ('references')
2292735480.txt,106,91,title-page ('appendices')
2292735483.txt,114,103,exact ('bibliography')
2292735494.txt,65,54,exact ('references')
2292735499.txt,146,77,exact ('bibliography')
2292735500.txt,82,80,exact ('references')
2292735501.txt,93,65,exact ('bibliography')
2292735502.txt,346,129,exact ('bibliography')
2292735508.txt,91,75,exact ('bibliography')
2292735512.txt,130,111,prefix-match ('appendix a')
2292735524.txt,156,139,prefix-match ('appendix a')
2292735526.txt,43,43,exact ('bibliography')
2292735527.txt,116,89,exact ('references')
2292735529.txt,147,92,exact ('bibliography')
2292735532.txt,152,143,exact ('references')
2292735533.txt,181,115,prefix-match ('appendix a')
2292735534.txt,101,64,exact ('references')
2292735536.txt,82,67,exact ('references')
2292735537.txt,130,107,exact ('references')
2292735541.txt,103,76,prefix-match ('appendix 1')
2292735545.txt,102,98,exact ('bibliography')
2292735560.txt,110,90,exact ('references')
2292735561.txt,100,93,prefix-match ('appendix a')
2292735564.txt,150,135,exact ('bibliography')
2292735565.txt,98,75,exact ('references')
2292735569.txt,103,77,exact ('references')
2292735571.txt,100,100,
2292735575.txt,116,105,prefix-match ('appendix a')
2292735579.txt,105,83,prefix-match ('appendix a')
2292735580.txt,93,91,exact ('bibliography')
2292735581.txt,73,45,prefix-match ('appendix a')
2292735584.txt,130,81,prefix-match ('appendix a')
2292735585.txt,88,61,prefix-match ('appendix a')
2292735586.txt,80,75,exact ('references')
2292735587.txt,214,131,exact ('bibliography')
2292735588.txt,69,63,exact ('bibliography')
2292735592.txt,63,47,exact ('bibliography')
2292735597.txt,85,73,title-page ('appendices')
2292735602.txt,105,96,exact ('bibliography')
2292735607.txt,51,47,exact ('references')
2292735609.txt,102,102,
2292735611.txt,89,51,exact ('references')
2292735612.txt,112,85,exact ('bibliography')
2292735615.txt,130,88,exact ('bibliography')
2292735616.txt,90,66,exact ('references')
2292735618.txt,103,83,exact ('bibliography')
2292735623.txt,64,55,exact ('references')
2292735625.txt,127,113,prefix-match ('appendix a')
2292735626.txt,55,54,exact ('references')
2292735628.txt,114,89,prefix-match ('appendix a')
2292735630.txt,98,71,title-page ('appendices')
2292735633.txt,97,88,exact ('bibliography')
2292735634.txt,114,84,"title-page ('bibliography beatove, s. l.')"
2292735636.txt,218,203,exact ('bibliography')
2292735639.txt,193,107,exact ('bibliography')
2292735640.txt,88,81,prefix-match ('appendix a')
2292735643.txt,203,135,exact ('bibliography')
2292735645.txt,107,91,exact ('bibliography')
2292735646.txt,170,91,exact ('bibliography')
2292735647.txt,109,82,exact ('references')
2292735660.txt,147,99,title-page ('appendices')
2292735664.txt,106,87,exact ('references')
2292735675.txt,184,167,exact ('references')
2292735676.txt,98,88,exact ('references')
2292735677.txt,196,151,exact ('bibliography')
2292735681.txt,197,149,prefix-match ('appendix j')
2292735683.txt,153,146,exact ('references')
2292735687.txt,72,65,prefix-match ('appendix a')
2292735690.txt,52,48,exact ('appendix')
2292735691.txt,145,118,exact ('bibliography')
2292735692.txt,188,149,exact ('references')
2292735696.txt,115,72,exact ('bibliography')
2292735704.txt,53,51,exact ('references')
2292735706.txt,185,117,exact ('references')
2292735707.txt,94,57,exact ('references')
2292735711.txt,87,82,exact ('references')
2292735714.txt,84,73,exact ('bibliography')
2292735715.txt,66,61,exact ('references')
2292735725.txt,156,97,exact ('bibliography')
2292735727.txt,90,79,prefix-match ('appendix a')
2292735741.txt,85,69,exact ('list of figures')
2292735747.txt,88,69,prefix-match ('appendix a')
2292735749.txt,80,80,
2292735751.txt,186,105,exact ('references')
2292735752.txt,28,27,exact ('references')
2292735754.txt,77,68,prefix-match ('appendix a load-pull simulation setup')
2292735756.txt,58,46,exact ('references')
2292735760.txt,106,62,exact ('appendices')
2292735761.txt,317,304,title-page ('bibliography')
2292735766.txt,92,80,exact ('references')
2292735769.txt,117,56,exact ('bibliography')
2292735770.txt,135,104,exact ('bibliography')
2292735771.txt,116,112,exact ('bibliography')
2292735772.txt,122,99,prefix-match ('appendix a')
2292735779.txt,166,119,exact ('bibliography')
2292735781.txt,85,73,exact ('appendix')
2292735783.txt,182,97,exact ('references')
2292735796.txt,116,97,title-page ('appendices')
2292735800.txt,120,112,exact ('references')
2292735803.txt,97,89,title-page ('references')
2292735806.txt,83,80,exact ('bibliography')
2292735808.txt,175,123,exact ('list of figures')
2292735811.txt,142,123,exact ('bibliography')
2292735815.txt,60,20,prefix-match ('appendix 5')
2292735821.txt,102,86,exact ('references')
2292735829.txt,124,123,exact ('references')
2292735833.txt,49,48,exact ('bibliography')
2292735841.txt,155,155,
2292735843.txt,158,156,exact ('references')
2292735850.txt,114,111,exact ('references')
2292735853.txt,95,87,exact ('bibliography')
2292735854.txt,109,98,prefix-match ('appendix a')
2292735857.txt,133,131,exact ('bibliography')
2292735862.txt,84,59,exact ('references')
2292735863.txt,137,50,exact ('references')
2292735865.txt,148,80,exact ('references')
2292735866.txt,213,211,exact ('references')
2292735867.txt,110,78,exact ('bibliography')
2292735878.txt,122,107,prefix-match ('appendix a')
2292735882.txt,86,78,exact ('reference list')
2292735886.txt,107,86,exact ('references')
2292735890.txt,80,74,exact ('references')
2292735893.txt,91,65,exact ('references')
2292735895.txt,171,102,exact ('appendix')
2292735898.txt,95,91,title-page ('appendix a')
2292735905.txt,59,55,prefix-match ('appendix a')
2292735917.txt,120,93,exact ('references')
2292735924.txt,59,45,exact ('references')
2292735939.txt,106,69,title-page ('appendices')
2292735940.txt,49,47,exact ('bibliography')
2292735945.txt,103,90,exact ('references')
2292735946.txt,94,87,title-page ('appendix a')
2292735947.txt,133,117,exact ('bibliography')
2292735948.txt,78,75,exact ('references')
2292735952.txt,90,73,exact ('bibliography')
2292735963.txt,64,63,exact ('bibliography')
2292735970.txt,103,93,prefix-match ('appendix a')
2292735971.txt,48,12,exact ('bibliography')
2292735974.txt,184,139,exact ('bibliography')
2292735977.txt,142,131,prefix-match ('appendix a')
2292735978.txt,131,108,title-page ('appendix')
2292735984.txt,71,67,exact ('bibliography')
2292735988.txt,156,139,exact ('references')
2292735989.txt,97,83,exact ('bibliography')
2292735998.txt,164,103,title-page ('appendices')
2292736007.txt,176,168,exact ('references')
2292736016.txt,117,106,exact ('bibliography')
2292736025.txt,78,68,exact ('works cited')
2292736055.txt,60,46,exact ('bibliography')
2292736083.txt,60,51,exact ('bibliography')
2292736104.txt,72,63,prefix-match ('appendix a')
2292736108.txt,127,127,
2292736109.txt,59,57,exact ('references')
2292736114.txt,167,142,exact ('bibliography')
2292736117.txt,101,80,exact ('works cited')
2292736119.txt,100,99,exact ('bibliography')
2292736120.txt,61,58,exact ('bibliography')
2292736131.txt,9,9,
2292736144.txt,155,133,prefix-match ('appendix a')
2292736145.txt,154,87,exact ('bibliography')
2292736163.txt,116,93,exact ('bibliography')
2292736164.txt,139,135,exact ('bibliography')
2292736165.txt,190,183,exact ('bibliography')
2292736166.txt,55,54,exact ('references')
2292736168.txt,150,100,exact ('bibliography')
2292736169.txt,96,77,prefix-match ('appendix a')
2292736170.txt,105,93,exact ('appendix')
2292736171.txt,108,103,exact ('appendix')
2292736172.txt,197,175,exact ('bibliography')
2292736173.txt,141,136,exact ('references')
2292736174.txt,113,109,exact ('references')
2292736176.txt,140,117,title-page ('appendix a')
2292736177.txt,110,54,exact ('references')
2292736180.txt,94,94,
2292736181.txt,115,98,exact ('references')
2292736182.txt,52,44,exact ('references')
2292736187.txt,85,81,exact ('bibliography')
2292736196.txt,73,63,exact ('references')
2292736205.txt,116,81,exact ('references')
2292736215.txt,79,75,prefix-match ('appendix 3: fluorescent polystyrene characterizati')
2292736223.txt,105,91,title-page ('appendices')
2292736224.txt,78,71,exact ('references')
2292736233.txt,155,121,exact ('references')
2292736236.txt,138,128,exact ('appendix')
2292736254.txt,102,87,exact ('bibliography')
2292736257.txt,118,89,prefix-match ('appendix a')
2292736261.txt,85,70,exact ('references')
2292736269.txt,216,121,exact ('references')
2292736275.txt,94,65,exact ('bibliography')
2292736276.txt,100,77,exact ('references')
2292736285.txt,139,117,prefix-match ('appendix a')
2292736292.txt,109,89,exact ('references')
2292736296.txt,76,69,exact ('bibliography')
2292736314.txt,82,77,exact ('bibliography')
2292736318.txt,81,71,prefix-match ('appendix a')
2292736344.txt,127,113,exact ('bibliography')
2292736347.txt,36,30,exact ('references')
2292736348.txt,92,75,exact ('bibliography')
2292736353.txt,102,100,exact ('bibliography')
2292736361.txt,78,65,prefix-match ('appendix a')
2292736368.txt,97,94,exact ('appendix')
2292736374.txt,67,61,exact ('appendix')
2292736395.txt,143,141,exact ('bibliography')
2292736398.txt,39,39,exact ('references')
2292736401.txt,90,79,exact ('bibliography')
2292736402.txt,201,155,title-page ('appendices')
2292736408.txt,91,91,
2292736410.txt,166,113,title-page ('appendices')
2292736413.txt,59,53,prefix-match ('appendix a')
2292736414.txt,57,53,exact ('references')
2292736421.txt,112,107,exact ('references')
2292736436.txt,142,119,exact ('bibliography')
2292736442.txt,92,63,title-page ('appendices')
2292736448.txt,113,88,exact ('bibliography')
2292736462.txt,138,107,exact ('bibliography')
2292736466.txt,65,61,prefix-match ('appendix a')
2292736467.txt,124,88,exact ('bibliography')
2292736469.txt,62,62,
2292736480.txt,104,95,exact ('bibliography')
2292736482.txt,85,77,prefix-match ('appendix a')
2292736486.txt,84,79,exact ('references')
2292736488.txt,63,53,title-page ('appendices')
2292736490.txt,384,188,exact ('references')
2292736496.txt,126,101,exact ('appendices')
2292736498.txt,88,61,prefix-match ('appendix a')
2292736501.txt,84,61,exact ('bibliography')
2292736505.txt,78,77,exact ('bibliography')
2292736506.txt,103,93,prefix-match ('appendix a')
2292736507.txt,106,28,prefix-match ('references:!')
2292736510.txt,105,91,prefix-match ('appendix a')
2292736513.txt,99,79,exact ('bibliography')
2292736519.txt,160,123,exact ('bibliography')
2292736522.txt,113,96,exact ('appendices')
2292736576.txt,52,52,prefix-match ('bilagsoversigt')
2292736599.txt,152,119,exact ('references')
2292736670.txt,59,57,exact ('references')
2292736691.txt,280,183,exact ('bibliography')
2292736701.txt,66,53,prefix-match ('appendix a')
2292736733.txt,89,89,exact ('bibliography')
2292736759.txt,76,63,prefix-match ('appendix a')
2292736761.txt,64,50,exact ('bibliography')
2292736767.txt,124,78,exact ('bibliography')
2292736768.txt,116,109,exact ('references')
2292736777.txt,139,117,exact ('references')
2292736783.txt,101,101,
2292736792.txt,191,169,exact ('references')
2292736793.txt,91,81,exact ('references')
2292736804.txt,95,93,exact ('bibliography')
2292736806.txt,130,115,exact ('references')
2292736807.txt,75,64,exact ('references')
2292736853.txt,103,85,prefix-match ('appendix a')
2292736874.txt,267,120,exact ('references')
2292736883.txt,113,97,prefix-match ('appendix a')
2292736888.txt,139,119,exact ('references')
2292736899.txt,69,63,exact ('references')
2292736900.txt,156,121,prefix-match ('appendix b')
2292736933.txt,56,31,exact ('bibliography')
2292736934.txt,94,69,exact ('references')
2292736937.txt,94,69,exact ('references')
2292736944.txt,59,57,exact ('bibliography')
2292736946.txt,112,59,prefix-match ('appendix a')
2292736947.txt,65,50,exact ('references')
2292736949.txt,92,84,exact ('appendix')
2292736951.txt,134,128,title-page ('references')
2292736955.txt,137,98,exact ('bibliography')
2292736956.txt,174,131,exact ('references')
2292736959.txt,272,85,prefix-match ('appendix a')
2292736967.txt,84,79,exact ('references')
2292736968.txt,307,241,prefix-match ('attachment of vertical panels')
2292736970.txt,180,116,exact ('bibliography')
2292736971.txt,134,95,exact ('references')
2292736995.txt,199,163,prefix-match ('appendix b')
2292736996.txt,36,32,exact ('references')
2292736999.txt,80,66,exact ('references')
2292737000.txt,221,143,exact ('bibliography')
2292737004.txt,168,99,exact ('references')
2292737006.txt,130,124,exact ('references')
2292737007.txt,133,99,exact ('bibliography')
2292737009.txt,143,102,exact ('bibliography')
2292737010.txt,171,167,prefix-match ('appendix g')
2292737011.txt,115,99,prefix-match ('appendix a')
2292737015.txt,203,162,exact ('bibliography')
2292737016.txt,164,137,exact ('bibliography')
2292737034.txt,200,97,exact ('appendix')
2292737041.txt,130,79,exact ('bibliography')
2292737043.txt,78,65,prefix-match ('appendix a')
2292737047.txt,58,54,exact ('bibliography')
2292737073.txt,93,70,exact ('references')
2292737075.txt,97,58,prefix-match ('appendix a')
2292737077.txt,77,55,exact ('bibliography')
2292737078.txt,76,62,prefix-match ('appendix a')
2292737080.txt,80,63,title-page ('appendices')
2292737082.txt,79,45,exact ('appendix')
2292737086.txt,158,141,prefix-match ('appendix a')
2292737089.txt,70,65,exact ('bibliography')
2292737090.txt,80,76,exact ('bibliography')
2292737094.txt,97,93,exact ('references')
2292737100.txt,133,106,exact ('bibliography')
2292737102.txt,126,68,prefix-match ('appendix a. matlab scripts')
2292737104.txt,142,109,exact ('bibliography')
2292737105.txt,315,226,exact ('bibliography')
2292737107.txt,78,63,exact ('references')
2292737113.txt,66,62,exact ('bibliography')
2292737115.txt,80,71,exact ('references')
2292737117.txt,124,121,exact ('bibliography')
2292737120.txt,120,83,exact ('references')
2292737121.txt,104,38,prefix-match ('appendix outline')
2292737123.txt,90,73,exact ('bibliography')
2292737125.txt,78,72,exact ('references')
2292737131.txt,77,75,exact ('references')
2292737140.txt,124,74,exact ('references')
2292737149.txt,74,67,exact ('references')
2292737152.txt,120,105,exact ('bibliography')
2292737153.txt,63,44,exact ('references')
2292737157.txt,75,69,exact ('references')
2292737165.txt,78,51,exact ('references')
2292737167.txt,157,83,exact ('bibliography')
2292737170.txt,17,15,title-page ('bibliography')
2292737171.txt,72,65,exact ('bibliography')
2292737174.txt,153,150,exact ('bibliography')
2292737175.txt,263,89,exact ('appendix')
2292737177.txt,64,51,prefix-match ('appendix a')
2292737180.txt,118,76,exact ('references')
2292737181.txt,103,91,exact ('references')
2292737182.txt,131,114,prefix-match ('appendix a. airfoil data')
2292737185.txt,85,58,exact ('references')
2292737186.txt,42,38,exact ('references')
2292737187.txt,54,43,exact ('bibliography')
2292737189.txt,239,149,exact ('references')
2292737190.txt,81,65,exact ('references')
2292737192.txt,182,109,exact ('bibliography')
2292737194.txt,108,81,exact ('bibliography')
2292737197.txt,71,68,exact ('bibliography')
2292737198.txt,42,38,exact ('references')
2292737202.txt,59,53,exact ('bibliography')
2292737206.txt,67,64,exact ('references')
2292737207.txt,186,183,exact ('bibliography')
2292737211.txt,50,29,exact ('references')
2292737212.txt,83,63,title-page ('appendices')
2292737214.txt,64,59,exact ('bibliography')
2292737215.txt,164,131,exact ('references')
2292737224.txt,63,57,exact ('references')
2292737225.txt,139,113,title-page ('appendix a')
2292737229.txt,90,66,title-page ('bilag 1')
2292737230.txt,139,123,title-page ('appendices')
2292737236.txt,89,77,exact ('bibliography')
2292737238.txt,83,71,exact ('references')
2292737241.txt,72,57,title-page ('appendices')
2292737244.txt,80,43,exact ('bibliography')
2292737245.txt,118,71,prefix-match ('appendix g : electrocompetent s. aureus cells 2')
2292737249.txt,50,49,exact ('references')
2292737256.txt,146,137,exact ('references')
2292737262.txt,90,85,prefix-match ('appendix a')
2292737264.txt,97,76,exact ('bibliography')
2292737265.txt,246,181,exact ('references')
2292737273.txt,62,42,exact ('references')
2292737275.txt,89,75,prefix-match ('appendix a')
2292737276.txt,170,123,prefix-match ('appendix a')
2292737277.txt,84,72,title-page ('appendix a')
2292737279.txt,125,94,prefix-match ('appendix a')
2292737283.txt,144,115,exact ('references')
2292737291.txt,83,40,exact ('references')
2292737294.txt,170,161,title-page ('bibliography')
2292737304.txt,103,77,prefix-match ('appendix a')
2292737322.txt,120,66,exact ('bibliography')
2292737323.txt,91,67,exact ('references')
2292737325.txt,74,67,exact ('references')
2292737330.txt,72,59,exact ('bibliography')
2292737336.txt,89,89,exact ('references')
2292737347.txt,83,68,exact ('references')
2292737352.txt,59,57,exact ('bibliography')
2292737358.txt,106,102,exact ('references')
2292737361.txt,122,86,exact ('referencer')
2292737364.txt,217,217,
2292737365.txt,43,40,prefix-match ('references!')
2292737366.txt,89,65,exact ('references')
2292737369.txt,59,50,exact ('bibliography')
2292737370.txt,180,100,exact ('appendix')
2292737371.txt,155,94,exact ('references')
2292737372.txt,135,64,exact ('bibliography')
2292737373.txt,158,131,exact ('references')
2292737374.txt,301,127,prefix-match ('appendix a')
2292737375.txt,173,81,exact ('list of references')
2292737378.txt,101,91,prefix-match ('appendix a')
2292737381.txt,66,58,exact ('references')
2292737383.txt,82,75,exact ('bibliography')
2292737386.txt,183,83,exact ('bibliography')
2292737388.txt,159,119,exact ('bibliography')
2292737391.txt,71,60,exact ('bibliography')
2292737394.txt,85,83,exact ('bibliography')
2292737410.txt,112,97,exact ('references')
2292737418.txt,140,97,exact ('bibliography')
2292737423.txt,70,59,exact ('bibliography')
2292737424.txt,178,159,exact ('bibliography')
2292737427.txt,193,163,exact ('references')
2292737430.txt,130,82,exact ('references')
2292737435.txt,130,121,exact ('bibliography')
2292737436.txt,23,23,
2292737437.txt,94,93,exact ('bibliography')
2292737438.txt,172,144,prefix-match ('appendix b - indicator score for ten best-found so')
2292737441.txt,60,52,prefix-match ('appendix a. appendix')
2292737442.txt,248,104,exact ('references')
2292737444.txt,165,129,exact ('bibliografi')
2292737461.txt,58,51,prefix-match ('appendix a')
2292737476.txt,66,49,exact ('bibliography')
2292737477.txt,91,88,exact ('bibliography')
2292737478.txt,74,61,prefix-match ('appendix a- catenary equations')
2292737483.txt,27,27,exact ('bibliography')
2292737485.txt,76,54,exact ('references')
2292737486.txt,144,111,exact ('bibliography')
2292737492.txt,98,73,exact ('bibliography')
2292737496.txt,129,104,prefix-match ('appendix a')
2292737497.txt,100,78,title-page ('bibliography')
2292737499.txt,176,95,exact ('bibliography')
2292737503.txt,112,101,exact ('bibliography')
2292737504.txt,85,72,exact ('references')
2292737506.txt,70,61,prefix-match ('appendix a')
2292737507.txt,80,69,exact ('bibliography')
2292737510.txt,108,101,prefix-match ('appendix a')
2292737511.txt,93,58,exact ('reference list')
2292737512.txt,87,87,
2292737515.txt,143,131,exact ('bibliography')
2292737516.txt,119,87,title-page ('appendix')
2292737517.txt,168,145,exact ('references')
2292737518.txt,102,78,exact ('list of references')
2292737523.txt,82,74,title-page ('bibliography')
2292737525.txt,136,93,title-page ('appendix a')
2292737527.txt,61,48,exact ('references')
2292737529.txt,124,55,exact ('bibliography')
2292737533.txt,199,143,prefix-match ('appendix a')
2292737537.txt,116,116,
2292737539.txt,105,78,exact ('references')
2292737540.txt,20,20,
2292737546.txt,52,45,title-page ('appendix b (local branching model)')
2292737551.txt,76,66,prefix-match ('appendix a')
2292737552.txt,88,75,prefix-match ('appendix a')
2292737556.txt,80,79,exact ('bibliography')
2292737562.txt,228,228,
2292737571.txt,76,73,exact ('bibliography')
2292737573.txt,103,88,prefix-match ('appendix a')
2292737577.txt,116,77,prefix-match ('appendix for theoretical concepts')
2292737580.txt,96,91,exact ('bibliography')
2292737582.txt,176,112,exact ('bibliography')
2292737583.txt,240,167,prefix-match ('appendix a')
2292737596.txt,112,66,exact ('references')
2292737604.txt,88,70,exact ('references')
2292737609.txt,113,87,exact ('bibliography')
2292737630.txt,124,95,exact ('bibliography')
2292737658.txt,74,69,exact ('references')
2292737667.txt,115,85,exact ('list of figures')
2292737671.txt,169,88,exact ('references')
2292737694.txt,147,97,title-page ('appendix a')
2292737695.txt,129,91,exact ('list of references')
2292737740.txt,67,63,exact ('bibliography')
2292737741.txt,82,78,exact ('bibliography')
2292737745.txt,92,85,prefix-match ('appendix a')
2292737747.txt,137,125,exact ('bibliography')
2292737775.txt,134,83,exact ('references')
2292737780.txt,69,60,exact ('references')
2292737782.txt,88,65,exact ('references')
2292737788.txt,171,104,exact ('bibliography')
2292737853.txt,110,55,prefix-match ('appendix a')
2292737900.txt,122,101,exact ('bibliography')
2292737918.txt,160,135,title-page ('appendices')
2292738452.txt,441,107,exact ('references')
2305633340.txt,99,77,exact ('bibliography')
2305633341.txt,88,72,exact ('bibliography')
2305633343.txt,93,85,exact ('references')
2305633344.txt,100,71,exact ('bibliography')
2305633345.txt,80,75,exact ('bibliography')
2305633350.txt,93,81,exact ('bibliografi')
2305633352.txt,73,42,exact ('references')
2305633355.txt,97,74,exact ('appendix')
2305633356.txt,95,77,exact ('references')
2305633359.txt,210,129,exact ('bibliography')
2305633362.txt,146,98,exact ('bibliography')
2305633364.txt,130,95,exact ('references')
2305633365.txt,105,80,exact ('bibliography')
2305633368.txt,119,93,exact ('bibliography')
2305633369.txt,82,75,prefix-match ('appendix a')
2305633370.txt,224,103,prefix-match ('appendixes')
2305633373.txt,53,50,exact ('bibliography')
2305633374.txt,84,73,prefix-match ('appendix a')
2305633375.txt,101,86,exact ('bibliography')
2305633376.txt,89,86,exact ('references')
2305633377.txt,69,66,exact ('bibliography')
2305633379.txt,79,55,exact ('references')
2305633383.txt,88,81,prefix-match ('appendix a')
2305633385.txt,160,131,title-page ('appendices')
2305633386.txt,163,117,exact ('referencer')
2305633387.txt,72,57,exact ('bibliography')
2305633388.txt,105,102,exact ('appendices')
2305633389.txt,95,73,exact ('bibliography')
2305633391.txt,67,43,prefix-match ('appendix a')
2305633392.txt,190,135,exact ('bibliography')
2305633396.txt,46,37,exact ('references')
2305633398.txt,80,63,prefix-match ('appendix a')
2305633399.txt,211,130,exact ('appendix')
2305633400.txt,73,61,exact ('appendices')
2305633401.txt,81,66,exact ('references')
2305633402.txt,82,56,exact ('references')
2305633405.txt,288,79,exact ('bibliography')
2305633406.txt,255,122,exact ('bibliography')
2305633409.txt,184,184,
2305633410.txt,54,53,exact ('bibliography')
2305633411.txt,157,123,prefix-match ('appendix a')
2305633414.txt,96,83,prefix-match ('appendix a')
2305633415.txt,145,90,exact ('bibliography')
2305633416.txt,216,147,exact ('bibliography')
2305633417.txt,140,123,exact ('references')
2305633418.txt,143,63,exact ('appendices')
2305633422.txt,123,90,exact ('references')
2305633424.txt,66,53,prefix-match ('appendix a')
2305633427.txt,51,47,exact ('references')
2305633430.txt,92,83,prefix-match ('appendix a')
2305633432.txt,93,84,exact ('bibliography')
2305633433.txt,54,52,exact ('bibliography')
2305633434.txt,173,139,exact ('references')
2305633435.txt,103,76,title-page ('appendices')
2305633437.txt,181,63,exact ('bibliography')
2305633438.txt,115,93,exact ('bibliography')
2305633440.txt,44,43,exact ('references')
2305633441.txt,84,76,exact ('references')
2305633442.txt,90,85,exact ('bibliography')
2305633446.txt,162,89,prefix-match ('appendix 1.    spectral library')
2305633447.txt,183,133,title-page ('appendices')
2305633448.txt,66,53,exact ('references')
2305633449.txt,265,209,prefix-match ('appendix a: interviews')
2305633450.txt,167,44,exact ('references')
2305633453.txt,107,98,exact ('references')
2305633454.txt,104,91,title-page ('appendix a')
2305633455.txt,102,86,exact ('bibliography')
2305633456.txt,114,105,exact ('references')
2305633457.txt,68,63,exact ('bibliography')
2305633458.txt,65,63,exact ('bibliography')
2305633461.txt,82,66,exact ('references')
2305633464.txt,54,54,exact ('references')
2305633465.txt,55,48,exact ('references')
2305633466.txt,100,95,exact ('references')
2305633467.txt,61,61,
2305633468.txt,62,58,exact ('bibliografi')
2305633470.txt,98,91,exact ('references')
2305633472.txt,255,163,prefix-match ('appendix a')
2305633474.txt,148,146,exact ('bibliography')
2305633475.txt,78,57,exact ('references')
2305633476.txt,78,62,prefix-match ('appendixes')
2305633480.txt,176,143,exact ('bibliography')
2305633481.txt,53,51,exact ('references')
2305633483.txt,165,129,exact ('references')
2305633484.txt,114,87,exact ('bibliography')
2305633485.txt,117,93,prefix-match ('appendix a')
2305633486.txt,98,71,title-page ('appendices')
2305633488.txt,85,78,prefix-match ('appendix a')
2305633490.txt,73,66,exact ('references')
2305633491.txt,136,95,exact ('bibliography')
2305633496.txt,119,109,title-page ('appendix a')
2305633499.txt,106,91,exact ('bibliography')
2305633500.txt,105,77,exact ('bibliography')
2305633501.txt,74,54,exact ('bibliography')
2305633502.txt,128,58,exact ('reference list')
2305633503.txt,72,72,
2305633504.txt,184,155,prefix-match ('appendix a')
2305633508.txt,94,87,title-page ('appendices')
2305633509.txt,146,63,exact ('bibliography')
2305633512.txt,99,78,exact ('bibliography')
2305633513.txt,97,87,title-page ('appendices')
2305633517.txt,97,70,exact ('bibliography')
2305633518.txt,166,103,exact ('bibliography')
2305633520.txt,154,93,exact ('references')
2305633523.txt,111,85,title-page ('appendices')
2305633524.txt,109,87,exact ('references')
2305633526.txt,155,121,exact ('appendices')
2305633529.txt,76,69,exact ('references')
2305633531.txt,98,94,exact ('appendix')
2305633533.txt,76,67,exact ('bibliography')
2305633539.txt,71,60,exact ('references')
2305633541.txt,71,68,prefix-match ('litterature')
2305633553.txt,98,87,title-page ('appendices')
2305633555.txt,152,90,exact ('references')
2305633556.txt,101,98,exact ('bibliography')
2305633557.txt,80,62,exact ('references')
2305633561.txt,81,81,
2305633562.txt,108,89,title-page ('appendix a')
2305633567.txt,92,85,exact ('bibliography')
2305633568.txt,61,53,exact ('appendix')
2305633575.txt,75,67,exact ('bibliography')
2305856888.txt,78,45,exact ('bibliography')
2305856906.txt,68,67,exact ('bibliography')
2305907512.txt,76,71,exact ('litteraturliste')
2305977990.txt,34,33,exact ('litteraturliste')
2306064001.txt,127,85,exact ('bibliography')
2306172094.txt,163,71,exact ('references')
2306206265.txt,67,65,exact ('bibliography')
2306206385.txt,145,95,exact ('references')
2306312205.txt,98,89,title-page ('appendix')
2306312237.txt,106,79,exact ('bibliography')
2306312252.txt,87,83,exact ('references')
2306312294.txt,114,94,exact ('references')
2306312358.txt,96,71,exact ('references')
2306312377.txt,119,61,exact ('references')
2306312441.txt,81,59,exact ('bibliography')
2306312484.txt,134,109,exact ('bibliography')
2306312560.txt,61,51,exact ('references')
2306312696.txt,71,49,title-page ('appendix')
2306320242.txt,151,77,prefix-match ('appendix a')
2306320249.txt,64,59,title-page ('appendices')
2306320270.txt,92,61,title-page ('appendix a')
2306320298.txt,72,68,exact ('bibliography')
2306320340.txt,168,105,exact ('references')
2306320346.txt,122,109,prefix-match ('appendix a')
2306320395.txt,277,79,exact ('references')
2306320405.txt,131,64,exact ('bibliography')
2306320412.txt,137,108,exact ('list of references')
2306320418.txt,101,101,
2306320434.txt,168,158,exact ('appendices')
2306320453.txt,109,82,exact ('bibliography')
2306320465.txt,100,84,exact ('references')
2306320477.txt,124,79,title-page ('appendices')
2306320504.txt,65,63,exact ('bibliography')
2306320509.txt,15,14,exact ('references')
2306320527.txt,79,69,exact ('references')
2306320546.txt,93,60,exact ('reference list')
2306320557.txt,86,77,prefix-match ('appendix 1')
2306320585.txt,133,114,exact ('bibliography')
2306320601.txt,137,123,prefix-match ('appendix a')
2306320607.txt,62,61,exact ('bibliography')
2306377249.txt,61,59,exact ('references')
2306427591.txt,208,117,exact ('references')
2306463891.txt,40,34,exact ('references')
2306463892.txt,129,103,exact ('bibliography')
2306489868.txt,132,105,title-page ('appendix')
2306489921.txt,197,129,exact ('references')
2306510070.txt,77,69,title-page ('appendices')
2306510110.txt,133,82,prefix-match ('appendix a')
2306510120.txt,93,55,exact ('references')
2306510174.txt,119,111,exact ('references')
2306526603.txt,79,72,exact ('references')
2306563426.txt,103,80,prefix-match ('appendixa')
2306563641.txt,39,36,exact ('bibliography')
2306586882.txt,109,92,exact ('appendix')
2306586886.txt,74,43,exact ('references')
2306586991.txt,92,71,prefix-match ('appendix a')
2306586992.txt,134,94,prefix-match ('appendix a')
2306616341.txt,99,75,exact ('bibliography')
2306616358.txt,134,125,exact ('bibliography')
2306667932.txt,129,97,exact ('bibliography')
2306667979.txt,119,98,exact ('references')
2306667994.txt,74,38,title-page ('appendix a. buffer ﬁles')
2306668002.txt,71,67,prefix-match ('appendix a')
2306668005.txt,80,53,exact ('references')
2306668010.txt,86,79,prefix-match ('appendix a')
2306688405.txt,199,117,exact ('bibliography')
2306688417.txt,75,71,exact ('appendix')
2306688444.txt,92,83,title-page ('appendices')
2306688493.txt,46,46,
2306718655.txt,90,89,title-page ('appendix a')
2306769316.txt,108,76,exact ('references')
2306769375.txt,110,108,exact ('bibliography')
2306769377.txt,114,80,exact ('references')
2306769511.txt,58,53,title-page ('appendices')
2306781144.txt,99,97,exact ('bibliography')
2306781180.txt,103,91,prefix-match ('appendix a')
2306781252.txt,206,204,title-page ('bibliography')
2306781264.txt,87,73,exact ('bibliography')
2306781284.txt,153,139,exact ('references')
2306781304.txt,125,108,title-page ('appendix a')
2306781374.txt,130,80,exact ('references')
2306781410.txt,140,85,prefix-match ('appendix a')
2306781411.txt,276,113,exact ('bibliography')
2306781413.txt,105,83,exact ('bibliography')
2306781414.txt,96,87,exact ('references')
2306781417.txt,108,107,exact ('references')
2306781418.txt,90,81,title-page ('appendices')
2306781420.txt,101,101,
2306781426.txt,57,54,exact ('bibliography')
2306781427.txt,95,94,exact ('bibliography')
2306781428.txt,87,61,exact ('bibliography')
2306781430.txt,65,64,exact ('bibliography')
2306781433.txt,78,57,exact ('bibliography')
2306781435.txt,86,69,prefix-match ('appendix a')
2306781439.txt,128,105,exact ('bibliography')
2306781443.txt,132,103,exact ('bibliography')
2306781449.txt,154,104,exact ('bibliography')
2306781484.txt,150,105,prefix-match ('appendix a')
2306781494.txt,56,52,exact ('references')
2306781498.txt,126,115,exact ('bibliography')
2306781499.txt,65,65,prefix-match ('appendix e – supplementary tables')
2306781500.txt,99,37,exact ('references')
2306781506.txt,190,90,exact ('references')
2306781510.txt,70,59,exact ('references')
2306781554.txt,95,81,exact ('bibliography')
2306781586.txt,50,44,exact ('bibliography')
2306781598.txt,206,112,exact ('references')
2306781611.txt,77,72,exact ('references')
2306781676.txt,170,170,
2306781686.txt,115,103,exact ('references')
2306781713.txt,124,114,title-page ('references')
2306781731.txt,51,45,exact ('bibliography')
2306781814.txt,38,31,exact ('references')
2306781824.txt,88,73,exact ('references')
2306781915.txt,169,139,prefix-match ('appendix i')
2306781951.txt,120,80,title-page ('appendices')
2306782012.txt,119,102,title-page ('appendix a')
2306782069.txt,179,170,exact ('references')
2306782095.txt,75,62,exact ('bibliography')
2306782103.txt,77,65,exact ('references')
2306782164.txt,92,79,prefix-match ('appendix a')
2306782186.txt,74,67,prefix-match ('appendix a')
2306782242.txt,138,75,exact ('references')
2306782514.txt,207,44,exact ('references')
2306782522.txt,93,79,prefix-match ('appendix a')
2306782593.txt,210,153,prefix-match ('appendix a')
2306782604.txt,51,49,exact ('bibliography')
2306782767.txt,84,81,exact ('bibliography')
2306789078.txt,58,54,exact ('references')
2306789164.txt,97,92,title-page ('appendix 1')
2306789264.txt,107,71,exact ('references')
2306789378.txt,48,41,prefix-match ('appendix a')
2306789434.txt,116,113,exact ('bibliography')
2306789548.txt,90,59,exact ('bibliography')
2306789890.txt,98,73,exact ('bibliography')
2306791092.txt,80,69,title-page ('appendices')
2306791143.txt,180,97,exact ('bibliography')
2306791145.txt,124,116,exact ('bibliography')
2306791146.txt,85,63,exact ('bibliography')
2306791148.txt,110,96,exact ('bibliography')
2306791580.txt,120,103,exact ('references')
2306791582.txt,93,31,exact ('references')
2306791584.txt,142,101,exact ('references')
2306791585.txt,270,41,prefix-match ('appendix a16 - acrylic paint')
2306791623.txt,137,51,exact ('bibliography')
2306791637.txt,132,107,title-page ('appendices')
2306791638.txt,89,86,prefix-match ('appendix b. mathematical parameters')
2306791639.txt,96,87,prefix-match ('appendix a')
2306791646.txt,29,21,exact ('references')
2306791651.txt,123,99,exact ('bibliography')
2306791656.txt,110,101,exact ('references')
2306791657.txt,100,86,exact ('bibliography')
2306791665.txt,88,79,exact ('references')
2306791667.txt,122,99,exact ('references')
2306791690.txt,99,86,exact ('references')
2306791695.txt,66,53,prefix-match ('appendix a')
2306791698.txt,111,83,exact ('bibliography')
2306791701.txt,161,147,title-page ('appendix a')
2306791703.txt,129,121,exact ('references')
2306791704.txt,76,59,prefix-match ('appendix a')
2306791705.txt,86,73,prefix-match ('appendixa')
2306791706.txt,96,67,exact ('bibliography')
2306791707.txt,165,73,exact ('bibliography')
2306791708.txt,63,63,exact ('references')
2306791709.txt,122,117,prefix-match ('appendixes')
2306791710.txt,125,91,prefix-match ('appendix 1_parameter lists')
2306791713.txt,98,77,exact ('references')
2306791716.txt,118,97,exact ('references')
2306791718.txt,76,73,title-page ('appendix a')
2306791719.txt,140,127,exact ('bibliography')
2306791720.txt,48,45,prefix-match ('appendix a')
2306791722.txt,1,1,
2306791724.txt,119,58,exact ('references')
2306791725.txt,89,54,exact ('appendix')
2306791727.txt,94,93,exact ('references')
2306791728.txt,129,119,title-page ('appendix a')
2306791729.txt,145,109,exact ('bibliography')
2306791730.txt,43,43,exact ('references')
2306791731.txt,65,55,exact ('bibliography')
2306791733.txt,60,55,exact ('bibliography')
2306791734.txt,158,85,title-page ('appendix a')
2306791735.txt,97,77,exact ('bibliography')
2306791738.txt,102,73,exact ('bibliography')
2306791739.txt,129,107,prefix-match ('appendix a')
2306791740.txt,102,77,title-page ('appendices')
2306791742.txt,73,64,exact ('references')
2306791743.txt,122,89,exact ('references')
2306791745.txt,76,68,exact ('bibliography')
2306791746.txt,51,47,exact ('list of references')
2306791748.txt,158,154,exact ('references')
2306791749.txt,71,61,exact ('bibliography')
2306791750.txt,139,113,exact ('references')
2306791751.txt,65,54,exact ('bibliography')
2306791752.txt,60,44,exact ('references')
2306791754.txt,71,62,exact ('bibliography')
2306791755.txt,64,58,exact ('references')
2306791758.txt,78,67,title-page ('appendices')
2306791759.txt,112,98,exact ('bibliography')
2306791761.txt,114,103,prefix-match ('appendix f')
2306791764.txt,125,104,title-page ('appendices')
2306791765.txt,58,39,exact ('bibliography')
2306791770.txt,129,115,exact ('bibliography')
2306791772.txt,171,157,exact ('bibliography')
2306791775.txt,91,71,prefix-match ('appendix a')
2306791777.txt,117,112,exact ('references')
2306822969.txt,94,85,exact ('references')
2306823451.txt,152,111,exact ('bibliography')
2306823625.txt,69,56,exact ('references')
2306823633.txt,143,93,title-page ('appendices')
2306823670.txt,176,137,exact ('bibliography')
2306852052.txt,106,93,title-page ('appendices')
2306852099.txt,57,45,exact ('bibliography')
2306852168.txt,210,131,exact ('bibliography')
2306906883.txt,120,107,exact ('bibliography')
2306906992.txt,122,87,prefix-match ('appendix a')
2306907266.txt,157,93,exact ('bibliography')
2306907396.txt,117,69,exact ('references')
2306921160.txt,135,77,exact ('list of references')
2306921167.txt,142,93,exact ('references')
2306921174.txt,135,89,exact ('references')
2306921193.txt,126,107,exact ('references')
2306921283.txt,218,159,exact ('bibliography')
2306921288.txt,89,74,exact ('references')
2306921402.txt,89,65,exact ('references')
2306921439.txt,82,59,exact ('bibliography')
2306921454.txt,125,91,exact ('bibliography')
2306921460.txt,70,67,exact ('references')
2306921462.txt,135,101,prefix-match ('appendix/notes')
2306921469.txt,128,113,exact ('bibliography')
2306921482.txt,91,75,prefix-match ('appendix a')
2306943772.txt,90,81,title-page ('appendix a')
2306943774.txt,61,44,exact ('references')
2306943776.txt,73,69,exact ('references')
2306943782.txt,146,105,exact ('references')
2306945720.txt,115,107,title-page ('references')
2306945831.txt,230,105,exact ('list of figures')
2306945862.txt,71,57,exact ('list of references')
2306945986.txt,84,83,exact ('bibliography')
2306946035.txt,85,71,title-page ('appendix a')
2306946046.txt,55,41,exact ('references')
2306946073.txt,79,71,prefix-match ('appendix a')
2306946151.txt,102,73,title-page ('appendices')
2306946190.txt,88,85,prefix-match ('appendix a')
2306946222.txt,121,104,exact ('bibliography')
2306946235.txt,108,79,exact ('bibliography')
2306958706.txt,78,59,exact ('bibliography')
2306958725.txt,186,149,title-page ('appendix a')
2306958881.txt,105,103,exact ('bibliography')
2307019609.txt,72,51,exact ('bibliography')
2307019634.txt,116,94,exact ('bibliography')
2307019679.txt,149,85,exact ('bibliography')
2307019703.txt,176,113,prefix-match ('litterature')
2307019744.txt,114,99,exact ('list of figures')
2307019782.txt,118,111,prefix-match ('references      97')
2307019862.txt,120,86,title-page ('bibliography')
2307019997.txt,198,131,prefix-match ('appendix d. rollco - ball screws')
2307019999.txt,172,117,exact ('bibliography')
2307020020.txt,112,89,exact ('references')
2307020038.txt,64,54,exact ('references')
2307020137.txt,112,97,exact ('bibliography')
2307020146.txt,121,99,exact ('bibliography')
2307020155.txt,118,78,exact ('bibliography')
2307020160.txt,201,201,
2307020165.txt,78,73,exact ('bibliography')
2307020168.txt,93,67,exact ('references')
2307020170.txt,98,84,title-page ('appendix a – survey chart')
2307020172.txt,120,91,prefix-match ('appendix a')
2307020180.txt,76,66,exact ('bibliography')
2307020181.txt,178,149,prefix-match ('appendixa')
2307020183.txt,155,111,exact ('bibliografi')
2307020196.txt,165,82,exact ('references')
2307020211.txt,159,111,exact ('references')
2307020646.txt,84,80,exact ('references')
2307020648.txt,68,61,exact ('bibliography')
2307020649.txt,103,103,
2307020651.txt,100,95,exact ('bibliography')
2307050642.txt,69,67,exact ('references')
2307050721.txt,67,62,exact ('bibliography')
2307050745.txt,128,116,title-page ('appendix a')
2307050749.txt,182,145,exact ('bibliography')
2307050805.txt,192,143,exact ('bibliography')
2307050827.txt,68,67,exact ('references')
2307050829.txt,89,72,exact ('bibliography')
2307050831.txt,40,39,exact ('references')
2307050885.txt,82,73,prefix-match ('appendix a')
2307050903.txt,183,149,prefix-match ('appendix b.1 – characteristic parameters ranges')
2307050915.txt,54,52,exact ('references')
2307050952.txt,80,61,exact ('references')
2307050975.txt,90,71,exact ('appendix')
2307051004.txt,145,99,exact ('bibliography')
2307051201.txt,248,187,exact ('references')
2307051252.txt,139,73,exact ('bibliography')
2307051283.txt,98,85,exact ('references')
2307051291.txt,105,95,prefix-match ('appendix a')
2307077450.txt,123,104,prefix-match ('appendix f - calibration of fluorometer for differ')
2307102005.txt,125,83,exact ('bibliography')
2307102139.txt,80,74,prefix-match ('bibliography[1]')
2307114857.txt,92,52,exact ('references')
2307114865.txt,138,73,prefix-match ('appendix a')
2307114880.txt,74,72,exact ('references')
2307114883.txt,109,67,prefix-match ('appendix a')
2307137910.txt,87,71,exact ('references')
2307137912.txt,72,42,exact ('references')
2307137921.txt,30,26,prefix-match ('appendix a')
2307137922.txt,78,73,exact ('references')
2307357263.txt,154,96,exact ('bibliography')
2307357269.txt,56,50,exact ('references')
2307357275.txt,147,106,exact ('references')
2307357286.txt,87,75,exact ('references')
2307357323.txt,153,136,exact ('references')
2313645315.txt,83,78,exact ('references')
2313645385.txt,96,90,exact ('bibliography')
2313645415.txt,123,68,exact ('references')
2313645558.txt,90,83,prefix-match ('appendix a')
2313645567.txt,84,79,exact ('bibliography')
2313645571.txt,62,52,exact ('bibliography')
2313645592.txt,90,75,prefix-match ('appendix a')
2313645623.txt,108,53,title-page ('appendix a')
2313645673.txt,160,81,exact ('bibliography')
2313645675.txt,54,46,exact ('works cited')
2313645679.txt,148,137,exact ('bibliography')
2313645701.txt,150,133,exact ('bibliography')
2313645712.txt,97,82,prefix-match ('appendix a')
2319752059.txt,123,75,exact ('references')
2319752117.txt,100,76,title-page ('references')
2319826613.txt,137,92,exact ('bibliography')
2319826622.txt,68,60,exact ('references')
2319826628.txt,121,121,exact ('appendices')
2319852020.txt,250,85,exact ('references')
2319852090.txt,100,81,prefix-match ('appendix a')
2319852092.txt,87,71,exact ('references')
2319852117.txt,62,53,exact ('references')
2319852126.txt,113,99,exact ('bibliography')
2319852129.txt,109,88,exact ('appendix')
2319852136.txt,68,66,exact ('bibliography')
2321126971.txt,150,99,exact ('references')
2321126997.txt,98,89,prefix-match ('appendix a')
2321127598.txt,192,96,exact ('bibliography')
2321127642.txt,63,51,exact ('bibliography')
2321127711.txt,176,119,prefix-match ('appendix a')
2321127715.txt,91,72,exact ('appendix')
2321127731.txt,114,69,exact ('bibliography')
2321128314.txt,182,90,exact ('bibliography')
2321128316.txt,62,57,exact ('references')
2328003923.txt,86,76,exact ('appendices')
2328003947.txt,98,96,exact ('bibliography')
2328003953.txt,122,111,prefix-match ('appendix a')
2328004140.txt,127,87,exact ('references')
2328004322.txt,83,82,exact ('references')
2328004352.txt,107,47,exact ('references')
2328004429.txt,65,59,exact ('appendix')
2328004454.txt,83,83,exact ('references')
2328004485.txt,102,59,title-page ('appendix a')
2328004663.txt,123,74,exact ('litteratur')
2328004863.txt,46,7,exact ('list of figures')
2328005080.txt,164,131,title-page ('references')
2328005116.txt,79,69,exact ('bibliography')
2328005525.txt,190,107,exact ('bibliography')
2328005546.txt,39,32,exact ('references')
2328005642.txt,267,267,
2328005823.txt,83,64,exact ('bibliography')
2328005847.txt,128,123,exact ('bibliography')
2334961973.txt,218,105,exact ('bibliography')
2341486488.txt,120,72,exact ('bibliography')
2341486519.txt,97,69,exact ('bibliography')
2341518495.txt,100,98,exact ('bibliography')
2341518534.txt,77,75,exact ('bibliography')
2341622219.txt,98,96,title-page ('bibliography')
2341622733.txt,111,98,exact ('appendix')
2341715947.txt,144,95,prefix-match ('appendix a')
2341715970.txt,107,61,exact ('references')
2341802853.txt,66,64,exact ('references')
2341802956.txt,108,103,title-page ('appendices')
2341803057.txt,89,65,title-page ('appendices')
2341803067.txt,78,75,exact ('bibliography')
2341880474.txt,193,105,exact ('bibliography')
2341981693.txt,209,129,exact ('bibliography')
2341981694.txt,123,87,exact ('bibliography')
2341981695.txt,143,135,prefix-match ('appendix a')
2341981696.txt,94,76,prefix-match ('appendix a')
2341981697.txt,121,97,title-page ('appendix a')
2341981699.txt,90,79,exact ('bibliography')
2341981708.txt,196,189,title-page ('references')
2341981714.txt,101,74,prefix-match ('appendix a')
2342057099.txt,134,91,title-page ('bilag')
2342057106.txt,84,72,exact ('appendix')
2342057112.txt,174,105,exact ('bibliography')
2342057116.txt,94,87,exact ('references')
2342057119.txt,95,93,prefix-match ('appendix a')
2342057142.txt,84,73,prefix-match ('appendix b. matlab - relative velocity vs density ')
2342057150.txt,81,65,exact ('references')
2342057153.txt,107,91,exact ('appendix')
2342057157.txt,94,85,exact ('bibliography')
2342057163.txt,85,81,exact ('bibliography')
2342057175.txt,157,118,prefix-match ('appendix a')
2342057182.txt,57,47,prefix-match ('appendix a')
2342057195.txt,101,96,exact ('references')
2342057199.txt,52,49,exact ('bibliography')
2342057210.txt,96,67,exact ('bibliography')
2342057215.txt,82,71,title-page ('appendices')
2342057367.txt,106,99,exact ('bibliography')
2342140435.txt,146,124,exact ('appendix')
2342140699.txt,85,77,exact ('appendix')
2342304560.txt,91,89,exact ('references')
2342304561.txt,103,83,exact ('references')
2342304564.txt,41,41,exact ('litteratur')
2342367035.txt,71,66,exact ('bibliography')
2342367037.txt,100,51,prefix-match ('appendix!b.!!!')
2342367040.txt,136,136,
2342367045.txt,104,81,exact ('bibliography')
2342447777.txt,71,59,exact ('references')
2342447783.txt,146,137,exact ('bibliography')
2342447799.txt,67,65,exact ('references')
2342447835.txt,114,85,exact ('bibliography')
2342447837.txt,56,48,exact ('references')
2342523864.txt,98,93,exact ('references')
2342523877.txt,164,145,exact ('bibliography')
2342523927.txt,140,63,prefix-match ('appendix a')
2342523953.txt,76,63,prefix-match ('appendix a')
2342523984.txt,150,114,exact ('bibliography')
2342524058.txt,92,80,exact ('references')
2342524061.txt,139,135,title-page ('references')
2342524097.txt,138,128,exact ('bibliografi')
2342664659.txt,126,67,exact ('bibliography')
2342768048.txt,162,67,exact ('bibliography')
2342768067.txt,70,65,title-page ('appendix a')
2342813544.txt,96,86,exact ('references')
2342813555.txt,36,34,exact ('references')
2342855461.txt,111,89,prefix-match ('appendix a')
2342855470.txt,71,62,exact ('references')
2342855485.txt,89,74,prefix-match ('appendix a: interview / questionnarie')
2342950976.txt,143,131,exact ('bibliography')
2342992402.txt,205,86,exact ('references')
2343066812.txt,119,117,exact ('bibliography')
2343121560.txt,179,80,exact ('references')
2343177679.txt,75,66,prefix-match ('appendix a')
2343177680.txt,77,72,exact ('references')
2343264105.txt,108,99,prefix-match ('appendix a')
2343400256.txt,80,68,title-page ('appendices')
2343401637.txt,65,61,exact ('bibliography')
2343401644.txt,64,63,exact ('bibliography')
2343401657.txt,67,62,exact ('bibliography')
2343456262.txt,55,46,exact ('references')
2343456280.txt,72,62,exact ('bibliography')
2343456310.txt,110,79,exact ('bibliography')
2344805490.txt,134,106,title-page ('bibliography')
2344805511.txt,116,115,exact ('references')
2344805526.txt,89,65,exact ('references')
2344905189.txt,117,114,exact ('bibliography')
2345011631.txt,102,85,exact ('bibliography')
2345011633.txt,92,75,prefix-match ('appendix a')
2345088664.txt,41,40,exact ('appendix')
2345097770.txt,269,259,exact ('references')
2345097826.txt,109,93,prefix-match ('appendix a')
2345155077.txt,55,55,
2345155085.txt,55,53,exact ('references')
2345513562.txt,198,183,exact ('references')
2345513569.txt,103,97,exact ('bibliography')
2345706311.txt,110,82,exact ('bibliography')
2345898668.txt,236,127,prefix-match ('appendix a')
2345898672.txt,126,123,exact ('references')
2346074348.txt,124,113,exact ('references')
2346074382.txt,180,114,exact ('references')
2346074481.txt,96,70,exact ('references')
2346179477.txt,59,57,exact ('bibliography')
2346232583.txt,100,93,exact ('list of tables')
2346254797.txt,68,67,exact ('bibliography')
2346313528.txt,104,65,prefix-match ('appendix d')
2346378780.txt,116,99,prefix-match ('appendix a')
2346530011.txt,117,93,exact ('references')
2346530044.txt,100,72,exact ('references')
2346530063.txt,161,115,exact ('bibliography')
2346530073.txt,113,88,exact ('bibliography')
2346606309.txt,129,66,exact ('appendix')
2346606507.txt,167,110,exact ('bibliography')
2346684636.txt,94,80,exact ('bibliography')
2346712467.txt,124,77,prefix-match ('appendix a')
2347254804.txt,78,77,exact ('bibliography')
2347513139.txt,45,44,exact ('bibliography')
2347513143.txt,116,111,title-page ('appendix a: source code - a java-project')
2347591461.txt,101,98,exact ('bibliography')
2347598783.txt,1,1,
2347666588.txt,67,63,exact ('references')
2347704578.txt,112,99,exact ('references')
2347704597.txt,110,107,exact ('references')
2347719054.txt,97,58,exact ('references')
2347719055.txt,225,225,
2347719063.txt,104,82,exact ('references')
2347739268.txt,169,165,exact ('references')
2347782940.txt,148,101,exact ('bibliography')
2347782971.txt,1,1,
2347931725.txt,89,79,exact ('appendix')
2348384653.txt,112,112,exact ('bibliography')
2348405412.txt,116,61,exact ('list of references')
2348405414.txt,58,51,prefix-match ('appendix a')
2348749129.txt,121,73,exact ('references')
2348905787.txt,122,92,exact ('references')
2349023002.txt,74,23,exact ('appendix')
2349073426.txt,68,43,prefix-match ('appendix 2 - monthly distribution of bycaught seab')
2349110637.txt,219,127,prefix-match ('appendix a')
2349195080.txt,78,77,prefix-match ('references     61')
2349281796.txt,98,73,exact ('references')
2349342616.txt,120,113,prefix-match ('appendix a')
2349368914.txt,86,86,
2349391980.txt,100,89,title-page ('appendices')
2349391987.txt,150,91,exact ('bibliography')
2349527747.txt,83,83,
2349765933.txt,113,107,title-page ('appendices')
2350348488.txt,93,80,exact ('appendix')
2350348579.txt,87,79,title-page ('bilag')
2350348585.txt,46,36,exact ('bibliography')
2350392521.txt,58,33,exact ('references')
2350694969.txt,107,107,
2350717227.txt,133,95,exact ('references')
2351104791.txt,112,71,exact ('references')
2351142551.txt,145,71,exact ('referencer')
2351330232.txt,88,73,title-page ('appendix a')
2351448099.txt,173,75,exact ('bibliography')
2351661152.txt,116,83,exact ('references')
2351661153.txt,168,83,exact ('references')
2351661154.txt,92,92,
2351661155.txt,118,56,exact ('bibliography')
2351661156.txt,150,99,prefix-match ('appendix a')
2351661157.txt,107,99,exact ('bibliography')
2351661158.txt,146,124,exact ('bibliography')
2351661162.txt,150,111,exact ('bibliography')
2351661163.txt,100,65,prefix-match ('appendix a')
2351661164.txt,36,35,exact ('bibliography')
2351661165.txt,115,90,exact ('bibliography')
2351821840.txt,49,45,title-page ('appendices')
2351821842.txt,80,70,prefix-match ('appendix a')
2351821843.txt,100,78,exact ('bibliography')
2351821858.txt,180,133,exact ('references')
2351821860.txt,102,70,prefix-match ('appendix a')
2351821864.txt,161,161,
2351821865.txt,86,65,exact ('references')
2351821868.txt,117,99,exact ('appendix')
2351821869.txt,134,80,exact ('bibliography')
2351821871.txt,78,75,exact ('bibliography')
2351821891.txt,146,99,exact ('references')
2352336366.txt,50,10,exact ('bibliography')
2352465968.txt,170,107,exact ('bibliography')
2352465971.txt,108,50,exact ('references')
2352465973.txt,230,93,exact ('references')
2352465974.txt,230,93,exact ('references')
2352465980.txt,88,76,exact ('references')
2352465983.txt,118,86,exact ('reference list')
2352465985.txt,109,79,prefix-match ('appendix a')
2352465986.txt,132,109,title-page ('appendices')
2352465989.txt,87,64,exact ('references')
2352465990.txt,118,95,exact ('bibliography')
2352465996.txt,113,109,exact ('references')
2352465997.txt,127,93,exact ('list of references')
2352465998.txt,111,108,exact ('references')
2352466000.txt,78,77,exact ('bibliography')
2352466001.txt,111,70,exact ('bibliography')
2352466003.txt,109,73,exact ('bibliography')
2352466005.txt,54,53,exact ('bibliography')
2352466006.txt,87,55,title-page ('appendices')
2352466010.txt,140,100,exact ('references')
2352466011.txt,100,81,prefix-match ('appendix a')
2352466012.txt,110,85,prefix-match ('appendix a')
2352466014.txt,107,103,exact ('references')
2352466016.txt,179,102,exact ('references')
2352466018.txt,103,70,exact ('bibliography')
2352466019.txt,120,110,exact ('list of tables')
2352466020.txt,110,92,exact ('bibliography')
2352466021.txt,126,73,exact ('references')
2352466022.txt,64,58,exact ('appendix')
2352466023.txt,68,63,prefix-match ('appendix a')
2352466026.txt,188,109,exact ('bibliography')
2352466028.txt,49,39,exact ('references')
2352466032.txt,152,152,
2352466034.txt,118,77,prefix-match ('appendix a')
2352466035.txt,70,57,exact ('bibliography')
2352466037.txt,104,96,exact ('bibliography')
2352466040.txt,60,49,title-page ('appendix a')
2352466041.txt,58,49,prefix-match ('appendix a')
2352466042.txt,64,63,exact ('bibliography')
2352466044.txt,226,167,title-page ('appendix a')
2352466045.txt,52,51,exact ('bibliography')
2352466054.txt,106,87,prefix-match ('appendix a')
2352466058.txt,139,82,exact ('bibliography')
2352466060.txt,110,93,prefix-match ('appendix a')
2352466062.txt,156,93,exact ('bibliography')
2352466063.txt,46,35,exact ('references')
2352466101.txt,84,73,exact ('list of figures')
2352466114.txt,39,35,exact ('references')
2352651318.txt,85,84,exact ('bibliography')
2352651324.txt,116,59,prefix-match ('appendix a')
2352651325.txt,76,54,exact ('references')
2352651331.txt,48,46,exact ('bilag')
2352676125.txt,84,69,exact ('appendix')
2352676150.txt,92,72,exact ('references')
2352676186.txt,162,114,title-page ('bibliography')
2352676190.txt,249,111,exact ('bibliography')
2352676194.txt,162,117,exact ('references')
2352676205.txt,72,61,prefix-match ('appendix a')
2352676217.txt,44,43,exact ('bibliography')
2352676236.txt,85,83,exact ('bibliography')
2352676239.txt,83,83,exact ('bibliography')
2352676306.txt,113,104,exact ('litteratur')
2352731916.txt,44,37,exact ('references')
2352731917.txt,142,102,exact ('references')
2352731920.txt,237,71,prefix-match ('appendix b. calculations')
2352731921.txt,310,54,exact ('litteraturliste')
2352731922.txt,79,58,exact ('references')
2352731925.txt,104,97,title-page ('appendices')
2352731926.txt,221,79,exact ('bibliography')
2352731927.txt,108,99,prefix-match ('appendix a')
2352731929.txt,71,45,exact ('references')
2352731935.txt,57,42,exact ('litteraturliste')
2352731939.txt,160,155,exact ('bibliography')
2352731940.txt,29,29,
2352731942.txt,167,84,exact ('references')
2352731943.txt,64,32,exact ('references')
2352731944.txt,59,56,prefix-match ('appendix a')
2352731949.txt,203,179,exact ('appendices')
2352731951.txt,99,95,exact ('bibliography')
2352818797.txt,106,95,exact ('references')
2352818798.txt,115,71,title-page ('appendix a')
2352818800.txt,132,80,exact ('references')
2352818801.txt,50,45,exact ('references')
2352818803.txt,304,125,exact ('bibliography')
2352818805.txt,86,71,prefix-match ('appendix a')
2352818807.txt,75,65,exact ('references')
2352818808.txt,65,47,exact ('bibliography')
2352818809.txt,62,62,
2352818811.txt,48,48,
2352818812.txt,70,37,exact ('references')
2352818814.txt,87,69,exact ('references')
2352818815.txt,174,73,exact ('references')
2352818817.txt,81,54,title-page ('appendix')
2352939673.txt,59,57,exact ('references')
2355401392.txt,152,105,exact ('bibliography')
2355401398.txt,72,66,exact ('references')
2355401403.txt,73,55,exact ('references')
2355401408.txt,86,80,exact ('references')
2355401409.txt,142,130,exact ('references')
2355401411.txt,92,65,prefix-match ('appendix a')
2355401424.txt,106,97,prefix-match ('appendix a')
2355401425.txt,59,47,exact ('references')
2355401426.txt,86,71,exact ('bibliography')
2355401430.txt,116,116,exact ('bibliography')
2355401433.txt,95,93,title-page ('references')
2355401436.txt,126,109,prefix-match ('appendix a')
2355401437.txt,71,67,title-page ('appendices')
2355401438.txt,52,46,exact ('references')
2355401440.txt,117,104,title-page ('appendices')
2355401446.txt,82,82,
2355401450.txt,153,109,exact ('references')
2355401451.txt,75,66,exact ('references')
2355401453.txt,136,125,title-page ('bibliography')
2355401454.txt,81,75,exact ('references')
2355401456.txt,73,60,exact ('reference list')
2355401469.txt,164,99,exact ('appendix')
2355401486.txt,102,83,exact ('references')
2355401491.txt,64,63,exact ('bibliography')
2355535615.txt,85,69,exact ('references')
2355538721.txt,188,129,prefix-match ('appendix a')
2355540073.txt,124,82,exact ('references')
2355540125.txt,92,82,exact ('bibliography')
2355540394.txt,192,136,exact ('bibliography')
2355581509.txt,74,63,exact ('bibliografi')
2355611322.txt,138,115,exact ('references')
2355611325.txt,102,79,prefix-match ('appendix a')
2355611326.txt,81,77,exact ('references')
2355611327.txt,94,89,exact ('bibliography')
2355611329.txt,186,179,exact ('bibliography')
2355758798.txt,73,59,exact ('references')
2355758799.txt,66,50,exact ('references')
2355758800.txt,154,154,
2355758803.txt,164,98,exact ('bibliography')
2355758805.txt,116,109,prefix-match ('appendix a')
2355758806.txt,57,53,exact ('bibliography')
2355758807.txt,107,91,exact ('bibliography')
2355768998.txt,90,83,exact ('bibliography')
2355769000.txt,62,47,prefix-match ('appendix a')
2355769001.txt,93,67,exact ('bibliography')
2355769002.txt,216,173,exact ('bibliography')
2355769003.txt,135,118,exact ('appendices')
2355769004.txt,33,28,exact ('reference list')
2355769008.txt,67,45,exact ('bibliography')
2355769010.txt,156,137,exact ('references')
2355837131.txt,62,58,prefix-match ('appendices and bibliography')
2355837207.txt,127,20,exact ('list of tables')
2355837210.txt,60,49,prefix-match ('appendix a')
2355849645.txt,159,115,exact ('list of figures')
2355849660.txt,91,80,prefix-match ('appendix a')
2355865295.txt,92,85,exact ('bibliography')
2355865296.txt,120,100,title-page ('references')
2355865299.txt,79,69,prefix-match ('appendix a')
2355865300.txt,61,29,exact ('references')
2355865301.txt,76,61,exact ('bibliography')
2355886755.txt,78,70,exact ('appendix')
2355965488.txt,130,105,exact ('bibliography')
2355965506.txt,74,70,exact ('references')
2357007786.txt,78,61,exact ('references')
2357007787.txt,111,80,exact ('bibliografi')
2357007788.txt,67,59,prefix-match ('appendix a: training graphs')
2357007789.txt,180,159,prefix-match ('appendix a')
2357007793.txt,61,49,exact ('bibliography')
2357007795.txt,89,77,title-page ('appendices')
2357007797.txt,61,60,exact ('bibliography')
2357007803.txt,98,97,exact ('bibliography')
2357007805.txt,153,105,exact ('bibliography')
2357007807.txt,69,67,prefix-match ('appendix a')
2357007809.txt,119,77,exact ('appendix')
2357007810.txt,93,87,exact ('references')
2357007813.txt,117,74,exact ('bibliography')
2357007814.txt,150,125,exact ('bilag')
2357007825.txt,75,50,exact ('references')
2357007828.txt,165,125,exact ('bibliography')
2357958277.txt,122,95,exact ('bibliography')
2357958293.txt,50,48,exact ('bilag')
2358123267.txt,64,61,exact ('bilag')
2358123269.txt,43,41,exact ('references')
2358137358.txt,110,93,title-page ('appendices')
2358201116.txt,137,69,exact ('litteraturliste')
2358201117.txt,61,60,exact ('references')
2358201118.txt,157,76,exact ('bibliography')
2358201119.txt,239,118,exact ('appendix')
2358201120.txt,140,135,exact ('references')
2358201121.txt,127,102,exact ('bibliografi')
2358201122.txt,129,115,prefix-match ('appendix a')
2358375572.txt,127,73,exact ('references')
2358411296.txt,85,85,
2358653873.txt,107,101,exact ('references')
2358700027.txt,190,143,exact ('bibliography')
2358749247.txt,184,91,exact ('references')
2358777688.txt,81,76,exact ('references')
2358798805.txt,77,60,exact ('bilag')
2358798864.txt,128,71,prefix-match ('appendix a')
2363230775.txt,91,85,exact ('references')
2370848885.txt,62,54,exact ('referencer')
2371038811.txt,69,67,exact ('bibliography')
2371049297.txt,70,67,exact ('bibliography')
2371332332.txt,95,90,exact ('references')
2371393306.txt,137,135,exact ('appendix')
2371445833.txt,91,83,exact ('list of figures')
2371586246.txt,238,44,exact ('bibliography')
2371593279.txt,75,52,title-page ('appendix')
2371593446.txt,105,105,
2371641941.txt,68,62,exact ('bibliography')
2371656503.txt,124,103,prefix-match ('appendix a')
2371780844.txt,26,26,
2371954510.txt,52,35,exact ('references')
2371966941.txt,107,69,exact ('bibliography')
2371966946.txt,99,82,exact ('bibliography')
2371966956.txt,90,80,prefix-match ('appendix a')
2371966962.txt,130,99,prefix-match ('appendix a')
2371966963.txt,144,105,exact ('references')
2371966966.txt,115,105,exact ('bibliography')
2371966968.txt,85,71,title-page ('appendix a')
2371966969.txt,136,94,title-page ('references')
2371966973.txt,177,61,exact ('references')
2371966985.txt,156,77,exact ('bibliography')
2371966988.txt,73,62,exact ('references')
2371966989.txt,104,81,exact ('bibliography')
2371966991.txt,112,61,title-page ('appendix a')
2371967045.txt,60,56,exact ('appendix')
2372003610.txt,180,180,
2372003619.txt,100,69,exact ('bibliography')
2372003635.txt,79,68,exact ('bibliography')
2372003650.txt,78,78,exact ('references')
2372003656.txt,78,66,exact ('bibliography')
2372003671.txt,160,91,prefix-match ('appendix a')
2372003675.txt,112,94,exact ('references')
2372003683.txt,43,42,exact ('appendix')
2372003691.txt,154,101,title-page ('appendices')
2372003696.txt,68,52,exact ('appendices')
2372003717.txt,102,73,exact ('references')
2372003718.txt,68,64,exact ('references')
2372003719.txt,97,55,exact ('references')
2372003720.txt,90,63,exact ('bibliography')
2372003721.txt,78,71,exact ('bibliography')
2372003723.txt,133,101,exact ('bibliography')
2372003724.txt,41,40,exact ('references')
2372003754.txt,135,115,prefix-match ('appendix a')
2372003765.txt,167,127,exact ('references')
2372003783.txt,92,71,exact ('bibliography')
2372004197.txt,72,67,exact ('references')
2372004198.txt,109,71,exact ('references')
2372004199.txt,180,127,title-page ('appendices')
2372004201.txt,133,105,exact ('bibliography')
2372004203.txt,76,75,exact ('bibliography')
2372004204.txt,135,81,exact ('bibliography')
2372004205.txt,161,71,exact ('appendix')
2372004207.txt,62,57,title-page ('appendices')
2372004308.txt,133,133,
2372004309.txt,129,96,exact ('references')
2372004311.txt,50,37,exact ('bibliography')
2372112062.txt,203,111,exact ('bibliography')
2372112239.txt,80,79,exact ('bibliography')
2372124962.txt,41,35,exact ('references')
2372125017.txt,40,36,title-page ('appendix 2:')
2372138346.txt,166,137,exact ('bibliography')
2372143425.txt,136,127,exact ('bibliography')
2372143561.txt,181,91,exact ('bibliography')
2372143563.txt,107,97,exact ('bibliography')
2372160973.txt,61,61,
2372161204.txt,54,51,exact ('bibliography')
2372161247.txt,73,52,exact ('bibliography')
2372220359.txt,121,95,title-page ('appendices')
2372253326.txt,77,69,prefix-match ('appendix a')
2372275247.txt,118,101,exact ('references')
2372275298.txt,121,115,exact ('bibliography')
2372287699.txt,147,125,prefix-match ('appendix a')
2372323613.txt,99,84,exact ('bibliography')
2372323699.txt,96,90,prefix-match ('appendixb')
2372323714.txt,84,68,exact ('bibliography')
2372323763.txt,102,82,title-page ('appendices')
2372323812.txt,70,69,exact ('bibliography')
2372323814.txt,114,108,exact ('references')
2372344392.txt,38,37,exact ('bibliography')
2372344633.txt,40,38,exact ('list of figures')
2372344882.txt,68,53,exact ('references')
2372344898.txt,180,161,prefix-match ('appendix a')
2372344964.txt,78,74,exact ('bibliography')
2372344973.txt,115,70,exact ('references')
2372344975.txt,79,75,prefix-match ('appendix a')
2372345042.txt,74,72,exact ('references')
2372345846.txt,62,54,exact ('references')
2372361068.txt,67,61,exact ('references')
2372361241.txt,77,58,title-page ('appendix a')
2372361247.txt,124,105,prefix-match ('appendix a')
2372361248.txt,116,110,exact ('bibliography')
2372361249.txt,75,66,exact ('references')
2372361250.txt,86,44,exact ('references')
2372361377.txt,67,52,title-page ('bilag 1. illustrationer.')
2372371022.txt,166,95,prefix-match ('appendix a')
2372371077.txt,249,249,
2372371078.txt,81,67,prefix-match ('appendix a')
2372384106.txt,103,60,exact ('bibliography')
2372418128.txt,99,90,exact ('list of figures')
2372418477.txt,84,75,exact ('bibliography')
2372432629.txt,166,146,exact ('references')
2372432912.txt,106,90,exact ('references')
2372432969.txt,134,85,exact ('bibliography')
2372432971.txt,88,76,exact ('appendix')
2372432972.txt,110,84,exact ('references')
2372432973.txt,192,115,exact ('bibliography')
2372432974.txt,105,67,exact ('bibliography')
2372432975.txt,174,127,exact ('list of figures')
2372432977.txt,59,42,exact ('references')
2372432978.txt,74,46,exact ('references')
2372432979.txt,168,139,exact ('bibliography')
2372432980.txt,86,72,prefix-match ('appendix a')
2372432984.txt,139,94,exact ('bibliography')
2372432989.txt,90,61,exact ('bibliography')
2372432992.txt,114,71,exact ('references')
2372432996.txt,92,89,exact ('references')
2372432997.txt,177,133,exact ('bibliography')
2372432998.txt,127,98,exact ('references')
2372433002.txt,92,73,exact ('bibliography')
2372433003.txt,76,60,exact ('references')
2372433004.txt,90,73,prefix-match ('appendix a')
2372433008.txt,116,93,title-page ('appendix a')
2372433012.txt,81,75,exact ('references')
2372433013.txt,77,69,exact ('references')
2372433018.txt,104,100,prefix-match ('references and bibliography')
2372433020.txt,150,103,prefix-match ('appendix a')
2372433021.txt,131,79,prefix-match ('appendix 9.7')
2372433026.txt,104,83,exact ('references')
2372433028.txt,98,93,exact ('appendix')
2372433029.txt,73,61,exact ('references')
2372433034.txt,141,96,title-page ('references')
2372433035.txt,117,91,title-page ('appendices')
2372433036.txt,120,83,prefix-match ('appendix a')
2372433039.txt,98,54,exact ('references')
2372433045.txt,98,83,prefix-match ('appendix a')
2372433047.txt,129,125,exact ('references')
2372433049.txt,67,59,exact ('appendix')
2372433051.txt,66,61,exact ('references')
2372433054.txt,82,79,exact ('bibliografi')
2372433055.txt,131,69,exact ('bibliography')
2372433065.txt,81,59,prefix-match ('appendix a')
2372433076.txt,80,76,exact ('bibliography')
2372433081.txt,52,49,exact ('bibliography')
2372437330.txt,151,95,exact ('bibliography')
2372437948.txt,133,63,exact ('bibliography')
2372437951.txt,101,96,prefix-match ('appendix a')
2372437952.txt,137,92,exact ('references')
2372437953.txt,113,85,exact ('bibliography')
2372437954.txt,93,69,exact ('references')
2372438101.txt,96,64,exact ('references')
2372438102.txt,84,57,title-page ('appendix a')
2372438103.txt,104,73,exact ('appendix')
2372438105.txt,64,43,exact ('references')
2372438106.txt,65,51,exact ('references')
2372438107.txt,52,35,exact ('references')
2372438110.txt,123,99,exact ('references')
2372438111.txt,69,62,exact ('references')
2372438112.txt,82,71,exact ('references')
2372438113.txt,130,104,exact ('bibliography')
2372438114.txt,88,82,exact ('references')
2372438115.txt,65,53,exact ('references')
2372438116.txt,104,84,exact ('references')
2372438117.txt,82,61,prefix-match ('appendix a')
2372438168.txt,104,99,exact ('bibliography')
2372438189.txt,1,1,
2372438195.txt,114,109,prefix-match ('appendix a')
2372438214.txt,60,59,exact ('appendices')
2372438222.txt,28,28,exact ('references')
2372438233.txt,162,116,exact ('bibliography')
2372438452.txt,91,72,exact ('references')
2372438831.txt,77,54,exact ('references')
2372438918.txt,185,89,prefix-match ('appendix a')
2372438919.txt,112,109,exact ('bibliography')
2372438920.txt,131,91,exact ('bibliography')
2372438922.txt,104,99,exact ('bibliography')
2372438923.txt,180,105,prefix-match ('appendix a')
2372438924.txt,98,98,
2372438927.txt,121,117,exact ('references')
2372438928.txt,60,51,exact ('references')
2372438929.txt,22,18,prefix-match ('appendix b')
2372438932.txt,68,53,prefix-match ('appendix a')
2372438936.txt,59,51,prefix-match ('appendix a')
2372438940.txt,173,87,exact ('bibliography')
2372438941.txt,194,121,exact ('bibliography')
2372438944.txt,85,72,exact ('bibliography')
2372438947.txt,76,61,exact ('references')
2372438950.txt,100,71,prefix-match ('appendix a')
2372438952.txt,134,95,prefix-match ('appendix a')
2372439049.txt,63,58,exact ('bibliography')
2372439076.txt,178,81,exact ('bibliography')
2372439078.txt,57,39,exact ('bibliography')
2372439079.txt,82,75,exact ('bibliography')
2372439080.txt,70,47,title-page ('appendix a')
2372439081.txt,94,67,exact ('references')
2372439082.txt,92,69,prefix-match ('appendix a')
2372439083.txt,89,64,prefix-match ('appendix a')
2372439085.txt,32,32,
2372439086.txt,113,90,exact ('references')
2372439087.txt,102,73,exact ('bibliography')
2372439209.txt,98,83,title-page ('appendices')
2372439279.txt,132,103,exact ('references')
2372439282.txt,53,50,exact ('references')
2372439283.txt,71,65,prefix-match ('appendix a')
2372439285.txt,80,73,exact ('bibliography')
2372439286.txt,90,77,prefix-match ('appendix a')
2372439287.txt,73,52,title-page ('appendices')
2372439290.txt,131,119,title-page ('appendices')
2372439293.txt,80,76,exact ('references')
2372439307.txt,64,47,prefix-match ('appendix a')
2372439309.txt,144,117,exact ('bibliography')
2372439310.txt,132,97,title-page ('appendix a')
2372439311.txt,40,40,
2372439312.txt,122,85,exact ('bibliography')
2372439317.txt,60,51,prefix-match ('appendix a')
2372439321.txt,82,71,prefix-match ('appendix a')
2372465907.txt,152,148,exact ('bibliography')
2372465920.txt,94,71,prefix-match ('appendix a')
2372465936.txt,82,80,exact ('references')
2372465945.txt,192,121,exact ('references')
2372469732.txt,72,61,exact ('bibliography')
2372469756.txt,105,87,exact ('bibliography')
2372469790.txt,114,52,exact ('references')
2372469807.txt,73,62,exact ('bibliography')
2372469842.txt,88,79,prefix-match ('appendix a')
2372469844.txt,100,81,exact ('bibliography')
2372593847.txt,64,64,exact ('bibliography')
2372593939.txt,123,88,exact ('bibliography')
2372594056.txt,110,101,exact ('references')
2372594071.txt,112,86,prefix-match ('appendix a')
2372594085.txt,100,95,prefix-match ('appendix a')
2372594137.txt,50,41,prefix-match ('appendix a')
2372607794.txt,101,72,title-page ('appendices')
2372607854.txt,95,91,exact ('bibliography')
2372623711.txt,171,163,exact ('references')
2372633039.txt,101,97,exact ('bibliography')
2372633179.txt,64,49,exact ('references')
2372633263.txt,89,68,exact ('bibliography')
2372633287.txt,99,86,exact ('references')
2372633290.txt,88,69,prefix-match ('appendix a')
2372633313.txt,160,127,exact ('references')
2372633316.txt,164,95,exact ('bibliography')
2372633317.txt,94,83,prefix-match ('appendix a')
2372633320.txt,85,56,exact ('bibliography')
2372633322.txt,72,47,title-page ('appendix a')
2372633324.txt,50,28,exact ('references')
2372633329.txt,132,87,exact ('bibliography')
2372633335.txt,68,67,exact ('bibliography')
2372633340.txt,158,82,exact ('references')
2372633341.txt,70,49,exact ('references')
2372670627.txt,115,112,exact ('references')
2372670644.txt,141,114,exact ('references')
2372670724.txt,116,67,exact ('references')
2372670725.txt,76,61,prefix-match ('appendix a')
2372670794.txt,156,116,"title-page ('references [1]“who | 7 million premature deaths annually linked to air pollution,” who,')"
2372670811.txt,182,171,exact ('bibliography')
2372670816.txt,66,62,prefix-match ('appendix a')
2372670821.txt,98,96,exact ('references')
2372670833.txt,118,77,prefix-match ('litterature')
2372670841.txt,46,40,exact ('bibliography')
2372670842.txt,124,87,prefix-match ('appendix a')
2372670847.txt,71,63,exact ('bibliography')
2372670849.txt,89,89,
2372670851.txt,124,91,exact ('bibliography')
2372670860.txt,50,47,exact ('references')
2372670861.txt,104,16,exact ('list of figures')
2372670864.txt,50,45,exact ('references')
2372670865.txt,85,79,prefix-match ('appendix a')
2372670867.txt,111,88,exact ('bibliography')
2372670872.txt,73,68,exact ('references')
2372670879.txt,113,79,exact ('reference list')
2372670880.txt,154,151,exact ('bibliography')
2372670881.txt,109,85,exact ('references')
2372670903.txt,173,173,
2372670917.txt,162,87,exact ('bibliography')
2372670923.txt,110,107,exact ('bibliography')
2372671027.txt,90,73,exact ('appendices')
2372671092.txt,90,82,prefix-match ('appendix a. appendix a')
2372671151.txt,76,61,exact ('references')
2372671162.txt,58,55,exact ('references')
2372671168.txt,79,73,prefix-match ('appendix a')
2372671262.txt,117,81,exact ('bibliography')
2372671268.txt,44,44,
2372671270.txt,110,90,exact ('references')
2372671370.txt,104,97,exact ('bibliography')
2372689660.txt,198,136,exact ('bibliography')
2372689762.txt,74,62,prefix-match ('appendix a')
2372689803.txt,211,119,title-page ('references')
2372689807.txt,100,95,exact ('bibliography')
2372689842.txt,78,62,exact ('references')
2372689846.txt,104,84,title-page ('appendix a')
2372689856.txt,60,56,prefix-match ('appendix a. measurements')
2372689859.txt,104,62,exact ('reference list')
2372689869.txt,76,68,exact ('references')
2372689892.txt,104,104,
2372689908.txt,83,75,title-page ('appendices')
2372689921.txt,81,73,title-page ('appendices')
2372689927.txt,143,119,exact ('bibliography')
2372689949.txt,88,75,exact ('bibliography')
2372689956.txt,60,49,title-page ('appendix a')
2372689962.txt,84,71,prefix-match ('appendix a')
2372689965.txt,120,96,prefix-match ('appendix a')
2372689997.txt,66,50,title-page ('references')
2372690039.txt,78,73,exact ('bibliography')
2372690157.txt,108,73,prefix-match ('appendix a')
2372690277.txt,202,199,exact ('references')
2372690278.txt,88,66,exact ('references')
2372690290.txt,61,47,exact ('references')
2372690411.txt,114,93,prefix-match ('appendix a')
2372690412.txt,123,95,prefix-match ('appendix a')
2372690414.txt,37,27,prefix-match ('appendix 1: fem mode shapes')
2372696202.txt,120,97,prefix-match ('appendix a')
2372696206.txt,124,90,exact ('bibliography')
2372696216.txt,116,75,exact ('bibliography')
2372696224.txt,157,131,prefix-match ('appendix a')
2372696228.txt,93,81,exact ('references')
2372696230.txt,99,86,prefix-match ('appendix a')
2372696232.txt,103,83,exact ('references')
2372696235.txt,71,48,exact ('references')
2372696236.txt,104,89,exact ('bibliography')
2372696247.txt,55,51,exact ('bibliography')
2372696253.txt,110,105,prefix-match ('appendix a')
2372696259.txt,78,60,exact ('bibliography')
2372696266.txt,65,57,exact ('bibliography')
2372696272.txt,118,105,prefix-match ('appendix a')
2372696273.txt,86,58,exact ('appendix')
2372696288.txt,131,114,exact ('bibliography')
2372696295.txt,178,115,exact ('bibliography')
2372696320.txt,69,51,exact ('references')
2372696321.txt,99,73,exact ('references')
2372696344.txt,113,98,exact ('bibliography')
2372696353.txt,145,99,exact ('bibliography')
2372696358.txt,94,93,prefix-match ('appendix 1')
2372710833.txt,51,50,exact ('bibliography')
2372710942.txt,111,93,exact ('references')
2372730784.txt,82,62,exact ('references')
2372731034.txt,100,100,
2372731181.txt,190,64,title-page ('appendices')
2372903042.txt,58,48,exact ('references')
2372903460.txt,156,137,exact ('references')
2385161878.txt,116,68,exact ('references')
2385161879.txt,75,73,exact ('bibliography')
2385161881.txt,145,117,exact ('bibliography')
2385161882.txt,138,105,exact ('bibliography')
2385161883.txt,120,110,prefix-match ('appendix a')
2385161884.txt,76,72,exact ('bibliography')
2385161885.txt,45,34,exact ('references')
2385161886.txt,111,68,exact ('bibliography')
2385161887.txt,162,84,exact ('references')
2385161888.txt,150,105,prefix-match ('appendix a')
2385161890.txt,66,58,exact ('references')
2385161891.txt,65,65,
2385161893.txt,66,61,exact ('bibliography')
2385161894.txt,60,60,
2385161895.txt,102,99,exact ('bibliography')
2385161897.txt,100,88,exact ('bibliography')
2385161898.txt,21,20,prefix-match ('appendix a')
2385161900.txt,58,55,exact ('references')
2385161901.txt,182,125,title-page ('appendix')
2385161902.txt,91,39,exact ('bibliography')
2385161903.txt,214,107,exact ('bibliography')
2385161904.txt,250,250,
2385161906.txt,144,89,prefix-match ('appendix a')
2385161908.txt,74,70,exact ('bibliography')
2385161910.txt,98,59,exact ('bibliography')
2385161911.txt,82,67,exact ('bibliography')
2385161912.txt,88,54,exact ('references')
2385161913.txt,90,67,exact ('list of figures')
2385161914.txt,47,45,prefix-match ('appendix a')
2385161915.txt,94,85,exact ('references')
2385161916.txt,66,57,title-page ('appendices')
2385161918.txt,84,73,prefix-match ('appendix a')
2385161920.txt,129,80,exact ('references')
2385161921.txt,79,58,exact ('references')
2385161922.txt,65,55,exact ('references')
2385161923.txt,67,65,exact ('bibliography')
2385161924.txt,97,77,exact ('references')
2385161925.txt,54,43,prefix-match ('appendix a')
2385161926.txt,77,64,exact ('bibliography')
2385161928.txt,100,90,exact ('references')
2385161929.txt,66,61,prefix-match ('appendix a')
2385161930.txt,218,143,exact ('bibliography')
2385161931.txt,70,63,prefix-match ('appendix a')
2385161933.txt,112,70,exact ('bibliography')
2385161936.txt,106,85,prefix-match ('appendix a')
2385161937.txt,82,66,exact ('references')
2385161938.txt,124,95,exact ('references')
2385161939.txt,74,65,exact ('bibliography')
2385161940.txt,98,86,exact ('appendices')
2385161941.txt,82,74,exact ('appendix')
2385161942.txt,134,85,exact ('bibliography')
2385161943.txt,122,61,exact ('bibliography')
2385161944.txt,94,70,exact ('list of references')
2385161946.txt,130,85,prefix-match ('appendix a')
2385161949.txt,126,98,exact ('references')
2385161951.txt,81,64,exact ('references')
2385161952.txt,108,87,prefix-match ('appendix a')
2385161953.txt,122,75,exact ('references')
2385161954.txt,104,104,
2385161955.txt,78,71,exact ('bibliography')
2385161956.txt,120,31,prefix-match ('references to')
2385161957.txt,169,113,exact ('bibliography')
2385161958.txt,119,95,title-page ('appendices')
2385161959.txt,77,62,exact ('list of figures')
2385161961.txt,93,74,exact ('bibliography')
2385161962.txt,109,71,exact ('bibliography')
2385161963.txt,148,142,exact ('references')
2385161965.txt,43,42,exact ('appendix')
2385161967.txt,162,151,exact ('bibliography')
2385161968.txt,134,109,title-page ('appendices')
2385161969.txt,74,68,prefix-match ('appendix a')
2385161971.txt,130,92,exact ('references')
2385161972.txt,63,60,exact ('appendix')
2385161976.txt,70,65,title-page ('appendix a')
2385161977.txt,75,52,exact ('list of tables')
2385161979.txt,92,75,exact ('appendices')
2385161980.txt,123,71,exact ('bibliography')
2385161981.txt,102,102,
2385161982.txt,76,62,exact ('bibliography')
2385161983.txt,105,101,exact ('bibliography')
2385161985.txt,214,155,exact ('references')
2385161988.txt,56,38,exact ('appendices')
2385161989.txt,103,100,exact ('bibliography')
2385161990.txt,85,49,prefix-match ('appendix a')
2385161991.txt,170,91,exact ('bibliography')
2385161993.txt,97,80,exact ('appendices')
2385161994.txt,92,76,exact ('references')
2385161997.txt,39,24,exact ('bibliography')
2385161999.txt,131,128,exact ('bibliography')
2385162002.txt,93,89,exact ('references')
2385162004.txt,126,101,title-page ('appendix a')
2385162005.txt,206,199,exact ('references')
2385162006.txt,161,127,exact ('references')
2385162008.txt,89,78,title-page ('appendix a')
2385162009.txt,95,84,exact ('appendix')
2385162010.txt,102,77,exact ('bibliography')
2385162013.txt,219,133,exact ('bibliography')
2385162014.txt,67,57,prefix-match ('appendix a')
2385162017.txt,79,61,exact ('references')
2385162018.txt,55,46,title-page ('appendices')
2385162019.txt,85,72,prefix-match ('appendix a')
2385162020.txt,63,57,exact ('list of figures')
2385162024.txt,103,89,exact ('reference list')
2385162026.txt,89,84,exact ('referencer')
2385162030.txt,243,131,exact ('bibliography')
2385162031.txt,158,107,exact ('bibliography')
2385162032.txt,77,70,exact ('references')
2385162036.txt,108,105,exact ('bibliography')
2385162041.txt,88,59,prefix-match ('appendix a')
2385162044.txt,79,54,exact ('bibliography')
2385162045.txt,252,227,prefix-match ('appendix a')
2385162046.txt,83,71,prefix-match ('appendix a')
2385162047.txt,130,123,prefix-match ('appendix a')
2385162048.txt,68,65,exact ('bibliography')
2385162050.txt,77,45,prefix-match ('appendix a')
2385162056.txt,127,85,exact ('references')
2385162057.txt,93,56,exact ('references')
2385162058.txt,74,73,title-page ('appendix a')
2385162059.txt,97,94,exact ('references')
2385162060.txt,94,90,exact ('bibliography')
2385162061.txt,75,51,exact ('references')
2385162062.txt,142,110,exact ('references')
2385162063.txt,75,58,exact ('bibliography')
2385162064.txt,74,65,prefix-match ('appendixa')
2385162065.txt,115,85,exact ('references')
2385162067.txt,93,77,title-page ('appendix a – standard gain horn datasheet')
2385162068.txt,211,146,exact ('references')
2385162079.txt,122,119,exact ('bibliography')
2385162080.txt,80,75,exact ('bibliography')
2385162081.txt,76,65,exact ('references')
2385162082.txt,73,55,exact ('bibliography')
2385162083.txt,136,128,exact ('bibliography')
2385162084.txt,92,89,exact ('bibliography')
2385162085.txt,104,78,title-page ('appendices')
2385162092.txt,137,129,exact ('bibliography')
2385162098.txt,144,100,exact ('bibliography')
2385162100.txt,92,75,exact ('references')
2385162101.txt,70,59,prefix-match ('appendix a')
2385162103.txt,65,63,exact ('bibliography')
2385162107.txt,80,66,prefix-match ('appendix a')
2385162108.txt,87,67,exact ('references')
2385162112.txt,75,58,exact ('bibliography')
2385162114.txt,105,84,title-page ('appendix b – facility sketch and h018 course plan')
2385162116.txt,39,37,prefix-match ('appendix a')
2385162118.txt,189,134,title-page ('appendices')
2385162119.txt,61,50,exact ('references')
2385162122.txt,108,73,prefix-match ('appendix a')
2385162125.txt,180,82,exact ('appendix')
2385162127.txt,51,41,exact ('references')
2385162128.txt,113,70,title-page ('appendices')
2385162129.txt,108,87,title-page ('appendix f')
2385162130.txt,85,85,
2385162134.txt,45,43,exact ('bibliography')
2385162136.txt,94,82,prefix-match ('appendix a')
2385162137.txt,50,50,
2386036880.txt,238,169,exact ('bibliography')
2386036881.txt,109,83,exact ('bibliography')
2386036882.txt,180,180,
2386036883.txt,114,112,exact ('bibliography')
2386036884.txt,71,69,exact ('bibliography')
2386069998.txt,108,90,exact ('bibliography')
2386070046.txt,78,73,exact ('references')
2386070056.txt,93,89,exact ('references')
2388545134.txt,77,59,exact ('bibliography')
2388889968.txt,73,73,
2388889970.txt,94,78,exact ('list of figures')
2388889971.txt,61,59,exact ('references')
2389589490.txt,93,84,exact ('references')
2389589495.txt,112,103,prefix-match ('appendix a')
2389659017.txt,236,141,exact ('bibliography')
2389659029.txt,75,69,title-page ('appendix 2 – application of michelin truck tire')
2389874416.txt,83,64,prefix-match ('appendix a')
2389874417.txt,220,103,exact ('references')
2389874418.txt,82,73,exact ('bibliography')
2389874422.txt,79,76,prefix-match ('appendixes')
2390159965.txt,98,52,prefix-match ('appendix a')
2390414093.txt,126,99,prefix-match ('appendix a')
2390414112.txt,123,82,exact ('bibliography')
2390476037.txt,91,68,exact ('references')
2390476065.txt,87,62,exact ('references')
2390610543.txt,99,99,exact ('bibliography')
2390654730.txt,88,83,exact ('bibliography')
2390654732.txt,126,80,exact ('bibliography')
2390654733.txt,55,50,exact ('references')
2390688297.txt,68,50,prefix-match ('appendix a')
2390871318.txt,98,61,exact ('references')
2390871322.txt,132,109,prefix-match ('appendix a')
2390871380.txt,88,82,exact ('bibliography')
2390871401.txt,63,58,exact ('list of figures')
2391164927.txt,248,117,prefix-match ('appendix a')
2391218253.txt,89,50,exact ('references')
2391303562.txt,106,87,exact ('bibliography')
2391303563.txt,62,57,exact ('bibliography')
2391425863.txt,84,81,exact ('bibliography')
2391672680.txt,115,112,exact ('references')
2391711477.txt,97,81,exact ('references')
2391784905.txt,109,81,exact ('bibliography')
2391873013.txt,132,64,prefix-match ('appendix a')
2391873018.txt,114,87,exact ('references')
2391873019.txt,80,63,prefix-match ('appendix a')
2391910227.txt,67,64,exact ('bibliography')
2392243564.txt,160,117,prefix-match ('appendix a')
2392243566.txt,100,75,prefix-match ('appendix a')
2392243569.txt,62,62,exact ('references')
2392298455.txt,50,38,exact ('references')
2392298458.txt,106,78,exact ('references')
2392298460.txt,148,107,prefix-match ('appendix a')
2392298463.txt,100,98,exact ('references')
2392383591.txt,47,40,exact ('references')
2392469960.txt,112,87,prefix-match ('appendix a')
2392489796.txt,137,83,exact ('references')
2392634164.txt,96,94,exact ('bibliography')
2392643848.txt,56,49,prefix-match ('appendix 1 – wbc fixated and/or permeabilized')
2392643852.txt,112,101,exact ('bibliography')
2392643857.txt,317,94,exact ('bibliography')
2392691263.txt,53,39,exact ('references')
2392714947.txt,91,87,exact ('bibliography')
2392739445.txt,63,59,exact ('references')
2392739451.txt,97,95,exact ('bibliography')
2392983166.txt,53,50,exact ('references')
2392983167.txt,94,76,exact ('appendix')
2393010514.txt,85,83,exact ('references')
2393649046.txt,370,175,exact ('bibliography')
2393787949.txt,171,169,exact ('references')
2393799138.txt,70,67,exact ('references')
2393818212.txt,75,55,exact ('references')
2393818819.txt,156,129,prefix-match ('appendix a – material properties')
2393818822.txt,105,82,exact ('bibliography')
2393818825.txt,58,55,exact ('bibliography')
2393818832.txt,127,93,exact ('bibliography')
2393935250.txt,76,57,exact ('references')
2393992342.txt,57,29,exact ('references')
2394178662.txt,124,70,exact ('bibliography')
2394196687.txt,85,13,exact ('list of figures')
2394318232.txt,125,93,exact ('bibliography')
2394320436.txt,100,85,exact ('references')
2394411610.txt,50,44,exact ('references')
2394559481.txt,91,57,prefix-match ('appendiks 1. evakueringsøvelse d. 27. april lokale')
2394559482.txt,84,57,exact ('references')
2394638554.txt,120,120,
2395326337.txt,136,129,exact ('referencer')
2395930179.txt,66,64,exact ('references')
2395930180.txt,134,79,title-page ('appendices')
2395930182.txt,96,77,prefix-match ('appendix a')
2395930185.txt,80,71,title-page ('appendix a')
2395930186.txt,97,75,exact ('bibliography')
2395930187.txt,132,111,exact ('bibliography')
2395930188.txt,190,115,prefix-match ('appendix a')
2395930190.txt,96,63,exact ('references')
2395930191.txt,112,91,prefix-match ('appendix a')
2395930193.txt,92,83,prefix-match ('appendix a')
2395930194.txt,94,91,exact ('bibliography')
2395930195.txt,50,41,exact ('references')
2395930196.txt,55,48,exact ('references')
2395930198.txt,75,62,exact ('references')
2395930201.txt,96,65,exact ('bibliography')
2395930202.txt,70,61,prefix-match ('appendix a')
2395930204.txt,122,92,exact ('references')
2395930205.txt,60,53,prefix-match ('appendix a')
2395930206.txt,106,71,exact ('references')
2395930207.txt,109,89,prefix-match ('appendix a')
2395930208.txt,82,73,prefix-match ('appendix a')
2395930210.txt,92,89,exact ('bibliography')
2395930211.txt,57,50,exact ('references')
2395930212.txt,123,115,exact ('bibliography')
2395930213.txt,70,56,exact ('references')
2395930214.txt,65,58,exact ('bibliography')
2395930216.txt,80,59,exact ('bibliography')
2395930219.txt,108,85,prefix-match ('appendix a')
2395973267.txt,165,109,exact ('bibliography')
2395973268.txt,328,163,prefix-match ('appendix a')
2395974195.txt,89,75,prefix-match ('appendix a')
2395974196.txt,71,67,exact ('bibliography')
2396124690.txt,59,39,exact ('references')
2396124708.txt,113,76,title-page ('appendix a')
2396124739.txt,84,77,exact ('references')
2396124852.txt,86,80,exact ('references')
2396124859.txt,98,77,prefix-match ('appendix a')
2396124874.txt,79,79,
2396124877.txt,138,87,prefix-match ('appendix a')
2396124882.txt,75,67,exact ('references')
2396124883.txt,107,82,exact ('bibliography')
2396124888.txt,95,70,exact ('references')
2396150837.txt,54,51,title-page ('appendices')
2396150849.txt,107,88,exact ('litteraturliste')
2396523076.txt,45,44,exact ('references')
2396523086.txt,80,59,exact ('references')
2396523094.txt,106,70,exact ('references')
2396573470.txt,116,67,exact ('references')
2396618685.txt,180,121,exact ('bibliography')
2396618686.txt,62,46,exact ('references')
2396618687.txt,198,123,prefix-match ('appendixbibliography')
2396618693.txt,64,56,exact ('references')
2396618694.txt,103,78,exact ('references')
2396618700.txt,117,67,exact ('references')
2396618703.txt,132,85,title-page ('appendix a')
2396740196.txt,133,133,
2396740260.txt,102,85,exact ('references')
2396740269.txt,86,69,exact ('references')
2396740301.txt,267,139,exact ('references')
2396740312.txt,71,57,exact ('references')
2396740324.txt,122,111,title-page ('references')
2396740344.txt,78,50,exact ('bibliography')
2396740346.txt,114,111,title-page ('appendix a')
2396740405.txt,73,50,exact ('references')
2396740448.txt,82,68,exact ('references')
2396740872.txt,79,71,title-page ('appendix a')
2396740877.txt,80,77,exact ('bibliography')
2396740879.txt,110,87,prefix-match ('appendix a')
2396740880.txt,183,73,exact ('bibliography')
2396740893.txt,61,43,exact ('bibliography')
2396740907.txt,102,77,exact ('bibliography')
2396740911.txt,106,18,exact ('references')
2396740939.txt,181,90,exact ('bibliography')
2396740942.txt,82,58,prefix-match ('appendix b')
2396740943.txt,88,65,exact ('references')
2396740944.txt,112,64,exact ('bibliography')
2396740947.txt,83,73,exact ('appendix')
2396763799.txt,78,69,title-page ('appendices')
2396763801.txt,101,98,exact ('references')
2396763802.txt,102,90,exact ('references')
2396831041.txt,71,52,exact ('references')
2396831059.txt,90,77,prefix-match ('appendix a')
2396831061.txt,82,69,exact ('bibliography')
2396860846.txt,55,44,exact ('references')
2396860847.txt,104,74,prefix-match ('appendix a - files in general case folder')
2396860853.txt,129,79,exact ('bibliography')
2396860854.txt,52,44,prefix-match ('appendix a')
2396860857.txt,104,81,exact ('bibliography')
2396860869.txt,118,115,prefix-match ('appendix 1')
2396860875.txt,236,86,exact ('references')
2396860876.txt,86,80,exact ('references')
2396860897.txt,89,69,prefix-match ('appendix a')
2396860900.txt,93,75,exact ('bibliography')
2396860902.txt,114,95,exact ('bibliography')
2396860903.txt,103,80,exact ('bibliography')
2396860904.txt,82,68,exact ('references')
2396860912.txt,168,109,prefix-match ('appendix a')
2396860913.txt,70,57,title-page ('appendix a')
2396860919.txt,110,110,
2396860920.txt,149,111,exact ('bibliography')
2396885845.txt,65,59,exact ('bibliography')
2396944964.txt,142,79,prefix-match ('appendix a')
2396944966.txt,164,94,exact ('references')
2396944967.txt,174,100,title-page ('references')
2396944969.txt,68,41,exact ('references')
2396944970.txt,96,78,exact ('references')
2396944982.txt,127,86,exact ('references')
2396944983.txt,104,95,title-page ('appendices')
2396944984.txt,183,115,exact ('references')
2396944986.txt,71,43,exact ('bibliography')
2396944988.txt,85,71,prefix-match ('appendix a')
2396944992.txt,102,89,exact ('bibliography')
2397097785.txt,110,81,prefix-match ('appendix a')
2397252743.txt,75,67,exact ('bibliography')
2397252750.txt,102,78,title-page ('appendices')
2397252754.txt,166,121,exact ('bibliography')
2397419873.txt,172,141,exact ('appendix')
2397419874.txt,77,62,exact ('references')
2397419875.txt,203,105,exact ('bibliography')
2397419876.txt,116,101,prefix-match ('references ●')
2397419878.txt,59,59,exact ('bibliography')
2397419881.txt,201,143,exact ('bibliography')
2397419883.txt,165,129,title-page ('references')
2397427486.txt,64,61,exact ('references')
2397451227.txt,123,106,exact ('references')
2397471380.txt,69,66,exact ('bibliography')
2397485724.txt,86,77,prefix-match ('appendix a')
2397485729.txt,102,85,exact ('bibliography')
2397533680.txt,63,63,
2397533681.txt,78,57,exact ('references')
2397533683.txt,70,49,prefix-match ('appendix a')
2397533684.txt,106,101,exact ('bibliography')
2397533686.txt,118,105,title-page ('appendix a')
2397533687.txt,79,69,prefix-match ('appendix a')
2397587832.txt,29,27,exact ('references')
2397587833.txt,82,45,exact ('references')
2397587834.txt,89,59,prefix-match ('appendix a')
2397587835.txt,56,54,exact ('bibliography')
2397914540.txt,92,62,exact ('references')
2397914564.txt,65,55,exact ('bibliography')
2397914571.txt,80,76,exact ('references')
2397914608.txt,149,119,prefix-match ('appendix a')
2397914622.txt,90,73,exact ('references')
2397914637.txt,53,44,exact ('bibliography')
2397914639.txt,52,51,exact ('bibliography')
2397914641.txt,75,61,exact ('references')
2397914642.txt,59,59,exact ('litteratur')
2397914647.txt,84,49,prefix-match ('appendixa')
2397914651.txt,58,49,exact ('bibliography')
2397914653.txt,88,87,exact ('bibliography')
2397914667.txt,104,101,exact ('bibliography')
2397914668.txt,110,54,exact ('bibliography')
2397914672.txt,98,89,exact ('references')
2397914674.txt,46,35,exact ('bibliography')
2397914684.txt,106,96,exact ('bibliography')
2397914686.txt,54,37,exact ('references')
2397914688.txt,116,77,prefix-match ('appendix a')
2397914711.txt,174,121,title-page ('appendix a')
2397914726.txt,88,77,exact ('references')
2397914737.txt,91,69,exact ('references')
2397914745.txt,134,129,exact ('references')
2397967526.txt,87,82,exact ('bibliography')
2397967600.txt,63,47,exact ('bibliography')
2397967609.txt,164,89,exact ('bibliography')
2397967631.txt,115,84,exact ('bibliography')
2397967723.txt,147,62,exact ('references')
2397967837.txt,116,109,exact ('references')
2397967896.txt,65,56,prefix-match ('appendix a')
2400565595.txt,186,113,exact ('bibliography')
2400565904.txt,130,85,exact ('appendices')
2405000478.txt,89,67,exact ('bibliography')
2405000479.txt,122,80,exact ('bibliography')
2405000480.txt,50,46,exact ('appendix')
2409669600.txt,99,74,exact ('bibliography')
2409669601.txt,106,78,exact ('references')
2409669603.txt,20,20,exact ('references')
2409669604.txt,134,109,exact ('bibliography')
2409669605.txt,92,72,prefix-match ('appendix b: model')
2409669606.txt,143,77,exact ('bibliography')
2409669610.txt,119,107,exact ('bibliography')
2409669611.txt,136,125,exact ('list of figures')
2409669612.txt,292,117,exact ('bibliografi')
2409669614.txt,33,33,
2409669615.txt,62,61,exact ('bibliography')
2409669616.txt,116,39,exact ('references')
2409669618.txt,110,86,prefix-match ('appendix a')
2409669620.txt,78,62,exact ('references')
2409669621.txt,82,73,exact ('bibliography')
2409669622.txt,51,47,title-page ('appendix a')
2409669623.txt,66,57,exact ('bibliography')
2409669626.txt,86,74,exact ('references')
2409669627.txt,95,63,exact ('references')
2409669628.txt,40,34,exact ('references')
2409669631.txt,76,74,exact ('bibliography')
2409669632.txt,119,84,exact ('bibliography')
2409669635.txt,68,59,exact ('references')
2409669637.txt,111,107,exact ('bibliography')
2409669638.txt,79,43,exact ('references')
2409669639.txt,160,111,exact ('bibliography')
2409669642.txt,84,81,exact ('bibliography')
2409669643.txt,166,166,
2409669646.txt,127,111,title-page ('appendices')
2409669653.txt,55,40,exact ('references')
2409669662.txt,71,68,exact ('references')
2409669667.txt,82,71,exact ('bibliography')
2409669668.txt,105,87,exact ('bibliography')
2409669876.txt,98,87,prefix-match ('appendix a')
2409669888.txt,150,104,prefix-match ('appendix a')
2409669889.txt,152,108,title-page ('references')
2409669890.txt,144,111,prefix-match ('appendix a')
2409669891.txt,79,66,exact ('bibliography')
2409669892.txt,118,101,prefix-match ('appendix a')
2409669894.txt,101,70,exact ('bibliography')
2409669899.txt,124,124,
2409669901.txt,122,73,exact ('bibliography')
2409669907.txt,76,66,exact ('references')
2415417355.txt,138,95,prefix-match ('appendix d: dgu numbers for munkerod and villestof')
2415417377.txt,90,67,exact ('references')
2415417391.txt,90,79,exact ('bibliography')
2417297401.txt,133,120,exact ('references')
2418730351.txt,131,58,exact ('bibliography')
2418730352.txt,114,110,exact ('bibliography')
2418730360.txt,109,97,exact ('references')
2418773310.txt,72,11,exact ('list of figures')
2418773312.txt,140,139,exact ('appendix')
2418773319.txt,111,89,prefix-match ('appendix a')
2419132125.txt,90,71,prefix-match ('appendix a')
2419132127.txt,102,78,exact ('references')
2419132129.txt,84,68,exact ('references')
2419625668.txt,72,69,prefix-match ('appendixes')
2419625669.txt,262,186,title-page ('appendices')
2419625673.txt,113,84,exact ('references')
2424986522.txt,96,77,exact ('bibliography')
2434113115.txt,232,195,exact ('references')
2434136027.txt,110,99,prefix-match ('appendix a')
2434410147.txt,50,45,prefix-match ('appendixa')
2434488968.txt,64,62,exact ('bibliography')
2434626169.txt,74,63,exact ('references')
2434669012.txt,112,107,exact ('bibliography')
2434703278.txt,73,62,exact ('references')
2434703283.txt,315,142,exact ('bibliography')
2434918000.txt,136,107,exact ('bibliography')
2434918031.txt,80,72,exact ('references')
2435185791.txt,85,65,exact ('bibliography')
2435192803.txt,65,65,
2435275912.txt,118,85,exact ('bibliography')
2435275914.txt,82,73,exact ('bibliography')
2435303708.txt,111,107,exact ('references')
2435379105.txt,120,111,title-page ('appendices')
2435436749.txt,91,74,exact ('bibliography')
2435529416.txt,49,49,exact ('bibliography')
2435910184.txt,66,60,exact ('references')
2435987582.txt,94,58,exact ('references')
2436105373.txt,182,163,exact ('bibliography')
2436333772.txt,74,59,prefix-match ('appendixa')
2436333773.txt,111,65,prefix-match ('appendix a')
2436371764.txt,98,73,title-page ('appendices')
2436371766.txt,143,105,exact ('references')
2436371768.txt,116,69,exact ('bibliography')
2436371769.txt,103,83,prefix-match ('appendix a')
2436371770.txt,84,78,exact ('references')
2436371773.txt,69,63,exact ('references')
2436371778.txt,138,109,exact ('bibliography')
2436371779.txt,120,106,exact ('appendix')
2436371780.txt,66,66,
2436371782.txt,93,65,prefix-match ('appendix a')
2436371784.txt,71,67,prefix-match ('appendix a – midpoint scores')
2436371785.txt,117,103,prefix-match ('appendix c')
2436371786.txt,62,51,prefix-match ('appendix a')
2436371787.txt,135,111,exact ('references')
2436371788.txt,83,83,title-page ('appendix appendix 1 –codethe code used in this thesis can be found in the following re')
2436371790.txt,72,63,exact ('bibliography')
2436371791.txt,98,86,exact ('references')
2436371792.txt,94,91,prefix-match ('appendix a')
2436371794.txt,27,27,exact ('bibliography')
2436371795.txt,102,77,exact ('bibliography')
2436371797.txt,84,77,exact ('references')
2436371801.txt,87,63,exact ('bibliography')
2436371802.txt,131,108,exact ('references')
2436371803.txt,58,53,exact ('references')
2436371804.txt,113,66,exact ('references')
2436371805.txt,84,80,exact ('bibliography')
2436371806.txt,41,32,exact ('appendix')
2436377956.txt,103,91,exact ('bibliography')
2436419310.txt,73,55,exact ('bibliography')
2436440055.txt,57,44,exact ('appendix')
2437614193.txt,81,7,exact ('list of figures')
2437629361.txt,151,112,exact ('references')
2437629363.txt,116,93,title-page ('appendices')
2437629366.txt,69,59,title-page ('appendices')
2437629368.txt,90,79,prefix-match ('appendix a')
2437629372.txt,196,137,exact ('bibliography')
2437629376.txt,68,10,exact ('list of figures')
2437666334.txt,85,73,exact ('bibliography')
2437676115.txt,155,101,exact ('references')
2437702448.txt,106,87,exact ('references')
2437702454.txt,168,115,exact ('references')
2437796799.txt,97,89,title-page ('appendix a. dsc experiment result')
2437796800.txt,109,97,exact ('references')
2437796802.txt,116,83,prefix-match ('appendixa')
2437796807.txt,94,87,prefix-match ('appendix a')
2437796808.txt,43,39,exact ('bibliography')
2437796810.txt,504,57,exact ('litteratur')
2437796811.txt,68,52,exact ('references')
2437796812.txt,95,72,exact ('references')
2437796813.txt,50,41,prefix-match ('appendix a')
2437796814.txt,49,33,prefix-match ('appendix a')
2437796819.txt,82,51,exact ('references')
2437796822.txt,177,90,exact ('references')
2437796823.txt,74,73,exact ('bibliography')
2437796825.txt,107,95,exact ('references')
2437796854.txt,114,93,exact ('appendix')
2437796870.txt,69,65,exact ('references')
2437796873.txt,70,63,prefix-match ('appendix a')
2437796877.txt,135,111,exact ('bibliography')
2437805220.txt,122,89,exact ('bibliography')
2437805221.txt,120,81,exact ('bibliography')
2437805238.txt,111,89,exact ('references')
2437805240.txt,68,37,exact ('bibliography')
2437817897.txt,158,109,title-page ('appendix a')
2437817898.txt,72,67,prefix-match ('appendix a')
2437817900.txt,98,95,exact ('bibliography')
2437817901.txt,70,69,exact ('bibliography')
2437817903.txt,147,117,prefix-match ('appendix a')
2437817906.txt,70,66,exact ('references')
2437817907.txt,94,67,prefix-match ('appendix a')
2437817909.txt,169,117,exact ('references')
2437855776.txt,72,63,prefix-match ('appendix a')
2437855832.txt,64,60,exact ('references')
2437905230.txt,87,78,title-page ('appendix')
2437945828.txt,148,99,prefix-match ('appendix a')
2437945865.txt,119,109,exact ('references')
2437945940.txt,98,67,exact ('bibliography')
2437945957.txt,134,117,exact ('list of references')
2437945959.txt,84,81,prefix-match ('appendix a')
2437945962.txt,83,72,exact ('references')
2437945964.txt,145,131,prefix-match ('appendix a')
2437945965.txt,63,54,exact ('references')
2437945966.txt,131,99,title-page ('appendices')
2437945967.txt,85,70,exact ('bibliography')
2437945971.txt,113,102,exact ('references')
2437945972.txt,119,97,title-page ('appendices')
2437945973.txt,148,110,exact ('references')
2437945975.txt,154,131,exact ('bibliography')
2437945976.txt,164,133,prefix-match ('appendix a')
2437945978.txt,100,89,prefix-match ('appendix a')
2437945980.txt,220,83,title-page ('appendix a')
2437945981.txt,81,78,exact ('bibliography')
2437945982.txt,113,112,title-page ('bibliography')
2437945983.txt,76,69,prefix-match ('appendix a')
2437945986.txt,92,68,exact ('references')
2437945987.txt,65,65,
2437945988.txt,316,129,exact ('appendix')
2437945989.txt,137,116,exact ('bibliography')
2437945990.txt,124,95,exact ('references')
2437945991.txt,140,123,title-page ('appendix a')
2437945994.txt,120,53,exact ('references')
2437945996.txt,77,74,exact ('bibliography')
2437945999.txt,72,67,prefix-match ('appendix a')
2437946000.txt,160,135,exact ('references')
2437946002.txt,74,59,prefix-match ('appendix a')
2437946004.txt,104,80,exact ('references')
2437946005.txt,85,83,exact ('bibliography')
2437946008.txt,85,71,exact ('references')
2437946011.txt,81,61,exact ('bibliography')
2437946016.txt,107,87,exact ('bibliography')
2437946017.txt,58,53,exact ('bibliography')
2437946018.txt,179,99,exact ('references')
2437946023.txt,86,79,title-page ('appendix a')
2437946025.txt,86,83,exact ('bibliography')
2437946026.txt,140,113,exact ('bibliography')
2437946031.txt,64,48,prefix-match ('appendix a')
2437946033.txt,116,91,exact ('bibliography')
2437946034.txt,84,79,exact ('bibliography')
2437946035.txt,121,114,exact ('references')
2437946036.txt,117,111,exact ('bibliography')
2437946037.txt,145,51,prefix-match ('appendix c.3')
2437946038.txt,120,117,exact ('bibliography')
2437946039.txt,106,106,
2437946043.txt,114,91,prefix-match ('appendix a')
2437946044.txt,78,60,exact ('references')
2437946046.txt,76,69,title-page ('appendices')
2437946047.txt,130,78,prefix-match ('appendix a')
2437946048.txt,140,134,exact ('references')
2437946049.txt,84,74,exact ('bibliography')
2437946050.txt,119,99,exact ('references')
2437946051.txt,71,52,exact ('bibliography')
2437946052.txt,172,121,exact ('bibliography')
2437946053.txt,78,77,exact ('references')
2437946054.txt,86,81,exact ('references')
2437946055.txt,259,104,exact ('references')
2437946056.txt,78,75,exact ('references')
2437946057.txt,102,81,exact ('references')
2437946059.txt,82,59,title-page ('appendix a')
2437946068.txt,110,79,prefix-match ('appendix 1')
2437946069.txt,194,90,exact ('references')
2437946070.txt,63,57,exact ('references')
2437946072.txt,102,81,prefix-match ('appendix a')
2437946074.txt,217,208,exact ('references')
2437946076.txt,256,138,exact ('references')
2437946077.txt,108,76,exact ('bibliography')
2437946079.txt,142,66,exact ('references')
2437946080.txt,56,55,exact ('references')
2437946081.txt,83,67,exact ('references')
2437946082.txt,134,117,title-page ('appendix a')
2437946083.txt,54,49,title-page ('appendices')
2437946086.txt,86,70,exact ('bibliography')
2437946088.txt,93,85,exact ('bibliography')
2437946089.txt,354,209,prefix-match ('appendix f')
2437946090.txt,110,97,prefix-match ('appendix a')
2437946095.txt,59,50,exact ('references')
2437946097.txt,77,46,exact ('appendix')
2437946098.txt,57,48,title-page ('appendices')
2437946099.txt,82,75,exact ('references')
2437946101.txt,77,53,exact ('bibliography')
2437946102.txt,104,93,title-page ('appendices')
2437946103.txt,423,114,exact ('references')
2437946104.txt,58,47,exact ('appendix')
2437946105.txt,83,45,exact ('references')
2437946107.txt,81,69,exact ('bibliography')
2437946112.txt,43,39,exact ('bibliography')
2437946113.txt,128,79,exact ('references')
2437946114.txt,110,63,exact ('references')
2437946115.txt,73,69,exact ('references')
2437946117.txt,96,92,exact ('bibliography')
2437946118.txt,141,101,exact ('bibliography')
2437946119.txt,89,84,exact ('bibliography')
2437946122.txt,116,99,title-page ('appendices')
2437946124.txt,102,97,prefix-match ('appendix a')
2437946125.txt,79,63,exact ('appendix')
2437946126.txt,104,73,exact ('appendix')
2437946130.txt,45,43,exact ('bibliography')
2437946133.txt,69,60,exact ('bibliography')
2437946136.txt,45,45,exact ('bibliography')
2437946138.txt,114,91,exact ('references')
2437946144.txt,88,79,prefix-match ('appendix a')
2437946145.txt,187,121,exact ('bibliography')
2437946146.txt,103,95,exact ('appendix')
2437946147.txt,143,72,title-page ('appendices')
2437946148.txt,101,70,exact ('references')
2437946149.txt,152,72,exact ('references')
2437946151.txt,83,81,exact ('bibliography')
2437946159.txt,99,94,exact ('references')
2437946167.txt,86,65,exact ('bibliography')
2437946169.txt,89,67,exact ('appendix')
2437946178.txt,73,67,title-page ('appendix a')
2437953475.txt,48,45,prefix-match ('appendix a')
2437953476.txt,112,95,prefix-match ('appendix a')
2437953477.txt,48,46,exact ('bibliography')
2437953479.txt,76,69,prefix-match ('appendix a')
2437953481.txt,338,247,exact ('references')
2437953482.txt,190,115,exact ('bibliography')
2437953483.txt,16,15,exact ('references')
2437953568.txt,67,35,exact ('references')
2437956935.txt,220,111,exact ('references')
2437956938.txt,94,71,prefix-match ('appendix a')
2438005538.txt,65,51,exact ('bibliography')
2438047586.txt,100,87,exact ('bibliography')
2438047588.txt,71,58,exact ('references')
2438047589.txt,125,93,exact ('appendices')
2438063768.txt,62,58,exact ('references')
2438063769.txt,99,68,prefix-match ('appendix a')
2438063775.txt,88,83,exact ('bibliography')
2438063780.txt,68,60,exact ('references')
2438063781.txt,99,75,exact ('bibliography')
2438063793.txt,212,128,title-page ('bibliography')
2438063796.txt,92,86,exact ('reference list')
2438063797.txt,99,57,exact ('references')
2438063801.txt,152,135,title-page ('appendices')
2438063802.txt,219,74,exact ('references')
2438063803.txt,59,57,exact ('references')
2438063807.txt,87,87,
2438063809.txt,84,57,exact ('references')
2438063811.txt,167,135,exact ('references')
2438063813.txt,86,76,exact ('references')
2438063815.txt,68,47,exact ('references')
2438063819.txt,63,58,exact ('references')
2438063820.txt,96,96,
2438063821.txt,62,51,exact ('references')
2438063827.txt,113,73,exact ('bibliography')
2438063828.txt,153,117,exact ('bibliography')
2438063831.txt,110,95,prefix-match ('appendix a')
2438063832.txt,81,79,exact ('references')
2438063834.txt,49,38,exact ('bibliography')
2438063841.txt,72,61,exact ('bibliography')
2438068358.txt,114,99,title-page ('appendices')
2438068359.txt,167,123,exact ('references')
2438068364.txt,133,103,exact ('bibliography')
2438068377.txt,83,68,exact ('bibliography')
2438068390.txt,106,75,prefix-match ('appendix a')
2438068428.txt,142,127,prefix-match ('appendix a')
2438076057.txt,54,44,exact ('references')
2438076059.txt,39,35,exact ('references')
2438076060.txt,131,83,prefix-match ('appendixc')
2438076065.txt,71,68,exact ('bibliography')
2438076076.txt,108,87,title-page ('appendices')
2438076079.txt,79,57,exact ('appendix')
2438076086.txt,53,44,exact ('references')
2438076094.txt,120,91,prefix-match ('appendix a')
2438076095.txt,103,75,exact ('references')
2438076097.txt,66,54,exact ('bibliography')
2438076114.txt,106,70,exact ('bibliography')
2438076115.txt,64,53,exact ('references')
2438076116.txt,74,65,exact ('references')
2438076119.txt,83,52,exact ('references')
2438076122.txt,108,108,
2438083942.txt,56,47,exact ('references')
2438083944.txt,116,87,prefix-match ('appendix a')
2438083945.txt,70,65,exact ('appendix')
2438083947.txt,75,56,exact ('references')
2438083948.txt,221,221,
2438083950.txt,152,127,prefix-match ('appendix a')
2438083952.txt,130,105,exact ('references')
2438083954.txt,65,45,exact ('appendix')
2438083956.txt,101,95,exact ('bibliography')
2438083958.txt,126,112,exact ('references')
2438083959.txt,118,67,exact ('bibliography')
2438083961.txt,118,101,exact ('references')
2438083962.txt,36,34,exact ('references')
2438083963.txt,100,79,exact ('references')
2438083964.txt,300,127,exact ('references')
2438083965.txt,101,62,exact ('bibliography')
2438083966.txt,91,91,
2438083967.txt,124,85,prefix-match ('appendix 1 -  descriptive study')
2438083968.txt,106,71,prefix-match ('appendix a')
2438083970.txt,82,67,title-page ('appendix a')
2438083973.txt,146,89,exact ('references')
2438083974.txt,131,109,prefix-match ('appendix a')
2438083975.txt,226,121,prefix-match ('appendix a')
2438083977.txt,89,86,exact ('bibliography')
2438083978.txt,88,81,exact ('references')
2438083979.txt,138,107,exact ('references')
2438083981.txt,37,36,exact ('references')
2438083983.txt,63,52,exact ('references')
2438083985.txt,92,71,exact ('bibliography')
2438083986.txt,116,106,exact ('references')
2438083988.txt,39,29,exact ('references')
2438083989.txt,87,86,exact ('bibliography')
2438083990.txt,152,131,exact ('bibliography')
2438083993.txt,65,51,exact ('references')
2438083994.txt,142,135,prefix-match ('appendix a')
2438083997.txt,72,53,exact ('references')
2438083998.txt,94,87,prefix-match ('appendix a')
2438083999.txt,99,74,exact ('appendix')
2438084000.txt,134,120,exact ('references')
2438084001.txt,108,65,exact ('bibliography')
2438084003.txt,54,49,exact ('bibliography')
2438084004.txt,128,94,exact ('references')
2438084011.txt,96,79,prefix-match ('appendix a')
2438087769.txt,59,56,exact ('bibliography')
2438100894.txt,59,59,exact ('bibliography')
2438100895.txt,96,81,title-page ('appendix a')
2438100898.txt,86,69,exact ('bibliography')
2438100899.txt,76,75,exact ('bibliography')
2438100906.txt,86,82,exact ('bibliography')
2438100918.txt,61,61,exact ('bibliography')
2438100931.txt,133,117,exact ('bibliography')
2438100933.txt,80,73,exact ('bibliography')
2438101008.txt,143,101,title-page ('appendices')
2438101013.txt,96,79,prefix-match ('appendix a')
2438101016.txt,144,114,exact ('bibliography')
2438101018.txt,122,97,title-page ('appendices')
2438101019.txt,119,95,exact ('bibliography')
2438101025.txt,79,77,exact ('bibliography')
2438101027.txt,77,59,exact ('bibliography')
2438101095.txt,122,116,exact ('references')
2438101098.txt,67,54,exact ('bibliography')
2438101173.txt,70,59,prefix-match ('appendix a')
2438101205.txt,53,47,exact ('bibliography')
2438101206.txt,128,123,exact ('bibliography')
2438101209.txt,90,63,exact ('references')
2438101215.txt,51,51,exact ('appendix')
2438101218.txt,69,67,exact ('bibliography')
2438101221.txt,78,78,exact ('bibliography')
2438297435.txt,110,107,exact ('bibliography')
2438297436.txt,86,79,exact ('bibliography')
2438297438.txt,131,91,exact ('references')
2438297440.txt,213,166,exact ('references')
2438297442.txt,78,64,title-page ('appendix a')
2438297444.txt,182,28,exact ('list of tables')
2438297445.txt,151,116,prefix-match ('appendix a')
2438297446.txt,88,85,exact ('references')
2438297447.txt,133,111,prefix-match ('appendix a')
2438297448.txt,78,67,prefix-match ('appendix a')
2438297452.txt,110,107,exact ('bibliography')
2438297454.txt,138,77,exact ('bibliography')
2438297455.txt,104,97,exact ('references')
2438297456.txt,99,57,exact ('bibliography')
2438297462.txt,94,59,exact ('bibliography')
2438297464.txt,113,87,exact ('bibliography')
2438297466.txt,72,52,prefix-match ('appendixa')
2438297468.txt,116,100,exact ('references')
2438297469.txt,150,85,exact ('references')
2438297479.txt,92,69,title-page ('appendices')
2438297484.txt,84,66,prefix-match ('appendix e: pretest of the inoculum raw data')
2438297486.txt,66,63,exact ('bibliography')
2438297488.txt,115,73,prefix-match ('appendix a')
2438297489.txt,122,103,exact ('bibliography')
2438297492.txt,94,85,prefix-match ('appendix a')
2438297493.txt,137,77,title-page ('appendices')
2438297495.txt,76,71,exact ('bibliography')
2438297498.txt,112,85,exact ('references')
2438297499.txt,107,91,prefix-match ('appendix a')
2438297501.txt,100,85,exact ('bibliography')
2438297504.txt,123,99,exact ('bibliography')
2438371747.txt,106,91,prefix-match ('appendix a')
2438371750.txt,168,137,prefix-match ('appendixa')
2438371751.txt,58,52,exact ('bibliography')
2438417661.txt,254,141,exact ('bibliography')
2438417662.txt,97,87,exact ('bibliography')
2438417663.txt,78,75,exact ('bibliography')
2438417665.txt,129,104,exact ('references')
2438417666.txt,97,82,exact ('references')
2438417673.txt,72,63,title-page ('appendix')
2438417674.txt,83,67,exact ('bibliography')
2438417677.txt,162,99,exact ('bibliography')
2438452320.txt,94,91,exact ('references')
2438452332.txt,92,87,exact ('references')
2438452333.txt,142,91,exact ('references')
2438452334.txt,232,185,title-page ('appendix a')
2438452337.txt,124,113,title-page ('bibliography')
2438452338.txt,90,79,exact ('bibliography')
2438452341.txt,183,127,title-page ('appendices')
2438452342.txt,51,44,exact ('references')
2438452343.txt,31,22,exact ('appendix')
2438452345.txt,83,63,exact ('bibliography')
2438452346.txt,108,73,exact ('bibliography')
2438452347.txt,112,73,prefix-match ('appendix a')
2438452348.txt,89,47,exact ('references')
2438452349.txt,131,91,exact ('references')
2438452369.txt,99,82,title-page ('appendix c: social cost of co2 (sc-co2)the sc-co2is the monetized damages associated with an increm')
2438452370.txt,122,79,title-page ('appendix a')
2438452371.txt,138,134,prefix-match ('appendix a. benchmark study')
2438452379.txt,58,55,prefix-match ('appendix a')
2438452380.txt,78,69,prefix-match ('appendix a')
2438452526.txt,92,74,exact ('references')
2438452528.txt,145,96,exact ('references')
2438452529.txt,97,90,exact ('references')
2438452625.txt,144,127,prefix-match ('appendix a')
2438452627.txt,158,97,exact ('bibliography')
2438452629.txt,140,136,exact ('references')
2438452631.txt,56,55,exact ('bibliography')
2438452632.txt,59,54,exact ('references')
2438452633.txt,56,49,exact ('bibliography')
2438452634.txt,80,49,exact ('references')
2438452638.txt,76,71,exact ('bibliography')
2438452661.txt,69,57,exact ('references')
2438452772.txt,77,65,exact ('references')
2438452774.txt,121,70,exact ('references')
2438452790.txt,111,103,exact ('bibliography')
2438452791.txt,98,91,title-page ('appendix a')
2438452792.txt,102,72,exact ('references')
2438452793.txt,94,79,exact ('appendix')
2438452795.txt,51,42,exact ('references')
2438452796.txt,94,54,exact ('references')
2438452797.txt,205,98,exact ('references')
2438452799.txt,108,91,prefix-match ('appendix a')
2438452804.txt,112,87,exact ('bibliography')
2438452806.txt,88,72,exact ('references')
2438452809.txt,120,102,exact ('bibliography')
2438453050.txt,106,63,title-page ('appendices')
2438453196.txt,117,86,prefix-match ('litterature list')
2438453376.txt,129,128,exact ('appendix')
2438453401.txt,163,120,exact ('bibliography')
2438453456.txt,136,103,prefix-match ('appendix a')
2438453462.txt,42,42,
2438453468.txt,85,63,exact ('references')
2438453478.txt,68,64,exact ('references')
2438453516.txt,110,105,exact ('bibliography')
2438632450.txt,99,69,exact ('references')
2438632453.txt,86,83,exact ('references')
2438632454.txt,99,47,exact ('references')
2438632456.txt,108,87,prefix-match ('appendix a')
2438632458.txt,145,96,exact ('references')
2438632459.txt,91,91,
2438644195.txt,154,128,exact ('bibliography')
2438644196.txt,139,121,exact ('bibliography')
2438647885.txt,65,63,exact ('references')
2438647886.txt,92,61,prefix-match ('appendix a')
2438648279.txt,224,86,exact ('references')
2438648280.txt,128,123,exact ('bibliography')
2438650026.txt,73,58,exact ('references')
2438650684.txt,210,107,exact ('bibliography')
2438651003.txt,96,92,exact ('references')
2438651589.txt,95,84,prefix-match ('appendix a')
2438661501.txt,103,81,title-page ('appendices')
2438661502.txt,182,103,exact ('bibliography')
2438661524.txt,126,66,prefix-match ('appendix a. computer system')
2438661525.txt,82,54,exact ('bibliography')
2438661526.txt,116,113,exact ('references')
2438661527.txt,176,125,prefix-match ('appendix a')
2438661528.txt,150,79,exact ('references')
2438661530.txt,60,55,exact ('bibliography')
2438661532.txt,95,81,exact ('references')
2438661535.txt,137,75,exact ('references')
2438661536.txt,72,68,exact ('references')
2438661537.txt,88,73,exact ('references')
2438676037.txt,82,79,exact ('bibliography')
2438676042.txt,79,59,exact ('references')
2438676043.txt,108,95,exact ('references')
2438676044.txt,86,81,prefix-match ('appendix b')
2438676045.txt,61,61,
2438676047.txt,48,43,exact ('references')
2438676049.txt,79,66,prefix-match ('appendix b')
2438676050.txt,72,69,exact ('bibliography')
2438693907.txt,131,101,prefix-match ('appendix a')
2438693908.txt,76,65,exact ('bibliography')
2438693911.txt,97,90,exact ('references')
2438693915.txt,150,145,exact ('bibliography')
2438693920.txt,147,124,exact ('bibliography')
2438693921.txt,104,95,prefix-match ('appendix a')
2438693922.txt,106,101,prefix-match ('appendix a')
2438693924.txt,67,46,exact ('references')
2438718264.txt,40,38,exact ('references')
2438718266.txt,68,56,exact ('references')
2438718270.txt,84,67,prefix-match ('appendix a')
2438718271.txt,42,40,exact ('bibliography')
2438718272.txt,64,41,exact ('bibliography')
2438791895.txt,107,88,exact ('bibliography')
2438791896.txt,216,177,exact ('bibliography')
2438791899.txt,119,77,exact ('references')
2438791900.txt,109,92,exact ('references')
2438820640.txt,125,125,
2438820641.txt,57,48,exact ('appendices')
2438820642.txt,89,75,exact ('bibliography')
2438820644.txt,154,96,exact ('references')
2438820645.txt,162,115,prefix-match ('appendix a')
2438820647.txt,48,46,exact ('bibliography')
2438832562.txt,56,44,exact ('references')
2438832563.txt,50,39,prefix-match ('appendix a')
2438832574.txt,309,112,exact ('references')
2438832602.txt,65,63,exact ('bibliography')
2438845375.txt,166,97,title-page ('appendix a')
2438845377.txt,106,95,exact ('appendix')
2438845378.txt,117,92,exact ('bibliography')
2438845379.txt,124,96,exact ('references')
2438845380.txt,102,93,prefix-match ('appendix a')
2438845381.txt,110,79,prefix-match ('appendix a')
2438845382.txt,85,77,prefix-match ('appendixa')
2438845383.txt,75,74,exact ('references')
2438845384.txt,134,53,prefix-match ('appendix a')
2438861846.txt,75,65,exact ('appendix')
2438861848.txt,132,123,prefix-match ('appendix a')
2438925529.txt,48,9,exact ('bibliography')
2439028648.txt,91,66,exact ('references')
2439028649.txt,129,80,exact ('references')
2439130020.txt,55,49,exact ('references')
2439130022.txt,68,57,exact ('references')
2439130023.txt,102,93,title-page ('appendix a')
2439168820.txt,147,79,title-page ('appendix a')
2439168824.txt,106,82,exact ('bibliography')
2439168825.txt,72,71,exact ('bibliography')
2439168826.txt,72,57,exact ('references')
2439168827.txt,105,89,exact ('bibliography')
2439168832.txt,114,103,prefix-match ('appendix a')
2439168833.txt,78,67,title-page ('appendices')
2439168837.txt,62,60,exact ('references')
2439248460.txt,83,73,exact ('appendix')
2439248461.txt,167,71,exact ('bibliography')
2439248462.txt,92,53,exact ('references')
2439248463.txt,168,139,exact ('references')
2439270720.txt,119,95,exact ('references')
2439270722.txt,82,51,exact ('bibliography')
2439314115.txt,118,74,exact ('references')
2439314116.txt,56,51,prefix-match ('appendix a')
2439357775.txt,133,90,exact ('references')
2439357776.txt,140,89,prefix-match ('appendix a')
2439357777.txt,108,105,exact ('bibliography')
2439357778.txt,131,82,exact ('bibliography')
2439379057.txt,80,63,exact ('references')
2439407132.txt,184,159,prefix-match ('appendixa')
2439430804.txt,62,48,exact ('references')
2439430807.txt,134,97,prefix-match ('appendix a')
2439430818.txt,81,72,prefix-match ('appendix a. pole-zero identification stability ana')
2439430819.txt,19,19,
2439430820.txt,149,131,exact ('references')
2439454629.txt,68,57,exact ('references')
2439489340.txt,150,97,exact ('bibliography')
2439489343.txt,65,63,exact ('bibliography')
2439550492.txt,92,74,exact ('appendix')
2439550493.txt,125,108,exact ('references')
2439582443.txt,106,80,exact ('bibliography')
2439613651.txt,95,71,exact ('bibliography')
2439657602.txt,103,92,exact ('bibliography')
2439657603.txt,103,81,exact ('bibliography')
2439657606.txt,43,32,exact ('references')
2439657609.txt,85,61,exact ('bibliography')
2439739092.txt,121,85,title-page ('appendices')
2439739093.txt,118,86,title-page ('appendix')
2439739095.txt,96,75,exact ('references')
2439887143.txt,120,120,
2439887144.txt,81,35,exact ('references')
2439887148.txt,130,117,prefix-match ('appendix a')
2439887149.txt,77,59,exact ('bibliography')
2439894043.txt,131,131,
2439894044.txt,18,18,exact ('bibliography')
2439894045.txt,112,95,exact ('bibliography')
2439954245.txt,84,65,title-page ('references')
2439954250.txt,84,79,exact ('bibliography')
2440053082.txt,94,89,exact ('references')
2440053083.txt,166,127,prefix-match ('appendix a')
2440185668.txt,144,99,exact ('bibliography')
2440416484.txt,78,75,exact ('bibliography')
2440438197.txt,194,103,exact ('bibliography')
2440438198.txt,71,63,exact ('references')
2440510524.txt,48,46,exact ('bibliography')
2440586240.txt,54,46,exact ('references')
2440603113.txt,120,71,prefix-match ('appendix a')
2440603114.txt,107,85,title-page ('appendices')
2440701984.txt,78,47,prefix-match ('appendix a')
2440701985.txt,33,32,exact ('bibliography')
2440771034.txt,100,82,exact ('bibliography')
2441017500.txt,75,55,exact ('references')
2441017512.txt,84,81,exact ('bibliography')
2441017515.txt,70,69,exact ('bibliography')
2441042203.txt,76,64,exact ('bibliography')
2441042204.txt,84,84,
2441042206.txt,73,72,exact ('references')
2441217314.txt,55,47,exact ('bibliography')
2441273392.txt,128,119,exact ('list of tables')
2441273394.txt,120,78,exact ('references')
2441346173.txt,59,57,exact ('references')
2441456745.txt,220,168,exact ('bibliography')
2441484591.txt,44,41,exact ('references')
2441495465.txt,180,127,exact ('bibliography')
2441558317.txt,52,48,exact ('appendix')
2441630073.txt,51,45,exact ('references')
2441736034.txt,74,65,title-page ('appendix a')
2441736036.txt,144,141,exact ('references')
2441856517.txt,68,50,exact ('references')
2442053242.txt,58,37,exact ('references')
2442053243.txt,70,61,exact ('bibliography')
2442053244.txt,61,55,exact ('bibliography')
2442411976.txt,108,99,title-page ('appendices')
2442454389.txt,121,95,exact ('bibliography')
2442472719.txt,178,85,exact ('references')
2442538640.txt,70,67,title-page ('appendix a')
2442678007.txt,63,58,exact ('references')
2442715919.txt,146,139,exact ('bibliography')
2442740958.txt,122,77,exact ('references')
2442766069.txt,74,65,title-page ('appendix a')
2443004911.txt,86,75,prefix-match ('appendixa')
2443004913.txt,52,51,exact ('bibliography')
2443101466.txt,70,51,exact ('bibliography')
2443188239.txt,95,85,exact ('bibliography')
2443429726.txt,93,75,prefix-match ('appendix a')
2443526999.txt,198,117,exact ('bibliography')
2443552763.txt,93,62,prefix-match ('appendix a')
2443552831.txt,248,94,exact ('references')
2443553048.txt,231,95,prefix-match ('appendix a')
2443553157.txt,69,59,exact ('references')
2443553166.txt,213,95,exact ('bibliography')
2443553209.txt,102,88,exact ('references')
2443553210.txt,100,77,title-page ('appendix a')
2443553212.txt,35,28,exact ('references')
2443553221.txt,81,74,exact ('appendices')
2443553222.txt,87,39,exact ('references')
2443553223.txt,98,87,prefix-match ('appendix a')
2443553229.txt,139,105,exact ('references')
2443553250.txt,102,91,prefix-match ('appendix a')
2443553251.txt,138,96,title-page ('bibliography')
2443553255.txt,195,98,exact ('bibliography')
2443553272.txt,60,54,exact ('bibliography')
2443553284.txt,74,59,prefix-match ('appendix a')
2443553286.txt,132,93,prefix-match ('appendix a')
2443553473.txt,98,81,exact ('bibliography')
2443553585.txt,89,75,exact ('bibliography')
2443553589.txt,98,81,title-page ('appendix a')
2443553595.txt,70,68,exact ('bibliography')
2443553602.txt,120,73,prefix-match ('appendix a')
2443604287.txt,117,102,exact ('references')
2443604288.txt,173,93,exact ('bibliography')
2443604294.txt,85,73,exact ('references')
2443695158.txt,74,71,exact ('bibliography')
2443695159.txt,98,73,prefix-match ('appendix a')
2443695394.txt,107,89,exact ('references')
2443778271.txt,88,46,exact ('references')
2443778283.txt,90,87,prefix-match ('appendix a')
2443886289.txt,254,187,prefix-match ('appendix a')
2443886290.txt,100,85,prefix-match ('appendix a')
2443886291.txt,56,51,prefix-match ('appendix a')
2443935256.txt,94,77,title-page ('appendix a')
2443960169.txt,76,75,exact ('bibliography')
2443960170.txt,118,73,exact ('bibliography')
2443960179.txt,89,73,prefix-match ('appendixa')
2443960180.txt,108,83,exact ('bibliography')
2443960234.txt,55,49,exact ('references')
2443988054.txt,131,91,exact ('list of tables')
2443988057.txt,107,63,exact ('bibliography')
2443988059.txt,124,81,prefix-match ('appendix a')
2443988077.txt,109,84,exact ('bibliography')
2444066434.txt,138,77,title-page ('appendix')
2444092384.txt,78,64,exact ('references')
2444111016.txt,115,101,exact ('references')
2444111017.txt,175,147,prefix-match ('appendix a')
2444111018.txt,71,52,exact ('appendices')
2444111021.txt,42,39,prefix-match ('appendix a')
2444111022.txt,95,65,exact ('bibliography')
2444111023.txt,58,51,prefix-match ('appendix a')
2444111024.txt,55,49,exact ('references')
2444130462.txt,173,120,title-page ('appendices')
2444175129.txt,84,69,title-page ('appendix a')
2444182067.txt,128,98,exact ('references')
2444215377.txt,74,64,exact ('bibliography')
2444215378.txt,162,123,prefix-match ('appendix a')
2444215379.txt,160,145,exact ('references')
2444215389.txt,212,212,
2444215396.txt,146,115,title-page ('references and appendix')
2444215398.txt,157,157,
2444215403.txt,80,67,exact ('bibliography')
2444215404.txt,92,73,prefix-match ('appendix a')
2444215405.txt,137,95,title-page ('appendix a')
2444215406.txt,120,95,exact ('bibliography')
2444215407.txt,122,117,prefix-match ('appendix a')
2444215409.txt,102,71,prefix-match ('appendix a')
2444215410.txt,121,89,title-page ('appendices')
2444215411.txt,94,87,prefix-match ('appendix a')
2444215412.txt,70,67,exact ('appendix')
2444215413.txt,81,52,exact ('references')
2444215417.txt,68,56,exact ('appendices')
2444215420.txt,88,75,exact ('references')
2444215422.txt,150,105,title-page ('appendices')
2444215424.txt,48,41,prefix-match ('appendix a')
2444215427.txt,126,95,prefix-match ('appendix a')
2444215428.txt,134,69,prefix-match ('appendix a')
2444215431.txt,142,142,
2444215435.txt,126,91,exact ('bibliography')
2444215439.txt,136,130,exact ('references')
2444215451.txt,88,81,exact ('bibliography')
2444215452.txt,82,80,exact ('references')
2444215453.txt,182,164,title-page ('appendix a')
2444215457.txt,118,89,title-page ('appendices')
2444215462.txt,92,67,prefix-match ('appendix a')
2444215465.txt,46,41,exact ('references')
2444215467.txt,96,93,exact ('bibliography')
2444259658.txt,83,55,exact ('bibliography')
2444259659.txt,172,119,exact ('references')
2444259660.txt,123,99,title-page ('appendices')
2444259668.txt,57,49,exact ('bibliography')
2444259669.txt,52,42,exact ('bibliography')
2444259670.txt,174,133,exact ('references')
2444259676.txt,117,39,prefix-match ('appendix e.2')
2444259684.txt,98,73,exact ('bibliography')
2444259687.txt,170,139,exact ('bibliography')
2444259717.txt,222,102,exact ('references')
2444259727.txt,70,67,exact ('bibliography')
2444259731.txt,92,83,exact ('bibliography')
2444259732.txt,126,89,exact ('references')
2444259733.txt,78,66,exact ('references')
2444266064.txt,70,63,exact ('bibliography')
2444373485.txt,150,121,title-page ('appendices')
2444441683.txt,88,88,
2444474322.txt,47,40,exact ('appendices')
2444474330.txt,77,57,exact ('bibliography')
2444474331.txt,180,135,exact ('litteratur')
2444474335.txt,132,113,exact ('bibliography')
2444474339.txt,67,62,exact ('bibliography')
2444474346.txt,84,84,
2444474348.txt,94,84,prefix-match ('appendix a')
2444474352.txt,95,77,exact ('references')
2444474353.txt,187,123,exact ('bibliography')
2444474354.txt,164,115,exact ('bibliography')
2444474358.txt,110,82,exact ('references')
2444474362.txt,126,126,
2444474363.txt,72,59,exact ('bibliography')
2444474365.txt,79,54,exact ('references')
2444474366.txt,95,73,exact ('references')
2444474367.txt,73,61,exact ('bibliography')
2444474369.txt,42,41,exact ('bibliography')
2444474370.txt,79,62,exact ('bibliography')
2444474371.txt,142,101,exact ('bibliography')
2444474372.txt,144,115,exact ('bibliography')
2444474373.txt,154,121,exact ('references')
2444474374.txt,72,57,exact ('bibliography')
2444474397.txt,168,108,exact ('bibliography')
2444474411.txt,70,69,exact ('bibliography')
2444586710.txt,117,72,exact ('references')
2444586711.txt,112,73,exact ('bibliography')
2444586712.txt,102,83,exact ('bibliography')
2444586713.txt,209,87,prefix-match ('appendix a')
2444586714.txt,170,170,
2444586718.txt,29,27,exact ('references')
2444586719.txt,84,83,exact ('bibliography')
2444586720.txt,51,50,exact ('bibliography')
2444586722.txt,116,107,prefix-match ('appendix a')
2444586724.txt,89,63,exact ('references')
2444586727.txt,107,87,exact ('bibliography')
2444586728.txt,60,55,exact ('references')
2444586739.txt,72,58,prefix-match ('appendix a')
2444760383.txt,127,87,title-page ('appendices')
2444760384.txt,227,93,exact ('references')
2444760385.txt,258,179,exact ('bibliography')
2444760386.txt,62,57,prefix-match ('appendix a')
2444760387.txt,105,16,exact ('list of figures')
2444760388.txt,78,61,title-page ('appendices')
2444760392.txt,118,67,exact ('bibliography')
2444760394.txt,89,89,
2444760396.txt,129,62,exact ('references')
2444760397.txt,98,93,prefix-match ('appendix a')
2444760398.txt,74,73,exact ('bibliography')
2444760399.txt,112,87,prefix-match ('appendix a')
2444800815.txt,82,71,exact ('bibliography')
2444800816.txt,156,143,prefix-match ('appendix a')
2445373216.txt,144,79,exact ('bibliography')
2445373242.txt,99,95,title-page ('appendix a')
2445374126.txt,124,84,exact ('references')
2445374160.txt,82,62,exact ('references')
2445374170.txt,95,65,exact ('bibliography')
2445374173.txt,99,93,exact ('appendices')
2445374184.txt,114,112,exact ('bibliography')
2445374196.txt,119,100,exact ('bibliography')
2445374198.txt,83,75,exact ('references')
2445374200.txt,71,67,prefix-match ('appendix a')
2445374201.txt,86,75,prefix-match ('appendix a')
2445374203.txt,110,98,prefix-match ('appendix a')
2445374230.txt,147,99,exact ('references')
2445374232.txt,67,50,exact ('appendices')
2445374241.txt,250,153,exact ('references')
2445374242.txt,52,52,
2445374247.txt,96,88,exact ('references')
2445374249.txt,99,83,prefix-match ('appendix a')
2445374250.txt,98,91,prefix-match ('appendix d')
2445374253.txt,58,55,exact ('references')
2445374254.txt,276,86,exact ('bibliography')
2445374256.txt,78,68,exact ('bibliography')
2445374258.txt,66,60,prefix-match ('appendix a')
2445374259.txt,152,117,prefix-match ('appendix a')
2445374260.txt,110,93,prefix-match ('appendix a')
2445374264.txt,136,96,exact ('references')
2445374267.txt,60,45,exact ('appendix')
2445374271.txt,139,104,exact ('references')
2445374287.txt,66,57,exact ('references')
2445374289.txt,76,68,exact ('bibliography')
2445374290.txt,118,70,exact ('references')
2445374295.txt,145,99,exact ('references')
2445374303.txt,122,87,exact ('bibliography')
2445374307.txt,178,156,exact ('references')
2445374308.txt,82,81,exact ('references')
2445374310.txt,86,59,prefix-match ('appendix a')
2445374319.txt,150,123,prefix-match ('appendix a')
2445374324.txt,102,67,exact ('references')
2445374328.txt,69,68,exact ('references')
2445374335.txt,129,126,exact ('bibliografi')
2445374342.txt,69,66,exact ('references')
2445374353.txt,115,115,
2445374362.txt,101,99,exact ('bibliography')
2445374366.txt,90,86,exact ('references')
2445374373.txt,152,100,exact ('references')
2445374377.txt,84,79,exact ('bibliography')
2445374395.txt,38,36,exact ('references')
2445374400.txt,65,58,exact ('references')
2445374403.txt,79,67,prefix-match ('appendix 1: search criteria of project management ')
2445374406.txt,64,56,title-page ('appendix a')
2445602756.txt,70,69,exact ('references')
2445618800.txt,285,159,exact ('bibliography')
2445618801.txt,162,159,exact ('bibliography')
2445618802.txt,63,63,
2445640330.txt,145,131,title-page ('appendices')
2445640331.txt,129,94,exact ('references')
2445640332.txt,72,63,exact ('bibliography')
2445788943.txt,74,69,exact ('references')
2446231700.txt,58,49,prefix-match ('appendix a')
2446231701.txt,135,81,title-page ('appendices')
2446231702.txt,54,54,
2446231705.txt,91,61,exact ('references')
2446276394.txt,73,63,exact ('references')
2446276396.txt,108,83,exact ('references')
2446276397.txt,63,59,exact ('references')
2446276398.txt,181,61,exact ('bibliografi')
2446611516.txt,63,39,exact ('references')
2446611525.txt,91,81,prefix-match ('appendix a')
2446611551.txt,108,93,exact ('bibliography')
2446627963.txt,146,125,title-page ('appendix ameasured dry film thickness (dft)thi')
2446627964.txt,116,84,exact ('references')
2446627965.txt,90,81,exact ('bibliography')
2446627966.txt,85,13,exact ('list of figures')
2446627968.txt,125,115,prefix-match ('appendix a')
2446627969.txt,99,76,prefix-match ('appendix a. spinner lidar installation')
2446700825.txt,57,52,exact ('bibliography')
2446700827.txt,51,40,exact ('bibliography')
2446747577.txt,166,147,exact ('bibliography')
2446808867.txt,96,91,exact ('bibliography')
2446836340.txt,102,85,exact ('references')
2446836341.txt,64,63,exact ('bibliography')
2446847425.txt,116,91,prefix-match ('appendix a')
2446847432.txt,56,45,exact ('bibliography')
2446847434.txt,76,68,exact ('bibliography')
2446974740.txt,95,69,exact ('references')
2446974741.txt,130,107,prefix-match ('appendix a')
2446974742.txt,74,69,exact ('referencer')
2446992541.txt,222,205,title-page ('appendices')
2447068458.txt,28,24,exact ('references')
2447079537.txt,60,60,exact ('references')
2447097835.txt,102,97,exact ('references')
2447430633.txt,110,107,exact ('bibliography')
2447476402.txt,178,90,title-page ('appendix a')
2447532028.txt,88,78,prefix-match ('appendix matlab')
2447532029.txt,87,76,exact ('bibliography')
2447647823.txt,60,59,exact ('bibliography')
2447727648.txt,101,61,exact ('litteraturliste')
2447727650.txt,66,63,exact ('references')
2447742077.txt,68,62,exact ('references')
2448106657.txt,173,82,exact ('bibliography')
2448324421.txt,61,52,exact ('references')
2448324480.txt,118,96,exact ('references')
2448324484.txt,76,57,exact ('references')
2448497055.txt,29,25,exact ('references')
2448497056.txt,74,73,exact ('bibliography')
2448616106.txt,93,52,exact ('referencer')
2448616107.txt,108,93,title-page ('appendices')
2448616203.txt,99,11,exact ('list of figures')
2448616219.txt,252,102,exact ('bibliography')
2448616336.txt,111,101,prefix-match ('appendix a')
2448777767.txt,150,105,exact ('references')
2449259844.txt,80,69,prefix-match ('appendix a')
2449307142.txt,61,56,exact ('reference list')
2449346304.txt,177,83,exact ('referencer')
2449444316.txt,114,99,title-page ('appendix a')
2449672362.txt,179,119,exact ('bibliography')
2450155143.txt,89,73,exact ('kildeliste')
2450155152.txt,90,85,exact ('references')
2450155154.txt,84,15,exact ('list of tables')
2450155189.txt,63,48,exact ('references')
2450280097.txt,86,81,prefix-match ('appendix a')
2450280098.txt,157,115,exact ('bibliography')
2450280101.txt,84,73,exact ('bibliography')
2450280104.txt,75,67,prefix-match ('appendix a')
2450280106.txt,89,84,exact ('bibliography')
2450280287.txt,88,83,exact ('bibliography')
2450280292.txt,66,57,prefix-match ('appendix a')
2450280293.txt,70,61,prefix-match ('appendix a')
2450280297.txt,63,62,exact ('references')
2450280310.txt,183,84,exact ('references')
2450280312.txt,135,88,exact ('bibliography')
2450280331.txt,79,63,exact ('references')
2450280332.txt,142,125,exact ('bibliography')
2450280336.txt,120,99,prefix-match ('appendix a')
2450280338.txt,92,79,prefix-match ('appendix a')
2450280339.txt,90,55,exact ('references')
2450280347.txt,170,170,
2450280348.txt,87,80,exact ('bibliography')
2450280349.txt,140,123,prefix-match ('appendix a')
2450280350.txt,55,47,exact ('references')
2450280356.txt,73,56,exact ('bibliography')
2450280357.txt,97,83,exact ('references')
2450280358.txt,66,61,prefix-match ('appendix b - inhibition assay pictures')
2450280366.txt,93,71,prefix-match ('appendix a')
2450280370.txt,112,72,exact ('references')
2450280478.txt,88,83,title-page ('appendix a')
2450383362.txt,108,76,exact ('references')
2450383428.txt,163,94,exact ('bibliography')
2450542265.txt,116,91,exact ('references')
2450542267.txt,139,101,exact ('bibliography')
2450542271.txt,97,85,exact ('bibliography')
2450542272.txt,68,65,exact ('bibliography')
2450542274.txt,107,85,exact ('bibliography')
2450592291.txt,124,108,exact ('references')
2450655057.txt,58,57,exact ('bibliography')
2450655058.txt,90,73,exact ('references')
2450655074.txt,138,48,exact ('references')
2450666120.txt,87,68,exact ('bibliography')
2450677476.txt,138,114,exact ('bibliography')
2450711974.txt,187,79,exact ('references')
2450711977.txt,102,97,exact ('references')
2450711978.txt,107,99,exact ('bibliography')
2450741709.txt,39,39,
2450741792.txt,64,37,exact ('references')
2450741910.txt,204,133,exact ('bibliography')
2450772836.txt,86,75,prefix-match ('appendix a')
2450820485.txt,99,77,prefix-match ('appendix a')
2450820490.txt,126,87,prefix-match ('appendix a')
2450820493.txt,110,83,prefix-match ('appendix a')
2450820494.txt,122,101,prefix-match ('appendix a')
2450820495.txt,128,109,prefix-match ('appendix a')
2450820585.txt,103,81,exact ('references')
2450876296.txt,201,201,
2450876360.txt,120,105,exact ('appendix')
2450876373.txt,67,31,exact ('references')
2450882894.txt,88,71,exact ('bibliography')
2450921605.txt,75,71,exact ('references')
2450921609.txt,87,85,exact ('bibliography')
2450921667.txt,99,85,prefix-match ('appendix a')
2450935198.txt,87,74,exact ('bibliography')
2450935207.txt,89,71,exact ('references')
2450944578.txt,60,42,exact ('references')
2450944603.txt,93,81,exact ('references')
2450968986.txt,98,87,prefix-match ('appendix a')
2450969000.txt,84,75,prefix-match ('appendixa')
2450969050.txt,134,83,exact ('bibliography')
2451028492.txt,52,48,exact ('references')
2451028493.txt,96,79,title-page ('appendices')
2451028499.txt,70,58,exact ('references')
2451028500.txt,140,91,exact ('bibliography')
2451028502.txt,99,79,exact ('bibliography')
2451028508.txt,115,43,exact ('references')
2451028509.txt,74,62,exact ('references')
2451028516.txt,110,61,exact ('references')
2451028546.txt,104,84,exact ('bibliography')
2451028569.txt,150,137,exact ('bibliography')
2451028579.txt,116,53,exact ('bibliography')
2451028605.txt,104,81,exact ('bibliography')
2451028608.txt,88,85,exact ('references')
2451028610.txt,162,92,exact ('references')
2451028612.txt,150,141,title-page ('bibliography')
2451028616.txt,143,141,exact ('bibliography')
2451028623.txt,110,109,exact ('bibliography')
2451028626.txt,119,116,exact ('references')
2451028628.txt,82,64,exact ('references')
2451028629.txt,101,89,exact ('references')
2451028633.txt,87,81,exact ('references')
2451028636.txt,86,83,exact ('bibliography')
2451028641.txt,136,75,exact ('references')
2451028643.txt,147,121,prefix-match ('appendix a')
2451028644.txt,175,120,exact ('bibliography')
2451028645.txt,129,89,exact ('references')
2451028646.txt,73,63,exact ('references')
2451028647.txt,112,49,prefix-match ('appendix: transforming into a rotating frame')
2451028648.txt,131,121,exact ('references')
2451028650.txt,93,82,exact ('bibliography')
2451028651.txt,90,71,prefix-match ('appendix a')
2451028653.txt,99,70,exact ('bibliography')
2451028659.txt,234,95,prefix-match ('appendix a')
2451028660.txt,240,240,
2451028680.txt,136,89,exact ('references')
2451028701.txt,118,101,prefix-match ('appendixa')
2451028716.txt,92,72,exact ('references')
2451028751.txt,104,87,exact ('bibliography')
2451028777.txt,94,68,exact ('references')
2451028865.txt,140,129,prefix-match ('appendix b')
2451028869.txt,95,83,prefix-match ('appendix a')
2451028878.txt,102,61,exact ('references')
2451028879.txt,87,76,exact ('references')
2451028882.txt,98,89,prefix-match ('appendix a')
2451028883.txt,76,67,prefix-match ('appendix a')
2451028884.txt,136,81,title-page ('appendix a')
2451028888.txt,130,119,prefix-match ('appendix a')
2451028889.txt,100,96,exact ('bibliography')
2451028890.txt,67,50,exact ('references')
2451028893.txt,104,98,exact ('references')
2451028894.txt,140,101,exact ('bibliography')
2451028896.txt,141,133,title-page ('references')
2451028900.txt,79,58,prefix-match ('appendix a')
2451028904.txt,225,119,exact ('bibliography')
2451028907.txt,65,59,exact ('references')
2451028908.txt,47,38,exact ('referencer')
2451028911.txt,64,64,exact ('appendix')
2451028912.txt,190,137,exact ('bibliography')
2451028914.txt,134,134,
2451028916.txt,57,40,exact ('references')
2451028917.txt,47,45,exact ('references')
2451028918.txt,62,61,exact ('bibliography')
2451028919.txt,88,55,exact ('bibliography')
2451028920.txt,80,79,exact ('bibliography')
2451028921.txt,173,109,exact ('bibliography')
2451028923.txt,172,76,exact ('references')
2451028925.txt,169,54,exact ('references')
2451028926.txt,68,63,exact ('references')
2451028928.txt,88,87,exact ('bibliography')
2451028929.txt,177,77,exact ('references')
2451028930.txt,69,65,exact ('bibliography')
2451028932.txt,134,126,exact ('references')
2451028937.txt,202,126,exact ('list of figures')
2451028938.txt,84,71,exact ('bibliography')
2451028939.txt,66,56,exact ('bibliography')
2451028945.txt,32,20,exact ('references')
2451028948.txt,77,67,prefix-match ('appendix a')
2451028951.txt,69,62,exact ('references')
2451028953.txt,128,124,exact ('bibliography')
2451029027.txt,101,69,exact ('bibliography')
2451029034.txt,95,81,prefix-match ('appendix a')
2451029038.txt,104,93,prefix-match ('appendix a')
2451029044.txt,46,30,exact ('references')
2451029052.txt,124,101,prefix-match ('appendix a')
2451029053.txt,102,78,exact ('bibliography')
2451029055.txt,256,255,exact ('bibliography')
2451029058.txt,78,65,exact ('bibliography')
2451029059.txt,139,89,prefix-match ('bilag a')
2451029060.txt,93,76,prefix-match ('appendix a')
2451029061.txt,101,87,exact ('references')
2451029062.txt,82,72,exact ('appendix')
2451029063.txt,94,81,prefix-match ('appendix a')
2451029065.txt,121,39,exact ('references')
2451029067.txt,105,63,exact ('references')
2451029072.txt,78,75,exact ('bibliography')
2451029076.txt,64,64,exact ('bibliography')
2451029077.txt,78,75,exact ('bibliography')
2451029078.txt,47,40,exact ('bibliography')
2451029079.txt,76,61,exact ('references')
2451029080.txt,74,58,exact ('bibliography')
2451029081.txt,69,67,exact ('appendix')
2451029082.txt,92,85,prefix-match ('appendix a')
2451029084.txt,89,66,exact ('bibliography')
2451029089.txt,35,33,exact ('references')
2451029107.txt,102,79,title-page ('appendices')
2451029119.txt,129,101,exact ('references')
2451029130.txt,111,81,exact ('bibliography')
2451029139.txt,79,76,exact ('references')
2451029146.txt,98,71,prefix-match ('appendix b')
2451029150.txt,75,57,prefix-match ('appendix a')
2451029163.txt,107,93,exact ('bibliography')
2451091221.txt,48,43,prefix-match ('appendix a')
2451091222.txt,101,73,exact ('references')
2451091226.txt,92,81,prefix-match ('appendix a')
2451091228.txt,30,30,exact ('references')
2451091229.txt,71,60,exact ('references')
2451091231.txt,93,68,exact ('references')
2451091232.txt,94,83,exact ('references')
2451091235.txt,101,78,exact ('bibliography')
2451139201.txt,76,71,title-page ('appendix')
2451139202.txt,65,55,prefix-match ('appendixes')
2451139203.txt,138,63,prefix-match ('appendix a')
2451139204.txt,96,80,exact ('references')
2451139206.txt,63,50,title-page ('appendix a')
2451139207.txt,54,53,exact ('references')
2451153124.txt,110,76,exact ('references')
2451153125.txt,98,97,exact ('bibliography')
2451153127.txt,62,53,exact ('bibliography')
2451153129.txt,108,90,exact ('references')
2451153131.txt,105,99,exact ('bibliography')
2451153135.txt,128,121,exact ('references')
2451153140.txt,104,92,exact ('bibliography')
2451153141.txt,64,60,title-page ('appendix a')
2451153142.txt,97,94,exact ('reference list')
2451153155.txt,79,73,exact ('appendix')
2451153158.txt,78,77,exact ('references')
2451153166.txt,86,68,exact ('bibliography')
2451153167.txt,60,56,exact ('bibliography')
2451153186.txt,79,68,exact ('references')
2451153189.txt,84,49,exact ('reference list')
2451153199.txt,82,71,prefix-match ('appendix a')
2451153203.txt,86,75,exact ('references')
2451153204.txt,124,89,title-page ('appendices')
2451166349.txt,90,74,prefix-match ('appendix a')
2451166487.txt,42,36,exact ('appendix')
2451175590.txt,139,91,title-page ('appendices')
2451175592.txt,117,115,exact ('references')
2451175598.txt,77,57,exact ('bibliography')
2451175603.txt,84,75,prefix-match ('appendix a')
2451175604.txt,95,63,exact ('references')
2451175609.txt,133,89,exact ('bibliography')
2451175610.txt,103,64,exact ('references')
2451175611.txt,82,81,exact ('bibliography')
2451175613.txt,117,92,exact ('bibliography')
2451175614.txt,114,97,prefix-match ('appendix a')
2451175615.txt,60,56,exact ('bibliography')
2451175628.txt,112,85,prefix-match ('appendix a')
2451175662.txt,97,69,exact ('bibliography')
2451175665.txt,94,83,title-page ('appendices')
2451175666.txt,130,75,exact ('appendix')
2451175670.txt,217,211,exact ('bibliography')
2451175671.txt,96,73,exact ('references')
2451175689.txt,63,58,exact ('bibliography')
2451175807.txt,99,93,prefix-match ('appendix a')
2451182432.txt,80,68,exact ('references')
2451182434.txt,72,67,title-page ('appendix a')
2451182435.txt,31,30,exact ('references')
2451182467.txt,143,129,exact ('list of references')
2451182560.txt,98,70,exact ('references')
2451182778.txt,91,81,exact ('appendix')
2451183674.txt,47,46,exact ('references')
2451183826.txt,162,162,
2451190018.txt,77,59,exact ('references')
2451190019.txt,76,52,"prefix-match ('appendix 2, interview lars binau')"
2451190043.txt,125,119,exact ('bibliography')
2451229717.txt,138,70,exact ('references')
2451229718.txt,74,60,prefix-match ('appendix a')
2451229723.txt,89,44,exact ('references')
2451314125.txt,150,96,exact ('appendices')
2451314126.txt,124,111,prefix-match ('appendix a')
2451314127.txt,130,109,exact ('references')
2451314128.txt,87,79,prefix-match ('appendix a')
2451314133.txt,98,89,prefix-match ('appendix a')
2452018740.txt,60,45,exact ('references')
2452018741.txt,112,79,prefix-match ('appendix a')
2452018742.txt,66,63,exact ('bibliography')
2452018743.txt,100,89,title-page ('appendix a')
2452018744.txt,124,75,title-page ('appendices')
2452032971.txt,116,107,title-page ('appendices')
2452032995.txt,55,48,exact ('references')
2452033036.txt,78,65,exact ('appendix')
2452033410.txt,136,96,exact ('bibliography')
2452033415.txt,102,71,exact ('bibliography')
2452033426.txt,51,49,exact ('references')
2452037930.txt,84,63,title-page ('appendices')
2452037931.txt,101,61,title-page ('appendices')
2452037932.txt,140,91,exact ('references')
2452037933.txt,150,125,exact ('bibliography')
2452037935.txt,115,103,exact ('bibliography')
2452037936.txt,109,102,exact ('references')
2452037937.txt,81,55,prefix-match ('appendix a')
2452037939.txt,163,65,title-page ('appendices')
2452037940.txt,70,59,title-page ('appendix')
2452037966.txt,146,74,exact ('bibliography')
2452037971.txt,122,73,exact ('list of figures')
2452038022.txt,83,67,prefix-match ('appendix a')
2452038023.txt,182,137,prefix-match ('appendix a')
2452038102.txt,90,85,exact ('bibliography')
2452038130.txt,139,135,exact ('references')
2452038145.txt,194,151,prefix-match ('appendix a')
2452038147.txt,108,38,exact ('references')
2452217966.txt,90,81,exact ('bibliography')
2452218022.txt,70,64,exact ('references')
2452634717.txt,88,71,exact ('bibliography')
2452634718.txt,106,89,exact ('bibliography')
2452634757.txt,122,85,exact ('bibliography')
2452634761.txt,104,84,exact ('list of figures')
2452634763.txt,82,65,exact ('references')
2452663736.txt,84,69,exact ('references')
2452682699.txt,154,118,exact ('bibliography')
2452682707.txt,230,143,title-page ('appendices')
2452682709.txt,103,67,exact ('bibliography')
2452682718.txt,171,69,exact ('references')
2452682719.txt,182,115,exact ('bibliography')
2452682728.txt,178,129,prefix-match ('appendixes')
2452682732.txt,156,96,exact ('references')
2452682738.txt,62,48,exact ('references')
2452682771.txt,98,83,exact ('bibliography')
2452682782.txt,124,95,exact ('appendix')
2452682869.txt,142,118,title-page ('appendices')
2452682876.txt,137,122,exact ('bibliography')
2452682879.txt,143,76,exact ('references')
2452682899.txt,122,93,title-page ('appendices')
2452682957.txt,1,1,
2452696264.txt,65,59,exact ('references')
2452727871.txt,49,33,exact ('references')
2452727885.txt,92,88,exact ('references')
2452727889.txt,116,91,exact ('bibliography')
2452788198.txt,90,90,
2452788200.txt,103,91,exact ('references')
2452788201.txt,149,87,prefix-match ('appendix a')
2452788207.txt,134,117,prefix-match ('appendix a')
2452812532.txt,84,61,exact ('bibliography')
2452812536.txt,113,89,exact ('bibliography')
2452812542.txt,124,77,exact ('references')
2452812545.txt,83,53,exact ('references')
2452812548.txt,146,129,exact ('references')
2452825565.txt,55,52,exact ('references')
2452825566.txt,74,65,exact ('references')
2452825568.txt,126,88,exact ('bibliography')
2452825570.txt,155,127,exact ('bibliography')
2452825581.txt,81,74,title-page ('appendix name')
2452840517.txt,78,77,exact ('bibliography')
2452917404.txt,142,111,prefix-match ('appendix a')
2452917406.txt,158,113,exact ('references')
2452917413.txt,65,57,exact ('bibliography')
2452917421.txt,192,78,prefix-match ('appendix a')
2452917425.txt,229,229,prefix-match ('appendix m - division of workload')
2452917434.txt,197,131,prefix-match ('appendix a')
2452917469.txt,162,101,exact ('references')
2452917480.txt,120,108,exact ('bibliography')
2452917484.txt,82,80,exact ('references')
2452917493.txt,151,83,prefix-match ('appendix a')
2452917498.txt,171,161,exact ('bibliography')
2452917504.txt,55,45,exact ('references')
2452917506.txt,48,6,exact ('list of figures')
2452917513.txt,102,17,exact ('references')
2452917516.txt,82,73,prefix-match ('appendixa')
2452917517.txt,52,49,title-page ('appendix a')
2452917518.txt,101,88,exact ('references')
2452917559.txt,164,128,exact ('bibliography')
2452917567.txt,68,62,exact ('references')
2452917570.txt,94,91,exact ('bibliography')
2452917593.txt,63,59,exact ('references')
2452917603.txt,134,117,prefix-match ('appendix a')
2452917605.txt,38,35,exact ('references')
2452917610.txt,106,94,exact ('references')
2452917634.txt,178,81,exact ('bibliography')
2452917689.txt,90,69,exact ('bibliography')
2452917707.txt,57,45,exact ('references')
2452917732.txt,130,101,exact ('bibliography')
2452917741.txt,64,58,exact ('bibliography')
2452917746.txt,94,91,title-page ('appendix a')
2452917804.txt,79,74,exact ('references')
2452917928.txt,93,80,prefix-match ('appendix a: structural validation cases')
2452917981.txt,120,85,exact ('bibliography')
2452918005.txt,108,82,exact ('references')
2452918015.txt,46,41,exact ('references')
2452918033.txt,154,89,exact ('references')
2452918038.txt,66,63,exact ('bibliography')
2452975986.txt,77,60,exact ('bibliography')
2452975991.txt,89,63,exact ('references')
2453020886.txt,176,32,exact ('references')
2453020887.txt,102,66,exact ('references')
2453020892.txt,100,77,exact ('references')
2453020895.txt,85,76,exact ('bibliography')
2453020899.txt,84,77,prefix-match ('appendix a')
2453020901.txt,81,69,exact ('bibliography')
2453302195.txt,72,55,exact ('bibliography')
2453302196.txt,98,92,exact ('bibliography')
2453302197.txt,142,118,exact ('bibliography')
2453302201.txt,92,68,exact ('references')
2453302207.txt,62,57,prefix-match ('appendix a')
2453302216.txt,84,69,exact ('references')
2453302238.txt,153,151,exact ('bibliography')
2453302245.txt,138,127,title-page ('appendices')
2453302246.txt,72,63,title-page ('appendices')
2453302250.txt,96,79,exact ('references')
2453302265.txt,114,99,exact ('bibliography')
2453302266.txt,62,56,exact ('references')
2453302267.txt,136,95,prefix-match ('appendix a')
2453302268.txt,80,73,prefix-match ('appendix a')
2453314479.txt,144,85,exact ('bibliography')
2453314481.txt,98,59,exact ('bibliography')
2453314484.txt,71,64,exact ('bibliography')
2453314505.txt,249,211,exact ('bibliography')
2453325254.txt,95,55,exact ('references')
2453325255.txt,136,81,exact ('bibliography')
2453337435.txt,119,94,exact ('bibliography')
2453337453.txt,123,69,title-page ('appendices')
2453337459.txt,59,46,title-page ('appendix a')
2453337491.txt,123,87,prefix-match ('appendix a')
2453337497.txt,74,70,exact ('appendix')
2453337516.txt,79,60,exact ('bibliography')
2453337522.txt,92,86,exact ('appendices')
2453337526.txt,141,99,exact ('list of figures')
2453337540.txt,128,94,exact ('references')
2453337548.txt,172,127,prefix-match ('appendix a')
2453337552.txt,80,75,prefix-match ('appendix a')
2453337558.txt,88,77,exact ('references')
2453337822.txt,136,88,exact ('references')
2453337983.txt,132,99,exact ('references')
2453338042.txt,98,78,exact ('bibliography')
2453338046.txt,49,46,exact ('references')
2453338068.txt,73,71,exact ('bibliography')
2453338081.txt,44,31,exact ('references')
2453338089.txt,86,73,exact ('bibliography')
2453439886.txt,76,76,
2453439908.txt,94,85,prefix-match ('appendix a')
2453440080.txt,55,54,exact ('references')
2453499462.txt,86,73,prefix-match ('appendix a')
2453508175.txt,131,72,exact ('references')
2453508180.txt,130,115,prefix-match ('appendix a')
2453508183.txt,172,135,exact ('bibliography')
2453517856.txt,121,85,exact ('bibliography')
2453517858.txt,134,87,prefix-match ('appendix a')
2453517859.txt,81,67,exact ('appendix')
2453517861.txt,70,59,exact ('references')
2453540327.txt,245,113,exact ('bibliography')
2453540332.txt,97,85,exact ('references')
2453540335.txt,58,55,exact ('bibliography')
2453540343.txt,122,92,exact ('bibliography')
2453540352.txt,65,45,exact ('references')
2453540354.txt,76,41,exact ('references')
2453540369.txt,197,127,exact ('bibliography')
2453652786.txt,93,70,exact ('appendix')
2453685636.txt,62,55,exact ('bibliography')
2453685651.txt,86,61,title-page ('appendix a')
2453685671.txt,113,107,exact ('appendix')
2455566870.txt,90,74,exact ('references')
2455566900.txt,98,72,prefix-match ('appendix a')
2455566919.txt,92,63,exact ('references')
2455566973.txt,131,106,exact ('references')
2455567036.txt,64,54,exact ('appendix')
2455567044.txt,64,63,exact ('bibliography')
2460636939.txt,101,67,exact ('appendix')
2460636962.txt,92,73,prefix-match ('appendix a')
2460637080.txt,150,121,exact ('bibliography')
2460637293.txt,77,52,exact ('references')
2460637512.txt,121,107,exact ('list of figures')
2460637544.txt,86,86,exact ('appendix')
2462436114.txt,111,81,exact ('bibliography')
2462436190.txt,120,78,exact ('references')
2462436306.txt,126,111,exact ('references')
2462436312.txt,105,87,exact ('references')
2462436355.txt,81,14,exact ('appendix')
2462436370.txt,112,63,exact ('bibliography')
2462821791.txt,120,72,exact ('references')
2462933473.txt,67,67,
2462933479.txt,108,108,
2462933485.txt,84,84,
2463007408.txt,146,98,exact ('bibliography')
2463007541.txt,50,42,exact ('bibliography')
2463100025.txt,204,117,exact ('bibliography')
2463100051.txt,45,45,exact ('bibliography')
2463189276.txt,64,64,
2463189291.txt,102,100,exact ('bibliography')
2463189379.txt,64,63,exact ('bibliography')
2463189394.txt,82,62,exact ('bibliography')
2463232526.txt,82,74,exact ('reference list')
2463232533.txt,136,111,exact ('bibliography')
2463547206.txt,88,79,exact ('bibliography')
2463602590.txt,134,128,prefix-match ('appendix b - pictures')
2463602591.txt,107,73,title-page ('appendix a')
2463782199.txt,94,81,title-page ('appendix a')
2464006488.txt,192,112,exact ('bibliography')
2464006490.txt,147,121,exact ('references')
2464006491.txt,102,89,title-page ('appendix a')
2464663924.txt,106,95,title-page ('appendix')
2464663925.txt,138,77,exact ('references')
2465062078.txt,122,68,exact ('bibliography')
2466177178.txt,92,91,exact ('references')
2466522925.txt,81,76,exact ('references')
2466618301.txt,108,104,exact ('bibliography')
2466716262.txt,95,73,exact ('bibliography')
2467038928.txt,26,25,exact ('references')
2467096213.txt,62,57,exact ('references')
2467168807.txt,32,22,prefix-match ('appendix b. additional findings')
2467766059.txt,108,107,exact ('references')
2467766061.txt,103,77,exact ('bibliography')
2467822454.txt,92,69,exact ('bibliography')
2467822464.txt,99,87,exact ('referencer')
2469779582.txt,89,84,exact ('references')
2469845334.txt,68,64,exact ('bibliography')
2470274075.txt,78,73,exact ('references')
2470914854.txt,22,21,exact ('references')
2471512194.txt,84,39,exact ('bibliography')
2471512195.txt,61,30,exact ('references')
2472807541.txt,95,59,prefix-match ('appendix a')
2477420063.txt,49,45,exact ('references')
2477420174.txt,102,85,title-page ('appendices')
2478236144.txt,60,53,title-page ('appendices')
2478391011.txt,98,88,exact ('appendix')
2478636834.txt,63,42,exact ('references')
2478636835.txt,68,63,prefix-match ('appendix a')
2483099750.txt,68,54,exact ('references')
2483345587.txt,82,82,
2483379750.txt,52,33,exact ('references')
2483379757.txt,90,68,exact ('references')
2483379762.txt,116,109,prefix-match ('appendix a')
2483379770.txt,67,57,exact ('bibliography')
2483520194.txt,94,91,prefix-match ('appendix a')
2483520195.txt,72,69,exact ('bibliography')
2483520198.txt,132,105,prefix-match ('appendix a')
2483699263.txt,134,115,prefix-match ('appendix a')
2483726620.txt,138,101,exact ('bibliography')
2483805901.txt,129,115,exact ('bibliography')
2483999973.txt,106,103,exact ('references')
2484099442.txt,74,55,title-page ('appendices')
2486844709.txt,58,51,prefix-match ('appendix a')
2487468778.txt,114,92,prefix-match ('appendix a')
2489514285.txt,68,61,prefix-match ('appendix a')
2489514286.txt,42,37,exact ('references')
2489514287.txt,53,46,exact ('references')
2489514289.txt,142,142,
2489514290.txt,118,77,exact ('bibliography')
2489514292.txt,64,55,exact ('references')
2489514436.txt,83,75,exact ('references')
2489514473.txt,78,75,title-page ('appendix a')
2489514530.txt,88,71,exact ('references')
2489514636.txt,152,107,prefix-match ('appendix a')
2489514641.txt,60,56,exact ('references')
2489514642.txt,105,88,prefix-match ('appendix a: power surface')
2489514643.txt,69,53,prefix-match ('appendix a')
2489514645.txt,127,114,exact ('bibliography')
2489514646.txt,81,73,prefix-match ('appendix a')
2489514648.txt,148,111,prefix-match ('appendix a')
2489514652.txt,88,77,prefix-match ('appendix a')
2489514653.txt,48,44,exact ('references')
2489514655.txt,207,182,exact ('references')
2489514657.txt,24,22,exact ('references')
2489514659.txt,100,100,
2490470815.txt,108,57,exact ('references')
2490470816.txt,117,77,exact ('references')
2490470817.txt,87,60,exact ('bibliography')
2491839335.txt,51,45,exact ('references')
2491839336.txt,70,61,exact ('bibliography')
2491839338.txt,70,61,exact ('bibliography')
2494015354.txt,74,56,exact ('appendix')
2494213422.txt,65,59,exact ('references')
2494499844.txt,66,64,exact ('references')
2494957865.txt,54,53,exact ('references')
2494993749.txt,103,82,exact ('bibliography')
2494993757.txt,46,41,exact ('references')
2494993762.txt,82,57,exact ('references')
2494993763.txt,115,115,
2494993772.txt,120,114,exact ('bibliography')
2494993775.txt,79,61,exact ('bibliography')
2495051157.txt,80,70,exact ('bibliography')
2495051162.txt,122,97,prefix-match ('appendix a')
2495051186.txt,118,43,exact ('references')
2495051199.txt,83,68,prefix-match ('appendix a')
2495110115.txt,131,129,exact ('references')
2495110122.txt,177,138,exact ('references')
2495324782.txt,73,71,exact ('bibliography')
2495324783.txt,76,59,exact ('references')
2495324788.txt,78,13,exact ('list of tables')
2495324790.txt,10,10,
2495324797.txt,49,45,exact ('references')
2495783668.txt,194,143,exact ('references')
2495783673.txt,193,105,prefix-match ('appendix a')
2495783676.txt,157,103,prefix-match ('appendix a')
2495783677.txt,46,41,exact ('references')
2495783681.txt,66,57,prefix-match ('appendix a')
2495783683.txt,34,32,exact ('bibliography')
2495864865.txt,184,131,prefix-match ('appendix a')
2495864883.txt,87,81,title-page ('appendix a')
2496058226.txt,105,84,exact ('bibliography')
2496058228.txt,64,55,prefix-match ('appendix a')
2496058232.txt,54,46,exact ('bibliography')
2496058240.txt,101,89,prefix-match ('appendix a')
2496058244.txt,192,137,exact ('bibliography')
2496058262.txt,148,137,exact ('references')
2496058272.txt,134,127,prefix-match ('appendix a')
2496058277.txt,126,105,exact ('references')
2496058284.txt,132,89,exact ('references')
2496058298.txt,140,125,title-page ('references')
2496058331.txt,150,79,exact ('bibliography')
2496058399.txt,98,93,exact ('bibliography')
2496058408.txt,78,73,exact ('bibliography')
2496058506.txt,75,73,exact ('references')
2496058510.txt,72,67,exact ('bibliography')
2496058514.txt,86,75,exact ('references')
2496058520.txt,62,61,exact ('bibliography')
2496058525.txt,18,16,exact ('references')
2496058527.txt,63,59,exact ('references')
2496058534.txt,108,75,exact ('references')
2496058547.txt,124,87,prefix-match ('appendix a')
2496058552.txt,71,63,exact ('bibliography')
2496058587.txt,163,163,exact ('references')
2496058600.txt,122,99,prefix-match ('appendix a')
2496058609.txt,63,48,exact ('references')
2496058612.txt,123,119,prefix-match ('references | 107')
2496058615.txt,90,72,exact ('references')
2496058619.txt,96,81,prefix-match ('appendix a')
2496058621.txt,108,106,exact ('bibliography')
2496058640.txt,108,91,prefix-match ('appendix a')
2496728118.txt,37,36,exact ('references')
2496934697.txt,94,88,exact ('references')
2496982362.txt,79,65,title-page ('bibliography')
2497057101.txt,124,115,title-page ('bibliography')
2497057194.txt,126,95,title-page ('appendix a')
2497057285.txt,135,102,exact ('bibliography')
2497057556.txt,106,71,exact ('bibliography')
2497057633.txt,68,61,exact ('bibliography')
2497057699.txt,25,25,exact ('references')
2497057799.txt,88,65,exact ('bibliography')
2497057934.txt,106,101,exact ('bibliography')
2497058054.txt,162,123,exact ('references')
2497101090.txt,92,68,exact ('bibliography')
2497101092.txt,147,91,exact ('references')
2497101318.txt,120,67,exact ('bibliography')
2497101809.txt,148,77,exact ('bibliography')
2497101929.txt,77,38,exact ('references')
2497102067.txt,167,93,exact ('bibliography')
2497102068.txt,85,73,exact ('bibliography')
2497102082.txt,62,58,exact ('references')
2497102211.txt,66,57,exact ('bibliography')
2497102629.txt,146,125,exact ('references')
2497102814.txt,86,75,prefix-match ('appendix a')
2497102820.txt,78,69,prefix-match ('appendix a')
2497102864.txt,119,109,prefix-match ('appendix a')
2497103075.txt,81,69,exact ('list of figures')
2497103993.txt,188,139,exact ('bibliography')
2497546054.txt,113,94,prefix-match ('appendix a')
2497546604.txt,295,71,exact ('bibliography')
2497546624.txt,153,73,exact ('references')
2497546663.txt,103,101,exact ('references')
2497546697.txt,59,44,exact ('bibliography')
2497546714.txt,83,70,exact ('bibliography')
2497546820.txt,104,102,exact ('references')
2497546887.txt,75,56,exact ('bibliography')
2497546894.txt,93,73,exact ('bibliography')
2497546925.txt,118,88,exact ('bibliography')
2497546992.txt,122,93,exact ('bibliography')
2497547039.txt,77,53,exact ('references')
2497547041.txt,106,75,prefix-match ('appendix a')
2497547056.txt,72,63,exact ('bibliography')
2497547062.txt,80,71,prefix-match ('appendix a')
2497547079.txt,81,66,exact ('references')
2497547085.txt,77,71,prefix-match ('appendix a')
2497547248.txt,116,95,prefix-match ('appendix a')
2497547262.txt,128,119,exact ('references')
2497547283.txt,145,95,exact ('bibliography')
2499452692.txt,94,58,exact ('bibliography')
2499453119.txt,67,58,exact ('references')
2499453502.txt,69,69,
2500003679.txt,92,89,exact ('appendix')
2500243439.txt,126,109,exact ('references')
2500398406.txt,80,45,exact ('bibliography')
2501486766.txt,27,27,
2501486771.txt,114,113,exact ('bibliography')
2504395882.txt,37,36,exact ('references')
2504395886.txt,115,107,exact ('bibliography')
2504395890.txt,112,89,prefix-match ('appendix a')
2505351667.txt,98,61,exact ('bibliography')
2506715998.txt,83,79,exact ('references')
2506938481.txt,124,115,exact ('references')
2506938483.txt,76,58,exact ('references')
2506938485.txt,165,130,prefix-match ('appendix a')
2508667051.txt,150,133,prefix-match ('appendix a')
2508667056.txt,67,54,exact ('references')
2508667060.txt,30,14,exact ('references')
2510214257.txt,41,40,exact ('bibliography')
2510214299.txt,63,57,exact ('references')
2510214330.txt,110,85,exact ('references')
2511701151.txt,96,51,exact ('bibliography')
2511701152.txt,199,78,title-page ('bibliography')
2511701153.txt,81,68,prefix-match ('appendix a')
2511701155.txt,51,41,exact ('bibliography')
2511701160.txt,52,45,prefix-match ('appendix a')
2512680351.txt,56,52,exact ('references')
2512680360.txt,114,89,exact ('references')
2512680480.txt,163,110,exact ('bibliography')
2515824007.txt,44,28,exact ('references')
2517162574.txt,112,101,prefix-match ('appendix a')
2517162582.txt,56,49,exact ('references')
2518334399.txt,67,57,exact ('appendices')
2518334401.txt,116,116,
2519323176.txt,130,91,title-page ('appendix a')
2519323207.txt,97,97,
2519323214.txt,100,98,exact ('bibliography')
2521331997.txt,82,79,exact ('bibliography')
2521331998.txt,107,87,exact ('bibliography')
2521332001.txt,73,71,exact ('references')
2521332008.txt,52,51,exact ('bibliography')
2521332010.txt,84,70,exact ('bibliography')
2521332013.txt,85,79,title-page ('references')
2522536689.txt,130,99,prefix-match ('appendix a')
2524390019.txt,107,84,exact ('bibliography')
2524390056.txt,91,80,title-page ('appendix a')
2524896190.txt,76,52,exact ('references')
2524896191.txt,132,85,title-page ('appendix')
2524896192.txt,196,147,exact ('bibliography')
2524896194.txt,169,62,exact ('bibliography')
2524896197.txt,76,73,exact ('bibliography')
2524896201.txt,108,80,exact ('bibliography')
2524896202.txt,56,53,prefix-match ('appendix a')
2524896205.txt,128,123,exact ('bibliography')
2524896207.txt,99,95,title-page ('appendix a')
2524896210.txt,324,179,exact ('references')
2524896212.txt,92,75,prefix-match ('appendix a')
2524896213.txt,267,171,exact ('bibliography')
2524896214.txt,120,96,exact ('bibliography')
2524896215.txt,86,49,prefix-match ('appendix a')
2524896216.txt,114,101,exact ('references')
2524896217.txt,73,55,exact ('bibliography')
2524896219.txt,263,89,exact ('appendix')
2524896221.txt,184,72,exact ('references')
2524896222.txt,65,53,exact ('references')
2524896224.txt,118,109,prefix-match ('appendix a')
2524896225.txt,99,90,exact ('list of figures')
2524896226.txt,84,75,prefix-match ('appendix a')
2524896227.txt,90,82,exact ('list of figures')
2524896228.txt,90,89,exact ('bibliography')
2524918460.txt,194,95,exact ('references')
2524918464.txt,117,97,exact ('appendix')
2524918490.txt,98,62,exact ('list of figures')
2524918495.txt,133,118,exact ('references')
2524918526.txt,153,139,exact ('bibliography')
2524918530.txt,64,59,prefix-match ('appendix a')
2524918536.txt,80,77,exact ('bibliography')
2524918542.txt,74,71,exact ('bibliography')
2524918585.txt,141,105,prefix-match ('appendix a')
2524918603.txt,206,206,
2524918628.txt,111,83,exact ('references')
2524918630.txt,1,1,
2524918631.txt,74,66,exact ('bibliography')
2524918647.txt,168,97,exact ('bibliography')
2524918650.txt,60,55,exact ('appendix')
2524918675.txt,59,51,exact ('references')
2525036799.txt,74,47,exact ('references')
2525036850.txt,84,69,exact ('referencer')
2525156576.txt,135,107,exact ('bibliography')
2525156578.txt,47,37,exact ('references')
2525156585.txt,68,67,exact ('bibliography')
2525156599.txt,101,96,exact ('references')
2525156605.txt,90,73,prefix-match ('appendix a')
2525156617.txt,77,75,exact ('references')
2525156621.txt,70,61,exact ('references')
2525226547.txt,72,53,prefix-match ('appendix a')
2525226570.txt,195,129,exact ('bibliography')
2525226574.txt,78,69,prefix-match ('appendix a')
2525226579.txt,66,62,exact ('bibliography')
2525226590.txt,198,192,exact ('references')
2525226614.txt,120,101,prefix-match ('appendix a')
2525282020.txt,74,71,exact ('bibliography')
2525333370.txt,84,67,exact ('bibliography')
2525385508.txt,96,93,exact ('bibliography')
2525610155.txt,84,81,exact ('bibliography')
2525610187.txt,182,67,exact ('bibliography')
2525610194.txt,116,95,prefix-match ('appendix a')
2525610197.txt,84,71,exact ('bibliography')
2525610199.txt,163,120,exact ('appendices')
2525645284.txt,158,158,
2525645311.txt,46,43,prefix-match ('appendix a')
2525645333.txt,47,42,exact ('bibliography')
2525680724.txt,98,85,prefix-match ('appendix a')
2525721266.txt,57,55,exact ('bibliography')
2525864377.txt,40,39,exact ('appendices')
2525943195.txt,95,92,exact ('bibliography')
2525943203.txt,60,59,exact ('bibliography')
2526043727.txt,105,85,exact ('references')
2526106272.txt,72,61,exact ('bibliography')
2526106288.txt,218,133,exact ('bibliography')
2526180687.txt,36,33,exact ('references')
2526180692.txt,102,86,exact ('bibliography')
2526307947.txt,107,82,exact ('bibliography')
2526396487.txt,216,87,exact ('bibliography')
2526479045.txt,74,63,exact ('bibliography')
2526479050.txt,74,61,prefix-match ('appendix a')
2526479074.txt,65,45,exact ('bibliography')
2526863216.txt,64,55,exact ('list of tables')
2526863225.txt,81,73,exact ('bibliography')
2526863226.txt,56,37,title-page ('appendix a')
2527207894.txt,74,61,exact ('bibliography')
2529020570.txt,178,177,exact ('bibliography')
2530645412.txt,156,87,exact ('list of figures')
2530645521.txt,84,73,exact ('references')
2531205517.txt,58,57,exact ('references')
2531205521.txt,164,71,prefix-match ('appendix a')
2531205545.txt,73,60,exact ('references')
2531240542.txt,94,87,exact ('references')
2531240590.txt,89,65,exact ('references')
2531240674.txt,93,83,exact ('bibliography')
2531326941.txt,133,116,exact ('references')
2531373601.txt,120,59,title-page ('appendices')
2531544040.txt,116,108,title-page ('appendix a')
2531608290.txt,81,73,title-page ('appendices')
2531608294.txt,73,71,exact ('appendix')
2531642750.txt,60,45,exact ('references')
2531803957.txt,85,11,exact ('list of figures')
2532506208.txt,104,99,exact ('reference list')
2545628064.txt,96,78,exact ('bibliography')
2545628069.txt,106,99,exact ('bibliography')
2547281208.txt,70,64,exact ('bibliography')
2547281209.txt,88,76,title-page ('appendix')
2547502322.txt,62,53,exact ('bibliography')
2547556947.txt,73,63,exact ('references')
2547822991.txt,131,66,exact ('references')
2548042784.txt,87,76,prefix-match ('appendix a')
2548113242.txt,263,154,title-page ('appendices')
2548157493.txt,94,67,exact ('references')
2559832683.txt,104,69,exact ('references')
2585087165.txt,54,35,exact ('references')
2591831750.txt,92,81,prefix-match ('appendix a')
2591831886.txt,82,71,prefix-match ('appendix a')
2591910665.txt,196,156,exact ('bibliography')
2592245143.txt,88,79,prefix-match ('appendix a')
2592287576.txt,107,98,prefix-match ('appendix a')
2594426665.txt,90,85,exact ('bibliography')
2594426673.txt,106,79,exact ('references')
2594426705.txt,130,113,prefix-match ('appendixa')
2594426726.txt,125,76,exact ('bibliography')
2594426759.txt,123,75,exact ('references')
2594426806.txt,132,132,
2594426811.txt,33,30,exact ('references')
2594426930.txt,115,65,exact ('bibliography')
2594465455.txt,82,69,prefix-match ('appendix a')
2594465460.txt,108,57,exact ('bibliography')
2594465490.txt,55,51,exact ('bibliography')
2594465516.txt,93,78,title-page ('appendix')
2594465518.txt,146,95,exact ('bibliography')
2594465536.txt,103,84,exact ('appendix')
2594465551.txt,52,50,exact ('references')
2594465553.txt,80,62,exact ('bibliography')
2594525123.txt,280,280,
2594538526.txt,86,61,title-page ('appendices')
2594681526.txt,68,67,exact ('bibliography')
2594726329.txt,82,69,prefix-match ('appendix a')
2594764272.txt,168,125,exact ('bibliography')
2594791779.txt,34,29,exact ('appendix')
2594791780.txt,121,85,exact ('list of references')
2594817014.txt,116,99,prefix-match ('appendix a')
2594824998.txt,76,74,exact ('references')
2594825009.txt,102,91,title-page ('bilag a')
2594825030.txt,44,43,exact ('bibliography')
2595004871.txt,96,86,exact ('references')
2595004887.txt,134,111,title-page ('appendix a')
2595046381.txt,102,67,prefix-match ('appendix a')
2595078573.txt,74,56,exact ('references')
2595078582.txt,72,61,prefix-match ('appendix a')
2595078583.txt,74,71,title-page ('appendix a')
2595078586.txt,40,37,exact ('references')
2595125572.txt,100,79,prefix-match ('appendix a')
2595125697.txt,106,91,prefix-match ('appendix a')
2595192769.txt,133,99,exact ('references')
2595223024.txt,106,89,exact ('references')
2595224321.txt,102,83,exact ('references')
2595308563.txt,61,61,
2595308665.txt,81,77,exact ('bibliography')
2595356290.txt,125,122,exact ('references')
2595356297.txt,90,46,exact ('bibliography')
2595356310.txt,208,127,exact ('bibliography')
2595356353.txt,182,119,title-page ('appendices')
2595356358.txt,62,59,exact ('appendix')
2595389317.txt,116,81,prefix-match ('appendix a')
2595389327.txt,133,69,exact ('bibliography')
2595389391.txt,124,109,title-page ('appendices')
2595422394.txt,81,55,exact ('references')
2595422397.txt,50,46,exact ('references')
2595422416.txt,107,77,exact ('references')
2595450239.txt,106,77,exact ('references')
2595476171.txt,80,67,exact ('bibliography')
2595476215.txt,103,94,prefix-match ('appendix a. analytical stokes flow above infinite ')
2595488030.txt,132,103,exact ('bibliography')
2595488031.txt,132,75,title-page ('appendices')
2595488032.txt,86,62,exact ('bibliography')
2595488033.txt,136,108,exact ('bibliography')
2595488034.txt,22,20,exact ('references')
2595488035.txt,67,48,exact ('bibliography')
2595488037.txt,104,100,prefix-match ('appendix a. forecasting techniques comparison')
2595488039.txt,108,108,
2595488041.txt,68,63,exact ('references')
2595488044.txt,127,86,exact ('bibliography')
2595488045.txt,110,106,exact ('bibliography')
2595488046.txt,89,75,exact ('bibliography')
2595488047.txt,75,55,exact ('bibliography')
2595488049.txt,76,65,exact ('bibliography')
2595488050.txt,150,81,exact ('bibliography')
2595488053.txt,83,69,prefix-match ('appendix a')
2595488054.txt,103,85,exact ('references')
2595488057.txt,167,127,exact ('bibliography')
2595488058.txt,119,116,exact ('references')
2595488061.txt,57,56,exact ('references')
2595488063.txt,56,39,prefix-match ('appendix a')
2595488066.txt,116,97,exact ('bibliography')
2595488070.txt,59,55,exact ('references')
2595488085.txt,61,53,exact ('bibliography')
2595488086.txt,118,71,exact ('bibliography')
2595488087.txt,75,53,exact ('bibliography')
2595488089.txt,74,69,prefix-match ('appendix a')
2595488091.txt,90,63,exact ('bibliography')
2595488092.txt,80,73,prefix-match ('appendix a')
2595488094.txt,138,65,exact ('bibliography')
2595588274.txt,156,117,exact ('bibliography')
2595588300.txt,28,27,exact ('bibliography')
2595588308.txt,65,45,prefix-match ('appendix a')
2595588316.txt,120,97,prefix-match ('appendix a')
2595588329.txt,70,65,exact ('bibliography')
2595588348.txt,92,85,exact ('references')
2595588360.txt,71,54,exact ('references')
2595588376.txt,78,71,exact ('bibliography')
2595588382.txt,282,270,exact ('bibliography')
2595588387.txt,60,35,exact ('references')
2595588393.txt,94,71,prefix-match ('appendix a')
2595588396.txt,83,68,exact ('bibliography')
2595588400.txt,70,59,exact ('bibliography')
2595588424.txt,142,99,prefix-match ('appendix a')
2595588460.txt,114,105,exact ('bibliography')
2595588462.txt,33,30,exact ('references')
2595588463.txt,78,62,exact ('bibliography')
2595588465.txt,55,53,exact ('references')
2595588467.txt,101,57,exact ('references')
2595588471.txt,120,81,prefix-match ('appendix a')
2595588488.txt,94,94,
2595588492.txt,57,47,exact ('bibliography')
2595588496.txt,172,117,exact ('bibliography')
2595588501.txt,47,42,exact ('references')
2595588531.txt,119,116,exact ('references')
2595588546.txt,134,73,exact ('appendix')
2595588550.txt,62,56,exact ('references')
2595588556.txt,50,37,exact ('references')
2595588558.txt,111,91,exact ('bibliography')
2595588560.txt,104,99,exact ('bibliography')
2595588569.txt,128,91,exact ('bibliography')
2595588590.txt,83,69,exact ('references')
2595588597.txt,62,55,title-page ('appendices')
2595588602.txt,14,14,
2595588603.txt,35,33,exact ('references')
2595588607.txt,194,194,
2595588615.txt,118,95,exact ('bibliography')
2595588620.txt,132,78,exact ('references')
2595588641.txt,142,103,exact ('bibliography')
2595588655.txt,118,103,exact ('bibliography')
2595623023.txt,56,43,exact ('appendix')
2595623080.txt,69,60,exact ('appendix')
2595649671.txt,92,80,exact ('bibliography')
2595649881.txt,131,108,exact ('bibliography')
2595649895.txt,156,82,exact ('references')
2595649916.txt,46,32,exact ('bibliography')
2595680972.txt,146,103,exact ('bibliography')
2595680976.txt,122,87,prefix-match ('appendixa')
2595680977.txt,87,83,exact ('bibliography')
2595680980.txt,65,59,exact ('bibliography')
2595680981.txt,76,63,prefix-match ('appendix a')
2595681007.txt,126,99,exact ('bibliography')
2595719085.txt,45,35,exact ('bibliography')
2595719090.txt,108,94,prefix-match ('appendix a')
2595719097.txt,150,93,exact ('bibliography')
2595719100.txt,162,95,exact ('bibliography')
2595719109.txt,91,65,prefix-match ('appendix a')
2595757633.txt,148,135,exact ('bibliography')
2595757662.txt,124,80,exact ('bibliography')
2595757764.txt,90,82,exact ('bibliography')
2595757780.txt,79,73,exact ('references')
2595757850.txt,66,63,prefix-match ('appendix a')
2595757895.txt,133,105,exact ('references')
2595757926.txt,116,80,exact ('references')
2595757980.txt,194,115,prefix-match ('appendix a')
2595758030.txt,81,69,exact ('bibliography')
2595758061.txt,131,131,
2595758065.txt,142,105,prefix-match ('appendix a')
2595758106.txt,145,99,exact ('bibliography')
2595758154.txt,99,63,exact ('bibliography')
2595758159.txt,93,61,exact ('references')
2595758194.txt,74,67,exact ('bibliography')
2595758215.txt,83,64,exact ('references')
2595758308.txt,131,126,exact ('references')
2595758326.txt,51,46,exact ('references')
2595758388.txt,96,83,exact ('references')
2595758449.txt,396,79,exact ('bibliography')
2595758807.txt,48,43,exact ('references')
2595776829.txt,76,61,prefix-match ('appendix a')
2595776857.txt,190,105,exact ('bibliography')
2595776864.txt,99,84,exact ('bibliography')
2595776868.txt,126,69,exact ('list of references')
2595776870.txt,144,87,exact ('list of figures')
2595776882.txt,276,103,exact ('bibliography')
2595776887.txt,43,36,exact ('bibliography')
2595776920.txt,92,57,exact ('bibliography')
2595776930.txt,88,73,prefix-match ('appendix a')
2595776947.txt,61,61,
2595776949.txt,100,91,title-page ('appendix a')
2595882739.txt,146,130,exact ('references')
2595882777.txt,129,87,exact ('references')
2595882785.txt,138,99,prefix-match ('appendix a')
2595882796.txt,147,71,exact ('references')
2595882797.txt,98,77,exact ('bibliography')
2595911640.txt,127,82,exact ('references')
2595911653.txt,68,65,exact ('bibliography')
2595949292.txt,60,53,prefix-match ('appendix a')
2595949329.txt,104,97,prefix-match ('appendix a')
2595949342.txt,85,79,exact ('list of figures')
2595983813.txt,95,70,exact ('references')
2595983853.txt,94,91,exact ('bibliography')
2595983865.txt,114,83,prefix-match ('appendix a')
2595983977.txt,128,105,exact ('bibliography')
2596015693.txt,76,48,exact ('bibliography')
2596015696.txt,56,51,exact ('references')
2596015707.txt,82,75,prefix-match ('appendix - content of the interview')
2596015731.txt,130,125,exact ('bibliography')
2596036086.txt,126,106,exact ('bibliography')
2596065524.txt,65,56,exact ('references')
2596065997.txt,92,83,exact ('bibliography')
2596066111.txt,106,88,prefix-match ('appendix a')
2596066147.txt,48,43,exact ('bibliography')
2596066686.txt,63,62,exact ('bibliography')
2596066772.txt,140,101,prefix-match ('appendix a')
2596140308.txt,138,109,title-page ('references')
2596188731.txt,116,67,exact ('bibliography')
2596188738.txt,146,121,exact ('references')
2596188742.txt,100,77,exact ('bibliography')
2596188746.txt,128,106,exact ('references')
2596188804.txt,100,65,exact ('references')
2596188814.txt,61,31,exact ('bibliography')
2596188831.txt,204,116,prefix-match ('appendix b supporting tables')
2596251986.txt,76,49,exact ('bibliography')
2596252151.txt,93,82,prefix-match ('appendix a: sources of economic growth in the')
2596282241.txt,109,81,exact ('bibliography')
2596282319.txt,130,124,title-page ('references')
2596308779.txt,94,81,exact ('bibliography')
2596308790.txt,76,72,exact ('bibliography')
2596328680.txt,103,66,exact ('bibliography')
2596339129.txt,67,64,exact ('bibliography')
2596339133.txt,85,79,exact ('references')
2596339134.txt,176,109,prefix-match ('appendix a')
2596339137.txt,62,48,exact ('references')
2596339140.txt,102,86,exact ('bibliography')
2596339141.txt,58,58,
2596339142.txt,53,47,exact ('references')
2596339148.txt,69,67,exact ('bibliography')
2596339155.txt,45,44,exact ('bibliography')
2596339156.txt,133,97,prefix-match ('appendix a')
2596339157.txt,123,98,exact ('references')
2596339160.txt,108,93,prefix-match ('appendix a')
2596339171.txt,150,119,title-page ('bibliography')
2596403846.txt,118,66,exact ('references')
2596403919.txt,86,82,exact ('bibliography')
2596404216.txt,116,66,exact ('bibliography')
2596404218.txt,67,60,exact ('appendix')
2596404219.txt,100,83,exact ('bibliography')
2596404220.txt,107,91,title-page ('appendix a')
2596404275.txt,162,109,prefix-match ('appendix a')
2596404358.txt,524,163,prefix-match ('appendix a')
2596467886.txt,121,111,exact ('bibliography')
2596535772.txt,57,50,exact ('references')
2596535778.txt,72,59,exact ('references')
2596535850.txt,98,86,title-page ('appendices')
2596535890.txt,122,77,prefix-match ('appendix a')
2596642669.txt,102,93,exact ('bibliography')
2596663498.txt,76,12,exact ('list of figures')
2596663501.txt,79,66,exact ('references')
2596663502.txt,122,117,exact ('references')
2596663508.txt,265,143,exact ('bibliography')
2596663513.txt,88,78,exact ('bibliography')
2596670064.txt,141,70,exact ('list of figures')
2596670068.txt,113,107,exact ('bibliography')
2596670083.txt,78,59,exact ('references')
2596670108.txt,66,59,exact ('appendix')
2596670147.txt,230,217,exact ('reference list')
2596670149.txt,83,76,exact ('references')
2596670150.txt,74,61,title-page ('appendix a')
2596705550.txt,130,89,exact ('bibliography')
2596705585.txt,98,71,title-page ('appendices')
2596765981.txt,123,119,prefix-match ('references  |  part 3')
2596765986.txt,65,10,exact ('list of figures')
2596766003.txt,84,75,prefix-match ('appendix a')
2596766006.txt,105,85,exact ('bibliography')
2596766007.txt,104,97,exact ('bibliography')
2596766008.txt,158,101,exact ('references')
2596766029.txt,341,145,title-page ('appendix 2')
2596766039.txt,103,95,prefix-match ('appendix a')
2596766049.txt,86,65,prefix-match ('appendix a')
2596766073.txt,95,95,
2596798793.txt,107,79,prefix-match ('appendix a')
2596798797.txt,101,83,exact ('bibliography')
2596798798.txt,51,43,exact ('references')
2596798808.txt,86,75,prefix-match ('appendix a')
2596798818.txt,117,83,exact ('bibliography')
2596798838.txt,141,128,exact ('references')
2596798847.txt,74,68,prefix-match ('appendix a')
2596798850.txt,520,121,exact ('bibliography')
2596798852.txt,100,84,exact ('references')
2596798858.txt,53,50,exact ('appendix')
2596799080.txt,96,83,title-page ('appendices')
2596832072.txt,72,57,exact ('bibliography')
2596832073.txt,81,74,exact ('bibliography')
2596832074.txt,157,151,title-page ('appendix a')
2596832126.txt,92,79,exact ('bibliography')
2596832128.txt,112,89,exact ('bibliography')
2596832138.txt,83,72,exact ('appendix')
2596832140.txt,54,51,exact ('references')
2596859483.txt,129,119,title-page ('appendix a')
2596859494.txt,69,61,exact ('bibliography')
2596859497.txt,69,54,exact ('references')
2596882109.txt,152,115,prefix-match ('appendix a')
2596882130.txt,99,67,prefix-match ('bibliography - books')
2596882134.txt,91,84,exact ('bibliography')
2596882169.txt,110,103,exact ('bibliography')
2596882191.txt,143,126,exact ('bibliography')
2596882201.txt,109,102,exact ('references')
2596882212.txt,64,64,
2596882216.txt,150,57,exact ('bibliography')
2596915340.txt,174,121,exact ('bibliography')
2596915341.txt,104,97,title-page ('appendix a')
2596915348.txt,107,78,exact ('bibliography')
2596915355.txt,37,36,exact ('references')
2596915357.txt,82,71,exact ('bibliography')
2596915361.txt,55,51,exact ('bibliography')
2596915362.txt,74,61,exact ('bibliography')
2596915364.txt,62,59,exact ('bibliography')
2597009510.txt,68,58,exact ('bibliography')
2597009590.txt,110,95,exact ('references')
2597084989.txt,124,103,exact ('references')
2597084999.txt,132,117,exact ('bibliography')
2597117785.txt,87,71,prefix-match ('appendix a')
2597117797.txt,98,77,prefix-match ('appendix a')
2597117799.txt,69,66,exact ('references')
2597117801.txt,84,73,exact ('bibliography')
2597117814.txt,128,109,prefix-match ('appendix a')
2597117819.txt,92,55,exact ('bibliography')
2597117821.txt,46,45,exact ('bibliography')
2597117823.txt,72,69,exact ('bibliography')
2597117824.txt,44,39,exact ('bibliography')
2597117825.txt,87,78,exact ('bibliography')
2597117828.txt,75,72,exact ('references')
2597117836.txt,96,82,exact ('bibliography')
2597118154.txt,248,190,exact ('references')
2597151367.txt,66,57,prefix-match ('appendix a')
2597151369.txt,72,72,
2597151371.txt,120,91,exact ('bibliography')
2597185716.txt,38,37,exact ('bibliography')
2597185717.txt,82,73,prefix-match ('appendix a')
2597202381.txt,106,66,exact ('references')
2597202400.txt,107,103,exact ('bibliography')
2597213916.txt,129,89,exact ('bibliography')
2597213917.txt,90,83,title-page ('appendices')
2597213918.txt,56,37,exact ('appendix')
2597213919.txt,168,121,exact ('bibliography')
2597213923.txt,127,56,exact ('bibliography')
2597213956.txt,94,73,exact ('references')
2597213960.txt,79,70,exact ('bibliography')
2597213971.txt,87,61,exact ('references')
2597213994.txt,101,90,title-page ('bibliography')
2597213996.txt,54,48,exact ('bibliography')
2597214000.txt,66,64,prefix-match ('appendix a')
2597214003.txt,112,63,title-page ('appendices')
2597214009.txt,64,61,exact ('bibliography')
2597274412.txt,91,60,exact ('list of figures')
2597274416.txt,86,55,title-page ('appendices')
2597274430.txt,109,66,exact ('references')
2597274439.txt,54,46,exact ('bibliography')
2597274444.txt,29,29,
2597274452.txt,76,66,exact ('bibliography')
2597274797.txt,218,133,exact ('bibliography')
2597274838.txt,27,17,exact ('references')
2597274854.txt,101,87,prefix-match ('appendix a')
2597274857.txt,89,78,exact ('bibliography')
2597274860.txt,115,64,exact ('references')
2597319231.txt,177,145,exact ('bibliography')
2597319247.txt,141,123,exact ('bibliography')
2597319252.txt,97,64,exact ('references')
2597319256.txt,55,55,
2597319260.txt,99,99,exact ('references')
2597319261.txt,86,71,prefix-match ('appendix a')
2597319598.txt,72,46,exact ('references')
2597319617.txt,98,51,exact ('bibliography')
2597319626.txt,117,43,exact ('references')
2597373129.txt,81,53,exact ('references')
2597373131.txt,136,99,prefix-match ('appendix a')
2597373132.txt,112,66,exact ('bibliography')
2597373141.txt,100,87,exact ('bibliography')
2597373148.txt,94,75,exact ('references')
2597420367.txt,110,105,title-page ('appendix a')
2597420372.txt,74,12,exact ('list of tables')
2597420373.txt,108,97,prefix-match ('appendix a')
2597420374.txt,93,85,exact ('references')
2597420410.txt,98,83,exact ('bibliography')
2597420413.txt,38,38,
2597447590.txt,126,103,exact ('bibliography')
2597470181.txt,112,79,prefix-match ('appendix a')
2597470182.txt,104,97,title-page ('appendices')
2597470185.txt,94,66,exact ('bibliography')
2597470189.txt,92,64,exact ('bibliography')
2597470190.txt,122,55,exact ('bibliography')
2597470191.txt,130,112,exact ('bibliography')
2597470192.txt,60,35,exact ('bibliography')
2597470194.txt,98,77,exact ('bibliography')
2597481371.txt,94,71,prefix-match ('appendix a')
2597481372.txt,114,85,exact ('bibliography')
2597481373.txt,49,48,exact ('references')
2597481380.txt,196,121,exact ('bibliography')
2597481384.txt,46,37,title-page ('appendices')
2597481387.txt,98,73,prefix-match ('appendix a')
2597481395.txt,78,53,exact ('bibliography')
2597481406.txt,66,61,title-page ('appendix a')
2597481411.txt,82,81,exact ('bibliography')
2597481416.txt,57,53,exact ('references')
2597481441.txt,77,66,exact ('references')
2597481451.txt,66,66,
2597481472.txt,90,82,exact ('bibliography')
2597481475.txt,66,51,title-page ('appendix a')
2597481476.txt,150,128,exact ('references')
2597481480.txt,43,33,exact ('references')
2597546931.txt,115,83,exact ('bibliography')
2597547041.txt,71,59,prefix-match ('appendix a')
2597586048.txt,90,73,exact ('bibliography')
2597586059.txt,148,81,exact ('bibliography')
2597586083.txt,152,116,exact ('references')
2597586088.txt,76,67,title-page ('appendix')
2597586101.txt,83,72,title-page ('appendix')
2597621560.txt,91,66,exact ('references')
2597621568.txt,146,117,prefix-match ('appendix a')
2597621603.txt,106,87,exact ('bibliography')
2597621611.txt,96,93,exact ('bibliography')
2597621617.txt,66,54,exact ('references')
2597621633.txt,151,141,exact ('appendix')
2597621675.txt,95,91,exact ('bibliography')
2597656077.txt,93,70,exact ('references')
2597688618.txt,76,58,exact ('references')
2597721552.txt,68,63,exact ('bibliography')
2597721553.txt,76,66,exact ('references')
2597721555.txt,73,63,prefix-match ('appendix a')
2597735919.txt,105,99,exact ('bibliography')
2597735923.txt,96,79,exact ('bibliography')
2597735924.txt,133,52,exact ('references')
2597735932.txt,139,73,exact ('references')
2597735934.txt,137,114,exact ('bibliography')
2597735935.txt,70,56,exact ('references')
2597735936.txt,39,38,exact ('references')
2597735937.txt,60,45,exact ('references')
2598107933.txt,73,64,exact ('references')
2598107934.txt,159,118,exact ('bibliography')
2598107935.txt,226,85,exact ('bibliography')
2598107936.txt,77,69,exact ('bibliography')
2598443196.txt,77,58,exact ('references')
2598443199.txt,44,40,exact ('appendix')
2598443204.txt,84,76,prefix-match ('appendix a')
2598443205.txt,139,77,exact ('references')
2598443207.txt,120,99,title-page ('appendix a')
2598443209.txt,147,66,exact ('references')
2598443211.txt,128,127,exact ('bibliography')
2598443212.txt,64,56,exact ('references')
2598443247.txt,74,63,exact ('appendix')
2598443282.txt,61,58,exact ('references')
2598443295.txt,67,57,exact ('appendix')
2598443300.txt,95,9,exact ('list of figures')
2598443310.txt,205,129,exact ('bibliography')
2598453383.txt,54,49,title-page ('appendix')
2598531355.txt,25,23,exact ('appendix')
2598531362.txt,190,122,exact ('references')
2598531374.txt,80,64,exact ('references')
2598587207.txt,35,31,exact ('bibliography')
2598704905.txt,72,61,title-page ('appendices')
2598704906.txt,82,62,exact ('appendices')
2598704907.txt,114,50,exact ('bibliography')
2598811321.txt,165,127,exact ('bibliography')
2598811323.txt,58,50,exact ('references')
2598811327.txt,66,57,exact ('bibliography')
2598850884.txt,110,62,exact ('references')
2598850887.txt,91,56,exact ('references')
2598850895.txt,88,71,prefix-match ('appendix a')
2598850896.txt,99,69,exact ('bibliography')
2598891013.txt,78,65,exact ('appendix')
2598891014.txt,81,63,exact ('reference list')
2598891015.txt,67,7,exact ('bibliography')
2598891021.txt,66,41,exact ('appendix')
2598891029.txt,67,49,exact ('bibliography')
2598891032.txt,98,85,exact ('references')
2599039255.txt,96,77,prefix-match ('appendix a')
2599039280.txt,38,36,exact ('references')
2599039286.txt,195,107,exact ('bibliography')
2599119099.txt,64,45,exact ('references')
2599119106.txt,97,71,prefix-match ('appendix a')
2599119107.txt,83,68,exact ('bibliography')
2599155497.txt,66,66,
2599155499.txt,70,61,exact ('bibliography')
2599206773.txt,114,105,exact ('bibliography')
2599206775.txt,94,88,exact ('references')
2604853370.txt,32,28,exact ('bibliography')
2604853379.txt,128,92,exact ('bibliography')
2604853392.txt,85,81,exact ('appendix')
2604853398.txt,62,62,
2604853402.txt,68,61,exact ('list of figures')
2604853457.txt,65,50,exact ('appendix')
2604853458.txt,95,91,exact ('references')
2604853463.txt,100,82,exact ('references')
2604853530.txt,118,77,exact ('references')
2604853547.txt,136,107,exact ('references')
2604853567.txt,118,95,exact ('references')
2604853579.txt,84,84,
2604853592.txt,78,73,exact ('bibliography')
2604853595.txt,150,146,exact ('bibliography')
2604853602.txt,102,99,exact ('bibliography')
2604853639.txt,124,93,exact ('bibliography')
2604853678.txt,174,95,exact ('references')
2604853685.txt,122,117,exact ('bibliography')
2604853696.txt,87,67,exact ('bibliography')
2604911103.txt,73,66,exact ('bibliography')
2604951793.txt,80,60,prefix-match ('appendix a')
2604984445.txt,58,55,exact ('bibliography')
2604984454.txt,61,48,exact ('references')
2604984466.txt,82,81,exact ('bibliography')
2605040673.txt,88,85,exact ('bibliography')
2605040677.txt,62,59,exact ('bibliography')
2605495555.txt,90,74,exact ('bibliography')
2605495562.txt,104,75,exact ('references')
2605495591.txt,124,89,exact ('references')
2605495592.txt,74,18,exact ('bibliography')
2605626572.txt,104,88,title-page ('appendix a')
2605653773.txt,64,55,prefix-match ('appendix a')
2606020780.txt,94,93,exact ('references')
2606168177.txt,106,87,exact ('bibliography')
2606168179.txt,75,58,exact ('references')
2606177310.txt,85,75,exact ('references')
2606177520.txt,94,83,exact ('bibliography')
2606274662.txt,59,53,exact ('references')
2606508731.txt,174,125,prefix-match ('appendix a')
2606508743.txt,88,81,exact ('references')
2607066991.txt,51,41,exact ('references')
2607066997.txt,58,58,
2607128904.txt,29,26,exact ('references')
2607128905.txt,126,126,
2607128906.txt,121,79,exact ('references')
2608028025.txt,96,52,exact ('references')
2608654636.txt,106,79,title-page ('appendices')
2608697515.txt,91,73,exact ('bibliography')
2608915094.txt,113,93,exact ('bibliography')
2609693370.txt,67,64,exact ('bibliography')
2610238122.txt,125,114,exact ('bibliography')
2610300659.txt,68,65,exact ('references')
2610569073.txt,69,55,exact ('references')
2610569075.txt,112,95,prefix-match ('appendix a')
2610630901.txt,144,95,prefix-match ('appendixa')
2610630917.txt,109,84,prefix-match ('appendix a')
2610687072.txt,98,73,exact ('bibliography')
2610697868.txt,42,37,exact ('list of figures')
2610697893.txt,107,107,
2611061334.txt,41,41,
2611096211.txt,52,42,exact ('references')
2611193941.txt,31,30,exact ('appendix')
2611233517.txt,80,54,exact ('references')
2611233570.txt,154,60,exact ('bibliography')
2611345951.txt,56,51,exact ('bibliography')
2611346042.txt,62,59,exact ('bibliography')
2611466885.txt,107,82,exact ('appendix')
2611507653.txt,194,191,prefix-match ('appendix bibliography')
2611757340.txt,70,66,exact ('bibliography')
2611801421.txt,258,78,prefix-match ('appendix a')
2611801515.txt,191,167,title-page ('bilag 3.a - side 2/23')
2612006820.txt,48,36,exact ('references')
2612006850.txt,162,122,exact ('appendix')
2612006856.txt,66,61,exact ('references')
2612006878.txt,41,38,exact ('references')
2612006904.txt,77,51,exact ('references')
2612006960.txt,73,51,exact ('references')
2612007064.txt,28,28,exact ('bibliography')
2612007127.txt,63,29,exact ('references')
2612047684.txt,181,131,exact ('references')
2612047685.txt,92,65,exact ('bibliography')
2612047687.txt,72,54,exact ('references')
2612047688.txt,83,59,exact ('references')
2612047689.txt,126,105,exact ('references')
2612047690.txt,70,55,exact ('references')
2612047693.txt,70,63,exact ('references')
2612047694.txt,56,50,exact ('references')
2612047700.txt,120,100,exact ('references')
2612047701.txt,62,60,exact ('appendices')
2612047702.txt,57,57,
2612047704.txt,139,89,title-page ('appendices')
2612047705.txt,45,32,exact ('bibliography')
2612047706.txt,132,99,exact ('bibliography')
2612047708.txt,102,91,exact ('bibliography')
2612047711.txt,98,95,title-page ('appendix a')
2612047723.txt,94,87,exact ('bibliography')
2612117963.txt,90,82,exact ('references')
2612118010.txt,44,42,exact ('references')
2612118162.txt,182,112,exact ('bibliography')
2612207555.txt,62,44,exact ('bibliography')
2612361955.txt,50,44,exact ('references')
2612396533.txt,86,71,prefix-match ('appendix a')
2612396546.txt,57,49,exact ('references')
2612396556.txt,73,65,exact ('bibliography')
2612396571.txt,74,62,exact ('bibliography')
2612396577.txt,94,77,exact ('bibliography')
2612396588.txt,27,27,exact ('references')
2612429798.txt,72,55,exact ('bibliography')
2612463962.txt,74,61,exact ('references')
2612550199.txt,132,129,prefix-match ('appendix i')
2612550200.txt,58,57,exact ('bibliography')
2612550222.txt,141,126,exact ('bibliography')
2612610037.txt,58,43,exact ('bibliography')
2612682073.txt,111,109,exact ('bibliography')
2612682097.txt,110,80,prefix-match ('appendix a')
2612682258.txt,63,46,exact ('references')
2612727037.txt,81,77,exact ('references')
2612727093.txt,118,89,exact ('bibliography')
2613089325.txt,109,76,exact ('references')
2613089341.txt,21,19,exact ('references')
2613089384.txt,181,155,prefix-match ('appendix a')
2613089669.txt,92,63,title-page ('references')
2613750877.txt,142,142,
2613750990.txt,50,43,prefix-match ('appendix a')
2620334372.txt,114,93,exact ('references')
2621489923.txt,156,120,exact ('appendix')
2621489978.txt,143,69,exact ('references')
2621490000.txt,135,90,exact ('bibliography')
2621490021.txt,45,34,exact ('references')
2621490031.txt,56,53,exact ('bibliography')
2621490041.txt,97,89,exact ('bibliography')
2621490061.txt,86,73,exact ('bibliography')
2621490085.txt,79,71,exact ('list of figures')
2626728395.txt,159,155,exact ('references')
2626728425.txt,38,36,exact ('references')
2626728471.txt,203,80,exact ('bibliography')
2626728482.txt,62,61,exact ('bibliography')
2626728573.txt,88,77,exact ('bibliography')
2626728575.txt,58,42,exact ('references')
2626728578.txt,106,83,exact ('bibliography')
2626728587.txt,169,109,exact ('bibliography')
2626728612.txt,95,83,exact ('references')
2626728617.txt,70,67,exact ('bibliography')
2626728624.txt,92,88,exact ('references')
2626728636.txt,144,111,exact ('bibliography')
2626728643.txt,84,75,exact ('references')
2626728668.txt,72,32,exact ('references')
2626728673.txt,74,61,exact ('bibliography')
2626728686.txt,101,76,title-page ('references')
2626728694.txt,42,30,exact ('references')
2626728699.txt,32,18,prefix-match ('appendix a: individual memr responses')
2626728705.txt,100,90,exact ('references')
2626728714.txt,125,121,exact ('bibliography')
2626728982.txt,82,58,exact ('bibliography')
2626729011.txt,60,50,exact ('references')
2626729012.txt,94,88,prefix-match ('appendix a')
2626729018.txt,261,115,exact ('references')
2626729029.txt,81,68,prefix-match ('appendix a - use cases')
2626729086.txt,135,72,exact ('references')
2626729090.txt,77,70,exact ('bibliography')
2626729095.txt,91,76,exact ('references')
2626729216.txt,206,109,exact ('bibliography')
2626729235.txt,81,70,exact ('bibliography')
2626729307.txt,114,73,exact ('references')
2626729338.txt,79,72,exact ('references')
2626729798.txt,228,99,exact ('bibliography')
2629173137.txt,92,83,prefix-match ('appendix a')
2630632186.txt,74,70,exact ('bibliography')
2630632322.txt,164,121,prefix-match ('appendix: description of success factors and barri')
2630632378.txt,97,84,prefix-match ('appendix a | documentation')
2630632482.txt,60,56,exact ('bibliography')
2636463003.txt,154,154,
2636770050.txt,123,111,exact ('bibliography')
2636770071.txt,12,12,
2640810088.txt,66,50,exact ('references')
2640810128.txt,30,20,exact ('bibliography')
2640810317.txt,312,73,exact ('bibliography')
2640810478.txt,83,68,exact ('bibliography')
2640810527.txt,66,11,exact ('list of tables')
2640810548.txt,26,25,exact ('references')
2640810555.txt,45,32,exact ('references')
2640810704.txt,108,92,exact ('references')
2640810737.txt,95,72,exact ('references')
2640810765.txt,129,96,exact ('bibliography')
2640810793.txt,84,76,exact ('references')
2640811199.txt,97,93,exact ('references')
2642152848.txt,77,71,exact ('appendix')
2642152883.txt,61,39,exact ('references')
2642152891.txt,153,82,exact ('bibliography')
2642153006.txt,78,63,title-page ('appendices')
2642153080.txt,98,89,title-page ('appendices')
2642153143.txt,99,91,exact ('references')
2642153169.txt,81,63,exact ('appendices')
2642153266.txt,84,83,exact ('references')
2642153318.txt,141,108,exact ('bibliography')
2642153385.txt,113,88,exact ('bibliography')
2642153536.txt,60,54,exact ('bibliography')
2642153552.txt,60,55,exact ('bibliography')
2642153555.txt,78,69,title-page ('appendix a')
2644416584.txt,188,129,exact ('references')
2644416589.txt,46,34,prefix-match ('appendix a')
2644416591.txt,108,105,prefix-match ('appendix a')
2644416595.txt,68,54,exact ('bibliography')
2644416604.txt,47,40,exact ('bibliography')
2644416612.txt,103,96,exact ('bibliography')
2644416743.txt,72,67,exact ('bibliography')
2646318393.txt,77,55,exact ('references')
2646318436.txt,117,53,exact ('bibliography')
2646318461.txt,77,64,exact ('bibliography')
2646318569.txt,138,127,exact ('bibliography')
2646318592.txt,77,60,exact ('references')
2646318608.txt,54,45,exact ('bibliography')
2646318629.txt,60,53,exact ('bibliography')
2646318767.txt,68,35,exact ('references')
2646318792.txt,111,105,exact ('bibliography')
2646318794.txt,226,138,prefix-match ('appendix c. validation')
2646318988.txt,56,54,exact ('bibliography')
2651563676.txt,45,44,exact ('references')
2655630436.txt,46,41,exact ('references')
2655630554.txt,84,74,exact ('references')
2655630753.txt,74,73,exact ('references')
2655631147.txt,114,72,exact ('references')
2655631333.txt,73,65,exact ('bibliography')
2655631420.txt,104,61,exact ('bibliography')
2664968967.txt,86,77,exact ('references')
2664969066.txt,50,41,exact ('references')
2664969358.txt,130,87,prefix-match ('appendix a')
2664969410.txt,54,43,exact ('bibliography')
2664969554.txt,56,47,exact ('bibliography')
2664969574.txt,87,65,exact ('references')
2665840605.txt,88,84,exact ('bibliography')
2665840668.txt,120,100,prefix-match ('appendix a')
2665869473.txt,102,66,exact ('references')
2665888919.txt,70,49,title-page ('appendices')
2665904862.txt,79,73,exact ('references')
2665996692.txt,102,94,exact ('references')
2665996710.txt,105,78,exact ('references')
2665996715.txt,69,59,exact ('references')
2665996721.txt,51,25,exact ('references')
2666092451.txt,216,216,
2666092459.txt,216,216,
2666092567.txt,100,79,prefix-match ('appendix a')
2666092580.txt,94,76,exact ('appendices')
2666092601.txt,51,39,exact ('references')
2666092614.txt,20,20,exact ('references')
2666092620.txt,89,80,exact ('references')
2666092630.txt,72,65,exact ('references')
2666092652.txt,40,39,exact ('references')
2666943427.txt,129,109,exact ('references')
2666943536.txt,111,108,exact ('references')
2666943688.txt,57,46,exact ('references')
2666944619.txt,144,115,exact ('bibliography')
2666945576.txt,205,182,exact ('references')
2669668284.txt,128,101,exact ('bibliography')
2678030785.txt,74,60,exact ('bibliography')
2678936404.txt,42,37,prefix-match ('appendix a')
2679238846.txt,198,113,prefix-match ('appendix a')
2679238895.txt,101,70,exact ('references')
2679238927.txt,95,79,exact ('bibliography')
2679238932.txt,131,99,exact ('references')
2679238940.txt,96,85,exact ('bibliography')
2679238945.txt,221,155,exact ('appendix')
2679883431.txt,64,59,exact ('bibliography')
2679883479.txt,72,35,exact ('references')
2679883491.txt,228,130,exact ('bibliography')
2679883506.txt,97,95,prefix-match ('appendix e')
2679883519.txt,139,113,prefix-match ('appendix a')
2681923762.txt,83,74,exact ('references')
2681923768.txt,87,76,exact ('references')
2683895727.txt,69,65,exact ('bibliography')
2683895742.txt,98,83,prefix-match ('appendix a')
2683895746.txt,84,63,exact ('references')
2683895789.txt,97,71,exact ('references')
2683895814.txt,68,65,exact ('bibliography')
2683895815.txt,55,40,exact ('references')
2683895818.txt,39,37,exact ('bibliography')
2685503399.txt,78,65,exact ('references')
2685564428.txt,102,77,exact ('bibliography')
2685564607.txt,195,171,exact ('references')
2685564618.txt,51,47,exact ('references')
2685564625.txt,82,71,prefix-match ('appendix a')
2685589492.txt,67,62,exact ('references')
2685589653.txt,120,19,exact ('list of figures')
2685708610.txt,51,41,exact ('bibliography')
2685708631.txt,104,87,title-page ('appendices')
2685708644.txt,88,81,exact ('bibliography')
2685752487.txt,93,80,exact ('bibliography')
2685752551.txt,78,71,exact ('references')
2685833032.txt,66,61,exact ('references')
2685833047.txt,56,56,
2685833052.txt,97,93,exact ('bibliography')
2685852654.txt,61,59,exact ('bibliography')
2685864139.txt,54,51,exact ('references')
2686027323.txt,76,65,exact ('bibliography')
2686027327.txt,107,107,
2686027347.txt,106,79,exact ('references')
2686027365.txt,128,103,exact ('bibliography')
2686027385.txt,85,58,exact ('references')
2686067346.txt,78,63,exact ('references')
2686067390.txt,146,103,title-page ('appendices')
2686067404.txt,76,57,prefix-match ('appendix a')
2686111640.txt,59,49,exact ('references')
2686111660.txt,76,67,exact ('appendix')
2686150062.txt,93,84,exact ('references')
2686258696.txt,96,83,exact ('bibliography')
2686258711.txt,108,100,exact ('bibliography')
2686339825.txt,84,64,exact ('references')
2686339918.txt,50,42,exact ('references')
2686339950.txt,54,50,prefix-match ('appendix a')
2686340042.txt,143,79,exact ('referencer')
2686371108.txt,146,85,exact ('bibliography')
2686371143.txt,90,60,exact ('appendices')
2686394651.txt,32,32,
2686394653.txt,62,58,exact ('bibliography')
2686394664.txt,85,68,exact ('bibliography')
2686394710.txt,106,88,exact ('references')
2686394720.txt,70,68,exact ('references')
2686394724.txt,162,129,exact ('references')
2686416896.txt,114,106,exact ('references')
2686441534.txt,115,101,exact ('references')
2686441549.txt,146,136,exact ('references')
2686441564.txt,68,64,exact ('references')
2686462744.txt,62,42,exact ('bibliography')
2686501851.txt,126,103,exact ('list of figures')
2686501863.txt,96,75,exact ('bibliography')
2686501871.txt,146,125,exact ('bibliography')
2686501875.txt,46,43,exact ('appendix')
2686501877.txt,78,72,prefix-match ('appendix a')
2686501888.txt,97,93,exact ('bibliography')
2686555612.txt,99,88,exact ('references')
2686613438.txt,135,87,exact ('bibliography')
2686613442.txt,75,49,exact ('references')
2686634730.txt,147,121,exact ('references')
2686709891.txt,200,197,title-page ('appendix b')
2686745153.txt,168,95,exact ('bibliography')
2686745165.txt,84,62,prefix-match ('appendix a')
2686745184.txt,40,37,exact ('bibliography')
2686775606.txt,84,56,exact ('references')
2686813922.txt,111,84,exact ('references')
2686862035.txt,110,73,prefix-match ('appendix a')
2686887836.txt,88,81,exact ('references')
2686909189.txt,72,69,exact ('bibliography')
2686909199.txt,150,123,exact ('bibliography')
2686964938.txt,104,75,title-page ('appendices')
2688161526.txt,85,67,title-page ('appendices')
2688161532.txt,86,69,exact ('bibliography')
2688461990.txt,118,108,exact ('references')
2688529929.txt,57,42,exact ('references')
2688605912.txt,78,63,exact ('bibliography')
2688729142.txt,48,40,exact ('references')
2688779287.txt,67,59,exact ('references')
2688779298.txt,50,46,prefix-match ('appendix - figures')
2688963785.txt,76,46,exact ('references')
2689098840.txt,152,71,title-page ('appendices')
2689098843.txt,80,69,exact ('bibliography')
2689133997.txt,130,91,prefix-match ('appendix a')
2689210600.txt,95,89,exact ('references')
2689353972.txt,1,1,
2689353979.txt,115,113,exact ('referencer')
2689404556.txt,34,17,exact ('references')
2689404609.txt,84,73,exact ('bibliography')
2689435230.txt,98,98,
2689549408.txt,188,152,exact ('bibliography')
2689682241.txt,124,87,prefix-match ('appendix a')
2689748556.txt,59,58,exact ('bibliography')
2689830993.txt,45,39,exact ('bibliography')
2689849048.txt,82,66,exact ('bibliography')
2689849057.txt,77,76,exact ('referencer')
2689849060.txt,50,44,exact ('bibliography')
2690288532.txt,16,14,exact ('references')
2690909362.txt,93,88,exact ('bibliography')
2690909397.txt,101,78,exact ('references')
2690909404.txt,74,56,exact ('references')
2690909520.txt,94,58,exact ('bibliography')
2690953780.txt,86,76,title-page ('appendices')
2691159501.txt,82,78,exact ('references')
2691159509.txt,74,65,title-page ('appendices')
2691159520.txt,74,73,exact ('bibliography')
2691159529.txt,106,95,prefix-match ('references - articles')
2691159530.txt,102,84,exact ('references')
2691159537.txt,60,59,exact ('bibliography')
2691159540.txt,131,107,exact ('bibliography')
2691159543.txt,161,101,prefix-match ('appendix a')
2691159552.txt,138,138,
2691159554.txt,126,81,exact ('references')
2691221977.txt,77,72,exact ('bibliography')
2691221979.txt,92,77,exact ('bibliography')
2691221989.txt,85,65,exact ('references')
2691221993.txt,79,78,exact ('bibliography')
2691221999.txt,114,106,exact ('bibliography')
2691222006.txt,82,71,exact ('references')
2691222008.txt,119,96,prefix-match ('appendix c 8.1')
2691222009.txt,87,83,exact ('references')
2691222020.txt,75,75,
2691222021.txt,120,67,exact ('references')
2691222026.txt,108,92,exact ('bibliography')
2691222029.txt,88,79,prefix-match ('appendix a')
2691222031.txt,68,63,exact ('bibliography')
2691222035.txt,20,20,exact ('references')
2691222038.txt,79,64,exact ('references')
2691222040.txt,50,43,exact ('bibliography')
2691222048.txt,69,67,exact ('bibliography')
2691222051.txt,73,71,exact ('bibliography')
2691222053.txt,1,1,
2691222064.txt,122,91,exact ('references')
2691222067.txt,89,72,exact ('references')
2691222090.txt,126,65,prefix-match ('appendix a')
2691222097.txt,104,89,prefix-match ('appendix a')
2691222103.txt,21,12,exact ('references')
2691222106.txt,56,54,exact ('references')
2691222107.txt,43,38,exact ('bibliography')
2691222112.txt,145,128,exact ('bibliography')
2691222114.txt,61,49,exact ('bibliography')
2691222120.txt,84,61,exact ('bibliography')
2691222124.txt,70,49,exact ('bibliography')
2691222126.txt,124,101,exact ('bibliography')
2691264801.txt,50,47,exact ('references')
2691321112.txt,145,70,exact ('appendices')
2691321154.txt,152,144,exact ('bibliography')
2691384137.txt,105,80,exact ('references')
2691384173.txt,117,92,exact ('bibliography')
2691384253.txt,80,80,
2691438200.txt,64,62,exact ('references')
2691488484.txt,38,33,exact ('references')
2691488539.txt,164,100,exact ('bibliography')
2691488556.txt,69,65,exact ('bibliography')
2691516708.txt,202,104,exact ('list of figures')
2691516718.txt,60,52,exact ('references')
2691516725.txt,88,54,exact ('references')
2691516742.txt,128,71,exact ('bibliography')
2691516770.txt,97,81,exact ('bibliography')
2691587117.txt,53,52,exact ('bibliography')
2691617059.txt,110,97,prefix-match ('appendix a')
2691617077.txt,141,101,exact ('bibliography')
2691640717.txt,174,95,exact ('bibliography')
2691661121.txt,54,51,exact ('bibliography')
2691661123.txt,89,71,exact ('bibliography')
2691661241.txt,56,43,exact ('bibliography')
2691661270.txt,52,50,exact ('references')
2691679800.txt,174,93,exact ('bibliography')
2691679809.txt,290,105,exact ('bibliography')
2691679817.txt,74,67,prefix-match ('appendix a')
2691679861.txt,106,92,exact ('bibliography')
2691679865.txt,74,71,exact ('references')
2691679876.txt,46,45,exact ('bibliography')
2691679919.txt,53,53,exact ('references')
2691694650.txt,69,66,exact ('references')
2691718440.txt,74,71,exact ('bibliography')
2691742743.txt,64,54,exact ('references')
2691742847.txt,150,118,prefix-match ('appendix a')
2691804192.txt,102,99,exact ('bibliography')
2691804356.txt,42,39,exact ('bibliography')
2691804359.txt,46,43,exact ('references')
2691868604.txt,48,48,
2691893838.txt,147,119,exact ('references')
2691893840.txt,60,57,exact ('bibliography')
2691893844.txt,165,113,exact ('references')
2691893849.txt,68,67,exact ('references')
2691893852.txt,124,117,prefix-match ('appendix a')
2691893855.txt,90,84,exact ('bibliography')
2691893856.txt,114,76,exact ('bibliography')
2691893858.txt,146,91,exact ('bibliography')
2691893871.txt,116,111,exact ('bibliography')
2691893915.txt,306,306,
2691893924.txt,92,82,exact ('bibliography')
2691893927.txt,65,61,exact ('bibliography')
2691893930.txt,97,86,exact ('bibliography')
2691893934.txt,65,58,exact ('bibliography')
2691893949.txt,122,85,exact ('references')
2691893952.txt,76,73,exact ('bibliography')
2691893972.txt,200,153,exact ('references')
2691894006.txt,91,84,exact ('bibliography')
2691894027.txt,90,87,exact ('bibliography')
2691894082.txt,128,79,exact ('bibliography')
2691894086.txt,87,83,exact ('bibliography')
2691894096.txt,61,56,exact ('references')
2691894117.txt,76,63,exact ('bibliography')
2691894130.txt,124,92,exact ('bibliography')
2691894137.txt,83,65,exact ('references')
2691894147.txt,74,57,prefix-match ('appendix a: radius of gyration')
2691894148.txt,158,81,title-page ('appendices')
2691894155.txt,76,47,exact ('bibliography')
2691894156.txt,118,113,exact ('bibliography')
2691894161.txt,145,130,exact ('bibliography')
2691894163.txt,65,45,exact ('references')
2691928155.txt,31,31,exact ('references')
2691928158.txt,75,71,exact ('bibliography')
2691928164.txt,82,82,
2691928171.txt,95,89,prefix-match ('appendix a')
2691928177.txt,82,49,exact ('bibliography')
2691928181.txt,130,109,exact ('bibliography')
2691928201.txt,168,139,prefix-match ('appendix a')
2691928210.txt,64,61,exact ('bibliography')
2691928214.txt,76,63,exact ('bibliography')
2691928217.txt,50,48,exact ('appendix')
2691928220.txt,58,35,exact ('bibliography')
2691928227.txt,72,61,exact ('bibliography')
2691928232.txt,121,117,exact ('bibliography')
2691928234.txt,49,48,exact ('references')
2691928235.txt,67,27,exact ('references')
2691928237.txt,82,77,prefix-match ('appendix b')
2691928240.txt,61,49,exact ('references')
2691928241.txt,58,54,exact ('bibliography')
2691928244.txt,68,55,exact ('bibliography')
2691928248.txt,100,89,exact ('bibliography')
2691928251.txt,87,68,exact ('references')
2691928254.txt,188,188,
2691928258.txt,59,57,exact ('bibliography')
2691928260.txt,90,79,exact ('appendix')
2691928261.txt,101,70,exact ('bibliography')
2691928266.txt,66,56,exact ('bibliography')
2691928270.txt,76,59,exact ('bibliography')
2691928277.txt,94,91,exact ('bibliography')
2691928280.txt,42,35,exact ('references')
2691928285.txt,44,37,exact ('references')
2691928286.txt,133,109,exact ('references')
2691928290.txt,246,168,title-page ('references')
2691928292.txt,73,53,exact ('references')
2691928296.txt,211,179,title-page ('appendix 1 – parker load profile')
2691928298.txt,89,73,exact ('references')
2691928300.txt,69,55,prefix-match ('appendix a')
2691928302.txt,71,59,exact ('references')
2691928304.txt,76,72,exact ('bibliography')
2691928308.txt,82,79,exact ('references')
2691928313.txt,138,76,exact ('references')
2691928314.txt,82,65,title-page ('appendices')
2691928315.txt,64,47,exact ('bibliography')
2691928316.txt,113,103,title-page ('appendix a')
2691928321.txt,88,73,prefix-match ('appendix a')
2691928322.txt,74,61,exact ('bibliography')
2691928325.txt,76,65,prefix-match ('appendix a')
2691928332.txt,40,38,exact ('bibliography')
2691928333.txt,69,34,exact ('bibliography')
2691928335.txt,63,63,
2691928339.txt,92,79,exact ('bibliography')
2691928340.txt,45,41,exact ('bibliography')
2691928342.txt,71,59,prefix-match ('appendix a')
2691928343.txt,100,86,exact ('bibliography')
2691928344.txt,55,54,exact ('bibliography')
2691928346.txt,158,75,prefix-match ('appendix a')
2691928347.txt,100,100,
2691928349.txt,62,51,exact ('references')
2691928350.txt,170,111,title-page ('appendices')
2691928353.txt,71,68,exact ('bibliography')
2691928365.txt,110,93,title-page ('appendices')
2691928366.txt,79,65,prefix-match ('appendix a')
2691928375.txt,96,68,exact ('bibliography')
2691928378.txt,60,48,prefix-match ('appendix a')
2691944103.txt,78,72,exact ('references')
2691944313.txt,63,63,exact ('references')
2691944856.txt,137,116,exact ('bibliography')
2691944917.txt,94,75,exact ('bibliography')
2691945991.txt,56,53,exact ('bibliography')
2691980156.txt,120,59,exact ('references')
2691980173.txt,97,97,
2691980205.txt,201,105,exact ('bibliography')
2691980249.txt,125,111,exact ('references')
2691980254.txt,119,76,exact ('references')
2691980424.txt,114,63,exact ('bibliography')
2692004395.txt,84,79,exact ('bibliography')
2692004499.txt,104,83,exact ('bibliography')
2692044378.txt,113,73,prefix-match ('appendix a: selected priors for')
2692044403.txt,130,125,exact ('bibliography')
2692044423.txt,46,43,prefix-match ('appendix a')
2692044478.txt,66,61,exact ('bibliography')
2692075272.txt,114,103,prefix-match ('appendix a')
2692075291.txt,92,78,exact ('appendix')
2692075316.txt,55,54,exact ('references')
2692075388.txt,84,75,exact ('bibliography')
2692075399.txt,96,78,exact ('references')
2692075406.txt,30,30,
2692075415.txt,148,75,exact ('bibliography')
2692075447.txt,97,88,exact ('appendix')
2692075507.txt,170,117,exact ('references')
2692075610.txt,104,63,exact ('references')
2692075613.txt,69,60,exact ('appendix')
2692075621.txt,83,69,exact ('bibliography')
2692075777.txt,110,100,exact ('bibliography')
2692075779.txt,108,98,prefix-match ('appendix a')
2692075800.txt,216,67,exact ('references')
2692075818.txt,158,113,exact ('references')
2692100142.txt,116,54,exact ('bibliography')
2692100147.txt,85,66,exact ('bibliography')
2692100158.txt,75,75,
2692100159.txt,72,70,exact ('references')
2692100161.txt,88,65,exact ('references')
2692100162.txt,92,92,exact ('references')
2692100163.txt,142,113,exact ('references')
2692100165.txt,77,55,exact ('bibliography')
2692100167.txt,104,104,
2692100169.txt,55,48,exact ('bibliography')
2692100195.txt,88,76,exact ('references')
2692100196.txt,195,109,exact ('references')
2692100200.txt,178,67,exact ('bibliography')
2692100203.txt,80,71,exact ('references')
2692100216.txt,120,99,exact ('bibliography')
2692100217.txt,67,56,exact ('bibliography')
2692100219.txt,94,73,title-page ('appendices')
2692100262.txt,134,105,exact ('references')
2692100293.txt,58,56,exact ('bibliography')
2692100303.txt,82,69,prefix-match ('appendix a')
2692100388.txt,43,41,exact ('references')
2692100398.txt,68,59,exact ('references')
2692100440.txt,77,65,prefix-match ('appendix a')
2692100521.txt,84,66,exact ('references')
2692123402.txt,80,78,exact ('bibliography')
2692123451.txt,61,55,exact ('bibliography')
2692123468.txt,66,53,exact ('references')
2692123559.txt,216,145,exact ('bibliography')
2692123575.txt,65,65,
2692123577.txt,64,57,exact ('bibliography')
2692141446.txt,120,101,exact ('references')
2692141473.txt,124,99,exact ('bibliography')
2692141479.txt,77,54,exact ('bibliography')
2692141484.txt,36,35,exact ('references')
2692141486.txt,78,68,exact ('references')
2692141492.txt,108,102,exact ('bibliography')
2692142156.txt,92,59,exact ('bibliography')
2692142159.txt,105,82,exact ('bibliography')
2692166113.txt,128,87,title-page ('appendices')
2692166179.txt,49,44,exact ('bibliography')
2692166205.txt,104,93,exact ('bibliography')
2692166214.txt,69,57,exact ('references')
2692166271.txt,77,72,exact ('appendices')
2692166276.txt,68,50,exact ('references')
2692166298.txt,99,86,prefix-match ('appendix a')
2692166303.txt,59,47,prefix-match ('appendix - a')
2692166317.txt,147,74,exact ('bibliography')
2692166325.txt,76,63,exact ('references')
2692210951.txt,107,83,title-page ('appendix a')
2692210959.txt,108,97,exact ('bibliography')
2692210964.txt,72,72,
2692242701.txt,70,68,exact ('bibliography')
2692242721.txt,94,85,exact ('bibliography')
2692242749.txt,154,109,exact ('bibliography')
2692242754.txt,84,79,exact ('bibliography')
2692242852.txt,61,58,exact ('references')
2692242863.txt,16,16,
2692242871.txt,96,93,exact ('bibliography')
2692266789.txt,88,79,exact ('bibliography')
2692266791.txt,127,83,exact ('bibliography')
2692286097.txt,114,77,exact ('references')
2692286114.txt,74,51,exact ('bibliography')
2692286120.txt,64,61,exact ('bibliography')
2692286124.txt,62,54,exact ('bibliography')
2692305257.txt,80,67,exact ('references')
2692305260.txt,108,73,prefix-match ('appendix a')
2692305262.txt,136,83,exact ('bibliography')
2692305267.txt,50,45,exact ('references')
2692305271.txt,78,72,exact ('bibliography')
2692305273.txt,101,81,exact ('references')
2692305278.txt,138,84,exact ('bibliography')
2692305287.txt,71,63,prefix-match ('appendix a')
2692305289.txt,174,85,title-page ('appendix a')
2692305480.txt,244,125,exact ('bibliography')
2692305484.txt,205,56,exact ('referencer')
2692353265.txt,48,45,prefix-match ('appendix a')
2692353289.txt,60,51,title-page ('appendices')
2692353292.txt,56,56,
2692373313.txt,66,63,exact ('references')
2692373358.txt,69,58,exact ('bibliography')
2692373474.txt,84,71,title-page ('appendix a')
2692647736.txt,30,27,exact ('bibliography')
2692647753.txt,64,62,exact ('bibliography')
2692692535.txt,96,86,exact ('bibliography')
2692692538.txt,57,51,exact ('appendices')
2692692545.txt,124,87,exact ('bibliography')
2692692547.txt,83,72,exact ('references')
2692692551.txt,78,73,exact ('bibliography')
2692692559.txt,86,80,exact ('bibliography')
2692692564.txt,87,74,exact ('references')
2692692565.txt,89,86,exact ('appendix')
2692725914.txt,71,67,exact ('bibliography')
2692725916.txt,79,67,exact ('list of figures')
2692725921.txt,64,59,prefix-match ('appendix a')
2692725925.txt,73,49,exact ('references')
2692725931.txt,59,45,exact ('references')
2692726041.txt,116,60,exact ('bibliography')
2692726044.txt,117,102,title-page ('appendix a')
2692726045.txt,75,53,exact ('references')
2692726046.txt,53,42,exact ('references')
2692726049.txt,49,41,exact ('references')
2692726052.txt,60,47,exact ('bibliography')
2692726056.txt,318,146,exact ('bibliography')
2692726060.txt,133,104,prefix-match ('appendix a')
2692726064.txt,50,50,exact ('references')
2692726073.txt,92,78,prefix-match ('appendix a')
2692726080.txt,66,10,exact ('list of tables')
2692726081.txt,54,49,prefix-match ('appendix a')
2692726084.txt,65,65,
2692726092.txt,93,74,exact ('references')
2692726094.txt,132,107,prefix-match ('appendix a')
2692775472.txt,165,106,exact ('bibliography')
2692804497.txt,74,73,exact ('bibliography')
2692804506.txt,380,207,prefix-match ('bibliography – chapter 9')
2692804509.txt,102,93,exact ('bibliography')
2692804522.txt,79,71,exact ('references')
2692804526.txt,92,61,exact ('bibliography')
2692837485.txt,121,112,exact ('references')
2692837486.txt,92,90,exact ('appendix')
2692866726.txt,126,94,exact ('references')
2692866729.txt,51,46,exact ('references')
2692866732.txt,50,49,exact ('bibliography')
2692866740.txt,100,93,title-page ('appendices')
2692866743.txt,49,46,exact ('list of figures')
2692866751.txt,140,104,exact ('bibliography')
2692866753.txt,95,81,exact ('bibliography')
2692890739.txt,102,51,exact ('bibliography')
2692890744.txt,97,82,exact ('bibliography')
2692890748.txt,88,78,exact ('references')
2692890755.txt,85,72,exact ('references')
2692890811.txt,119,84,exact ('bibliography')
2692890818.txt,64,19,exact ('references')
2692890822.txt,141,130,prefix-match ('appendix a')
2692890848.txt,178,113,exact ('bibliography')
2692890863.txt,133,133,
2692890879.txt,47,45,exact ('bibliography')
2692890897.txt,109,66,exact ('references')
2692890901.txt,69,51,prefix-match ('appendix a')
2692890914.txt,81,79,exact ('bibliography')
2692890926.txt,54,50,title-page ('appendix a')
2692890932.txt,45,32,exact ('references')
2692912544.txt,38,36,exact ('references')
2692912598.txt,207,106,prefix-match ('references/bibliology')
2692912620.txt,76,71,exact ('bibliography')
2692912638.txt,124,96,title-page ('bibliography')
2692912643.txt,73,73,exact ('references')
2692912649.txt,196,147,exact ('bibliography')
2692912650.txt,86,61,exact ('bibliography')
2692912660.txt,116,99,exact ('bibliography')
2692912676.txt,119,67,exact ('references')
2692912682.txt,40,37,exact ('bibliography')
2692933676.txt,66,53,exact ('bibliography')
2692933687.txt,118,79,exact ('bibliography')
2692978678.txt,134,129,exact ('bibliography')
2692978848.txt,64,56,exact ('bibliography')
2692978911.txt,74,74,
2692978978.txt,51,51,exact ('appendix')
2692979243.txt,143,115,exact ('references')
2692979296.txt,58,57,exact ('bibliography')
2692979474.txt,149,124,exact ('references')
2692979641.txt,70,65,exact ('bibliography')
2693004126.txt,73,71,prefix-match ('appendix a')
2693004145.txt,104,69,exact ('bibliography')
2693004164.txt,50,40,exact ('references')
2693004176.txt,47,39,exact ('references')
2693004198.txt,54,50,exact ('bibliography')
2693004216.txt,89,84,exact ('litteraturliste')
2693004335.txt,83,82,exact ('references')
2693004402.txt,91,79,title-page ('appendices')
2693004414.txt,92,76,exact ('references')
2693004440.txt,66,55,exact ('bibliography')
2693004453.txt,125,93,exact ('references')
2693004478.txt,108,83,exact ('bibliography')
2693029011.txt,112,112,
2693029035.txt,65,54,exact ('references')
2693055920.txt,64,59,exact ('referencer')
2693055924.txt,95,58,exact ('bibliography')
2693055935.txt,100,84,exact ('bibliography')
2693055951.txt,67,61,exact ('references')
2693081810.txt,78,69,prefix-match ('appendix a')
2693186849.txt,101,75,exact ('references')
2693186851.txt,90,48,exact ('bibliography')
2693186853.txt,44,33,exact ('bibliography')
2693186854.txt,86,73,exact ('bibliography')
2693186855.txt,84,75,exact ('references')
2693186864.txt,66,61,exact ('bibliography')
2693186873.txt,108,103,prefix-match ('appendix a')
2693186878.txt,68,66,exact ('references')
2693186880.txt,51,47,exact ('bibliography')
2693186881.txt,90,77,exact ('bibliography')
2693186882.txt,127,83,exact ('references')
2693203531.txt,69,67,exact ('bibliography')
2693203586.txt,151,99,exact ('bibliography')
2693203594.txt,51,50,exact ('bibliography')
2693203704.txt,150,128,exact ('bibliography')
2693203769.txt,69,34,exact ('appendix')
2693203824.txt,145,107,exact ('references')
2693204003.txt,62,45,exact ('bibliography')
2693204020.txt,126,126,
2693204045.txt,108,105,exact ('bibliography')
2693204171.txt,94,77,exact ('bibliography')
2693204229.txt,32,30,exact ('references')
2693204633.txt,57,54,exact ('bibliography')
2693204816.txt,75,66,exact ('references')
2693242800.txt,115,85,exact ('bibliography')
2693242805.txt,104,92,exact ('bibliography')
2693242961.txt,51,47,exact ('references')
2693242977.txt,88,59,exact ('references')
2693243024.txt,112,77,exact ('references')
2693243025.txt,103,84,exact ('list of references')
2693243032.txt,73,39,exact ('references')
2693243117.txt,129,111,exact ('references')
2693243150.txt,79,68,exact ('bibliography')
2693243167.txt,77,74,exact ('bibliography')
2693243170.txt,59,53,exact ('references')
2693243179.txt,21,15,exact ('references')
2693243209.txt,80,73,title-page ('appendices')
2693243212.txt,67,52,exact ('references')
2693243234.txt,89,62,exact ('bibliography')
2693243279.txt,62,59,exact ('bibliography')
2693243321.txt,84,61,exact ('bibliography')
2693274790.txt,80,13,exact ('list of figures')
2693274798.txt,74,63,exact ('bibliography')
2693274831.txt,89,83,exact ('references')
2693308036.txt,77,60,exact ('bibliography')
2693353146.txt,71,68,exact ('references')
2693353189.txt,130,99,exact ('bibliography')
2693379725.txt,47,43,exact ('bibliography')
2693379726.txt,70,67,exact ('bibliography')
2693428618.txt,347,117,exact ('references')
2693468603.txt,71,57,exact ('bibliography')
2693468604.txt,35,33,exact ('references')
2693468616.txt,352,44,exact ('bibliography')
2693468647.txt,79,71,exact ('bibliography')
2693468671.txt,192,99,exact ('bibliography')
2693468676.txt,54,50,exact ('bibliography')
2693468680.txt,41,37,exact ('references')
2693468685.txt,142,121,exact ('bibliography')
2693468691.txt,118,84,exact ('references')
2693468694.txt,79,75,exact ('bibliography')
2693468698.txt,105,87,exact ('bibliography')
2693468700.txt,65,62,exact ('bibliography')
2693468711.txt,98,97,exact ('references')
2693468719.txt,71,53,exact ('references')
2695739720.txt,100,87,exact ('references')
2697798453.txt,104,95,exact ('appendices')
2697818758.txt,43,40,exact ('bibliography')
2697818759.txt,52,50,exact ('bibliography')
2697818760.txt,108,101,prefix-match ('appendix a')
2697839964.txt,172,83,exact ('bibliography')
2697839970.txt,66,65,exact ('bibliography')
2697934592.txt,110,77,exact ('bibliography')
2697934593.txt,112,79,exact ('references')
2697981971.txt,59,46,exact ('references')
2697982016.txt,158,158,
2697982022.txt,108,101,exact ('references')
2697982030.txt,56,48,exact ('references')
2697982070.txt,147,106,exact ('references')
2698045703.txt,74,69,exact ('bibliography')
2698045713.txt,70,51,exact ('references')
2698045730.txt,64,53,exact ('bibliography')
2698281456.txt,93,74,prefix-match ('appendix a')
2698281468.txt,88,79,title-page ('appendices')
2698316795.txt,39,36,exact ('reference list')
2698316810.txt,100,83,exact ('bibliography')
2698384329.txt,82,63,exact ('appendix')
2698384331.txt,111,94,exact ('references')
2698412479.txt,142,142,
2698412487.txt,110,97,exact ('bibliography')
2698465164.txt,96,15,exact ('list of tables')
2698465168.txt,171,143,prefix-match ('appendix a')
2698465171.txt,226,93,exact ('bibliography')
2698567274.txt,68,56,exact ('references')
2698567280.txt,76,37,exact ('references')
2698567281.txt,116,87,exact ('list of figures')
2698567287.txt,87,75,exact ('bibliography')
2698567288.txt,102,71,exact ('bibliography')
2698567295.txt,117,111,exact ('references')
2698567298.txt,67,63,exact ('references')
2698674221.txt,53,51,exact ('references')
2698674241.txt,16,13,exact ('references')
2698674329.txt,186,149,title-page ('appendices')
2698793389.txt,151,80,exact ('references')
2698793524.txt,70,44,exact ('bibliography')
2698795375.txt,61,61,
2698795387.txt,48,45,exact ('bibliography')
2698795388.txt,89,88,exact ('bibliography')
2698898188.txt,125,112,exact ('appendix')
2698986008.txt,108,93,exact ('bibliography')
2698986200.txt,148,125,exact ('bibliography')
2699019338.txt,54,52,exact ('references')
2699073732.txt,54,34,exact ('references')
2699127253.txt,46,45,exact ('bibliography')
2699127254.txt,83,68,exact ('references')
2699316048.txt,133,89,exact ('appendices')
2699360238.txt,58,52,exact ('appendices')
2699360242.txt,36,35,exact ('references')
2699360259.txt,76,54,exact ('bibliography')
2699527444.txt,64,51,exact ('references')
2699527446.txt,59,57,exact ('bibliography')
2699569642.txt,91,90,exact ('appendices')
2699623832.txt,44,42,exact ('bibliography')
2699676698.txt,138,101,exact ('bibliography')
2699754111.txt,73,65,exact ('appendix')
2700638342.txt,60,52,exact ('references')
2700638351.txt,94,89,exact ('bibliography')
2702521820.txt,97,91,exact ('references')
2702521826.txt,107,100,exact ('bibliography')
2702623451.txt,57,57,exact ('bibliography')
2702623454.txt,42,42,exact ('references')
2702862800.txt,65,63,exact ('references')
2702884720.txt,88,75,title-page ('appendices')
2702884725.txt,80,67,exact ('bibliography')
2703093424.txt,62,53,exact ('references')
2703093425.txt,104,101,exact ('bibliography')
2703122250.txt,64,61,exact ('bibliography')
2704068947.txt,114,68,title-page ('appendices')
2704096213.txt,94,85,exact ('bibliography')
2704096266.txt,83,71,exact ('bibliography')
2704444633.txt,74,62,exact ('bibliography')
2704506531.txt,70,67,exact ('bibliography')
2705069118.txt,48,46,exact ('references')
2705116590.txt,40,35,title-page ('appendix')
2705236015.txt,58,57,exact ('references')
2705320378.txt,70,67,exact ('bibliography')
2705345995.txt,63,55,prefix-match ('appendix a')
2705346014.txt,246,230,prefix-match ('appendix 15 – co-design workshop images')
2705640470.txt,70,52,exact ('bibliography')
2705723671.txt,66,54,exact ('bibliography')
2706100891.txt,54,33,exact ('references')
2706100897.txt,43,35,exact ('references')
2706296897.txt,78,71,exact ('bibliography')
2706296902.txt,75,68,exact ('references')
2706296913.txt,211,164,exact ('bibliography')
2706296918.txt,98,79,prefix-match ('appendixa')
2706296919.txt,52,47,exact ('references')
2706296923.txt,67,58,exact ('references')
2706415949.txt,63,53,exact ('references')
2706415972.txt,73,61,exact ('bibliography')
2706415978.txt,133,104,exact ('references')
2706416012.txt,25,25,
2706416017.txt,30,29,exact ('references')
2706416023.txt,56,49,exact ('bibliography')
2706416025.txt,93,80,exact ('references')
2706416036.txt,76,69,exact ('appendix')
2706416038.txt,78,71,exact ('bibliography')
2706416043.txt,132,127,exact ('bibliography')
2706416059.txt,88,85,exact ('bibliography')
2706416068.txt,144,113,prefix-match ('appendix a')
2706416096.txt,68,62,exact ('bibliography')
2706416132.txt,105,89,exact ('bibliography')
2706416141.txt,68,52,exact ('bibliography')
2706416151.txt,82,60,prefix-match ('appendix a')
2706484721.txt,60,60,
2706996164.txt,42,40,exact ('references')
2706996185.txt,87,76,exact ('references')
2707013896.txt,80,75,prefix-match ('appendix a')
2707090084.txt,128,128,
2707111904.txt,104,83,exact ('bibliography')
2707111909.txt,75,43,exact ('bibliography')
2707111916.txt,100,63,exact ('bibliography')
2707111921.txt,96,65,exact ('bibliography')
2707111924.txt,56,53,exact ('bibliography')
2707111926.txt,117,63,title-page ('bibliography')
2707132868.txt,154,119,exact ('bibliography')
2707179215.txt,51,45,exact ('bibliography')
2707220253.txt,114,109,exact ('bibliography')
2707220255.txt,90,79,exact ('bibliography')
2707220258.txt,70,54,exact ('references')
2707220282.txt,83,63,prefix-match ('appendix a')
2707263519.txt,114,95,exact ('bibliography')
2707263526.txt,70,61,exact ('bibliography')
2707263537.txt,69,63,exact ('list of figures')
2707263541.txt,99,83,exact ('references')
2707263544.txt,94,74,exact ('appendices')
2707263545.txt,100,94,exact ('bibliography')
2707263546.txt,78,56,exact ('references')
2707263548.txt,101,78,exact ('bibliography')
2707285423.txt,102,75,exact ('bibliography')
2707285431.txt,92,91,exact ('bibliography')
2707285450.txt,60,57,exact ('bibliography')
2707285495.txt,161,98,exact ('bibliography')
2707315525.txt,66,55,title-page ('appendices')
2707366488.txt,61,54,exact ('references')
2707366491.txt,52,49,exact ('bibliography')
2707583688.txt,43,39,exact ('references')
2707583712.txt,256,106,exact ('bibliography')
2707583719.txt,105,70,exact ('references')
2707583724.txt,74,60,exact ('bibliography')
2707583735.txt,91,91,
2707583750.txt,56,51,exact ('bibliography')
2707583751.txt,100,95,exact ('references')
2707583755.txt,82,62,exact ('bibliography')
2707583760.txt,94,67,exact ('references')
2707583765.txt,51,48,exact ('references')
2707583766.txt,72,67,exact ('bibliography')
2707583767.txt,74,60,exact ('bibliography')
2707790553.txt,130,65,exact ('references')
2707790554.txt,52,43,exact ('list of figures')
2707790557.txt,117,78,exact ('bibliography')
2707790559.txt,102,97,exact ('bibliography')
2707790568.txt,62,49,exact ('bibliography')
2707790570.txt,60,56,exact ('references')
2707790573.txt,142,107,exact ('references')
2707790584.txt,107,57,exact ('references')
2707790588.txt,77,71,prefix-match ('appendix a')
2707790589.txt,69,67,exact ('bibliography')
2707790590.txt,91,88,exact ('bibliography')
2707790591.txt,86,73,exact ('bibliography')
2707790592.txt,85,54,exact ('references')
2707790593.txt,81,76,exact ('bibliography')
2707790596.txt,415,87,exact ('references')
2707790598.txt,69,59,exact ('references')
2707790601.txt,154,127,exact ('bibliography')
2707790611.txt,70,65,exact ('bibliography')
2707790613.txt,106,75,exact ('bibliography')
2707790617.txt,71,68,exact ('references')
2707790621.txt,65,59,exact ('references')
2707790622.txt,125,114,title-page ('references')
2707790624.txt,62,53,exact ('appendix')
2707790628.txt,69,66,exact ('bibliography')
2707790631.txt,63,62,exact ('references')
2707790632.txt,126,63,exact ('bibliography')
2707790640.txt,167,113,exact ('references')
2707790646.txt,71,59,exact ('references')
2707790651.txt,73,67,exact ('list of figures')
2707790681.txt,166,166,
2707790688.txt,39,37,exact ('references')
2707790698.txt,116,95,title-page ('appendices')
2707790701.txt,169,114,exact ('bibliography')
2707790702.txt,50,45,exact ('bibliography')
2707790731.txt,144,81,exact ('bibliography')
2707894247.txt,39,29,exact ('litteraturliste')
2707916086.txt,98,73,exact ('references')
2707934703.txt,53,47,exact ('references')
2707989041.txt,61,38,exact ('references')
2707989043.txt,91,78,exact ('appendix')
2708007459.txt,59,51,exact ('references')
2708007460.txt,106,67,exact ('references')
2708036284.txt,67,53,exact ('references')
2708036295.txt,101,87,exact ('references')
2708036312.txt,175,145,exact ('references')
2708036320.txt,84,83,exact ('bibliography')
2708057896.txt,89,79,exact ('bibliography')
2708057956.txt,90,89,exact ('bibliography')
2708057964.txt,77,54,exact ('bibliography')
2708057978.txt,160,130,title-page ('appendix b')
2708057992.txt,94,88,exact ('references')
2708057996.txt,61,60,exact ('references')
2708058005.txt,86,69,exact ('bibliography')
2708058012.txt,134,98,exact ('references')
2708058028.txt,252,252,
2708058057.txt,145,113,exact ('references')
2708058059.txt,59,57,exact ('references')
2708058069.txt,46,45,exact ('references')
2708058088.txt,78,77,exact ('bibliography')
2708092093.txt,82,74,prefix-match ('appendix a')
2708092124.txt,59,59,
2708092158.txt,29,19,exact ('references')
2708092171.txt,77,62,exact ('references')
2708092174.txt,45,38,exact ('bibliography')
2708092183.txt,106,77,prefix-match ('appendix e')
2708092216.txt,139,102,exact ('bibliography')
2708092389.txt,76,63,exact ('bibliography')
2708239172.txt,92,92,
2708239179.txt,82,36,exact ('references')
2708239191.txt,68,56,exact ('references')
2708239203.txt,64,53,exact ('bibliography')
2708239206.txt,111,91,prefix-match ('appendix a')
2708239213.txt,76,68,exact ('references')
2708239243.txt,96,83,exact ('references')
2708239248.txt,32,28,exact ('references')
2708239268.txt,170,56,exact ('references')
2708239285.txt,220,57,title-page ('appendices')
2708239303.txt,176,93,exact ('bibliography')
2708259048.txt,51,41,exact ('bibliography')
2708259051.txt,84,43,exact ('references')
2708259058.txt,146,61,exact ('bibliography')
2708259067.txt,82,63,exact ('references')
2708259068.txt,54,48,exact ('references')
2708259075.txt,55,51,exact ('bibliography')
2708259099.txt,75,65,exact ('references')
2708259108.txt,79,69,exact ('references')
2708259113.txt,181,81,exact ('references')
2708259117.txt,151,111,exact ('references')
2708275906.txt,39,36,title-page ('appendix')
2708314505.txt,78,69,exact ('bibliography')
2708314506.txt,86,67,prefix-match ('appendix a')
2708314508.txt,93,72,exact ('references')
2708314511.txt,54,52,exact ('references')
2708315600.txt,74,70,exact ('references')
2708315601.txt,203,155,exact ('bibliography')
2708315602.txt,44,43,exact ('bibliography')
2708315603.txt,66,59,exact ('appendix')
2708315604.txt,86,75,exact ('bibliography')
2708315605.txt,67,57,exact ('references')
2708315606.txt,54,53,exact ('bibliography')
2708315607.txt,134,117,title-page ('appendices')
2708322396.txt,46,44,exact ('bibliography')
2708322397.txt,82,67,exact ('references')
2708322398.txt,56,51,exact ('bibliography')
2708322402.txt,50,47,exact ('bibliography')
2708322416.txt,180,125,exact ('bibliography')
2708437238.txt,78,78,
2708472298.txt,70,57,exact ('bibliography')
2708472303.txt,101,88,exact ('bibliography')
2708472316.txt,271,151,exact ('references')
2708496475.txt,85,69,exact ('bibliography')
2708496476.txt,50,41,exact ('references')
2708496481.txt,54,50,exact ('bibliography')
2708496482.txt,47,38,exact ('references')
2708496490.txt,56,52,exact ('references')
2708496500.txt,59,57,exact ('bibliography')
2708496508.txt,140,121,prefix-match ('appendix a')
2708496510.txt,50,50,
2708496516.txt,50,48,exact ('bibliography')
2708496535.txt,86,73,exact ('bibliography')
2708496551.txt,104,78,exact ('bibliography')
2708496571.txt,137,86,exact ('references')
2708496593.txt,62,49,exact ('bibliography')
2708496616.txt,94,73,exact ('references')
2708496621.txt,62,38,exact ('references')
2708496628.txt,34,31,exact ('bibliography')
2708496637.txt,80,75,exact ('bibliography')
2708496643.txt,103,86,exact ('bibliography')
2708496656.txt,72,54,exact ('references')
2708559687.txt,46,43,exact ('bibliography')
2708559697.txt,57,56,exact ('bibliography')
2708559710.txt,121,94,exact ('bibliography')
2708559722.txt,107,78,exact ('bibliography')
2708656315.txt,113,82,exact ('references')
2708656339.txt,147,110,exact ('references')
2708656348.txt,178,108,exact ('appendix')
2708656362.txt,88,79,exact ('bibliography')
2708727302.txt,44,41,exact ('bibliography')
2708757303.txt,74,63,exact ('bibliography')
2708780350.txt,172,172,
2708780352.txt,117,77,exact ('bibliography')
2708800770.txt,46,38,exact ('references')
2708800834.txt,138,95,prefix-match ('appendix a')
2708800910.txt,82,70,exact ('bibliography')
2708800932.txt,114,56,exact ('bibliography')
2708800937.txt,123,112,title-page ('references')
2708812612.txt,106,89,prefix-match ('appendix a')
2708812673.txt,116,93,exact ('references')
2708838744.txt,88,65,exact ('references')
2708838745.txt,60,57,exact ('bibliography')
2708838768.txt,60,54,exact ('references')
2708857528.txt,93,91,exact ('references')
2708873601.txt,88,81,exact ('bibliography')
2708933076.txt,113,99,exact ('bibliography')
2708933088.txt,67,41,prefix-match ('appendix a.7')
2708933104.txt,88,74,exact ('bibliography')
2708960995.txt,62,46,title-page ('appendices')
2708960996.txt,44,39,prefix-match ('appendix a')
2708961000.txt,166,154,exact ('appendix')
2708961006.txt,55,54,exact ('references')
2708961010.txt,132,117,title-page ('appendix a')
2708961013.txt,83,73,prefix-match ('appendix a')
2708961016.txt,52,52,
2708961028.txt,70,67,exact ('bibliography')
2708961040.txt,159,102,exact ('references')
2708961041.txt,79,62,exact ('bibliography')
2708989909.txt,137,122,exact ('bibliography')
2708989926.txt,146,107,exact ('bibliography')
2708989931.txt,61,53,exact ('references')
2708989945.txt,70,60,exact ('bibliography')
2709078127.txt,102,91,exact ('bibliography')
2709094868.txt,104,92,prefix-match ('appendix a')
2709120186.txt,80,63,exact ('bibliography')
2709139057.txt,122,88,exact ('bibliography')
2709139058.txt,18,15,prefix-match ('appendix a')
2709139062.txt,91,78,exact ('bibliography')
2709139064.txt,79,69,exact ('references')
2709139077.txt,114,65,exact ('bibliography')
2709158933.txt,82,77,exact ('bibliography')
2709183600.txt,136,75,exact ('bibliography')
2709183601.txt,124,73,exact ('references')
2709183608.txt,46,42,exact ('references')
2709220467.txt,161,113,prefix-match ('appendix a')
2709247324.txt,62,51,exact ('bibliography')
2709247327.txt,97,60,exact ('bibliography')
2709278647.txt,38,20,exact ('references')
2709300810.txt,54,44,exact ('references')
2709300811.txt,61,57,exact ('references')
2709300846.txt,181,123,exact ('references')
2709300853.txt,66,56,exact ('references')
2709360793.txt,81,60,exact ('references')
2709360796.txt,107,52,exact ('references')
2709360832.txt,172,172,
2709440883.txt,103,62,prefix-match ('litterature')
2709440884.txt,98,84,exact ('bibliography')
2709440885.txt,79,69,exact ('bibliography')
2709464362.txt,70,70,
2709464370.txt,60,49,exact ('bibliography')
2709464381.txt,66,63,exact ('bibliography')
2709464392.txt,98,81,prefix-match ('appendix a')
2709464411.txt,66,52,exact ('references')
2709494302.txt,68,32,exact ('references')
2709494311.txt,126,85,exact ('bibliography')
2709514349.txt,51,47,exact ('references')
2709514360.txt,79,74,exact ('references')
2709514393.txt,110,57,exact ('bibliography')
2709533341.txt,44,39,exact ('appendix')
2709569670.txt,99,71,exact ('references')
2709569672.txt,63,63,
2709611087.txt,86,70,prefix-match ('appendix a')
2709656892.txt,98,98,
2709683526.txt,34,31,exact ('bibliography')
2709709944.txt,49,41,exact ('bibliography')
2709709955.txt,144,104,exact ('bibliography')
2709733956.txt,159,143,exact ('list of figures')
2709752050.txt,170,97,exact ('bibliography')
2709752056.txt,136,101,exact ('bibliography')
2709834507.txt,61,44,exact ('references')
2709876383.txt,92,72,exact ('appendix')
2709876387.txt,60,54,exact ('bibliography')
2709902274.txt,96,77,exact ('bibliography')
2709963792.txt,54,43,exact ('bibliography')
2709963795.txt,50,47,exact ('bibliography')
2709963796.txt,68,51,exact ('bibliography')
2709963800.txt,60,56,title-page ('appendix a')
2709982269.txt,81,77,exact ('bibliography')
2709982271.txt,52,49,exact ('bibliography')
2709982272.txt,42,38,exact ('bibliography')
2710006506.txt,66,54,exact ('appendix')
2710045363.txt,122,93,exact ('bibliography')
2710045366.txt,72,65,exact ('references')
2710054503.txt,64,47,exact ('bibliography')
2710054509.txt,69,63,exact ('references')
2710117729.txt,80,69,exact ('references')
2710117733.txt,149,123,exact ('references')
2710138300.txt,92,81,prefix-match ('appendix a')
2710204657.txt,74,55,exact ('bibliography')
2710204661.txt,64,49,exact ('referencer')
2710231470.txt,135,130,exact ('references')
2710311520.txt,96,77,exact ('bibliography')
2710333704.txt,65,62,exact ('bibliography')
2710382040.txt,46,40,exact ('bibliography')
2710382042.txt,45,44,exact ('appendix')
2710466651.txt,114,67,"prefix-match ('appendix - python code for data retrieval, cleanin')"
2710503357.txt,60,51,exact ('bibliography')
2710503364.txt,124,97,exact ('references')
2710503385.txt,83,56,exact ('references')
2710670112.txt,130,119,prefix-match ('appendix a')
2710670113.txt,64,55,exact ('bibliography')
2710670126.txt,88,73,exact ('references')
2710717701.txt,84,75,exact ('bibliography')
2710779688.txt,59,54,exact ('references')
2710869375.txt,112,85,exact ('bibliography')
2711911717.txt,44,7,exact ('references')
2711950840.txt,30,19,exact ('references')
2712028558.txt,70,61,exact ('references')
2712260584.txt,133,111,exact ('references')
2712260585.txt,108,97,prefix-match ('appendix a')
2712358479.txt,141,82,exact ('references')
2712358487.txt,197,134,prefix-match ('appendix d.1 - concrete data')
2712358488.txt,170,129,exact ('references')
2712438040.txt,57,52,exact ('references')
2712438045.txt,60,55,exact ('references')
2712438054.txt,80,64,exact ('bibliography')
2712438061.txt,61,59,exact ('bibliography')
2712438065.txt,95,78,exact ('references')
2712438074.txt,134,98,exact ('references')
2712438096.txt,66,46,exact ('appendices')
2712438130.txt,192,96,exact ('references')
2712470329.txt,1,1,
2712470330.txt,138,89,exact ('references')
2712470331.txt,71,47,exact ('references')
2712470332.txt,90,59,title-page ('appendices')
2712470333.txt,94,83,title-page ('appendices')
2712470334.txt,180,121,exact ('bibliography')
2712470335.txt,68,60,exact ('references')
2712470336.txt,119,61,exact ('appendices')
2712470341.txt,94,66,exact ('references')
2712470342.txt,121,51,exact ('references')
2712470345.txt,59,51,exact ('bibliography')
2712470346.txt,41,41,exact ('references')
2712470349.txt,101,97,exact ('bibliography')
2712470350.txt,96,89,exact ('bibliography')
2712470351.txt,106,106,
2712470352.txt,58,58,
2712470354.txt,55,50,exact ('references')
2712470355.txt,81,78,exact ('references')
2712470357.txt,62,57,exact ('bibliography')
2712470358.txt,56,45,exact ('references')
2712470362.txt,54,38,prefix-match ('appendix a: gyrokinetics')
2712470364.txt,109,96,exact ('bibliography')
2712470365.txt,144,108,exact ('appendix')
2712547646.txt,82,68,exact ('references')
2712547652.txt,42,38,exact ('references')
2712547828.txt,64,47,exact ('bibliography')
2712595606.txt,151,87,exact ('bibliography')
2712595636.txt,70,57,exact ('references')
2712596068.txt,147,112,exact ('bibliography')
2712620354.txt,42,37,exact ('bibliography')
2712620356.txt,84,60,prefix-match ('appendix a')
2712624359.txt,69,59,exact ('bibliography')
2712624361.txt,88,73,exact ('bibliography')
2712624362.txt,106,105,exact ('bibliography')
2712624365.txt,89,81,prefix-match ('appendix a')
2712624367.txt,84,69,exact ('references')
2712624370.txt,97,15,exact ('references')
2712648862.txt,360,196,exact ('references')
2712648893.txt,106,74,exact ('bibliography')
2712655591.txt,50,47,prefix-match ('appendix a')
2712655629.txt,130,118,exact ('references')
2712667806.txt,77,73,exact ('bibliography')
2712688891.txt,77,63,exact ('bibliography')
2712688895.txt,106,98,exact ('bibliography')
2712702136.txt,35,32,exact ('references')
2712713676.txt,128,51,exact ('bibliography')
2712713818.txt,106,83,prefix-match ('appendixa')
2712713911.txt,88,81,exact ('bibliography')
2712718150.txt,68,53,exact ('bibliography')
2712718151.txt,52,47,exact ('appendix')
2712718152.txt,74,65,exact ('references')
2712718153.txt,174,108,exact ('references')
2712718156.txt,87,85,exact ('bibliography')
2712718158.txt,101,78,exact ('bibliography')
2712718162.txt,48,47,exact ('references')
2712721260.txt,119,110,prefix-match ('appendix a')
2712753851.txt,81,70,exact ('bibliography')
2712765011.txt,59,12,exact ('bibliography')
2712778988.txt,118,97,exact ('bibliography')
2712779001.txt,60,55,exact ('bibliography')
2712779026.txt,73,69,exact ('bibliography')
2712806038.txt,294,255,exact ('bibliography')
2712806044.txt,84,71,title-page ('appendices')
2712806049.txt,213,111,exact ('references')
2712806068.txt,87,60,exact ('references')
2712806074.txt,58,40,exact ('bibliography')
2712806092.txt,92,71,exact ('bibliography')
2712806095.txt,67,63,exact ('bibliography')
2712806104.txt,70,65,exact ('bibliography')
2712806109.txt,55,51,exact ('references')
2712806135.txt,86,82,exact ('bibliography')
2712806155.txt,68,51,title-page ('appendices')
2712806173.txt,44,39,exact ('references')
2712806183.txt,84,74,exact ('bibliography')
2712806187.txt,77,77,
2712806194.txt,124,110,exact ('bibliography')
2712806217.txt,144,80,exact ('bibliography')
2712806327.txt,54,53,exact ('references')
2712810108.txt,88,59,exact ('bibliography')
2712810110.txt,51,47,exact ('bibliography')
2712810111.txt,67,65,exact ('references')
2712810112.txt,88,57,exact ('bibliography')
2712810114.txt,122,89,exact ('references')
2712810120.txt,78,78,
2712810121.txt,130,114,exact ('bibliography')
2712810124.txt,72,63,exact ('bibliography')
2712810127.txt,190,153,exact ('bibliography')
2712810130.txt,96,77,exact ('bibliography')
2712810132.txt,79,66,exact ('bibliography')
2712810134.txt,117,87,exact ('references')
2712810136.txt,214,152,exact ('references')
2712810138.txt,81,71,exact ('bibliography')
2712810139.txt,50,30,exact ('references')
2712810140.txt,104,79,title-page ('appendices')
2712810148.txt,94,77,exact ('references')
2712810155.txt,50,35,title-page ('appendix a.')
2712810156.txt,100,83,exact ('bibliography')
2712810160.txt,613,389,title-page ('appendix vi – transformation potential')
2712810161.txt,57,55,exact ('bibliography')
2712810162.txt,106,81,exact ('bibliography')
2712810163.txt,77,75,exact ('bibliography')
2712810165.txt,80,75,exact ('references')
2712810168.txt,88,73,exact ('bibliography')
2712810172.txt,96,83,exact ('bibliography')
2712810173.txt,54,39,exact ('bibliography')
2712810176.txt,108,65,title-page ('appendices')
2712810180.txt,102,59,exact ('bibliography')
2712810181.txt,72,67,exact ('bibliography')
2712810182.txt,72,51,exact ('bibliography')
2712810183.txt,59,47,exact ('bibliography')
2712810184.txt,56,51,prefix-match ('appendix a')
2712810187.txt,97,80,exact ('references')
2712810189.txt,70,68,exact ('bibliography')
2712810192.txt,108,85,exact ('bibliography')
2712810193.txt,200,115,exact ('bibliography')
2712810199.txt,66,51,exact ('bibliography')
2712810201.txt,74,70,exact ('bibliography')
2712810202.txt,126,91,exact ('bibliography')
2712810203.txt,83,74,exact ('bibliography')
2712810205.txt,58,55,exact ('bibliography')
2712810210.txt,70,69,exact ('bibliography')
2712810212.txt,52,47,prefix-match ('appendixa')
2712810214.txt,131,112,exact ('appendices')
2712810216.txt,166,82,exact ('references')
2712810218.txt,194,147,exact ('bibliography')
2712810219.txt,153,127,exact ('references')
2712810221.txt,53,50,exact ('bibliography')
2712810225.txt,162,88,exact ('references')
2712810229.txt,59,53,exact ('list of figures')
2712810230.txt,76,70,exact ('bibliography')
2712810232.txt,90,69,exact ('bibliography')
2712810234.txt,71,71,
2712810235.txt,107,83,exact ('bibliography')
2712810238.txt,154,148,exact ('bibliography')
2712810239.txt,40,36,exact ('references')
2712810242.txt,65,61,exact ('references')
2712810245.txt,118,111,exact ('bibliography')
2712810250.txt,84,75,exact ('references')
2712810253.txt,51,48,exact ('bibliography')
2712810257.txt,68,61,exact ('references')
2712810258.txt,79,73,exact ('references')
2712810259.txt,171,115,exact ('references')
2712810261.txt,136,118,exact ('bibliography')
2712810268.txt,87,65,prefix-match ('appendix a')
2712810270.txt,37,33,exact ('bibliography')
2712810271.txt,83,70,exact ('references')
2712838269.txt,105,85,exact ('bibliography')
2712838271.txt,90,82,exact ('works cited')
2712838277.txt,63,63,
2712838280.txt,120,100,exact ('appendix')
2712838281.txt,55,43,exact ('bibliography')
2712838291.txt,84,79,exact ('bibliography')
2712857076.txt,87,70,exact ('references')
2712866722.txt,68,55,exact ('bibliography')
2712866729.txt,200,157,exact ('bibliography')
2712896223.txt,96,93,exact ('bibliography')
2712896228.txt,144,112,exact ('bibliography')
2712896233.txt,89,89,
2712896237.txt,64,64,
2712896248.txt,118,15,exact ('references')
2712896302.txt,158,103,title-page ('bibliography')
2712896304.txt,49,37,exact ('references')
2712896323.txt,51,43,exact ('bibliography')
2712896345.txt,82,73,exact ('bibliography')
2712907285.txt,188,61,exact ('bibliography')
2712907287.txt,124,99,prefix-match ('appendix a - acylation cube model')
2712907289.txt,57,55,exact ('bibliography')
2712907297.txt,65,65,
2712907360.txt,135,118,prefix-match ('appendix - results')
2712907366.txt,51,50,exact ('references')
2712907369.txt,63,50,exact ('references')
2712907377.txt,118,99,prefix-match ('appendix a')
2712907435.txt,61,56,exact ('bibliography')
2712907467.txt,57,53,exact ('bibliography')
2712907468.txt,127,79,exact ('references')
2712907470.txt,60,46,exact ('references')
2712907471.txt,60,37,exact ('bibliography')
2712907472.txt,64,50,exact ('bibliography')
2712907526.txt,94,67,exact ('bibliography')
2712907542.txt,84,27,exact ('references')
2712907647.txt,45,43,exact ('bibliography')
2712907694.txt,66,50,exact ('references')
2712907710.txt,117,89,exact ('bibliography')
2712909354.txt,252,89,exact ('bibliography')
2712909357.txt,38,33,exact ('references')
2712909364.txt,174,174,
2712909365.txt,121,84,exact ('references')
2712909402.txt,86,70,exact ('references')
2712909451.txt,121,108,exact ('bibliography')
2712909464.txt,99,84,exact ('references')
2712909477.txt,75,50,exact ('references')
2712909546.txt,114,83,exact ('bibliography')
2712909576.txt,54,49,exact ('bibliography')
2712909585.txt,74,63,exact ('bibliography')
2712909622.txt,93,81,exact ('references')
2712909645.txt,52,34,exact ('references')
2712912451.txt,48,41,exact ('bibliography')
2712912462.txt,60,51,exact ('bibliography')
2712912466.txt,110,65,exact ('bibliography')
2712912519.txt,96,67,prefix-match ('appendix a')
2712912520.txt,86,63,exact ('bibliography')
2712912564.txt,89,76,exact ('bibliography')
2712912586.txt,90,75,exact ('references')
2712912588.txt,98,67,exact ('appendix')
2712912844.txt,46,43,exact ('bibliography')
2712912860.txt,75,44,exact ('references')
2712912862.txt,63,49,exact ('bibliography')
2712912865.txt,63,59,exact ('references')
2712912866.txt,52,42,exact ('appendix')
2712912868.txt,66,57,exact ('bibliography')
2712912869.txt,76,68,exact ('references')
2712912870.txt,104,75,exact ('bibliography')
2712912874.txt,383,322,prefix-match ('appendix a.14. vertical shear connection alternati')
2712912876.txt,46,41,exact ('references')
2712912877.txt,79,72,exact ('bibliography')
2712912880.txt,128,76,exact ('bibliography')
2712912882.txt,81,67,exact ('bibliography')
2712912883.txt,158,123,exact ('list of figures')
2712912884.txt,61,57,exact ('bibliography')
2712912886.txt,74,59,exact ('bibliography')
2712945668.txt,80,51,exact ('bibliography')
2712945716.txt,106,89,exact ('references')
2712945837.txt,74,62,exact ('references')
2712945886.txt,77,63,exact ('bibliography')
2712945888.txt,64,51,title-page ('appendices')
2712945949.txt,63,61,exact ('references')
2712945972.txt,106,95,exact ('list of figures')
2712946272.txt,62,49,title-page ('appendices')
2712946508.txt,77,67,exact ('bibliography')
2712960695.txt,82,60,exact ('references')
2712960696.txt,60,47,prefix-match ('appendix a')
2712960697.txt,90,51,exact ('bibliography')
2712960705.txt,118,101,exact ('bibliography')
2712960710.txt,98,81,exact ('bibliography')
2712960711.txt,87,67,exact ('list of figures')
2712960712.txt,145,96,exact ('bibliography')
2712960713.txt,72,59,exact ('bibliography')
2712960715.txt,68,58,exact ('bibliography')
2712960721.txt,62,52,exact ('references')
2712960726.txt,78,65,exact ('bibliography')
2712960727.txt,69,57,exact ('references')
2712960733.txt,126,103,exact ('bibliography')
2712960734.txt,74,64,exact ('bibliography')
2712960742.txt,188,120,prefix-match ('appendix a. introduction')
2712960744.txt,127,119,exact ('bibliography')
2712960749.txt,76,72,exact ('bibliography')
2712971918.txt,51,48,exact ('bibliography')
2712971945.txt,56,45,exact ('bibliography')
2712971955.txt,45,41,exact ('list of figures')
2712971959.txt,53,52,exact ('references')
2712971974.txt,70,70,exact ('references')
2712986061.txt,72,53,exact ('bibliography')
2712998101.txt,108,98,exact ('bibliography')
2713008507.txt,85,79,exact ('bibliography')
2713008528.txt,136,97,exact ('bibliography')
2713008539.txt,100,74,prefix-match ('appendix a. additional theoretical discussion')
2713008542.txt,64,63,exact ('bibliography')
2713008626.txt,104,88,exact ('references')
2713008717.txt,88,82,title-page ('appendix a')
2713018241.txt,86,71,exact ('references')
2713018244.txt,153,92,exact ('bibliography')
2713018251.txt,87,53,exact ('references')
2713018258.txt,78,78,
2713018261.txt,79,58,exact ('references')
2713018262.txt,136,112,exact ('bibliography')
2713018264.txt,87,68,exact ('bibliography')
2713018265.txt,80,75,exact ('references')
2713018266.txt,70,63,exact ('bibliography')
2713018267.txt,79,76,exact ('references')
2713018269.txt,54,47,exact ('bibliography')
2713018270.txt,74,67,exact ('references')
2713018273.txt,139,79,exact ('bibliography')
2713018275.txt,143,106,prefix-match ('appendix a')
2713018276.txt,88,49,exact ('bibliography')
2713018278.txt,129,79,exact ('bibliography')
2713018279.txt,160,89,exact ('references')
2713018280.txt,56,45,exact ('bibliography')
2713018281.txt,214,163,prefix-match ('appendix a')
2713018287.txt,96,90,title-page ('appendix a')
2713018294.txt,93,82,exact ('references')
2713018299.txt,195,103,exact ('bibliography')
2713018300.txt,53,44,exact ('bibliography')
2713018301.txt,40,7,exact ('bibliography')
2713018303.txt,76,57,exact ('bibliography')
2713018305.txt,94,94,
2713018309.txt,101,48,exact ('bibliography')
2713018311.txt,78,71,exact ('bibliography')
2713018312.txt,49,37,exact ('bibliography')
2713018313.txt,33,25,exact ('references')
2713018317.txt,68,57,exact ('bibliography')
2713018321.txt,56,47,exact ('bibliography')
2713018324.txt,62,56,exact ('bibliography')
2713018328.txt,49,45,exact ('bibliography')
2713125439.txt,58,58,exact ('bibliography')
2713125640.txt,87,78,exact ('bibliography')
2713135988.txt,84,67,exact ('bibliography')
2713136004.txt,68,60,exact ('references')
2713136008.txt,50,41,exact ('bibliography')
2713136014.txt,71,67,exact ('references')
2713136028.txt,55,52,exact ('bibliography')
2713136029.txt,74,67,exact ('bibliography')
2713136030.txt,63,55,exact ('bibliography')
2713140660.txt,66,54,exact ('bibliography')
2713140661.txt,71,70,exact ('bibliography')
2713140662.txt,26,26,exact ('references')
2713140663.txt,99,56,exact ('bibliography')
2713140664.txt,204,204,
2713140666.txt,106,73,exact ('bibliography')
2713140667.txt,63,58,exact ('bibliography')
2713140669.txt,76,71,prefix-match ('appendix a')
2713140671.txt,81,72,exact ('bibliography')
2713140672.txt,101,95,exact ('bibliography')
2713140673.txt,100,87,exact ('bibliography')
2713140675.txt,60,53,exact ('bibliography')
2713140677.txt,88,63,exact ('bibliography')
2713170434.txt,181,181,
2713170443.txt,103,79,title-page ('appendices')
2713170446.txt,65,63,exact ('appendix')
2713170447.txt,102,101,exact ('bibliography')
2713170463.txt,153,124,exact ('reference list')
2713170472.txt,46,40,exact ('bibliography')
2713170507.txt,55,51,exact ('bibliography')
2713170523.txt,74,71,exact ('bibliography')
2713170537.txt,90,79,prefix-match ('appendix a')
2713170550.txt,108,79,exact ('references')
2713170557.txt,60,52,prefix-match ('appendix a')
2713170562.txt,109,91,exact ('references')
2713170572.txt,104,91,exact ('bibliography')
2713170576.txt,100,95,exact ('bibliography')
2713170580.txt,87,82,exact ('references')
2713170586.txt,13,8,exact ('references')
2713170587.txt,49,43,exact ('list of figures')
2713170590.txt,61,57,title-page ('appendix 1 - the user journey map')
2713170596.txt,102,75,exact ('bibliography')
2713170610.txt,76,67,exact ('bibliography')
2713170629.txt,110,67,exact ('references')
2713170635.txt,86,63,exact ('bibliography')
2713170636.txt,93,55,exact ('references')
2713170637.txt,38,26,exact ('references')
2713170656.txt,81,79,exact ('bibliography')
2713208877.txt,89,84,exact ('references')
2713208879.txt,70,55,exact ('bibliography')
2713226882.txt,91,78,exact ('references')
2713226883.txt,72,69,exact ('bibliography')
2713227312.txt,80,68,exact ('bibliography')
2713227363.txt,96,84,exact ('references')
2713227479.txt,70,65,exact ('bibliography')
2713227703.txt,133,111,exact ('bibliography')
2713227814.txt,106,73,exact ('bibliography')
2713227890.txt,123,79,exact ('references')
2713228016.txt,85,67,exact ('bibliography')
2713228068.txt,85,78,exact ('references')
2713228479.txt,78,77,exact ('bibliography')
2713228480.txt,65,63,exact ('litteraturliste')
2713228493.txt,133,81,exact ('references')
2713228500.txt,164,113,exact ('bibliography')
2713241706.txt,102,102,
2713242210.txt,134,60,exact ('references')
2713242507.txt,142,112,exact ('references')
2713242508.txt,98,85,prefix-match ('appendixa')
2713242510.txt,111,96,exact ('bibliography')
2713242611.txt,58,55,exact ('bibliography')
2713242612.txt,146,131,exact ('bibliography')
2713242622.txt,63,59,exact ('bibliography')
2713252431.txt,41,40,exact ('bibliography')
2713252456.txt,144,109,exact ('bibliography')
2713252498.txt,132,111,exact ('bibliography')
2713252562.txt,55,41,exact ('references')
2713252577.txt,93,55,exact ('references')
2713252680.txt,118,97,prefix-match ('appendix a')
2713252712.txt,58,45,exact ('bibliography')
2713252726.txt,56,49,exact ('bibliography')
2713316487.txt,100,100,
2713316488.txt,47,41,exact ('appendix')
2713316489.txt,108,108,
2713316490.txt,51,47,exact ('bibliography')
2713316491.txt,71,65,exact ('references')
2713316493.txt,180,127,exact ('bibliography')
2713316494.txt,74,60,exact ('bibliography')
2713316496.txt,68,61,exact ('references')
2713316497.txt,67,60,exact ('bibliography')
2713316498.txt,349,333,exact ('bibliography')
2713316499.txt,101,65,exact ('bibliography')
2713316500.txt,64,64,exact ('references')
2713316501.txt,34,28,exact ('references')
2713316503.txt,73,63,exact ('references')
2713316504.txt,63,60,exact ('bibliography')
2713316505.txt,49,48,exact ('references')
2713316507.txt,110,94,exact ('references')
2713316508.txt,84,59,exact ('bibliography')
2713316509.txt,89,63,exact ('references')
2713316510.txt,77,63,exact ('bibliography')
2713316512.txt,101,74,exact ('bibliography')
2713316514.txt,80,65,exact ('bibliography')
2713316516.txt,84,73,exact ('bibliography')
2713316517.txt,85,13,exact ('list of tables')
2713316518.txt,179,104,exact ('bibliography')
2713316519.txt,168,168,
2713316523.txt,89,30,exact ('references')
2713316526.txt,76,70,prefix-match ('appendix a')
2713316527.txt,102,98,exact ('references')
2713316528.txt,55,52,exact ('appendix')
2713316531.txt,34,30,exact ('references')
2713316534.txt,61,59,exact ('appendices')
2713316535.txt,74,63,exact ('appendices')
2713316537.txt,54,39,exact ('references')
2713316539.txt,61,59,exact ('references')
2713322580.txt,57,53,exact ('bibliography')
2713322584.txt,0,0,
2713329560.txt,100,70,exact ('bibliography')
2713358279.txt,81,71,prefix-match ('appendix a. experimental trial on')
2713358280.txt,52,52,
2713358282.txt,91,89,exact ('bibliography')
2713358285.txt,45,42,exact ('references')
2713358337.txt,88,77,exact ('bibliography')
2713358339.txt,51,38,exact ('references')
2713365353.txt,103,70,exact ('references')
2713397950.txt,111,95,exact ('references')
2713397953.txt,138,119,prefix-match ('appendix a')
2713398132.txt,106,57,exact ('bibliography')
2713398133.txt,29,29,exact ('bibliography')
2713398139.txt,58,47,exact ('bibliography')
2713398148.txt,111,88,exact ('bibliography')
2713398158.txt,70,52,exact ('bibliography')
2713398162.txt,54,47,exact ('references')
2713398216.txt,78,67,exact ('bibliography')
2713409096.txt,68,55,prefix-match ('appendix a')
2713409129.txt,120,103,exact ('bibliography')
2713409422.txt,80,66,exact ('bibliography')
2713409429.txt,70,62,exact ('appendix')
2713409533.txt,77,76,exact ('references')
2713409581.txt,67,66,exact ('references')
2713409588.txt,52,45,exact ('bibliography')
2713409592.txt,26,26,
2713409600.txt,113,86,exact ('references')
2713409654.txt,82,69,exact ('bibliography')
2713409857.txt,97,83,prefix-match ('appendix a: water velocity profiles')
2713409869.txt,84,63,exact ('references')
2713409871.txt,46,43,exact ('bibliography')
2713409873.txt,43,31,exact ('references')
2713424756.txt,68,47,exact ('bibliography')
2713424805.txt,77,70,exact ('references')
2713425036.txt,82,63,exact ('bibliography')
2713425202.txt,70,63,exact ('bibliography')
2713425265.txt,46,44,exact ('bibliography')
2713425358.txt,34,33,exact ('references')
2713436451.txt,76,70,exact ('bibliography')
2713436501.txt,81,64,exact ('appendix')
2713436679.txt,72,56,exact ('references')
2713436862.txt,56,45,title-page ('appendix')
2713437139.txt,142,69,exact ('bibliography')
2713437206.txt,66,59,exact ('bibliography')
2713437244.txt,34,34,exact ('bibliography')
2713437269.txt,108,87,exact ('bibliography')
2713463389.txt,172,65,exact ('bibliography')
2713463391.txt,229,101,exact ('bibliography')
2713463394.txt,58,55,exact ('bibliography')
2713463395.txt,69,53,prefix-match ('appendix a - datasheets')
2713463396.txt,42,33,exact ('references')
2713463399.txt,82,69,exact ('bibliography')
2713468479.txt,76,61,exact ('bibliography')
2713468485.txt,87,84,exact ('bibliography')
2713468487.txt,114,102,exact ('references')
2713511487.txt,178,129,exact ('bibliography')
2713511490.txt,68,65,exact ('references')
2713511504.txt,76,76,
2713511527.txt,86,66,exact ('bibliography')
2713511551.txt,78,45,exact ('bibliography')
2713511583.txt,45,37,exact ('litteraturliste')
2713514441.txt,67,62,exact ('bibliography')
2713514442.txt,81,75,exact ('bibliography')
2713514443.txt,85,68,exact ('bibliography')
2713518818.txt,85,81,exact ('references')
2713518827.txt,78,57,exact ('references')
2713518831.txt,52,49,exact ('reference list')
2713518855.txt,62,48,exact ('bibliography')
2713518862.txt,79,71,prefix-match ('appendix a')
2713551515.txt,101,94,exact ('references')
2713551517.txt,58,56,exact ('bibliography')
2713551523.txt,60,58,exact ('bibliography')
2713564658.txt,86,66,exact ('bibliography')
2713583129.txt,54,54,
2713583130.txt,54,47,exact ('bibliography')
2713583131.txt,48,41,exact ('bibliography')
2713583135.txt,267,121,exact ('bibliography')
2713595322.txt,100,59,prefix-match ('appendix a')
2713609041.txt,64,61,exact ('bibliography')
2713609042.txt,80,65,exact ('bibliography')
2713609043.txt,105,63,exact ('references')
2713609045.txt,67,59,exact ('references')
2713712087.txt,64,53,exact ('bibliography')
2713712088.txt,94,79,title-page ('appendix 2.a literature review')
2713712091.txt,91,76,exact ('bibliography')
2713712099.txt,63,59,exact ('bibliography')
2713749564.txt,62,52,exact ('references')
2713749573.txt,68,51,title-page ('appendices')
2713749578.txt,59,51,exact ('references')
2713749579.txt,85,14,exact ('list of tables')
2713749583.txt,92,88,prefix-match ('appendix a')
2713749584.txt,64,63,exact ('references')
2713749587.txt,76,71,exact ('bibliography')
2713749598.txt,54,51,exact ('bibliography')
2713749606.txt,58,45,exact ('bibliography')
2713787532.txt,198,81,exact ('litteratur')
2713827214.txt,93,81,exact ('bibliography')
2713855596.txt,102,93,exact ('bibliography')
2713861141.txt,102,67,exact ('bibliography')
2713899348.txt,157,148,exact ('bibliography')
2713908144.txt,54,39,exact ('bibliography')
2713908145.txt,62,12,exact ('bibliography')
2713908146.txt,76,67,exact ('appendix')
2713908147.txt,108,79,exact ('references')
2713908152.txt,107,103,exact ('bibliography')
2713908153.txt,57,48,exact ('references')
2713908155.txt,47,46,exact ('bibliography')
2713928877.txt,96,86,exact ('bibliography')
2713928881.txt,153,74,exact ('bibliography')
2713981196.txt,88,73,exact ('bibliography')
2714043689.txt,89,77,exact ('bibliography')
2714043691.txt,81,61,exact ('references')
2714065267.txt,79,62,exact ('bibliography')
2714065268.txt,100,86,exact ('references')
2714065269.txt,48,45,exact ('bibliography')
2714065307.txt,109,100,exact ('references')
2714065308.txt,83,77,exact ('references')
2714065309.txt,65,44,exact ('references')
2714065317.txt,70,67,exact ('bibliography')
2714065325.txt,62,54,exact ('bibliography')
2714065337.txt,119,88,exact ('references')
2714075548.txt,43,38,exact ('references')
2714075549.txt,74,58,prefix-match ('appendix a')
2714075558.txt,212,157,prefix-match ('appendix a')
2714088752.txt,88,64,exact ('bibliography')
2714088758.txt,22,17,prefix-match ('appendix a. additional data used')
2714088789.txt,110,87,exact ('bibliography')
2714108212.txt,76,65,exact ('bibliography')
2714108259.txt,111,91,title-page ('appendix a')
2714108278.txt,82,47,exact ('references')
2714143694.txt,96,72,exact ('bibliography')
2714143706.txt,48,47,exact ('bibliography')
2714161522.txt,99,88,title-page ('appendix')
2714161593.txt,79,67,exact ('bibliography')
2714161622.txt,64,60,exact ('bibliography')
2714170984.txt,48,43,exact ('bibliography')
2714206532.txt,60,58,exact ('bibliography')
2714206533.txt,154,94,exact ('bibliography')
2714241360.txt,128,117,prefix-match ('appendixg')
2714241362.txt,119,60,exact ('references')
2714241366.txt,184,124,title-page ('appendix a: interview questions')
2714250475.txt,54,51,exact ('bibliography')
2714250481.txt,72,65,exact ('bibliography')
2714264811.txt,89,67,exact ('bibliography')
2714279105.txt,84,67,exact ('references')
2714279127.txt,66,60,prefix-match ('appendix a')
2714279398.txt,152,65,exact ('bibliography')
2714279460.txt,60,52,exact ('references')
2714344258.txt,167,116,prefix-match ('appendix a')
2714344379.txt,92,75,exact ('references')
2714344396.txt,138,111,exact ('appendix')
2714356186.txt,74,64,exact ('list of figures')
2714356189.txt,92,83,exact ('appendix')
2714371855.txt,94,85,exact ('list of figures')
2714382409.txt,68,59,prefix-match ('appendix a')
2714464833.txt,198,198,
2715374110.txt,36,36,exact ('references')
2716434321.txt,67,60,exact ('appendix')
2716434322.txt,128,117,prefix-match ('appendix a')
2716434323.txt,98,96,exact ('references')
2716434328.txt,57,30,exact ('references')
2716438029.txt,86,82,exact ('bibliography')
2716438050.txt,84,69,prefix-match ('appendix a')
2716438053.txt,48,47,exact ('references')
2716438059.txt,54,41,exact ('bibliography')
2716510428.txt,94,71,exact ('references')
2716532539.txt,45,42,exact ('bibliography')
2716560424.txt,146,75,exact ('bibliography')
2716635395.txt,67,65,exact ('bibliography')
2716649907.txt,48,38,exact ('bibliography')
2716663156.txt,59,47,exact ('appendix')
2716709264.txt,113,104,exact ('bibliography')
2716731843.txt,38,30,prefix-match ('appendix 2 – the optimization model')
2716935017.txt,88,39,exact ('references')
2717224846.txt,44,41,exact ('bibliography')
2717236236.txt,59,49,exact ('reference list')
2717386708.txt,72,66,exact ('appendix')
2717527016.txt,77,72,exact ('references')
2717537678.txt,92,63,exact ('bibliography')
2717537679.txt,79,65,title-page ('appendix a')
2717550108.txt,65,59,exact ('references')
2717563361.txt,130,130,
2717563392.txt,141,95,exact ('bibliography')
2717740201.txt,88,81,exact ('bibliography')
2717803569.txt,93,83,exact ('bibliography')
2717820247.txt,65,65,
2718037989.txt,42,7,exact ('bibliography')
2718062006.txt,70,69,exact ('bibliography')
2718306003.txt,55,50,exact ('references')
2718340532.txt,101,101,
2718340542.txt,70,61,exact ('bibliography')
2718359406.txt,114,107,exact ('bibliography')
2718401496.txt,79,78,exact ('bibliography')
2718401497.txt,101,79,exact ('bibliography')
2718401504.txt,46,39,exact ('bibliography')
2718401508.txt,108,105,exact ('references')
2718401516.txt,96,83,exact ('bibliography')
2718401518.txt,110,70,exact ('list of figures')
2718401530.txt,96,73,exact ('bibliography')
2718401559.txt,128,105,exact ('references')
2718401560.txt,52,46,exact ('references')
2718401562.txt,74,64,exact ('references')
2718401563.txt,78,70,exact ('bibliography')
2718416153.txt,74,69,exact ('bibliography')
2718416154.txt,66,64,exact ('references')
2718416170.txt,141,117,exact ('bibliography')
2718416176.txt,82,72,exact ('bibliography')
2718416179.txt,88,80,exact ('bibliography')
2718465183.txt,122,101,exact ('bibliography')
2718659722.txt,60,47,exact ('bibliography')
2718659725.txt,77,72,exact ('bibliography')
2718659731.txt,153,123,exact ('references')
2718659732.txt,96,93,exact ('appendix')
2718659733.txt,74,69,exact ('bibliography')
2718659747.txt,60,55,exact ('referencer')
2718659751.txt,46,43,exact ('references')
2718662442.txt,96,71,title-page ('appendices')
2718662443.txt,102,77,exact ('bibliography')
2718681365.txt,71,62,exact ('appendix')
2718681368.txt,76,65,prefix-match ('appendix a')
2718681378.txt,36,28,exact ('references')
2718681397.txt,81,81,exact ('references')
2718681411.txt,90,87,exact ('bibliography')
2718681461.txt,123,117,exact ('bibliography')
2718681484.txt,99,94,exact ('references')
2718681538.txt,79,62,exact ('references')
2718713562.txt,52,40,exact ('references')
2718754753.txt,116,92,exact ('bibliography')
2718813859.txt,164,79,exact ('bibliography')
2718813862.txt,90,72,exact ('bibliography')
2718813870.txt,106,63,exact ('bibliography')
2718813881.txt,86,77,exact ('bibliography')
2718813883.txt,53,49,exact ('bibliography')
2718813885.txt,118,104,exact ('references')
2718813891.txt,62,43,exact ('references')
2718813904.txt,137,66,exact ('bibliography')
2718813906.txt,58,47,exact ('references')
2718813911.txt,270,89,exact ('list of figures')
2718813925.txt,146,99,exact ('bibliography')
2718813926.txt,40,32,exact ('references')
2718813928.txt,107,79,exact ('bibliography')
2718813932.txt,39,37,exact ('references')
2718824823.txt,138,76,prefix-match ('appendix a')
2718824830.txt,94,85,exact ('appendix')
2718824847.txt,68,47,exact ('references')
2718824853.txt,128,109,prefix-match ('appendix a')
2718824862.txt,96,81,exact ('bibliography')
2718824871.txt,106,97,exact ('bibliography')
2718824885.txt,125,91,exact ('references')
2718824896.txt,144,93,title-page ('appendices')
2718824900.txt,71,64,exact ('bibliography')
2718824967.txt,117,104,exact ('bibliography')
2718824969.txt,63,59,exact ('bibliography')
2718824971.txt,78,57,exact ('references')
2718824972.txt,94,85,exact ('bibliography')
2718824981.txt,59,53,exact ('bibliography')
2718825005.txt,189,168,exact ('bibliography')
2718825007.txt,96,69,exact ('references')
2718825013.txt,50,37,exact ('list of figures')
2718825026.txt,89,79,exact ('references')
2718825047.txt,154,67,exact ('bibliography')
2718825052.txt,68,64,exact ('bibliography')
2718825069.txt,79,79,
2718825082.txt,102,77,exact ('bibliography')
2718825090.txt,124,116,exact ('references')
2718825109.txt,76,70,exact ('references')
2718825129.txt,130,55,exact ('bibliography')
2718825156.txt,78,60,exact ('bibliography')
2718825236.txt,75,52,exact ('bibliography')
2718825248.txt,76,51,title-page ('appendices')
2718825255.txt,208,183,exact ('bibliography')
2718825261.txt,52,47,exact ('bibliography')
2718825265.txt,90,72,prefix-match ('appendix a')
2718825267.txt,38,38,
2718825284.txt,116,63,exact ('bibliography')
2718825287.txt,42,42,exact ('references')
2718825291.txt,134,117,exact ('bibliography')
2718825292.txt,52,45,exact ('bibliography')
2718825300.txt,28,28,exact ('references')
2718841233.txt,108,73,exact ('bibliography')
2718928923.txt,66,41,exact ('bibliography')
2718928924.txt,90,63,prefix-match ('appendix a')
2718928930.txt,89,87,exact ('references')
2718928935.txt,103,100,exact ('references')
2719627352.txt,109,96,exact ('bibliography')
2719955076.txt,134,115,exact ('bibliography')
2719955078.txt,194,143,exact ('references')
2719955088.txt,79,64,exact ('references')
2719955097.txt,87,68,exact ('references')
2719955100.txt,104,64,prefix-match ('appendix c. results 1. part of experimental work')
2719955101.txt,79,73,exact ('bibliography')
2719955105.txt,79,55,exact ('references')
2719955123.txt,45,42,exact ('bibliography')
2719955135.txt,56,53,exact ('bibliography')
2719955144.txt,91,75,exact ('references')
2719955169.txt,82,77,exact ('bibliography')
2719955177.txt,116,94,exact ('bibliography')
2719955186.txt,94,93,exact ('bibliography')
2719955196.txt,108,103,exact ('bibliography')
2719955217.txt,63,33,exact ('bibliography')
2719955226.txt,86,73,prefix-match ('appendix a')
2720010036.txt,112,86,exact ('bibliography')
2720010049.txt,66,53,exact ('references')
2720010055.txt,60,53,exact ('bibliography')
2720010061.txt,70,61,prefix-match ('appendix a. visualization of emg preprocessing in ')
2720010065.txt,102,92,exact ('references')
2720010098.txt,128,128,
2720010104.txt,183,117,exact ('bibliography')
2720010105.txt,55,48,exact ('bibliography')
2720010111.txt,84,61,exact ('bibliography')
2720010116.txt,86,74,exact ('references')
2720010144.txt,91,73,exact ('references')
2720010151.txt,70,61,exact ('bibliography')
2720010165.txt,64,59,exact ('references')
2720010243.txt,104,72,exact ('references')
2720010263.txt,80,48,exact ('bibliography')
2720010295.txt,80,67,exact ('bibliography')
2720010309.txt,88,83,exact ('bibliography')
2720010372.txt,149,70,exact ('bibliography')
2720010380.txt,57,54,exact ('references')
2720010386.txt,90,89,exact ('bibliography')
2720010421.txt,123,83,exact ('references')
2720010463.txt,98,98,
2720010471.txt,97,66,exact ('bibliography')
2720010476.txt,86,65,exact ('bibliography')
2720010501.txt,115,95,exact ('bibliography')
2720010519.txt,90,65,exact ('bibliography')
2720010520.txt,58,55,exact ('bibliography')
2720010569.txt,285,121,title-page ('appendices')
2720035606.txt,121,121,
2720035639.txt,182,182,
2720035670.txt,69,66,exact ('appendix')
2720036384.txt,116,77,exact ('bibliography')
2720125348.txt,54,45,exact ('bibliography')
2720125350.txt,286,97,exact ('bibliography')
2720125351.txt,36,31,exact ('bibliography')
2720125353.txt,75,71,exact ('bibliography')
2720125354.txt,158,135,exact ('bibliography')
2720125357.txt,90,74,exact ('references')
2720125358.txt,96,85,exact ('appendix')
2720125360.txt,115,86,exact ('references')
2720125361.txt,72,55,prefix-match ('appendix a')
2720125363.txt,66,63,exact ('bibliography')
2720125365.txt,71,50,prefix-match ('appendix a: gui documentation')
2720125368.txt,131,114,exact ('bibliography')
2720125371.txt,105,105,
2720125372.txt,68,45,exact ('list of figures')
2720125374.txt,120,8,exact ('list of figures')
2720125376.txt,102,85,exact ('bibliography')
2720125377.txt,85,74,exact ('bibliography')
2720125381.txt,42,39,exact ('references')
2720125383.txt,76,63,title-page ('appendix a')
2720125384.txt,93,89,exact ('bibliography')
2720125390.txt,115,75,exact ('bibliography')
2720213987.txt,103,69,exact ('bibliography')
2720214018.txt,58,54,exact ('bibliography')
2720214052.txt,137,87,exact ('bibliography')
2720214273.txt,54,46,exact ('list of figures')
2720214283.txt,85,66,exact ('references')
2720214300.txt,102,89,title-page ('appendices')
2720214307.txt,48,36,exact ('references')
2720214309.txt,56,41,exact ('bibliography')
2720214320.txt,138,67,prefix-match ('appendix a')
2720214322.txt,104,95,exact ('bibliography')
2720214325.txt,66,53,exact ('bibliography')
2720214402.txt,88,65,exact ('bibliography')
2720214501.txt,82,61,exact ('bibliography')
2720214503.txt,78,68,exact ('appendix')
2720214889.txt,231,123,exact ('bibliography')
2720215094.txt,66,53,exact ('bibliography')
2720215153.txt,77,73,exact ('bibliography')
2720215444.txt,132,41,exact ('bibliography')
2720215472.txt,51,42,exact ('bibliography')
2720215484.txt,136,127,prefix-match ('appendix a')
2720215516.txt,78,76,exact ('references')
2720215525.txt,61,53,exact ('references')
2720215571.txt,62,50,exact ('bibliography')
2720216082.txt,63,49,exact ('bibliography')
2720216144.txt,100,100,
2720216170.txt,86,58,exact ('bibliography')
2720216266.txt,34,33,exact ('bibliography')
2720216291.txt,105,61,exact ('bibliography')
2720216303.txt,65,60,exact ('references')
2720233112.txt,51,47,exact ('references')
2720233184.txt,116,92,exact ('bibliography')
2720235511.txt,154,53,exact ('bibliography')
2720235513.txt,106,70,exact ('bibliography')
2720317253.txt,76,51,exact ('bibliography')
2720317260.txt,88,71,exact ('references')
2720317274.txt,77,63,exact ('references')
2720317280.txt,103,68,exact ('bibliography')
2720317284.txt,73,56,exact ('bibliography')
2720317289.txt,54,49,exact ('bibliography')
2720317303.txt,102,46,exact ('references')
2720326045.txt,98,83,exact ('references')
2720326046.txt,87,49,exact ('references')
2720326049.txt,52,48,exact ('bibliography')
2720326052.txt,72,63,exact ('references')
2720326056.txt,137,89,exact ('bibliography')
2720326080.txt,78,62,exact ('bibliography')
2720326086.txt,124,79,exact ('references')
2720326090.txt,83,77,exact ('references')
2720326096.txt,48,45,exact ('bibliography')
2720326103.txt,86,71,exact ('bibliography')
2720326117.txt,140,77,exact ('list of figures')
2720326118.txt,100,84,exact ('references')
2720326119.txt,101,97,exact ('bibliography')
2720391537.txt,96,85,exact ('bibliography')
2720391542.txt,102,67,title-page ('appendices')
2720391543.txt,90,64,exact ('bibliography')
2720391544.txt,22,19,exact ('references')
2720391546.txt,136,67,exact ('references')
2720391547.txt,72,63,exact ('bibliography')
2720411782.txt,68,53,exact ('references')
2720411785.txt,57,36,exact ('references')
2720448355.txt,85,79,exact ('bibliography')
2720448361.txt,84,81,exact ('references')
2720474362.txt,53,51,exact ('references')
2720474371.txt,231,124,title-page ('bibliography')
2720479723.txt,69,66,exact ('references')
2720526425.txt,197,142,exact ('bibliography')
2720526474.txt,155,136,exact ('bibliography')
2720526525.txt,48,46,exact ('bibliography')
2720571521.txt,88,60,exact ('references')
2720571525.txt,112,91,exact ('references')
2720571527.txt,94,77,exact ('bibliography')
2720571532.txt,87,67,exact ('references')
2720571533.txt,44,39,exact ('bibliography')
2720571534.txt,98,64,exact ('references')
2720571538.txt,138,108,exact ('bibliography')
2720571541.txt,82,71,exact ('references')
2720571544.txt,78,75,exact ('bibliography')
2720571547.txt,84,73,exact ('bibliography')
2720571552.txt,89,74,exact ('references')
2720571554.txt,70,61,exact ('bibliography')
2720571578.txt,150,97,exact ('bibliography')
2720571591.txt,74,41,exact ('references')
2720821146.txt,71,63,exact ('bibliography')
2720821259.txt,122,85,title-page ('references')
2720821349.txt,89,59,exact ('appendices')
2720877949.txt,56,39,exact ('bibliography')
2720877950.txt,54,50,exact ('references')
2721203985.txt,86,60,exact ('references')
2721204059.txt,111,70,exact ('references')
2721204065.txt,92,65,exact ('bibliography')
2721204070.txt,72,69,exact ('bibliography')
2721204079.txt,97,71,exact ('list of references')
2721204085.txt,72,65,exact ('bibliography')
2721204094.txt,68,51,exact ('bibliography')
2721554443.txt,97,66,exact ('bibliography')
2722957673.txt,69,38,exact ('references')
2722957674.txt,110,66,exact ('references')
2722957677.txt,247,144,prefix-match ('appendix: qualitative analysis')
2722957698.txt,84,67,exact ('bibliography')
2722957752.txt,76,59,exact ('bibliography')
2722957790.txt,51,51,exact ('references')
2722957798.txt,109,67,exact ('bibliography')
2723158318.txt,52,41,exact ('bibliography')
2723158323.txt,52,48,exact ('bibliography')
2723158358.txt,83,66,prefix-match ('appendix a')
2723178961.txt,62,59,exact ('bibliography')
2723178965.txt,92,85,exact ('bibliography')
2723178967.txt,58,53,exact ('bibliography')
2723191133.txt,150,99,title-page ('appendices')
2723191134.txt,50,49,exact ('bibliography')
2723191136.txt,117,98,exact ('references')
2723191151.txt,77,66,exact ('references')
2723191155.txt,77,65,exact ('bibliography')
2723191168.txt,45,45,
2723191179.txt,105,62,exact ('references')
2723191184.txt,80,74,exact ('bibliography')
2723191191.txt,130,103,exact ('bibliography')
2723191202.txt,87,70,exact ('references')
2723191220.txt,118,81,exact ('references')
2723191223.txt,88,60,exact ('bibliography')
2723191278.txt,122,107,exact ('bibliography')
2723191292.txt,42,35,exact ('references')
2723191375.txt,121,95,exact ('bibliography')
2723191475.txt,210,99,exact ('references')
2723191531.txt,106,77,exact ('bibliography')
2723191640.txt,53,37,exact ('bibliography')
2723191657.txt,50,47,exact ('bibliography')
2723191743.txt,142,83,exact ('bibliography')
2723269147.txt,130,71,exact ('bibliography')
2723269150.txt,62,57,exact ('bibliography')
2723283066.txt,61,60,exact ('references')
2723283117.txt,77,66,exact ('bibliography')
2723283133.txt,59,46,exact ('references')
2723283150.txt,83,75,exact ('bibliography')
2723299939.txt,87,79,exact ('references')
2723299949.txt,32,32,exact ('references')
2723300229.txt,195,135,exact ('bibliography')
2723300317.txt,149,69,exact ('bibliography')
2723300344.txt,64,48,exact ('bibliography')
2723300376.txt,85,80,exact ('references')
2723319024.txt,160,115,prefix-match ('appendix a')
2723319029.txt,79,64,exact ('bibliography')
2723319057.txt,81,69,exact ('references')
2723319066.txt,94,75,exact ('bibliography')
2723319075.txt,154,129,exact ('bibliography')
2723319076.txt,65,61,exact ('bibliography')
2723319078.txt,62,54,exact ('bibliography')
2723319080.txt,12,10,exact ('references')
2723340109.txt,64,55,exact ('bibliography')
2723340158.txt,85,56,exact ('references')
2723340165.txt,65,53,exact ('bibliography')
2723340173.txt,44,42,exact ('references')
2723340175.txt,178,111,exact ('bibliography')
2723340181.txt,117,96,exact ('bibliography')
2723340190.txt,54,50,exact ('bibliography')
2723340197.txt,54,27,exact ('bibliography')
2723340208.txt,69,53,exact ('bibliography')
2723340214.txt,99,99,
2723340232.txt,102,69,exact ('list of figures')
2723340241.txt,48,45,exact ('references')
2723340244.txt,82,75,exact ('bibliography')
2723368379.txt,83,75,exact ('references')
2723372603.txt,62,51,exact ('bibliography')
2723401334.txt,76,69,exact ('bibliography')
2723428074.txt,73,71,exact ('bibliography')
2723428078.txt,62,59,exact ('bibliography')
2723428079.txt,44,44,
2723428105.txt,102,69,exact ('bibliography')
2723428135.txt,118,113,exact ('bibliography')
2723443596.txt,40,35,title-page ('appendix d:')
2723443598.txt,95,79,exact ('references')
2723443618.txt,53,49,exact ('bibliography')
2723460476.txt,67,63,exact ('bibliography')
2723482638.txt,76,61,exact ('bibliography')
2723482639.txt,96,75,exact ('bibliography')
2723482640.txt,84,70,prefix-match ('appendix a')
2723523998.txt,77,48,exact ('bibliography')
2723524003.txt,83,53,exact ('references')
2723551168.txt,49,49,exact ('references')
2723551169.txt,107,61,exact ('bibliography')
2723551173.txt,78,72,exact ('references')
2723564324.txt,50,39,exact ('bibliography')
2723582264.txt,105,83,exact ('bibliography')
2723582266.txt,53,46,exact ('bibliography')
2723582267.txt,134,87,prefix-match ('appendix a')
2723582269.txt,70,65,exact ('bibliography')
2723582271.txt,78,67,prefix-match ('appendix a')
2723582272.txt,31,31,exact ('references')
2723582274.txt,46,43,exact ('bibliography')
2723582275.txt,436,71,exact ('bibliography')
2723582276.txt,47,43,exact ('bibliography')
2723582278.txt,44,39,exact ('bibliography')
2723591778.txt,146,108,exact ('bibliography')
2723596985.txt,53,47,exact ('list of figures')
2723599839.txt,148,139,prefix-match ('appendix a')
2723599840.txt,68,57,exact ('appendix')
2723669362.txt,136,116,exact ('references')
2723669364.txt,50,40,exact ('bibliography')
2723669365.txt,25,25,exact ('references')
2723669366.txt,147,79,exact ('references')
2723678048.txt,111,68,exact ('references')
2723682351.txt,55,52,exact ('bibliography')
2723698925.txt,132,92,title-page ('appendix a')
2723698929.txt,35,29,exact ('references')
2723698943.txt,106,81,exact ('referencer')
2723708957.txt,45,36,exact ('references')
2723709007.txt,64,56,exact ('bibliography')
2723721694.txt,82,71,exact ('bibliography')
2723721695.txt,65,61,exact ('bibliography')
2723771216.txt,87,70,title-page ('appendices')
2723771217.txt,142,96,exact ('references')
2723771230.txt,186,143,exact ('bibliography')
2723792338.txt,106,106,
2723808909.txt,114,96,exact ('references')
2723808911.txt,90,81,exact ('bibliography')
2723818256.txt,80,54,exact ('references')
2723841145.txt,59,53,exact ('bibliography')
2723841146.txt,68,50,exact ('bibliography')
2723841147.txt,81,72,exact ('bibliography')
2723841148.txt,92,67,exact ('bibliography')
2723892226.txt,157,117,title-page ('appendix a')
2723892232.txt,217,130,exact ('references')
2723892233.txt,87,73,exact ('bibliography')
2723892242.txt,76,51,exact ('appendix')
2723900898.txt,156,103,exact ('bibliography')
2723900908.txt,78,61,exact ('bibliography')
2723963455.txt,44,34,exact ('bibliography')
2724002592.txt,3,3,
2724269679.txt,80,62,exact ('bibliography')
2724269680.txt,78,52,exact ('bibliography')
2724290509.txt,76,68,exact ('bibliography')
2724325257.txt,100,64,exact ('bibliography')
2724325258.txt,52,47,exact ('bibliography')
2724341430.txt,66,48,exact ('references')
2724341438.txt,158,94,exact ('bibliography')
2724446498.txt,104,81,exact ('references')
2724446500.txt,51,33,exact ('bibliography')
2724477769.txt,118,107,title-page ('appendix a')
2724489232.txt,109,97,exact ('bibliography')
2724495439.txt,71,62,exact ('referencer')
2724522314.txt,158,95,exact ('bibliography')
2724522315.txt,47,37,exact ('bibliography')
2724522319.txt,124,114,exact ('bibliography')
2724586894.txt,124,75,exact ('references')
2724618910.txt,74,61,exact ('references')
2724628324.txt,95,78,exact ('bibliography')
2724628325.txt,70,9,exact ('list of figures')
2724957160.txt,38,34,exact ('bibliography')
2724957161.txt,61,41,exact ('bibliography')
2725059806.txt,98,84,exact ('references')
2725059822.txt,94,73,exact ('bibliography')
2725059828.txt,110,95,prefix-match ('appendix a')
2725059938.txt,37,35,exact ('references')
2725060008.txt,221,69,exact ('bibliography')
2725060010.txt,123,94,exact ('bibliography')
2725079597.txt,80,77,exact ('bibliography')
2725233845.txt,68,61,exact ('bibliography')
2725387223.txt,50,47,exact ('bibliography')
2725387224.txt,58,50,prefix-match ('appendix a - electricity prices')
2725500403.txt,51,49,exact ('references')
2725645470.txt,78,68,prefix-match ('appendix a')
2725755576.txt,76,71,exact ('bibliography')
2725815971.txt,83,63,exact ('bibliography')
2725816961.txt,86,80,exact ('list of figures')
2725857788.txt,38,37,prefix-match ('references and appendix')
2726200697.txt,46,9,exact ('bibliography')
2726200698.txt,88,88,
2726200774.txt,87,71,exact ('list of figures')
2726218055.txt,140,85,exact ('bibliography')
2726218056.txt,45,35,exact ('references')
2726249915.txt,120,95,exact ('bibliography')
2726249937.txt,113,78,exact ('bibliography')
2726324206.txt,66,53,exact ('bibliography')
2726462460.txt,66,65,exact ('references')
2726480625.txt,71,60,exact ('bibliography')
2726480673.txt,70,64,title-page ('appendix a')
2726480757.txt,50,44,exact ('references')
2726480931.txt,110,92,exact ('bibliography')
2726480985.txt,123,67,exact ('bibliography')
2726481013.txt,177,108,exact ('references')
2726481027.txt,92,68,exact ('references')
2726481067.txt,86,84,exact ('appendix')
2726481082.txt,88,63,exact ('bibliography')
2726481103.txt,84,69,prefix-match ('appendix a')
2726481124.txt,109,59,exact ('references')
2726481129.txt,96,71,exact ('bibliography')
2726481132.txt,90,54,exact ('bibliography')
2726481146.txt,80,73,exact ('bibliography')
2726481522.txt,202,129,exact ('bibliography')
2726481665.txt,93,73,exact ('bibliography')
2726481691.txt,79,71,exact ('references')
2726481714.txt,56,55,exact ('references')
2726481721.txt,63,58,exact ('bibliography')
2726481745.txt,78,74,exact ('references')
2726481747.txt,127,110,exact ('bibliography')
2726481756.txt,61,51,exact ('references')
2726481769.txt,126,89,exact ('bibliography')
2726481773.txt,66,54,exact ('bibliography')
2726481775.txt,54,54,
2726481800.txt,47,42,exact ('appendix')
2726481806.txt,68,57,exact ('bibliography')
2726796331.txt,101,83,exact ('bibliography')
2726919701.txt,58,54,exact ('bibliography')
2726919713.txt,82,66,exact ('list of figures')
2726945079.txt,86,67,prefix-match ('appendix a')
2726945092.txt,93,82,exact ('references')
2726945298.txt,46,31,exact ('references')
2726948241.txt,118,79,exact ('list of figures')
2726960779.txt,80,55,exact ('references')
2726973912.txt,59,52,exact ('bibliography')
2726974046.txt,100,62,exact ('bibliography')
2726980691.txt,83,75,exact ('references')
2726980718.txt,82,69,exact ('bibliography')
2726980852.txt,84,73,exact ('bibliography')
2726980857.txt,69,67,exact ('bibliography')
2726980860.txt,87,77,exact ('references')
2726980876.txt,161,122,exact ('references')
2726980886.txt,138,131,exact ('references')
2727033230.txt,84,75,exact ('bibliography')
2727053874.txt,141,102,exact ('references')
2727054581.txt,53,53,
2727066660.txt,260,260,
2727099433.txt,98,87,exact ('bibliography')
2727099569.txt,106,85,exact ('bibliography')
2727099584.txt,87,74,exact ('bibliography')
2727110851.txt,65,65,exact ('referencer')
2727110854.txt,103,98,exact ('bibliography')
2727110866.txt,98,91,exact ('bibliography')
2727110912.txt,72,65,exact ('bibliography')
2727110992.txt,48,45,exact ('bibliography')
2727113773.txt,74,65,prefix-match ('appendix a')
2727113774.txt,71,48,exact ('references')
2727113778.txt,70,55,exact ('bibliography')
2727113779.txt,54,36,exact ('appendix')
2727113781.txt,73,67,exact ('appendix')
2727113782.txt,106,87,exact ('bibliography')
2727113790.txt,70,67,exact ('bibliography')
2727113796.txt,57,44,exact ('bibliography')
2727160415.txt,60,43,prefix-match ('appendix a')
2727160436.txt,50,43,exact ('bibliography')
2727160494.txt,101,74,exact ('references')
2727160577.txt,126,103,exact ('bibliography')
2727202160.txt,74,73,exact ('references')
2727202165.txt,129,59,exact ('references')
2727202179.txt,66,64,exact ('bibliography')
2727202184.txt,36,35,exact ('references')
2727202433.txt,97,93,exact ('appendix')
2727236829.txt,121,100,exact ('bibliography')
2727248177.txt,71,64,exact ('references')
2727248217.txt,75,54,exact ('bibliography')
2727248299.txt,300,136,exact ('bibliography')
2727248367.txt,61,50,exact ('bibliography')
2727248465.txt,220,118,exact ('bibliography')
2727248484.txt,52,46,exact ('references')
2727248557.txt,62,49,exact ('bibliography')
2727248615.txt,58,51,exact ('bibliography')
2727248671.txt,68,50,exact ('bibliography')
2727248731.txt,82,75,exact ('bibliography')
2727248753.txt,122,83,exact ('references')
2727248758.txt,71,70,exact ('references')
2727248767.txt,76,42,exact ('bibliography')
2727248775.txt,68,59,exact ('references')
2727248779.txt,71,63,exact ('bibliography')
2727248786.txt,94,85,exact ('bibliography')
2727248789.txt,78,68,exact ('bibliography')
2727248790.txt,63,57,exact ('bibliography')
2727248792.txt,117,100,exact ('references')
2727248793.txt,136,86,exact ('bibliography')
2727248853.txt,73,50,exact ('list of figures')
2727248872.txt,143,127,exact ('references')
2727248923.txt,239,127,exact ('bibliography')
2727248962.txt,213,213,
2727249318.txt,102,95,exact ('bibliography')
2727249337.txt,65,54,exact ('bibliography')
2727249341.txt,65,39,exact ('bibliography')
2727253347.txt,326,109,exact ('bibliography')
2727253353.txt,93,74,exact ('bibliography')
2727253354.txt,47,44,exact ('bibliography')
2727253356.txt,74,62,exact ('bibliography')
2727253357.txt,88,71,exact ('bibliography')
2727253358.txt,71,60,exact ('references')
2727253360.txt,104,79,exact ('bibliography')
2727253362.txt,48,40,exact ('bibliography')
2727253368.txt,65,62,exact ('bibliography')
2727253369.txt,112,109,exact ('references')
2727253370.txt,10,9,exact ('references')
2727253373.txt,136,94,exact ('list of figures')
2727253374.txt,98,58,exact ('appendix')
2727253375.txt,56,47,exact ('references')
2727253377.txt,52,47,exact ('references')
2727253379.txt,64,60,exact ('bibliography')
2727253380.txt,102,67,exact ('list of figures')
2727253381.txt,73,61,prefix-match ('appendix a')
2727253383.txt,122,41,exact ('bibliography')
2727253385.txt,102,89,exact ('appendix')
2727253386.txt,124,93,exact ('bibliography')
2727253388.txt,116,101,exact ('bibliography')
2727253390.txt,68,58,exact ('references')
2727253391.txt,82,73,exact ('bibliography')
2727253393.txt,46,43,exact ('bibliography')
2727253396.txt,27,24,exact ('references')
2727253399.txt,102,61,exact ('references')
2727253401.txt,67,65,exact ('bibliography')
2727253402.txt,246,71,exact ('references')
2727253405.txt,68,53,exact ('appendix')
2727253406.txt,86,77,exact ('bibliography')
2727253407.txt,96,58,exact ('bibliography')
2727253409.txt,78,77,exact ('bibliography')
2727253411.txt,76,61,exact ('bibliography')
2727253412.txt,88,85,exact ('bibliography')
2727253414.txt,79,78,exact ('references')
2727253416.txt,236,125,title-page ('appendices')
2727253417.txt,99,84,exact ('bibliography')
2727253420.txt,52,50,exact ('references')
2727253423.txt,93,73,exact ('bibliography')
2727253424.txt,80,71,exact ('references')
2727253425.txt,60,57,exact ('references')
2727253429.txt,106,101,exact ('references')
2727253437.txt,80,69,exact ('bibliography')
2727253439.txt,84,81,exact ('bibliography')
2727253443.txt,134,67,exact ('bibliography')
2727253444.txt,73,61,exact ('references')
2727253445.txt,68,65,prefix-match ('appendix a')
2727253446.txt,67,57,prefix-match ('appendix a')
2727253447.txt,62,58,exact ('references')
2727253448.txt,124,95,exact ('bibliography')
2727253451.txt,161,112,exact ('bibliography')
2727253453.txt,44,42,exact ('references')
2727253456.txt,90,74,exact ('references')
2727253457.txt,91,61,exact ('bibliography')
2727253462.txt,82,71,exact ('bibliography')
2727253463.txt,95,87,exact ('references')
2727253464.txt,66,52,exact ('references')
2727253465.txt,103,83,exact ('bibliography')
2727253467.txt,106,101,exact ('bibliography')
2727253468.txt,60,50,exact ('bibliography')
2727253469.txt,42,36,exact ('bibliography')
2727253470.txt,68,59,exact ('references')
2727253473.txt,80,77,exact ('bibliography')
2727253475.txt,123,110,exact ('bibliography')
2727253476.txt,46,40,exact ('references')
2727253478.txt,72,60,exact ('references')
2727253480.txt,53,50,exact ('bibliography')
2727253481.txt,105,61,exact ('references')
2727253484.txt,70,57,exact ('bibliography')
2727253488.txt,72,65,exact ('bibliography')
2727253490.txt,64,51,exact ('bibliography')
2727253491.txt,112,112,
2727253493.txt,37,35,exact ('list of figures')
2727253496.txt,51,45,exact ('bibliography')
2727253497.txt,60,54,exact ('bibliography')
2727253499.txt,52,34,exact ('references')
2727253500.txt,87,76,exact ('references')
2727253515.txt,71,63,exact ('references')
2727253517.txt,62,57,exact ('references')
2727253518.txt,90,86,exact ('appendices')
2727253519.txt,54,53,exact ('bibliography')
2727253522.txt,48,36,exact ('appendix')
2727253532.txt,129,95,exact ('bibliography')
2727253534.txt,57,54,exact ('references')
2727253537.txt,126,102,exact ('bibliography')
2727253540.txt,70,61,exact ('list of figures')
2727253541.txt,58,53,exact ('bibliography')
2727253543.txt,49,43,exact ('references')
2727253545.txt,221,180,exact ('appendices')
2727253548.txt,92,87,exact ('bibliography')
2727253558.txt,59,49,title-page ('appendices')
2727253560.txt,28,28,exact ('references')
2727253561.txt,63,58,exact ('bibliography')
2727253564.txt,54,51,exact ('bibliography')
2727253568.txt,145,105,exact ('references')
2727253571.txt,78,52,exact ('references')
2727253574.txt,52,45,exact ('bibliography')
2727253576.txt,142,74,exact ('bibliography')
2727253585.txt,49,34,exact ('references')
2727310436.txt,57,50,exact ('references')
2727310438.txt,65,65,exact ('bibliography')
2727310472.txt,49,49,exact ('references')
2727310483.txt,55,53,exact ('bibliography')
2727333170.txt,60,53,exact ('bibliography')
2727348742.txt,107,79,prefix-match ('appendix a')
2727348770.txt,74,61,exact ('bibliography')
2727365616.txt,72,60,exact ('references')
2727365797.txt,76,55,exact ('bibliography')
2727384268.txt,95,63,exact ('references')
2727400812.txt,103,85,exact ('bibliography')
2727400813.txt,91,54,exact ('bibliography')
2727400815.txt,91,70,exact ('bibliography')
2727400838.txt,96,60,exact ('list of figures')
2727400839.txt,93,62,exact ('references')
2727400843.txt,99,80,exact ('references')
2727400844.txt,136,129,exact ('bibliography')
2727400889.txt,150,120,exact ('references')
2727401012.txt,114,93,exact ('bibliography')
2727401031.txt,26,21,exact ('references')
2727401081.txt,27,23,exact ('appendix')
2727401158.txt,75,65,exact ('bibliography')
2727401178.txt,85,53,exact ('references')
2727401195.txt,106,102,exact ('bibliography')
2727401329.txt,196,115,exact ('bibliography')
2727401390.txt,130,117,exact ('bibliography')
2727401409.txt,99,71,exact ('references')
2727401434.txt,131,85,exact ('references')
2727401448.txt,56,54,exact ('references')
2727401498.txt,70,29,exact ('bibliography')
2727406307.txt,87,71,exact ('bibliography')
2727406309.txt,101,88,prefix-match ('references | climate adaptive buildings')
2727406310.txt,188,151,exact ('bibliography')
2727406312.txt,98,73,exact ('bibliography')
2727406313.txt,107,85,exact ('references')
2727406314.txt,84,74,exact ('references')
2727406316.txt,47,43,exact ('references')
2727406318.txt,70,50,exact ('references')
2727406321.txt,112,106,exact ('references')
2727406324.txt,76,56,exact ('bibliography')
2727406329.txt,45,37,exact ('bibliography')
2727406330.txt,97,84,exact ('references')
2727406332.txt,72,69,exact ('bibliography')
2727406334.txt,112,64,exact ('references')
2727406339.txt,59,44,exact ('bibliography')
2727406341.txt,68,56,exact ('references')
2727406342.txt,50,44,exact ('bibliography')
2727406343.txt,86,69,exact ('bibliography')
2727406344.txt,63,53,exact ('bibliography')
2727406345.txt,54,44,exact ('references')
2727406346.txt,90,65,exact ('references')
2727406349.txt,86,74,exact ('bibliography')
2727406351.txt,54,52,exact ('references')
2727406360.txt,167,68,exact ('litteratur')
2727406362.txt,60,57,exact ('bibliography')
2727406366.txt,147,104,exact ('bibliography')
2727406368.txt,61,60,exact ('bibliography')
2727406370.txt,84,69,exact ('references')
2727406371.txt,98,65,title-page ('appendix')
2727406374.txt,142,67,exact ('bibliography')
2727406375.txt,76,76,
2727406376.txt,110,63,exact ('references')
2727406377.txt,76,69,exact ('bibliography')
2727406379.txt,56,45,exact ('bibliography')
2727406384.txt,64,58,exact ('bibliography')
2727406385.txt,106,73,exact ('references')
2727406386.txt,86,79,exact ('bibliography')
2727406390.txt,236,91,exact ('bibliography')
2727406395.txt,240,119,exact ('bibliography')
2727406396.txt,80,60,prefix-match ('appendix a')
2727406397.txt,102,80,exact ('bibliography')
2727406398.txt,58,55,exact ('bibliography')
2727406403.txt,58,51,exact ('bibliography')
2727406404.txt,65,61,exact ('references')
2727406405.txt,57,52,exact ('references')
2727406407.txt,101,70,exact ('list of figures')
2727406412.txt,133,117,exact ('bibliography')
2727406415.txt,35,33,exact ('bibliography')
2727406416.txt,75,58,exact ('references')
2727406417.txt,102,76,exact ('appendix')
2727406419.txt,74,59,exact ('bibliography')
2727446798.txt,81,73,exact ('bibliography')
2727446861.txt,69,58,exact ('references')
2727446957.txt,138,81,exact ('bibliography')
2727446962.txt,37,24,exact ('references')
2727446969.txt,54,36,exact ('bibliography')
2727447085.txt,78,73,exact ('bibliography')
2727447143.txt,72,57,exact ('bibliography')
2727447217.txt,49,46,exact ('bibliography')
2727447244.txt,80,59,exact ('bibliography')
2727447315.txt,75,57,exact ('bibliography')
2727447809.txt,141,90,exact ('bibliography')
2727447822.txt,47,45,exact ('references')
2727447952.txt,116,97,prefix-match ('appendix a')
2727448009.txt,54,49,prefix-match ('appendix a')
2727448229.txt,128,79,exact ('bibliography')
2727448264.txt,180,157,exact ('bibliography')
2727448339.txt,162,91,exact ('bibliography')
2727448526.txt,104,100,exact ('references')
2727448820.txt,78,73,exact ('bibliography')
2727448821.txt,88,82,exact ('bibliography')
2727448825.txt,36,35,exact ('references')
2727448827.txt,116,82,exact ('bibliography')
2727448828.txt,40,27,exact ('references')
2727448830.txt,50,43,exact ('bibliography')
2727448834.txt,42,39,exact ('bibliography')
2727448835.txt,102,89,prefix-match ('appendix a')
2727448837.txt,57,49,exact ('bibliography')
2727448838.txt,64,47,exact ('bibliography')
2727448840.txt,88,77,title-page ('appendices')
2727448841.txt,93,89,exact ('bibliography')
2727448843.txt,72,71,exact ('bibliography')
2727448849.txt,213,170,exact ('bibliography')
2727470922.txt,48,36,exact ('references')
2727471061.txt,88,72,exact ('bibliography')
2727471096.txt,104,84,exact ('bibliography')
2727471162.txt,72,57,exact ('references')
2727471168.txt,92,80,exact ('references')
2727471307.txt,58,55,exact ('bibliography')
2727471318.txt,74,69,exact ('bibliography')
2727471328.txt,66,51,exact ('bibliography')
2727471337.txt,156,116,exact ('references')
2727471371.txt,114,83,exact ('references')
2727471403.txt,54,49,exact ('bibliography')
2727471558.txt,75,73,exact ('bibliography')
2727471597.txt,64,55,exact ('bibliography')
2727471599.txt,66,62,exact ('references')
2727485828.txt,61,48,exact ('references')
2727485963.txt,110,73,exact ('appendix')
2727486008.txt,114,81,prefix-match ('appendix a')
2727504108.txt,69,58,exact ('bibliography')
2727516916.txt,143,59,exact ('references')
2727516918.txt,51,49,exact ('references')
2727516974.txt,76,47,exact ('bibliography')
2727516998.txt,105,85,exact ('bibliography')
2727517049.txt,50,49,exact ('bibliography')
2727517078.txt,124,110,prefix-match ('appendix a. installing the software for 3d printin')
2727517096.txt,91,44,exact ('references')
2727517127.txt,180,180,
2727528789.txt,132,117,exact ('bibliography')
2727528792.txt,68,55,prefix-match ('appendix a')
2727528793.txt,49,47,exact ('references')
2727528795.txt,62,59,exact ('bibliography')
2727532271.txt,83,76,exact ('bibliography')
2727532272.txt,70,69,exact ('bibliography')
2727532275.txt,67,65,exact ('bibliography')
2727532276.txt,55,55,exact ('bibliography')
2727557575.txt,108,69,exact ('references')
2727557577.txt,82,79,exact ('bibliography')
2727571058.txt,109,92,exact ('references')
2727571113.txt,73,72,exact ('bibliography')
2727571142.txt,70,63,exact ('bibliography')
2727571201.txt,80,71,exact ('bibliography')
2727571280.txt,80,63,exact ('bibliography')
2727588016.txt,73,53,exact ('bibliography')
2727588021.txt,99,82,exact ('bibliography')
2727601811.txt,94,76,exact ('bibliography')
2727601982.txt,78,64,exact ('bibliography')
2727602144.txt,122,76,exact ('bibliography')
2727602381.txt,108,49,exact ('bibliography')
2727615859.txt,18,12,exact ('references')
2727615864.txt,39,7,exact ('bibliography')
2727615897.txt,55,55,exact ('references')
2727629165.txt,101,68,exact ('bibliography')
2727629166.txt,55,47,exact ('bibliography')
2727629194.txt,102,98,exact ('bibliography')
2727629195.txt,112,106,exact ('bibliography')
2727629196.txt,79,59,exact ('bibliography')
2727629197.txt,98,89,title-page ('appendices')
2727629198.txt,51,39,exact ('bibliography')
2727629200.txt,79,63,exact ('bibliography')
2727629202.txt,64,61,exact ('bibliography')
2727633723.txt,74,71,exact ('bibliography')
2727633724.txt,49,42,exact ('list of figures')
2727633726.txt,50,45,exact ('bibliography')
2727633773.txt,84,59,exact ('bibliography')
2727633785.txt,75,58,exact ('bibliography')
2727633878.txt,104,85,exact ('bibliography')
2727633887.txt,65,64,exact ('bibliography')
2727633923.txt,17,15,exact ('references')
2727633976.txt,64,61,exact ('bibliography')
2727634037.txt,82,51,exact ('bibliography')
2727634089.txt,74,74,
2727634112.txt,58,44,exact ('bibliography')
2727634226.txt,100,85,exact ('bibliography')
2727634283.txt,112,59,exact ('bibliography')
2727686851.txt,204,115,exact ('references')
2727686879.txt,117,97,prefix-match ('appendix a')
2727687721.txt,154,101,exact ('appendices')
2727687903.txt,82,82,
2727703743.txt,45,40,exact ('bibliography')
2727703745.txt,116,95,exact ('bibliography')
2727703746.txt,82,53,exact ('bibliography')
2727703747.txt,100,91,exact ('bibliography')
2727703748.txt,92,73,exact ('bibliography')
2727703749.txt,112,110,exact ('references')
2727703750.txt,34,29,exact ('references')
2727703751.txt,60,53,prefix-match ('appendix a')
2727703752.txt,253,223,exact ('bibliography')
2727703754.txt,64,59,exact ('bibliography')
2727703756.txt,56,50,exact ('bibliography')
2727703757.txt,78,70,exact ('references')
2727703760.txt,62,62,
2727703762.txt,69,69,
2727703763.txt,41,36,exact ('bibliography')
2727703764.txt,109,97,exact ('references')
2727703765.txt,146,120,exact ('appendix')
2727703913.txt,140,131,exact ('bibliography')
2727703986.txt,79,62,exact ('bibliography')
2727730361.txt,72,40,exact ('references')
2727730362.txt,76,74,exact ('bibliography')
2727730849.txt,78,67,exact ('bibliography')
2727730858.txt,40,39,exact ('bibliography')
2727730894.txt,80,74,title-page ('appendices')
2727758627.txt,92,85,exact ('bibliography')
2727774233.txt,118,118,
2727784001.txt,68,58,exact ('bibliography')
2727784002.txt,80,72,exact ('bibliography')
2727784003.txt,68,63,exact ('bibliography')
2727784004.txt,82,65,exact ('references')
2727784006.txt,70,66,exact ('bibliography')
2727784007.txt,72,61,exact ('bibliography')
2727784008.txt,70,51,exact ('references')
2727784009.txt,66,63,exact ('bibliography')
2727784013.txt,72,63,prefix-match ('appendix a')
2727784015.txt,82,77,exact ('bibliography')
2727784016.txt,75,66,prefix-match ('appendix a')
2727784017.txt,90,57,exact ('bibliography')
2727790222.txt,128,117,exact ('references')
2727790223.txt,190,121,exact ('references')
2727790336.txt,100,71,exact ('bibliography')
2727790410.txt,150,109,exact ('bibliography')
2727790412.txt,64,61,exact ('bibliography')
2727790413.txt,121,97,exact ('references')
2727790420.txt,115,84,exact ('bibliography')
2727790423.txt,140,123,exact ('bibliography')
2727790430.txt,85,64,exact ('references')
2727790437.txt,84,69,exact ('bibliography')
2727790441.txt,116,98,exact ('references')
2727790444.txt,66,57,prefix-match ('appendix a')
2727790446.txt,48,45,exact ('bibliography')
2727790451.txt,65,60,exact ('references')
2727790452.txt,62,53,title-page ('appendices')
2727821607.txt,60,45,exact ('bibliography')
2727821628.txt,80,69,exact ('bibliography')
2727821630.txt,120,99,prefix-match ('appendix a')
2727821633.txt,94,73,exact ('bibliography')
2727821639.txt,72,69,exact ('bibliography')
2727821669.txt,64,57,exact ('bibliography')
2727821769.txt,119,92,exact ('references')
2727822053.txt,97,87,exact ('bibliography')
2727838005.txt,145,122,exact ('references')
2727838006.txt,71,57,exact ('references')
2727838009.txt,45,39,exact ('references')
2727838017.txt,115,87,exact ('bibliography')
2727838031.txt,98,81,exact ('bibliography')
2727838032.txt,57,48,exact ('references')
2727838036.txt,61,51,exact ('references')
2727838065.txt,127,127,
2727838066.txt,61,42,exact ('references')
2727838067.txt,57,47,exact ('references')
2727838068.txt,62,59,exact ('bibliography')
2727838069.txt,92,81,exact ('bibliography')
2727838074.txt,39,39,exact ('bibliography')
2727838087.txt,170,75,exact ('bibliography')
2727838109.txt,126,120,exact ('bibliography')
2727838110.txt,94,81,exact ('bibliography')
2727838112.txt,57,9,exact ('bibliography')
2727838124.txt,76,61,exact ('list of figures')
2727852837.txt,100,70,exact ('bibliography')
2727852895.txt,105,85,exact ('bibliography')
2727852916.txt,90,63,exact ('bibliography')
2727852943.txt,48,39,exact ('bibliography')
2727852992.txt,45,41,exact ('references')
2727852999.txt,82,67,exact ('bibliography')
2727853003.txt,62,58,exact ('bibliography')
2727853212.txt,148,87,exact ('bibliography')
2727853743.txt,59,51,exact ('references')
2727853745.txt,67,64,exact ('bibliography')
2727853939.txt,61,35,exact ('references')
2727853940.txt,55,47,exact ('bibliography')
2727853993.txt,99,77,exact ('bibliography')
2727882478.txt,138,121,prefix-match ('appendix a')
2727903483.txt,195,135,exact ('references')
2727903486.txt,64,61,exact ('bibliography')
2727903511.txt,241,221,prefix-match ('appendix f')
2727903515.txt,70,70,
2727903517.txt,72,56,exact ('bibliography')
2727903519.txt,72,61,exact ('bibliography')
2727903526.txt,98,93,exact ('bibliography')
2727909670.txt,88,65,exact ('list of figures')
2727909673.txt,53,51,exact ('bibliography')
2727909674.txt,56,47,exact ('bibliography')
2727909676.txt,73,64,exact ('bibliography')
2727909678.txt,54,44,exact ('references')
2727909680.txt,60,56,exact ('references')
2727909681.txt,44,42,exact ('references')
2727909682.txt,69,51,exact ('references')
2727909683.txt,113,82,exact ('bibliography')
2727909687.txt,36,30,exact ('references')
2727909688.txt,78,74,prefix-match ('appendix a')
2727909690.txt,54,47,exact ('bibliography')
2727909691.txt,58,53,exact ('bibliography')
2727909693.txt,138,88,exact ('references')
2727909695.txt,36,17,exact ('appendix')
2727957050.txt,105,91,exact ('references')
2727957052.txt,81,74,exact ('bibliography')
2727957069.txt,84,52,exact ('bibliography')
2727957072.txt,94,94,
2727978235.txt,102,95,exact ('bibliography')
2727978240.txt,62,57,exact ('bibliography')
2727978242.txt,70,55,prefix-match ('appendix 1: illustration of ram')
2727978247.txt,68,64,exact ('bibliography')
2727978249.txt,135,96,exact ('bibliography')
2727978250.txt,72,67,exact ('bibliography')
2727978253.txt,54,51,exact ('references')
2727978265.txt,181,127,prefix-match ('litterature')
2727978280.txt,64,64,
2727978290.txt,74,68,exact ('bibliography')
2727978291.txt,66,65,exact ('references')
2727992286.txt,93,69,exact ('bibliography')
2727992287.txt,76,53,exact ('bibliography')
2727992320.txt,299,122,exact ('bibliography')
2727992323.txt,53,44,exact ('references')
2727992329.txt,103,87,exact ('references')
2727992337.txt,65,63,exact ('bibliography')
2727992338.txt,53,49,exact ('bibliography')
2727992360.txt,132,95,prefix-match ('appendix a. kubo formula')
2727992363.txt,66,53,exact ('bibliography')
2727992368.txt,68,58,exact ('references')
2727992387.txt,109,95,prefix-match ('appendix a')
2728030088.txt,29,28,exact ('bibliography')
2728030091.txt,36,33,exact ('bibliography')
2728030100.txt,100,89,exact ('bibliography')
2728030111.txt,70,59,exact ('references')
2728030128.txt,133,76,exact ('bibliography')
2728030136.txt,121,108,exact ('references')
2728030151.txt,86,65,prefix-match ('appendix a')
2728030152.txt,79,67,exact ('bibliography')
2728030153.txt,78,63,exact ('bibliography')
2728030156.txt,81,81,
2728030157.txt,62,53,exact ('references')
2728030158.txt,68,62,exact ('bibliography')
2728058672.txt,73,70,exact ('bibliography')
2728072735.txt,123,92,exact ('bibliography')
2728072764.txt,118,95,exact ('bibliography')
2728073031.txt,163,109,exact ('bibliography')
2728080999.txt,72,71,exact ('references')
2728081000.txt,73,73,
2728081003.txt,109,89,exact ('bibliography')
2728081005.txt,43,36,exact ('bibliography')
2728081006.txt,65,65,
2728118984.txt,76,41,exact ('bibliography')
2728119101.txt,138,109,prefix-match ('appendixa')
2728119223.txt,130,103,exact ('references')
2728120096.txt,61,55,exact ('bibliography')
2728120223.txt,86,77,exact ('bibliography')
2728153967.txt,87,73,exact ('references')
2728153968.txt,113,86,title-page ('appendix')
2728153969.txt,68,64,exact ('bibliography')
2728153976.txt,76,68,exact ('bibliography')
2728153982.txt,116,95,exact ('bibliography')
2728153990.txt,104,95,exact ('bibliography')
2728154013.txt,49,45,exact ('bibliography')
2728154018.txt,59,55,exact ('references')
2728154022.txt,126,105,exact ('bibliography')
2728154028.txt,118,118,
2728154033.txt,94,81,exact ('bibliography')
2728154034.txt,49,49,
2728154037.txt,38,16,prefix-match ('litterature')
2728154044.txt,92,91,exact ('bibliography')
2728154054.txt,77,63,exact ('bibliography')
2728154060.txt,74,64,exact ('bibliography')
2728170886.txt,70,65,exact ('bibliography')
2728171764.txt,277,213,exact ('bibliography')
2728171781.txt,62,61,exact ('reference list')
2728172155.txt,62,51,exact ('list of figures')
2728172158.txt,121,101,exact ('appendix')
2728172167.txt,94,72,exact ('references')
2728172175.txt,64,62,exact ('references')
2728214711.txt,121,73,exact ('references')
2728230421.txt,108,90,exact ('bibliography')
2728230425.txt,175,82,exact ('bibliography')
2728230432.txt,64,53,exact ('references')
2728230449.txt,82,59,exact ('bibliography')
2728230453.txt,55,49,exact ('bibliography')
2728230456.txt,81,71,prefix-match ('appendix a')
2728230460.txt,82,72,exact ('bibliography')
2728230467.txt,69,63,exact ('bibliography')
2728235974.txt,79,42,exact ('bibliography')
2728235975.txt,60,54,exact ('bibliography')
2728235976.txt,69,56,prefix-match ('appendix a')
2728235977.txt,89,55,exact ('references')
2728235978.txt,64,57,exact ('bibliography')
2728235980.txt,96,69,exact ('bibliography')
2728239822.txt,110,67,exact ('bibliography')
2728239825.txt,86,65,exact ('references')
2728239853.txt,56,36,exact ('references')
2728239857.txt,128,73,title-page ('appendix a')
2728239887.txt,55,46,prefix-match ('appendixes')
2728239888.txt,33,33,exact ('references')
2728303053.txt,57,51,exact ('references')
2728303056.txt,72,61,exact ('bibliography')
2728303070.txt,87,76,exact ('appendix')
2728303072.txt,58,36,exact ('bibliography')
2728303073.txt,128,89,prefix-match ('appendix a')
2728315454.txt,50,47,exact ('bibliography')
2728315464.txt,86,78,exact ('bibliography')
2728330049.txt,66,55,exact ('bibliography')
2728330050.txt,96,77,title-page ('appendix a')
2728330052.txt,62,59,exact ('bibliography')
2728330064.txt,77,55,exact ('bibliography')
2728330086.txt,62,61,exact ('bibliografi')
2728341254.txt,86,82,exact ('appendix')
2728341271.txt,67,53,exact ('bibliography')
2728352239.txt,62,27,exact ('references')
2728359877.txt,95,95,
2728359878.txt,40,37,exact ('bibliography')
2728359879.txt,33,6,exact ('bibliography')
2728359880.txt,57,43,exact ('bibliography')
2728359881.txt,74,67,exact ('bibliography')
2728394307.txt,106,74,exact ('references')
2728423478.txt,162,109,exact ('bibliography')
2728423480.txt,1,1,
2728423482.txt,76,63,exact ('bibliography')
2728423483.txt,77,63,exact ('appendix')
2728423484.txt,135,135,
2728423485.txt,72,72,
2728423488.txt,99,76,exact ('bibliography')
2728423489.txt,100,88,exact ('bibliography')
2728423490.txt,34,27,exact ('bibliography')
2728423492.txt,134,113,exact ('bibliography')
2728423504.txt,96,89,exact ('bibliography')
2728437621.txt,84,76,exact ('bibliography')
2728437623.txt,56,45,exact ('reference list')
2728437624.txt,104,86,exact ('bibliography')
2728437625.txt,91,87,prefix-match ('litteraturhenvisninger')
2728467652.txt,168,147,exact ('bibliography')
2728467653.txt,66,60,exact ('references')
2728467657.txt,54,51,exact ('bibliography')
2728650697.txt,68,66,exact ('references')
2728650704.txt,141,125,exact ('references')
2728650710.txt,84,63,exact ('bibliography')
2728660051.txt,61,56,exact ('litteratur')
2728660052.txt,81,80,exact ('bibliography')
2728695322.txt,88,65,exact ('bibliography')
2728725469.txt,50,43,exact ('bibliography')
2728725470.txt,75,68,exact ('bibliography')
2728725478.txt,47,5,exact ('list of figures')
2728725489.txt,114,59,title-page ('references')
2728755010.txt,123,116,exact ('bibliography')
2728755037.txt,144,139,exact ('bibliography')
2728755038.txt,25,25,
2728755042.txt,76,67,title-page ('appendices')
2728755055.txt,77,69,exact ('list of tables')
2728775771.txt,74,58,exact ('appendix')
2728775774.txt,84,69,exact ('references')
2728796974.txt,35,25,exact ('bibliography')
2728796976.txt,42,38,exact ('bibliography')
2728796990.txt,69,54,exact ('bibliography')
2728811184.txt,104,84,exact ('bibliography')
2728811186.txt,66,59,exact ('references')
2728881735.txt,54,50,exact ('references')
2728881743.txt,172,123,exact ('bibliography')
2728881745.txt,99,64,exact ('bibliography')
2728897648.txt,44,37,exact ('list of figures')
2728897653.txt,133,75,exact ('bibliography')
2728917490.txt,53,49,exact ('bibliography')
2728917493.txt,95,80,exact ('bibliography')
2728931047.txt,60,55,prefix-match ('appendix a')
2728945943.txt,69,46,exact ('bibliography')
2729019650.txt,69,66,exact ('bibliography')
2729019658.txt,62,58,exact ('bibliography')
2729019669.txt,110,61,exact ('bibliography')
2729019671.txt,56,46,exact ('bibliography')
2729019672.txt,90,74,exact ('bibliography')
2729027467.txt,99,91,exact ('bibliography')
2729027471.txt,141,126,exact ('references')
2729058492.txt,93,86,exact ('bibliography')
2729058496.txt,34,33,exact ('bibliography')
2729092629.txt,60,56,exact ('references')
2729105934.txt,46,43,exact ('references')
2729158652.txt,85,63,exact ('bibliography')
2729171718.txt,77,62,exact ('bibliography')
2729206213.txt,53,53,
2729229515.txt,48,43,exact ('bibliography')
2729337089.txt,58,48,exact ('bibliography')
2729337090.txt,187,140,exact ('bibliography')
2729337091.txt,66,12,exact ('appendices')
2729337099.txt,54,53,exact ('bibliography')
2729416302.txt,76,63,exact ('bibliography')
2729456333.txt,65,53,exact ('references')
2729474254.txt,152,137,prefix-match ('appendix a')
2729534065.txt,54,52,exact ('references')
2729550773.txt,106,83,prefix-match ('appendix a')
2729597091.txt,273,136,exact ('list of figures')
2729654573.txt,99,75,exact ('bibliography')
2729706740.txt,64,54,exact ('references')
2729836715.txt,30,19,exact ('references')
2729836716.txt,68,63,exact ('bibliography')
2729836717.txt,78,57,exact ('bibliography')
2729836718.txt,78,64,title-page ('appendices')
2729836721.txt,94,69,exact ('list of figures')
2729836723.txt,116,89,exact ('bibliography')
2729836724.txt,78,73,exact ('bibliography')
2729836727.txt,48,38,exact ('references')
2730276303.txt,111,84,prefix-match ('appendix a. coordinate systems')
2730276304.txt,123,76,exact ('references')
2730276305.txt,99,95,exact ('references')
2730276306.txt,60,55,title-page ('appendix a')
2730276310.txt,55,40,exact ('appendix')
2730276312.txt,61,33,exact ('bibliography')
2730276317.txt,82,82,
2730276318.txt,44,41,exact ('bibliography')
2730279187.txt,81,70,exact ('bibliography')
2730334483.txt,51,43,title-page ('appendix')
2730349187.txt,56,43,exact ('bibliography')
2730349189.txt,97,84,exact ('references')
2730460264.txt,80,75,exact ('bibliography')
2730487495.txt,122,122,
2730533264.txt,96,81,exact ('bibliography')
2730533265.txt,94,73,exact ('bibliography')
2730620464.txt,81,81,
2730671495.txt,22,18,exact ('references')
2730671497.txt,39,35,exact ('bibliography')
2730671500.txt,62,33,exact ('bibliography')
2730674984.txt,118,95,exact ('bibliography')
2730728861.txt,76,67,exact ('bibliography')
2730752530.txt,80,51,exact ('list of figures')
2730752531.txt,79,77,exact ('bibliography')
2730752554.txt,72,60,exact ('bibliography')
2730752559.txt,90,61,exact ('bibliography')
2730790268.txt,69,55,exact ('references')
2730978625.txt,58,50,exact ('bibliography')
2731038185.txt,56,49,exact ('bibliography')
2731038186.txt,72,65,exact ('appendix')
2731250762.txt,120,111,title-page ('appendix a')
2731307936.txt,71,62,exact ('bibliography')
2731307938.txt,47,46,exact ('bibliography')
2731307941.txt,93,87,exact ('bibliography')
2731307942.txt,96,87,exact ('bibliography')
2731308007.txt,86,74,exact ('references')
2731326830.txt,114,103,title-page ('appendix')
2731326831.txt,110,46,exact ('bibliography')
2731326833.txt,68,67,exact ('references')
2731326843.txt,127,62,exact ('bibliography')
2731326845.txt,41,7,exact ('list of figures')
2731326855.txt,52,49,exact ('bibliography')
2731326859.txt,93,61,exact ('references')
2731326863.txt,88,73,title-page ('appendices')
2731326880.txt,56,50,exact ('references')
2731348555.txt,32,24,exact ('references')
2731348569.txt,80,71,exact ('bibliography')
2731364529.txt,62,61,exact ('appendiks')
2731364856.txt,102,53,exact ('references')
2731376520.txt,68,51,title-page ('appendices')
2731441402.txt,80,53,exact ('bibliography')
2731441406.txt,103,79,exact ('references')
2731494800.txt,97,73,exact ('bibliography')
2731494801.txt,46,34,exact ('bibliography')
2731495415.txt,57,50,exact ('bibliography')
2731548483.txt,64,53,exact ('bibliography')
2731561909.txt,77,69,exact ('bibliography')
2731617723.txt,62,48,exact ('bibliography')
2731617731.txt,32,30,exact ('bibliography')
2731617742.txt,101,68,exact ('references')
2731641160.txt,80,65,exact ('references')
2731641175.txt,102,72,exact ('bibliography')
2731641230.txt,42,37,exact ('bibliography')
2731641237.txt,144,122,exact ('bibliography')
2731658507.txt,58,53,exact ('bibliography')
2731658551.txt,128,103,exact ('bibliography')
2732362965.txt,154,113,exact ('bibliography')
2732362967.txt,95,83,exact ('bibliography')
2732753043.txt,179,103,title-page ('appendices')
2733338857.txt,77,69,exact ('bibliography')
2733339170.txt,97,71,exact ('bibliography')
2733594132.txt,80,76,exact ('bibliography')
2733594233.txt,110,105,exact ('bibliography')
2733610078.txt,86,72,exact ('bibliography')
2733610091.txt,118,84,exact ('references')
2733610577.txt,64,53,exact ('bibliography')
2733610616.txt,138,109,exact ('references')
2733631591.txt,40,28,exact ('bibliography')
2733644926.txt,146,50,exact ('bibliography')
2733673800.txt,16,12,exact ('references')
2733711990.txt,85,66,exact ('references')
2733711993.txt,99,48,exact ('bibliography')
2733711997.txt,110,69,exact ('references')
2733712002.txt,106,84,exact ('bibliography')
2733712035.txt,88,70,exact ('bibliography')
2733712041.txt,64,58,exact ('bibliography')
2733712107.txt,84,75,exact ('bibliography')
2733712114.txt,62,53,exact ('bibliography')
2733712119.txt,95,82,exact ('appendix')
2733712130.txt,75,69,exact ('bibliography')
2733712163.txt,97,92,exact ('bibliography')
2733712177.txt,123,65,exact ('references')
2733712184.txt,51,37,exact ('references')
2733712195.txt,76,76,
2733712201.txt,124,95,exact ('bibliography')
2733712204.txt,119,109,exact ('bibliography')
2733712206.txt,95,53,exact ('references')
2733712211.txt,118,102,prefix-match ('appendix a')
2733712214.txt,72,47,exact ('bibliography')
2733712216.txt,65,54,exact ('references')
2733712223.txt,124,95,exact ('bibliography')
2733712235.txt,88,75,exact ('references')
2733712237.txt,57,48,exact ('references')
2733712242.txt,74,69,exact ('bibliography')
2733712243.txt,78,67,exact ('bibliography')
2733712251.txt,60,47,exact ('appendix')
2733712260.txt,36,36,exact ('references')
2733712263.txt,162,97,exact ('bibliography')
2733712268.txt,96,67,exact ('bibliography')
2733712278.txt,86,63,exact ('bibliography')
2733712286.txt,78,65,exact ('bibliography')
2733712315.txt,400,75,exact ('bibliography')
2733712317.txt,97,90,exact ('bibliography')
2733712331.txt,94,69,exact ('bibliography')
2733712347.txt,113,72,exact ('bibliography')
2733712355.txt,78,55,exact ('bibliography')
2733712369.txt,86,70,exact ('bibliography')
2733712390.txt,174,121,exact ('references')
2733712401.txt,145,83,exact ('bibliography')
2733712422.txt,104,89,exact ('bibliography')
2733712427.txt,102,91,exact ('appendix')
2733712435.txt,39,38,exact ('references')
2733712447.txt,40,35,prefix-match ('appendix a. supplementary materials')
2733712450.txt,108,85,title-page ('appendices')
2733712463.txt,117,47,exact ('bibliography')
2733712483.txt,92,85,exact ('bibliography')
2733712497.txt,531,80,exact ('bibliography')
2733712513.txt,163,103,exact ('references')
2733712527.txt,60,57,exact ('bibliography')
2733712541.txt,47,42,exact ('bibliography')
2733712663.txt,85,71,exact ('references')
2733712681.txt,86,77,exact ('bibliography')
2733712689.txt,39,35,exact ('references')
2733712697.txt,102,65,exact ('references')
2733712706.txt,85,58,exact ('bibliography')
2733712711.txt,84,78,exact ('bibliography')
2733712730.txt,139,67,exact ('references')
2733712732.txt,64,57,exact ('references')
2733712745.txt,121,93,exact ('bibliography')
2733712746.txt,138,109,exact ('references')
2733712751.txt,48,41,exact ('bibliography')
2733712793.txt,68,61,exact ('bibliography')
2733712838.txt,57,47,exact ('references')
2733712869.txt,92,92,
2733712882.txt,75,74,exact ('bibliography')
2733712902.txt,62,53,exact ('list of figures')
2733712916.txt,51,47,title-page ('appendix')
2733712961.txt,108,108,
2733712976.txt,74,69,exact ('bibliography')
2733712999.txt,44,44,
2733713037.txt,90,83,exact ('bibliography')
2733713056.txt,90,73,exact ('bibliography')
2733713072.txt,113,91,exact ('references')
2733713083.txt,84,61,exact ('bibliography')
2733713111.txt,74,69,exact ('bibliography')
2733713130.txt,79,61,exact ('bibliography')
2733713169.txt,169,98,exact ('bibliography')
2733713186.txt,88,67,title-page ('appendices')
2733713201.txt,75,66,exact ('bibliography')
2733713757.txt,55,49,exact ('bibliography')
2733841684.txt,110,68,exact ('bibliography')
2733843517.txt,62,51,exact ('bibliography')
2733914651.txt,78,75,exact ('bibliography')
2733914683.txt,62,58,exact ('bibliography')
2733914714.txt,46,38,exact ('bibliography')
2733914732.txt,34,31,exact ('references')
2733987489.txt,49,47,exact ('bibliography')
2733987490.txt,103,103,
2733987494.txt,111,99,exact ('references')
2733987513.txt,132,103,exact ('bibliography')
2733987529.txt,66,61,exact ('bibliography')
2733987542.txt,85,63,exact ('bibliography')
2733987554.txt,132,94,exact ('bibliography')
2733987586.txt,62,43,exact ('bibliography')
2733987649.txt,104,80,exact ('bibliography')
2733987662.txt,32,32,exact ('references')
2733987721.txt,57,46,exact ('references')
2734025075.txt,102,89,exact ('bibliography')
2734025091.txt,147,115,exact ('bibliography')
2734025118.txt,110,87,exact ('bibliography')
2734025126.txt,88,80,exact ('bibliography')
2734025133.txt,66,61,exact ('references')
2734025145.txt,86,76,exact ('bibliography')
2734025157.txt,107,62,exact ('bibliography')
2734025164.txt,95,91,exact ('bibliography')
2734056139.txt,30,8,exact ('appendix')
2734125195.txt,140,111,exact ('references')
2734125196.txt,88,88,
2734125204.txt,169,113,exact ('bibliography')
2734125212.txt,127,120,exact ('references')
2734125219.txt,104,83,exact ('bibliography')
2734125224.txt,127,81,exact ('bibliography')
2734125233.txt,67,63,exact ('bibliography')
2734125238.txt,54,51,exact ('bibliography')
2734125265.txt,114,75,exact ('bibliography')
2734125357.txt,100,91,exact ('bibliography')
2734125393.txt,79,79,
2734175567.txt,82,75,exact ('appendices')
2734175608.txt,98,76,exact ('references')
2734175636.txt,94,75,exact ('bibliography')
2734175644.txt,148,98,exact ('referencer')
2734175651.txt,87,67,exact ('bibliography')
2734175698.txt,48,47,exact ('litteratur')
2734175701.txt,107,96,exact ('references')
2734175708.txt,104,81,exact ('bibliography')
2734175720.txt,145,145,
2734175723.txt,93,86,exact ('appendix')
2734175729.txt,67,64,exact ('bibliography')
2734175732.txt,94,73,exact ('bibliography')
2734175798.txt,97,76,exact ('references')
2734199193.txt,72,67,exact ('bibliography')
2734199194.txt,58,53,exact ('references')
2734199220.txt,70,65,exact ('bilag')
2734199224.txt,88,73,exact ('bibliography')
2734221795.txt,34,32,exact ('bibliography')
2734221801.txt,54,49,exact ('bibliography')
2734246624.txt,88,88,
2734246627.txt,51,49,exact ('bibliography')
2734246628.txt,34,32,exact ('references')
2734246630.txt,75,67,exact ('references')
2734264599.txt,52,46,exact ('bibliography')
2734326426.txt,118,84,exact ('references')
2734326428.txt,89,65,exact ('references')
2734350176.txt,56,53,exact ('bibliography')
2734350181.txt,75,58,exact ('references')
2734350183.txt,103,96,exact ('bibliography')
2734350186.txt,60,52,exact ('appendix')
2734350188.txt,72,57,exact ('bibliography')
2734350192.txt,105,95,exact ('bibliography')
2734350199.txt,34,32,exact ('bibliography')
2734350202.txt,131,127,exact ('bibliography')
2734350232.txt,132,81,exact ('bibliography')
2734350237.txt,57,38,exact ('bibliography')
2734350252.txt,46,42,exact ('bibliography')
2734350254.txt,92,73,exact ('bibliography')
2734362878.txt,96,86,exact ('bibliography')
2734362879.txt,142,106,exact ('bibliography')
2734362891.txt,75,71,exact ('references')
2734362893.txt,58,58,
2734362894.txt,138,98,exact ('bibliography')
2734362910.txt,52,47,exact ('bibliography')
2734362961.txt,85,65,exact ('bibliography')
2734362965.txt,90,90,
2734363001.txt,130,97,prefix-match ('appendix a')
2734387197.txt,48,47,exact ('bibliography')
2734387208.txt,104,79,exact ('references')
2734397201.txt,88,79,exact ('bibliography')
2734397209.txt,72,68,exact ('bibliography')
2734397220.txt,131,65,exact ('bibliography')
2734412635.txt,58,52,exact ('references')
2734412666.txt,84,75,exact ('bibliography')
2734412667.txt,72,67,exact ('bibliography')
2734419522.txt,86,77,exact ('bibliography')
2734419527.txt,186,102,exact ('references')
2734486787.txt,105,74,prefix-match ('appendix 1: u-value calculations')
2734486790.txt,124,120,exact ('bibliography')
2734486795.txt,144,130,prefix-match ('appendix a')
2734486796.txt,128,95,exact ('bibliography')
2734486799.txt,123,84,exact ('bibliography')
2734504676.txt,76,65,exact ('bibliography')
2734504687.txt,68,60,exact ('references')
2734504703.txt,156,85,exact ('references')
2734504764.txt,121,117,exact ('bibliography')
2734504863.txt,100,71,exact ('bibliography')
2734504917.txt,83,82,exact ('references')
2734504960.txt,44,38,exact ('references')
2734505207.txt,88,73,exact ('bibliography')
2734505330.txt,80,61,exact ('bibliography')
2734505412.txt,132,119,exact ('bibliography')
2734505467.txt,59,55,prefix-match ('appendix a')
2734505522.txt,118,116,exact ('bibliography')
2734505557.txt,43,40,exact ('bibliography')
2734505626.txt,56,49,exact ('bibliography')
2734505778.txt,124,114,exact ('bibliography')
2734505877.txt,69,56,exact ('bibliography')
2734505916.txt,99,62,exact ('references')
2734506026.txt,152,152,
2734506093.txt,68,59,exact ('bibliography')
2734506152.txt,76,50,exact ('references')
2734545003.txt,378,90,exact ('references')
2734545148.txt,56,43,exact ('bibliography')
2734981068.txt,73,61,exact ('references')
2734981069.txt,85,60,exact ('bibliography')
2734981070.txt,94,87,exact ('bibliography')
2734999516.txt,74,51,exact ('bibliography')
2735013147.txt,82,62,exact ('bibliography')
2735066773.txt,54,46,exact ('bibliography')
2735066774.txt,80,73,exact ('bibliography')
2735066775.txt,66,63,exact ('bibliography')
2735130665.txt,72,63,exact ('bibliography')
2735130667.txt,48,37,exact ('list of figures')
2735158210.txt,53,43,exact ('bibliography')
2735158211.txt,86,73,exact ('bibliography')
2735158212.txt,57,53,exact ('bibliography')
2735158213.txt,54,50,exact ('bibliography')
2735158218.txt,102,79,exact ('bibliography')
2735158228.txt,44,41,exact ('bibliography')
2735158230.txt,146,60,exact ('appendix')
2735158237.txt,76,44,exact ('bibliography')
2735190470.txt,66,52,exact ('references')
2735190485.txt,68,43,exact ('references')
2735190506.txt,120,91,exact ('bibliography')
2735208285.txt,140,67,exact ('bibliography')
2735208305.txt,104,91,exact ('references')
2735208311.txt,122,58,exact ('bibliography')
2735208352.txt,70,48,exact ('bibliography')
2735224907.txt,77,62,exact ('references')
2735224917.txt,100,78,exact ('bibliography')
2735224920.txt,86,83,exact ('bibliography')
2735224943.txt,72,57,exact ('bibliography')
2735224960.txt,150,83,prefix-match ('appendix a. data description')
2735224968.txt,63,48,exact ('references')
2735224984.txt,109,69,exact ('references')
2735225034.txt,190,53,exact ('bibliography')
2735225049.txt,72,56,prefix-match ('appendix a')
2735225061.txt,58,49,exact ('bibliography')
2735225091.txt,94,75,exact ('bibliography')
2735225130.txt,93,84,exact ('bibliography')
2735225166.txt,96,67,exact ('bibliography')
2735225174.txt,82,69,prefix-match ('appendix a')
2735225194.txt,61,48,exact ('bibliography')
2735225210.txt,171,80,exact ('bibliography')
2735225226.txt,57,52,exact ('bibliography')
2735235803.txt,156,113,exact ('bibliography')
2735235805.txt,75,47,exact ('bibliography')
2735235806.txt,102,92,exact ('bibliography')
2735235811.txt,90,67,exact ('references')
2735235813.txt,78,49,exact ('appendiks')
2735269623.txt,70,61,exact ('bibliography')
2735269625.txt,84,61,exact ('bibliography')
2735269626.txt,96,83,exact ('bibliography')
2735269652.txt,106,63,exact ('bibliography')
2735269661.txt,62,53,exact ('bibliography')
2735269668.txt,251,129,exact ('references')
2735269671.txt,117,72,exact ('references')
2735269675.txt,117,73,exact ('references')
2735269677.txt,38,30,exact ('bibliography')
2735269679.txt,54,46,exact ('bibliography')
2735320243.txt,49,44,exact ('appendix')
2735320284.txt,49,40,exact ('appendix')
2735343338.txt,80,80,
2735343350.txt,68,44,exact ('bibliography')
2735343369.txt,63,39,exact ('references')
2735343380.txt,42,35,exact ('bibliography')
2735343391.txt,49,20,exact ('references')
2735343444.txt,72,57,exact ('bibliography')
2735364447.txt,66,53,exact ('appendix')
2735364455.txt,78,51,exact ('bibliography')
2735364468.txt,70,63,exact ('references')
2735364495.txt,89,75,prefix-match ('appendix a')
2735384703.txt,96,96,
2735398535.txt,156,88,exact ('list of figures')
2735398537.txt,75,70,exact ('appendix')
2735398539.txt,97,81,exact ('bibliography')
2735398541.txt,70,50,exact ('bibliography')
2735416787.txt,40,30,exact ('references')
2735422628.txt,86,75,exact ('bibliography')
2735454922.txt,34,34,
2735454923.txt,136,89,exact ('references')
2735483362.txt,58,24,exact ('references')
2735483369.txt,34,31,exact ('bibliography')
2735483373.txt,85,74,exact ('references')
2735483389.txt,74,71,exact ('bibliography')
2735483407.txt,110,99,exact ('bibliography')
2735483416.txt,56,50,exact ('bibliography')
2735483430.txt,238,101,exact ('bibliography')
2735483443.txt,81,64,exact ('bibliography')
2735500206.txt,82,61,exact ('bibliography')
2735500212.txt,68,65,exact ('bibliography')
2735518335.txt,97,71,exact ('bibliography')
2735518336.txt,44,41,exact ('bibliography')
2735550004.txt,56,51,exact ('bibliography')
2735550025.txt,178,121,title-page ('appendix')
2735550037.txt,117,81,exact ('references')
2735555743.txt,88,76,exact ('references')
2735601383.txt,59,52,exact ('bibliography')
2735601441.txt,85,72,exact ('references')
2735618778.txt,60,51,exact ('bibliography')
2735639683.txt,84,73,exact ('bibliography')
2735639709.txt,57,44,exact ('appendix')
2735639713.txt,36,30,exact ('references')
2735639715.txt,92,74,exact ('references')
2735671695.txt,71,47,exact ('references')
2735671698.txt,102,72,prefix-match ('appendixa')
2735671749.txt,114,95,exact ('bibliography')
2735671766.txt,88,79,exact ('bibliography')
2735671777.txt,122,85,exact ('bibliography')
2735671790.txt,43,41,exact ('bibliography')
2735671813.txt,86,59,exact ('references')
2735688371.txt,53,45,exact ('bibliography')
2735688373.txt,46,27,prefix-match ('appendix a')
2735688374.txt,100,62,exact ('bibliography')
2735732220.txt,69,60,exact ('bibliography')
2735732232.txt,72,63,exact ('bibliography')
2735732241.txt,86,81,exact ('bibliography')
2735732253.txt,57,45,exact ('bibliography')
2735743002.txt,99,86,exact ('appendix')
2735743029.txt,61,58,exact ('references')
2735743036.txt,69,69,
2735805906.txt,63,57,exact ('references')
2735821632.txt,69,55,exact ('references')
2735884438.txt,61,50,exact ('references')
2735884440.txt,175,94,exact ('bibliography')
2735884442.txt,65,52,exact ('references')
2735912808.txt,72,60,exact ('bibliography')
2735912835.txt,96,76,exact ('references')
2735912850.txt,72,68,exact ('bibliography')
2735912860.txt,76,65,exact ('bibliography')
2735933103.txt,109,103,exact ('bibliography')
2735955575.txt,78,71,exact ('bibliography')
2736062301.txt,128,97,exact ('bibliography')
2736062302.txt,20,18,exact ('list of figures')
2736099321.txt,94,85,exact ('bibliography')
2736099323.txt,58,52,exact ('bibliography')
2736114219.txt,79,78,exact ('references')
2736114389.txt,50,35,exact ('references')
2736127472.txt,81,66,exact ('bibliography')
2736236195.txt,76,47,exact ('bibliography')
2736236197.txt,146,116,exact ('bibliography')
2736271572.txt,27,27,
2736363690.txt,67,48,exact ('bibliography')
2736408071.txt,70,66,exact ('references')
2736408073.txt,71,60,exact ('references')
2736427028.txt,262,132,exact ('bibliography')
2736427029.txt,78,72,prefix-match ('appendix.a')
2736427032.txt,68,58,exact ('bibliography')
2736444768.txt,132,97,exact ('bibliography')
2736444773.txt,108,94,exact ('bibliography')
2736471940.txt,116,73,exact ('bibliography')
2736571469.txt,72,61,exact ('bibliography')
2736587362.txt,61,58,exact ('bibliography')
2736587369.txt,97,73,exact ('bibliografi')
2736604795.txt,71,51,exact ('bibliography')
2736621374.txt,66,61,exact ('bibliography')
2736621375.txt,114,102,exact ('bibliography')
2736760474.txt,31,31,
2736823540.txt,57,49,exact ('appendix')
2736823542.txt,65,55,exact ('references')
2736831034.txt,58,52,exact ('references')
2736918773.txt,106,88,exact ('bibliography')
2736918791.txt,66,63,exact ('bibliography')
2736918857.txt,98,84,exact ('bibliography')
2736918907.txt,157,93,exact ('bibliography')
2736918967.txt,58,55,exact ('bibliography')
2736919842.txt,62,59,exact ('bibliography')
2736919894.txt,48,39,exact ('bibliography')
2736937240.txt,51,48,exact ('references')
2736937403.txt,74,74,
2736952328.txt,88,85,exact ('bibliography')
2736952352.txt,168,122,exact ('references')
2736999447.txt,70,48,exact ('bibliography')
2737014747.txt,111,70,exact ('references')
2737065998.txt,56,47,exact ('bibliography')
2737065999.txt,77,66,exact ('bibliography')
2737191185.txt,62,56,exact ('bibliography')
2737226467.txt,52,51,exact ('bibliography')
2737226469.txt,54,47,exact ('bibliography')
2737226471.txt,96,95,exact ('references')
2737226473.txt,139,104,exact ('references')
2737226477.txt,165,88,exact ('bibliography')
2737226488.txt,61,53,exact ('bibliography')
2737226580.txt,66,61,exact ('references')
2737226645.txt,100,63,exact ('references')
2737226797.txt,123,93,exact ('references')
2737226873.txt,132,75,exact ('bibliography')
2737226899.txt,82,73,exact ('bibliography')
2737226938.txt,88,71,exact ('references')
2737226964.txt,102,99,exact ('bibliography')
2737226983.txt,82,65,exact ('bibliography')
2737227150.txt,118,103,exact ('bibliography')
2737227192.txt,59,41,exact ('bibliography')
2737227285.txt,63,61,exact ('references')
2737227362.txt,90,82,exact ('bibliography')
2737227448.txt,122,107,exact ('references')
2737227488.txt,69,62,exact ('references')
2737227603.txt,90,60,exact ('references')
2737227657.txt,46,37,exact ('bibliography')
2737410654.txt,108,83,exact ('bibliography')
2737410728.txt,92,77,exact ('list of figures')
2737410731.txt,62,62,
2737410738.txt,54,53,exact ('bibliography')
2737410755.txt,98,59,exact ('references')
2737411061.txt,88,74,exact ('bibliography')
2737411225.txt,52,44,exact ('references')
2737411286.txt,154,95,exact ('references')
2737412085.txt,125,67,exact ('references')
2737413280.txt,27,27,
2737511602.txt,121,72,exact ('references')
2737511615.txt,63,52,exact ('bibliography')
2737511619.txt,108,75,exact ('bibliography')
2737511650.txt,105,104,exact ('references')
2737511666.txt,48,44,title-page ('appendix')
2737526350.txt,77,52,exact ('bibliography')
2737536322.txt,44,38,exact ('references')
2737536324.txt,49,49,exact ('bibliography')
2737536332.txt,63,58,exact ('references')
2737552159.txt,58,58,
2737552161.txt,70,60,exact ('references')
2737552165.txt,78,66,exact ('bibliography')
2737570037.txt,100,87,prefix-match ('appendix a')
2737581718.txt,220,114,exact ('list of figures')
2737581719.txt,92,84,exact ('bibliography')
2737581722.txt,92,85,exact ('bibliography')
2737581724.txt,63,56,exact ('references')
2737581726.txt,128,82,exact ('references')
2737581730.txt,76,71,exact ('references')
2737581734.txt,56,49,exact ('bibliography')
2737616905.txt,35,26,exact ('references')
2737616910.txt,106,97,exact ('references')
2737629770.txt,116,110,title-page ('appendices')
2737629771.txt,91,75,exact ('references')
2737629772.txt,50,42,exact ('bibliography')
2737629776.txt,66,58,exact ('bibliography')
2737629788.txt,67,56,exact ('references')
2737649077.txt,139,111,exact ('bibliography')
2737649080.txt,102,102,
2737649081.txt,89,74,exact ('references')
2737665713.txt,105,92,exact ('bibliography')
2737665714.txt,77,62,exact ('bibliography')
2737695455.txt,76,52,prefix-match ('appendix a')
2737695456.txt,172,78,exact ('references')
2737695463.txt,74,66,exact ('references')
2737702122.txt,126,115,exact ('references')
2737702127.txt,74,69,exact ('bibliography')
2737702130.txt,102,73,exact ('references')
2737702132.txt,88,75,exact ('bibliography')
2737702134.txt,145,128,exact ('bibliography')
2737702135.txt,74,35,exact ('references')
2737702136.txt,121,117,exact ('bibliography')
2737702137.txt,99,83,exact ('references')
2737702139.txt,100,89,prefix-match ('appendix a')
2737702143.txt,66,51,exact ('bibliography')
2737702145.txt,71,59,exact ('list of figures')
2737702146.txt,65,45,exact ('references')
2737702147.txt,279,133,exact ('references')
2737702148.txt,95,89,exact ('references')
2737702151.txt,124,117,exact ('bibliography')
2737702154.txt,70,65,exact ('bibliography')
2737702155.txt,118,111,prefix-match ('appendix c')
2737702156.txt,160,91,exact ('bibliography')
2737702159.txt,108,84,exact ('bibliography')
2737702162.txt,120,89,exact ('bibliography')
2737702165.txt,154,95,exact ('bibliography')
2737702166.txt,128,63,exact ('references')
2737744377.txt,100,73,title-page ('appendix a')
2737744379.txt,76,65,exact ('bibliography')
2737744380.txt,125,74,exact ('bibliography')
2737744381.txt,138,69,exact ('references')
2737744382.txt,109,72,exact ('references')
2737744383.txt,68,58,exact ('bibliography')
2737744385.txt,75,54,exact ('references')
2737744386.txt,94,69,exact ('references')
2737744387.txt,152,105,exact ('bibliography')
2737744389.txt,66,59,exact ('bibliography')
2737744390.txt,41,38,exact ('bibliography')
2737744391.txt,96,91,exact ('appendix')
2737744392.txt,72,69,exact ('references')
2737744393.txt,72,70,exact ('bibliography')
2737744395.txt,75,54,exact ('references')
2737744397.txt,130,107,prefix-match ('appendix a preliminary work')
2737744399.txt,103,63,exact ('references')
2737744400.txt,84,83,exact ('references')
2737744403.txt,126,87,exact ('references')
2737744404.txt,100,89,exact ('bibliography')
2737744407.txt,164,164,
2737744409.txt,41,40,exact ('bibliography')
2737744411.txt,100,51,exact ('references')
2737744412.txt,98,82,exact ('references')
2737744415.txt,92,72,exact ('appendix')
2737744416.txt,70,57,exact ('bibliography')
2737744417.txt,135,129,exact ('bibliography')
2737744418.txt,122,95,exact ('bibliography')
2737744419.txt,99,70,exact ('references')
2737744420.txt,178,151,prefix-match ('appendix a')
2737744421.txt,106,91,exact ('bibliography')
2737744422.txt,782,87,exact ('references')
2737744423.txt,164,119,exact ('list of figures')
2737744424.txt,80,77,exact ('bibliography')
2737744425.txt,125,82,exact ('references')
2737744427.txt,76,72,exact ('references')
2737744428.txt,201,201,
2737744429.txt,75,66,exact ('bibliography')
2737744430.txt,111,99,exact ('references')
2737744431.txt,86,75,exact ('bibliography')
2737744432.txt,97,85,exact ('bibliography')
2737744433.txt,141,89,exact ('bibliography')
2737744434.txt,56,53,exact ('bibliography')
2737744435.txt,58,47,exact ('bibliography')
2737744438.txt,64,61,exact ('bibliography')
2737744439.txt,110,65,exact ('bibliography')
2737744442.txt,90,82,exact ('bibliography')
2737744446.txt,65,62,exact ('bibliography')
2737761909.txt,85,70,exact ('bibliography')
2737761910.txt,61,51,exact ('bibliography')
2737761917.txt,54,36,exact ('bibliography')
2737761920.txt,105,71,exact ('appendix')
2737761925.txt,73,55,exact ('references')
2737799925.txt,46,43,exact ('references')
2737834980.txt,81,64,exact ('references')
2737836039.txt,92,63,exact ('bibliography')
2737836298.txt,82,53,exact ('bibliography')
2737844785.txt,87,49,exact ('references')
2737844789.txt,57,47,exact ('references')
2737844790.txt,97,87,exact ('bibliography')
2737855314.txt,181,82,exact ('referencer')
2737855333.txt,54,40,exact ('references')
2737855341.txt,56,30,exact ('references')
2737855343.txt,64,51,exact ('references')
2737855344.txt,66,61,exact ('references')
2737855387.txt,69,65,exact ('bibliography')
2737855393.txt,146,137,exact ('references')
2737855396.txt,124,115,exact ('bibliography')
2737855400.txt,59,59,
2737855403.txt,68,53,exact ('bibliography')
2737855416.txt,95,73,exact ('bibliography')
2737855418.txt,114,111,exact ('bibliography')
2737855419.txt,64,61,exact ('references')
2737855426.txt,48,45,exact ('bibliography')
2737855440.txt,75,71,exact ('bibliography')
2737855443.txt,94,89,exact ('bibliography')
2737855446.txt,92,49,exact ('references')
2737855449.txt,93,78,exact ('bibliography')
2737855453.txt,95,95,
2737855471.txt,102,65,exact ('bibliography')
2737855493.txt,92,69,exact ('appendix')
2737855548.txt,88,67,exact ('bibliography')
2737855565.txt,78,73,exact ('bibliography')
2737855578.txt,84,63,exact ('bibliography')
2737855580.txt,83,74,exact ('bibliography')
2737855581.txt,90,65,exact ('references')
2737859059.txt,102,92,exact ('bibliography')
2737859060.txt,48,32,exact ('references')
2737859061.txt,93,63,exact ('appendix')
2737859063.txt,66,62,exact ('bibliography')
2737859065.txt,254,79,exact ('bibliography')
2737859066.txt,83,56,exact ('bibliography')
2737859067.txt,48,41,exact ('references')
2737859068.txt,31,24,exact ('works cited')
2737859069.txt,55,43,exact ('references')
2737859070.txt,190,115,exact ('references')
2737859072.txt,101,89,exact ('references')
2737859073.txt,69,55,exact ('references')
2737859074.txt,99,91,exact ('bibliography')
2737859075.txt,86,71,exact ('bibliography')
2737859077.txt,1,1,
2737859078.txt,64,56,exact ('bibliography')
2737859079.txt,80,79,exact ('references')
2737859080.txt,67,55,exact ('list of figures')
2737859084.txt,47,43,exact ('bibliography')
2737859085.txt,52,47,exact ('bibliography')
2737859086.txt,106,87,exact ('bibliography')
2737859088.txt,77,53,exact ('references')
2737859094.txt,120,105,title-page ('appendices')
2737859095.txt,102,83,exact ('bibliography')
2737859096.txt,55,51,exact ('bibliography')
2737859097.txt,83,67,prefix-match ('appendix a')
2737859099.txt,96,90,exact ('bibliography')
2737859103.txt,155,79,exact ('references')
2737859104.txt,163,125,prefix-match ('appendix - rail traffic')
2737859105.txt,97,70,exact ('references')
2737859106.txt,82,57,exact ('bibliography')
2737859107.txt,93,61,exact ('references')
2737859108.txt,69,61,prefix-match ('appendix a')
2737859109.txt,69,62,exact ('references')
2737859110.txt,90,75,exact ('bibliography')
2737859112.txt,47,34,exact ('list of figures')
2737859114.txt,117,112,exact ('bibliography')
2737859118.txt,67,61,exact ('references')
2737859119.txt,50,49,exact ('references')
2737859120.txt,51,48,exact ('bibliography')
2737859121.txt,137,111,exact ('bibliography')
2737859130.txt,64,48,exact ('bibliography')
2737905489.txt,78,60,prefix-match ('appendix a')
2737905493.txt,47,44,exact ('references')
2737905495.txt,45,43,exact ('references')
2737905496.txt,92,87,exact ('bibliography')
2737905497.txt,143,95,exact ('references')
2737905499.txt,72,69,exact ('bibliography')
2737905501.txt,67,63,exact ('references')
2737905503.txt,92,72,exact ('bibliography')
2737905507.txt,81,69,title-page ('appendix a')
2737905509.txt,138,109,exact ('bibliography')
2737905514.txt,99,58,exact ('references')
2737905517.txt,52,47,exact ('bibliography')
2737925869.txt,100,86,exact ('references')
2737925870.txt,17,14,exact ('references')
2737925874.txt,160,86,exact ('references')
2737925875.txt,81,67,exact ('bibliography')
2737925877.txt,78,63,exact ('list of figures')
2737925878.txt,58,45,exact ('bibliography')
2737925881.txt,138,103,exact ('references')
2737925883.txt,70,66,exact ('references')
2737925886.txt,57,53,prefix-match ('appendix a. stability definitions')
2737925887.txt,73,53,exact ('bibliography')
2737925889.txt,68,63,exact ('bibliography')
2737925891.txt,52,49,exact ('bibliography')
2737925894.txt,112,79,exact ('references')
2737925895.txt,88,77,exact ('bibliography')
2737925896.txt,83,79,exact ('references')
2737925897.txt,120,107,exact ('references')
2737925898.txt,76,55,exact ('bibliography')
2737949237.txt,96,77,exact ('bibliography')
2737949238.txt,53,44,exact ('bibliography')
2737949239.txt,116,89,exact ('bibliography')
2737949240.txt,58,55,exact ('bibliography')
2737949242.txt,58,54,exact ('references')
2737949243.txt,90,79,exact ('bibliography')
2737949244.txt,88,87,exact ('bibliography')
2737949245.txt,121,79,exact ('references')
2737983298.txt,99,95,exact ('bibliography')
2737983304.txt,42,36,exact ('bibliography')
2737983305.txt,74,69,exact ('bibliography')
2737983310.txt,67,55,exact ('bibliography')
2737992882.txt,106,75,exact ('bibliography')
2737992897.txt,122,68,exact ('bibliography')
2737992919.txt,167,41,exact ('references')
2737992920.txt,52,46,exact ('bibliography')
2737992922.txt,55,49,exact ('references')
2737992941.txt,86,43,exact ('bibliography')
2737992952.txt,98,95,exact ('bibliography')
2738034828.txt,104,66,exact ('bibliography')
2738034832.txt,111,91,prefix-match ('appendix a')
2738034840.txt,31,25,exact ('bibliography')
2738034853.txt,120,79,exact ('bibliography')
2738034878.txt,56,49,exact ('bibliography')
2738061163.txt,130,130,
2738061189.txt,61,58,exact ('bibliography')
2738061232.txt,94,80,exact ('bibliography')
2738061259.txt,76,74,prefix-match ('appendix a')
2738061267.txt,49,45,exact ('bibliography')
2738061272.txt,61,47,exact ('references')
2738061278.txt,63,46,exact ('references')
2738061365.txt,105,78,exact ('references')
2738061380.txt,79,73,exact ('bibliography')
2738078874.txt,86,67,exact ('bibliography')
2738078889.txt,127,108,exact ('bibliography')
2738078904.txt,76,68,exact ('bibliography')
2738078906.txt,82,67,exact ('bibliography')
2738078912.txt,90,84,exact ('list of figures')
2738078914.txt,106,87,exact ('bibliography')
2738078916.txt,36,34,exact ('bibliography')
2738079034.txt,50,47,exact ('references')
2738079070.txt,100,83,exact ('bibliography')
2738101698.txt,115,101,exact ('bibliography')
2738101708.txt,187,161,exact ('references')
2738101720.txt,105,77,exact ('references')
2738135723.txt,63,60,exact ('bibliography')
2738142738.txt,83,70,prefix-match ('appendix a')
2738142739.txt,42,40,exact ('references')
2738142740.txt,80,78,exact ('references')
2738142743.txt,76,69,exact ('bibliography')
2738142746.txt,89,61,exact ('bibliography')
2738142747.txt,56,49,exact ('bibliography')
2738142748.txt,82,67,exact ('bibliography')
2738142756.txt,51,48,exact ('references')
2738142763.txt,60,55,exact ('bibliography')
2738184679.txt,68,55,exact ('bibliography')
2738184683.txt,52,38,exact ('references')
2738184687.txt,86,56,exact ('appendix')
2738184689.txt,46,43,exact ('bibliography')
2738184692.txt,100,76,exact ('bibliography')
2738184696.txt,86,80,exact ('references')
2738184702.txt,41,37,exact ('appendix')
2738184715.txt,42,8,exact ('bibliography')
2738184731.txt,72,65,exact ('bibliography')
2738203052.txt,78,68,exact ('references')
2738203066.txt,96,81,exact ('bibliography')
2738203069.txt,71,70,exact ('bibliography')
2738203076.txt,63,50,exact ('bibliography')
2738203077.txt,84,81,exact ('bibliography')
2738217822.txt,136,120,exact ('references')
2738217825.txt,69,63,exact ('appendix')
2738217840.txt,68,55,title-page ('appendices')
2738217878.txt,122,109,exact ('bibliography')
2738217900.txt,114,114,
2738217911.txt,83,52,exact ('references')
2738217915.txt,89,85,exact ('references')
2738217949.txt,230,84,exact ('bibliography')
2738217962.txt,84,65,exact ('bibliography')
2738217972.txt,69,55,exact ('references')
2738217981.txt,70,70,exact ('references')
2738217990.txt,90,87,exact ('references')
2738218012.txt,74,67,exact ('references')
2738218024.txt,45,39,exact ('appendix')
2738218074.txt,61,60,exact ('references')
2738218194.txt,112,99,exact ('bibliography')
2738218209.txt,94,68,exact ('bibliography')
2738218276.txt,141,113,exact ('references')
2738218376.txt,90,71,exact ('bibliography')
2738218390.txt,99,70,exact ('bibliography')
2738218408.txt,97,61,exact ('references')
2738218415.txt,61,58,exact ('references')
2738245531.txt,47,42,exact ('bibliography')
2738245612.txt,83,66,exact ('references')
2738245662.txt,65,52,exact ('bibliography')
2738265943.txt,76,63,exact ('bibliography')
2738265944.txt,136,83,exact ('references')
2738265955.txt,63,48,exact ('bibliography')
2738265966.txt,105,97,exact ('appendix')
2738275878.txt,86,43,exact ('references')
2738275890.txt,72,69,exact ('bibliography')
2738284109.txt,71,66,exact ('references')
2738284110.txt,46,42,exact ('bibliography')
2738284112.txt,76,67,exact ('bibliography')
2738325023.txt,80,61,exact ('bibliography')
2738325082.txt,102,84,exact ('bibliography')
2738325100.txt,76,71,exact ('bibliography')
2738325132.txt,97,73,exact ('references')
2738325142.txt,92,77,title-page ('appendices')
2738325155.txt,70,51,exact ('references')
2738325177.txt,97,58,exact ('references')
2738325186.txt,118,113,title-page ('references')
2738325211.txt,58,51,exact ('bibliography')
2738325256.txt,68,41,exact ('bibliography')
2738325559.txt,208,131,exact ('references')
2738325567.txt,59,51,exact ('references')
2738325604.txt,325,91,exact ('references')
2738325610.txt,80,74,prefix-match ('appendix a')
2738325623.txt,74,65,exact ('bibliography')
2738343051.txt,124,68,exact ('bibliography')
2738343055.txt,54,45,exact ('bibliography')
2738343065.txt,99,70,exact ('bibliography')
2738343066.txt,93,71,exact ('bibliography')
2738343087.txt,57,57,
2738343091.txt,62,49,prefix-match ('appendix a')
2738355836.txt,92,71,exact ('bibliography')
2738355839.txt,112,89,exact ('list of figures')
2738355841.txt,70,65,exact ('bibliography')
2738355842.txt,64,60,exact ('bibliography')
2738355846.txt,46,38,exact ('references')
2738355856.txt,107,81,exact ('bibliography')
2738355870.txt,91,89,prefix-match ('appendix - house drawings')
2738355881.txt,54,48,exact ('bibliography')
2738355885.txt,39,24,exact ('bibliography')
2738355888.txt,69,65,exact ('bibliography')
2738355889.txt,95,71,exact ('bibliography')
2738355890.txt,41,24,exact ('bibliography')
2738355894.txt,71,60,exact ('references')
2738355916.txt,72,61,exact ('references')
2738355924.txt,87,74,exact ('bibliography')
2738355935.txt,137,109,exact ('bibliography')
2738355942.txt,82,79,exact ('bibliography')
2738355957.txt,55,49,exact ('references')
2738355965.txt,54,45,prefix-match ('appendix a. noise reduction with')
2738355983.txt,112,95,exact ('bibliography')
2738356009.txt,154,83,exact ('bibliography')
2738356015.txt,97,73,exact ('references')
2738356021.txt,57,53,exact ('bibliography')
2738356037.txt,125,88,exact ('bibliography')
2738356074.txt,54,51,exact ('bibliography')
2738371895.txt,102,100,exact ('references')
2738371939.txt,70,58,exact ('bibliography')
2738372018.txt,67,56,exact ('references')
2738372062.txt,68,12,exact ('list of figures')
2738372065.txt,106,64,exact ('appendix')
2738387862.txt,106,101,exact ('bibliography')
2738387887.txt,131,125,exact ('bibliography')
2738409213.txt,117,114,exact ('bibliography')
2738409251.txt,297,115,exact ('references')
2738409336.txt,99,67,exact ('bibliography')
2738416397.txt,51,36,exact ('bibliography')
2738416493.txt,214,129,exact ('bibliography')
2738416513.txt,63,55,exact ('references')
2738416517.txt,42,41,exact ('bibliography')
2738416525.txt,157,57,exact ('references')
2738416530.txt,62,57,exact ('bibliography')
2738459343.txt,72,58,exact ('references')
2738459349.txt,107,83,exact ('references')
2738459419.txt,200,102,exact ('bibliography')
2738459430.txt,51,44,exact ('bibliography')
2738459452.txt,45,43,exact ('bibliography')
2738459458.txt,94,66,exact ('references')
2738459475.txt,112,91,prefix-match ('appendix a')
2738489799.txt,56,45,exact ('bibliography')
2738490290.txt,41,35,exact ('appendix')
2738490348.txt,50,46,exact ('references')
2738490383.txt,46,42,exact ('references')
2738490576.txt,68,57,exact ('bibliography')
2738522459.txt,156,109,exact ('bibliography')
2738522513.txt,102,67,exact ('bibliography')
2738522522.txt,65,63,exact ('references')
2738522526.txt,74,67,exact ('bibliography')
2738522529.txt,77,48,exact ('bibliography')
2738522533.txt,40,37,exact ('bibliography')
2738522535.txt,65,49,exact ('bibliografi')
2738522543.txt,86,65,exact ('bibliography')
2738522545.txt,46,39,exact ('bibliography')
2738522546.txt,63,56,exact ('appendix')
2738544209.txt,112,101,exact ('references')
2738544692.txt,71,67,exact ('references')
2738544707.txt,89,56,exact ('appendix')
2738544794.txt,66,61,exact ('bibliography')
2738544796.txt,69,62,exact ('bibliography')
2738544797.txt,60,52,exact ('references')
2738544799.txt,199,142,prefix-match ('appendix a')
2738544800.txt,61,57,exact ('bibliography')
2738564535.txt,125,99,exact ('bibliography')
2738564536.txt,117,76,exact ('references')
2738564537.txt,52,41,exact ('references')
2738564538.txt,58,55,exact ('bibliography')
2738564546.txt,63,23,exact ('bibliography')
2738564582.txt,100,85,exact ('references')
2738564586.txt,80,65,exact ('bibliography')
2738564610.txt,83,62,exact ('references')
2738564630.txt,21,20,exact ('bibliography')
2738564655.txt,92,87,exact ('bibliography')
2738564657.txt,76,67,exact ('bibliography')
2738564662.txt,64,51,exact ('bibliography')
2738564664.txt,88,87,exact ('bibliography')
2738564694.txt,72,55,exact ('bibliography')
2738564707.txt,88,84,exact ('bibliography')
2738564716.txt,86,68,exact ('references')
2738564718.txt,36,35,exact ('bibliography')
2738564725.txt,143,129,exact ('appendix')
2738587504.txt,171,100,exact ('bibliography')
2738587514.txt,37,35,exact ('bibliography')
2738587539.txt,96,87,exact ('bibliography')
2738587557.txt,99,86,title-page ('appendix')
2738587567.txt,71,69,exact ('bibliography')
2738587608.txt,60,57,exact ('bibliography')
2738587618.txt,51,50,exact ('bibliography')
2738587656.txt,135,106,exact ('references')
2738595145.txt,142,131,prefix-match ('appendix a')
2738595147.txt,43,41,exact ('bibliography')
2738595148.txt,50,45,exact ('bibliography')
2738595151.txt,51,42,exact ('references')
2738605948.txt,74,53,exact ('bibliography')
2738605951.txt,52,52,
2738605988.txt,57,44,exact ('bibliography')
2738606101.txt,50,40,exact ('bibliography')
2738635776.txt,88,65,exact ('bibliography')
2738635835.txt,99,76,exact ('bibliography')
2738635842.txt,78,62,prefix-match ('appendix a: matlab codes')
2738635878.txt,140,83,exact ('bibliography')
2738635900.txt,52,47,exact ('bibliography')
2738635930.txt,42,39,exact ('bibliography')
2738703686.txt,82,40,exact ('bibliography')
2738703694.txt,56,49,exact ('list of figures')
2738703844.txt,403,106,exact ('bibliography')
2738703984.txt,75,65,exact ('references')
2738704038.txt,66,54,title-page ('appendix a')
2738704294.txt,98,63,exact ('bibliography')
2738887858.txt,80,57,exact ('bibliography')
2738887859.txt,1,1,
2738887954.txt,76,72,exact ('references')
2738889036.txt,80,61,exact ('bibliography')
2738905776.txt,74,64,exact ('bibliography')
2738905784.txt,51,49,exact ('bibliography')
2738927058.txt,107,67,exact ('bibliography')
2738927062.txt,78,73,exact ('bibliography')
2738927065.txt,103,75,exact ('references')
2738972440.txt,62,57,prefix-match ('appendix a')
2738972442.txt,104,78,exact ('bibliography')
2738972850.txt,136,94,exact ('bibliography')
2738973112.txt,131,113,exact ('bibliography')
2738973151.txt,83,79,exact ('bibliography')
2738973155.txt,90,75,exact ('bibliography')
2738973158.txt,70,69,exact ('references')
2738973162.txt,102,89,exact ('appendix')
2738973164.txt,54,38,exact ('bibliography')
2738996652.txt,46,40,exact ('bibliography')
2738996654.txt,50,44,exact ('references')
2738996655.txt,58,39,exact ('bibliography')
2738996659.txt,88,67,exact ('bibliography')
2738996661.txt,110,106,exact ('bibliography')
2739011943.txt,123,81,exact ('references')
2739011944.txt,87,69,exact ('references')
2739012018.txt,154,125,exact ('bibliography')
2739012116.txt,51,37,exact ('appendix')
2739012223.txt,90,73,exact ('bibliography')
2739012354.txt,72,64,exact ('bibliography')
2739012413.txt,59,49,exact ('bibliography')
2739012569.txt,90,75,exact ('bibliography')
2739031247.txt,117,95,exact ('appendix')
2739031274.txt,87,71,exact ('references')
2739031284.txt,37,33,exact ('appendix')
2739049223.txt,74,61,exact ('bibliography')
2739049226.txt,87,76,exact ('appendix')
2739049235.txt,52,43,exact ('references')
2739063421.txt,79,75,exact ('bibliography')
2739063486.txt,94,88,exact ('bibliography')
2739063493.txt,78,51,exact ('bibliography')
2739068725.txt,98,62,exact ('references')
2739068747.txt,50,46,exact ('appendix')
2739111519.txt,231,231,
2739111523.txt,107,75,exact ('bibliography')
2739111528.txt,57,51,exact ('bibliography')
2739136947.txt,82,79,exact ('bibliography')
2739137000.txt,113,109,exact ('bibliography')
2739154323.txt,143,88,exact ('bibliography')
2739154417.txt,69,49,exact ('bibliography')
2739154591.txt,62,59,exact ('bibliography')
2739154700.txt,83,77,exact ('bibliography')
2739176349.txt,80,57,exact ('bibliography')
2739176540.txt,67,55,exact ('references')
2739188833.txt,128,99,exact ('bibliography')
2739188834.txt,120,80,exact ('references')
2739188845.txt,74,62,exact ('bibliography')
2739199154.txt,77,41,exact ('bibliography')
2739199159.txt,81,74,exact ('bibliography')
2739199164.txt,79,75,exact ('references')
2739199168.txt,64,61,exact ('bibliography')
2739199169.txt,130,69,exact ('bibliography')
2739199194.txt,80,65,exact ('bibliography')
2739199212.txt,123,88,exact ('references')
2739204759.txt,64,59,exact ('bibliography')
2739204762.txt,64,61,exact ('bibliography')
2739204764.txt,79,71,exact ('references')
2739250152.txt,69,62,exact ('bibliography')
2739276402.txt,102,81,exact ('bibliography')
2739276774.txt,124,83,prefix-match ('appendix a-supplementary figures and tables')
2739276806.txt,78,73,exact ('bibliography')
2739316976.txt,37,27,exact ('bibliography')
2739316977.txt,111,79,exact ('bibliography')
2739316994.txt,60,57,exact ('bibliography')
2739317014.txt,112,82,exact ('bibliography')
2739317018.txt,53,34,exact ('references')
2739317024.txt,72,62,exact ('appendix')
2739317036.txt,43,42,exact ('bibliography')
2739317060.txt,117,55,exact ('references')
2739352975.txt,54,48,exact ('bibliography')
2739352979.txt,114,107,exact ('bibliography')
2739380291.txt,142,66,exact ('referencer')
2739380305.txt,122,109,exact ('bibliography')
2739399209.txt,47,46,exact ('bibliography')
2739399234.txt,88,80,exact ('bibliography')
2739399244.txt,76,59,exact ('bibliography')
2739399259.txt,106,50,exact ('bibliography')
2739399274.txt,55,48,prefix-match ('bibliography and references')
2739448720.txt,104,93,prefix-match ('appendix a')
2739448730.txt,88,83,exact ('bibliography')
2739448737.txt,99,82,exact ('references')
2739448782.txt,56,51,exact ('bibliography')
2739476352.txt,94,69,exact ('bibliography')
2739476374.txt,80,66,title-page ('appendices')
2739476381.txt,51,8,exact ('list of figures')
2739495974.txt,85,57,exact ('references')
2739528454.txt,60,58,exact ('references')
2739528455.txt,86,77,exact ('references')
2739542724.txt,61,60,exact ('references')
2739552295.txt,82,82,
2739552376.txt,137,95,exact ('bibliography')
2739552388.txt,55,43,exact ('bibliography')
2739600995.txt,114,93,exact ('bibliography')
2739624390.txt,71,62,exact ('references')
2739624394.txt,57,47,exact ('bibliography')
2739656626.txt,124,79,exact ('bibliography')
2739656849.txt,65,50,exact ('bibliography')
2739670880.txt,131,119,exact ('references')
2739670881.txt,132,106,exact ('references')
2739670893.txt,62,61,exact ('references')
2739678431.txt,53,46,exact ('reference list')
2739678436.txt,60,48,exact ('list of figures')
2739685611.txt,68,65,exact ('bibliography')
2739717075.txt,46,40,exact ('appendix')
2739746886.txt,82,80,exact ('bibliography')
2739746890.txt,75,61,exact ('references')
2739746899.txt,52,31,exact ('bibliography')
2739761291.txt,78,67,exact ('bibliography')
2739844679.txt,137,98,exact ('references')
2739844691.txt,94,79,exact ('bibliography')
2739844747.txt,153,153,
2739844807.txt,32,27,title-page ('appendices')
2739844948.txt,114,101,exact ('bibliography')
2740103589.txt,250,131,exact ('appendix')
2740118042.txt,55,54,exact ('bibliography')
2740134598.txt,56,45,exact ('references')
2740134611.txt,64,61,exact ('bibliography')
2740134697.txt,96,71,exact ('references')
2740134720.txt,93,67,exact ('bibliography')
2740134769.txt,89,81,exact ('references')
2740208794.txt,60,48,title-page ('appendices')
2740234331.txt,110,79,exact ('list of figures')
2740248811.txt,30,23,exact ('references')
2740268494.txt,100,87,exact ('bibliography')
2740268495.txt,75,70,prefix-match ('appendix-supporting information')
2740303116.txt,55,43,exact ('references')
2740351576.txt,26,24,exact ('references')
2740383838.txt,61,38,exact ('references')
2749358005.txt,89,76,exact ('bibliography')
2749358729.txt,96,73,exact ('bibliography')
2787991376.txt,38,36,exact ('bibliography')
2787991380.txt,81,69,exact ('bibliography')
2852714814.txt,75,66,exact ('references')
2852891473.txt,85,30,exact ('litteraturliste')
2852942373.txt,121,107,exact ('bibliography')
2852964325.txt,72,63,exact ('bibliography')
2852964326.txt,51,49,exact ('references')
2853052615.txt,67,52,exact ('references')
2853052616.txt,144,134,exact ('references')
2853104369.txt,62,47,exact ('bibliography')
2853181499.txt,72,72,exact ('references')
2853242609.txt,78,73,exact ('bibliography')
2853953957.txt,47,44,exact ('references')
2854137640.txt,62,57,exact ('bibliography')
2854137641.txt,80,73,exact ('references')
2854137643.txt,68,65,exact ('references')
2854137646.txt,23,5,exact ('bibliography')
2854184143.txt,70,63,exact ('bibliography')
2854220536.txt,28,23,exact ('bibliography')
2854223563.txt,80,76,exact ('bibliography')
2854339297.txt,56,51,exact ('bibliography')
2854357594.txt,79,12,exact ('list of tables')
2854365794.txt,170,63,exact ('references')
2854373788.txt,147,114,exact ('bibliography')
2854373924.txt,57,51,exact ('references')
2854596805.txt,84,77,exact ('bibliography')
2855124167.txt,75,59,exact ('bibliography')
2855124287.txt,62,41,exact ('bibliography')
2856290685.txt,64,62,exact ('litteratur')
2856290689.txt,31,25,exact ('bibliography')
2856546429.txt,95,73,exact ('bibliography')
2856546437.txt,55,53,exact ('references')
2856838128.txt,37,17,exact ('bibliography')
2856861409.txt,90,48,"prefix-match ('appendix 6.2, we find that')"
2856861411.txt,82,66,title-page ('appendices')
2856861413.txt,105,88,exact ('references')
2856861421.txt,100,69,exact ('appendix')
2856861432.txt,91,83,exact ('bibliography')
2856861450.txt,106,61,exact ('bibliography')
2856861462.txt,98,78,exact ('references')
2856861525.txt,97,69,exact ('references')
2856861553.txt,120,105,exact ('bibliography')
2856861580.txt,76,67,exact ('bibliography')
2856861654.txt,100,77,exact ('references')
2856861751.txt,78,70,prefix-match ('appendix a')
2856861780.txt,68,55,title-page ('appendix a')
2856861908.txt,95,92,exact ('references')
2856861930.txt,130,106,exact ('bibliography')
2856861958.txt,31,30,exact ('references')
2856878410.txt,35,30,exact ('references')
2856878416.txt,52,49,exact ('bibliography')
2856878427.txt,135,73,exact ('bibliography')
2856878437.txt,65,54,exact ('bibliography')
2856878450.txt,93,59,exact ('bibliography')
2856878463.txt,70,56,exact ('references')
2857482428.txt,118,61,exact ('bibliography')
2857482438.txt,69,57,exact ('bibliography')
2857482456.txt,63,60,exact ('bibliography')
2857482474.txt,65,57,exact ('bibliography')
2863113908.txt,121,117,exact ('references')
2863114772.txt,93,51,exact ('references')
2866596112.txt,116,77,exact ('bibliography')
2867815068.txt,90,79,title-page ('references')
2867901202.txt,78,78,
2867901209.txt,126,122,exact ('bibliography')
2867901210.txt,158,109,exact ('bibliography')
2867910918.txt,98,69,exact ('bibliography')
2867910947.txt,68,59,exact ('bibliography')
2867993705.txt,124,97,exact ('bibliography')
2868035577.txt,84,81,exact ('references')
2868126147.txt,111,101,exact ('bibliography')
2868126158.txt,134,109,exact ('bibliography')
2868126163.txt,65,50,exact ('bibliography')
2868255922.txt,103,99,exact ('bibliography')
2868255924.txt,125,90,exact ('references')
2868294145.txt,72,69,exact ('bibliography')
2868294694.txt,414,146,exact ('bibliography')
2868294757.txt,126,104,exact ('bibliography')
2868294876.txt,122,120,exact ('references')
2868294946.txt,71,56,exact ('references')
2868294977.txt,94,72,exact ('bibliography')
2868295057.txt,72,62,exact ('bibliography')
2868295118.txt,78,72,exact ('bibliography')
2868295195.txt,73,54,prefix-match ('appendix a')
2868295212.txt,76,60,exact ('appendix')
2868295221.txt,52,49,exact ('bibliography')
2868295236.txt,80,61,exact ('bibliography')
2868295275.txt,68,56,exact ('bibliography')
2868295361.txt,121,79,title-page ('appendices')
2868332208.txt,150,110,exact ('references')
2868332227.txt,140,90,exact ('references')
2868332755.txt,115,79,exact ('bibliography')
2868332797.txt,93,83,exact ('bibliography')
2868333002.txt,163,94,exact ('bibliography')
2868333021.txt,95,66,exact ('references')
2868333038.txt,74,56,exact ('references')
2868333047.txt,94,87,exact ('bibliography')
2868333058.txt,132,122,exact ('bibliography')
2868333109.txt,124,85,exact ('bibliography')
2868333127.txt,77,76,exact ('references')
2868333128.txt,68,59,exact ('bibliography')
2868333131.txt,202,82,exact ('references')
2868333158.txt,167,92,exact ('bibliography')
2868333164.txt,48,48,
2868333167.txt,73,69,exact ('references')
2868333174.txt,21,20,exact ('references')
2868333182.txt,129,105,exact ('bibliography')
2868333186.txt,64,54,exact ('references')
2868333190.txt,53,41,exact ('bibliography')
2868333191.txt,109,81,exact ('references')
2868333192.txt,126,70,prefix-match ('appendix a')
2868333194.txt,44,41,exact ('bibliography')
2868333195.txt,34,32,exact ('bibliography')
2868333197.txt,96,63,title-page ('appendices')
2868333203.txt,247,90,exact ('references')
2868333209.txt,75,54,exact ('references')
2868333223.txt,88,81,exact ('bibliography')
2868333228.txt,74,69,exact ('bibliography')
2868333229.txt,78,60,exact ('references')
2868333231.txt,78,63,exact ('bibliography')
2868351803.txt,32,25,exact ('references')
2868351805.txt,137,104,exact ('bibliography')
2868370883.txt,88,75,exact ('bibliography')
2868385737.txt,82,58,exact ('references')
2868385738.txt,34,30,exact ('bibliography')
2868385765.txt,50,42,exact ('bibliography')
2868397133.txt,124,105,exact ('bibliography')
2868397142.txt,89,71,exact ('references')
2868397191.txt,128,101,exact ('references')
2868397201.txt,74,57,exact ('bibliography')
2868397207.txt,78,75,exact ('bibliography')
2868406239.txt,194,119,prefix-match ('appendix a')
2868406251.txt,208,113,exact ('bibliography')
2868406273.txt,211,93,exact ('bibliography')
2868406279.txt,86,77,exact ('bibliography')
2868406288.txt,114,96,exact ('references')
2868406293.txt,188,115,exact ('bibliography')
2868406304.txt,99,75,exact ('bibliography')
2868406312.txt,127,106,exact ('references')
2868406315.txt,61,54,exact ('references')
2868406325.txt,47,44,exact ('references')
2868406330.txt,56,53,exact ('bibliography')
2868448244.txt,72,51,exact ('bibliography')
2868448255.txt,86,75,title-page ('appendix a')
2868448269.txt,68,61,exact ('bibliography')
2868448287.txt,90,72,exact ('references')
2868448340.txt,64,46,exact ('references')
2868448456.txt,136,98,exact ('bibliography')
2868448471.txt,62,49,exact ('bibliography')
2868448509.txt,66,46,exact ('bibliography')
2868448570.txt,118,89,exact ('bibliography')
2868448592.txt,107,77,exact ('references')
2868448608.txt,54,53,exact ('references')
2868448664.txt,48,32,exact ('references')
2868448689.txt,113,86,exact ('references')
2868448783.txt,134,69,exact ('bibliography')
2868448831.txt,59,47,exact ('references')
2868448855.txt,110,73,exact ('references')
2868448874.txt,130,79,exact ('bibliography')
2868448900.txt,217,196,title-page ('bibliography')
2868449005.txt,142,110,exact ('bibliography')
2868449055.txt,165,150,exact ('references')
2868449105.txt,104,95,exact ('bibliography')
2868449107.txt,56,53,exact ('references')
2868477462.txt,54,39,exact ('bibliography')
2868477962.txt,59,51,exact ('references')
2868478078.txt,91,82,exact ('bibliography')
2868478124.txt,92,64,exact ('bibliography')
2868478223.txt,66,45,exact ('bibliography')
2868478579.txt,72,61,exact ('appendix')
2868478681.txt,94,81,exact ('references')
2868479417.txt,115,88,exact ('bibliography')
2868479471.txt,59,49,exact ('references')
2868480388.txt,67,65,exact ('bibliography')
2868480730.txt,68,51,exact ('bibliography')
2868480795.txt,95,76,exact ('references')
2868480836.txt,86,65,exact ('bibliography')
2868481337.txt,448,150,exact ('bibliography')
2868481521.txt,74,67,exact ('bibliography')
2868481644.txt,76,55,exact ('bibliography')
2868481936.txt,115,51,exact ('references')
2868481940.txt,38,29,exact ('bibliography')
2868481947.txt,116,97,exact ('bibliography')
2868481960.txt,94,62,exact ('bibliography')
2868481961.txt,107,72,exact ('references')
2868481967.txt,13,12,exact ('references')
2868481968.txt,44,41,exact ('bibliography')
2868481970.txt,78,73,exact ('bibliography')
2868481972.txt,46,38,exact ('bibliography')
2868481976.txt,98,89,exact ('bibliography')
2868481980.txt,128,121,exact ('bibliography')
2868481982.txt,101,68,exact ('bibliography')
2868481984.txt,73,59,exact ('bibliography')
2868481990.txt,177,177,
2868481995.txt,67,57,exact ('bibliography')
2868500372.txt,121,108,exact ('references')
2868501157.txt,66,58,exact ('bibliography')
2868548107.txt,122,95,exact ('bibliography')
2868548133.txt,70,53,exact ('bibliography')
2868599457.txt,67,59,prefix-match ('appendix a')
2868599469.txt,73,59,exact ('bibliography')
2868676637.txt,58,53,exact ('references')
2868801605.txt,50,41,exact ('bibliography')
2868927178.txt,130,99,exact ('bibliography')
2868927193.txt,134,130,prefix-match ('appendix 4 - project descriptions')
2868927210.txt,68,59,exact ('bibliography')
2868927222.txt,74,59,exact ('bibliography')
2868927233.txt,131,81,exact ('bibliography')
2868927284.txt,140,121,exact ('bibliography')
2868927294.txt,100,87,exact ('bibliography')
2868927308.txt,96,81,exact ('bibliography')
2868927319.txt,63,34,exact ('bibliography')
2868927344.txt,78,71,exact ('bibliography')
2868927387.txt,55,41,exact ('bibliography')
2868927437.txt,104,95,exact ('bibliography')
2868927471.txt,75,57,exact ('bibliography')
2868927508.txt,66,47,exact ('bibliography')
2868927522.txt,67,43,exact ('references')
2869087702.txt,130,105,exact ('bibliography')
2869087740.txt,132,105,exact ('references')
2869087790.txt,173,112,exact ('references')
2869087795.txt,80,71,exact ('bibliography')
2869087806.txt,88,83,exact ('bibliography')
2869087875.txt,94,76,exact ('bibliography')
2869087893.txt,136,99,exact ('bibliography')
2869087910.txt,92,88,exact ('references')
2869088121.txt,89,79,exact ('bibliography')
2869185267.txt,68,59,prefix-match ('appendix a')
2869185393.txt,52,50,prefix-match ('appendixa')
2869307095.txt,142,123,exact ('bibliography')
2869307098.txt,36,24,exact ('bibliography')
2869371582.txt,74,58,exact ('bibliography')
2869415868.txt,122,93,exact ('bibliography')
2869492271.txt,111,92,exact ('bibliography')
2869492273.txt,57,48,exact ('references')
2869492276.txt,146,109,title-page ('references')
2869492281.txt,66,51,exact ('bibliography')
2869492401.txt,57,38,exact ('references')
2869609573.txt,70,50,exact ('bibliography')
2869609749.txt,79,59,exact ('bibliography')
2869609828.txt,68,65,exact ('bibliography')
2869610014.txt,70,50,exact ('bibliography')
2869610066.txt,85,71,exact ('references')
2869610101.txt,62,50,exact ('references')
2869610351.txt,46,33,exact ('references')
2869610575.txt,72,61,exact ('bibliography')
2869610765.txt,23,5,exact ('bibliography')
2869610825.txt,124,89,prefix-match ('appendix a')
2869610865.txt,72,50,exact ('references')
2869610924.txt,96,84,exact ('bibliography')
2869610968.txt,104,92,exact ('bibliography')
2869611058.txt,104,95,prefix-match ('appendix a')
2869611109.txt,44,43,exact ('bibliography')
2869611148.txt,61,54,prefix-match ('appendix a')
2869611173.txt,60,54,exact ('appendix')
2869611243.txt,84,32,exact ('bibliography')
2869611250.txt,73,55,exact ('bibliography')
2869611253.txt,64,63,exact ('references')
2869611255.txt,117,103,exact ('references')
2869611287.txt,112,58,exact ('references')
2869675364.txt,44,39,exact ('appendix')
2869675371.txt,86,69,exact ('bibliography')
2869675400.txt,73,47,exact ('bibliography')
2869675561.txt,124,97,exact ('bibliography')
2869675610.txt,120,33,exact ('references')
2869675618.txt,29,28,exact ('references')
2869675775.txt,67,55,exact ('bibliography')
2869675827.txt,122,99,exact ('appendix')
2869694934.txt,100,78,exact ('bibliography')
2869723397.txt,63,57,exact ('references')
2869723440.txt,124,74,exact ('bibliography')
2869723457.txt,77,57,exact ('bibliography')
2869723480.txt,50,46,prefix-match ('appendix a')
2869723512.txt,67,63,exact ('references')
2869723722.txt,67,46,exact ('references')
2869723735.txt,51,48,exact ('bibliography')
2869723781.txt,74,58,exact ('bibliography')
2869723879.txt,66,55,exact ('bibliography')
2869723929.txt,70,53,exact ('bibliography')
2869724137.txt,92,77,exact ('bibliography')
2869882023.txt,75,66,exact ('references')
2869882092.txt,113,76,prefix-match ('appendix a')
2869882180.txt,70,51,exact ('references')
2869882195.txt,54,53,exact ('references')
2869882197.txt,81,58,exact ('bibliography')
2869882204.txt,61,59,exact ('references')
2869882212.txt,247,147,exact ('bibliography')
2869882216.txt,77,76,exact ('bibliography')
2869882220.txt,67,55,exact ('references')
2869882221.txt,119,96,title-page ('appendix')
2869882227.txt,114,92,exact ('appendix')
2869913249.txt,69,67,exact ('bibliography')
2869913304.txt,66,59,exact ('bibliography')
2869913426.txt,86,63,exact ('bibliography')
2869913464.txt,96,91,exact ('list of figures')
2869934849.txt,60,57,exact ('bibliography')
2869953425.txt,137,105,exact ('references')
2869953459.txt,88,67,exact ('references')
2869953468.txt,36,32,exact ('references')
2869953485.txt,75,71,exact ('appendix')
2869953503.txt,99,82,exact ('bibliography')
2869953516.txt,73,57,exact ('bibliography')
2869953600.txt,162,130,prefix-match ('appendix d - data analysis')
2869953620.txt,52,50,exact ('references')
2869953647.txt,99,70,exact ('bibliography')
2869953671.txt,66,51,exact ('bibliography')
2869953687.txt,56,52,exact ('bibliography')
2869966178.txt,86,79,exact ('bibliography')
2869966320.txt,65,58,exact ('references')
2869969705.txt,101,87,exact ('references')
2869969706.txt,54,45,exact ('references')
2869969709.txt,180,117,exact ('bibliography')
2869969710.txt,81,66,exact ('references')
2869969711.txt,222,111,exact ('bibliography')
2869969712.txt,71,58,exact ('bibliography')
2869969715.txt,56,52,exact ('bibliography')
2869969716.txt,83,71,exact ('appendix')
2869969717.txt,59,56,exact ('bibliography')
2869969718.txt,81,76,exact ('bibliography')
2869969720.txt,34,31,exact ('bibliography')
2870003875.txt,56,43,exact ('appendices')
2870003876.txt,65,51,exact ('references')
2870003877.txt,84,84,
2870003879.txt,68,61,exact ('bibliography')
2870003881.txt,86,65,exact ('bibliography')
2870003882.txt,83,64,exact ('references')
2870003883.txt,72,54,exact ('bibliography')
2870003884.txt,90,72,exact ('bibliography')
2870003885.txt,78,69,exact ('bibliography')
2870003886.txt,81,69,exact ('list of figures')
2870003887.txt,43,37,exact ('references')
2870003888.txt,70,65,exact ('bibliography')
2870003889.txt,212,96,exact ('references')
2870003890.txt,78,76,prefix-match ('appendix a. scia 2025 article')
2870003892.txt,148,137,exact ('bibliography')
2870003893.txt,64,51,exact ('bibliography')
2870003894.txt,45,38,exact ('references')
2870003895.txt,97,77,exact ('appendix')
2870028544.txt,91,66,exact ('bibliography')
2870028559.txt,83,61,exact ('bibliography')
2870028571.txt,140,119,exact ('bibliography')
2870028586.txt,58,58,
2870028601.txt,89,78,exact ('references')
2870028609.txt,76,61,exact ('references')
2870028617.txt,80,62,exact ('bibliography')
2870028619.txt,67,59,exact ('appendix')
2870028620.txt,47,41,exact ('appendix')
2870028626.txt,79,62,exact ('references')
2870028628.txt,79,73,prefix-match ('appendix a')
2870028632.txt,64,51,exact ('bibliography')
2870028648.txt,88,85,exact ('bibliography')
2870028650.txt,72,58,exact ('bibliography')
2870028653.txt,138,89,exact ('appendix')
2870028657.txt,78,63,exact ('bibliography')
2870028661.txt,129,112,prefix-match ('appendix 3: linked to figure 15')
2870028689.txt,79,59,exact ('references')
2870042345.txt,50,43,exact ('references')
2870042507.txt,86,83,exact ('bibliography')
2870042655.txt,71,62,exact ('references')
2870042712.txt,72,69,exact ('bibliography')
2870042722.txt,67,50,exact ('bibliography')
2870042723.txt,47,41,exact ('references')
2870075927.txt,89,68,exact ('bibliography')
2870075937.txt,107,91,exact ('bibliography')
2870075956.txt,84,58,exact ('bibliography')
2870076165.txt,187,79,exact ('bibliography')
2870076175.txt,62,55,exact ('bibliography')
2870076186.txt,67,52,exact ('bibliography')
2870103304.txt,18,13,exact ('appendix')
2870177490.txt,86,79,exact ('references')
2870200684.txt,72,36,exact ('references')
2870200687.txt,85,75,exact ('references')
2870200711.txt,69,65,exact ('references')
2870200727.txt,64,54,exact ('references')
2870200770.txt,100,83,exact ('bibliography')
2870200778.txt,62,51,exact ('list of figures')
2870200787.txt,88,68,exact ('bibliography')
2870200788.txt,128,115,exact ('bibliography')
2870200790.txt,67,62,exact ('references')
2870214590.txt,120,101,exact ('bibliography')
2870214603.txt,110,83,prefix-match ('litterature')
2870214648.txt,75,70,exact ('references')
2870214666.txt,88,80,prefix-match ('appendixa')
2870232912.txt,102,81,exact ('bibliography')
2870246286.txt,78,73,exact ('bibliography')
2870246288.txt,93,81,title-page ('appendix')
2870312516.txt,110,81,exact ('bibliography')
2870336053.txt,86,71,exact ('bibliography')
2870336064.txt,72,63,exact ('bibliography')
2870336073.txt,131,108,exact ('references')
2870336150.txt,56,51,exact ('bibliography')
2870336225.txt,112,106,exact ('bibliography')
2870336262.txt,90,57,prefix-match ('appendix a - bessel and legendre')
2870375529.txt,71,67,exact ('bibliography')
2870389680.txt,154,77,exact ('bibliography')
2870389682.txt,58,50,exact ('bibliography')
2870389683.txt,57,47,exact ('list of figures')
2870389686.txt,119,113,exact ('references')
2870389687.txt,39,32,exact ('bibliography')
2870411362.txt,68,47,exact ('bibliography')
2870415429.txt,114,91,prefix-match ('appendix c')
2870415430.txt,49,34,exact ('references')
2870453707.txt,86,64,exact ('bibliography')
2870453717.txt,70,51,exact ('references')
2870482070.txt,56,42,exact ('bibliography')
2870494197.txt,75,64,exact ('bibliography')
2870494233.txt,102,70,prefix-match ('appendix a')
2870494251.txt,36,33,exact ('references')
2870494273.txt,78,69,exact ('bibliography')
2870494319.txt,144,91,exact ('references')
2870494333.txt,58,53,exact ('bibliography')
2870555988.txt,104,57,exact ('referencer')
2870561809.txt,84,71,exact ('bibliography')
2870561824.txt,112,99,exact ('bibliography')
2870595351.txt,135,116,exact ('references')
2870613107.txt,82,71,exact ('bibliography')
2870613113.txt,34,33,exact ('bibliography')
2870613123.txt,60,48,exact ('references')
2870613134.txt,83,71,exact ('list of figures')
2870613149.txt,68,63,exact ('bibliography')
2870613156.txt,68,57,exact ('bibliography')
2870613165.txt,97,97,
2870670352.txt,128,107,exact ('bibliography')
2870670359.txt,51,10,exact ('list of figures')
2870670378.txt,80,74,exact ('list of figures')
2870670448.txt,123,123,
2870670460.txt,82,75,exact ('bibliography')
2870670472.txt,48,41,exact ('bibliography')
2870682219.txt,61,55,exact ('bibliography')
2870712804.txt,78,71,exact ('list of figures')
2870712807.txt,103,93,exact ('bibliography')
2870712810.txt,145,119,exact ('bibliography')
2870753998.txt,42,36,exact ('references')
2870754001.txt,58,51,exact ('bibliography')
2870780004.txt,154,68,prefix-match ('appendix a')
2870795571.txt,59,44,exact ('bibliography')
2870795653.txt,71,50,exact ('references')
2870826738.txt,46,34,exact ('bibliography')
2870848771.txt,101,80,exact ('references')
2870857744.txt,53,50,exact ('references')
2870857975.txt,111,89,exact ('appendix')
2870857987.txt,86,85,exact ('bibliography')
2870921221.txt,87,82,exact ('bibliography')
2870921540.txt,194,95,exact ('bibliography')
2870971676.txt,141,81,exact ('bibliography')
2871032477.txt,99,80,exact ('bibliography')
2871032482.txt,62,57,exact ('bibliography')
2871032489.txt,70,65,exact ('bibliography')
2871053216.txt,57,55,exact ('bibliography')
2871071348.txt,40,38,exact ('references')
2871090447.txt,70,35,exact ('bibliography')
2871120758.txt,110,71,prefix-match ('litteraturliste og kilder')
2871192775.txt,92,38,exact ('bibliography')
2871192776.txt,146,80,exact ('bibliography')
2871228064.txt,70,68,exact ('bibliography')
2871246710.txt,64,54,exact ('bibliography')
2871246716.txt,80,64,exact ('bibliography')
2871260901.txt,134,65,exact ('references')
2871295756.txt,58,51,exact ('bibliography')
2871295758.txt,72,59,exact ('appendix')
2871295760.txt,86,77,exact ('bibliography')
2871302310.txt,84,61,exact ('references')
2871302329.txt,102,83,title-page ('appendices')
2871372780.txt,72,64,exact ('bibliography')
2871477060.txt,362,249,exact ('bibliography')
2871579259.txt,57,49,exact ('bibliography')
2871579263.txt,52,46,exact ('references')
2871618352.txt,100,89,exact ('bibliography')
2871635181.txt,60,51,exact ('bibliography')
2871681457.txt,70,61,exact ('bibliography')
2871713481.txt,83,38,exact ('bibliography')
2871731581.txt,111,75,prefix-match ('appendix a – contextualization')
2871731583.txt,79,74,exact ('bibliography')
2871731750.txt,123,75,exact ('references')
2871778275.txt,69,57,exact ('references')
2871796237.txt,76,72,exact ('bibliography')
2871865138.txt,62,59,exact ('bibliography')
2871898009.txt,46,40,exact ('bibliography')
2872046936.txt,49,45,exact ('references')
2872047166.txt,100,89,exact ('bibliography')
2872047808.txt,42,39,exact ('references')
2872068805.txt,65,61,exact ('bibliography')
2872068874.txt,51,48,exact ('bibliography')
2872068907.txt,71,57,exact ('bibliography')
2872068966.txt,55,52,exact ('bibliography')
2872128875.txt,98,89,exact ('bibliography')
2872134638.txt,78,65,exact ('appendix')
2872134640.txt,67,60,exact ('references')
2872134641.txt,85,43,exact ('bibliography')
2872134642.txt,83,60,exact ('bibliography')
2872134643.txt,55,48,exact ('references')
2872134645.txt,96,81,exact ('bibliography')
2872134646.txt,66,63,exact ('bibliography')
2872134647.txt,66,55,exact ('bibliography')
2872134648.txt,64,56,exact ('bibliography')
2872134649.txt,84,75,exact ('bibliography')
2872134650.txt,82,71,title-page ('appendix a')
2872134651.txt,38,37,exact ('references')
2872134652.txt,63,61,exact ('references')
2872134653.txt,54,52,exact ('bibliography')
2872134654.txt,81,73,exact ('bibliography')
2872134656.txt,46,36,exact ('references')
2872184958.txt,106,83,exact ('list of figures')
2872207363.txt,84,59,exact ('bibliography')
2872227330.txt,80,65,exact ('bibliography')
2872247866.txt,61,56,exact ('bibliography')
2872247907.txt,80,71,exact ('bibliography')
2872264615.txt,132,77,exact ('references')
2872276016.txt,70,63,exact ('appendix')
2872276058.txt,96,79,exact ('bibliography')
2872276196.txt,112,102,exact ('references')
2872276203.txt,82,76,exact ('references')
2872276204.txt,98,77,exact ('bibliography')
2872276206.txt,81,81,exact ('references')
2872276225.txt,62,56,exact ('bibliography')
2872285403.txt,86,71,exact ('bibliography')
2872285405.txt,64,57,exact ('bibliography')
2872285407.txt,70,45,exact ('references')
2872285412.txt,76,67,exact ('bibliography')
2872285414.txt,58,55,exact ('bibliography')
2872285416.txt,96,88,exact ('references')
2872285418.txt,93,60,exact ('bibliography')
2872285419.txt,53,49,exact ('references')
2872285420.txt,74,55,exact ('bibliography')
2872285431.txt,66,53,exact ('bibliography')
2872285439.txt,80,65,exact ('bibliography')
2872326752.txt,54,45,exact ('bibliography')
2872326794.txt,204,87,exact ('bibliography')
2872326901.txt,81,62,exact ('bibliography')
2872326934.txt,97,88,exact ('bibliography')
2872326992.txt,92,81,exact ('appendices')
2872349955.txt,212,93,exact ('bibliography')
2872350109.txt,98,65,exact ('bibliography')
2872350221.txt,55,50,exact ('bibliography')
2872350360.txt,32,24,exact ('references')
2872367360.txt,128,89,title-page ('appendices')
2872367407.txt,64,53,exact ('references')
2872367462.txt,85,61,exact ('references')
2872367920.txt,94,51,exact ('bibliography')
2872392370.txt,94,59,exact ('bibliography')
2872392371.txt,81,61,exact ('bibliography')
2872392384.txt,84,68,exact ('appendix')
2872392388.txt,50,48,exact ('bibliography')
2872413602.txt,126,118,exact ('bibliography')
2872420801.txt,73,68,exact ('bibliography')
2872420832.txt,70,59,exact ('bibliography')
2872420839.txt,106,73,exact ('references')
2872420847.txt,61,49,exact ('appendix')
2872420856.txt,67,49,exact ('references')
2872420858.txt,104,87,exact ('references')
2872420873.txt,90,84,exact ('bibliography')
2872477682.txt,56,35,exact ('bibliography')
2872496018.txt,93,81,exact ('bibliography')
2872496036.txt,67,52,exact ('bibliography')
2872496043.txt,100,67,exact ('references')
2872496232.txt,60,55,exact ('bibliography')
2872514060.txt,144,99,exact ('bibliography')
2872514437.txt,122,77,exact ('bibliography')
2872514499.txt,40,36,exact ('bibliography')
2872514920.txt,144,77,exact ('references')
2872534687.txt,158,145,exact ('bibliography')
2872534704.txt,34,28,exact ('bibliography')
2872555269.txt,69,65,prefix-match ('appendix and references')
2872555279.txt,59,57,exact ('references')
2872555287.txt,34,34,exact ('bibliography')
2872555293.txt,73,52,exact ('references')
2872567035.txt,70,67,exact ('references')
2872567052.txt,88,82,exact ('references')
2872567070.txt,118,118,
2872567076.txt,71,52,exact ('references')
2872567086.txt,161,98,exact ('bibliography')
2872567105.txt,121,112,exact ('bibliography')
2872567217.txt,96,70,exact ('bibliography')
2872567278.txt,90,55,exact ('bibliography')
2872567291.txt,84,39,exact ('references')
2872567316.txt,89,86,exact ('references')
2872567485.txt,89,77,title-page ('appendix')
2872567502.txt,62,51,prefix-match ('appendix a')
2872567568.txt,110,80,exact ('bibliography')
2872567574.txt,61,47,exact ('references')
2872567581.txt,78,70,exact ('references')
2872567588.txt,104,95,exact ('appendix')
2872567597.txt,68,59,exact ('bibliography')
2872567602.txt,68,68,exact ('bibliography')
2872567607.txt,68,67,exact ('bibliography')
2872567623.txt,179,127,exact ('bibliography')
2872567649.txt,162,64,exact ('bibliography')
2872567653.txt,125,90,exact ('bibliography')
2872567659.txt,83,62,exact ('bibliography')
2872571907.txt,78,73,prefix-match ('appendix a')
2872571921.txt,56,50,exact ('bibliography')
2872571928.txt,131,103,exact ('bibliography')
2872571929.txt,175,75,exact ('list of figures')
2872571945.txt,156,121,exact ('bibliography')
2872571950.txt,102,97,exact ('bibliography')
2872571952.txt,78,66,exact ('bibliography')
2872571954.txt,94,79,exact ('bibliography')
2872571989.txt,102,71,exact ('references')
2872572012.txt,92,75,exact ('bibliography')
2872572091.txt,62,41,exact ('bibliography')
2872572102.txt,74,69,exact ('references')
2872572114.txt,52,47,exact ('bibliography')
2872572133.txt,74,66,exact ('bibliography')
2872572140.txt,70,65,exact ('appendix')
2872572154.txt,98,49,exact ('bibliography')
2872572186.txt,115,103,exact ('references')
2872572188.txt,118,57,exact ('bibliography')
2872572191.txt,84,67,exact ('bibliography')
2872572192.txt,77,67,exact ('bibliography')
2872572197.txt,54,52,exact ('references')
2872572198.txt,69,45,exact ('bibliography')
2872572202.txt,81,68,exact ('bibliography')
2872572203.txt,137,119,exact ('bibliography')
2872572204.txt,64,51,exact ('bibliography')
2872572206.txt,130,94,title-page ('appendices')
2872572207.txt,102,75,exact ('bibliography')
2872572210.txt,36,7,exact ('bibliography')
2872572214.txt,112,93,exact ('bibliography')
2872572216.txt,111,103,exact ('references')
2872572224.txt,116,53,exact ('references')
2872572226.txt,58,54,exact ('bibliography')
2872572231.txt,94,88,exact ('bibliography')
2872572233.txt,63,63,exact ('bibliography')
2872572234.txt,77,57,exact ('bibliography')
2872572237.txt,107,55,exact ('references')
2872572260.txt,88,73,exact ('bibliography')
2872572271.txt,65,51,exact ('bibliography')
2872572277.txt,73,71,exact ('bibliography')
2872572282.txt,66,59,exact ('bibliography')
2872572290.txt,97,80,exact ('references')
2872572298.txt,38,37,exact ('bibliography')
2872572329.txt,87,70,exact ('bibliography')
2872572343.txt,66,59,exact ('bibliography')
2872572347.txt,76,52,exact ('bibliography')
2872572348.txt,96,66,exact ('references')
2872572351.txt,70,63,exact ('bibliography')
2872572353.txt,70,49,exact ('bibliography')
2872572358.txt,62,57,exact ('bibliography')
2872572360.txt,94,83,exact ('bibliography')
2872572364.txt,108,87,exact ('bibliography')
2872572365.txt,49,46,exact ('bibliography')
2872572369.txt,80,53,exact ('bibliography')
2872572371.txt,70,53,exact ('bibliography')
2872572378.txt,214,115,exact ('bibliography')
2872572380.txt,77,56,exact ('bibliography')
2872572382.txt,65,63,exact ('bibliography')
2872572383.txt,47,46,exact ('references')
2872572384.txt,64,63,exact ('bibliography')
2872572385.txt,108,78,exact ('list of figures')
2872572390.txt,70,51,exact ('bibliography')
2872572397.txt,77,72,exact ('bibliography')
2872572412.txt,80,77,exact ('bibliography')
2872572413.txt,128,73,exact ('references')
2872572417.txt,118,87,exact ('bibliography')
2872640840.txt,83,69,exact ('references')
2872641090.txt,68,59,exact ('bibliography')
2872641109.txt,127,70,exact ('references')
2872641132.txt,58,49,exact ('bibliography')
2872641147.txt,95,80,exact ('bibliography')
2872641168.txt,56,45,exact ('bibliography')
2872641177.txt,72,64,exact ('references')
2872641189.txt,58,53,exact ('bibliography')
2872641268.txt,96,90,exact ('bibliography')
2872641355.txt,89,79,exact ('appendix')
2872641661.txt,123,72,exact ('bibliography')
2872641732.txt,50,48,exact ('references')
2872658213.txt,80,73,exact ('bibliography')
2872658253.txt,64,43,exact ('references')
2872658277.txt,47,32,exact ('list of figures')
2872658332.txt,92,90,exact ('references')
2872658374.txt,95,89,exact ('references')
2872658444.txt,86,69,exact ('bibliography')
2872658471.txt,125,116,exact ('bibliography')
2872658492.txt,61,58,exact ('bibliography')
2872658667.txt,41,36,exact ('appendix')
2872658809.txt,68,63,exact ('bibliography')
2872658857.txt,66,59,exact ('list of figures')
2872659011.txt,74,67,prefix-match ('appendix a')
2872660735.txt,83,64,exact ('bibliography')
2872660776.txt,72,66,exact ('bibliography')
2872660785.txt,82,82,
2872660791.txt,61,58,exact ('list of figures')
2872660841.txt,130,99,exact ('bibliography')
2872660843.txt,38,35,exact ('references')
2872693313.txt,49,46,exact ('bibliography')
2872693405.txt,101,70,exact ('references')
2872693462.txt,72,57,exact ('references')
2872693476.txt,29,24,exact ('references')
2872693492.txt,170,125,exact ('bibliography')
2872693500.txt,83,80,exact ('appendix')
2872693672.txt,125,106,exact ('bibliography')
2872712006.txt,77,61,exact ('bibliography')
2872712034.txt,97,59,exact ('references')
2872712076.txt,142,117,exact ('appendix')
2872712087.txt,88,73,title-page ('appendix')
2872712316.txt,234,234,
2872712383.txt,128,107,exact ('bibliography')
2872712407.txt,63,56,exact ('bibliography')
2872712432.txt,98,85,exact ('bibliography')
2872712457.txt,80,78,exact ('appendix')
2872712523.txt,61,61,
2872712558.txt,62,45,exact ('bibliography')
2872712620.txt,74,57,exact ('bibliography')
2872712648.txt,66,66,
2872712654.txt,134,79,exact ('bibliography')
2872712718.txt,58,51,exact ('bibliography')
2872712831.txt,92,71,exact ('bibliography')
2872712839.txt,36,33,exact ('bibliography')
2872712842.txt,117,89,exact ('bibliography')
2872712844.txt,89,81,exact ('bibliography')
2872712847.txt,64,54,exact ('references')
2872712854.txt,91,90,exact ('bibliography')
2872712868.txt,72,61,exact ('bibliography')
2872712884.txt,231,108,exact ('references')
2872712898.txt,95,77,exact ('references')
2872712911.txt,87,74,exact ('bibliography')
2872712936.txt,131,106,exact ('bibliography')
2872712946.txt,85,74,exact ('references')
2872712958.txt,70,70,exact ('bibliography')
2872712970.txt,116,106,exact ('bibliography')
2872712978.txt,36,30,exact ('bibliography')
2872712984.txt,61,57,exact ('bibliography')
2872712989.txt,69,57,exact ('bibliography')
2872712999.txt,104,93,exact ('bibliography')
2872713016.txt,78,78,
2872713019.txt,107,80,exact ('references')
2872713025.txt,42,40,exact ('bibliography')
2872727195.txt,90,86,exact ('references')
2872727202.txt,116,78,exact ('appendix')
2872727211.txt,41,39,exact ('references')
2872727238.txt,158,125,exact ('bibliography')
2872727299.txt,58,49,exact ('bibliography')
2872727325.txt,97,78,exact ('references')
2872727594.txt,68,57,exact ('bibliography')
2872727661.txt,68,63,prefix-match ('appendix a')
2872727697.txt,79,49,exact ('bibliography')
2872727700.txt,128,100,exact ('references')
2872727704.txt,68,57,exact ('bibliography')
2872727709.txt,75,60,exact ('references')
2872727729.txt,65,63,exact ('references')
2872727745.txt,83,74,exact ('bibliography')
2872727749.txt,104,94,exact ('bibliography')
2872727772.txt,149,89,exact ('references')
2872727786.txt,100,87,exact ('bibliography')
2872727797.txt,104,88,title-page ('appendix a')
2872727798.txt,68,61,exact ('bibliography')
2872727816.txt,78,73,exact ('bibliography')
2872727837.txt,81,68,exact ('references')
2872727841.txt,53,50,exact ('references')
2872727848.txt,86,77,exact ('bibliography')
2872727889.txt,106,85,exact ('bibliography')
2872727952.txt,245,107,exact ('references')
2872727984.txt,96,61,exact ('bibliography')
2872727988.txt,97,51,exact ('referencer')
2872727999.txt,118,79,exact ('references')
2872728005.txt,14,14,exact ('references')
2872728034.txt,88,65,exact ('bibliography')
2872728048.txt,104,88,prefix-match ('appendix a')
2872728059.txt,102,83,exact ('references')
2872728061.txt,68,55,exact ('appendix')
2872728087.txt,60,56,exact ('references')
2872728098.txt,66,61,exact ('bibliography')
2872735239.txt,116,95,exact ('references')
2872735252.txt,68,51,exact ('appendix')
2872735300.txt,132,86,exact ('bibliography')
2872735301.txt,116,89,exact ('bibliography')
2872735302.txt,84,84,exact ('bibliography')
2872735303.txt,88,56,exact ('references')
2872735305.txt,127,100,exact ('list of figures')
2872735306.txt,101,81,exact ('list of figures')
2872735310.txt,44,43,exact ('references')
2872735311.txt,208,208,
2872809411.txt,116,97,exact ('bibliography')
2872809412.txt,80,74,exact ('bibliography')
2872809414.txt,122,87,exact ('bibliography')
2872809416.txt,68,56,exact ('bibliography')
2872809432.txt,111,87,exact ('bibliography')
2872809669.txt,30,20,exact ('references')
2872833726.txt,120,97,exact ('bibliography')
2872833727.txt,54,45,exact ('bibliography')
2872833738.txt,130,125,exact ('bibliography')
2872833766.txt,66,61,exact ('bibliography')
2872849566.txt,107,99,exact ('bibliography')
2872880106.txt,115,75,exact ('bibliography')
2872880115.txt,84,48,exact ('bibliography')
2872888757.txt,83,80,exact ('bibliography')
2872888772.txt,158,117,exact ('bibliography')
2872888784.txt,34,34,
2872888898.txt,122,95,exact ('bibliography')
2872888921.txt,93,91,exact ('bibliography')
2872888951.txt,69,63,exact ('bibliography')
2872889009.txt,66,49,exact ('references')
2872895180.txt,168,135,exact ('bibliography')
2872895192.txt,60,49,exact ('references')
2872895210.txt,114,57,exact ('bibliography')
2872895273.txt,80,75,exact ('bibliography')
2872895274.txt,50,46,exact ('bibliography')
2872942894.txt,66,39,exact ('references')
2872968613.txt,64,57,exact ('bibliography')
2872968634.txt,113,72,prefix-match ('litteraturliste/referenceliste')
2872988369.txt,68,59,exact ('bibliography')
2872988380.txt,74,65,exact ('bibliography')
2873015403.txt,139,62,exact ('bibliography')
2873015426.txt,170,163,title-page ('appendices')
2873029372.txt,49,42,exact ('bibliography')
2873029385.txt,82,74,exact ('bibliography')
2873041013.txt,68,60,exact ('bibliography')
2873041014.txt,82,77,exact ('references')
2873041016.txt,78,73,exact ('bibliography')
2873041017.txt,88,55,exact ('bibliography')
2873041018.txt,59,59,
2873041021.txt,64,51,exact ('bibliography')
2873041025.txt,69,64,exact ('bibliography')
2873041028.txt,13,6,exact ('references')
2873041030.txt,75,58,exact ('references')
2873041031.txt,81,64,exact ('references')
2873041040.txt,88,60,exact ('bibliography')
2873041061.txt,111,75,exact ('references')
2873041090.txt,95,82,exact ('bibliography')
2873041107.txt,48,45,prefix-match ('appendix a')
2873041125.txt,66,59,exact ('bibliography')
2873041139.txt,138,70,exact ('bibliography')
2873041151.txt,105,72,exact ('bibliography')
2873041192.txt,51,49,exact ('bibliography')
2873041209.txt,43,39,exact ('references')
2873041217.txt,64,58,exact ('bibliography')
2873041218.txt,66,47,exact ('bibliography')
2873041219.txt,66,41,exact ('bibliography')
2873041223.txt,146,88,exact ('bibliography')
2873041224.txt,92,78,exact ('bibliography')
2873041225.txt,126,113,title-page ('appendix a')
2873041228.txt,90,45,exact ('bibliography')
2873041230.txt,65,46,exact ('references')
2873041232.txt,34,27,exact ('references')
2873041234.txt,72,55,exact ('bibliography')
2873041236.txt,87,81,exact ('bibliography')
2873041237.txt,70,55,exact ('appendices')
2873041253.txt,106,89,exact ('references')
2873041295.txt,184,99,exact ('bibliography')
2873041330.txt,58,51,exact ('bibliography')
2873041338.txt,76,61,exact ('bibliography')
2873041343.txt,60,49,prefix-match ('appendix a')
2873041346.txt,88,78,exact ('bibliography')
2873041348.txt,82,71,exact ('references')
2873041350.txt,83,76,exact ('bibliography')
2873041354.txt,77,55,exact ('bibliography')
2873041370.txt,134,91,exact ('bibliography')
2873041375.txt,60,55,exact ('bibliography')
2873041385.txt,78,69,title-page ('appendix a')
2873041393.txt,52,50,exact ('references')
2873041404.txt,74,60,exact ('bibliography')
2873044362.txt,212,145,exact ('bibliography')
2873044363.txt,101,63,exact ('reference list')
2873044376.txt,128,91,prefix-match ('appendix a: toolkit manual')
2873044377.txt,108,75,exact ('bibliography')
2873044383.txt,81,81,exact ('references')
2873044391.txt,69,55,exact ('appendices')
2873044393.txt,46,45,exact ('bibliography')
2873044399.txt,60,58,exact ('references')
2873044401.txt,64,61,exact ('bibliography')
2873044461.txt,109,100,exact ('bibliography')
2873044463.txt,75,53,exact ('references')
2873044853.txt,62,59,exact ('bibliography')
2873097106.txt,62,58,exact ('references')
2873097128.txt,104,86,exact ('references')
2873097167.txt,74,65,exact ('bibliography')
2873097169.txt,74,57,exact ('list of figures')
2873097170.txt,69,57,exact ('bibliography')
2873097173.txt,119,87,exact ('references')
2873097174.txt,59,45,prefix-match ('references to detect')
2873097178.txt,62,53,exact ('bibliography')
2873097210.txt,142,103,exact ('bibliography')
2873097215.txt,10,10,
2873097239.txt,1,1,
2873132165.txt,83,63,exact ('bibliography')
2873132220.txt,50,43,exact ('references')
2873132251.txt,65,59,exact ('bibliography')
2873132321.txt,135,100,exact ('bibliography')
2873148558.txt,199,131,exact ('bibliography')
2873148568.txt,69,61,exact ('bibliography')
2873148586.txt,63,50,exact ('bibliography')
2873148589.txt,110,75,exact ('bibliography')
2873148596.txt,52,44,prefix-match ('appendix a')
2873148600.txt,69,51,exact ('references')
2873148606.txt,112,78,prefix-match ('appendix 1.  gene of interest')
2873148611.txt,76,63,exact ('bibliography')
2873148614.txt,76,64,exact ('bibliography')
2873169817.txt,36,27,exact ('bibliography')
2873179780.txt,118,85,exact ('bibliography')
2873179787.txt,40,37,exact ('references')
2873179828.txt,87,70,exact ('bibliography')
2873179853.txt,170,93,exact ('bibliography')
2873179862.txt,86,83,exact ('bibliography')
2873179878.txt,78,57,exact ('bibliography')
2873179885.txt,183,110,prefix-match ('appendix a')
2873179890.txt,92,74,exact ('references')
2873179896.txt,46,9,exact ('references')
2873197273.txt,57,52,exact ('references')
2873197284.txt,201,91,exact ('references')
2873197290.txt,74,56,exact ('bibliography')
2873197298.txt,90,67,exact ('bibliography')
2873197304.txt,129,62,exact ('references')
2873197321.txt,133,103,exact ('references')
2873197343.txt,60,49,exact ('bibliography')
2873197349.txt,93,72,exact ('bibliography')
2873197355.txt,125,99,exact ('references')
2873205512.txt,37,32,prefix-match ('appendix a')
2873205515.txt,120,101,exact ('bibliography')
2873205542.txt,84,76,exact ('references')
2873205565.txt,209,199,exact ('bibliography')
2873205571.txt,69,61,exact ('list of figures')
2873205620.txt,115,88,exact ('bibliography')
2873266357.txt,110,7,exact ('references')
2873266369.txt,70,65,exact ('bibliography')
2873266405.txt,50,44,exact ('bibliography')
2873266514.txt,70,63,exact ('bibliography')
2873307948.txt,101,91,exact ('bibliography')
2873307953.txt,63,45,exact ('bibliography')
2873307962.txt,78,57,exact ('references')
2873307997.txt,98,75,exact ('bibliography')
2873308042.txt,110,79,exact ('list of references')
2873308047.txt,60,59,exact ('bibliography')
2873308050.txt,102,51,exact ('bibliography')
2873308058.txt,106,91,exact ('bibliography')
2873308121.txt,106,57,exact ('bibliography')
2873308211.txt,44,37,exact ('references')
2873308370.txt,104,76,exact ('references')
2873308639.txt,104,99,exact ('bibliography')
2873308706.txt,142,108,exact ('references')
2873308723.txt,119,70,exact ('references')
2873308737.txt,60,51,exact ('bibliography')
2873337618.txt,93,64,exact ('bibliography')
2873337640.txt,46,46,
2873337672.txt,72,69,exact ('appendix')
2873379180.txt,80,43,exact ('bibliography')
2873379194.txt,96,78,prefix-match ('appendixa')
2873379201.txt,74,69,exact ('references')
2873379212.txt,53,49,exact ('appendices')
2873379224.txt,118,86,exact ('bibliography')
2873379228.txt,62,47,exact ('list of figures')
2873379237.txt,54,51,exact ('references')
2873379257.txt,70,66,exact ('references')
2873379273.txt,97,84,exact ('references')
2873379293.txt,78,67,exact ('appendix')
2873379348.txt,126,92,exact ('references')
2873379402.txt,82,67,exact ('bibliography')
2873407765.txt,87,82,exact ('appendix')
2873407783.txt,30,26,prefix-match ('appendix a: stakeholder questionnaire')
2873407788.txt,97,79,exact ('bibliography')
2873407801.txt,80,76,exact ('bibliography')
2873407833.txt,110,97,exact ('bibliography')
2873407848.txt,135,122,title-page ('appendix')
2873407911.txt,80,80,
2873407923.txt,62,49,exact ('references')
2873408230.txt,108,106,exact ('bibliography')
2873408363.txt,76,64,exact ('references')
2873408368.txt,108,60,exact ('references')
2873444565.txt,81,58,exact ('bibliography')
2873444569.txt,105,92,exact ('bibliography')
2873444572.txt,40,29,exact ('bibliography')
2873444574.txt,8,7,exact ('references')
2873444628.txt,81,40,exact ('bibliography')
2873444631.txt,120,114,exact ('bibliography')
2873444632.txt,75,73,exact ('references')
2873444635.txt,74,64,exact ('bibliography')
2873503252.txt,102,79,exact ('references')
2873503257.txt,113,95,exact ('references')
2873503275.txt,45,40,exact ('references')
2873503288.txt,106,92,title-page ('appendices')
2873503309.txt,54,38,exact ('bibliography')
2873503318.txt,72,55,exact ('appendix')
2873503331.txt,78,63,exact ('bibliography')
2873503364.txt,74,65,exact ('references')
2873503380.txt,83,71,exact ('bibliography')
2873503399.txt,80,73,exact ('bibliography')
2873503414.txt,72,61,exact ('references')
2873503478.txt,92,81,exact ('bibliography')
2873503483.txt,76,65,exact ('bibliography')
2873503486.txt,67,48,exact ('references')
2873524445.txt,122,75,exact ('bibliography')
2873524467.txt,84,61,exact ('bibliography')
2873524480.txt,52,49,exact ('references')
2873524494.txt,80,75,prefix-match ('appendix a')
2873524515.txt,74,71,exact ('bibliography')
2873524537.txt,102,93,exact ('bibliography')
2873524563.txt,170,95,exact ('bibliography')
2873524593.txt,82,60,exact ('bibliography')
2873524616.txt,51,44,exact ('references')
2873524644.txt,66,52,exact ('references')
2873524708.txt,140,73,prefix-match ('appendix a')
2873524736.txt,124,69,exact ('bibliography')
2873524778.txt,48,37,exact ('bibliography')
2873524980.txt,53,43,exact ('bibliography')
2873525024.txt,69,64,exact ('references')
2873525037.txt,102,12,exact ('references')
2873525087.txt,96,53,exact ('bibliography')
2873525102.txt,97,75,exact ('bibliography')
2873525135.txt,69,62,exact ('list of figures')
2873525151.txt,18,18,
2873525291.txt,57,54,exact ('bibliography')
2873525317.txt,141,122,exact ('references')
2873546432.txt,67,61,exact ('appendix')
2873546625.txt,70,53,exact ('bibliography')
2873546635.txt,82,55,exact ('references')
2873546652.txt,143,37,exact ('references')
2873546774.txt,72,49,exact ('bibliography')
2873547165.txt,62,39,exact ('references')
2873596158.txt,52,45,exact ('list of figures')
2873596288.txt,83,57,exact ('bibliography')
2873596527.txt,55,53,exact ('bibliography')
2873625312.txt,128,69,exact ('bibliography')
2873625340.txt,96,91,exact ('bibliography')
2873643551.txt,109,104,exact ('bibliography')
2873643564.txt,97,78,exact ('references')
2873643565.txt,47,46,exact ('references')
2873643585.txt,56,53,exact ('bibliography')
2873643588.txt,66,61,exact ('bibliography')
2873643594.txt,70,60,exact ('bibliography')
2873651564.txt,78,70,exact ('bibliography')
2873651565.txt,59,53,exact ('bibliography')
2873651572.txt,110,85,prefix-match ('appendix b')
2873651583.txt,58,54,exact ('bibliography')
2873651603.txt,176,91,exact ('bibliography')
2873651616.txt,119,98,exact ('references')
2873704226.txt,67,55,exact ('bibliography')
2873751709.txt,74,70,exact ('references')
2873751714.txt,58,47,title-page ('appendix a')
2873751726.txt,118,97,title-page ('appendices')
2873751774.txt,67,53,prefix-match ('appendix a: code snippets')
2873751779.txt,74,68,exact ('bibliography')
2873751791.txt,56,49,exact ('bibliography')
2873751803.txt,23,22,exact ('references')
2873751812.txt,75,71,exact ('bibliography')
2873751866.txt,220,172,exact ('references')
2873751895.txt,61,57,exact ('bibliography')
2873752012.txt,50,44,exact ('bibliography')
2873752048.txt,88,42,exact ('bibliography')
2873752109.txt,73,62,exact ('bibliography')
2873752127.txt,89,64,exact ('bibliography')
2873752176.txt,83,69,exact ('bibliography')
2873752185.txt,54,46,exact ('references')
2873752196.txt,120,98,prefix-match ('appendix a')
2873752227.txt,33,27,exact ('references')
2873765101.txt,76,73,exact ('bibliography')
2873765441.txt,70,63,exact ('bibliography')
2873765655.txt,61,46,exact ('references')
2873784039.txt,52,51,exact ('bibliography')
2873784046.txt,132,106,exact ('bibliography')
2873784065.txt,96,85,exact ('bibliography')
2873784072.txt,148,77,exact ('bibliography')
2873784082.txt,92,81,prefix-match ('appendix a')
2873784085.txt,70,59,exact ('bibliography')
2873797253.txt,115,96,exact ('references')
2873797257.txt,64,47,exact ('bibliography')
2873797270.txt,90,74,exact ('references')
2873797319.txt,84,73,exact ('bibliography')
2873807618.txt,217,84,exact ('bibliography')
2873807649.txt,91,78,exact ('appendix')
2873807727.txt,74,73,exact ('bibliography')
2873807795.txt,65,58,exact ('references')
2873807917.txt,74,61,exact ('bibliography')
2873808085.txt,42,36,exact ('references')
2873808176.txt,137,100,exact ('bibliography')
2873808269.txt,61,48,exact ('bibliography')
2873808280.txt,44,7,exact ('bibliography')
2873813922.txt,38,35,exact ('bibliography')
2873813924.txt,61,57,exact ('references')
2873813957.txt,167,140,exact ('bibliography')
2873813962.txt,116,70,exact ('references')
2873813972.txt,58,49,exact ('bibliography')
2873813977.txt,90,59,exact ('references')
2873863375.txt,159,111,exact ('bibliography')
2873869237.txt,163,128,exact ('bibliography')
2873869675.txt,49,37,exact ('bibliography')
2873898940.txt,143,120,exact ('bibliography')
2873898965.txt,162,119,exact ('bibliography')
2873898978.txt,84,77,exact ('bibliography')
2873899081.txt,89,68,exact ('bibliography')
2873899099.txt,43,43,
2873899131.txt,90,90,
2873899152.txt,66,52,exact ('bibliography')
2873899176.txt,88,85,title-page ('appendices')
2873922135.txt,79,79,
2873922172.txt,80,55,exact ('bibliography')
2873922182.txt,44,31,exact ('bibliography')
2873922194.txt,110,84,exact ('references')
2873955777.txt,53,50,exact ('bibliography')
2873955786.txt,78,69,exact ('bibliography')
2873955792.txt,70,65,exact ('bibliography')
2873965859.txt,78,67,exact ('bibliography')
2873965873.txt,58,47,exact ('bibliography')
2873965919.txt,90,73,exact ('bibliography')
2873965924.txt,160,143,exact ('bibliography')
2873971058.txt,40,33,exact ('bibliography')
2873971060.txt,39,28,exact ('references')
2873971073.txt,206,153,title-page ('appendix')
2874039126.txt,149,100,exact ('references')
2874039142.txt,154,68,prefix-match ('appendix a')
2874039143.txt,40,37,exact ('bibliography')
2874066613.txt,40,40,
2874066619.txt,97,94,exact ('bibliography')
2874066701.txt,70,57,exact ('bibliography')
2874066731.txt,91,74,exact ('bibliography')
2874066775.txt,108,98,exact ('bibliography')
2874066784.txt,84,80,exact ('references')
2874066873.txt,101,94,exact ('bibliography')
2874089947.txt,108,91,exact ('bibliography')
2874113069.txt,98,72,exact ('references')
2874113070.txt,58,53,exact ('bibliography')
2874113073.txt,89,69,exact ('references')
2874143330.txt,98,81,exact ('references')
2874159239.txt,68,41,exact ('references')
2874159247.txt,56,49,exact ('bibliography')
2874172468.txt,145,102,exact ('bibliography')
2874183819.txt,60,57,exact ('bibliography')
2874216328.txt,63,62,exact ('bibliography')
2874216330.txt,172,138,prefix-match ('appendix a. decanter-related formulas')
2874216331.txt,64,53,exact ('references')
2874216333.txt,87,74,exact ('bibliography')
2874216339.txt,42,39,exact ('references')
2874216341.txt,98,84,prefix-match ('appendix a')
2874216348.txt,92,84,exact ('references')
2874216350.txt,135,112,exact ('litteraturliste')
2874216355.txt,78,59,exact ('bibliography')
2874216389.txt,148,89,exact ('references')
2874216403.txt,62,52,exact ('bibliography')
2874243483.txt,130,123,exact ('bibliography')
2874243489.txt,48,43,exact ('references')
2874314596.txt,37,34,exact ('references')
2874329632.txt,40,37,exact ('bibliography')
2874329666.txt,62,44,exact ('bibliography')
2874329680.txt,78,57,exact ('bibliography')
2874329695.txt,113,85,title-page ('appendix a')
2874329801.txt,62,58,exact ('bibliography')
2874329811.txt,38,31,exact ('appendix')
2874343359.txt,96,59,exact ('bibliography')
2874353839.txt,80,61,exact ('bibliography')
2874402980.txt,69,56,exact ('references')
2874436337.txt,84,77,exact ('bibliography')
2874454792.txt,36,31,exact ('references')
2874468387.txt,75,72,exact ('references')
2874539167.txt,44,37,exact ('references')
2874539202.txt,266,125,exact ('bibliography')
2874559262.txt,127,96,exact ('bibliography')
2874581341.txt,120,86,exact ('bibliography')
2874581365.txt,305,61,exact ('references')
2874581367.txt,54,54,
2874581376.txt,58,55,exact ('bibliography')
2874581384.txt,43,37,exact ('bibliography')
2874581392.txt,56,56,exact ('references')
2874581398.txt,65,62,exact ('bibliography')
2874581512.txt,45,45,
2874581596.txt,67,59,exact ('bibliography')
2874581660.txt,65,55,exact ('references')
2874581668.txt,67,46,prefix-match ('attachment 1: freeware used')
2874581670.txt,90,83,exact ('bibliography')
2874581696.txt,118,93,exact ('bibliography')
2874581758.txt,36,36,
2874581806.txt,42,42,
2874581812.txt,50,48,exact ('bibliography')
2874581817.txt,72,68,exact ('list of figures')
2874581824.txt,73,72,exact ('bibliography')
2874581827.txt,86,75,exact ('list of references')
2874581829.txt,70,66,exact ('references')
2874581879.txt,54,40,exact ('bibliography')
2874581910.txt,53,50,exact ('references')
2874581928.txt,151,114,exact ('references')
2874581930.txt,58,56,exact ('references')
2874581934.txt,116,77,exact ('references')
2874581977.txt,101,100,exact ('references')
2874582048.txt,43,21,exact ('reference list')
2874582051.txt,52,41,exact ('bibliography')
2874582057.txt,52,52,exact ('references')
2874582062.txt,121,59,exact ('references')
2874582127.txt,120,111,exact ('bibliography')
2874582134.txt,165,165,
2874582138.txt,105,103,prefix-match ('bilag 8 – eu omnibus')
2874582141.txt,96,96,
2874582142.txt,46,43,exact ('referencer')
2874582145.txt,67,43,exact ('references')
2874582149.txt,105,103,prefix-match ('bilag 8 – eu omnibus')
2874582150.txt,96,96,
2874582154.txt,113,85,exact ('bibliography')
2874606393.txt,84,80,exact ('references')
2874606411.txt,64,57,exact ('bibliography')
2874718347.txt,57,54,exact ('references')
2874718349.txt,68,66,exact ('bibliography')
2874735444.txt,58,55,exact ('bibliography')
2874735449.txt,94,79,exact ('bibliography')
2874735457.txt,50,43,exact ('bibliography')
2874787974.txt,50,45,exact ('references')
2874808499.txt,156,118,prefix-match ('appendix      page 59')
2874808532.txt,96,54,exact ('references')
2874808534.txt,49,48,exact ('references')
2874823659.txt,97,75,exact ('bibliography')
2874838653.txt,105,94,exact ('bibliography')
2874838694.txt,112,89,exact ('bibliography')
2874990762.txt,54,49,exact ('bibliography')
2875040546.txt,65,63,exact ('bibliography')
2875040568.txt,21,15,exact ('bibliography')
2875040611.txt,44,37,exact ('bibliography')
2875083387.txt,129,33,exact ('appendix')
2875083394.txt,80,62,title-page ('appendices')
2875083408.txt,91,72,exact ('references')
2875127032.txt,102,79,exact ('bibliography')
2875193362.txt,42,30,exact ('bibliography')
2875206520.txt,57,52,exact ('bibliography')
2875206548.txt,178,71,exact ('bibliography')
2875206554.txt,86,75,title-page ('appendices')
2875226467.txt,88,79,exact ('bibliography')
2875226473.txt,96,69,exact ('bibliography')
2875281780.txt,62,61,exact ('bibliography')
2875292588.txt,83,77,exact ('bibliography')
2875363062.txt,121,80,exact ('references')
2875394954.txt,141,101,exact ('bibliography')
2875422966.txt,106,95,exact ('bibliography')
2875441845.txt,106,55,title-page ('appendix')
2875457209.txt,86,81,exact ('bibliography')
2875457210.txt,84,58,exact ('appendix')
2875606749.txt,41,38,exact ('bibliography')
2875713810.txt,84,81,exact ('bibliography')
2875727794.txt,71,61,exact ('references')
2875831271.txt,124,124,
2875831275.txt,76,69,exact ('references')
2875836460.txt,83,75,exact ('bibliography')
2875886386.txt,98,70,exact ('bibliography')
2875917806.txt,158,121,exact ('references')
2875917889.txt,60,52,exact ('references')
2875966197.txt,122,65,exact ('references')
2875966209.txt,61,59,exact ('references')
2876013249.txt,52,42,exact ('bibliography')
2876148492.txt,71,69,exact ('bibliography')
2876274600.txt,86,75,exact ('references')
2876315862.txt,84,45,exact ('bibliography')
2876315867.txt,80,72,exact ('bibliography')
2876351264.txt,50,47,exact ('bibliography')
2876391376.txt,123,81,exact ('bibliography')
2876463852.txt,160,134,exact ('appendix')
2876463899.txt,86,84,exact ('bibliography')
2876498036.txt,92,57,exact ('bibliography')
2876552474.txt,46,40,exact ('bibliography')
2876552573.txt,61,56,exact ('bibliography')
2876584608.txt,87,84,exact ('references')
2876597775.txt,66,53,exact ('bibliography')
2876597780.txt,81,72,exact ('references')
2876597836.txt,88,88,
2876597840.txt,86,86,
2876597861.txt,57,49,exact ('bibliography')
2876597909.txt,67,63,exact ('bibliography')
2876611753.txt,59,51,exact ('appendices')
2876670972.txt,103,101,exact ('references')
2876845755.txt,119,104,exact ('bibliography')
2876862793.txt,151,87,exact ('references')
2876895033.txt,90,83,exact ('bibliography')
2876981951.txt,156,145,exact ('references')
2877043545.txt,67,63,exact ('bibliography')
2877135952.txt,72,55,exact ('bibliography')
2877215614.txt,85,79,exact ('bibliography')
2877232836.txt,88,62,exact ('bibliography')
2877249678.txt,95,63,exact ('bibliography')
2877324897.txt,40,30,exact ('references')
2877389708.txt,77,71,exact ('references')
2877389714.txt,117,75,exact ('bibliography')
2877417113.txt,88,67,exact ('bibliography')
2877417121.txt,70,63,exact ('bibliography')
2877417132.txt,58,45,exact ('bibliography')
2877417148.txt,38,34,exact ('references')
2877417167.txt,77,50,exact ('bibliography')
2877417174.txt,82,55,exact ('references')
2877417183.txt,84,81,exact ('bibliography')
2877417187.txt,54,49,prefix-match ('appendix: medians comparison')
2877417195.txt,80,56,exact ('bibliography')
2877417231.txt,105,87,exact ('bibliography')
2877501844.txt,96,78,exact ('bibliography')
2881232087.txt,132,91,exact ('references')
