"abstract_ts";"access_ss";"Affiliations";"Timestamp";"Author";"citation_count_i";"ID";"dtu_library_collection_facet";"collection_facet";"Publication Year";"Conference";"DOI";"Editor";"embargo_ssf";"format";"fulltext_availability_facet";"has_openaccess_fulltext_b";"holdings_ssf";"ISBN";"Journal Issue";"journal_issue_tsort";"journal_oa_model_ss";"Journal Page";"journal_page_start_tsort";"Journal Title";"journal_title_facet";"toc_key_s";"Journal Volume";"journal_vol_tsort";"keywords_ts";"keywords_facet";"keywords_normalized";"isolanguage_facet";"member_id_ss";"ORCID";"primary_member_id_s";"Publisher";"Source";"source_all_ss";"Title"
"";"dtu|dtupub|third_party";"";"2024-09-26T00:09:55.603Z";"Kokkinou, Iro";"";"2739316975";"";"dtu";"2024";"";"";"";"";"thesis";"dtu|dtu_electronic|dtupub_external";"";"";"";"";"";"";"";"";"";"";"";"";"";"";"";"";"und";"66f4a652f209dd43d94100fa";"";"66f4a652f209dd43d94100fa";"DTU Department of Health Technology";"sorbit";"sorbit";"Hollow microneedles for transdermal delivery of ionic liquids|Hule mikronale til transdermal levering af ioniske væsker"
"";"dtu|dtupub|third_party";"";"2024-07-15T07:21:15.987Z";"Balle, Nikoline|Schade, Marie Louise";"";"2737581720";"";"dtu";"2024";"";"";"";"";"thesis";"dtu|dtu_electronic|dtupub_external";"";"";"";"";"";"";"";"";"";"";"";"";"";"";"";"";"und";"669468d20bc843e8f363703b";"";"669468d20bc843e8f363703b";"DTU Department of Applied Mathematics and Computer Science";"sorbit";"sorbit";"Unsupervised outlier detection in time series data for predicting faults on wind turbines|Usuperviseret detektion af outliers i tidsrækkedata til forudsigelse af fejl pa vindmøller"
"";"dtu|dtupub|third_party";"";"2024-08-31T00:10:00.367Z";"Lefèvre-Morand, Rodrigue Yves Louis";"";"2738564537";"";"dtu";"2024";"";"";"";"";"thesis";"dtu|dtu_electronic|dtupub|dtupub_electronic";"";"";"";"";"";"";"";"";"";"";"";"";"";"";"";"";"und";"66d25f5630ac13bcc44f590e";"";"66d25f5630ac13bcc44f590e";"DTU Department of Biotechnology and Biomedicine";"sorbit";"sorbit";"Production of genetically encoded bioinspired smart adhesive materials for surface functionalization of bio-interfaces by orthogonal translation|Production of genetically encoded bioinspired smart adhesive materials for surface functionalization of bio-interfaces by orthogonal translation"
"";"dtu|dtupub|third_party";"";"2024-09-21T00:09:52.841Z";"Jørgensen, Bastian Schmidt";"";"2739188833";"";"dtu";"2024";"";"";"";"";"thesis";"dtu|dtu_electronic|dtupub|dtupub_electronic";"";"";"";"";"";"";"";"";"";"";"";"";"";"";"";"";"und";"66ee0ecfa1338c43d9efefee";"";"66ee0ecfa1338c43d9efefee";"DTU Department of Applied Mathematics and Computer Science";"sorbit";"sorbit";"Real-Time Forecasting in Renewable Energy Production: Improving Wind and Solar Forecasts through Advanced Error Correction Methods|Forecasting i real-tid af produktionen af vedvarende energi: Forbedring af forecasts af vind og sol-energi produktion gennem advancerede metoder for fejl-korrektion"
"";"dtu|dtupub|third_party";"";"2024-09-10T09:15:01.135Z";"Leoni, Alessia";"";"2738203080";"";"dtu";"2024";"";"";"";"";"thesis";"dtu|dtu_electronic|dtupub_external";"";"";"";"";"";"";"";"";"";"";"";"";"";"";"";"";"und";"66bbf5d245552ae8f36c982a";"";"66bbf5d245552ae8f36c982a";"DTU DTU National Food Institute";"sorbit";"sorbit";"Development and characterization of citrus fiber-orange oil emulsified edible films with tunable hydrophobicity for food packaging application|Udvikling og karakterisering af citrusfiber-appelsinolie-emulgerede spiselige film med justerbar hydrofobicitet til fødevareemballage"
"";"dtu|dtupub|third_party";"";"2024-08-22T00:12:24.734Z";"Rasmussen, Patricia Elaine Benitez";"";"2738356010";"";"dtu";"2024";"";"";"";"";"thesis";"dtu|dtu_electronic|dtupub_external";"";"";"";"";"";"";"";"";"";"";"";"";"";"";"";"";"und";"66c681ec1a1d14204c768573";"";"66c681ec1a1d14204c768573";"DTU DTU National Food Institute";"sorbit";"sorbit";"Comparison of sublingual and epicutaneous prophylactic immunotherapy - efficacy of different doses|Sammenligning af sublingual og epikutan forebyggende immunterapi - effekt af forskellige doser"
"";"dtu|dtupub|third_party";"";"2024-12-01T01:36:58.179Z";"Ribas, Eduard Möller";"";"2852955782";"";"dtu";"2024";"";"";"";"";"thesis";"dtu|dtu_electronic|dtupub_external";"";"";"";"";"";"";"";"";"";"";"";"";"";"";"";"";"und";"674bb74bfc8c2a77477eb7de";"";"674bb74bfc8c2a77477eb7de";"DTU Department of Chemical and Biochemical Engineering";"sorbit";"sorbit";"Growth-rate dependent dynamics of methane metabolism in methylococcus capsulatus|Growth-rate dependent dynamics of methane metabolism in methylococcus capsulatus"
"";"dtu|dtupub|third_party";"";"2023-07-31T00:11:38.928Z";"González, Gabriela Lidia Abello|Ladonski, Piotr";"";"2727406395";"";"dtu";"2023";"";"";"";"";"thesis";"dtu|dtu_electronic|dtupub|dtupub_electronic";"";"";"";"";"";"";"";"";"";"";"";"";"";"";"";"";"und";"64c6fc3a03a8a41f4f8f720c";"";"64c6fc3a03a8a41f4f8f720c";"DTU Department of Applied Mathematics and Computer Science";"sorbit";"sorbit";"Improving UX in book tracking platform through co-creation and design thinking|Forbedring af UX for ebogslæsere gennem co-creation og design thinking"
"";"dtu|dtupub|third_party";"";"2023-08-28T00:09:24.030Z";"Thomsen, Erik Nørgaard|Fager, Mathias";"";"2727909688";"";"dtu";"2023";"";"";"";"";"thesis";"dtu|dtu_electronic|dtupub|dtupub_electronic";"";"";"";"";"";"";"";"";"";"";"";"";"";"";"";"";"und";"64ebe5b3519a23205248d98a";"";"64ebe5b3519a23205248d98a";"DTU Department of Applied Mathematics and Computer Science";"sorbit";"sorbit";"A Privacy-preserving Place Detection Method for Wearable Self-tracking Devices|Metode for anonym stedsidentificering for mobile self-tracking enheder"
"";"dtu|dtupub|third_party";"";"2023-08-01T00:11:38.739Z";"Rygaard, Nils Joseph Jesper";"";"2727448821";"";"dtu";"2023";"";"";"";"";"thesis";"dtu|dtu_electronic|dtupub|dtupub_electronic";"";"";"";"";"";"";"";"";"";"";"";"";"";"";"";"";"und";"64c84dba19c9c81f4f8c52bd";"";"64c84dba19c9c81f4f8c52bd";"DTU Department of Civil and Mechanical Engineering";"sorbit";"sorbit";"Techno-economic analysis of novel thermal energy storage systems for solar heating applications|Techno-economic analysis of novel thermal energy storage systems for solar heating applications"
"";"dtu|dtupub|third_party";"";"2023-09-20T00:09:37.779Z";"Vigsø, Emmely Sofia Blom";"";"2728423488";"";"dtu";"2023";"";"";"";"";"thesis";"dtu|dtu_electronic|dtupub|dtupub_electronic";"";"";"";"";"";"";"";"";"";"";"";"";"";"";"";"";"und";"650a3841fc114e566b167ba7";"";"650a3841fc114e566b167ba7";"DTU Department of Environmental and Resource Engineering";"sorbit";"sorbit";"Estimation of required adaptation measures for storm surges in the far future|Oversvømmelsessikring af danske kystbyer i den fjerne fremtid"
"";"dtu|dtupub|third_party";"";"2024-09-12T00:18:54.407Z";"Athanasiou, Modestos";"";"2739012354";"";"dtu";"2024";"";"";"";"";"thesis";"dtu|dtu_electronic|dtupub|dtupub_electronic";"";"";"";"";"";"";"";"";"";"";"";"";"";"";"";"";"und";"66e23158886a4d27f0b5fba9";"";"66e23158886a4d27f0b5fba9";"DTU Department of Wind and Energy Systems";"sorbit";"sorbit";"Wind turbine as a sensor for inflow reconstruction|Vindmølle som en sensor til inflow rekonstruktion"
"";"dtu|dtupub|third_party";"";"2024-03-17T01:09:38.975Z";"Mayer, Clara";"";"2734412637";"";"dtu";"2024";"";"";"";"";"thesis";"dtu|dtu_electronic|dtupub_external";"";"";"";"";"";"";"";"";"";"";"";"";"";"";"";"";"und";"65f642d0a946fe1e2ee69b82";"";"65f642d0a946fe1e2ee69b82";"DTU Department of Biotechnology and Biomedicine";"sorbit";"sorbit";"Antisense oligonucleotides for upregulation of the NRF2/ARE pathway in Parkinson’s Disease|Antisense-oligonukleotider til opregulering af NRF2/ARE-vejen ved Parkinsons sygdom"
"";"dtu|dtupub|third_party";"";"2024-08-04T00:53:54.478Z";"Liu, Haotian";"";"2737983305";"";"dtu";"2024";"";"";"";"";"thesis";"dtu|dtu_electronic|dtupub|dtupub_electronic";"";"";"";"";"";"";"";"";"";"";"";"";"";"";"";"";"und";"66aec6d10a04e0e8f36c9a42";"";"66aec6d10a04e0e8f36c9a42";"DTU Department of Electrical and Photonics Engineering";"sorbit";"sorbit";"State of the Art Deep Generative Models for reconstruction of hyperspectral images from single RGB input|State of the Art Deep Generative Models til rekonstruktion af hyperspektrale billeder fra enkelt RGB-input"
"";"dtu|dtupub|third_party";"";"2024-08-01T07:56:03.999Z";"Triantis, Dimitrios";"";"2737925879";"";"dtu";"2024";"";"";"";"";"thesis";"dtu|dtu_electronic|dtupub_external";"";"";"";"";"";"";"";"";"";"";"";"";"";"";"";"";"und";"66aad257ddbb68e8f30166fd";"";"66aad257ddbb68e8f30166fd";"DTU Department of Electrical and Photonics Engineering";"sorbit";"sorbit";"Pulse compression in gas-filled hollow-core fibers for UV light generation|Puls kompression i gasfyldte hulkernefibre til generering af UV-lys"
"";"dtu|dtupub|third_party";"";"2024-09-09T00:09:45.245Z";"Ropars, Maëlys";"";"2738927056";"";"dtu";"2024";"";"";"";"";"thesis";"dtu|dtu_electronic|dtupub_external";"";"";"";"";"";"";"";"";"";"";"";"";"";"";"";"";"und";"66de3cc5e81ce11d78c2e788";"";"66de3cc5e81ce11d78c2e788";"DTU Department of Environmental and Resource Engineering";"sorbit";"sorbit";"Ecotoxicity characterization model for enzymes and enzyme-based products|Økotoksicitetskarakterisering for enzymer og enzymbaserede produkter"
"";"dtu|dtupub|third_party";"";"2024-07-15T07:21:16.005Z";"Sousa, Ana Carolina De Serra E Moura Carolo E";"";"2737581728";"";"dtu";"2024";"";"";"";"";"thesis";"dtu|dtu_electronic|dtupub_external";"";"";"";"";"";"";"";"";"";"";"";"";"";"";"";"";"und";"669468d89d3e37e8f31f2629";"";"669468d89d3e37e8f31f2629";"DTU Department of Electrical and Photonics Engineering";"sorbit";"sorbit";"Energy Yield Models and Trading Strategies for Solar PV Plants: A Case Study on Nordic Solar’s Danish Portfolio|Energiafvigelsesmodeller og handelsstrategier for solcelleanlæg: En caseundersøgelse af Nordic Solar's danske portefølje"
"";"dtu|dtupub|third_party";"";"2023-07-30T00:11:10.889Z";"Björnsdóttir, Helga Þórey|Jósepsdóttir, Sara Húnfjörd";"";"2727401438";"";"dtu";"2023";"";"";"";"";"thesis";"dtu|dtu_electronic|dtupub_external";"";"";"";"";"";"";"";"";"";"";"";"";"";"";"";"";"und";"64c5aa9e6d76e61f4f74909d";"";"64c5aa9e6d76e61f4f74909d";"DTU Department of Applied Mathematics and Computer Science";"sorbit";"sorbit";"Applied Machine Learning for Predicting Vehicle Insurance Market Prices and Customer Behaviour|Anvendt maskinlæring til forudsigelse af markedspriser pa bilforsikringer og kundeadfærd"
"";"dtu|dtupub|third_party";"";"2024-04-22T00:09:41.341Z";"Garcia, Oscar Garcia";"";"2735688373";"";"dtu";"2024";"";"";"";"";"thesis";"dtu|dtu_electronic|dtupub|dtupub_electronic";"";"";"";"";"";"";"";"";"";"";"";"";"";"";"";"";"und";"6625aac58b66da1afd92e965";"";"6625aac58b66da1afd92e965";"DTU Department of Chemistry";"sorbit";"sorbit";"Unraveling the Dynamics of Solvated Glucose in the Terahertz Range through Computer Simulations|Udredning af dynamikken i solvatiseret glukose i terahertz-omradet gennem computersimuleringer"
"";"dtu|dtupub|third_party";"";"2024-03-15T01:23:38.891Z";"Johannessen, Martin";"";"2734387208";"";"dtu";"2024";"";"";"";"";"thesis";"dtu|dtu_electronic|dtupub|dtupub_electronic";"";"";"";"";"";"";"";"";"";"";"";"";"";"";"";"";"und";"65f39fd7d2f2d21e2e466035";"";"65f39fd7d2f2d21e2e466035";"DTU Department of Engineering Technology and Didactics";"sorbit";"sorbit";"Frequency Stability of an Isolated Hybrid Power System in Ilulissat|Frekvensstabilitet for et isoleret hybrid elnet i Ilulissat"
"";"dtu|dtupub|third_party";"";"2024-05-09T00:09:45.324Z";"Bastrup, Simon Martin Spangenberg";"";"2736062303";"";"dtu";"2024";"";"";"";"";"thesis";"dtu|dtu_electronic|dtupub_external";"";"";"";"";"";"";"";"";"";"";"";"";"";"";"";"";"und";"663c1448258a481fdecd21ef";"";"663c1448258a481fdecd21ef";"DTU Department of Environmental and Resource Engineering";"sorbit";"sorbit";"Impact of sulfate levels on hydrogenotrophic denitrification of groundwater|Indvirkning af sulfatniveauer pa hydrogenotrofisk denitrifikation af grundvand"
"";"dtu|dtupub|third_party";"";"2024-02-28T01:24:22.029Z";"Nielsen, Josefine Ostenfeld";"";"2733712447";"";"dtu";"2024";"";"";"";"";"thesis";"dtu|dtu_electronic|dtupub|dtupub_electronic";"";"";"";"";"";"";"";"";"";"";"";"";"";"";"";"";"und";"65de880150eb0f017497cd95";"";"65de880150eb0f017497cd95";"DTU DTU National Food Institute";"sorbit";"sorbit";"Forecasting antimicrobial resistance gene abundance in the Danish pig production through time series analysis of antimicrobial usage and resistance data|Prædiktion af forekomsten af antibiotikaresistensgener i den danske svineproduktion gennem tidsserieanalyse af antibiotika forbrug og resistens data"
"";"dtu|dtupub|third_party";"";"2024-02-28T01:24:12.205Z";"Jørgensen, Amanda|Rasmussen, Sofie Bøwig";"";"2733711991";"";"dtu";"2024";"";"";"";"";"thesis";"dtu|dtu_electronic|dtupub_external";"";"";"";"";"";"";"";"";"";"";"";"";"";"";"";"";"und";"65de87d364c3b50174f929c4";"";"65de87d364c3b50174f929c4";"DTU Department of Environmental and Resource Engineering";"sorbit";"sorbit";"Test for ASR for selected Danish and foreign fine and crushed aggregates with different cement types according to the test methods Rilem AAR-2 and TI-B51|Afprøvning for AKR af udvalgte danske og udenlandske fine og nedknuste tilslag med forskellige cementtyper efter prøvningsmetoderne Rilem AAR-2 og TI-B51"
"";"dtu|dtupub|third_party";"";"2024-01-31T01:43:18.251Z";"Lundsgaard, Niels Peter Vinkel Ahle|Lundin, Jacob August Indahl";"";"2731307941";"";"dtu";"2024";"";"";"";"";"thesis";"dtu|dtu_electronic|dtupub|dtupub_electronic";"";"";"";"";"";"";"";"";"";"";"";"";"";"";"";"";"und";"65b99ddcef869b3e823a8671";"";"65b99ddcef869b3e823a8671";"DTU Department of Applied Mathematics and Computer Science";"sorbit";"sorbit";"Unmasking digital ghost ships: Comprehensive scanning, statistical analysis, and ethical disclosure of vulnerable IoT and OT devices in Denmark and beyond|Unmasking digital ghost ships: Comprehensive scanning, statistical analysis, and ethical disclosure of vulnerable IoT and OT devices in Denmark and beyond"
"";"dtu|dtupub|third_party";"";"2023-12-31T01:09:29.902Z";"Rasmussen, Hannah Juul";"";"2730671500";"";"dtu";"2023";"";"";"";"";"thesis";"dtu|dtu_electronic|dtupub|dtupub_electronic";"";"";"";"";"";"";"";"";"";"";"";"";"";"";"";"";"und";"6590bf475807f32bb9bf16c4";"";"6590bf475807f32bb9bf16c4";"DTU Department of Space Research and Space Technology";"sorbit";"sorbit";"Maximizing data analysis of XMM-Newton's view on a neutron star Low Mass X-ray Binary system in outburst|Effetiktvisering af data analyse af XMM-Newtons syn pa et neutronstjerne Low Mass X-Ray Binary system i udbrud"
"";"dtu|dtupub|third_party";"";"2023-12-12T11:26:16.030Z";"Keller, Aida";"";"2730276307";"";"dtu";"2023";"";"";"";"";"thesis";"dtu|dtu_electronic|dtupub_external";"";"";"";"";"";"";"";"";"";"";"";"";"";"";"";"";"und";"65653dc21277ab1316f116fb";"";"65653dc21277ab1316f116fb";"DTU Department of Technology, Management and Economics";"sorbit";"sorbit";"Human factors issues of data center control room monitoring|Human factors issues of data center control room monitoring"
"";"dtu|dtupub|third_party";"";"2024-10-31T01:09:41.982Z";"Gaztelumendi, Odei Díaz";"";"2740118042";"";"dtu";"2024";"";"";"";"";"thesis";"dtu|dtu_electronic|dtupub|dtupub_electronic";"";"";"";"";"";"";"";"";"";"";"";"";"";"";"";"";"und";"6722d8d562f7e2a51df9f6a2";"";"6722d8d562f7e2a51df9f6a2";"DTU Department of Electrical and Photonics Engineering";"sorbit";"sorbit";"Reconstruction of the sound field in a room from measurements with a moving microphone|Reconstruction of the sound field in a room from measurements with a moving microphone"
"";"dtu|dtupub|third_party";"";"2024-01-04T01:09:32.687Z";"Jakab, Richárd Benjámin";"";"2730752554";"";"dtu";"2023";"";"";"";"";"thesis";"dtu|dtu_electronic|dtupub|dtupub_electronic";"";"";"";"";"";"";"";"";"";"";"";"";"";"";"";"";"und";"6596054c7fbff92bb9516d39";"";"6596054c7fbff92bb9516d39";"DTU Department of Applied Mathematics and Computer Science";"sorbit";"sorbit";"Classifying content type and subreddit from thread structure on Reddit|Klassificering af indholdstype og subreddit fra strukturen af diskussionstrade pa Reddit"
"";"dtu|dtupub|third_party";"";"2024-03-19T01:09:37.959Z";"Quorning, Magnus|Lademann, Martin Buchanan|Enevoldsen, Sebastian Hahn";"";"2734486795";"";"dtu";"2024";"";"";"";"";"thesis";"dtu|dtu_electronic|dtupub|dtupub_electronic";"";"";"";"";"";"";"";"";"";"";"";"";"";"";"";"";"und";"65f8e5d143fdeb1e2ea1b1f2";"";"65f8e5d143fdeb1e2ea1b1f2";"DTU Department of Electrical and Photonics Engineering";"sorbit";"sorbit";"Data-Driven Modelling and Nonlinear Control for Autonomous In-Port Ferry Maneuvering|Datastyret Modellering og Ulineær Kontrol til Autonom Færgemanøvrering i Havn"
"";"dtu|dtupub|third_party";"";"2023-04-26T00:09:34.064Z";"Olsen, Ida Birgitte Lundtorp";"";"2723771217";"";"dtu";"2023";"";"";"";"";"thesis";"dtu|dtu_electronic|dtupub|dtupub_electronic";"";"";"";"";"";"";"";"";"";"";"";"";"";"";"";"";"und";"64486bbd30457811c2e560fc";"";"64486bbd30457811c2e560fc";"DTU Department of Space Research and Space Technology";"sorbit";"sorbit";"Optimal estimation of snow and ice parameters from microwave remote sensing|Kortlægning af sne og havis med mikrobølge radiometri"
"";"dtu|dtupub|third_party";"";"2024-08-05T00:32:38.125Z";"Paiman, Mechid";"";"2737992919";"";"dtu";"2024";"";"";"";"";"thesis";"dtu|dtu_electronic|dtupub|dtupub_electronic";"";"";"";"";"";"";"";"";"";"";"";"";"";"";"";"";"und";"66b01841852be0e8f341cec8";"";"66b01841852be0e8f341cec8";"DTU Department of Space Research and Space Technology";"sorbit";"sorbit";"Rotating black holes in two time dimensions|Roterende sorte huller i to tidsdimensioner"
"";"dtu|dtupub|third_party";"";"2024-09-10T09:15:02.788Z";"Olander, Julius";"";"2738184696";"";"dtu";"2024";"";"";"";"";"thesis";"dtu|dtu_electronic|dtupub|dtupub_electronic";"";"";"";"";"";"";"";"";"";"";"";"";"";"";"";"";"und";"66baa44faced0ce8f31653f5";"";"66baa44faced0ce8f31653f5";"DTU Department of Applied Mathematics and Computer Science";"sorbit";"sorbit";"Managing Unlabeled Data for Location Prediction Using Semantic Data|Handtering af ""unlabled"" Data til Lokationsforudsigelse ved Brug af Semantiske Data"
"";"dtu|dtupub|third_party";"";"2024-07-23T15:42:09.505Z";"Bentin, Lise-Lotte Larsen";"";"2737744414";"";"dtu";"2024";"";"";"";"";"thesis";"dtu|dtu_electronic|dtupub_external";"";"";"";"";"";"";"";"";"";"";"";"";"";"";"";"";"und";"669ef506f9517ee8f3ec1b3d";"";"669ef506f9517ee8f3ec1b3d";"DTU Department of Biotechnology and Biomedicine";"sorbit";"sorbit";"Development of nanobodies for the neutralization of virulence factors in E. coli: Nanobody discovery and characterization|Udvikling af nanobodies til neutralisering af virulensfaktorer i E. coli: Opdagelse og karakterisering af nanobodies"
"";"dtu|dtupub|third_party";"";"2024-07-10T00:10:01.843Z";"Pochareddy, Yashwanth Kutti";"";"2737511619";"";"dtu";"2024";"";"";"";"";"thesis";"dtu|dtu_electronic|dtupub|dtupub_electronic";"";"";"";"";"";"";"";"";"";"";"";"";"";"";"";"";"und";"668dd159da1d4bdc481f17c8";"";"668dd159da1d4bdc481f17c8";"DTU Department of Energy Conversion and Storage";"sorbit";"sorbit";"An open source dynamic optimization framework for sizing fuel cells and batteries in a fuel cells-battery hybrid electric power-train system|Et dynamisk open source optimeringsverktøj til dimensionering af brændselsceller og batterier i et hybrid brændselscelle-batteri elektrisk drivsystem"
"";"dtu|dtupub|third_party";"";"2024-09-10T09:15:02.386Z";"Olsen, Markus Ditlev Sjøgren";"";"2738325623";"";"dtu";"2024";"";"";"";"";"thesis";"dtu|dtu_electronic|dtupub|dtupub_electronic";"";"";"";"";"";"";"";"";"";"";"";"";"";"";"";"";"und";"66c3df04e550f0204cb7b2af";"";"66c3df04e550f0204cb7b2af";"DTU Department of Applied Mathematics and Computer Science";"sorbit";"sorbit";"Anomaly detection for fetal ultrasound imaging using out-of-distribution detection with diffusion models|Anomalidetektion for føtale ultralydsbilleder ved hjælp af out-of-distribution detektion med diffusionsmodeller"
"";"dtu|dtupub|third_party";"";"2024-07-13T06:38:13.572Z";"Sheraz, Fatima";"";"2737552161";"";"dtu";"2024";"";"";"";"";"thesis";"dtu|dtu_electronic|dtupub|dtupub_electronic";"";"";"";"";"";"";"";"";"";"";"";"";"";"";"";"";"und";"6691c5deda6a35e8f37eac84";"";"6691c5deda6a35e8f37eac84";"DTU Department of Electrical and Photonics Engineering";"sorbit";"sorbit";"A method of estimating energy consumption in mobile network|A method of estimating energy consumption in mobile network"
"";"dtu|dtupub|third_party";"";"2024-08-24T00:10:19.808Z";"Tedeschi, Valeria";"";"2738387887";"";"dtu";"2024";"";"";"";"";"thesis";"dtu|dtu_electronic|dtupub|dtupub_electronic";"";"";"";"";"";"";"";"";"";"";"";"";"";"";"";"";"und";"66c924da6ba6d5204c164304";"";"66c924da6ba6d5204c164304";"DTU Department of Health Technology";"sorbit";"sorbit";"Improving Stroke Rehabilitation: A Fusion of Personalized 3D User Interface Guidance and Brain-Computer Interface|Forbedring af slagtilfælde-rehabilitering: En fusion af personlig 3D-brugergrænsefladevejledning og hjerne-computergrænseflade"
"";"dtu|dtupub|third_party";"";"2024-07-23T15:42:09.581Z";"Jørgensen, Mikkel Godsk";"";"2737744439";"";"dtu";"2024";"";"";"";"";"thesis";"dtu|dtu_electronic|dtupub|dtupub_electronic";"";"";"";"";"";"";"";"";"";"";"";"";"";"";"";"";"und";"669ef5393cb936e8f32988f2";"";"669ef5393cb936e8f32988f2";"DTU Department of Applied Mathematics and Computer Science";"sorbit";"sorbit";"Large language models for educational technology|Store sprogmodeller til undervisningsteknologi"
"";"dtu|dtupub|third_party";"";"2024-08-05T00:32:37.947Z";"Mølgaard, Trine Søs|Olsen, Emil Vang";"";"2737992882";"";"dtu";"2024";"";"";"";"";"thesis";"dtu|dtu_electronic|dtupub|dtupub_electronic";"";"";"";"";"";"";"";"";"";"";"";"";"";"";"";"";"und";"66b0183e9574a0e8f39a67cf";"";"66b0183e9574a0e8f39a67cf";"DTU Department of Environmental and Resource Engineering";"sorbit";"sorbit";"Investigating the carbon footprint and resilience of HVAC systems in office buildings through simulation-based case studies|Undersøgelse af CO2-aftryk og modstandsdygtighed af HVAC systemer i kontorbyggeri gennem simuleringsbaserede casestudier"
"";"dtu|dtupub|third_party";"";"2024-09-22T00:09:53.572Z";"Lavric, Andrei";"";"2739199159";"";"dtu";"2024";"";"";"";"";"thesis";"dtu|dtu_electronic|dtupub|dtupub_electronic";"";"";"";"";"";"";"";"";"";"";"";"";"";"";"";"";"und";"66ef604fbce7ab43d98862c9";"";"66ef604fbce7ab43d98862c9";"DTU Department of Applied Mathematics and Computer Science";"sorbit";"sorbit";"Processor Simulator for Neural Architecture Search|Processorsimulator til neural arkitektursøgning"
"";"dtu|dtupub|third_party";"";"2023-03-15T01:09:44.961Z";"Rilau, Camilla Catharina Jul Mosgaard";"";"2720571556";"";"dtu";"2023";"";"";"";"";"thesis";"dtu|dtu_electronic|dtupub_external";"";"";"";"";"";"";"";"";"";"";"";"";"";"";"";"";"und";"64111ad7d2e05e3abb155bc0";"";"64111ad7d2e05e3abb155bc0";"DTU Department of Biotechnology and Biomedicine";"sorbit";"sorbit";"Glycoengineering of K562 cells and characterization of cell-derived exosomes|Glycoengineering of K562 cells and characterization of cell-derived exosomes"
"";"dtu|dtupub|third_party";"";"2023-08-07T00:10:19.676Z";"Sørensen, Kathrine Lerche Ipsen";"";"2727532272";"";"dtu";"2023";"";"";"";"";"thesis";"dtu|dtu_electronic|dtupub|dtupub_electronic";"";"";"";"";"";"";"";"";"";"";"";"";"";"";"";"";"und";"64d0366a66f5e81f4f513046";"";"64d0366a66f5e81f4f513046";"DTU Department of Applied Mathematics and Computer Science";"sorbit";"sorbit";"Benchmarking of techniques for estimation of parameters in stochastic differential equations|Benchmarking af teknikker til estimering af parametre i stokastiske differentialligninger"
"";"dtu|dtupub|third_party";"";"2023-08-16T00:10:51.167Z";"Bogø, Benjamin";"";"2727703749";"";"dtu";"2023";"";"";"";"";"thesis";"dtu|dtu_electronic|dtupub|dtupub_electronic";"";"";"";"";"";"";"";"";"";"";"";"";"";"";"";"";"und";"64dc140bc67e7520525f3fa2";"";"64dc140bc67e7520525f3fa2";"DTU Department of Applied Mathematics and Computer Science";"sorbit";"sorbit";"Character Classes and Bounded Gaps Pattern Matching|Mønstergenkendelse med karakterklasser og intervaller."
"";"dtu|dtupub|third_party";"";"2023-03-03T02:05:58.797Z";"Jensen, Kevin Farbæk|Bech-Nielsen, Martin";"";"2720125390";"";"dtu";"2023";"";"";"";"";"thesis";"dtu|dtu_electronic|dtupub|dtupub_electronic";"";"";"";"";"";"";"";"";"";"";"";"";"";"";"";"";"und";"640148e7bb8bcd3c12b12d65";"";"640148e7bb8bcd3c12b12d65";"DTU Department of Civil and Mechanical Engineering";"sorbit";"sorbit";"Pump system with computer vision feedback for purposes of fibre infused resin deposition with 6-axis robot arm|Pumpe og computervision system til additiv fremstilling af fiberforstærket kompositter produceret med 6 akset robotarm"
"";"dtu|dtupub|third_party";"";"2023-08-28T00:09:17.726Z";"Tena, Manuel Alberto Del Angel";"";"2727909679";"";"dtu";"2023";"";"";"";"";"thesis";"dtu|dtu_electronic|dtupub_external";"";"";"";"";"";"";"";"";"";"";"";"";"";"";"";"";"und";"64ebe5ad06b72e2052f176ea";"";"64ebe5ad06b72e2052f176ea";"DTU Department of Applied Mathematics and Computer Science";"sorbit";"sorbit";"Statistical analysis of an alarm system in manufacturing data|Statistisk analyse af alarm systemer i produktionsdata"
"";"dtu|dtupub|third_party";"";"2023-07-24T00:11:39.363Z";"Henriksen, Christopher Bonnevie";"";"2727253444";"";"dtu";"2023";"";"";"";"";"thesis";"dtu|dtu_electronic|dtupub|dtupub_electronic";"";"";"";"";"";"";"";"";"";"";"";"";"";"";"";"";"und";"64bdc1bae50cf831312595f2";"";"64bdc1bae50cf831312595f2";"DTU Department of Applied Mathematics and Computer Science";"sorbit";"sorbit";"Differential Cryptanalysis of CRAFT using a MILP-solver|Differentiel kryptanalyse af CRAFT ved hjælp af en MILP-solver"
"";"dtu|dtupub|third_party";"";"2023-08-05T00:10:33.339Z";"Darket, Peter Juul";"";"2727517051";"";"dtu";"2023";"";"";"";"";"thesis";"dtu|dtu_electronic|dtupub_external";"";"";"";"";"";"";"";"";"";"";"";"";"";"";"";"";"und";"64cd9379ca9a8e1f4f5681f5";"";"64cd9379ca9a8e1f4f5681f5";"DTU Department of Civil and Mechanical Engineering";"sorbit";"sorbit";"Improving agility for finished goods and raw materials at a company that owns the entire supply chain|Forbedret agilitet for færdigvarer og ravarer i en virksomhed, der ejer hele forsyningskæden"
"";"dtu|dtupub|third_party";"";"2023-07-30T00:11:02.565Z";"Mazzetti, Florence Zoë Marianne Celestine";"";"2727401031";"";"dtu";"2023";"";"";"";"";"thesis";"dtu|dtu_electronic|dtupub|dtupub_electronic";"";"";"";"";"";"";"";"";"";"";"";"";"";"";"";"";"und";"64c5aa96c16fe51f4f67d542";"";"64c5aa96c16fe51f4f67d542";"DTU Department of Health Technology";"sorbit";"sorbit";"Using eye-tracking glasses to characterise behaviour in real-life communication|Brug af eye-tracking briller til karakterisering af adfærd i virkelig kommunikation"
"";"dtu|dtupub|third_party";"";"2023-08-16T00:11:10.865Z";"Mahalingam, Utham";"";"2727703760";"";"dtu";"2023";"";"";"";"";"thesis";"dtu|dtu_electronic|dtupub|dtupub_electronic";"";"";"";"";"";"";"";"";"";"";"";"";"";"";"";"";"und";"64dc141e8f1ae32052e6d9e7";"";"64dc141e8f1ae32052e6d9e7";"DTU Department of Biotechnology and Biomedicine";"sorbit";"sorbit";"A standardized genome architecture for bacterial surface display / Genome Engineering|En standardiseret genomarkitektur for overfladeudtrykkelse i bakterier"
"";"dtu|dtupub|third_party";"";"2023-07-04T00:10:47.569Z";"Lech, Marta Ewa";"";"2726481129";"";"dtu";"2023";"";"";"";"";"thesis";"dtu|dtu_electronic|dtupub|dtupub_electronic";"";"";"";"";"";"";"";"";"";"";"";"";"";"";"";"";"und";"64a36387b7a5b9915200a9bd";"";"64a36387b7a5b9915200a9bd";"DTU Department of Applied Mathematics and Computer Science";"sorbit";"sorbit";"The dynamics of pop music charts: Is it getting harder to make a hit?|Hitlisters dynamik: Bliver det sværere at lave et hit?"
"";"dtu|dtupub|third_party";"";"2023-08-05T00:10:27.715Z";"Brødsgaard, Signe Wobeser";"";"2727516974";"";"dtu";"2023";"";"";"";"";"thesis";"dtu|dtu_electronic|dtupub|dtupub_electronic";"";"";"";"";"";"";"";"";"";"";"";"";"";"";"";"";"und";"64cd93731e83bf1f4f948ece";"";"64cd93731e83bf1f4f948ece";"DTU Department of Environmental and Resource Engineering";"sorbit";"sorbit";"Micropollutant removal from hospital wastewater by biofilm and membrane bioreactors|Fjernelse af mikroforurenende stoffer fra hospitalsspildevand ved hjælp af biofilm- og membranbioreaktorer"
"";"dtu|dtupub|third_party";"";"2023-07-16T00:10:48.755Z";"Cortés, Mario Lozano";"";"2727110912";"";"dtu";"2023";"";"";"";"";"thesis";"dtu|dtu_electronic|dtupub|dtupub_electronic";"";"";"";"";"";"";"";"";"";"";"";"";"";"";"";"";"und";"64b33588d7371c91527d06cf";"";"64b33588d7371c91527d06cf";"DTU Department of Applied Mathematics and Computer Science";"sorbit";"sorbit";"Subject-Driven Generation Techniques for Stable Diffusion Model|Emnedrevne generations teknikker til stabil diffusionsmodel"
"";"dtu|dtupub|third_party";"";"2023-08-06T00:11:01.482Z";"Bratsios, Dimitrios";"";"2727528788";"";"dtu";"2023";"";"";"";"";"thesis";"dtu|dtu_electronic|dtupub_external";"";"";"";"";"";"";"";"";"";"";"";"";"";"";"";"";"und";"64cee515e791181f4f7e398a";"";"64cee515e791181f4f7e398a";"DTU DTU National Food Institute";"sorbit";"sorbit";"Characterization of electrostatic spray drying and formulation of strict-anaerobe bacteria|Karakterisering af elektrostatisk spraytørring og formulering af strengt anaerobe bakterier"
"";"dtu|dtupub|third_party";"";"2024-03-20T01:09:50.669Z";"Pedersen, Marcus Møller|Xie, Ting";"";"2734505877";"";"dtu";"2024";"";"";"";"";"thesis";"dtu|dtu_electronic|dtupub|dtupub_electronic";"";"";"";"";"";"";"";"";"";"";"";"";"";"";"";"";"und";"65fa375eff13e31e2ef6ee6a";"";"65fa375eff13e31e2ef6ee6a";"DTU Department of Civil and Mechanical Engineering";"sorbit";"sorbit";"UX design of visual health data dashboard for the elderly based on fluid balance monitoring|UX design af visuel sundhedsdata dashboard til ældre baseret pa fluid balance monitoring"
"";"dtu|dtupub|third_party";"";"2024-04-10T00:09:43.302Z";"Ari, Alparslan Barbaros";"";"2735483373";"";"dtu";"2024";"";"";"";"";"thesis";"dtu|dtu_electronic|dtupub|dtupub_electronic";"";"";"";"";"";"";"";"";"";"";"";"";"";"";"";"";"und";"6615d8c75107471a24ecec64";"";"6615d8c75107471a24ecec64";"DTU Department of Technology, Management and Economics";"sorbit";"sorbit";"Full-Stack Development for a Human Digital Twin-based stroke rehabilitation system|Full-stack udvikling af et stroke rehabiliterings system baseret pa human digital tvilling"
"";"dtu|dtupub|third_party";"";"2024-04-01T00:10:01.868Z";"Jóhannsson, Àsmundur";"";"2735269672";"";"dtu";"2024";"";"";"";"";"thesis";"dtu|dtu_electronic|dtupub_external";"";"";"";"";"";"";"";"";"";"";"";"";"";"";"";"";"und";"6609fb59c508821e2e06bb05";"";"6609fb59c508821e2e06bb05";"DTU Department of Technology, Management and Economics";"sorbit";"sorbit";"Transport demand predictions of Micromobility modes for Reykjavík|Prediktion af transportefterspørgsel for mikromobilitet i Reykjavik"
"";"dtu|dtupub|third_party";"";"2024-07-23T15:42:09.404Z";"Nicolaisen, Peter Dalsgaard";"";"2737744387";"";"dtu";"2024";"";"";"";"";"thesis";"dtu|dtu_electronic|dtupub|dtupub_electronic";"";"";"";"";"";"";"";"";"";"";"";"";"";"";"";"";"und";"669ef4e627f146e8f3077e57";"";"669ef4e627f146e8f3077e57";"DTU Department of Health Technology";"sorbit";"sorbit";"Design, Fabrication and Characterization of Capacitive Micromachined Ultrasound Transducers (CMUT)|Design, fabrikation og karakterisering af kapacitive mikrofremstillede ultralyds transducere (CMUT)"
"";"dtu|dtupub|third_party";"";"2024-05-30T00:09:46.506Z";"Nissen, Rasmus Juul";"";"2736587369";"";"dtu";"2024";"";"";"";"";"thesis";"dtu|dtu_electronic|dtupub|dtupub_electronic";"";"";"";"";"";"";"";"";"";"";"";"";"";"";"";"";"und";"6657c3ca6385f3175acd95a3";"";"6657c3ca6385f3175acd95a3";"DTU Department of Civil and Mechanical Engineering";"sorbit";"sorbit";"Establishment of absolute acceptance criteria in fire safety engineering with a probabilistic approach|Etablering af absolutte acceptkriterier til brug for brandsikring af byggeri med en probabilistisk tilgang"
"";"dtu|dtupub|third_party";"";"2024-03-03T01:30:45.017Z";"Czerwinska, Marta Wioletta";"";"2734025145";"";"dtu";"2024";"";"";"";"";"thesis";"dtu|dtu_electronic|dtupub|dtupub_electronic";"";"";"";"";"";"";"";"";"";"";"";"";"";"";"";"";"und";"65e3cdd656e74f149e96d2d5";"";"65e3cdd656e74f149e96d2d5";"DTU Department of Wind and Energy Systems";"sorbit";"sorbit";"Exploring socio-technical resilience in wind energy systems: Analysis of extreme weather mitigation strategies|Socio-teknisk undersøgelse af robustheden af vindmølleparker. En analyse af strategier til afbødning af ekstremt vejr"
"";"dtu|dtupub|third_party";"";"2024-02-28T01:24:29.001Z";"Papp, Csongor";"";"2733712736";"";"dtu";"2024";"";"";"";"";"thesis";"dtu|dtu_electronic|dtupub_external";"";"";"";"";"";"";"";"";"";"";"";"";"";"";"";"";"und";"65de881ec6aed30174b94fb2";"";"65de881ec6aed30174b94fb2";"DTU Department of Civil and Mechanical Engineering";"sorbit";"sorbit";"Simulation-driven design for Assembly|Simulation-driven design for Assembly"
"";"dtu|dtupub|third_party";"";"2024-05-28T00:09:43.721Z";"Siddigi, Shuhab|Høier, Nicolai";"";"2736552645";"";"dtu";"2024";"";"";"";"";"thesis";"dtu|dtu_electronic|dtupub_external";"";"";"";"";"";"";"";"";"";"";"";"";"";"";"";"";"und";"665520c61acc762a482b19e6";"";"665520c61acc762a482b19e6";"DTU Department of Engineering Technology and Didactics";"sorbit";"sorbit";"CMMC 2.0: An Implementation Strategy for Achieving Compliance in a Multi-Tenancy Infrastructure|CMMC 2.0: En implementeringsstrategi for at opna overholdelse i en infrastruktur med multi-tenancy"
"";"dtu|dtupub|third_party";"";"2024-03-02T02:05:31.941Z";"Folch, Josep Blazquez";"";"2733987529";"";"dtu";"2024";"";"";"";"";"thesis";"dtu|dtu_electronic|dtupub|dtupub_electronic";"";"";"";"";"";"";"";"";"";"";"";"";"";"";"";"";"und";"65e27c5278cc34149efe0338";"";"65e27c5278cc34149efe0338";"DTU Department of Electrical and Photonics Engineering";"sorbit";"sorbit";"Detection of artifacts in infrared images and video of PV solar panels|Detektion af fejl ved brug af infrarøde billeder og video af PV solpaneler"
"";"dtu|dtupub|third_party";"";"2024-04-01T00:09:44.852Z";"Alrik, Stefan Ulstrup";"";"2735269621";"";"dtu";"2024";"";"";"";"";"thesis";"dtu|dtu_electronic|dtupub_external";"";"";"";"";"";"";"";"";"";"";"";"";"";"";"";"";"und";"6609fb482f2d841e2ef11c3a";"";"6609fb482f2d841e2ef11c3a";"DTU Department of Civil and Mechanical Engineering";"sorbit";"sorbit";"Bonded-in Rods for structural timber connections|Bonded-in Rods for structural timber connections"
"";"dtu|dtupub|third_party";"";"2023-03-04T06:55:14.967Z";"Metz, Christian Jannik";"";"2720214417";"";"dtu";"2023";"";"";"";"";"thesis";"dtu|dtu_electronic|dtupub_external";"";"";"";"";"";"";"";"";"";"";"";"";"";"";"";"";"und";"6402eb4c032e9f3c459da2fb";"";"6402eb4c032e9f3c459da2fb";"DTU Department of Electrical and Photonics Engineering";"sorbit";"sorbit";"Functional Safety Methods for Vision-equipped Autonomous Agricultural Vehicles|Functional Safety Methods for Vision-equipped Autonomous Agricultural Vehicles"
"";"dtu|dtupub|third_party";"";"2023-02-22T01:09:58.672Z";"Warhuus, Christopher Scott";"";"2718825270";"";"dtu";"2023";"";"";"";"";"thesis";"dtu|dtu_electronic|dtupub_external";"";"";"";"";"";"";"";"";"";"";"";"";"";"";"";"";"und";"63f56b6632bebd91f7cbc39c";"";"63f56b6632bebd91f7cbc39c";"DTU Department of Applied Mathematics and Computer Science";"sorbit";"sorbit";"Machine learning for Raman spectroscopy in cell cultivation processes: seeking a Bayesian approach|Real-time modellering af vækstparametre i cellekultiveringsprocesser"
"";"dtu|dtupub|third_party";"";"2023-04-24T00:09:32.509Z";"Rasmussen, Oliver Ællengsgaard Green";"";"2723721695";"";"dtu";"2023";"";"";"";"";"thesis";"dtu|dtu_electronic|dtupub|dtupub_electronic";"";"";"";"";"";"";"";"";"";"";"";"";"";"";"";"";"und";"6445c8bbdba23e11c2e8b092";"";"6445c8bbdba23e11c2e8b092";"DTU Department of Applied Mathematics and Computer Science";"sorbit";"sorbit";"Improving Mock Testing: Handling Changes in the Behavior of Mocked Services|Forbedring af mock-testing: Handtering af ændringer i opførslen af imiterede services"
"";"dtu|dtupub|third_party";"";"2023-04-17T06:47:23.075Z";"Todaro, Matteo";"";"2723591778";"";"dtu";"2023";"";"";"";"";"thesis";"dtu|dtu_electronic|dtupub|dtupub_electronic";"";"";"";"";"";"";"";"";"";"";"";"";"";"";"";"";"und";"643b3cb78c2c653fde5bcc53";"";"643b3cb78c2c653fde5bcc53";"DTU Department of Civil and Mechanical Engineering";"sorbit";"sorbit";"Characterization and Experimental Testing of Additively Manufactured PEEK Dies in Polymer Extrusion|Karakterisering og eksperimentel test af additivt fremstillede PEEK-matricer i polymerekstrudering"
"";"dtu|dtupub|third_party";"";"2023-06-29T00:09:55.068Z";"Funder, Laura Bjerg Rasmussen";"";"2726324206";"";"dtu";"2023";"";"";"";"";"thesis";"dtu|dtu_electronic|dtupub|dtupub_electronic";"";"";"";"";"";"";"";"";"";"";"";"";"";"";"";"";"und";"649ccbd274653f017c3d8e6b";"";"649ccbd274653f017c3d8e6b";"DTU Department of Civil and Mechanical Engineering";"sorbit";"sorbit";"microstructure manufacturing for efficient thermal transfer|fremstilling af mikrostrukturer for effektiv varmeveksling"
"";"dtu|dtupub|third_party";"";"2023-08-23T00:09:37.901Z";"Andersen, Frederik Lykke";"";"2727838110";"";"dtu";"2023";"";"";"";"";"thesis";"dtu|dtu_electronic|dtupub|dtupub_electronic";"";"";"";"";"";"";"";"";"";"";"";"";"";"";"";"";"und";"64e54e41ff406920522c3bc8";"";"64e54e41ff406920522c3bc8";"DTU Department of Electrical and Photonics Engineering";"sorbit";"sorbit";"Implementation of Controllers for operating an USV|Implementation of Controllers for operating an USV"
"";"dtu|dtupub|third_party";"";"2024-04-14T00:09:47.379Z";"Lynggaard, Lydia Elkær";"";"2735550025";"";"dtu";"2024";"";"";"";"";"thesis";"dtu|dtu_electronic|dtupub|dtupub_electronic";"";"";"";"";"";"";"";"";"";"";"";"";"";"";"";"";"und";"661b1ecbb980881afdbfe032";"";"661b1ecbb980881afdbfe032";"DTU Department of Technology, Management and Economics";"sorbit";"sorbit";"Application of generative Artificial Intelligence in Design Processes|Anvendelse af generativ kunstig intelligens i designprocesser"
"";"dtu|dtupub|third_party";"";"2024-03-13T01:51:47.916Z";"Shiv, Shai Hvid";"";"2734350178";"";"dtu";"2024";"";"";"";"";"thesis";"dtu|dtu_electronic|dtupub_external";"";"";"";"";"";"";"";"";"";"";"";"";"";"";"";"";"und";"65f0fccf313f721637373ad0";"";"65f0fccf313f721637373ad0";"DTU Department of Chemical and Biochemical Engineering";"sorbit";"sorbit";"Technoeconomic Performance of Alternative Carbon Capture Solvents|Teknoøkonomisk analyse af alternative solventer til CO2-fangst"
"";"dtu|dtupub|third_party";"";"2024-01-03T01:09:26.355Z";"Filtenborg, Kirstine Glerup";"";"2730728786";"";"dtu";"2023";"";"";"";"";"thesis";"dtu|dtu_electronic|dtupub_external";"";"";"";"";"";"";"";"";"";"";"";"";"";"";"";"";"und";"6594b3c52a62a92bb9f8cf2c";"";"6594b3c52a62a92bb9f8cf2c";"DTU DTU National Food Institute";"sorbit";"sorbit";"Alternative approaches for the microencapsulation and oxidative stability of lipophilic bioactive compounds’|Alternative tilgange til mikroindkapsling og oxidativ stabilitet af lipofile bioaktive stoffer"
"";"dtu|dtupub|third_party";"";"2023-09-06T00:09:37.394Z";"Szykula, Jakub Marcin";"";"2728154045";"";"dtu";"2023";"";"";"";"";"thesis";"dtu|dtu_electronic|dtupub_external";"";"";"";"";"";"";"";"";"";"";"";"";"";"";"";"";"und";"64f7c341ae1fa422d1fb807c";"";"64f7c341ae1fa422d1fb807c";"DTU Department of Civil and Mechanical Engineering";"sorbit";"sorbit";"Hydrogen gas for corrosion control of Ni-based alloys in molten NaOH|Korrosionskontrol med hydrogen gas af nikkellegeringer i smeltet NaOH"
"";"dtu|dtupub|third_party";"";"2023-07-31T00:11:52.283Z";"Varga, Friderika Dora";"";"2727406417";"";"dtu";"2023";"";"";"";"";"thesis";"dtu|dtu_electronic|dtupub|dtupub_electronic";"";"";"";"";"";"";"";"";"";"";"";"";"";"";"";"";"und";"64c6fc4855c3161f4fd08c67";"";"64c6fc4855c3161f4fd08c67";"DTU Department of Chemical and Biochemical Engineering";"sorbit";"sorbit";"Superior antifouling coatings for grooming technologies|Overlegne antifouling-coatings til grooming-teknologier"
"";"dtu|dtupub|third_party";"";"2023-07-24T00:12:46.019Z";"Jensson, Vilhjálmur Kári";"";"2727253577";"";"dtu";"2023";"";"";"";"";"thesis";"dtu|dtu_electronic|dtupub_external";"";"";"";"";"";"";"";"";"";"";"";"";"";"";"";"";"und";"64bdc1fd63777a31314f2f3c";"";"64bdc1fd63777a31314f2f3c";"DTU Department of Applied Mathematics and Computer Science";"sorbit";"sorbit";"A Deep Learning-based Approach for Camera Calibration in Golf Broadcasting|En deep learnings-baseret tilgang til kamerakalibrering i golfudsendelser"
"";"dtu|dtupub|third_party";"";"2023-07-31T00:11:44.668Z";"Martini, Markus Simon De";"";"2727406403";"";"dtu";"2023";"";"";"";"";"thesis";"dtu|dtu_electronic|dtupub|dtupub_electronic";"";"";"";"";"";"";"";"";"";"";"";"";"";"";"";"";"und";"64c6fc40d3d35a1f4fb94998";"";"64c6fc40d3d35a1f4fb94998";"DTU Department of Chemical and Biochemical Engineering";"sorbit";"sorbit";"Comparison of enzyme immobilization strategies: PE-based support in enzymatic membrane reactor (MBR) and encapsulation in Metal Organic Framework (MOF) structures|PE-baseret support i enzymatisk membranreaktor (MBR) og indkapsling i metal organisk framework (MOF) strukturer"
"";"dtu|dtupub|third_party";"";"2023-07-24T00:11:59.176Z";"Martini, Dávid";"";"2727253476";"";"dtu";"2023";"";"";"";"";"thesis";"dtu|dtu_electronic|dtupub|dtupub_electronic";"";"";"";"";"";"";"";"";"";"";"";"";"";"";"";"";"und";"64bdc1ceede2b23131cf8d38";"";"64bdc1ceede2b23131cf8d38";"DTU Department of Wind and Energy Systems";"sorbit";"sorbit";"Advanced modelling of offshore energy hubs for real-time demonstrations|Avanceret modellering af offshore energihubs til realtidsdemonstrationer"
"";"dtu|dtupub|third_party";"";"2024-11-26T01:19:22.570Z";"Ahmid, Rema Jamal";"";"2852769585";"";"dtu";"2024";"";"";"";"";"thesis";"dtu|dtu_electronic|dtupub_external";"";"";"";"";"";"";"";"";"";"";"";"";"";"";"";"";"und";"67451fdddf50a76e02b73590";"";"67451fdddf50a76e02b73590";"DTU Department of Space Research and Space Technology";"sorbit";"sorbit";"Phased arrays for space applications exploiting 3D geometries and additive manufacturing|Fasearrays til rumapplikationer: udnyttelse af 3D-geometrier og additiv fremstilling."
"";"dtu|dtupub|third_party";"";"2024-08-01T06:44:39.027Z";"Nielsen, Jakob Tore Kammeyer";"";"2737905514";"";"dtu";"2024";"";"";"";"";"thesis";"dtu|dtu_electronic|dtupub|dtupub_electronic";"";"";"";"";"";"";"";"";"";"";"";"";"";"";"";"";"und";"66a98134232161e8f37e9419";"";"66a98134232161e8f37e9419";"DTU Department of Applied Mathematics and Computer Science";"sorbit";"sorbit";"Generalized Gaussian quadratures in computational electromagnetics|Generaliserede Gaussiske kvadraturregler i elektromagnetiske beregninger"
"";"dtu|dtupub|third_party";"";"2023-03-04T06:55:03.209Z";"Bruun, Daniel Graungaard";"";"2720214005";"";"dtu";"2023";"";"";"";"";"thesis";"dtu|dtu_electronic|dtupub_external";"";"";"";"";"";"";"";"";"";"";"";"";"";"";"";"";"und";"6402eb3ab45f5b3c458b5cab";"";"6402eb3ab45f5b3c458b5cab";"DTU Department of Physics";"sorbit";"sorbit";"Investigations of catalysts for N2O abatement|Undersøgelse af katalysatorer til reduktion af N2O"
"";"dtu|dtupub|third_party";"";"2024-12-18T01:26:34.981Z";"Deichmann, Mathilde";"";"2854137642";"";"dtu";"2024";"";"";"";"";"thesis";"dtu|dtu_electronic|dtupub_external";"";"";"";"";"";"";"";"";"";"";"";"";"";"";"";"";"und";"676220cfae74e3a804f308d5";"";"676220cfae74e3a804f308d5";"DTU Department of Biotechnology and Biomedicine";"sorbit";"sorbit";"Optimization and characterization of the bleomycin-induced mouse model of chronic obstructive pulmonary disease|Optimering og karakterisering af den bleomycin-inducerede musemodel for kronisk obstruktiv lungesygdom"
"";"dtu|dtupub|third_party";"";"2024-09-10T09:15:06.616Z";"Beck, Oscar Parsholt";"";"2737227021";"";"dtu";"2024";"";"";"";"";"thesis";"dtu|dtu_electronic|dtupub_external";"";"";"";"";"";"";"";"";"";"";"";"";"";"";"";"";"und";"668496df1869ca1cdf7e6933";"";"668496df1869ca1cdf7e6933";"DTU Department of Applied Mathematics and Computer Science";"sorbit";"sorbit";"Sales Forecasting medical supply|Salgsforusigelser af medicinske produkter"
"";"dtu|dtupub|third_party";"";"2024-11-28T01:31:10.862Z";"Larsen, Danni";"";"2852891473";"";"dtu";"2024";"";"";"";"";"thesis";"dtu|dtu_electronic|dtupub|dtupub_electronic";"";"";"";"";"";"";"";"";"";"";"";"";"";"";"";"";"und";"6747c2da8c954c6e02ec0ed7";"";"6747c2da8c954c6e02ec0ed7";"DTU Department of Civil and Mechanical Engineering";"sorbit";"sorbit";"The effect of training and warning on the evacuation process of ""at risk"" individuals|Indflydelse af træning og varsling pa evakuerings process for ”at Risk” personer."
"";"dtu|dtupub|third_party";"";"2023-08-07T00:10:24.785Z";"Vega, Jose Seijas";"";"2727532276";"";"dtu";"2023";"";"";"";"";"thesis";"dtu|dtu_electronic|dtupub|dtupub_electronic";"";"";"";"";"";"";"";"";"";"";"";"";"";"";"";"";"und";"64d036709f70511f4f78cd22";"";"64d036709f70511f4f78cd22";"DTU Department of Applied Mathematics and Computer Science";"sorbit";"sorbit";"Complexity of dependence logic|Kompleksitet af afhængighedslogik"
"";"dtu|dtupub|third_party";"";"2024-03-14T07:14:54.924Z";"Lazzari, Tomas";"";"2734362878";"";"dtu";"2024";"";"";"";"";"thesis";"dtu|dtu_electronic|dtupub|dtupub_electronic";"";"";"";"";"";"";"";"";"";"";"";"";"";"";"";"";"und";"65f2a3dd6d8c391e232f5ffa";"";"65f2a3dd6d8c391e232f5ffa";"DTU Department of Environmental and Resource Engineering";"sorbit";"sorbit";"Car fleet decarbonization in Hempel|Dekarbonisering af Hempel’s bilflade"
"";"dtu|dtupub|third_party";"";"2024-12-02T01:35:38.483Z";"Georgakopoulou, Eleni";"";"2852964325";"";"dtu";"2024";"";"";"";"";"thesis";"dtu|dtu_electronic|dtupub|dtupub_electronic";"";"";"";"";"";"";"";"";"";"";"";"";"";"";"";"";"und";"674d08cffd5e787747159cd2";"";"674d08cffd5e787747159cd2";"DTU Department of Civil and Mechanical Engineering";"sorbit";"sorbit";"Post-occupancy evaluation of histological lab in DTU – Completing the missing link in building design process|Evaluering efter ibrugtagning af histologilaboratorium pa DTU - Fuldførelse af det manglende led i bygningsdesignprocessen"
"";"dtu|dtupub|third_party";"";"2023-08-01T00:10:30.975Z";"Helgadóttir, Hulda Kristín";"";"2727447062";"";"dtu";"2023";"";"";"";"";"thesis";"dtu|dtu_electronic|dtupub_external";"";"";"";"";"";"";"";"";"";"";"";"";"";"";"";"";"und";"64c84d761e453a1f4fe5b83f";"";"64c84d761e453a1f4fe5b83f";"DTU Department of Chemical and Biochemical Engineering";"sorbit";"sorbit";"Investigation of silica precipitation in a geothermal production process|Analyse af silikatudfældninger ved geotermisk produktion"
"";"dtu|dtupub|third_party";"";"2024-07-30T12:38:08.826Z";"Petersen, Filip Petri";"";"2737859073";"";"dtu";"2024";"";"";"";"";"thesis";"dtu|dtu_electronic|dtupub|dtupub_electronic";"";"";"";"";"";"";"";"";"";"";"";"";"";"";"";"";"und";"66a82fe06d1187e8f391319f";"";"66a82fe06d1187e8f391319f";"DTU Department of Wind and Energy Systems";"sorbit";"sorbit";"Techno-economic analysis of energy storage technologies under different use cases|Teknoøkonomisk analyse af energilagringsteknologier for forskellige brugsscenarier"
"";"dtu|dtupub|third_party";"";"2023-07-31T00:11:22.197Z";"Aalto, Jesse Jaakko";"";"2727406371";"";"dtu";"2023";"";"";"";"";"thesis";"dtu|dtu_electronic|dtupub|dtupub_electronic";"";"";"";"";"";"";"";"";"";"";"";"";"";"";"";"";"und";"64c6fc2a3720a11f4fb5cf64";"";"64c6fc2a3720a11f4fb5cf64";"DTU Department of Civil and Mechanical Engineering";"sorbit";"sorbit";"Contribution of passive solar shadings to indoor climate in old school buildings|Passiv solafskærmnings indflydelse pa indeklimaet i ældre skoler"
"";"dtu|dtupub|third_party";"";"2024-07-24T16:20:20.271Z";"Larsen, Oliver Fænø";"";"2737761925";"";"dtu";"2024";"";"";"";"";"thesis";"dtu|dtu_electronic|dtupub|dtupub_electronic";"";"";"";"";"";"";"";"";"";"";"";"";"";"";"";"";"und";"66a046a1698348e8f3481dbe";"";"66a046a1698348e8f3481dbe";"DTU Department of Health Technology";"sorbit";"sorbit";"Functional and Clonal Differences of SARS-CoV-2-Specific CD8+ T Cells|Funktionelle og klonale forskelle mellem SARS-CoV-2-specifikke CD8+ T-celler"
"";"dtu|dtupub|third_party";"";"2023-07-23T00:10:54.090Z";"Fudickar, Tobias";"";"2727248923";"";"dtu";"2023";"";"";"";"";"thesis";"dtu|dtu_electronic|dtupub|dtupub_electronic";"";"";"";"";"";"";"";"";"";"";"";"";"";"";"";"";"und";"64bc700eb1b2ca313163c63c";"";"64bc700eb1b2ca313163c63c";"DTU Department of Technology, Management and Economics";"sorbit";"sorbit";"How to do it right? Exploring crowdsourcing from a management perspective|Hvordan gør man det rigtigt? Udforskning af crowdsourcing fra et ledelsesperspektiv"
"";"dtu|dtupub|third_party";"";"2024-07-22T05:15:05.164Z";"Rasmussen, Kasper Juul Hesse";"";"2737702132";"";"dtu";"2024";"";"";"";"";"thesis";"dtu|dtu_electronic|dtupub|dtupub_electronic";"";"";"";"";"";"";"";"";"";"";"";"";"";"";"";"";"und";"669da344dd1c90e8f3f97411";"";"669da344dd1c90e8f3f97411";"DTU Department of Applied Mathematics and Computer Science";"sorbit";"sorbit";"Analysis and hardware implementation of compression algorithm in hearing aids|Analyse og implementering af kompressionsalgoritme til høreapparater"
"";"dtu|dtupub|third_party";"";"2023-09-12T00:09:28.858Z";"Aracil, Julia Camara";"";"2728239857";"";"dtu";"2023";"";"";"";"";"thesis";"dtu|dtu_electronic|dtupub|dtupub_electronic";"";"";"";"";"";"";"";"";"";"";"";"";"";"";"";"";"und";"64ffac37fd947023c6e64670";"";"64ffac37fd947023c6e64670";"DTU Department of Health Technology";"sorbit";"sorbit";"Emotion Classification using Self Supervised learning with a brain computer interface device|Følelsesklassificering ved hjælp af selvovervaget læring med en hjernecomputerinterfaceenhed"
"";"dtu|dtupub|third_party";"";"2023-05-23T00:10:06.542Z";"Carstensen, William Vang";"";"2724522319";"";"dtu";"2023";"";"";"";"";"thesis";"dtu|dtu_electronic|dtupub|dtupub_electronic";"";"";"";"";"";"";"";"";"";"";"";"";"";"";"";"";"und";"646c045e705cf32aa58e0a2f";"";"646c045e705cf32aa58e0a2f";"DTU Department of Electrical and Photonics Engineering";"sorbit";"sorbit";"Nonlinear multidimensional terahertz spectroscopy of novel materials|Ikke-lineær, multidimensionel terahertz spectroskopi pa moderne materialer"
"";"dtu|dtupub|third_party";"";"2023-03-19T01:09:40.090Z";"Träff, Thomas Robert";"";"2721554443";"";"dtu";"2023";"";"";"";"";"thesis";"dtu|dtu_electronic|dtupub|dtupub_electronic";"";"";"";"";"";"";"";"";"";"";"";"";"";"";"";"";"und";"641660d2ee7fcd3abba7b494";"";"641660d2ee7fcd3abba7b494";"DTU Department of Applied Mathematics and Computer Science";"sorbit";"sorbit";"Implementation and Evaluation of Multivariate Estimation-of-Distribution Algorithms|Implementering og evaluering af multivariate estimation-of-distribution-algoritmer"
"";"dtu|dtupub|third_party";"";"2023-07-27T00:10:25.638Z";"Buscaglia, Alessia";"";"2727348770";"";"dtu";"2023";"";"";"";"";"thesis";"dtu|dtu_electronic|dtupub|dtupub_electronic";"";"";"";"";"";"";"";"";"";"";"";"";"";"";"";"";"und";"64c1b5f1512fe731319be542";"";"64c1b5f1512fe731319be542";"DTU Department of Health Technology";"sorbit";"sorbit";"Comparison of denoising techniques to improve detection sensitivity to metabolic changes in functional magnetic resonance spectroscopy during peripheral nerve stimulation|Sammenligning af teknikker til fjernelse af støj for øgning af malesensitivitet af metaboliske ændringer ved funktionel magnetisk resonans spektroskopi under perifer nervestimulation"
"";"dtu|dtupub|third_party";"";"2023-03-09T11:54:57.336Z";"Nielsen, Oskar Gram";"";"2720391547";"";"dtu";"2023";"";"";"";"";"thesis";"dtu|dtu_electronic|dtupub|dtupub_electronic";"";"";"";"";"";"";"";"";"";"";"";"";"";"";"";"";"und";"640931da8134193d040cca88";"";"640931da8134193d040cca88";"DTU Department of Civil and Mechanical Engineering";"sorbit";"sorbit";"Building a system architecture capable of representing LCA calculations|Bygge en systemarkitektur i stand til at repræsentere LCA udregninger"
"";"dtu|dtupub|third_party";"";"2023-11-20T08:54:47.807Z";"Radovic, Andrej";"";"2729836727";"";"dtu";"2023";"";"";"";"";"thesis";"dtu|dtu_electronic|dtupub|dtupub_electronic";"";"";"";"";"";"";"";"";"";"";"";"";"";"";"";"";"und";"65541a43f0882d0487b6d64b";"";"65541a43f0882d0487b6d64b";"DTU Department of Civil and Mechanical Engineering";"sorbit";"sorbit";"Modeling of the response to fire of hollow closed steel profiles with trapped water content|Modeling of the response to fire of hollow closed steel profiles with trapped moisture content"
"";"dtu|dtupub|third_party";"";"2023-04-01T00:09:37.038Z";"Nielsen, Rikke Vilsøe";"";"2723340176";"";"dtu";"2023";"";"";"";"";"thesis";"dtu|dtu_electronic|dtupub_external";"";"";"";"";"";"";"";"";"";"";"";"";"";"";"";"";"und";"6427764087ee2b3d3cb70250";"";"6427764087ee2b3d3cb70250";"DTU Department of Chemical and Biochemical Engineering";"sorbit";"sorbit";"A stochastic approach for operational readiness in API pharmaceutical manufacturing|En stokastisk tilgang til operationel parathed i API produktion"
"";"dtu|dtupub|third_party";"";"2023-07-08T00:11:00.832Z";"Tsiakoumi, Eirini";"";"2726960779";"";"dtu";"2023";"";"";"";"";"thesis";"dtu|dtu_electronic|dtupub|dtupub_electronic";"";"";"";"";"";"";"";"";"";"";"";"";"";"";"";"";"und";"64a8a9931697739152951c8e";"";"64a8a9931697739152951c8e";"DTU Department of Environmental and Resource Engineering";"sorbit";"sorbit";"Examination of fired clay bricks prior to potential reuse|Undersøgelse af mursten forud for potentiel genbrug"
"";"dtu|dtupub|third_party";"";"2023-08-22T00:11:27.182Z";"Bissett, Benjamin Wilson Windels";"";"2727821614";"";"dtu";"2023";"";"";"";"";"thesis";"dtu|dtu_electronic|dtupub_external";"";"";"";"";"";"";"";"";"";"";"";"";"";"";"";"";"und";"64e3fd2f27ff3d20524a2d3f";"";"64e3fd2f27ff3d20524a2d3f";"DTU Department of Applied Mathematics and Computer Science";"sorbit";"sorbit";"A framework for improving the cyber security posture of the Danish State Railways|Strukturering af forbedringen af de Danske Statsbaners cybersikkerhed"
"";"dtu|dtupub|third_party";"";"2024-07-22T05:15:05.174Z";"Lindberg, Inke";"";"2737702147";"";"dtu";"2024";"";"";"";"";"thesis";"dtu|dtu_electronic|dtupub|dtupub_electronic";"";"";"";"";"";"";"";"";"";"";"";"";"";"";"";"";"und";"669da34b25d35ee8f37b2d5f";"";"669da34b25d35ee8f37b2d5f";"DTU Department of Civil and Mechanical Engineering";"sorbit";"sorbit";"A Taxonomy and Pattern Language for Fire Safety in Residential Buildings based on Universal Design|Prisomkostninger for universelle løsninger boliger"
"";"dtu|dtupub|third_party";"";"2024-09-11T00:40:23.799Z";"Münsberg, Lise Meidahl";"";"2738996658";"";"dtu";"2024";"";"";"";"";"thesis";"dtu|dtu_electronic|dtupub_external";"";"";"";"";"";"";"";"";"";"";"";"";"";"";"";"";"und";"66e0dff92202d327f0d6fe06";"";"66e0dff92202d327f0d6fe06";"DTU Department of Applied Mathematics and Computer Science";"sorbit";"sorbit";"Improving Financial Platform for Live-Chat Functionality through Topic Analysis of Chat and User Behavioural Data|Forbedring af “live-chat” funktionalitet af Finansiel Platform gennem emne-analyse af tekst-trade og brugeropførsel"
"";"dtu|dtupub|third_party";"";"2023-02-22T01:09:48.930Z";"Larsen, Simone Mammen";"";"2718825083";"";"dtu";"2023";"";"";"";"";"thesis";"dtu|dtu_electronic|dtupub_external";"";"";"";"";"";"";"";"";"";"";"";"";"";"";"";"";"und";"63f56b5c7fac1291f7f1a92a";"";"63f56b5c7fac1291f7f1a92a";"DTU Department of Biotechnology and Biomedicine";"sorbit";"sorbit";"Isolation and characterization of IgG2/3 from camel milk/colostrum and its expected degradation pattern in the human gastrointestinal tract|Isolering og karakterisering af IgG2/3 fra kamelmælk/kolostrum og dets forventede nedbrydningsmønster i det humane mavetarmsystem"
"";"dtu|dtupub|third_party";"";"2023-09-06T00:09:38.883Z";"Færch, Camilla";"";"2728154063";"";"dtu";"2023";"";"";"";"";"thesis";"dtu|dtu_electronic|dtupub_external";"";"";"";"";"";"";"";"";"";"";"";"";"";"";"";"";"und";"64f7c342d3627322d1466175";"";"64f7c342d3627322d1466175";"DTU Department of Applied Mathematics and Computer Science";"sorbit";"sorbit";"Phishing Detection through Semantic Analysis of Emails|Phishing-detektion gennem semantisk analyse af e-mails"
"";"dtu|dtupub|third_party";"";"2023-02-22T01:09:33.265Z";"Salim, Marwa";"";"2718824896";"";"dtu";"2023";"";"";"";"";"thesis";"dtu|dtu_electronic|dtupub|dtupub_electronic";"";"";"";"";"";"";"";"";"";"";"";"";"";"";"";"";"und";"63f56b4d212d0691f787ae32";"";"63f56b4d212d0691f787ae32";"DTU Department of Environmental and Resource Engineering";"sorbit";"sorbit";"Life cycle assessment of management options for post-consumer textile waste|Livscyklusvurdering af handteringsmuligheder for post-consumer tekstilaffald"
"";"dtu|dtupub|third_party";"";"2023-02-21T01:09:29.523Z";"Laugesen, Asta Lili";"";"2718813926";"";"dtu";"2023";"";"";"";"";"thesis";"dtu|dtu_electronic|dtupub|dtupub_electronic";"";"";"";"";"";"";"";"";"";"";"";"";"";"";"";"";"und";"63f419c93125bf91f7996867";"";"63f419c93125bf91f7996867";"DTU Department of Health Technology";"sorbit";"sorbit";"Elucidating Phage Specificities for Bacterial Defense Systems in Coupled Virome-Metagenome Data|Undersøgelse af Bakteriofagers Specificitet for Bakterielle Immunforsvarssystemer i Virom og Metagenom Data"
"";"dtu|dtupub|third_party";"";"2023-05-09T00:09:27.589Z";"Yu, Yemu";"";"2724002591";"";"dtu";"2023";"";"";"";"";"thesis";"dtu|dtu_electronic|dtupub_external";"";"";"";"";"";"";"";"";"";"";"";"";"";"";"";"";"und";"64598f367b665f2aa583c3ed";"";"64598f367b665f2aa583c3ed";"DTU Department of Wind and Energy Systems";"sorbit";"sorbit";"Develop interface for integration of IoT devices in cloud for coupling district heating system with electric power system|Udvikle cloud-interface til integration af IoT-enheder til kobling af fjernvarmesystem med el-system"
"";"dtu|dtupub|third_party";"";"2024-09-10T09:15:02.788Z";"Kristensen, Malthe Lindeberg";"";"2738184702";"";"dtu";"2024";"";"";"";"";"thesis";"dtu|dtu_electronic|dtupub|dtupub_electronic";"";"";"";"";"";"";"";"";"";"";"";"";"";"";"";"";"und";"66baa45054653be8f3862d12";"";"66baa45054653be8f3862d12";"DTU National Institute of Aquatic Resources";"sorbit";"sorbit";"Methods to reduce the surface tension of water to achieve improved cold start of a biological filter in aquaculture|Metoder til reduktion af vands overfladespænding for at opna forbedret koldstart af biologisk filter i akvakultur"
"";"dtu|dtupub|third_party";"";"2024-07-23T15:42:09.345Z";"Torfadottir, Telma Sigrun";"";"2737744377";"";"dtu";"2024";"";"";"";"";"thesis";"dtu|dtu_electronic|dtupub|dtupub_electronic";"";"";"";"";"";"";"";"";"";"";"";"";"";"";"";"";"und";"669ef4d0b7d341e8f338ffb4";"";"669ef4d0b7d341e8f338ffb4";"DTU Department of Technology, Management and Economics";"sorbit";"sorbit";"Solving Very Large Travelling Salesman Problems with Geographical Constraints|Løsning af meget store rejsendes sælgers problemer med geografiske begrænsninger"
"";"dtu|dtupub|third_party";"";"2024-03-13T01:51:48.018Z";"Michelsen, Rasmus Ishøy";"";"2734350187";"";"dtu";"2024";"";"";"";"";"thesis";"dtu|dtu_electronic|dtupub_external";"";"";"";"";"";"";"";"";"";"";"";"";"";"";"";"";"und";"65f0fcd47c809016378f3977";"";"65f0fcd47c809016378f3977";"DTU Department of Applied Mathematics and Computer Science";"sorbit";"sorbit";"Denoising-Aware Adaptive Ray Tracing on the GPU|Støjreduktionsbevidst adaptiv stralesporing pa GPU"
"";"dtu|dtupub|third_party";"";"2024-08-28T00:09:51.225Z";"Larsen, Marte";"";"2738490383";"";"dtu";"2024";"";"";"";"";"thesis";"dtu|dtu_electronic|dtupub|dtupub_electronic";"";"";"";"";"";"";"";"";"";"";"";"";"";"";"";"";"und";"66ce6acfbcf8e00184f10e60";"";"66ce6acfbcf8e00184f10e60";"DTU Department of Technology, Management and Economics";"sorbit";"sorbit";"Agent-Based Simulation of First-and-Last Mile Services Impacts on Welfare|Agent-baseret simulation af ""first-and-last mile"" løsninger og deres samfundsøkonomiske afkast"
"";"dtu|dtupub|third_party";"";"2024-02-28T01:24:29.412Z";"Jonsdottir, Laufey Jona";"";"2733712905";"";"dtu";"2024";"";"";"";"";"thesis";"dtu|dtu_electronic|dtupub_external";"";"";"";"";"";"";"";"";"";"";"";"";"";"";"";"";"und";"65de8824b2e41b01740a21d4";"";"65de8824b2e41b01740a21d4";"DTU Department of Wind and Energy Systems";"sorbit";"sorbit";"Evaluation of non-wires alternatives in active distribution networks: A case study from a distribution network operator in Iceland|Evaluering af alternativer uden ledninger i aktive distributionsnet: Et casestudie fra en distributionsnet-operatør i Island."
"";"dtu|dtupub|third_party";"";"2024-03-20T01:09:35.059Z";"Cristofaro, Andrea";"";"2734504676";"";"dtu";"2024";"";"";"";"";"thesis";"dtu|dtu_electronic|dtupub|dtupub_electronic";"";"";"";"";"";"";"";"";"";"";"";"";"";"";"";"";"und";"65fa374eb705e71e2e9690c9";"";"65fa374eb705e71e2e9690c9";"DTU Department of Civil and Mechanical Engineering";"sorbit";"sorbit";"Development and validation of cost-effective CFD modelling of pressure swirl nozzles|Udvikling og validering af effektiv CFD model til beregninger af dyse med swirl"
"";"dtu|dtupub|third_party";"";"2023-04-19T00:09:32.676Z";"Wesely, Kristòf";"";"2723669363";"";"dtu";"2023";"";"";"";"";"thesis";"dtu|dtu_electronic|dtupub_external";"";"";"";"";"";"";"";"";"";"";"";"";"";"";"";"";"und";"643f313921a93a68b15d34d5";"";"643f313921a93a68b15d34d5";"DTU Department of Electrical and Photonics Engineering";"sorbit";"sorbit";"Development of vertical takeoff and landing (VTOL) fixed wing drone for data collection|Udvikling af VTOL fixed wing drone til dataindsamling"
"";"dtu|dtupub|third_party";"";"2024-03-23T01:50:44.219Z";"Domy, Steffen";"";"2735013147";"";"dtu";"2024";"";"";"";"";"thesis";"dtu|dtu_electronic|dtupub|dtupub_electronic";"";"";"";"";"";"";"";"";"";"";"";"";"";"";"";"";"und";"65fe2bd6c13ea41e2e62ba69";"";"65fe2bd6c13ea41e2e62ba69";"DTU Department of Chemical and Biochemical Engineering";"sorbit";"sorbit";"Process design, modeling and validation of batch crystallizations|Procesdesign, modellering og validering af batchkrystallisationer"
"";"dtu|dtupub|third_party";"";"2024-07-23T15:42:09.580Z";"Römer, Niklas Franz";"";"2737744440";"";"dtu";"2024";"";"";"";"";"thesis";"dtu|dtu_electronic|dtupub_external";"";"";"";"";"";"";"";"";"";"";"";"";"";"";"";"";"und";"669ef53a36ef8fe8f3afa7a4";"";"669ef53a36ef8fe8f3afa7a4";"DTU Department of Civil and Mechanical Engineering";"sorbit";"sorbit";"Development, mechanical design and prototyping of a new single dose injection device|Udvikling, mekanisk design og prototyping af en ny engangs-injektionspen"
"";"dtu|dtupub|third_party";"";"2024-09-10T09:15:01.491Z";"Nissen, Maria Lindegaard";"";"2738245556";"";"dtu";"2024";"";"";"";"";"thesis";"dtu|dtu_electronic|dtupub_external";"";"";"";"";"";"";"";"";"";"";"";"";"";"";"";"";"und";"66be98cf8375b3e8f37451ed";"";"66be98cf8375b3e8f37451ed";"DTU Department of Chemical and Biochemical Engineering";"sorbit";"sorbit";"Model-based process understanding of industrial continuous centrifugation in an API recovery facility|Modelbaseret procesforstaelse af industriel kontinuerlig centrifugering i et API-genvindingsanlæg"
"";"dtu|dtupub|third_party";"";"2024-02-21T05:44:15.286Z";"Karunakaran, Karthikraja";"";"2733594224";"";"dtu";"2024";"";"";"";"";"thesis";"dtu|dtu_electronic|dtupub_external";"";"";"";"";"";"";"";"";"";"";"";"";"";"";"";"";"und";"65d54d5f6898a8339000e65c";"";"65d54d5f6898a8339000e65c";"DTU Department of Technology, Management and Economics";"sorbit";"sorbit";"Predictive Proficiency: Harnessing AI for Intelligent Lead Scoring|Predictive Proficiency: Harnessing AI for Intelligent Lead Scoring"
"";"dtu|dtupub|third_party";"";"2025-01-31T01:10:00.838Z";"Maset, Laura Vidal";"";"2856861910";"";"dtu";"2024";"";"";"";"";"thesis";"dtu|dtu_electronic|dtupub_external";"";"";"";"";"";"";"";"";"";"";"";"";"";"";"";"";"und";"679c22e828bf6015d2bf9d43";"";"679c22e828bf6015d2bf9d43";"DTU Department of Technology, Management and Economics";"sorbit";"sorbit";"Optimization of ground vehicles in airports|Optimization of ground vehicles in airports"
"";"dtu|dtupub|third_party";"";"2023-08-14T00:10:58.925Z";"Jensen, Per Kjeld";"";"2727634089";"";"dtu";"2023";"";"";"";"";"thesis";"dtu|dtu_electronic|dtupub|dtupub_electronic";"";"";"";"";"";"";"";"";"";"";"";"";"";"";"";"";"und";"64d97112f6363f2052fd9bf9";"";"64d97112f6363f2052fd9bf9";"DTU Department of Technology, Management and Economics";"sorbit";"sorbit";"Incentivising Startup Joiners|Incitament for Startup Joiners"
"";"dtu|dtupub|third_party";"";"2024-08-01T06:44:39.019Z";"Erichs, Frederik";"";"2737905505";"";"dtu";"2024";"";"";"";"";"thesis";"dtu|dtu_electronic|dtupub_external";"";"";"";"";"";"";"";"";"";"";"";"";"";"";"";"";"und";"66a9811d9dfba5e8f342f546";"";"66a9811d9dfba5e8f342f546";"DTU Department of Electrical and Photonics Engineering";"sorbit";"sorbit";"Multi-agent Path Planning for Dynamic Rendezvous of Ground Vehicles during Harvesting Operations|Vejplanlægning for dynamiske mødesteder for køretøjer under høstoperationer"
"";"dtu|dtupub|third_party";"";"2024-01-31T01:43:18.754Z";"Das, Akankshya";"";"2731308007";"";"dtu";"2023";"";"";"";"";"thesis";"dtu|dtu_electronic|dtupub|dtupub_electronic";"";"";"";"";"";"";"";"";"";"";"";"";"";"";"";"";"und";"65b99de3a85ba53e82678929";"";"65b99de3a85ba53e82678929";"DTU Department of Electrical and Photonics Engineering";"sorbit";"sorbit";"Comparative study of localisation systems for monitoring of mobile robots|Komparativ undersøgelse af lokaliseringssystemer til overvagning af mobile robotter"
"";"dtu|dtupub|third_party";"";"2023-02-28T01:09:51.693Z";"Engel, Nil Puig";"";"2719955144";"";"dtu";"2023";"";"";"";"";"thesis";"dtu|dtu_electronic|dtupub|dtupub_electronic";"";"";"";"";"";"";"";"";"";"";"";"";"";"";"";"";"und";"63fd545fbdb12391f70b4ee8";"";"63fd545fbdb12391f70b4ee8";"DTU Department of Chemical and Biochemical Engineering";"sorbit";"sorbit";"Conceptual design of a stem cell therapy production facility|Konceptuelt design af et produktionsanlæg til stamcelleterapi"
"";"dtu|dtupub|third_party";"";"2023-07-24T00:12:00.472Z";"Meyer, Selma Elisabeth Haslund";"";"2727253480";"";"dtu";"2023";"";"";"";"";"thesis";"dtu|dtu_electronic|dtupub|dtupub_electronic";"";"";"";"";"";"";"";"";"";"";"";"";"";"";"";"";"und";"64bdc1d0e671cf31312dd91d";"";"64bdc1d0e671cf31312dd91d";"DTU Department of Applied Mathematics and Computer Science";"sorbit";"sorbit";"Active learning for biomedical image segmentation using U-Net|Aktiv læring for segmentering af biomedicinske billeder via U-Net"
"";"dtu|dtupub|third_party";"";"2024-05-16T00:09:45.275Z";"Hauptmann, Benjamin Nobre";"";"2736236197";"";"dtu";"2024";"";"";"";"";"thesis";"dtu|dtu_electronic|dtupub|dtupub_electronic";"";"";"";"";"";"";"";"";"";"";"";"";"";"";"";"";"und";"66454ec67391cc28342dc26b";"";"66454ec67391cc28342dc26b";"DTU Department of Space Research and Space Technology";"sorbit";"sorbit";"Characterization and Performance Evaluation of the 3D MBI Detector Modules|Karakterisering og Performance Evaluering af 3D MBI Detektor Modulerne"
"";"dtu|dtupub|third_party";"";"2024-08-01T06:44:39.025Z";"Goor, Francois";"";"2737905507";"";"dtu";"2024";"";"";"";"";"thesis";"dtu|dtu_electronic|dtupub|dtupub_electronic";"";"";"";"";"";"";"";"";"";"";"";"";"";"";"";"";"und";"66a981221d4017e8f3a4ac7a";"";"66a981221d4017e8f3a4ac7a";"DTU Department of Space Research and Space Technology";"sorbit";"sorbit";"How are fires impacting Central Kalimantan - can the extent of this impact be quantified through satellite image analysis?|Hvordan pavirker naturbrande det centrale Kalimantan - effekten kvantificeres ved analyse af satellitbilleder?"
"";"dtu|dtupub|third_party";"Danish School of Education - Educational Psychology, Emdrup, Danish School of Education, Arts, Aarhus University";"2025-12-23T01:19:01.317Z";"Stiholt Otto, Maria";"";"2876434446";"";"";"2024";"";"";"";"";"thesis";"dtu_external|dtupub_external";"";"";"";"";"";"";"";"";"";"";"";"";"";"";"";"";"dan";"6949eb2952f32145fd2ee05d";"0009-0008-3856-3665";"6949eb2952f32145fd2ee05d";"";"rdb_au";"rdb_au";"Pårørendes omsorg for forældre, der har mistet deres barn: Et erindringsarbejde"
"";"dtu|dtupub|third_party";"";"2024-07-23T15:42:09.561Z";"Athanasiadis, Athanasios";"";"2737744431";"";"dtu";"2024";"";"";"";"";"thesis";"dtu|dtu_electronic|dtupub|dtupub_electronic";"";"";"";"";"";"";"";"";"";"";"";"";"";"";"";"";"und";"669ef52f2e66c9e8f30a4dd3";"";"669ef52f2e66c9e8f30a4dd3";"DTU Department of Space Research and Space Technology";"sorbit";"sorbit";"Investigation of the effect of the different AMSR2 channel data on DMI-ASIP model performance|Undersøgelse af hvilken effekt forskellige AMSR2 data har pa DMI-ASIP modellens klassifikation"
"";"dtu|dtupub|third_party";"";"2023-08-06T00:11:09.873Z";"Vujovits, András";"";"2727528794";"";"dtu";"2023";"";"";"";"";"thesis";"dtu|dtu_electronic|dtupub_external";"";"";"";"";"";"";"";"";"";"";"";"";"";"";"";"";"und";"64cee51d5e91921f4f1d0357";"";"64cee51d5e91921f4f1d0357";"DTU Department of Civil and Mechanical Engineering";"sorbit";"sorbit";"Implementation characterization and optimization of a combined additive subtractive electrochemical material processing system|Implementation characterization and optimization of a combined additive subtractive electrochemical material processing system"
"";"dtu|dtupub|third_party";"";"2024-09-01T00:10:02.498Z";"Katarachia, Maria";"";"2738587567";"";"dtu";"2024";"";"";"";"";"thesis";"dtu|dtu_electronic|dtupub|dtupub_electronic";"";"";"";"";"";"";"";"";"";"";"";"";"";"";"";"";"und";"66d3b0da910299bcc4de4563";"";"66d3b0da910299bcc4de4563";"DTU Department of Applied Mathematics and Computer Science";"sorbit";"sorbit";"On summarization for non-structured data with applications to teaching-learning and social surveys|On summarization for non-structured data with applications to teaching-learning and social surveys"
"";"dtu|dtupub|third_party";"";"2024-08-28T00:09:51.236Z";"Armbruster, Jan Philipp|Eihvalde, Elina";"";"2738490384";"";"dtu";"2024";"";"";"";"";"thesis";"dtu|dtu_electronic|dtupub_external";"";"";"";"";"";"";"";"";"";"";"";"";"";"";"";"";"und";"66ce6acf87699c0184ec2466";"";"66ce6acf87699c0184ec2466";"DTU Department of Technology, Management and Economics";"sorbit";"sorbit";"Navigating the Strategic Evolution of a co-developed SaaS Startup (from service to product offering) through Design Thinking and Lean Startup Approaches for Alternative Financing and Successful Commercialization|Navigering i den strategiske udvikling af en samudviklet SaaS-startup (fra service til produktudbud) gennem Design Thinking og Lean Startup-tilgange til alternativ finansiering og succesfuld ..."
"";"dtu|dtupub|third_party";"";"2024-09-10T09:15:02.375Z";"Lillelund, Anne Birgitte|Bunde, Carina Theresa Heller";"";"2738265944";"";"dtu";"2024";"";"";"";"";"thesis";"dtu|dtu_electronic|dtupub|dtupub_electronic";"";"";"";"";"";"";"";"";"";"";"";"";"";"";"";"";"und";"66bfea5297e4afe8f3db29f7";"";"66bfea5297e4afe8f3db29f7";"DTU Department of Environmental and Resource Engineering";"sorbit";"sorbit";"Filling chemical data gaps under different EU regulations|Udfyldelse af kemiske datahuller under forskellige EU-reguleringer"
"";"dtu|dtupub|third_party";"";"2024-07-18T05:34:04.273Z";"Stjernen, Lukas Øystein Normann";"";"2737649078";"";"dtu";"2024";"";"";"";"";"thesis";"dtu|dtu_electronic|dtupub_external";"";"";"";"";"";"";"";"";"";"";"";"";"";"";"";"";"und";"66985d517a25fce8f33352e3";"";"66985d517a25fce8f33352e3";"DTU Department of Applied Mathematics and Computer Science";"sorbit";"sorbit";"Deep Learning techniques for Foreign Object Detection in X-ray Images of Meat Products|Hierarkiske lærings teknikker til detektering a fremmedlegemer i Røntgen skanninger af kød produktion"
"";"dtu|dtupub|third_party";"";"2024-10-28T08:29:37.506Z";"Blachet, Apolline Claire";"";"2739844809";"";"dtu";"2024";"";"";"";"";"thesis";"dtu|dtu_electronic|dtupub_external";"";"";"";"";"";"";"";"";"";"";"";"";"";"";"";"";"und";"671f4b71c6fb7e9cd7d1886f";"";"671f4b71c6fb7e9cd7d1886f";"DTU Department of Applied Mathematics and Computer Science";"sorbit";"sorbit";"Machine Learning-Based Identification of Materials Using Laser-Induced Breakdown Spectroscopy Data|Maskinlæringsbaseret identifikation af materialer ved hjælp af laserinducerede nedbrydningsspektroskopidata"
"";"dtu|dtupub|third_party";"";"2024-11-08T01:09:49.294Z";"Moschos, Panagiotis";"";"2740268496";"";"dtu";"2024";"";"";"";"";"thesis";"dtu|dtu_electronic|dtupub_external";"";"";"";"";"";"";"";"";"";"";"";"";"";"";"";"";"und";"672d64db4638e6b686cd22af";"";"672d64db4638e6b686cd22af";"DTU Department of Civil and Mechanical Engineering";"sorbit";"sorbit";"Modelling and parametrization of the impact of ships propeller jet flow on seabed|Modellering og parametrisering af indvirkningen af skibsskrues stralestrøm pa havbunden"
"";"dtu|dtupub|third_party";"";"2024-11-08T01:09:49.302Z";"Papagoras, Konstantinos-Athanasios";"";"2740268495";"";"dtu";"2024";"";"";"";"";"thesis";"dtu|dtu_electronic|dtupub|dtupub_electronic";"";"";"";"";"";"";"";"";"";"";"";"";"";"";"";"";"und";"672d64db4dacc8b686ba542e";"";"672d64db4dacc8b686ba542e";"DTU Department of Health Technology";"sorbit";"sorbit";"Explainable AI for cancer classification of whole slide images|Explainable AI for cancer klassifikation af billeder"
"";"dtu|dtupub|third_party";"";"2024-09-27T00:09:57.393Z";"Ajsen, Daniel Max Fischer Bachmann";"";"2739352979";"";"dtu";"2024";"";"";"";"";"thesis";"dtu|dtu_electronic|dtupub|dtupub_electronic";"";"";"";"";"";"";"";"";"";"";"";"";"";"";"";"";"und";"66f5f7d59f98a643d94346d6";"";"66f5f7d59f98a643d94346d6";"DTU Department of Applied Mathematics and Computer Science";"sorbit";"sorbit";"SymbSyntDec: an automated pipeline for reactive synthesis for declarative specifications|SymbSyntDec: en automatiseret pipeline til reaktiv syntese for deklarative specifikationer"
"";"dtu|dtupub|third_party";"";"2025-01-31T01:09:46.945Z";"Kaiser, Cosima Serafina";"";"2856861432";"";"dtu";"2024";"";"";"";"";"thesis";"dtu|dtu_electronic|dtupub|dtupub_electronic";"";"";"";"";"";"";"";"";"";"";"";"";"";"";"";"";"und";"679c22da9952ce15d2f3404a";"";"679c22da9952ce15d2f3404a";"DTU Department of Civil and Mechanical Engineering";"sorbit";"sorbit";"Evaluating the Sediment Budget along the Western Danish Coast|Evaluering af sedimentbudgettet langs den danske vestkyst"
"";"dtu|dtupub|third_party";"";"2023-09-17T00:09:26.687Z";"Earthy-Find, Matias Svava|Papageorgiou, Konstantinos";"";"2728352238";"";"dtu";"2023";"";"";"";"";"thesis";"dtu|dtu_electronic|dtupub_external";"";"";"";"";"";"";"";"";"";"";"";"";"";"";"";"";"und";"650643b5b165f512006bf801";"";"650643b5b165f512006bf801";"DTU Department of Technology, Management and Economics";"sorbit";"sorbit";"Robust Pricing of Sustainable Aviation Fuel|Robust prisfastsættelse af bæredygtigt flybrændstof"
"";"dtu|dtupub|third_party";"";"2023-09-01T00:09:22.393Z";"Shwani, Hazha";"";"2728030136";"";"dtu";"2023";"";"";"";"";"thesis";"dtu|dtu_electronic|dtupub|dtupub_electronic";"";"";"";"";"";"";"";"";"";"";"";"";"";"";"";"";"und";"64f12bb1ade30422a6b48325";"";"64f12bb1ade30422a6b48325";"DTU DTU National Food Institute";"sorbit";"sorbit";"The risk of using seaweed as food without taking into account the traditions of making seaweed dishes|Risikoen ved at anvende tang som fødevare uden at kende traditioner for fremstilling af tangretter"
"";"dtu|dtupub|third_party";"";"2023-09-30T00:09:17.485Z";"Liu, Xinyi";"";"2728796976";"";"dtu";"2023";"";"";"";"";"thesis";"dtu|dtu_electronic|dtupub|dtupub_electronic";"";"";"";"";"";"";"";"";"";"";"";"";"";"";"";"";"und";"6517672dec6a1103b33d3516";"";"6517672dec6a1103b33d3516";"DTU Department of Applied Mathematics and Computer Science";"sorbit";"sorbit";"Brain microstructure diffusion MR imaging with machine learning|Diffusion MR-billeddannelse af hjernens mikrostruktur med maskinlæring"
"";"dtu|dtupub|third_party";"";"2024-08-28T00:09:41.910Z";"Chen, Te";"";"2738489799";"";"dtu";"2024";"";"";"";"";"thesis";"dtu|dtu_electronic|dtupub|dtupub_electronic";"";"";"";"";"";"";"";"";"";"";"";"";"";"";"";"";"und";"66ce6ac50107260184157a6e";"";"66ce6ac50107260184157a6e";"DTU Department of Biotechnology and Biomedicine";"sorbit";"sorbit";"Machine Learning-based Parameterization of Large-scale Dynamic Metabolic Models Consistent with Experimentally Observed Temporal Responses of Metabolism|Machine Learning-based Parameterization of Large-scale Dynamic Metabolic Models Consistent with Experimentally Observed Temporal Responses of Metabolism"
"";"dtu|dtupub|third_party";"";"2024-09-10T09:15:02.784Z";"Mogensen, Siri Overgaard";"";"2738142739";"";"dtu";"2024";"";"";"";"";"thesis";"dtu|dtu_electronic|dtupub|dtupub_electronic";"";"";"";"";"";"";"";"";"";"";"";"";"";"";"";"";"und";"66b952c95df1ace8f3d6c01a";"";"66b952c95df1ace8f3d6c01a";"DTU Department of Energy Conversion and Storage";"sorbit";"sorbit";"high-performance solid oxide cells with thin electrolyte|højtydende fastoxidceller med tynd elektrolyt."
"";"dtu|dtupub|third_party";"";"2024-09-10T09:15:07.567Z";"Berntsen, Mari Brusletto";"";"2737227603";"";"dtu";"2024";"";"";"";"";"thesis";"dtu|dtu_electronic|dtupub|dtupub_electronic";"";"";"";"";"";"";"";"";"";"";"";"";"";"";"";"";"und";"668496ea7f54371cdfb7266c";"";"668496ea7f54371cdfb7266c";"DTU Department of Environmental and Resource Engineering";"sorbit";"sorbit";"LCA of polyester textile waste recycling using thermo-mechanical and thermo-chemical processes|LCA af genanvendelse af polyester tekstilaffald ved brug af termomekaniske og termokemiske processer"
"";"dtu|dtupub|third_party";"";"2024-07-22T05:15:05.168Z";"Boneu, Julia Montoliu";"";"2737702138";"";"dtu";"2024";"";"";"";"";"thesis";"dtu|dtu_electronic|dtupub_external";"";"";"";"";"";"";"";"";"";"";"";"";"";"";"";"";"und";"669da348a36ee0e8f3025abf";"";"669da348a36ee0e8f3025abf";"DTU Department of Health Technology";"sorbit";"sorbit";"Evaluation of the immune responses of neoantigen vaccines in melanoma patients|Evaluering af immunresponser af neoantigenvacciner hos melanompatienter"
"";"dtu|dtupub|third_party";"";"2024-04-14T00:09:48.226Z";"Esbirk, Magnus|Negrini, Alessandro";"";"2735550039";"";"dtu";"2024";"";"";"";"";"thesis";"dtu|dtu_electronic|dtupub_external";"";"";"";"";"";"";"";"";"";"";"";"";"";"";"";"";"und";"661b1ecc36cab51afd584f3a";"";"661b1ecc36cab51afd584f3a";"DTU Department of Technology, Management and Economics";"sorbit";"sorbit";"Assessing energy independence and the role of hydrogen in India's net-zero transition|Analyse af energiuafhængighed og hydrogens rolle i Indiens omstilling til netto-nuludledning"
"";"dtu|dtupub|third_party";"";"2024-04-10T00:09:48.976Z";"Drewsen, Rasmus Birch";"";"2735483430";"";"dtu";"2024";"";"";"";"";"thesis";"dtu|dtu_electronic|dtupub|dtupub_electronic";"";"";"";"";"";"";"";"";"";"";"";"";"";"";"";"";"und";"6615d8cc540ea31a248bb6dc";"";"6615d8cc540ea31a248bb6dc";"DTU Department of Civil and Mechanical Engineering";"sorbit";"sorbit";"Friction and Normal Force Models for Nonlinear Rotor-Stator Contact Dynamics|Friktions- og normalkraftsmodel for Ikke-lineær rotor-stator kontaktdynamik"
"";"dtu|dtupub|third_party";"";"2024-03-03T01:30:45.020Z";"Marrano, Beatrice Costanza|Paulsen, Kenneth";"";"2734025146";"";"dtu";"2024";"";"";"";"";"thesis";"dtu|dtu_electronic|dtupub_external";"";"";"";"";"";"";"";"";"";"";"";"";"";"";"";"";"und";"65e3cdd675c134149e97a73e";"";"65e3cdd675c134149e97a73e";"DTU Department of Applied Mathematics and Computer Science";"sorbit";"sorbit";"Investigation and comparison of attribution models for Marketing Campaigns in Danske Bank|Undersøgelse og sammenligning af “attribution models” til brug ved markedsføringskampagner i Danske Bank"
"";"dtu|dtupub|third_party";"";"2024-09-10T09:15:02.788Z";"Bjerregaard, Mikkel|Iversen, Mathias Ehlers";"";"2738184694";"";"dtu";"2024";"";"";"";"";"thesis";"dtu|dtu_electronic|dtupub_external";"";"";"";"";"";"";"";"";"";"";"";"";"";"";"";"";"und";"66baa44eb6c86ee8f3da9224";"";"66baa44eb6c86ee8f3da9224";"DTU Department of Engineering Technology and Didactics";"sorbit";"sorbit";"Digitalization of Supply Chain processes at H. Lundbeck A/S|Digitalisering af Supply Chain processer hos H. Lundbeck A/S"
"";"dtu|dtupub|third_party";"";"2023-02-22T01:09:44.999Z";"Mizrahi-Werner, Alexander|Brønd, Gustav Ohlendorff";"";"2718825006";"";"dtu";"2023";"";"";"";"";"thesis";"dtu|dtu_electronic|dtupub_external";"";"";"";"";"";"";"";"";"";"";"";"";"";"";"";"";"und";"63f56b5847b59791f75bb28e";"";"63f56b5847b59791f75bb28e";"DTU Department of Electrical and Photonics Engineering";"sorbit";"sorbit";"Robust Visual SLAM and 3D photogrammetry for aquatic environments|Robust Visuel SLAM og 3D fotogrammetri for akvatiske omgivelser"
"";"dtu|dtupub|third_party";"";"2023-03-13T01:09:44.182Z";"Midjord, Laila Sofie|Gramhald-Nørland, Casper";"";"2720479723";"";"dtu";"2023";"";"";"";"";"thesis";"dtu|dtu_electronic|dtupub|dtupub_electronic";"";"";"";"";"";"";"";"";"";"";"";"";"";"";"";"";"und";"640e77d72b5c263a3fc2cb03";"";"640e77d72b5c263a3fc2cb03";"DTU Department of Technology, Management and Economics";"sorbit";"sorbit";"Production, Customer Validation, Market entry and Business strategy for the product DrinkSaver|Produktion, kundevalidering, markedsentre og forretningsstrategi for produktet DrinkSaver"
"";"dtu|dtupub|third_party";"";"2023-02-27T01:09:31.512Z";"Cigura, Azra";"";"2719627352";"";"dtu";"2023";"";"";"";"";"thesis";"dtu|dtu_electronic|dtupub|dtupub_electronic";"";"";"";"";"";"";"";"";"";"";"";"";"";"";"";"";"und";"63fc02c900761091f74c529a";"";"63fc02c900761091f74c529a";"DTU Department of Civil and Mechanical Engineering";"sorbit";"sorbit";"Development of corrosion test methods for replicating field failures of hearing aids|Udvikling af test metoder til at simulere fejl i høreapparater"
"";"dtu|dtupub|third_party";"";"2024-08-22T00:12:09.037Z";"Møller, Mads Dyrved|Barak, László";"";"2738355916";"";"dtu";"2024";"";"";"";"";"thesis";"dtu|dtu_electronic|dtupub|dtupub_electronic";"";"";"";"";"";"";"";"";"";"";"";"";"";"";"";"";"und";"66c681e3145779204c565aa7";"";"66c681e3145779204c565aa7";"DTU Department of Applied Mathematics and Computer Science";"sorbit";"sorbit";"A Distributed Architecture for Process Mining: Designing and Validating Process Mining Pipelines|En distribueret arkitektur til process mining: Design og validering af process mining pipelines"
"";"dtu|dtupub|third_party";"";"2024-07-22T05:15:05.180Z";"Truszkowski, Tomasz Marian";"";"2737702154";"";"dtu";"2024";"";"";"";"";"thesis";"dtu|dtu_electronic|dtupub|dtupub_electronic";"";"";"";"";"";"";"";"";"";"";"";"";"";"";"";"";"und";"669da34fba0b60e8f33d3282";"";"669da34fba0b60e8f33d3282";"DTU Department of Applied Mathematics and Computer Science";"sorbit";"sorbit";"Predictive modelling of mobile app usage|Prædiktiv modellering af brug af mobilapps"
"";"dtu|dtupub|third_party";"";"2023-02-28T01:09:42.967Z";"Villesen, Ida Bukh|Hansen, Helena Charlotte";"";"2719955076";"";"dtu";"2023";"";"";"";"";"thesis";"dtu|dtu_electronic|dtupub|dtupub_electronic";"";"";"";"";"";"";"";"";"";"";"";"";"";"";"";"";"und";"63fd545540e40491f7cc0de3";"";"63fd545540e40491f7cc0de3";"DTU Department of Applied Mathematics and Computer Science";"sorbit";"sorbit";"Data-driven digital twins for monitoring and control of electricity distribution net|Data-drevne digitale tvillinger for overvagning og styring af elnet"
"";"dtu|dtupub|third_party";"";"2023-07-17T00:10:47.458Z";"Àvila, Marcel Solé";"";"2727113782";"";"dtu";"2023";"";"";"";"";"thesis";"dtu|dtu_electronic|dtupub|dtupub_electronic";"";"";"";"";"";"";"";"";"";"";"";"";"";"";"";"";"und";"64b48707034cf49152a87945";"";"64b48707034cf49152a87945";"DTU Department of Applied Mathematics and Computer Science";"sorbit";"sorbit";"Multi-stage bidding optimization of electrolysers under uncertainty in electricity markets|Flertrinsoptimering af udbud af elektrolysatorer under usikkerhed pa elmarkederne"
"";"dtu|dtupub|third_party";"";"2023-07-24T00:11:38.689Z";"Hvidberg, Julie Lærke";"";"2727253443";"";"dtu";"2023";"";"";"";"";"thesis";"dtu|dtu_electronic|dtupub|dtupub_electronic";"";"";"";"";"";"";"";"";"";"";"";"";"";"";"";"";"und";"64bdc1ba6cfc82313109479f";"";"64bdc1ba6cfc82313109479f";"DTU Department of Civil and Mechanical Engineering";"sorbit";"sorbit";"Study on the fire resistance of multi-layered glass panes used in low-energy windows|Undersøgelse af brandsikkerheden ved flerlags glasruder anvendt i lavenergivinduer"
"";"dtu|dtupub|third_party";"";"2023-08-27T00:09:18.098Z";"Friis, Rasmus Juel|Sjøgren, Xenia Bonnén";"";"2727903483";"";"dtu";"2023";"";"";"";"";"thesis";"dtu|dtu_electronic|dtupub|dtupub_electronic";"";"";"";"";"";"";"";"";"";"";"";"";"";"";"";"";"und";"64ea942db8254520526cd93c";"";"64ea942db8254520526cd93c";"DTU Department of Chemical and Biochemical Engineering";"sorbit";"sorbit";"Carbon capture from biogas using innovative solvents: Modelling and experiments|CO2 fangst fra biogas med innovative solventer: modellering og eksperimenter"
"";"dtu|dtupub|third_party";"";"2023-09-23T00:09:26.910Z";"Dionisio, Edoardo";"";"2728467653";"";"dtu";"2023";"";"";"";"";"thesis";"dtu|dtu_electronic|dtupub|dtupub_electronic";"";"";"";"";"";"";"";"";"";"";"";"";"";"";"";"";"und";"650e2cb5e27390cab1a864e0";"";"650e2cb5e27390cab1a864e0";"DTU Department of Health Technology";"sorbit";"sorbit";"Generation and evaluation of antigen-scaffold-expanded TCR CRISPR knockin T cells|Produktion og evaluering af antigen-scaffold-medieret TCR CRISPR knockin T celler"
"";"dtu|dtupub|third_party";"";"2023-08-01T00:10:58.663Z";"Farah, Abdirisaq Abdiqadir Mohamud|Nielsen, Martin Daniel";"";"2727448264";"";"dtu";"2023";"";"";"";"";"thesis";"dtu|dtu_electronic|dtupub|dtupub_electronic";"";"";"";"";"";"";"";"";"";"";"";"";"";"";"";"";"und";"64c84d9298464a1f4f849c8a";"";"64c84d9298464a1f4f849c8a";"DTU Department of Applied Mathematics and Computer Science";"sorbit";"sorbit";"Towards developing realistic datasets for evaluating intrusion detection systems|Towards developing realistic datasets for evaluating intrusion detection systems"
"";"dtu|dtupub|third_party";"";"2023-08-21T00:11:06.796Z";"Husum, Lucas Alexander";"";"2727790421";"";"dtu";"2023";"";"";"";"";"thesis";"dtu|dtu_electronic|dtupub_external";"";"";"";"";"";"";"";"";"";"";"";"";"";"";"";"";"und";"64e2ab9ae0e75e2052b7f602";"";"64e2ab9ae0e75e2052b7f602";"DTU Department of Health Technology";"sorbit";"sorbit";"The effect of DRUGNAME in a mouse model of neuroinflammation|Effekten af LÆGEMIDDEL i en neuroinflamations sygdoms model"
"";"dtu|dtupub|third_party";"";"2025-10-16T00:34:36.537Z";"Janik, Adam";"";"2874581807";"";"dtu";"2023";"";"";"";"";"thesis";"dtu|dtu_electronic|dtupub_external";"";"";"";"";"";"";"";"";"";"";"";"";"";"";"";"";"und";"68f038073f1da715e15a1090";"";"68f038073f1da715e15a1090";"DTU Department of Wind and Energy Systems";"sorbit";"sorbit";"Wind farm optimization using wake steering|Optimering af vindmølleparker ved hjælp af wake steering"
"";"dtu|dtupub|third_party";"";"2023-09-10T00:09:27.465Z";"Krysztofinski, Pawel";"";"2728230456";"";"dtu";"2023";"";"";"";"";"thesis";"dtu|dtu_electronic|dtupub|dtupub_electronic";"";"";"";"";"";"";"";"";"";"";"";"";"";"";"";"";"und";"64fd093741fe2d23c6edc21f";"";"64fd093741fe2d23c6edc21f";"DTU Department of Civil and Mechanical Engineering";"sorbit";"sorbit";"Construction and validation of a prototype small scale machine tool for brick wall maintenance|Construction and validation of a prototype small scale machine tool for brick wall maintenance"
"";"dtu|dtupub|third_party";"";"2024-02-21T05:44:13.691Z";"Andersen, Ida Levin";"";"2733594133";"";"dtu";"2024";"";"";"";"";"thesis";"dtu|dtu_electronic|dtupub_external";"";"";"";"";"";"";"";"";"";"";"";"";"";"";"";"";"und";"65d54d4fd08dba339045ce0e";"";"65d54d4fd08dba339045ce0e";"DTU Department of Chemical and Biochemical Engineering";"sorbit";"sorbit";"Next generation electrolysis system as hydrogen source for ammonia production|Næste generations elektrolysesystem som brintkilde til ammoniak produktion"
"";"dtu|dtupub|third_party";"";"2023-03-18T02:24:20.902Z";"Beuchert, Rasmus Worre";"";"2721204095";"";"dtu";"2023";"";"";"";"";"thesis";"dtu|dtu_electronic|dtupub_external";"";"";"";"";"";"";"";"";"";"";"";"";"";"";"";"";"und";"64150f567422293abb2f9d17";"";"64150f567422293abb2f9d17";"DTU Department of Chemical and Biochemical Engineering";"sorbit";"sorbit";"Characterization and optimization of hGH production|Karakterisering og optimering af hGH produktion"
"";"dtu|dtupub|third_party";"";"2023-04-17T06:47:23.760Z";"Radigonda, Andre' Luis";"";"2723551168";"";"dtu";"2023";"";"";"";"";"thesis";"dtu|dtu_electronic|dtupub|dtupub_electronic";"";"";"";"";"";"";"";"";"";"";"";"";"";"";"";"";"und";"64374840db227b3fde1a085d";"";"64374840db227b3fde1a085d";"DTU Department of Technology, Management and Economics";"sorbit";"sorbit";"Optimization of train routing at Copenhagen Central Station|Optimering af routning af rullende materiel pa Københavns Hovedbanegard"
"";"dtu|dtupub|third_party";"";"2024-02-28T01:24:29.184Z";"Linden-Vørnle, Nikolai Deigaard";"";"2733712797";"";"dtu";"2024";"";"";"";"";"thesis";"dtu|dtu_electronic|dtupub_external";"";"";"";"";"";"";"";"";"";"";"";"";"";"";"";"";"und";"65de88217aed14017482f710";"";"65de88217aed14017482f710";"DTU Department of Electrical and Photonics Engineering";"sorbit";"sorbit";"Design of a Current Sensing ADC|Design af ADC til Strømmaling"
"";"dtu|dtupub|third_party";"";"2023-10-11T00:09:17.646Z";"Caruso, Matéo Arnaud V";"";"2729027467";"";"dtu";"2023";"";"";"";"";"thesis";"dtu|dtu_electronic|dtupub|dtupub_electronic";"";"";"";"";"";"";"";"";"";"";"";"";"";"";"";"";"und";"6525e7add29d531b7265d2e5";"";"6525e7add29d531b7265d2e5";"DTU Department of Wind and Energy Systems";"sorbit";"sorbit";"Investigation into the application of straight-fibre variable stiffness laminates in wind turbine blade design|Undersøgelse af straight-fibre variable stiffness metoder anvendt til design af vindmøllevinger"
"";"dtu|dtupub|third_party";"";"2023-04-21T00:09:47.260Z";"Vishart, Jonas Lynge";"";"2723698925";"";"dtu";"2023";"";"";"";"";"thesis";"dtu|dtu_electronic|dtupub|dtupub_electronic";"";"";"";"";"";"";"";"";"";"";"";"";"";"";"";"";"und";"6441d44b1bed5a11c29eaa0f";"";"6441d44b1bed5a11c29eaa0f";"DTU Department of Health Technology";"sorbit";"sorbit";"Optimization and classification of EEG data for a simple BCI by using different types of EEG acquisitions|Optimering og klassificering af EEG-data til en simpel BCI ved brug af forskellige typer EEG-optagelser"
"";"dtu|dtupub|third_party";"";"2024-03-15T01:23:38.659Z";"Kostopoulou, Maria Eleni";"";"2734387197";"";"dtu";"2024";"";"";"";"";"thesis";"dtu|dtu_electronic|dtupub|dtupub_electronic";"";"";"";"";"";"";"";"";"";"";"";"";"";"";"";"";"und";"65f39fd5d560071e2e9b62ad";"";"65f39fd5d560071e2e9b62ad";"DTU Department of Applied Mathematics and Computer Science";"sorbit";"sorbit";"Assessing GDPR compliance of System Infrastructures via Conformance Checking with Reference Models of Law|Vurdering af GDPR-overholdelse af System-Infrastrukturer via Conformance Checking med Referencemodeller for lov."
"";"dtu|dtupub|third_party";"";"2024-08-28T00:09:52.759Z";"Krebs, Rebecca";"";"2738490576";"";"dtu";"2024";"";"";"";"";"thesis";"dtu|dtu_electronic|dtupub|dtupub_electronic";"";"";"";"";"";"";"";"";"";"";"";"";"";"";"";"";"und";"66ce6ad06ee37f0184a8f2d4";"";"66ce6ad06ee37f0184a8f2d4";"DTU Department of Health Technology";"sorbit";"sorbit";"Perfused 3D printed models for optimizing mesenchymal stem cell production in hollow fibers|Gennemstrømmede 3D printede modeller til optimering af mesenkymal stamcelle produktion i 'hollow fibers'"
"";"dtu|dtupub|third_party";"";"2023-07-31T00:10:15.344Z";"Brauer, Frederik Mads";"";"2727406309";"";"dtu";"2023";"";"";"";"";"thesis";"dtu|dtu_electronic|dtupub|dtupub_electronic";"";"";"";"";"";"";"";"";"";"";"";"";"";"";"";"";"und";"64c6fbe7bd8c881f4f38cea0";"";"64c6fbe7bd8c881f4f38cea0";"DTU Department of Civil and Mechanical Engineering";"sorbit";"sorbit";"Incorporation of the European Taxonomy of sustainability in BIM|Inkorporering af den Europæiske Bæredygtighedstaksonomi i BIM"
"";"dtu|dtupub|third_party";"";"2024-11-01T01:09:39.642Z";"Perez, Juan Perez";"";"2740134769";"";"dtu";"2024";"";"";"";"";"thesis";"dtu|dtu_electronic|dtupub|dtupub_electronic";"";"";"";"";"";"";"";"";"";"";"";"";"";"";"";"";"und";"67242a53331999a51db89646";"";"67242a53331999a51db89646";"DTU Department of Technology, Management and Economics";"sorbit";"sorbit";"AI-Powered Solutions for Aviation Training: A Study on Fly-XR's Impact and Innovation|AI-Drevne Løsninger til Luftfartsuddannelse: En Undersøgelse af Fly-XR's Indvirkning og Innovation"
"";"dtu|dtupub|third_party";"";"2024-08-31T00:10:10.463Z";"Rai, Harsh Vardhan";"";"2738564656";"";"dtu";"2024";"";"";"";"";"thesis";"dtu|dtu_electronic|dtupub_external";"";"";"";"";"";"";"";"";"";"";"";"";"";"";"";"";"und";"66d25f619af238bcc480615f";"";"66d25f619af238bcc480615f";"DTU Department of Wind and Energy Systems";"sorbit";"sorbit";"Data-driven controller parameter tuning|Datadrevet controller-parameterjustering"
"";"dtu|dtupub|third_party";"";"2023-03-09T11:54:57.408Z";"Henriksen, Jesper Thaysen";"";"2720391551";"";"dtu";"2023";"";"";"";"";"thesis";"dtu|dtu_electronic|dtupub_external";"";"";"";"";"";"";"";"";"";"";"";"";"";"";"";"";"und";"640931db20ad483d04d901ee";"";"640931db20ad483d04d901ee";"DTU Department of Technology, Management and Economics";"sorbit";"sorbit";"Integrating Co-Creation and Change Management in the Implementation of a Complex IT System|Integrering af Co-Creation og Change Management i implementeringen af et komplekst IT-system"
"";"dtu|dtupub|third_party";"";"2024-08-22T00:12:05.152Z";"Pai, Akul Vaman";"";"2738355883";"";"dtu";"2024";"";"";"";"";"thesis";"dtu|dtu_electronic|dtupub_external";"";"";"";"";"";"";"";"";"";"";"";"";"";"";"";"";"und";"66c681dd8bed47204c3e542f";"";"66c681dd8bed47204c3e542f";"DTU Department of Health Technology";"sorbit";"sorbit";"Variability of Observer Gaze in Diadic Conversation Transitions|Variabilitet i øjenbevægelser ved overgange i dyadisk konversation"
"";"dtu|dtupub|third_party";"";"2024-02-01T01:09:49.368Z";"Rosenkrands, Laura Lynggaard";"";"2731326859";"";"dtu";"2024";"";"";"";"";"thesis";"dtu|dtu_electronic|dtupub|dtupub_electronic";"";"";"";"";"";"";"";"";"";"";"";"";"";"";"";"";"und";"65baef5d98f3403e829e96b4";"";"65baef5d98f3403e829e96b4";"DTU Department of Chemistry";"sorbit";"sorbit";"A homogeneous high-DAR antibody conjugation platform|En homogen høj-DAR antistof konjugationsplatform"
"";"dtu|dtupub|third_party";"";"2023-09-08T00:09:40.878Z";"Ghimire, Drona";"";"2728172159";"";"dtu";"2023";"";"";"";"";"thesis";"dtu|dtu_electronic|dtupub_external";"";"";"";"";"";"";"";"";"";"";"";"";"";"";"";"";"und";"64fa6644bdddf223c632c394";"";"64fa6644bdddf223c632c394";"DTU Department of Electrical and Photonics Engineering";"sorbit";"sorbit";"Network Congestion Monitoring in NB-IoT|Network Congestion Monitoring in NB-IoT"
"";"dtu|dtupub|third_party";"";"2023-08-28T00:09:16.796Z";"Saad, Victoria Sara";"";"2727909670";"";"dtu";"2023";"";"";"";"";"thesis";"dtu|dtu_electronic|dtupub|dtupub_electronic";"";"";"";"";"";"";"";"";"";"";"";"";"";"";"";"";"und";"64ebe5ab13f9a120527b96fa";"";"64ebe5ab13f9a120527b96fa";"DTU Department of Chemical and Biochemical Engineering";"sorbit";"sorbit";"Real-time characterization of batch precipitation and crystallization in downstream operations|Realtidskarakterisering af batchudfældning og krystallisation i downstream-operationer"
"";"dtu|dtupub|third_party";"";"2023-07-24T00:11:59.141Z";"Swami, Amar";"";"2727253475";"";"dtu";"2023";"";"";"";"";"thesis";"dtu|dtu_electronic|dtupub|dtupub_electronic";"";"";"";"";"";"";"";"";"";"";"";"";"";"";"";"";"und";"64bdc1ce454dde3131d739d3";"";"64bdc1ce454dde3131d739d3";"DTU Department of Civil and Mechanical Engineering";"sorbit";"sorbit";"Optimal venting openings for residential summer comfort using Grasshopper|Optimering af udluftning for termisk sommerkomfort i boliger ved brug af Grasshopper"
"";"dtu|dtupub|third_party";"";"2023-08-12T00:10:36.027Z";"Vámosi, Ábel Botond";"";"2727615864";"";"dtu";"2023";"";"";"";"";"thesis";"dtu|dtu_electronic|dtupub|dtupub_electronic";"";"";"";"";"";"";"";"";"";"";"";"";"";"";"";"";"und";"64d6cdfb291cbf2052c7ac75";"";"64d6cdfb291cbf2052c7ac75";"DTU Department of Health Technology";"sorbit";"sorbit";"A Mathematical Model of Neurotransmitter Release|En matematisk model af udløsning af neurotransmittere"
"";"dtu|dtupub|third_party";"";"2023-03-29T00:09:52.198Z";"Christensen, Erik Bøjlen Gundelach";"";"2723283136";"";"dtu";"2023";"";"";"";"";"thesis";"dtu|dtu_electronic|dtupub_external";"";"";"";"";"";"";"";"";"";"";"";"";"";"";"";"";"und";"642381d08ba9163d3c5f8907";"";"642381d08ba9163d3c5f8907";"DTU National Institute of Aquatic Resources";"sorbit";"sorbit";"Fish habitat modeling – the role of environmental conditions|Modelering af fiskehabitater - betydningen af miljøet"
"";"dtu|dtupub|third_party";"";"2024-03-22T01:51:28.154Z";"Poulsen, Laura Bøgebjerg";"";"2734981069";"";"dtu";"2024";"";"";"";"";"thesis";"dtu|dtu_electronic|dtupub|dtupub_electronic";"";"";"";"";"";"";"";"";"";"";"";"";"";"";"";"";"und";"65fcda576e9c7c1e2e65efed";"";"65fcda576e9c7c1e2e65efed";"DTU Department of Environmental and Resource Engineering";"sorbit";"sorbit";"Integration of pyrolysis in digestate management: Case study of climate footprint and nutrient impacts in Ringkøbing-Skjern Municipality|Integration af pyrolyse i digestat handtering: Et casestudie af klimaaftryk og næringsstofpavirkninger i Ringkøbing-Skjern Kommune"
"";"dtu|dtupub|third_party";"";"2023-06-15T00:11:13.342Z";"Clua, Laura Ortiz";"";"2725816961";"";"dtu";"2023";"";"";"";"";"thesis";"dtu|dtu_electronic|dtupub|dtupub_electronic";"";"";"";"";"";"";"";"";"";"";"";"";"";"";"";"";"und";"648a57217ed5b3bb5b819faa";"";"648a57217ed5b3bb5b819faa";"DTU Department of Electrical and Photonics Engineering";"sorbit";"sorbit";"Optimal AMCL tuning for autonomous indoor robots for hospital applications|Optimal AMCL tuning for autonomous indoor robots for hospital applications"
"";"dtu|dtupub|third_party";"";"2024-03-02T02:05:32.557Z";"Cour, Kasper Dornonville de la";"";"2733987662";"";"dtu";"2024";"";"";"";"";"thesis";"dtu|dtu_electronic|dtupub|dtupub_electronic";"";"";"";"";"";"";"";"";"";"";"";"";"";"";"";"";"und";"65e27c5ae2f837149e72f017";"";"65e27c5ae2f837149e72f017";"DTU Department of Applied Mathematics and Computer Science";"sorbit";"sorbit";"Geometric modelling and analysis of wildfire fronts|Geometrisk modellering og analyse af skovbrandsfronter"
"";"dtu|dtupub|third_party";"";"2024-07-23T15:42:09.361Z";"Nim, Isabella";"";"2737744381";"";"dtu";"2024";"";"";"";"";"thesis";"dtu|dtu_electronic|dtupub|dtupub_electronic";"";"";"";"";"";"";"";"";"";"";"";"";"";"";"";"";"und";"669ef4d4716992e8f3b5bbc2";"";"669ef4d4716992e8f3b5bbc2";"DTU Department of Chemistry";"sorbit";"sorbit";"New RNA aptamer-drug conjugates for targeted therapy of brain infections|Nye RNA aptamer-lægemiddelkonjugater til malrettet behandling af hjerneinfektioner"
"";"dtu|dtupub|third_party";"";"2023-07-31T00:11:25.277Z";"Pedersen, Kristoffer Laust";"";"2727406377";"";"dtu";"2023";"";"";"";"";"thesis";"dtu|dtu_electronic|dtupub|dtupub_electronic";"";"";"";"";"";"";"";"";"";"";"";"";"";"";"";"";"und";"64c6fc2dfc6f471f4f9e55a4";"";"64c6fc2dfc6f471f4f9e55a4";"DTU Department of Wind and Energy Systems";"sorbit";"sorbit";"Development and testing of smart charging strategies for a workplace parking lot|Udvikling og test af smarte ladestrategier til en arbejdsparkeringsplads"
"";"dtu|dtupub|third_party";"";"2023-07-31T00:11:24.846Z";"Marín, Enrique Selfa";"";"2727406376";"";"dtu";"2023";"";"";"";"";"thesis";"dtu|dtu_electronic|dtupub|dtupub_electronic";"";"";"";"";"";"";"";"";"";"";"";"";"";"";"";"";"und";"64c6fc2ce167db1f4ffe6486";"";"64c6fc2ce167db1f4ffe6486";"DTU Department of Technology, Management and Economics";"sorbit";"sorbit";"Feasibility study of local heating project in Rådvad|Forundersøgelse af nærvarmeprojekt i Radvad"
"";"dtu|dtupub|third_party";"";"2023-08-17T00:11:22.839Z";"Choi, Heung Tik|Thurnhofer, Axel Maximilian|Abildgaard, Tyge Lykke Bjørgheim";"";"2727730850";"";"dtu";"2023";"";"";"";"";"thesis";"dtu|dtu_electronic|dtupub_external";"";"";"";"";"";"";"";"";"";"";"";"";"";"";"";"";"und";"64dd65aa16d4e62052f31119";"";"64dd65aa16d4e62052f31119";"DTU Department of Technology, Management and Economics";"sorbit";"sorbit";"Manpower planning for shift-based businesses|Mandskabsplanlægning for shift baserede firmaer"
"";"dtu|dtupub|third_party";"";"2023-07-24T00:12:20.474Z";"Yerro, Miguel Moreno";"";"2727253515";"";"dtu";"2023";"";"";"";"";"thesis";"dtu|dtu_electronic|dtupub|dtupub_electronic";"";"";"";"";"";"";"";"";"";"";"";"";"";"";"";"";"und";"64bdc1e457dd9d31316fe260";"";"64bdc1e457dd9d31316fe260";"DTU Department of Wind and Energy Systems";"sorbit";"sorbit";"Optimal operation of renewable-powered EV charging stations|Optimal drift af vedvarende-drevne ladestationer til elbiler"
"";"dtu|dtupub|third_party";"";"2023-07-24T00:12:29.013Z";"Chen, Yanpu";"";"2727253534";"";"dtu";"2023";"";"";"";"";"thesis";"dtu|dtu_electronic|dtupub|dtupub_electronic";"";"";"";"";"";"";"";"";"";"";"";"";"";"";"";"";"und";"64bdc1ecfa55c43131c773e9";"";"64bdc1ecfa55c43131c773e9";"DTU Department of Wind and Energy Systems";"sorbit";"sorbit";"Multi-objective optimization of wind farm layouts considering electricity generation and power variability|Multi-objektiv optimering af vindmølleparkers layout i betragtning af elproduktion og strømvariabilitet"
"";"dtu|dtupub|third_party";"";"2023-07-24T00:12:31.710Z";"Belinchon, Maria Del Carmen Ruiz|Iniguez, Teresa Faine";"";"2727253545";"";"dtu";"2023";"";"";"";"";"thesis";"dtu|dtu_electronic|dtupub|dtupub_electronic";"";"";"";"";"";"";"";"";"";"";"";"";"";"";"";"";"und";"64bdc1ef810096313166425d";"";"64bdc1ef810096313166425d";"DTU Department of Civil and Mechanical Engineering";"sorbit";"sorbit";"A sustainable rainsuit for bicyling|Et bæredygtigt regnsæt til cykling"
"";"dtu|dtupub|third_party";"";"2024-05-31T11:10:31.581Z";"Wright, Madison Lauren";"";"2736604795";"";"dtu";"2024";"";"";"";"";"thesis";"dtu|dtu_electronic|dtupub|dtupub_electronic";"";"";"";"";"";"";"";"";"";"";"";"";"";"";"";"";"und";"66591542ea527f175a55ccff";"";"66591542ea527f175a55ccff";"DTU Department of Health Technology";"sorbit";"sorbit";"Colocalizing Fluorescent Nanodiamonds with Lysosomes in THP-1 Monocytes for Quantum Sensing of Free Radicals|Co-lokalisering af fluorescente nanodiamanter og lysosomer i THP-1 monocytter til brug for kvante-sensing af frie radikaler"
"";"dtu|dtupub|third_party";"";"2023-09-04T00:09:34.986Z";"Nayberg, Christoffer";"";"2728081003";"";"dtu";"2023";"";"";"";"";"thesis";"dtu|dtu_electronic|dtupub|dtupub_electronic";"";"";"";"";"";"";"";"";"";"";"";"";"";"";"";"";"und";"64f5203ed59a4c22d1556d41";"";"64f5203ed59a4c22d1556d41";"DTU Department of Physics";"sorbit";"sorbit";"Quantitative biomechanics in trampoline gymnastics and TeamGym trampet|Kvantitativ biomekanisk analyse af spring i trampolin og TeamGym trampet"
"";"dtu|dtupub|third_party";"";"2023-09-01T00:09:17.197Z";"Walsh, Christian Paul Møller";"";"2728030101";"";"dtu";"2023";"";"";"";"";"thesis";"dtu|dtu_electronic|dtupub_external";"";"";"";"";"";"";"";"";"";"";"";"";"";"";"";"";"und";"64f12bad98807822a6d1ad3d";"";"64f12bad98807822a6d1ad3d";"DTU Department of Biotechnology and Biomedicine";"sorbit";"sorbit";"Measurement and control of high-throughput microfluidic droplet flow rate via image analysis for combinatorial personalized cancer therapeutics|Measurement and control of high-throughput microfluidic droplet flow rate via image analysis for combinatorial personalized cancer therapeutics"
"";"dtu|dtupub|third_party";"";"2024-09-05T00:18:12.816Z";"Tor, Laura Figueiredo";"";"2738703984";"";"dtu";"2024";"";"";"";"";"thesis";"dtu|dtu_electronic|dtupub|dtupub_electronic";"";"";"";"";"";"";"";"";"";"";"";"";"";"";"";"";"und";"66d8f6d6eafc91153b613c44";"";"66d8f6d6eafc91153b613c44";"DTU Department of Health Technology";"sorbit";"sorbit";"Investigating isoform function in cancer via machine learning|Undersøgelse af isoformers rolle i cancer via maskinlæring"
"";"dtu|dtupub|third_party";"";"2024-08-22T00:12:06.463Z";"Castillo, Alejandra Navarro";"";"2738355889";"";"dtu";"2024";"";"";"";"";"thesis";"dtu|dtu_electronic|dtupub|dtupub_electronic";"";"";"";"";"";"";"";"";"";"";"";"";"";"";"";"";"und";"66c681dfc740d6204c7f4bd6";"";"66c681dfc740d6204c7f4bd6";"DTU Department of Applied Mathematics and Computer Science";"sorbit";"sorbit";"Unveiling Diversity in Wikipedia: Analysis of Human Dimensions Across Pages and Contributors|Afdækning af Diversitet pa Wikipedia: Analyse af Menneskelige Dimensioner pa Tværs af Sider og Bidragydere"
"";"dtu|dtupub|third_party";"";"2024-08-05T00:32:38.243Z";"Iga, Daniel|Spangsberg, Rasmus";"";"2737992923";"";"dtu";"2024";"";"";"";"";"thesis";"dtu|dtu_electronic|dtupub_external";"";"";"";"";"";"";"";"";"";"";"";"";"";"";"";"";"und";"66b018426a40f0e8f33727af";"";"66b018426a40f0e8f33727af";"DTU Department of Technology, Management and Economics";"sorbit";"sorbit";"Machine learning within injection moulding: Product quality prediction|Machine learning indenfor plast sprøjtestøbning: Produktkvalitets forudsigelse"
"";"dtu|dtupub|third_party";"";"2024-10-05T00:09:40.443Z";"Bulancea, Cristina";"";"2739528453";"";"dtu";"2024";"";"";"";"";"thesis";"dtu|dtu_electronic|dtupub_external";"";"";"";"";"";"";"";"";"";"";"";"";"";"";"";"";"und";"670083c35d6d5743d999101b";"";"670083c35d6d5743d999101b";"DTU Department of Biotechnology and Biomedicine";"sorbit";"sorbit";"Optimization of betalains production in Yarrowia lipolytica|Optimization of betalains production in Yarrowia lipolytica"
"";"dtu|dtupub|third_party";"";"2025-01-31T01:09:58.121Z";"Bäuerlein, Franziska Marie";"";"2856861780";"";"dtu";"2024";"";"";"";"";"thesis";"dtu|dtu_electronic|dtupub|dtupub_electronic";"";"";"";"";"";"";"";"";"";"";"";"";"";"";"";"";"und";"679c22e63dde8915d2ce19c7";"";"679c22e63dde8915d2ce19c7";"DTU Department of Applied Mathematics and Computer Science";"sorbit";"sorbit";"Decoding Food Waste Dynamics using data-driven retail strategies and consumer behavior analysis|Afkodning af madspildsdynamikker via af datadrevne detailstrategier og analyse af forbrugeradfærd"
"";"dtu|dtupub|third_party";"";"2025-01-31T01:09:50.326Z";"Kunoy, Regin Steffansson";"";"2856861450";"";"dtu";"2024";"";"";"";"";"thesis";"dtu|dtu_electronic|dtupub|dtupub_electronic";"";"";"";"";"";"";"";"";"";"";"";"";"";"";"";"";"und";"679c22de900af615d2ee0ee5";"";"679c22de900af615d2ee0ee5";"DTU Department of Applied Mathematics and Computer Science";"sorbit";"sorbit";"Understanding App Usage Patterns Across Cityscapes|Analyse at App-forbrug Henover Bylandskaber"
"";"dtu|dtupub|third_party";"";"2023-09-28T00:09:19.494Z";"Rønne-Nielsen, Thomas Krøier";"";"2728755016";"";"dtu";"2023";"";"";"";"";"thesis";"dtu|dtu_electronic|dtupub_external";"";"";"";"";"";"";"";"";"";"";"";"";"";"";"";"";"und";"6514c42fdaae0c1dd6f80355";"";"6514c42fdaae0c1dd6f80355";"DTU Department of Chemistry";"sorbit";"sorbit";"Utilisation of CO2 using novel heterogeneous catalysts|Udnyttelse af CO2 ved hjælp af nye heterogene katalysatorer"
"";"dtu|dtupub|third_party";"";"2024-07-27T09:28:52.215Z";"Sande, Kristin";"";"2737834980";"";"dtu";"2024";"";"";"";"";"thesis";"dtu|dtu_electronic|dtupub|dtupub_electronic";"";"";"";"";"";"";"";"";"";"";"";"";"";"";"";"";"und";"66a43ac893f530e8f3a72df4";"";"66a43ac893f530e8f3a72df4";"DTU Department of Energy Conversion and Storage";"sorbit";"sorbit";"Durability studies of polymer fuel cells by accelerated stressing test|Holdbarhedstest af polymerbrændselsceller"
"";"dtu|dtupub|third_party";"";"2024-08-29T00:10:07.373Z";"Mahajan, Rushil Shrikant";"";"2738522467";"";"dtu";"2024";"";"";"";"";"thesis";"dtu|dtu_electronic|dtupub_external";"";"";"";"";"";"";"";"";"";"";"";"";"";"";"";"";"und";"66cfbc5f293b9f0184a5681e";"";"66cfbc5f293b9f0184a5681e";"DTU Department of Wind and Energy Systems";"sorbit";"sorbit";"Accurate prediction of the buckling capacity of monopiles using finite element-based shell buckling analysis|Nøjagtig bestemmelse af monopiles bulingskapacitet ved brug af finite element baseret skalbulingsanalyse."
"";"dtu|dtupub|third_party";"";"2024-08-22T00:12:04.034Z";"Niemann, Anna Løkkegaard|Ahlefeldt-Laurvigen, Christian";"";"2738355870";"";"dtu";"2024";"";"";"";"";"thesis";"dtu|dtu_electronic|dtupub|dtupub_electronic";"";"";"";"";"";"";"";"";"";"";"";"";"";"";"";"";"und";"66c681dc2b7a7a204c4935d8";"";"66c681dc2b7a7a204c4935d8";"DTU Department of Civil and Mechanical Engineering";"sorbit";"sorbit";"Design strategies for natural ventilation and bio-based building materials|Designstrategier for naturlig ventilation og biobaserede byggematerialer"
"";"dtu|dtupub|third_party";"";"2024-03-27T01:23:58.998Z";"Thorsen, Mads Heldager";"";"2735158213";"";"dtu";"2024";"";"";"";"";"thesis";"dtu|dtu_electronic|dtupub|dtupub_electronic";"";"";"";"";"";"";"";"";"";"";"";"";"";"";"";"";"und";"660371d980ad4a1e2e2eeb0d";"";"660371d980ad4a1e2e2eeb0d";"DTU Department of Wind and Energy Systems";"sorbit";"sorbit";"Techno-economic study on integrating Power-to-X storage into Energy Island-Bornholm|Tekno-økonomisk gennemførlighedsundersøgelse af integrering af Power-to-X-lagring i energiøen-Bornholm"
"";"dtu|dtupub|third_party";"";"2024-09-10T09:15:02.784Z";"Hjuler, Maja Jønck";"";"2738142746";"";"dtu";"2024";"";"";"";"";"thesis";"dtu|dtu_electronic|dtupub|dtupub_electronic";"";"";"";"";"";"";"";"";"";"";"";"";"";"";"";"";"und";"66b952cd45b086e8f324965b";"";"66b952cd45b086e8f324965b";"DTU Department of Applied Mathematics and Computer Science";"sorbit";"sorbit";"Speech emotion recognition for low-resource languages|Følelsesgenkendelse fra tale for sprog med lav ressource"
"";"dtu|dtupub|third_party";"";"2023-09-06T00:09:32.267Z";"Zhang, Weiwei";"";"2728154013";"";"dtu";"2023";"";"";"";"";"thesis";"dtu|dtu_electronic|dtupub|dtupub_electronic";"";"";"";"";"";"";"";"";"";"";"";"";"";"";"";"";"und";"64f7c33ce4e0ab22d1fe7177";"";"64f7c33ce4e0ab22d1fe7177";"DTU Department of Wind and Energy Systems";"sorbit";"sorbit";"A techno-economic analysis of a gigawatt scale electrolyser system|En tekno-økonomisk analyse af et elektrolysesystem i gigawatt-skala"
"";"dtu|dtupub|third_party";"";"2023-07-04T00:11:10.725Z";"Wistrøm, Christian Oscar";"";"2726481773";"";"dtu";"2023";"";"";"";"";"thesis";"dtu|dtu_electronic|dtupub|dtupub_electronic";"";"";"";"";"";"";"";"";"";"";"";"";"";"";"";"";"und";"64a3639e1b57d391526dab56";"";"64a3639e1b57d391526dab56";"DTU Department of Biotechnology and Biomedicine";"sorbit";"sorbit";"Multiplexed gene activation by Cas12a in Chinese hamster ovary cells|Multiplekseret genaktivering med Cas12a i overieceller fra kinesisk dværghamster"
"";"dtu|dtupub|third_party";"";"2023-07-24T00:11:24.143Z";"Du, Hongsheng Chen";"";"2727253411";"";"dtu";"2023";"";"";"";"";"thesis";"dtu|dtu_electronic|dtupub|dtupub_electronic";"";"";"";"";"";"";"";"";"";"";"";"";"";"";"";"";"und";"64bdc1acbffcdf31311827d6";"";"64bdc1acbffcdf31311827d6";"DTU Department of Wind and Energy Systems";"sorbit";"sorbit";"Techno-economic analysis of 1GW electrolyzer portfolio for Energy Island Bornholm|Teknoøkonomisk analyse af 1GW elektrolysatorportefølje for Energiøen Bornholm"
"";"dtu|dtupub|third_party";"";"2024-07-23T15:42:09.431Z";"Demol, Sara Johanna A|Broecke, Lynn Frederike Henri van den";"";"2737744397";"";"dtu";"2024";"";"";"";"";"thesis";"dtu|dtu_electronic|dtupub|dtupub_electronic";"";"";"";"";"";"";"";"";"";"";"";"";"";"";"";"";"und";"669ef4ee8ce7fde8f39c3b69";"";"669ef4ee8ce7fde8f39c3b69";"DTU Department of Civil and Mechanical Engineering";"sorbit";"sorbit";"The interplay of urban nature and building performance, with Nordhavn as a case study|Samspillet mellem bynatur og bygningers præstation, med Nordhavn som case-studie"
"";"dtu|dtupub|third_party";"";"2024-07-16T00:18:48.208Z";"Thomsen, Emilie Skrubbeltrang";"";"2737616905";"";"dtu";"2024";"";"";"";"";"thesis";"dtu|dtu_electronic|dtupub|dtupub_electronic";"";"";"";"";"";"";"";"";"";"";"";"";"";"";"";"";"und";"6695ba58fd3541e8f3463a35";"";"6695ba58fd3541e8f3463a35";"DTU National Institute of Aquatic Resources";"sorbit";"sorbit";"The impact of temperature and crude oil pollution on the development of Calanus hyperboreus in a changing arctic environment|Betydningen af ??temperatur og raolieforurening pa udviklingen af ??Calanus hyperboreus i et arktisk miljø under forandring"
"";"dtu|dtupub|third_party";"";"2024-08-01T06:44:38.994Z";"Hansen, Oliver Rømer";"";"2737905493";"";"dtu";"2024";"";"";"";"";"thesis";"dtu|dtu_electronic|dtupub|dtupub_electronic";"";"";"";"";"";"";"";"";"";"";"";"";"";"";"";"";"und";"66a980e36591c2e8f3026b15";"";"66a980e36591c2e8f3026b15";"DTU Department of Applied Mathematics and Computer Science";"sorbit";"sorbit";"Analysis of devices connected to the Internet with an interest on digital ghosts|Analysis of devices connected to the Internet with an interest on digital ghosts"
"";"dtu|dtupub|third_party";"";"2024-03-28T01:12:35.603Z";"Gimeno, Joan Cortes";"";"2735190474";"";"dtu";"2024";"";"";"";"";"thesis";"dtu|dtu_electronic|dtupub_external";"";"";"";"";"";"";"";"";"";"";"";"";"";"";"";"";"und";"6604c35d2b7e971e2ebaa22a";"";"6604c35d2b7e971e2ebaa22a";"DTU Department of Chemical and Biochemical Engineering";"sorbit";"sorbit";"Biomass Measurement and Overflow Metabolism Analysis in Saccharomyces cerevisiae Fermentation for Improved Pharmaceutical Production|Biomassemaling og overløbsmetabolismeanalyse i Saccharomyces cerevisiae-fermentering for forbedret farmaceutisk produktion"
"";"dtu|dtupub|third_party";"";"2024-02-01T01:09:49.830Z";"Christiansen, Peter Riis|Pold, Rasmus Willy";"";"2731326863";"";"dtu";"2024";"";"";"";"";"thesis";"dtu|dtu_electronic|dtupub|dtupub_electronic";"";"";"";"";"";"";"";"";"";"";"";"";"";"";"";"";"und";"65baef5d88101b3e8295c4e5";"";"65baef5d88101b3e8295c4e5";"DTU Department of Applied Mathematics and Computer Science";"sorbit";"sorbit";"Random Access in Persistent Strings|Vilkarligt opslag i vedholdende strenge"
"";"dtu|dtupub|third_party";"";"2024-04-09T00:09:47.830Z";"Hartvig, Jens Winther";"";"2735454923";"";"dtu";"2024";"";"";"";"";"thesis";"dtu|dtu_electronic|dtupub|dtupub_electronic";"";"";"";"";"";"";"";"";"";"";"";"";"";"";"";"";"und";"66148749b29f381a24d499fd";"";"66148749b29f381a24d499fd";"DTU Department of Chemical and Biochemical Engineering";"sorbit";"sorbit";"CFD simulation of a Mixing Tank of 200 L for fully formulated biologics solution|CFD simulering af en 200 l mixing tank for fuld formuleret biologisk løsning"
"";"dtu|dtupub|third_party";"";"2024-06-01T00:09:47.249Z";"Hsu, Yi-Hsuan";"";"2736621374";"";"dtu";"2024";"";"";"";"";"thesis";"dtu|dtu_electronic|dtupub|dtupub_electronic";"";"";"";"";"";"";"";"";"";"";"";"";"";"";"";"";"und";"665a66cabf765517d324bef0";"";"665a66cabf765517d324bef0";"DTU Department of Wind and Energy Systems";"sorbit";"sorbit";"Modelling of fracture in rubber-like materials|Modellering af brud i gummilignende materialer"
"";"dtu|dtupub|third_party";"";"2024-06-16T00:09:54.291Z";"Panieri, Claudio";"";"2736952328";"";"dtu";"2024";"";"";"";"";"thesis";"dtu|dtu_electronic|dtupub|dtupub_electronic";"";"";"";"";"";"";"";"";"";"";"";"";"";"";"";"";"und";"666e2d4f093bac17d323437a";"";"666e2d4f093bac17d323437a";"DTU Department of Technology, Management and Economics";"sorbit";"sorbit";"Development of a railway alignment optimization model considering geometrical, topographical and land-use factors|Udvikling af en model til optimering af jernbanelinjeføringer under hensyntagen til geometriske, topografiske og arealanvendelsesmæssige faktorer"
"";"dtu|dtupub|third_party";"";"2024-07-29T06:07:22.160Z";"Bertelsen, Julie Munck";"";"2737855314";"";"dtu";"2024";"";"";"";"";"thesis";"dtu|dtu_electronic|dtupub|dtupub_electronic";"";"";"";"";"";"";"";"";"";"";"";"";"";"";"";"";"und";"66a6ddcc2bda36e8f3bb6cef";"";"66a6ddcc2bda36e8f3bb6cef";"DTU Department of Civil and Mechanical Engineering";"sorbit";"sorbit";"Clay walls load-carrying capacity|Lervægges bæreevner"
"";"dtu|dtupub|third_party";"";"2024-03-21T01:51:27.379Z";"Ulrich, Christoffer Gaardhøje";"";"2734545148";"";"dtu";"2024";"";"";"";"";"thesis";"dtu|dtu_electronic|dtupub|dtupub_electronic";"";"";"";"";"";"";"";"";"";"";"";"";"";"";"";"";"und";"65fb88e551069e1e2e2ca59b";"";"65fb88e551069e1e2e2ca59b";"DTU Department of Civil and Mechanical Engineering";"sorbit";"sorbit";"Wear and Corrosion Performance of H13 tool steel manufactured by Spray Forming and Laser Powder Bed Fusion|Slid og korrosionsopførsel af H13 værktøjsstal fremstillet med sprayformning og laser powder bed fusion"
"";"dtu|dtupub|third_party";"";"2024-01-04T01:09:27.756Z";"Gunnarsdóttir, Hildur Margrét|Gudmundsdóttir, Pálina Kröyer";"";"2730752531";"";"dtu";"2023";"";"";"";"";"thesis";"dtu|dtu_electronic|dtupub|dtupub_electronic";"";"";"";"";"";"";"";"";"";"";"";"";"";"";"";"";"und";"659605474313ee2bb95ca4df";"";"659605474313ee2bb95ca4df";"DTU Department of Technology, Management and Economics";"sorbit";"sorbit";"Adaptive Personalized Congestion Pricing using Multi-Objective Reinforcement Learning|Adaptiv Personlig Trængselsprissætning ved Hjælp af Multiobjektiv Reinforcement Learning"
"";"dtu|dtupub|third_party";"";"2023-11-11T01:09:22.161Z";"Botis, Rares-Victor";"";"2729654573";"";"dtu";"2023";"";"";"";"";"thesis";"dtu|dtu_electronic|dtupub|dtupub_electronic";"";"";"";"";"";"";"";"";"";"";"";"";"";"";"";"";"und";"654ed440ef531004870f8749";"";"654ed440ef531004870f8749";"DTU Department of Applied Mathematics and Computer Science";"sorbit";"sorbit";"Natural feature-based approach for external calibration and recalibration of a multi-camera system|Naturlig funktionsbaseret tilgang til ekstern kalibrering og rekalibrering af et multikamerasystem"
"";"dtu|dtupub|third_party";"";"2024-03-30T01:09:46.995Z";"Tronsen, Signe Bonde";"";"2735224907";"";"dtu";"2024";"";"";"";"";"thesis";"dtu|dtu_electronic|dtupub|dtupub_electronic";"";"";"";"";"";"";"";"";"";"";"";"";"";"";"";"";"und";"6607665915ff2b1e2ebcd7d4";"";"6607665915ff2b1e2ebcd7d4";"DTU Department of Environmental and Resource Engineering";"sorbit";"sorbit";"Environmental safety assessment of advanced materials for the green transition|Miljøvurdering af avancerede materialer til den grønne omstilling"
"";"dtu|dtupub|third_party";"";"2023-08-13T00:10:52.182Z";"Garcia, Mario Martin";"";"2727629200";"";"dtu";"2023";"";"";"";"";"thesis";"dtu|dtu_electronic|dtupub|dtupub_electronic";"";"";"";"";"";"";"";"";"";"";"";"";"";"";"";"";"und";"64d81f8cd47ac3205262c38a";"";"64d81f8cd47ac3205262c38a";"DTU Department of Wind and Energy Systems";"sorbit";"sorbit";"Investigating the effect of turbine pitch on annual energy production in floating wind farms|Undersøgelse af effekten af vindturbinens pitch pa arlig energiproduktion af flydende vindmølleparker"
"";"dtu|dtupub|third_party";"";"2024-01-31T01:43:18.245Z";"Stryhn, Silas El-Azm Johansson";"";"2731307940";"";"dtu";"2023";"";"";"";"";"thesis";"dtu|dtu_electronic|dtupub_external";"";"";"";"";"";"";"";"";"";"";"";"";"";"";"";"";"und";"65b99ddccf41263e82c90535";"";"65b99ddccf41263e82c90535";"DTU Department of Applied Mathematics and Computer Science";"sorbit";"sorbit";"Utilizing Artificial Intelligence for Real-time Detection of Email Phishing Attacks|Kunstig Intelligens til realtidsdetektion af emailphishingangreb"
"";"dtu|dtupub|third_party";"";"2024-02-14T01:36:21.977Z";"Poulsen, Anton Lejre|Egelund, Emma Cathrine Rud";"";"2731617725";"";"dtu";"2024";"";"";"";"";"thesis";"dtu|dtu_electronic|dtupub_external";"";"";"";"";"";"";"";"";"";"";"";"";"";"";"";"";"und";"65cc12e031c63cdd4be27909";"";"65cc12e031c63cdd4be27909";"DTU Department of Civil and Mechanical Engineering";"sorbit";"sorbit";"Analysis of warehouse and customer complexity at DSV|Analyse af kompleksitet for lagre og kunder hos DSV"
"";"dtu|dtupub|third_party";"";"2023-08-27T00:09:23.578Z";"Tachtsidis, Nikolaos";"";"2727903516";"";"dtu";"2023";"";"";"";"";"thesis";"dtu|dtu_electronic|dtupub_external";"";"";"";"";"";"";"";"";"";"";"";"";"";"";"";"";"und";"64ea94338342ee2052567b97";"";"64ea94338342ee2052567b97";"DTU Department of Space Research and Space Technology";"sorbit";"sorbit";"Design of control system for amphibious drone to perform bathymetry measurements|Design af styresystem for en amfibie drone til udførsel af batymetri malinger"
"";"dtu|dtupub|third_party";"";"2023-03-04T06:55:37.505Z";"Anagnostou, Theano";"";"2720215985";"";"dtu";"2023";"";"";"";"";"thesis";"dtu|dtu_electronic|dtupub_external";"";"";"";"";"";"";"";"";"";"";"";"";"";"";"";"";"und";"6402eb62adbbee3c4581200d";"";"6402eb62adbbee3c4581200d";"DTU Department of Civil and Mechanical Engineering";"sorbit";"sorbit";"Integration of high temperature heat pumps in Industrial processes: a case study in the pharmaceutical industry|Integration af høj temperatur varme pumper i industrielle processer: et case studie i den farmaceutiske industri"
"";"dtu|dtupub|third_party";"";"2023-05-22T00:10:03.051Z";"Nielsen, Niels Troels";"";"2724495439";"";"dtu";"2023";"";"";"";"";"thesis";"dtu|dtu_electronic|dtupub|dtupub_electronic";"";"";"";"";"";"";"";"";"";"";"";"";"";"";"";"";"und";"646ab2da7559b22aa511b265";"";"646ab2da7559b22aa511b265";"DTU Department of Civil and Mechanical Engineering";"sorbit";"sorbit";"Natural fire ventilation with bidirectional flows in horizontal openings|Naturlig brandventilation med dobbeltrettet strømninger i horisontelle abninger"
"";"dtu|dtupub|third_party";"";"2023-08-01T00:10:23.568Z";"Gavilán, Joaquín Jacobo Ucha";"";"2727446861";"";"dtu";"2023";"";"";"";"";"thesis";"dtu|dtu_electronic|dtupub|dtupub_electronic";"";"";"";"";"";"";"";"";"";"";"";"";"";"";"";"";"und";"64c84d6fcf07cc1f4f2b75de";"";"64c84d6fcf07cc1f4f2b75de";"DTU Department of Chemical and Biochemical Engineering";"sorbit";"sorbit";"Establishment of microbial cell factories tolerant to lignocellulosic hydrolysate|Etablering af mikrobielle cellefabrikker, der er tolerante over for lignocellulosehydrolysat"
"";"dtu|dtupub|third_party";"";"2023-03-03T02:05:56.384Z";"Krogh, Sara Kathrine Højer|Hellinghus, Cecilie Perch";"";"2720125360";"";"dtu";"2023";"";"";"";"";"thesis";"dtu|dtu_electronic|dtupub|dtupub_electronic";"";"";"";"";"";"";"";"";"";"";"";"";"";"";"";"";"und";"640148d4f21ff33c12caee60";"";"640148d4f21ff33c12caee60";"DTU Department of Environmental and Resource Engineering";"sorbit";"sorbit";"Microplastic in Soil - Investigating the influence of anthropogenic activity on microplastic abundance in Danish soil|Mikroplast i jord - Undersøgelse af betydning af menneskelig aktivitet pa forekomst af mikroplast i dansk jord"
"";"dtu|dtupub|third_party";"";"2023-03-07T01:09:37.739Z";"Spalj, Grigor";"";"2720317303";"";"dtu";"2023";"";"";"";"";"thesis";"dtu|dtu_electronic|dtupub|dtupub_electronic";"";"";"";"";"";"";"";"";"";"";"";"";"";"";"";"";"und";"64068ed14e346c3c96ca34f5";"";"64068ed14e346c3c96ca34f5";"DTU Department of Applied Mathematics and Computer Science";"sorbit";"sorbit";"Conditional generative modeling for differential privacy|Betinget generativ modellering for differentieret privatliv"
"";"dtu|dtupub|third_party";"";"2023-06-01T00:10:01.878Z";"Møller, Aqqaluk Hans Sydel";"";"2725059822";"";"dtu";"2023";"";"";"";"";"thesis";"dtu|dtu_electronic|dtupub|dtupub_electronic";"";"";"";"";"";"";"";"";"";"";"";"";"";"";"";"";"und";"6477e1d9d7c3d9bb5b1b8340";"";"6477e1d9d7c3d9bb5b1b8340";"DTU Department of Civil and Mechanical Engineering";"sorbit";"sorbit";"Engineering of a tooling system for big-area additive manufacturing of fibre composites|Udvikling af et værktøjssystem til bredformats 3D print af fiber kompositter"
"";"dtu|dtupub|third_party";"";"2023-06-13T00:09:59.871Z";"Tsimplis, Nikolaos";"";"2725645470";"";"dtu";"2023";"";"";"";"";"thesis";"dtu|dtu_electronic|dtupub|dtupub_electronic";"";"";"";"";"";"";"";"";"";"";"";"";"";"";"";"";"und";"6487b3d66d4de7bb5b48c019";"";"6487b3d66d4de7bb5b48c019";"DTU Department of Electrical and Photonics Engineering";"sorbit";"sorbit";"Design of an IoT based prototype agricultural robot|Design af prototype for IoT baseret landbrugsrobot"
"";"dtu|dtupub|third_party";"";"2023-03-17T01:09:33.245Z";"Dias, Catarina";"";"2720877972";"";"dtu";"2023";"";"";"";"";"thesis";"dtu|dtu_electronic|dtupub_external";"";"";"";"";"";"";"";"";"";"";"";"";"";"";"";"";"und";"6413bdcca5e03b3abb54bfd3";"";"6413bdcca5e03b3abb54bfd3";"DTU Department of Environmental and Resource Engineering";"sorbit";"sorbit";"Struvite recovery from wastewater: a Portuguese case study|Struvitindvinding fra spildevand. Et portugisisk studie"
"";"dtu|dtupub|third_party";"";"2023-09-18T00:09:27.294Z";"Krstevski, Ivan";"";"2728359877";"";"dtu";"2023";"";"";"";"";"thesis";"dtu|dtu_electronic|dtupub|dtupub_electronic";"";"";"";"";"";"";"";"";"";"";"";"";"";"";"";"";"und";"65079536b875711200f810cb";"";"65079536b875711200f810cb";"DTU Department of Chemical and Biochemical Engineering";"sorbit";"sorbit";"High pressure oxidation of ammonia/hydrogen mixtures|Oxidation af ammoniak/hydrogen blandinger ved højt tryk"
"";"dtu|dtupub|third_party";"";"2023-07-20T00:10:10.434Z";"Olsen, Olav Nørgaard";"";"2727202184";"";"dtu";"2023";"";"";"";"";"thesis";"dtu|dtu_electronic|dtupub|dtupub_electronic";"";"";"";"";"";"";"";"";"";"";"";"";"";"";"";"";"und";"64b87b62dbfde331315a5a56";"";"64b87b62dbfde331315a5a56";"DTU Department of Applied Mathematics and Computer Science";"sorbit";"sorbit";"Data Structures for Resizable Arrays|Datastrukturer for dynamiske tabeller."
"";"dtu|dtupub|third_party";"";"2023-03-01T01:09:40.435Z";"Lasak, Oliwia Lucyna";"";"2720010055";"";"dtu";"2023";"";"";"";"";"thesis";"dtu|dtu_electronic|dtupub|dtupub_electronic";"";"";"";"";"";"";"";"";"";"";"";"";"";"";"";"";"und";"63fea5d3f428633bcaf9c849";"";"63fea5d3f428633bcaf9c849";"DTU Department of Space Research and Space Technology";"sorbit";"sorbit";"Methane concentration over Denmark derived using Sentinel-5P hyperspectral data|Metankoncentration over Danmark udledt ved hjælp af Sentinel-5P hyperspektrale data"
"";"dtu|dtupub|third_party";"";"2025-10-16T00:34:37.010Z";"Matiwane, Vuyolwethu";"";"2874581812";"";"dtu";"2023";"";"";"";"";"thesis";"dtu|dtu_electronic|dtupub|dtupub_electronic";"";"";"";"";"";"";"";"";"";"";"";"";"";"";"";"";"und";"68f038082fff2615e128bd61";"";"68f038082fff2615e128bd61";"DTU Department of Wind and Energy Systems";"sorbit";"sorbit";"A Comparative Analysis of Imbalance Penalty Schemes in India, Pakistan, Nord Pool and South Africa|En komparativ analyse af ubalance bødeordninger i Indien, Pakistan, NordPool og Sydafrika'"
"";"dtu|dtupub|third_party";"";"2023-03-29T00:09:51.578Z";"Chen, Jiasi";"";"2723283118";"";"dtu";"2023";"";"";"";"";"thesis";"dtu|dtu_electronic|dtupub_external";"";"";"";"";"";"";"";"";"";"";"";"";"";"";"";"";"und";"642381cf4b82883d3ce6472a";"";"642381cf4b82883d3ce6472a";"DTU Department of Biotechnology and Biomedicine";"sorbit";"sorbit";"Metabolic glycoengineering of NK cells and cell-derived exosomes|Metabolisk glycoengineering af NK-celler og celleafledte exosomer"
"";"dtu|dtupub|third_party";"";"2024-11-01T01:09:35.453Z";"Sørensen, Naomi Fleurine";"";"2740134598";"";"dtu";"2024";"";"";"";"";"thesis";"dtu|dtu_electronic|dtupub|dtupub_electronic";"";"";"";"";"";"";"";"";"";"";"";"";"";"";"";"";"und";"67242a4d121781a51ddbebb9";"";"67242a4d121781a51ddbebb9";"DTU Department of Environmental and Resource Engineering";"sorbit";"sorbit";"Application of sewage sludge ash in alkali-activated materials|Anvendelse af slamaske i alkali-aktiverede materialer"
"";"dtu|dtupub|third_party";"";"2023-07-10T00:10:59.984Z";"Refosco, Pietro Aldo";"";"2726980852";"";"dtu";"2023";"";"";"";"";"thesis";"dtu|dtu_electronic|dtupub|dtupub_electronic";"";"";"";"";"";"";"";"";"";"";"";"";"";"";"";"";"und";"64ab4c93e99088915227093c";"";"64ab4c93e99088915227093c";"DTU Department of Electrical and Photonics Engineering";"sorbit";"sorbit";"Stability and Systematic Tuning of Super Twisting Sliding Mode Control loops|Stabilitet og systematisk justering af Super Twisting Sliding Mode Kontrol sløjfer"
"";"dtu|dtupub|third_party";"";"2023-02-13T13:57:15.651Z";"Hedeboe, Ella";"";"2718659734";"";"dtu";"2023";"";"";"";"";"thesis";"dtu|dtu_electronic|dtupub_external";"";"";"";"";"";"";"";"";"";"";"";"";"";"";"";"";"und";"63e447c62e8f122dce69e2b9";"";"63e447c62e8f122dce69e2b9";"DTU Department of Health Technology";"sorbit";"sorbit";"A bioinformatic investigation of the E3 ubiquitin ligase landscape for targeted protein degradation in inflammatory diseases|En bioinformatisk undersøgelse af E3 ubiquitin ligase landskabet for malrettet protein nedbrydning i inflammatoriske sygdomme"
"";"dtu|dtupub|third_party";"";"2023-08-22T00:11:34.056Z";"Tuntland, David Fosse";"";"2727821632";"";"dtu";"2023";"";"";"";"";"thesis";"dtu|dtu_electronic|dtupub_external";"";"";"";"";"";"";"";"";"";"";"";"";"";"";"";"";"und";"64e3fd35d66d692052c9a391";"";"64e3fd35d66d692052c9a391";"DTU Department of Civil and Mechanical Engineering";"sorbit";"sorbit";"Analysis and design of a Load Sensing windturbine pitch system|Analyse og design af et load sensing baseret pitchstyringssystem til vindmøller"
"";"dtu|dtupub|third_party";"";"2023-04-01T00:09:40.465Z";"Poljuha, Matej";"";"2723340190";"";"dtu";"2023";"";"";"";"";"thesis";"dtu|dtu_electronic|dtupub|dtupub_electronic";"";"";"";"";"";"";"";"";"";"";"";"";"";"";"";"";"und";"64277644e057df3d3c0104af";"";"64277644e057df3d3c0104af";"DTU Department of Applied Mathematics and Computer Science";"sorbit";"sorbit";"Benchmarking post-quantum secure biometrics-authenticated key exchange|Benhmarking af post-kvantesikre biometriautentificeret nøgleudveksling"
"";"dtu|dtupub|third_party";"";"2023-07-24T00:12:06.468Z";"Eliard, Laurena Bérangère";"";"2727253497";"";"dtu";"2023";"";"";"";"";"thesis";"dtu|dtu_electronic|dtupub|dtupub_electronic";"";"";"";"";"";"";"";"";"";"";"";"";"";"";"";"";"und";"64bdc1d65c42e43131ffc194";"";"64bdc1d65c42e43131ffc194";"DTU Department of Wind and Energy Systems";"sorbit";"sorbit";"Optimal operational planning of hybrid energy storage systems in energy and reserve markets|Optimal driftsplanlægning af hybride energilagringssystemer pa energi- og reservemarkeder"
"";"dtu|dtupub|third_party";"";"2023-07-15T00:11:10.200Z";"Gribsvad, Jens Christian Bang";"";"2727099584";"";"dtu";"2023";"";"";"";"";"thesis";"dtu|dtu_electronic|dtupub|dtupub_electronic";"";"";"";"";"";"";"";"";"";"";"";"";"";"";"";"";"und";"64b1e41ea4b47091528a403b";"";"64b1e41ea4b47091528a403b";"DTU Department of Applied Mathematics and Computer Science";"sorbit";"sorbit";"Use of deep learning to identify, enumerate and differentiate bacteria colonies from time lapse imagery|Brug af deep learning til at identificere, opregne og differentiere bakteriekolonier fra time-lapse-billeder"
"";"dtu|dtupub|third_party";"";"2024-07-30T12:38:08.860Z";"Tsiavos, Alexandros";"";"2737859095";"";"dtu";"2024";"";"";"";"";"thesis";"dtu|dtu_electronic|dtupub|dtupub_electronic";"";"";"";"";"";"";"";"";"";"";"";"";"";"";"";"";"und";"66a8300beeaffae8f3fc65f9";"";"66a8300beeaffae8f3fc65f9";"DTU Department of Applied Mathematics and Computer Science";"sorbit";"sorbit";"Analysis of functional near-infrared spectroscopy data from patients with acute brain injury|Analyse af funktional nær-infrarød spektroskopi data fra patienter med akut hjerneskade"
"";"dtu|dtupub|third_party";"";"2024-10-01T00:09:55.106Z";"Paraskevopoulos, Ioannis";"";"2739448720";"";"dtu";"2024";"";"";"";"";"thesis";"dtu|dtu_electronic|dtupub|dtupub_electronic";"";"";"";"";"";"";"";"";"";"";"";"";"";"";"";"";"und";"66fb3dd1cb466b43d99b9b98";"";"66fb3dd1cb466b43d99b9b98";"DTU Department of Wind and Energy Systems";"sorbit";"sorbit";"Modeling wake effects between wind turbines with varying hub heights|Modellering af kølvandseffekter mellem møller med forskellig navhøjde"
"";"dtu|dtupub|third_party";"";"2023-11-03T01:09:20.103Z";"Bauchrowitz, Moritz Leopold";"";"2729517474";"";"dtu";"2023";"";"";"";"";"thesis";"dtu|dtu_electronic|dtupub_external";"";"";"";"";"";"";"";"";"";"";"";"";"";"";"";"";"und";"6544483fcd6d66015a3b9cbc";"";"6544483fcd6d66015a3b9cbc";"DTU Department of Civil and Mechanical Engineering";"sorbit";"sorbit";"Development and testing of a system to prevent plant and dust accumulation on a forage harvester|Udvikling og test af et system til at forhindre plante- og støvansamling pa høstmaskiner"
"";"dtu|dtupub|third_party";"";"2024-03-07T01:34:46.338Z";"Andersen, Amalie Elsborg";"";"2734199193";"";"dtu";"2023";"";"";"";"";"thesis";"dtu|dtu_electronic|dtupub|dtupub_electronic";"";"";"";"";"";"";"";"";"";"";"";"";"";"";"";"";"und";"65e913d0d1d4ac01608480ea";"";"65e913d0d1d4ac01608480ea";"DTU Department of Chemical and Biochemical Engineering";"sorbit";"sorbit";"Application of optimization algorithms for the development of multi-step chromatographic processes for synthetic peptide purification|Anvendelse af optimeringsalgoritmer til udvikling af flertrins kromatografiske processer til syntetisk peptidoprensning"
"";"dtu|dtupub|third_party";"";"2024-10-28T08:29:39.420Z";"Csabai, Mátyás Dániel";"";"2739844953";"";"dtu";"2024";"";"";"";"";"thesis";"dtu|dtu_electronic|dtupub_external";"";"";"";"";"";"";"";"";"";"";"";"";"";"";"";"";"und";"671f4b734e43289cd7906ebd";"";"671f4b734e43289cd7906ebd";"DTU Department of Applied Mathematics and Computer Science";"sorbit";"sorbit";"Live code updates on embedded systems|Live-kodeopdateringer pa indlejrede systemer"
"";"dtu|dtupub|third_party";"";"2023-12-12T11:26:16.203Z";"Nistor, Mihaela-Elena";"";"2730276314";"";"dtu";"2023";"";"";"";"";"thesis";"dtu|dtu_electronic|dtupub_external";"";"";"";"";"";"";"";"";"";"";"";"";"";"";"";"";"und";"65711b3fcc59a113162656cc";"";"65711b3fcc59a113162656cc";"DTU Department of Applied Mathematics and Computer Science";"sorbit";"sorbit";"Machine Learning Pipelines for GDPR compliant models used for epilepsy diagnosis|En GDPR compliant pipeline for maskinlæring til brug i diagnose af epilepsi"
"";"dtu|dtupub|third_party";"";"2025-01-08T01:09:46.230Z";"Sakarwala, Burhanuddin Ibrahim";"";"2854596806";"";"dtu";"2024";"";"";"";"";"thesis";"dtu|dtu_electronic|dtupub_external";"";"";"";"";"";"";"";"";"";"";"";"";"";"";"";"";"und";"677dd0593bb0d2a804384a7b";"";"677dd0593bb0d2a804384a7b";"DTU Department of Electrical and Photonics Engineering";"sorbit";"sorbit";"Acoustic metamaterials applied to small loudspeaker|Akustiske metamaterialer i sma højttalere"
"";"dtu|dtupub|third_party";"";"2023-09-20T00:09:26.652Z";"Jeppesen, Christina";"";"2728423479";"";"dtu";"2023";"";"";"";"";"thesis";"dtu|dtu_electronic|dtupub_external";"";"";"";"";"";"";"";"";"";"";"";"";"";"";"";"";"und";"650a3836d1ad63566b9349ab";"";"650a3836d1ad63566b9349ab";"DTU Department of Applied Mathematics and Computer Science";"sorbit";"sorbit";"Software framework for the automated analysis of the aorta in 3D computed tomography scans|Softwareværktøj til automatisk analyse af aorta i 3D CT scanninger."
"";"dtu|dtupub|third_party";"";"2023-07-23T00:10:43.096Z";"Gozalo, Angel Hurtado";"";"2727248789";"";"dtu";"2023";"";"";"";"";"thesis";"dtu|dtu_electronic|dtupub|dtupub_electronic";"";"";"";"";"";"";"";"";"";"";"";"";"";"";"";"";"und";"64bc700334b16f3131bce6f4";"";"64bc700334b16f3131bce6f4";"DTU Department of Chemical and Biochemical Engineering";"sorbit";"sorbit";"Impact of renewable fuels on particulate filters|Indflydelsen af fornybare brændstoffer pa partikelfiltre"
"";"dtu|dtupub|third_party";"";"2023-03-22T01:09:40.634Z";"Said, Samah Kamal";"";"2722957792";"";"dtu";"2023";"";"";"";"";"thesis";"dtu|dtu_electronic|dtupub_external";"";"";"";"";"";"";"";"";"";"";"";"";"";"";"";"";"und";"641a555442ef453c29035686";"";"641a555442ef453c29035686";"DTU Department of Technology, Management and Economics";"sorbit";"sorbit";"Information flow optimization within the production department at Schaerer|Optimering af informationsflow i produktionsafdelingen i Schaerer"
"";"dtu|dtupub|third_party";"";"2023-08-30T00:09:18.313Z";"Pedersen, Lucas With";"";"2727978247";"";"dtu";"2023";"";"";"";"";"thesis";"dtu|dtu_electronic|dtupub|dtupub_electronic";"";"";"";"";"";"";"";"";"";"";"";"";"";"";"";"";"und";"64ee88ae6f475020523868a8";"";"64ee88ae6f475020523868a8";"DTU Department of Technology, Management and Economics";"sorbit";"sorbit";"Automated planning of cleaning of trains for DSB|Automatiseret planlægning af togrengøring for DSB"
"";"dtu|dtupub|third_party";"";"2024-09-10T09:15:02.779Z";"Saria, Salah Abou";"";"2738079034";"";"dtu";"2024";"";"";"";"";"thesis";"dtu|dtu_electronic|dtupub|dtupub_electronic";"";"";"";"";"";"";"";"";"";"";"";"";"";"";"";"";"und";"66b40ce94944d5e8f3574139";"";"66b40ce94944d5e8f3574139";"DTU Department of Wind and Energy Systems";"sorbit";"sorbit";"Optimizing availability of floating wind turbines for increased safety|Optimering af tilgængeligheden af flydende vindmøller for øget sikkerhed"
"";"dtu|dtupub|third_party";"";"2023-07-31T00:11:24.513Z";"Hinge, Christian";"";"2727406375";"";"dtu";"2023";"";"";"";"";"thesis";"dtu|dtu_electronic|dtupub|dtupub_electronic";"";"";"";"";"";"";"";"";"";"";"";"";"";"";"";"";"und";"64c6fc2cc6e0961f4f516216";"";"64c6fc2cc6e0961f4f516216";"DTU Department of Applied Mathematics and Computer Science";"sorbit";"sorbit";"Transformer-based multimodal representation learning in Lymphoma|Transformerbaseret multimodal repræsentationslæring ved lymfekræft"
"";"dtu|dtupub|third_party";"";"2024-08-01T07:56:03.967Z";"Vinals, Laura Escudé";"";"2737925872";"";"dtu";"2024";"";"";"";"";"thesis";"dtu|dtu_electronic|dtupub_external";"";"";"";"";"";"";"";"";"";"";"";"";"";"";"";"";"und";"66aad251495af7e8f3fcd663";"";"66aad251495af7e8f3fcd663";"DTU Department of Health Technology";"sorbit";"sorbit";"Influence of I.V. formulation on volume of distribution and drug pharmacokinetics|Indflydelse af I.V. formulering pa distributionsvolumen og lægemiddelfarmakokinetik"
"";"dtu|dtupub|third_party";"";"2023-02-01T01:09:36.686Z";"Bauer, Franca";"";"2718416176";"";"dtu";"2023";"";"";"";"";"thesis";"dtu|dtu_electronic|dtupub|dtupub_electronic";"";"";"";"";"";"";"";"";"";"";"";"";"";"";"";"";"und";"63d9bbd0ba5d4a1e045aa6b1";"";"63d9bbd0ba5d4a1e045aa6b1";"DTU Department of Environmental and Resource Engineering";"sorbit";"sorbit";"Rainfall-runoff models for physics-guided machine learning surrogates for urban drainage systems|Afstrømningsmodeller i forbindelse med fysik-baseret maskinlæring af hydraulik i spildevandssystemer"
"";"dtu|dtupub|third_party";"";"2024-04-04T00:09:43.176Z";"Sierra, Gonzalo Pazos";"";"2735364427";"";"dtu";"2024";"";"";"";"";"thesis";"dtu|dtu_electronic|dtupub_external";"";"";"";"";"";"";"";"";"";"";"";"";"";"";"";"";"und";"660defc440c6a41e2eb462e4";"";"660defc440c6a41e2eb462e4";"DTU Department of Biotechnology and Biomedicine";"sorbit";"sorbit";"Optimization and characterization of Tangential Flow Filtration Perfusion|Optimering og karakterisering af Tangential Flow Filtration Perfusion"
"";"dtu|dtupub|third_party";"";"2024-03-05T02:02:27.919Z";"Köhn, Simon Jakob";"";"2734125224";"";"dtu";"2024";"";"";"";"";"thesis";"dtu|dtu_electronic|dtupub|dtupub_electronic";"";"";"";"";"";"";"";"";"";"";"";"";"";"";"";"";"und";"65e670d856bffd3f799a0c3f";"";"65e670d856bffd3f799a0c3f";"DTU Department of Space Research and Space Technology";"sorbit";"sorbit";"Remote Sensing & Deep Learning for Mapping Small Water Bodies - an Application to Denmark|Telemaling og Deep Learning til kortlægning af sma vandomrader - en anvendelse til Danmark"
"";"dtu|dtupub|third_party";"";"2024-10-09T00:09:48.243Z";"Zmijewski, Szymon";"";"2739624394";"";"dtu";"2024";"";"";"";"";"thesis";"dtu|dtu_electronic|dtupub|dtupub_electronic";"";"";"";"";"";"";"";"";"";"";"";"";"";"";"";"";"und";"6705c9cc83405743d951377c";"";"6705c9cc83405743d951377c";"DTU Department of Applied Mathematics and Computer Science";"sorbit";"sorbit";"Generation of Uncontrolled Identity-Preserving Synthetic Hand Images|Generering af Syntetiske, Ukontrollerede, og Identitetsbevarende Billeder af Hænder"
"";"dtu|dtupub|third_party";"";"2024-05-23T00:09:51.951Z";"Du, Yanfei";"";"2736427029";"";"dtu";"2024";"";"";"";"";"thesis";"dtu|dtu_electronic|dtupub|dtupub_electronic";"";"";"";"";"";"";"";"";"";"";"";"";"";"";"";"";"und";"664e894a2e757728519f7118";"";"664e894a2e757728519f7118";"DTU Department of Electrical and Photonics Engineering";"sorbit";"sorbit";"Lumped and numerical models of measurement condenser microphones and their validation|Lumped og numeriske modeller af kondensator malemikrofoner og deres validering"
"";"dtu|dtupub|third_party";"";"2024-03-10T01:56:37.127Z";"Rajendran, Johnson Ebenezer";"";"2734264590";"";"dtu";"2024";"";"";"";"";"thesis";"dtu|dtu_electronic|dtupub_external";"";"";"";"";"";"";"";"";"";"";"";"";"";"";"";"";"und";"65ed085264ccbd17b653868a";"";"65ed085264ccbd17b653868a";"DTU Department of Civil and Mechanical Engineering";"sorbit";"sorbit";"Prototyping of a continuous peripheral nerve block solution for medium term patient-based pain management|prototyping af en kontinuert nerve blokerings løsning til lang-tids smerte lindring"
"";"dtu|dtupub|third_party";"";"2024-03-24T02:00:03.522Z";"Schermann, Patrik";"";"2735066774";"";"dtu";"2024";"";"";"";"";"thesis";"dtu|dtu_electronic|dtupub|dtupub_electronic";"";"";"";"";"";"";"";"";"";"";"";"";"";"";"";"";"und";"65ff7d57d2c7231e2ec08cec";"";"65ff7d57d2c7231e2ec08cec";"DTU Department of Electrical and Photonics Engineering";"sorbit";"sorbit";"Nonlinear Fault-Tolerant Control for Wind Turbine Hydraulic Pitch System|Ulineær fejltolerant regulering til hydraulisk pitchsystem"
"";"dtu|dtupub|third_party";"";"2024-02-28T01:24:29.001Z";"Reinke, Sebastian Bay";"";"2733712735";"";"dtu";"2024";"";"";"";"";"thesis";"dtu|dtu_electronic|dtupub_external";"";"";"";"";"";"";"";"";"";"";"";"";"";"";"";"";"und";"65de881e99736f0174e95b51";"";"65de881e99736f0174e95b51";"DTU Department of Civil and Mechanical Engineering";"sorbit";"sorbit";"Combination of rigid body and FEA-based modelling for robot assembly simulations|Combination of rigid body and FEA-based modelling for robot assembly simulations"
"";"dtu|dtupub|third_party";"";"2024-02-28T01:24:28.127Z";"Munarriz, Adrian Gomez";"";"2733712713";"";"dtu";"2024";"";"";"";"";"thesis";"dtu|dtu_electronic|dtupub_external";"";"";"";"";"";"";"";"";"";"";"";"";"";"";"";"";"und";"65de881cf355be0174fb38ad";"";"65de881cf355be0174fb38ad";"DTU Department of Civil and Mechanical Engineering";"sorbit";"sorbit";"Design of a cable supported interfaces for sectioned blade designs|Design af kabel-baserede samlinger for segmenterede vindmøllevinger"
"";"dtu|dtupub|third_party";"";"2024-09-04T00:09:55.776Z";"Limsuriwong, Jirapa";"";"2738635835";"";"dtu";"2024";"";"";"";"";"thesis";"dtu|dtu_electronic|dtupub|dtupub_electronic";"";"";"";"";"";"";"";"";"";"";"";"";"";"";"";"";"und";"66d7a5537ec527153be68e4a";"";"66d7a5537ec527153be68e4a";"DTU Department of Health Technology";"sorbit";"sorbit";"Multiphoton lightsheet fluorescence microscopy for disease detection in tissue|Multi-foton lightsheet fluorescensmikroskopi til detektion af sygdomme i væv"
"";"dtu|dtupub|third_party";"";"2024-04-15T00:09:50.737Z";"Fahl, Jakob Thirup";"";"2735555743";"";"dtu";"2024";"";"";"";"";"thesis";"dtu|dtu_electronic|dtupub|dtupub_electronic";"";"";"";"";"";"";"";"";"";"";"";"";"";"";"";"";"und";"661c704c05fea21afd576ba0";"";"661c704c05fea21afd576ba0";"DTU Department of Applied Mathematics and Computer Science";"sorbit";"sorbit";"Temporal Localization of Group Activities in Football Videos|Tidsmæssig Lokalisering af Gruppeaktiviteter i Fodboldvideoer"
"";"dtu|dtupub|third_party";"";"2024-03-19T01:09:39.785Z";"Lyhne, Marius Havaleska|Klercke, Kristoffer Zanchetta";"";"2734486797";"";"dtu";"2024";"";"";"";"";"thesis";"dtu|dtu_electronic|dtupub_external";"";"";"";"";"";"";"";"";"";"";"";"";"";"";"";"";"und";"65f8e5d3b358a81e2e3b2685";"";"65f8e5d3b358a81e2e3b2685";"DTU Department of Civil and Mechanical Engineering";"sorbit";"sorbit";"Development of Lego Mould Architectures|Udvikling af Lego støbeform-arkitekturer"
"";"dtu|dtupub|third_party";"";"2023-03-31T00:09:30.704Z";"Kwon, Hyung Jo";"";"2723319026";"";"dtu";"2023";"";"";"";"";"thesis";"dtu|dtu_electronic|dtupub_external";"";"";"";"";"";"";"";"";"";"";"";"";"";"";"";"";"und";"642624baa8b1a33d3c6a6b49";"";"642624baa8b1a33d3c6a6b49";"DTU Department of Applied Mathematics and Computer Science";"sorbit";"sorbit";"Using Curtailed Power Measurements to Improve Probabilistic Forecasts|Udnyttelse af Curtailed Strømmalliner til at forbedre Probabilistiske Forecasts"
"";"dtu|dtupub|third_party";"";"2024-07-23T15:42:09.387Z";"Iversen, Simon Cabral";"";"2737744386";"";"dtu";"2024";"";"";"";"";"thesis";"dtu|dtu_electronic|dtupub|dtupub_electronic";"";"";"";"";"";"";"";"";"";"";"";"";"";"";"";"";"und";"669ef4e1cb457de8f352d416";"";"669ef4e1cb457de8f352d416";"DTU Department of Civil and Mechanical Engineering";"sorbit";"sorbit";"Investigation of the challenges of sustainability of minimal structures|Undersøgelse af udfordringerne ved bæredygtige minimalkonstruktioner"
"";"dtu|dtupub|third_party";"";"2024-08-29T00:09:52.382Z";"Kulkarni, Arvind Ramesh";"";"2738522212";"";"dtu";"2024";"";"";"";"";"thesis";"dtu|dtu_electronic|dtupub_external";"";"";"";"";"";"";"";"";"";"";"";"";"";"";"";"";"und";"66cfbc4f7601260184a6dd5b";"";"66cfbc4f7601260184a6dd5b";"DTU Department of Chemical and Biochemical Engineering";"sorbit";"sorbit";"Chemically Modified Lignin based Anti-corrosive Coatings|Kemisk modificerede ligninbaserede anti-korrosive belægninger"
"";"dtu|dtupub|third_party";"";"2024-08-01T07:56:04.002Z";"Pacha, Navaneeth Kizhakkumbadan";"";"2737925892";"";"dtu";"2024";"";"";"";"";"thesis";"dtu|dtu_electronic|dtupub_external";"";"";"";"";"";"";"";"";"";"";"";"";"";"";"";"";"und";"66aad265eb2360e8f351b731";"";"66aad265eb2360e8f351b731";"DTU Department of Applied Mathematics and Computer Science";"sorbit";"sorbit";"Investigating Deep Learning based methodologies to automate program Synthesis for Biostatistics ADAM programming|Undersøgelse af metoder baseret pa dyb læring til automatisering af programsyntese for biostatistik ADaM-programmering"
"";"dtu|dtupub|third_party";"";"2024-09-02T00:09:39.388Z";"Sloth, Alberte Fjord";"";"2738595143";"";"dtu";"2024";"";"";"";"";"thesis";"dtu|dtu_electronic|dtupub_external";"";"";"";"";"";"";"";"";"";"";"";"";"";"";"";"";"und";"66d50242cd2891bcc4f59a14";"";"66d50242cd2891bcc4f59a14";"DTU Department of Applied Mathematics and Computer Science";"sorbit";"sorbit";"A kinetic model of the phosphorylations regulating glycolysis|En kinetisk model for fosforyleringer, som regulerer glykolyse"
"";"dtu|dtupub|third_party";"";"2024-07-23T15:42:09.421Z";"Karampinis, Ioannis";"";"2737744393";"";"dtu";"2024";"";"";"";"";"thesis";"dtu|dtu_electronic|dtupub|dtupub_electronic";"";"";"";"";"";"";"";"";"";"";"";"";"";"";"";"";"und";"669ef4ecc909cbe8f3298724";"";"669ef4ecc909cbe8f3298724";"DTU Department of Wind and Energy Systems";"sorbit";"sorbit";"Physics-Informed Neural Networks for Synchronous Machine Models|Fysik-informeret neurale netværker til synkrone maskinemodeller"
"";"dtu|dtupub|third_party";"";"2024-08-01T07:56:04Z";"Nielsen, Emma Thiesen";"";"2737925871";"";"dtu";"2024";"";"";"";"";"thesis";"dtu|dtu_electronic|dtupub_external";"";"";"";"";"";"";"";"";"";"";"";"";"";"";"";"";"und";"66aad2519ceaece8f3096deb";"";"66aad2519ceaece8f3096deb";"DTU Department of Biotechnology and Biomedicine";"sorbit";"sorbit";"Sourcing poly(ethylene terephthalate) hydrolases from a bioinformatics based library|Identifikation af nye poly(ethylen terephthalat) hydrolaser i et bioinformatisk genereret gen-bibliotek"
"";"dtu|dtupub|third_party";"";"2024-05-22T00:09:47.486Z";"Pfaff, Deborah";"";"2736408073";"";"dtu";"2024";"";"";"";"";"thesis";"dtu|dtu_electronic|dtupub|dtupub_electronic";"";"";"";"";"";"";"";"";"";"";"";"";"";"";"";"";"und";"664d37cb0c2c462851d0500a";"";"664d37cb0c2c462851d0500a";"DTU Department of Chemical and Biochemical Engineering";"sorbit";"sorbit";"Time-scale and sensitivity analysis of microbial conversion from gaseous carbon sources to valuable products|Tidsskala og følsomhedsanalyse af mikrobiel omdannelse fra gasformige kulstofkilder til værdifulde Produkter"
"";"dtu|dtupub|third_party";"";"2024-06-19T00:09:45.281Z";"Lind, Cathrine";"";"2737014747";"";"dtu";"2024";"";"";"";"";"thesis";"dtu|dtu_electronic|dtupub|dtupub_electronic";"";"";"";"";"";"";"";"";"";"";"";"";"";"";"";"";"und";"667221c84ddec917d3d09ffc";"";"667221c84ddec917d3d09ffc";"DTU Department of Applied Mathematics and Computer Science";"sorbit";"sorbit";"The effect of insulin, incretin, and Sodium-glucose co-transporter-2 inhibitors on major adverse cardiovascular events in diabetic patients|Effekten af insulin, incretin, og Sodium-glucose co-transporter-2 hæmmere pa alvorlige hjerte-kar sygdoms hændelser for diabetes patienter"
"";"dtu|dtupub|third_party";"";"2025-10-16T00:34:37.856Z";"Rangelova, Sandra Lyudmilova";"";"2874581817";"";"dtu";"2023";"";"";"";"";"thesis";"dtu|dtu_electronic|dtupub|dtupub_electronic";"";"";"";"";"";"";"";"";"";"";"";"";"";"";"";"";"und";"68f038085bb85015e1577d7f";"";"68f038085bb85015e1577d7f";"DTU Department of Wind and Energy Systems";"sorbit";"sorbit";"Assessment of dynamic loads on floating wind turbines with shared mooring lines: parameter study|Analyse af dynamiske laster pa flydende vindmøller med fælles fortøjningsliner: parameterstudie"
"";"dtu|dtupub|third_party";"";"2024-03-30T01:10:06.606Z";"Christiansen, Emil Howaldt";"";"2735225166";"";"dtu";"2024";"";"";"";"";"thesis";"dtu|dtu_electronic|dtupub|dtupub_electronic";"";"";"";"";"";"";"";"";"";"";"";"";"";"";"";"";"und";"6607666e27e39f1e2e64e02c";"";"6607666e27e39f1e2e64e02c";"DTU Department of Energy Conversion and Storage";"sorbit";"sorbit";"AI-assisted optimization of electrodes for alkaline water electrolysis|AI-assisteret optimering af elektroder til alkalisk vandelektrolyse"
"";"dtu|dtupub|third_party";"";"2024-04-04T00:09:43.179Z";"Corbera, Clara Gaja";"";"2735364426";"";"dtu";"2024";"";"";"";"";"thesis";"dtu|dtu_electronic|dtupub_external";"";"";"";"";"";"";"";"";"";"";"";"";"";"";"";"";"und";"660defc4b985111e2ef9d94f";"";"660defc4b985111e2ef9d94f";"DTU DTU National Food Institute";"sorbit";"sorbit";"Species description and classification of a new Lactobacillus by means of biochemical, microbial and genetic tools|Beskrivelse og klassificering af en ny Lactobacillus Art ved hjælp af biokemiske, mikrobielle og genetiske værktøjer"
"";"dtu|dtupub|third_party";"";"2024-03-03T01:30:44.666Z";"Saiciuc, Alexandru Adrian";"";"2734025092";"";"dtu";"2024";"";"";"";"";"thesis";"dtu|dtu_electronic|dtupub_external";"";"";"";"";"";"";"";"";"";"";"";"";"";"";"";"";"und";"65e3cdd2738b9f149e2c6ec2";"";"65e3cdd2738b9f149e2c6ec2";"DTU Department of Civil and Mechanical Engineering";"sorbit";"sorbit";"Investigation of hardened tool steel specimens before and after failure|Undersøgelse af hærdede værktøjsstalprøver før og efter brud"
"";"dtu|dtupub|third_party";"";"2024-03-14T07:14:58.659Z";"Obrero, Jaime Whale";"";"2734362910";"";"dtu";"2024";"";"";"";"";"thesis";"dtu|dtu_electronic|dtupub|dtupub_electronic";"";"";"";"";"";"";"";"";"";"";"";"";"";"";"";"";"und";"65f2a3e50dba571e23c20b70";"";"65f2a3e50dba571e23c20b70";"DTU Department of Chemical and Biochemical Engineering";"sorbit";"sorbit";"Nitrous oxide mapping and control in the Novozymes industrial wastewater treatment plant|Kortlægning og kontrol af dinitrogenoxid i Novozymes industrielle spildevandsrensningsanlæg"
"";"dtu|dtupub|third_party";"";"2023-10-22T00:09:17.330Z";"Ceravalls, Fernando Cruz";"";"2729222741";"";"dtu";"2023";"";"";"";"";"thesis";"dtu|dtu_electronic|dtupub_external";"";"";"";"";"";"";"";"";"";"";"";"";"";"";"";"";"und";"6534682cda02393eb6ca617c";"";"6534682cda02393eb6ca617c";"DTU Department of Engineering Technology and Didactics";"sorbit";"sorbit";"Development and Integration of Advanced Driver Assistance Systems for a Fully Functioning Prototype Car|Udvikling og integration af avancerede førerassistentsystemer til en fuldt funktionsdygtig prototype af en bil"
"";"dtu|dtupub|third_party";"";"2023-09-11T00:09:32.107Z";"Zuo, Sixian|Du, Kewei";"";"2728235980";"";"dtu";"2023";"";"";"";"";"thesis";"dtu|dtu_electronic|dtupub|dtupub_electronic";"";"";"";"";"";"";"";"";"";"";"";"";"";"";"";"";"und";"64fe5abc78678023c6b0a239";"";"64fe5abc78678023c6b0a239";"DTU Department of Health Technology";"sorbit";"sorbit";"Assessing Cognitive Load Using Physiological and Behavioral Features|Assessing Cognitive Load Using Physiological and Behavioral Features"
"";"dtu|dtupub|third_party";"";"2023-07-31T00:11:44.100Z";"Zwicker, Moritz Reinhard Ludwig";"";"2727406399";"";"dtu";"2023";"";"";"";"";"thesis";"dtu|dtu_electronic|dtupub_external";"";"";"";"";"";"";"";"";"";"";"";"";"";"";"";"";"und";"64c6fc400fa6811f4f4bd1be";"";"64c6fc400fa6811f4f4bd1be";"DTU Department of Civil and Mechanical Engineering";"sorbit";"sorbit";"Characterization of spray-formed and additively manufactured tool steels in a circular economy|Karakterisering af sprayformede og additivt fremstillede værktøjsstal i en cirkulær økonomi"
"";"dtu|dtupub|third_party";"";"2023-08-01T00:11:52.902Z";"Kau, Sea Tse Sheung|Binder-Christensen, Tanja";"";"2727448833";"";"dtu";"2023";"";"";"";"";"thesis";"dtu|dtu_electronic|dtupub_external";"";"";"";"";"";"";"";"";"";"";"";"";"";"";"";"";"und";"64c84dc8fb672a1f4fbefbf9";"";"64c84dc8fb672a1f4fbefbf9";"DTU Department of Wind and Energy Systems";"sorbit";"sorbit";"Optical current measurements on hybrid transmission lines for real time condition assessment|Optiske strømmalinger pa hybride transmissionslinjer til tilstandsvurdering i realtid"
"";"dtu|dtupub|third_party";"";"2023-07-24T00:12:22.018Z";"Shrinivas, Rakshick";"";"2727253518";"";"dtu";"2023";"";"";"";"";"thesis";"dtu|dtu_electronic|dtupub|dtupub_electronic";"";"";"";"";"";"";"";"";"";"";"";"";"";"";"";"";"und";"64bdc1e59693043131d48d40";"";"64bdc1e59693043131d48d40";"DTU Department of Electrical and Photonics Engineering";"sorbit";"sorbit";"Properties and characterization of Polarization maintaining optical fibers|Egenskaber og karakteristisering af polarizationsbevarende optiske fibre"
"";"dtu|dtupub|third_party";"";"2023-07-24T00:12:29.433Z";"Renzi, Jacopo|Afonso, Alexandre Bauab Betencourt";"";"2727253537";"";"dtu";"2023";"";"";"";"";"thesis";"dtu|dtu_electronic|dtupub|dtupub_electronic";"";"";"";"";"";"";"";"";"";"";"";"";"";"";"";"";"und";"64bdc1edce84273131920ffe";"";"64bdc1edce84273131920ffe";"DTU Department of Technology, Management and Economics";"sorbit";"sorbit";"Optimization of hospital logistics by using simulation|Optimering af logistik pa hospitaler ved brug af simulering"
"";"dtu|dtupub|third_party";"";"2023-07-24T00:12:29.042Z";"Sigvaldadóttir, Berglind Elva|Bárdardóttir, Aníta Björk";"";"2727253536";"";"dtu";"2023";"";"";"";"";"thesis";"dtu|dtu_electronic|dtupub_external";"";"";"";"";"";"";"";"";"";"";"";"";"";"";"";"";"und";"64bdc1ec51d22431315846ee";"";"64bdc1ec51d22431315846ee";"DTU Department of Technology, Management and Economics";"sorbit";"sorbit";"Optimisation of energy usage for the pelagic value chain for Brim hf., Iceland|Optimering af energiforbruget i den pelagiske værdikæde for Brim hf., Island"
"";"dtu|dtupub|third_party";"";"2023-06-25T00:11:12.034Z";"Mavroleon, Georgios";"";"2726249915";"";"dtu";"2023";"";"";"";"";"thesis";"dtu|dtu_electronic|dtupub|dtupub_electronic";"";"";"";"";"";"";"";"";"";"";"";"";"";"";"";"";"und";"6497861f29a384ff894d8eba";"";"6497861f29a384ff894d8eba";"DTU Department of Civil and Mechanical Engineering";"sorbit";"sorbit";"Thermodynamic and economic evaluation of a CO2 based district heating and cooling system at DTU's Lyngby Campus|Termodynamisk og økonomisk evaluering af et CO2 baseret fjern-varme/køle system pa DTU's Lyngby Campus"
"";"dtu|dtupub|third_party";"";"2023-09-06T00:09:37.289Z";"Chen, Dong";"";"2728154044";"";"dtu";"2023";"";"";"";"";"thesis";"dtu|dtu_electronic|dtupub|dtupub_electronic";"";"";"";"";"";"";"";"";"";"";"";"";"";"";"";"";"und";"64f7c34160d02522d1a65871";"";"64f7c34160d02522d1a65871";"DTU Department of Applied Mathematics and Computer Science";"sorbit";"sorbit";"High-Order Pseudospectral methods for simulation of water waves using Navier Stokes Equations|Højere ordens pseudospektrale metoder til simulering af vandbølger med navier-stokes ligninger"
"";"dtu|dtupub|third_party";"";"2023-08-22T00:11:43.476Z";"Rådstoga, Joachim Scheele";"";"2727821771";"";"dtu";"2023";"";"";"";"";"thesis";"dtu|dtu_electronic|dtupub_external";"";"";"";"";"";"";"";"";"";"";"";"";"";"";"";"";"und";"64e3fd3fea977920526d3db5";"";"64e3fd3fea977920526d3db5";"DTU Department of Technology, Management and Economics";"sorbit";"sorbit";"How to create an investment-ready cyber security SaaS B2B company|Hvordan skabe en investeringsklar cybersikkerhed SaaS B2B-virksomhed"
"";"dtu|dtupub|third_party";"";"2023-08-31T00:09:31.943Z";"Rindal, Lillie";"";"2727992368";"";"dtu";"2023";"";"";"";"";"thesis";"dtu|dtu_electronic|dtupub|dtupub_electronic";"";"";"";"";"";"";"";"";"";"";"";"";"";"";"";"";"und";"64efda3b1d1b5d20521abd0f";"";"64efda3b1d1b5d20521abd0f";"DTU National Institute of Aquatic Resources";"sorbit";"sorbit";": Impact of European flat oyster broodstock cleaning treatments on bacteria levels, presence of fouling organisms and oyster larvae survival|Indvirkning af rengøring af europæiske østers pa det bakterielle niveau, tilstedeværelsen af koloniserende organismer samt østerslarve-overlevelse"
"";"dtu|dtupub|third_party";"";"2023-02-21T01:09:20.305Z";"Bentzen, Karoline Dall|Silau, Sofie Amalie";"";"2718813858";"";"dtu";"2023";"";"";"";"";"thesis";"dtu|dtu_electronic|dtupub_external";"";"";"";"";"";"";"";"";"";"";"";"";"";"";"";"";"und";"63f419bf148c3a91f7c2c364";"";"63f419bf148c3a91f7c2c364";"DTU Department of Chemistry";"sorbit";"sorbit";"Chemically modified nucleoside triphosphates for enzymatic synthesis of novel mRNA|Kemisk modificerede nukleosidtriphosphater til enzymatisk syntese af nye mRNA"
"";"dtu|dtupub|third_party";"";"2023-02-22T01:09:48.949Z";"Gad, Stine Boe|Friis, Lasse Vintersgaard";"";"2718825082";"";"dtu";"2023";"";"";"";"";"thesis";"dtu|dtu_electronic|dtupub|dtupub_electronic";"";"";"";"";"";"";"";"";"";"";"";"";"";"";"";"";"und";"63f56b5c50340e91f7e9c4cb";"";"63f56b5c50340e91f7e9c4cb";"DTU Department of Environmental and Resource Engineering";"sorbit";"sorbit";"Relation between window glazing, view out and occupant comfort|Sammenhængen mellem vinduesglas, udsyn og brugerkomfort"
"";"dtu|dtupub|third_party";"";"2023-03-31T00:09:32.753Z";"Placenti, Marco";"";"2723319066";"";"dtu";"2023";"";"";"";"";"thesis";"dtu|dtu_electronic|dtupub|dtupub_electronic";"";"";"";"";"";"";"";"";"";"";"";"";"";"";"";"";"und";"642624bcf596ab3d3c5bfc62";"";"642624bcf596ab3d3c5bfc62";"DTU Department of Applied Mathematics and Computer Science";"sorbit";"sorbit";"Biomarkers identification in images of eyes using deep learning approaches|Biomarkøridentifikation i billeder af øjne med brug af deep learning"
"";"dtu|dtupub|third_party";"";"2023-07-24T00:11:32.722Z";"Rasborg, Anne Mette";"";"2727253424";"";"dtu";"2023";"";"";"";"";"thesis";"dtu|dtu_electronic|dtupub|dtupub_electronic";"";"";"";"";"";"";"";"";"";"";"";"";"";"";"";"";"und";"64bdc1b493eebb3131f22b4b";"";"64bdc1b493eebb3131f22b4b";"DTU National Institute of Aquatic Resources";"sorbit";"sorbit";"Detection of seabottom features in the Øresund to determine impacts from maritime traffic|Detektion af havbundsstrukturer i Øresund for at fastsla pavirkninger fra søfart"
"";"dtu|dtupub|third_party";"";"2023-07-04T00:10:29.312Z";"Olin, Julie Liu|Olsen, Oliver Svane";"";"2726480738";"";"dtu";"2023";"";"";"";"";"thesis";"dtu|dtu_electronic|dtupub_external";"";"";"";"";"";"";"";"";"";"";"";"";"";"";"";"";"und";"64a36374ab6b20915281da01";"";"64a36374ab6b20915281da01";"DTU Department of Technology, Management and Economics";"sorbit";"sorbit";"Explainable AI [XAI] on financial transaction data in Danske Bank|Explainable AI pa finansiel transaktionsdata i Danske Bank"
"";"dtu|dtupub|third_party";"";"2023-08-01T00:10:15.900Z";"Popovski, Dusan";"";"2727446750";"";"dtu";"2023";"";"";"";"";"thesis";"dtu|dtu_electronic|dtupub_external";"";"";"";"";"";"";"";"";"";"";"";"";"";"";"";"";"und";"64c84d66e53a711f4fd55d32";"";"64c84d66e53a711f4fd55d32";"DTU Department of Electrical and Photonics Engineering";"sorbit";"sorbit";"Prognosis of refrigerant leaks for supermarket refrigeration systems|Prognosis of refrigerant leaks for supermarket refrigeration systems"
"";"dtu|dtupub|third_party";"";"2023-08-17T00:11:05.184Z";"Gusinac, Alem";"";"2727730361";"";"dtu";"2023";"";"";"";"";"thesis";"dtu|dtu_electronic|dtupub|dtupub_electronic";"";"";"";"";"";"";"";"";"";"";"";"";"";"";"";"";"und";"64dd659541af0220527d773c";"";"64dd659541af0220527d773c";"DTU Department of Health Technology";"sorbit";"sorbit";"Incorporating feature similarity in omics analysis for improved modelling and biological interpretation|Inkludering af kovariat ligheder i omics data analyse for at forbedre modellering og biologisk fortolkning"
"";"dtu|dtupub|third_party";"";"2023-08-24T00:09:21.963Z";"Jung, Christopher";"";"2727852943";"";"dtu";"2023";"";"";"";"";"thesis";"dtu|dtu_electronic|dtupub|dtupub_electronic";"";"";"";"";"";"";"";"";"";"";"";"";"";"";"";"";"und";"64e69fb124500c20522149da";"";"64e69fb124500c20522149da";"DTU Department of Applied Mathematics and Computer Science";"sorbit";"sorbit";"Discovering E-GSM process models from sensor data logs|Opdagelse af E-GSM modeller fra sensor data logs"
"";"dtu|dtupub|third_party";"";"2023-03-15T01:09:44.640Z";"Vester, Maja Liv Hougaard";"";"2720571552";"";"dtu";"2023";"";"";"";"";"thesis";"dtu|dtu_electronic|dtupub|dtupub_electronic";"";"";"";"";"";"";"";"";"";"";"";"";"";"";"";"";"und";"64111ad6d2a8423abb0f1924";"";"64111ad6d2a8423abb0f1924";"DTU Department of Chemical and Biochemical Engineering";"sorbit";"sorbit";"Development of heterogeneous catalysts for hydrous cracking of glucose into glycolaldehyde|Udvikling af heterogene katalysatorer til krakning af glukose til glycolaldehyd"
"";"dtu|dtupub|third_party";"";"2023-03-17T01:09:31.299Z";"Thostrup, Thomas Marschall";"";"2720877951";"";"dtu";"2023";"";"";"";"";"thesis";"dtu|dtu_electronic|dtupub_external";"";"";"";"";"";"";"";"";"";"";"";"";"";"";"";"";"und";"6413bdcbf5a44b3abb879609";"";"6413bdcbf5a44b3abb879609";"DTU Department of Chemical and Biochemical Engineering";"sorbit";"sorbit";"Use of pressure-retarded osmosis for production of green power: Experimental and modelling approaches for high membrane performance|Pressure-retarded osmosis til produktion af grøn energi: eksperimentel og modelleringsfremgangsmade for høj membran ydeevne."
"";"dtu|dtupub|third_party";"";"2023-09-20T00:09:37.950Z";"Nikolos, Andronikos";"";"2728423489";"";"dtu";"2023";"";"";"";"";"thesis";"dtu|dtu_electronic|dtupub|dtupub_electronic";"";"";"";"";"";"";"";"";"";"";"";"";"";"";"";"";"und";"650a38411a8428566b7b5f24";"";"650a38411a8428566b7b5f24";"DTU Department of Technology, Management and Economics";"sorbit";"sorbit";"An analysis on the barriers of Electric Vehicle demand across enthusiasts and skeptics|An analysis on the barriers of Electric Vehicle demand across enthusiasts and skeptics"
"";"dtu|dtupub|third_party";"";"2024-03-31T01:09:51.883Z";"Ghaffari-Tabrizi, Fardin";"";"2735235806";"";"dtu";"2024";"";"";"";"";"thesis";"dtu|dtu_electronic|dtupub|dtupub_electronic";"";"";"";"";"";"";"";"";"";"";"";"";"";"";"";"";"und";"6608b7df82b8391e2ea22a43";"";"6608b7df82b8391e2ea22a43";"DTU Department of Electrical and Photonics Engineering";"sorbit";"sorbit";"Sb2S3 Solar Cells in Superstrate Configuration for Advanced Thin-Film Photovoltaics|Sb2S3 Solar Cells in Superstrate Configuration for Advanced Thin-Film Photovoltaics"
"";"dtu|dtupub|third_party";"";"2023-08-20T00:11:00.606Z";"Brejner, Marc Kaa|Gernsøe, Christian";"";"2727784015";"";"dtu";"2023";"";"";"";"";"thesis";"dtu|dtu_electronic|dtupub|dtupub_electronic";"";"";"";"";"";"";"";"";"";"";"";"";"";"";"";"";"und";"64e15a144181662052fe9d30";"";"64e15a144181662052fe9d30";"DTU Department of Applied Mathematics and Computer Science";"sorbit";"sorbit";"L: A Gradually Complied Programming Language|L: Et Gradvist Kompileret Programmerings Sprog"
"";"dtu|dtupub|third_party";"";"2024-03-09T02:19:31.653Z";"Flugt, Kresten Gregers Friis";"";"2734246629";"";"dtu";"2024";"";"";"";"";"thesis";"dtu|dtu_electronic|dtupub_external";"";"";"";"";"";"";"";"";"";"";"";"";"";"";"";"";"und";"65ebb6d1ae4c1e17b638f575";"";"65ebb6d1ae4c1e17b638f575";"DTU Department of Civil and Mechanical Engineering";"sorbit";"sorbit";"Comparative analysis of standards for marine transportation & securing of heavy wind turbine components|Komparativ analyse af standarder for maritim transport og lastsikring af tunge vindmøllekomponenter."
"";"dtu|dtupub|third_party";"";"2023-03-23T01:09:34.913Z";"Skov, Tobias";"";"2723158350";"";"dtu";"2023";"";"";"";"";"thesis";"dtu|dtu_electronic|dtupub_external";"";"";"";"";"";"";"";"";"";"";"";"";"";"";"";"";"und";"641ba6ce4a5d063c2960a832";"";"641ba6ce4a5d063c2960a832";"DTU Department of Electrical and Photonics Engineering";"sorbit";"sorbit";"Quality inspection using visual anomaly detection|Quality inspection using visual anomaly detection"
"";"dtu|dtupub|third_party";"";"2024-04-01T00:10:01.180Z";"Kukulowicz, Katarzyna";"";"2735269669";"";"dtu";"2024";"";"";"";"";"thesis";"dtu|dtu_electronic|dtupub_external";"";"";"";"";"";"";"";"";"";"";"";"";"";"";"";"";"und";"6609fb596f91cf1e2e8a86c4";"";"6609fb596f91cf1e2e8a86c4";"DTU Department of Technology, Management and Economics";"sorbit";"sorbit";"Application of Discrete Event Simulation in Healthcare: A Case Study of Emergency Department Planning at Køge University Hospital|Implementering af Discrete Event Simulation i Sundheds: Et Casestudie af Planlægning af Akutmodtagelse pa Køge Universitetshospital"
"";"dtu|dtupub|third_party";"";"2023-03-17T01:09:33.269Z";"Jacobsen, Lasse Yori";"";"2720877971";"";"dtu";"2023";"";"";"";"";"thesis";"dtu|dtu_electronic|dtupub_external";"";"";"";"";"";"";"";"";"";"";"";"";"";"";"";"";"und";"6413bdccedc2073abbab0c06";"";"6413bdccedc2073abbab0c06";"DTU Department of Electrical and Photonics Engineering";"sorbit";"sorbit";"Development of a beamforming microphone array for estimation of pressure contribution from environmental noise sources|Udvikling af et beamforming mikrofonarray til præcis estimation af pavirkning fra støjende kilder"
"";"dtu|dtupub|third_party";"";"2024-09-03T00:09:55.454Z";"Han, Yuting";"";"2738606105";"";"dtu";"2024";"";"";"";"";"thesis";"dtu|dtu_electronic|dtupub_external";"";"";"";"";"";"";"";"";"";"";"";"";"";"";"";"";"und";"66d653d2a04c45bcc40f3d68";"";"66d653d2a04c45bcc40f3d68";"DTU Department of Applied Mathematics and Computer Science";"sorbit";"sorbit";"Comparative Study of Data Driven Animation Techniques|Komparativt studie af datadrevne animationsteknikker"
"";"dtu|dtupub|third_party";"";"2024-07-22T05:15:05.160Z";"Heizukowsky, Jonas";"";"2737702127";"";"dtu";"2024";"";"";"";"";"thesis";"dtu|dtu_electronic|dtupub|dtupub_electronic";"";"";"";"";"";"";"";"";"";"";"";"";"";"";"";"";"und";"669da3436e8566e8f3fd8970";"";"669da3436e8566e8f3fd8970";"DTU Department of Civil and Mechanical Engineering";"sorbit";"sorbit";"Numerical method for simulating dynamic leg-motion in cycling|Numerisk metode til beregning af dynamisk bevaegelse af ben i cykling"
"";"dtu|dtupub|third_party";"";"2023-10-11T00:09:18.740Z";"Senden, Nienke";"";"2729027471";"";"dtu";"2023";"";"";"";"";"thesis";"dtu|dtu_electronic|dtupub|dtupub_electronic";"";"";"";"";"";"";"";"";"";"";"";"";"";"";"";"";"und";"6525e7ae16b7dd1b72aa43e7";"";"6525e7ae16b7dd1b72aa43e7";"DTU Department of Wind and Energy Systems";"sorbit";"sorbit";"Structural load analysis and optimization of the VAWT design|Strukturel optimering og lastanalyse af en VAWT mølle"
"";"dtu|dtupub|third_party";"";"2024-05-22T00:09:47.489Z";"Salgado, Oscar Solé I";"";"2736408072";"";"dtu";"2024";"";"";"";"";"thesis";"dtu|dtu_electronic|dtupub_external";"";"";"";"";"";"";"";"";"";"";"";"";"";"";"";"";"und";"664d37c9e08952285119f9db";"";"664d37c9e08952285119f9db";"DTU Department of Technology, Management and Economics";"sorbit";"sorbit";"Benchmarking patient voice activities for the development of treatment offerings: A Case Study of Novo Nordisk's Patient Engagement Model|Benchmarking patient voice-aktiviteter til udvikling af behandlingstilbud: Et casestudie af Novo Nordisks patientengagementmodel"
"";"dtu|dtupub|third_party";"";"2024-07-30T12:38:08.936Z";"Møller, Hans Forum";"";"2737859107";"";"dtu";"2024";"";"";"";"";"thesis";"dtu|dtu_electronic|dtupub|dtupub_electronic";"";"";"";"";"";"";"";"";"";"";"";"";"";"";"";"";"und";"66a8302d48caa6e8f33c7fee";"";"66a8302d48caa6e8f33c7fee";"DTU Department of Chemistry";"sorbit";"sorbit";"The effects of solvent dynamics on the back reaction of photo-switches|Effekterne af opløsningsmiddeldynamik pa fotoswitches"
"";"dtu|dtupub|third_party";"";"2023-07-24T00:12:39.151Z";"Jørgensen, Mads Seydel";"";"2727253561";"";"dtu";"2023";"";"";"";"";"thesis";"dtu|dtu_electronic|dtupub|dtupub_electronic";"";"";"";"";"";"";"";"";"";"";"";"";"";"";"";"";"und";"64bdc1f7158ac4313198c1d7";"";"64bdc1f7158ac4313198c1d7";"DTU Department of Applied Mathematics and Computer Science";"sorbit";"sorbit";"Distance Oracles in Theory and Practice|Afstandsorakler i teori og praksis"
"";"dtu|dtupub|third_party";"";"2024-07-30T12:38:08.802Z";"Collette, Mavrick Pascal";"";"2737859069";"";"dtu";"2024";"";"";"";"";"thesis";"dtu|dtu_electronic|dtupub|dtupub_electronic";"";"";"";"";"";"";"";"";"";"";"";"";"";"";"";"";"und";"66a82fd6f6d3a3e8f3f3f04e";"";"66a82fd6f6d3a3e8f3f3f04e";"DTU Department of Civil and Mechanical Engineering";"sorbit";"sorbit";"Finite element analysis and testing of a Francis water turbine with adjustable guide vanes|Finit element analyse og testning af en Francis vandturbine med indstillelige ledekanaler"
"";"dtu|dtupub|third_party";"";"2023-10-10T00:09:19.060Z";"Gazca, Ivan Horacio Rosano";"";"2729019671";"";"dtu";"2023";"";"";"";"";"thesis";"dtu|dtu_electronic|dtupub|dtupub_electronic";"";"";"";"";"";"";"";"";"";"";"";"";"";"";"";"";"und";"6524962ee474e21b72f7ed57";"";"6524962ee474e21b72f7ed57";"DTU Department of Chemical and Biochemical Engineering";"sorbit";"sorbit";"Optimizing protein and biomass yield by submerged fermentation of Aspergillus oryzae from beet molasses as main carbon source|Optimering af protein- og biomasseudbytte ved fermentering af Aspergillus oryzae fra roemelasse som hovedkulstofkilde"
"";"dtu|dtupub|third_party";"";"2024-03-06T05:02:06.282Z";"Scheel, Nicklas";"";"2734175798";"";"dtu";"2024";"";"";"";"";"thesis";"dtu|dtu_electronic|dtupub|dtupub_electronic";"";"";"";"";"";"";"";"";"";"";"";"";"";"";"";"";"und";"65e7c26920a32e3f798ebdce";"";"65e7c26920a32e3f798ebdce";"DTU Department of Wind and Energy Systems";"sorbit";"sorbit";"Hardware-in-the-loop testing of POTT scheme based on IEC61850-9-2 in renewable power systems|Hardware-in-the-loop testing af POTT skema baseret pa IEC61850-9-2 i vedvarende energisystemer"
"";"dtu|dtupub|third_party";"";"2024-07-22T05:15:05.156Z";"Fuglsang, Christian Bülow";"";"2737702123";"";"dtu";"2024";"";"";"";"";"thesis";"dtu|dtu_electronic|dtupub_external";"";"";"";"";"";"";"";"";"";"";"";"";"";"";"";"";"und";"669da341383885e8f3906f16";"";"669da341383885e8f3906f16";"DTU Department of Technology, Management and Economics";"sorbit";"sorbit";"Multi-day process heat production optimization in volatile energy markets|Flerdages procesvarmeproduktionsoptimering i volatile energimarkeder"
"";"dtu|dtupub|third_party";"";"2024-03-29T01:09:48.555Z";"Koumaniotis, Ioannis";"";"2735208287";"";"dtu";"2024";"";"";"";"";"thesis";"dtu|dtu_electronic|dtupub_external";"";"";"";"";"";"";"";"";"";"";"";"";"";"";"";"";"und";"660614da7275381e2eee0b69";"";"660614da7275381e2eee0b69";"DTU Department of Civil and Mechanical Engineering";"sorbit";"sorbit";"Development of Fast Flow Emulator to simulate water level, ocean depth-averaged current speed and direction|Udvikling af Fast Flow Emulator til at simulere vandstand, dybdemidlet strømhastighed og retning"
"";"dtu|dtupub|third_party";"";"2023-07-24T00:12:05.437Z";"Bescos, Leyre Azcarate";"";"2727253492";"";"dtu";"2023";"";"";"";"";"thesis";"dtu|dtu_electronic|dtupub_external";"";"";"";"";"";"";"";"";"";"";"";"";"";"";"";"";"und";"64bdc1d590f1103131b19f93";"";"64bdc1d590f1103131b19f93";"DTU Department of Health Technology";"sorbit";"sorbit";"Investigation of the mechanical tissue response when pressing a shield-triggered autoinjector into the abdomen|Undersøgelse af vævs mekaniske respons ved anvendelse af skjoldaktiveret auto-injector pa abdomen"
"";"dtu|dtupub|third_party";"";"2024-09-01T00:10:07.808Z";"Udri, Pierre Christian";"";"2738587619";"";"dtu";"2024";"";"";"";"";"thesis";"dtu|dtu_electronic|dtupub_external";"";"";"";"";"";"";"";"";"";"";"";"";"";"";"";"";"und";"66d3b0df6130edbcc401ea7b";"";"66d3b0df6130edbcc401ea7b";"DTU Department of Energy Conversion and Storage";"sorbit";"sorbit";"Computational study of probe molecules on internal and external sites of zeolite catalysts for sustainable aviation fuel synthesis|Beregningsstudie af probemolekyler pa interne og eksterne centre af zeolitkatalysatorer til syntese af bæredygtigt flybrændstof"
"";"dtu|dtupub|third_party";"";"2024-09-02T00:09:46.821Z";"Muneeb, Hira";"";"2738595151";"";"dtu";"2024";"";"";"";"";"thesis";"dtu|dtu_electronic|dtupub|dtupub_electronic";"";"";"";"";"";"";"";"";"";"";"";"";"";"";"";"";"und";"66d5024a394edfbcc4ffecc9";"";"66d5024a394edfbcc4ffecc9";"DTU Department of Health Technology";"sorbit";"sorbit";"Remote loading of Endomorphin 1 and Veber Hirschmann peptide analogues in liposomes|Fjernladning af Endomorphin 1 og Veber Hirschmann peptidanaloger i liposomer."
"";"dtu|dtupub|third_party";"";"2024-02-17T08:33:35.544Z";"Petersen, Freja Mette Terp";"";"2732362965";"";"dtu";"2024";"";"";"";"";"thesis";"dtu|dtu_electronic|dtupub|dtupub_electronic";"";"";"";"";"";"";"";"";"";"";"";"";"";"";"";"";"und";"65d0074f23d81233278cae30";"";"65d0074f23d81233278cae30";"DTU Department of Applied Mathematics and Computer Science";"sorbit";"sorbit";"Data-driven multi-fidelity techniques for solving partial differential equations|Datadrevne multi-fidelity-teknikker til løsning af partielle differentialligninger"
"";"dtu|dtupub|third_party";"";"2024-02-28T01:24:29.002Z";"Xia, Jiafei";"";"2733712737";"";"dtu";"2024";"";"";"";"";"thesis";"dtu|dtu_electronic|dtupub_external";"";"";"";"";"";"";"";"";"";"";"";"";"";"";"";"";"und";"65de881eb2809501747cd60b";"";"65de881eb2809501747cd60b";"DTU Department of Technology, Management and Economics";"sorbit";"sorbit";"Implementing an Analytics Project Framework for a Pharmaceutical Company to Facilitate the Launch of a New Medicine|Implementing an Analytics Project Framework for a Pharmaceutical Company to Facilitate the Launch of a New Medicine"
"";"dtu|dtupub|third_party";"";"2024-03-30T01:09:58.400Z";"Christiansen, Nanna Freja";"";"2735225034";"";"dtu";"2024";"";"";"";"";"thesis";"dtu|dtu_electronic|dtupub|dtupub_electronic";"";"";"";"";"";"";"";"";"";"";"";"";"";"";"";"";"und";"660766661a42d91e2eecbd21";"";"660766661a42d91e2eecbd21";"DTU Department of Environmental and Resource Engineering";"sorbit";"sorbit";"Quantification of the influence of street-level emissions on air quality measurements in Copenhagen|Kvantificering af indflydelse fra gadeplansemissioner pa luftkvalitetsmalinger i København"
"";"dtu|dtupub|third_party";"";"2024-09-04T00:09:57.804Z";"Lu, Cheng-Liang";"";"2738635878";"";"dtu";"2024";"";"";"";"";"thesis";"dtu|dtu_electronic|dtupub|dtupub_electronic";"";"";"";"";"";"";"";"";"";"";"";"";"";"";"";"";"und";"66d7a55578d517153b02c42c";"";"66d7a55578d517153b02c42c";"DTU Department of Applied Mathematics and Computer Science";"sorbit";"sorbit";"Brain-computer interface implemented on authentication for cookie-session|Hjerne-computer interface implementeret pa godkendelse til cookie-session"
"";"dtu|dtupub|third_party";"";"2023-04-26T00:09:34.493Z";"Minis, Raphael";"";"2723771230";"";"dtu";"2023";"";"";"";"";"thesis";"dtu|dtu_electronic|dtupub|dtupub_electronic";"";"";"";"";"";"";"";"";"";"";"";"";"";"";"";"";"und";"64486bbeb673cf11c27509f9";"";"64486bbeb673cf11c27509f9";"DTU Department of Environmental and Resource Engineering";"sorbit";"sorbit";"Methodology development for decarbonization roadmaps for companies in sustainability transformation projects|Methodology development for decarbonization roadmaps for companies in sustainability transformation projects"
"";"dtu|dtupub|third_party";"";"2023-07-07T00:10:56.873Z";"Persault, Margaux Renée Geneviéve";"";"2726945101";"";"dtu";"2023";"";"";"";"";"thesis";"dtu|dtu_electronic|dtupub_external";"";"";"";"";"";"";"";"";"";"";"";"";"";"";"";"";"und";"64a75810bbd4d9915264647f";"";"64a75810bbd4d9915264647f";"DTU Department of Technology, Management and Economics";"sorbit";"sorbit";"Client relationship and value: Lead scoring in banking|Kundeforhold og værdi: Lead scoring i bankvæsenet"
"";"dtu|dtupub|third_party";"";"2023-09-01T00:09:25.439Z";"Li, Chunxue";"";"2728030152";"";"dtu";"2023";"";"";"";"";"thesis";"dtu|dtu_electronic|dtupub|dtupub_electronic";"";"";"";"";"";"";"";"";"";"";"";"";"";"";"";"";"und";"64f12bb5aa04db22a6c52dbc";"";"64f12bb5aa04db22a6c52dbc";"DTU Department of Applied Mathematics and Computer Science";"sorbit";"sorbit";"EEG-based Authentication With Transformer|EEG-baseret godkendelse med transformer"
"";"dtu|dtupub|third_party";"";"2024-09-10T09:15:07.566Z";"Rutigliano, Gabriele";"";"2737226477";"";"dtu";"2024";"";"";"";"";"thesis";"dtu|dtu_electronic|dtupub|dtupub_electronic";"";"";"";"";"";"";"";"";"";"";"";"";"";"";"";"";"und";"668496d48439f51cdfb4ee41";"";"668496d48439f51cdfb4ee41";"DTU Department of Electrical and Photonics Engineering";"sorbit";"sorbit";"Exploration and exploitation of the active inference framework for e-grocery tasks with a robotic arm|Undersøgelse og udnyttelse af det aktive inference-rammeværk til e-grocery-opgaver med en robotarm"
"";"dtu|dtupub|third_party";"";"2024-03-27T01:23:59.727Z";"Berwald, Andreas Sejling";"";"2735158237";"";"dtu";"2024";"";"";"";"";"thesis";"dtu|dtu_electronic|dtupub|dtupub_electronic";"";"";"";"";"";"";"";"";"";"";"";"";"";"";"";"";"und";"660371dd1a0be21e2ee41cc3";"";"660371dd1a0be21e2ee41cc3";"DTU Department of Applied Mathematics and Computer Science";"sorbit";"sorbit";"Automation Support for Treat Modelling|Støttesystem til trusselsmodellering"
"";"dtu|dtupub|third_party";"";"2024-10-01T00:09:56.125Z";"Anagnostopoulos, Christoforos";"";"2739448737";"";"dtu";"2024";"";"";"";"";"thesis";"dtu|dtu_electronic|dtupub|dtupub_electronic";"";"";"";"";"";"";"";"";"";"";"";"";"";"";"";"";"und";"66fb3dd314c7b843d952387d";"";"66fb3dd314c7b843d952387d";"DTU Department of Biotechnology and Biomedicine";"sorbit";"sorbit";"Development of novel collagen type-I biomarkers for chronic kidney disease and cardiovascular diseases|Udvikling af ny collagen type-I biomarkør for kronisk nyresygdom og hjertesygdomme"
"";"dtu|dtupub|third_party";"";"2023-03-08T01:09:33.416Z";"Espinoza, Nikolaj Victor Nielsen";"";"2720326072";"";"dtu";"2023";"";"";"";"";"thesis";"dtu|dtu_electronic|dtupub_external";"";"";"";"";"";"";"";"";"";"";"";"";"";"";"";"";"und";"6407e04d5291ad3c969f347c";"";"6407e04d5291ad3c969f347c";"DTU Department of Applied Mathematics and Computer Science";"sorbit";"sorbit";"Automated detection of football goal for camera calibration|Automatisk detektion af fodboldmal for kamerakalibrering"
"";"dtu|dtupub|third_party";"";"2024-08-31T00:10:17.786Z";"Jiang, Zicong";"";"2738564707";"";"dtu";"2024";"";"";"";"";"thesis";"dtu|dtu_electronic|dtupub|dtupub_electronic";"";"";"";"";"";"";"";"";"";"";"";"";"";"";"";"";"und";"66d25f69aeb0f0bcc4aebe0a";"";"66d25f69aeb0f0bcc4aebe0a";"DTU Department of Electrical and Photonics Engineering";"sorbit";"sorbit";"Prompt-guided mesh texturization|Prompt-guided mesh texturization"
"";"dtu|dtupub|third_party";"";"2024-08-21T00:10:28.533Z";"Frieboes, Signe Maite Conde";"";"2738343056";"";"dtu";"2024";"";"";"";"";"thesis";"dtu|dtu_electronic|dtupub_external";"";"";"";"";"";"";"";"";"";"";"";"";"";"";"";"";"und";"66c53049907944204c8a56c1";"";"66c53049907944204c8a56c1";"DTU Department of Biotechnology and Biomedicine";"sorbit";"sorbit";"Modelling the transport and activity of GLP-1 analogues in the brain|Modellering af transport og aktivitet af GLP-1 analoger i hjernen"
"";"dtu|dtupub|third_party";"";"2024-11-30T01:31:36.312Z";"Lupo, Noa";"";"2852942373";"";"dtu";"2024";"";"";"";"";"thesis";"dtu|dtu_electronic|dtupub|dtupub_electronic";"";"";"";"";"";"";"";"";"";"";"";"";"";"";"";"";"und";"674a65cdb5ba557747e03868";"";"674a65cdb5ba557747e03868";"DTU Department of Environmental and Resource Engineering";"sorbit";"sorbit";"Equity and Justice in the Green Transition: Towards Inclusive and Fair Environmental Policies|Lighed og retfærdighed i den grønne omstilling: Mod inklusive og retfærdige miljøpolitikker"
"";"dtu|dtupub|third_party";"";"2023-02-13T13:57:16.200Z";"Hvidkjær, Signe";"";"2718659768";"";"dtu";"2023";"";"";"";"";"thesis";"dtu|dtu_electronic|dtupub_external";"";"";"";"";"";"";"";"";"";"";"";"";"";"";"";"";"und";"63e98dc97310182dce72e25b";"";"63e98dc97310182dce72e25b";"DTU Department of Electrical and Photonics Engineering";"sorbit";"sorbit";"Developing an auditory virtual reality model using wave-based numerical methods|Udvikling af en auditiv virtual reality model ved brug af bølgebaserede numeriske metoder"
"";"dtu|dtupub|third_party";"";"2023-08-01T00:12:02.430Z";"Moliner, Jose Artiz";"";"2727448843";"";"dtu";"2023";"";"";"";"";"thesis";"dtu|dtu_electronic|dtupub|dtupub_electronic";"";"";"";"";"";"";"";"";"";"";"";"";"";"";"";"";"und";"64c84dd2d628531f4f1256b7";"";"64c84dd2d628531f4f1256b7";"DTU Department of Electrical and Photonics Engineering";"sorbit";"sorbit";"Modelling and Identification of Dynamic Friction|Modellering og identificering af dynamisk friktion"
"";"dtu|dtupub|third_party";"";"2024-04-20T00:09:44.260Z";"Wiekierak, Charlotte Louise Johansen";"";"2735671696";"";"dtu";"2024";"";"";"";"";"thesis";"dtu|dtu_electronic|dtupub_external";"";"";"";"";"";"";"";"";"";"";"";"";"";"";"";"";"und";"662307c6aee2c01afdb6d981";"";"662307c6aee2c01afdb6d981";"DTU Department of Civil and Mechanical Engineering";"sorbit";"sorbit";"Design and analysis of a CO2 optimized concrete staircase|Design og analyse af CO2 optimeret beton trappe"
"";"dtu|dtupub|third_party";"";"2023-09-06T00:09:37.030Z";"Olsen, Jan|Yatman, Thomas Richard";"";"2728154041";"";"dtu";"2023";"";"";"";"";"thesis";"dtu|dtu_electronic|dtupub_external";"";"";"";"";"";"";"";"";"";"";"";"";"";"";"";"";"und";"64f7c3407cdc9b22d1697f34";"";"64f7c3407cdc9b22d1697f34";"DTU Department of Electrical and Photonics Engineering";"sorbit";"sorbit";"Autonomous drone navigation for inspection of photovoltaic panels|Autonom drone navigation til inspektion af solceller"
"";"dtu|dtupub|third_party";"";"2023-08-20T00:11:00.340Z";"Ørslund, Maja";"";"2727784013";"";"dtu";"2023";"";"";"";"";"thesis";"dtu|dtu_electronic|dtupub|dtupub_electronic";"";"";"";"";"";"";"";"";"";"";"";"";"";"";"";"";"und";"64e15a14a9b9df2052b895d8";"";"64e15a14a9b9df2052b895d8";"DTU Department of Applied Mathematics and Computer Science";"sorbit";"sorbit";"Assessment of the loan performance in households using supervised machine learning utilizing demographic and real estate data|Vurdering af lanerisikoen for husholdninger gennem supervised machine learning ved brug af demografisk- og ejendomsdata"
"";"dtu|dtupub|third_party";"";"2023-09-24T00:09:28.966Z";"Kovács, András Tamás";"";"2728650711";"";"dtu";"2023";"";"";"";"";"thesis";"dtu|dtu_electronic|dtupub_external";"";"";"";"";"";"";"";"";"";"";"";"";"";"";"";"";"und";"650f7e3890a6cccab1c6f2de";"";"650f7e3890a6cccab1c6f2de";"DTU Department of Electrical and Photonics Engineering";"sorbit";"sorbit";"Indoor IoT sensor powered by energy harvesting from ambient RF energy sources|Indoor IoT sensor powered by energy harvesting from ambient RF energy sources"
"";"dtu|dtupub|third_party";"";"2024-04-12T00:09:45.375Z";"Hovmark, Mathias Sofus";"";"2735518334";"";"dtu";"2024";"";"";"";"";"thesis";"dtu|dtu_electronic|dtupub_external";"";"";"";"";"";"";"";"";"";"";"";"";"";"";"";"";"und";"66187bc787ea5d1a24ce6684";"";"66187bc787ea5d1a24ce6684";"DTU Department of Technology, Management and Economics";"sorbit";"sorbit";"Using Context-aware Bayesian Mixed Multinomial Logit Models for Predicting Travel Behaviour with Rejsekort Data|Using Context-aware Bayesian Mixed Multinomial Logit Models for Predicting Travel Behaviour with Rejsekort Data"
"";"dtu|dtupub|third_party";"";"2024-04-14T00:09:48.214Z";"Carlsen, Helin Em";"";"2735550037";"";"dtu";"2024";"";"";"";"";"thesis";"dtu|dtu_electronic|dtupub|dtupub_electronic";"";"";"";"";"";"";"";"";"";"";"";"";"";"";"";"";"und";"661b1eccfc58f51afd9671bc";"";"661b1eccfc58f51afd9671bc";"DTU DTU National Food Institute";"sorbit";"sorbit";"Models for characterisation of macronutrient content in plant-based dairy alternatives using FT-IR|Modeller til karakterisering af makronæringsindhold i plantebaserede mejerialternativer ved hjælp af FT-IR"
"";"dtu|dtupub|third_party";"";"2024-03-12T01:44:50.119Z";"Paulik, Tamas Janos";"";"2734326427";"";"dtu";"2024";"";"";"";"";"thesis";"dtu|dtu_electronic|dtupub_external";"";"";"";"";"";"";"";"";"";"";"";"";"";"";"";"";"und";"65efab51bbeb2d1637d0b99a";"";"65efab51bbeb2d1637d0b99a";"DTU Department of Applied Mathematics and Computer Science";"sorbit";"sorbit";"Implementation and orchestration of a scalable and automated Machine Learning Operation pipeline|Implementering og orkestrering af en skalerbar og automatiseret Machine Learning Operation pipeline"
"";"dtu|dtupub|third_party";"";"2024-03-06T05:01:59.125Z";"Gundersen, Stian Nesland|Nguyen, Thi Quoc";"";"2734175574";"";"dtu";"2024";"";"";"";"";"thesis";"dtu|dtu_electronic|dtupub_external";"";"";"";"";"";"";"";"";"";"";"";"";"";"";"";"";"und";"65e7c252449e263f79329b23";"";"65e7c252449e263f79329b23";"DTU Department of Environmental and Resource Engineering";"sorbit";"sorbit";"Alkali silica reactions in concrete – Investigation of alkali equilibria exposed to sea water|Alkalikiselreaktioner i beton – Undersøgelse af alkaliligevægte udsat for havvand"
"";"dtu|dtupub|third_party";"";"2024-02-29T01:57:12.700Z";"Groes-Petersen, Anna|Ellemose, Mathilde Hovmøller";"";"2733841684";"";"dtu";"2023";"";"";"";"";"thesis";"dtu|dtu_electronic|dtupub|dtupub_electronic";"";"";"";"";"";"";"";"";"";"";"";"";"";"";"";"";"und";"65dfd95216893349f9f34b70";"";"65dfd95216893349f9f34b70";"DTU Department of Civil and Mechanical Engineering";"sorbit";"sorbit";"Computational fluid dynamics simulation of wave-induced transport of buoyant and non-buoyant microplastic particles|Numerisk simulering af bølge-induceret transport af flydende og ikke-flydende mikroplastpartikler"
"";"dtu|dtupub|third_party";"";"2023-12-31T01:09:29.823Z";"Wilting, Bjørn";"";"2730671497";"";"dtu";"2023";"";"";"";"";"thesis";"dtu|dtu_electronic|dtupub|dtupub_electronic";"";"";"";"";"";"";"";"";"";"";"";"";"";"";"";"";"und";"6590bf4672d95d2bb9811623";"";"6590bf4672d95d2bb9811623";"DTU Department of Applied Mathematics and Computer Science";"sorbit";"sorbit";"Providing reliable quality-of-service through network resource allocation for the monitoring of mobile business processes|Levering af driftsikker servicekvalitet gennem allokering af netværksressourcer til monitorering af mobile business processer"
"";"dtu|dtupub|third_party";"";"2024-05-04T00:09:48.484Z";"Vossgård, William Andreas";"";"2735955575";"";"dtu";"2024";"";"";"";"";"thesis";"dtu|dtu_electronic|dtupub|dtupub_electronic";"";"";"";"";"";"";"";"";"";"";"";"";"";"";"";"";"und";"66357cccee5cdd135c94663f";"";"66357cccee5cdd135c94663f";"DTU Department of Technology, Management and Economics";"sorbit";"sorbit";"Implementing AI in the healthcare sector|implementering af AI i sundhedssektoren"
"";"dtu|dtupub|third_party";"";"2024-03-29T01:09:53.061Z";"Azgun, Tolga";"";"2735208353";"";"dtu";"2024";"";"";"";"";"thesis";"dtu|dtu_electronic|dtupub_external";"";"";"";"";"";"";"";"";"";"";"";"";"";"";"";"";"und";"660614e01e0bdd1e2e9c11e9";"";"660614e01e0bdd1e2e9c11e9";"DTU Department of Civil and Mechanical Engineering";"sorbit";"sorbit";"Enhancing Sustainability Integration in New Product Portfolio Management|Enhancing Sustainability Integration in New Product Portfolio Management"
"";"dtu|dtupub|third_party";"";"2024-09-10T09:15:02.380Z";"Mendez, Huber Heriberto Reascos";"";"2738325082";"";"dtu";"2024";"";"";"";"";"thesis";"dtu|dtu_electronic|dtupub|dtupub_electronic";"";"";"";"";"";"";"";"";"";"";"";"";"";"";"";"";"und";"66c3dedb4875d4204cd6b485";"";"66c3dedb4875d4204cd6b485";"DTU Department of Environmental and Resource Engineering";"sorbit";"sorbit";"Recycling wind turbine blade (WTB) remains in mortar as fiber reinforcement|Genanvendelse af vindmøllevinge affald som fiberarmering i mørtel"
"";"dtu|dtupub|third_party";"";"2024-07-23T15:42:09.524Z";"Blangsbøll, Rasmus Møller";"";"2737744419";"";"dtu";"2024";"";"";"";"";"thesis";"dtu|dtu_electronic|dtupub|dtupub_electronic";"";"";"";"";"";"";"";"";"";"";"";"";"";"";"";"";"und";"669ef50e89f4c9e8f36bb4d3";"";"669ef50e89f4c9e8f36bb4d3";"DTU Department of Space Research and Space Technology";"sorbit";"sorbit";"Global modelling of the ocean-induced magnetic field|Global modellering af det ocean-induceret magnetiske felt"
"";"dtu|dtupub|third_party";"";"2024-09-10T09:15:02.784Z";"Fauerskov, Maiken";"";"2738142738";"";"dtu";"2024";"";"";"";"";"thesis";"dtu|dtu_electronic|dtupub|dtupub_electronic";"";"";"";"";"";"";"";"";"";"";"";"";"";"";"";"";"und";"66b952cafb88fce8f3bc0937";"";"66b952cafb88fce8f3bc0937";"DTU Department of Wind and Energy Systems";"sorbit";"sorbit";"Investigation of the Role of Energy Communities in the Future Energy System|Undersøgelse af energifællesskabers rolle i fremtidens energisystem"
"";"dtu|dtupub|third_party";"";"2024-05-24T00:09:49.326Z";"Solgaard, Christian";"";"2736444768";"";"dtu";"2024";"";"";"";"";"thesis";"dtu|dtu_electronic|dtupub|dtupub_electronic";"";"";"";"";"";"";"";"";"";"";"";"";"";"";"";"";"und";"664fdacdc485e62851b06526";"";"664fdacdc485e62851b06526";"DTU Department of Space Research and Space Technology";"sorbit";"sorbit";"Kalman-Filter Based Hybridization of Classic and Quantum Accelerometers for Airborne Gravimetry|Kalman-filter design til filtrering og kombinering af klassisk- og kvante- accelerometre i luftbaren gravimetri"
"";"dtu|dtupub|third_party";"";"2024-07-09T00:10:15.704Z";"Møller, Christopher Oscar Huusmann|Edgecombe, Filippa Cornelia Harder";"";"2737410852";"";"dtu";"2024";"";"";"";"";"thesis";"dtu|dtu_electronic|dtupub_external";"";"";"";"";"";"";"";"";"";"";"";"";"";"";"";"";"und";"668c7fe7fc54b5dc48f23fe2";"";"668c7fe7fc54b5dc48f23fe2";"DTU Department of Civil and Mechanical Engineering";"sorbit";"sorbit";"Navigating sustainability trade-offs|Navigation af bæredygtighedensafvejninger"
"";"dtu|dtupub|third_party";"";"2024-09-10T09:15:01.131Z";"Tarazona, Maria Arrillaga";"";"2738203052";"";"dtu";"2024";"";"";"";"";"thesis";"dtu|dtu_electronic|dtupub|dtupub_electronic";"";"";"";"";"";"";"";"";"";"";"";"";"";"";"";"";"und";"66bbf5caac4a3fe8f3ae5f64";"";"66bbf5caac4a3fe8f3ae5f64";"DTU Department of Technology, Management and Economics";"sorbit";"sorbit";"Efficient algorithms for dry-bulk cargo routing in tramp shipping networks|Efficient algorithms for dry-bulk cargo routing in tramp shipping networks"
"";"dtu|dtupub|third_party";"";"2024-03-05T02:02:27.649Z";"Halldorsdottir, Sigridur Thora|Pieschel, Luis Gideon";"";"2734125219";"";"dtu";"2024";"";"";"";"";"thesis";"dtu|dtu_electronic|dtupub|dtupub_electronic";"";"";"";"";"";"";"";"";"";"";"";"";"";"";"";"";"und";"65e670d5367c9c3f79c2cd48";"";"65e670d5367c9c3f79c2cd48";"DTU Department of Technology, Management and Economics";"sorbit";"sorbit";"Synthetic Population Generation using Diffusion Models: A case study in Denmark|Syntetisk befolkningsgenerering ved hjælp af diffusionsmodeller: Et casestudie i Danmark"
"";"dtu|dtupub|third_party";"";"2024-02-28T01:24:29.309Z";"Carstensen, Adam";"";"2733712870";"";"dtu";"2024";"";"";"";"";"thesis";"dtu|dtu_electronic|dtupub_external";"";"";"";"";"";"";"";"";"";"";"";"";"";"";"";"";"und";"65de8823e6f9a80174389561";"";"65de8823e6f9a80174389561";"DTU Department of Electrical and Photonics Engineering";"sorbit";"sorbit";"Investigations of reflections and losses in unitary photonic mesh networks|Undersøgelse af refleksioner og tab i unitære optiske gitternetværk"
"";"dtu|dtupub|third_party";"";"2024-03-17T01:09:45.470Z";"Choudhari, Shubham Sudesh";"";"2734412667";"";"dtu";"2024";"";"";"";"";"thesis";"dtu|dtu_electronic|dtupub|dtupub_electronic";"";"";"";"";"";"";"";"";"";"";"";"";"";"";"";"";"und";"65f642d93b41501e2ed7a6db";"";"65f642d93b41501e2ed7a6db";"DTU Department of Technology, Management and Economics";"sorbit";"sorbit";"Analyzing the effect of policies on Electric vehicle demand across Europe|Analyzing the effect of policies on Electric vehicle demand across Europe"
"";"dtu|dtupub|third_party";"";"2024-04-12T00:09:45.381Z";"Pihl, Thorbjørn Leonhardt";"";"2735518336";"";"dtu";"2024";"";"";"";"";"thesis";"dtu|dtu_electronic|dtupub|dtupub_electronic";"";"";"";"";"";"";"";"";"";"";"";"";"";"";"";"";"und";"66187bc8fdddf41a24748f07";"";"66187bc8fdddf41a24748f07";"DTU Department of Electrical and Photonics Engineering";"sorbit";"sorbit";"Spiking control of McKibben artificial muscles in a soft-robot arm|’Spiking’ regulerings control af McKibben kunstige muskler is blød robot arm"
"";"dtu|dtupub|third_party";"";"2023-10-10T00:09:18.066Z";"Mir, Usama Ahmad";"";"2729019658";"";"dtu";"2023";"";"";"";"";"thesis";"dtu|dtu_electronic|dtupub|dtupub_electronic";"";"";"";"";"";"";"";"";"";"";"";"";"";"";"";"";"und";"6524962d7ad28f1b729769fc";"";"6524962d7ad28f1b729769fc";"DTU Department of Applied Mathematics and Computer Science";"sorbit";"sorbit";"Facial recognition for kinship detection using deep neural networks|Slægtsskabsgenkendelse ved brug af dybe neurale netværk"
"";"dtu|dtupub|third_party";"";"2024-07-29T06:07:23.770Z";"Gendre, Andreu Guitart";"";"2737855554";"";"dtu";"2024";"";"";"";"";"thesis";"dtu|dtu_electronic|dtupub_external";"";"";"";"";"";"";"";"";"";"";"";"";"";"";"";"";"und";"66a6dde812ee3fe8f3342733";"";"66a6dde812ee3fe8f3342733";"DTU Department of Technology, Management and Economics";"sorbit";"sorbit";"A study of facility location problems and their environmental impact: DSV logistics case applications|En undersøgelse af anlægsplaceringsproblemer og deres miljøpavirkning: DSV Logistics Case Applications"
"";"dtu|dtupub|third_party";"";"2024-12-19T01:31:07.933Z";"Dimitrova, Denitsa Diyanova";"";"2854184143";"";"dtu";"2024";"";"";"";"";"thesis";"dtu|dtu_electronic|dtupub|dtupub_electronic";"";"";"";"";"";"";"";"";"";"";"";"";"";"";"";"";"und";"676372579e68d3a8043d0059";"";"676372579e68d3a8043d0059";"DTU Department of Wind and Energy Systems";"sorbit";"sorbit";"Analysis of Sentinel-1 SAR offshore winds and GPM IMERG precipitation data for wind energy in the North Sea|Analyse af Sentinel-1 SAR offshore vind og GPM IMERG nedbørsdata for vindenergi i Nordsøen"
"";"dtu|dtupub|third_party";"";"2024-08-31T00:10:16.472Z";"Illes, Tibor";"";"2738564694";"";"dtu";"2024";"";"";"";"";"thesis";"dtu|dtu_electronic|dtupub|dtupub_electronic";"";"";"";"";"";"";"";"";"";"";"";"";"";"";"";"";"und";"66d25f6888150fbcc4334ef7";"";"66d25f6888150fbcc4334ef7";"DTU Department of Electrical and Photonics Engineering";"sorbit";"sorbit";"3D Wireless Power Transfer System for Neural Implant|3D Tradløst Strømoverførselssystem til Neural Implantat"
"";"dtu|dtupub|third_party";"";"2024-09-30T00:09:57.083Z";"Diaz, Patricia Brito";"";"2739399244";"";"dtu";"2024";"";"";"";"";"thesis";"dtu|dtu_electronic|dtupub|dtupub_electronic";"";"";"";"";"";"";"";"";"";"";"";"";"";"";"";"";"und";"66f9ec54b0887043d9c2aef5";"";"66f9ec54b0887043d9c2aef5";"DTU Department of Chemical and Biochemical Engineering";"sorbit";"sorbit";"Co-culture of komagataeibacter xylinus with pseudomonas putida in ocean water for enhanced bacterial cellulose production|Co-culture of komagataeibacter xylinus with pseudomonas putida in ocean water for enhanced bacterial cellulose production"
"";"dtu|dtupub|third_party";"";"2024-09-05T00:18:12.956Z";"Nielsen, Mads Marquard";"";"2738704024";"";"dtu";"2024";"";"";"";"";"thesis";"dtu|dtu_electronic|dtupub_external";"";"";"";"";"";"";"";"";"";"";"";"";"";"";"";"";"und";"66d8f6d6f59caa153bc3156f";"";"66d8f6d6f59caa153bc3156f";"DTU DTU National Food Institute";"sorbit";"sorbit";"Non-Saccharomyces yeasts for Non-Alcoholic beer fermentation: Exploring the Brewing potential and Aroma composition|Ikke-Saccharomyces gær til ikke-alkoholisk ølgæring: Udforskning af bryggepotentialet og aromasammensætningen"
"";"dtu|dtupub|third_party";"";"2024-10-03T00:09:44.982Z";"Petridi, Iliana";"";"2739495974";"";"dtu";"2024";"";"";"";"";"thesis";"dtu|dtu_electronic|dtupub|dtupub_electronic";"";"";"";"";"";"";"";"";"";"";"";"";"";"";"";"";"und";"66fde0c6d24da343d974f4da";"";"66fde0c6d24da343d974f4da";"DTU Department of Health Technology";"sorbit";"sorbit";"Multimodal imaging for the investigation of microstructural changes in bioinks and correlation with mechanical properties|Multimodal billeddannelse til undersøgelse af mikrostrukturændringer i bioinks og korrelation med deres strukturelle egenskaber"
"";"dtu|dtupub|third_party";"";"2023-03-04T06:55:25.925Z";"Saretta, Marco";"";"2720215104";"";"dtu";"2023";"";"";"";"";"thesis";"dtu|dtu_electronic|dtupub_external";"";"";"";"";"";"";"";"";"";"";"";"";"";"";"";"";"und";"6402eb54c1b53b3c45e90a12";"";"6402eb54c1b53b3c45e90a12";"DTU Department of Wind and Energy Systems";"sorbit";"sorbit";"Optimal operational scheduling for electrolysers participating in ancillary service markets|Optimal driftsplanlægning for elektrolyseanlæg, der deltager i systemydelsesmarkeder"
"";"dtu|dtupub|third_party";"";"2023-03-31T00:09:30.748Z";"Ipsen, David Ribberholt";"";"2723319029";"";"dtu";"2023";"";"";"";"";"thesis";"dtu|dtu_electronic|dtupub|dtupub_electronic";"";"";"";"";"";"";"";"";"";"";"";"";"";"";"";"";"und";"642624bad78f633d3c402ac7";"";"642624bad78f633d3c402ac7";"DTU Department of Applied Mathematics and Computer Science";"sorbit";"sorbit";"Optimising Smart Charging of Electric Vehicles|Optimering af Smart Opladning af El-Biler"
"";"dtu|dtupub|third_party";"";"2023-02-22T01:09:48.935Z";"Benomar, Sammy Steffensen";"";"2718825084";"";"dtu";"2023";"";"";"";"";"thesis";"dtu|dtu_electronic|dtupub_external";"";"";"";"";"";"";"";"";"";"";"";"";"";"";"";"";"und";"63f56b5cf4ffcd91f771df53";"";"63f56b5cf4ffcd91f771df53";"DTU Department of Applied Mathematics and Computer Science";"sorbit";"sorbit";"Influence of the quality of the mould components on the injection moulded LEGO bricks|Formkomponenters betydning for sprøjtestøbte LEGO klodser"
"";"dtu|dtupub|third_party";"";"2023-03-25T01:09:35.001Z";"Christensen, Mads Vedel Saaby|Brandt, Simon Strandly";"";"2723191191";"";"dtu";"2023";"";"";"";"";"thesis";"dtu|dtu_electronic|dtupub|dtupub_electronic";"";"";"";"";"";"";"";"";"";"";"";"";"";"";"";"";"und";"641e49ce8b7f903c299cd5ca";"";"641e49ce8b7f903c299cd5ca";"DTU Department of Technology, Management and Economics";"sorbit";"sorbit";"SENSOR DATA FUSION AND INTELLIGENT STATE PREDICTION FOR HUMAN DIGITAL TWINS IN STROKE THERAPY WITH EXOSKELETONS|Sensor data fusion og intelligent forudsigelse af tilstande for digitale patient tvillinger under exoskeleton-baseret hjerneskade genoptræning"
"";"dtu|dtupub|third_party";"";"2023-03-06T01:09:35.922Z";"Pedersen, Lasse Kørup";"";"2720235511";"";"dtu";"2023";"";"";"";"";"thesis";"dtu|dtu_electronic|dtupub|dtupub_electronic";"";"";"";"";"";"";"";"";"";"";"";"";"";"";"";"";"und";"64053d4f6e350c3c4961c9f1";"";"64053d4f6e350c3c4961c9f1";"DTU Department of Civil and Mechanical Engineering";"sorbit";"sorbit";"Electrical conductivity and mechanical properties of aluminium for electric vehicles|Elektrisk ledningsevne og mekaniske egenskaber af aluminium til brug i elektriske biler"
"";"dtu|dtupub|third_party";"";"2023-07-22T00:10:29.728Z";"Ellekilde-Pedersen, Anders|Bjørneskov, Rasmus Porse";"";"2727236829";"";"dtu";"2023";"";"";"";"";"thesis";"dtu|dtu_electronic|dtupub|dtupub_electronic";"";"";"";"";"";"";"";"";"";"";"";"";"";"";"";"";"und";"64bb1e7470deac3131d136e1";"";"64bb1e7470deac3131d136e1";"DTU Department of Applied Mathematics and Computer Science";"sorbit";"sorbit";"Approaches to Cyber Security Challenges in Maritime Operational Technology|Tilgange til Cybersikkerhedsudfordringer ved Maritime Operative Teknologisystemer"
"";"dtu|dtupub|third_party";"";"2023-03-18T02:24:16.919Z";"Rindermann, Moritz";"";"2721204079";"";"dtu";"2023";"";"";"";"";"thesis";"dtu|dtu_electronic|dtupub|dtupub_electronic";"";"";"";"";"";"";"";"";"";"";"";"";"";"";"";"";"und";"64150f558115273abb8bf4fa";"";"64150f558115273abb8bf4fa";"DTU Department of Civil and Mechanical Engineering";"sorbit";"sorbit";"On the organizational response to fluctuations in renewable energy supply – development of an organisational approach for reducing electricity costs and carbon footprint|On the organizational response to fluctuations in renewable energy supply – development of an organisational approach for reducing electricity costs and carbon footprint"
"";"dtu|dtupub|third_party";"";"2023-05-12T00:09:42.359Z";"Borcic, Barbara|Backov, Lucija";"";"2724290510";"";"dtu";"2023";"";"";"";"";"thesis";"dtu|dtu_electronic|dtupub_external";"";"";"";"";"";"";"";"";"";"";"";"";"";"";"";"";"und";"645d83c5eb5b732aa521ebfe";"";"645d83c5eb5b732aa521ebfe";"DTU Department of Biotechnology and Biomedicine";"sorbit";"sorbit";"Glycan preferences of human gut isolates from an infant/mother pair cohort|Præferencer af isolater fra tarmen af en spædbarn/moder par gruppe for glykaner"
"";"dtu|dtupub|third_party";"";"2023-02-22T01:09:41.370Z";"Feldthus, William Brandt";"";"2718824967";"";"dtu";"2023";"";"";"";"";"thesis";"dtu|dtu_electronic|dtupub|dtupub_electronic";"";"";"";"";"";"";"";"";"";"";"";"";"";"";"";"";"und";"63f56b55afd9ef91f7f0d5bb";"";"63f56b55afd9ef91f7f0d5bb";"DTU Department of Environmental and Resource Engineering";"sorbit";"sorbit";"Optimization of artificial concrete reef elements, for the improvement of marine ecosystems by facilitating the colonization with seaweed|Optimering af kunstige beton revelementer for forbedring af hav økosystemer gennem forøget tang kolonisering"
"";"dtu|dtupub|third_party";"";"2023-03-03T02:05:56.588Z";"Kalogeropoulos, Angelos Achilleas";"";"2720125363";"";"dtu";"2023";"";"";"";"";"thesis";"dtu|dtu_electronic|dtupub|dtupub_electronic";"";"";"";"";"";"";"";"";"";"";"";"";"";"";"";"";"und";"640148d77575b83c12f01d95";"";"640148d77575b83c12f01d95";"DTU Department of Physics";"sorbit";"sorbit";"Fermi-level Depinning of Wafer-Scale MoS2 using Functionalized CVD Graphene Interlayers|Fermi-niveau Depinning af Wafer-Scale MoS2 ved hjælp af funktionaliserede CVD grafen mellemlag"
"";"dtu|dtupub|third_party";"";"2023-03-05T01:09:40.154Z";"Skotte, Kamma Ask|Jespersen, Mads Kragh";"";"2720233184";"";"dtu";"2023";"";"";"";"";"thesis";"dtu|dtu_electronic|dtupub|dtupub_electronic";"";"";"";"";"";"";"";"";"";"";"";"";"";"";"";"";"und";"6403ebd45def683c492d8079";"";"6403ebd45def683c492d8079";"DTU Department of Civil and Mechanical Engineering";"sorbit";"sorbit";"Indoor climate and energy performance of semi-outdoor spaces in senior homes|Indeklima og energiydeevne af semi-udendørs omrader i seniorboliger"
"";"dtu|dtupub|third_party";"";"2023-08-28T00:09:16.791Z";"Johansson, Viktor Stenby";"";"2727909672";"";"dtu";"2023";"";"";"";"";"thesis";"dtu|dtu_electronic|dtupub_external";"";"";"";"";"";"";"";"";"";"";"";"";"";"";"";"";"und";"64ebe5ab538c732052d8a55c";"";"64ebe5ab538c732052d8a55c";"DTU Department of Applied Mathematics and Computer Science";"sorbit";"sorbit";"Learning Customer Embeddings using Transaction Networks and Graph Neural Networks|Kunde-embeddings via Transaktionsnetværk og Graf Neurale Netværk"
"";"dtu|dtupub|third_party";"";"2023-08-20T00:10:59.914Z";"Cui, Ruiqi";"";"2727784009";"";"dtu";"2023";"";"";"";"";"thesis";"dtu|dtu_electronic|dtupub|dtupub_electronic";"";"";"";"";"";"";"";"";"";"";"";"";"";"";"";"";"und";"64e15a1384a44b20525c042e";"";"64e15a1384a44b20525c042e";"DTU Department of Applied Mathematics and Computer Science";"sorbit";"sorbit";"Synthesis of Geometric Models of Neural Tissue|Syntese af geometriske modeller af neuralt væv"
"";"dtu|dtupub|third_party";"";"2023-09-21T00:09:29.376Z";"Pytlarz, Martyna Anna";"";"2728437622";"";"dtu";"2023";"";"";"";"";"thesis";"dtu|dtu_electronic|dtupub_external";"";"";"";"";"";"";"";"";"";"";"";"";"";"";"";"";"und";"650b89b8ff8bbd566b8d0eb2";"";"650b89b8ff8bbd566b8d0eb2";"DTU Department of Health Technology";"sorbit";"sorbit";"Therapeutic drug monitoring of antibiotics with surface-enhanced Raman spectroscopy|Terapeutisk lægemiddelovervagning af antibiotika med overfladeforstærket Raman spektroskopi"
"";"dtu|dtupub|third_party";"";"2023-08-16T00:11:05.815Z";"Larsen, Mads Fog Nyrup|Faarbæk, Sebastian Marius Rosenørn";"";"2727703753";"";"dtu";"2023";"";"";"";"";"thesis";"dtu|dtu_electronic|dtupub_external";"";"";"";"";"";"";"";"";"";"";"";"";"";"";"";"";"und";"64dc141920d75c20528792bc";"";"64dc141920d75c20528792bc";"DTU Department of Civil and Mechanical Engineering";"sorbit";"sorbit";"Complexity analysis at Megatrade beslag A/S|Kompleksitetsanalyse hos Megatrade Beslag A/S"
"";"dtu|dtupub|third_party";"";"2023-07-24T00:11:20.699Z";"Beck, Jens Hammershøj";"";"2727253406";"";"dtu";"2023";"";"";"";"";"thesis";"dtu|dtu_electronic|dtupub|dtupub_electronic";"";"";"";"";"";"";"";"";"";"";"";"";"";"";"";"";"und";"64bdc1a80e47fd313188a5c7";"";"64bdc1a80e47fd313188a5c7";"DTU Department of Space Research and Space Technology";"sorbit";"sorbit";"NICER timing analyses of the ultra-compact X-ray burster 4U 1820-30|NICER tidsanalyser af den ultrakompakte røntgenkilde 4U 1820-30"