"abstract_ts";"access_ss";"Affiliations";"Timestamp";"Author";"citation_count_i";"ID";"dtu_library_collection_facet";"collection_facet";"Publication Year";"Conference";"DOI";"Editor";"embargo_ssf";"format";"fulltext_availability_facet";"has_openaccess_fulltext_b";"holdings_ssf";"ISBN";"Journal Issue";"journal_issue_tsort";"journal_oa_model_ss";"Journal Page";"journal_page_start_tsort";"Journal Title";"journal_title_facet";"toc_key_s";"Journal Volume";"journal_vol_tsort";"keywords_ts";"keywords_facet";"keywords_normalized";"isolanguage_facet";"member_id_ss";"ORCID";"primary_member_id_s";"Publisher";"Source";"source_all_ss";"Title"
"";"dtu|dtupub|third_party";"";"2024-03-30T01:09:47.671Z";"Böcker, Anders Lund";"";"2735224917";"";"dtu";"2024";"";"";"";"";"thesis";"dtu|dtu_electronic|dtupub|dtupub_electronic";"";"";"";"";"";"";"";"";"";"";"";"";"";"";"";"";"und";"6607665bab125d1e2e79db45";"";"6607665bab125d1e2e79db45";"DTU Department of Electrical and Photonics Engineering";"sorbit";"sorbit";"Design and development of 3D-printed assembly for neural interfaces|Design og udvikling af 3D-printet montage til neurale grænseflader"
"";"dtu|dtupub|third_party";"";"2023-10-06T00:09:22.962Z";"Castelli, Paolo";"";"2728917492";"";"dtu";"2023";"";"";"";"";"thesis";"dtu|dtu_electronic|dtupub_external";"";"";"";"";"";"";"";"";"";"";"";"";"";"";"";"";"und";"651f50310be4d503b358b6b5";"";"651f50310be4d503b358b6b5";"DTU Department of Civil and Mechanical Engineering";"sorbit";"sorbit";"Electrification and energy optimization of processes in paper production|Elektrificering og energioptimering af processer i papirproduktion"
"";"dtu|dtupub|third_party";"";"2023-10-06T00:09:22.962Z";"Hubbuck, Maria Eileen";"";"2728917493";"";"dtu";"2023";"";"";"";"";"thesis";"dtu|dtu_electronic|dtupub|dtupub_electronic";"";"";"";"";"";"";"";"";"";"";"";"";"";"";"";"";"und";"651f5032e51cba03b39b5350";"";"651f5032e51cba03b39b5350";"DTU Department of Wind and Energy Systems";"sorbit";"sorbit";"Assessing the potential of floating offshore wind at Utsira Nord: A pre-feasibility study|Flydende offshore vindmøllepark ved Utsira Nord. Et pre-feasibility studie"
"";"dtu|dtupub|third_party";"";"2024-04-10T00:09:41.369Z";"Chiras, Thomas";"";"2735483363";"";"dtu";"2024";"";"";"";"";"thesis";"dtu|dtu_electronic|dtupub_external";"";"";"";"";"";"";"";"";"";"";"";"";"";"";"";"";"und";"6615d8c38d729d1a24c0d71a";"";"6615d8c38d729d1a24c0d71a";"DTU Department of Applied Mathematics and Computer Science";"sorbit";"sorbit";"Optimal Combination of Wind Power Forecasts|Optimal kombination of vindproductionsprognoser"
"";"dtu|dtupub|third_party";"";"2024-08-23T00:10:18.776Z";"Langert, Jannek Christian";"";"2738372018";"";"dtu";"2024";"";"";"";"";"thesis";"dtu|dtu_electronic|dtupub|dtupub_electronic";"";"";"";"";"";"";"";"";"";"";"";"";"";"";"";"";"und";"66c7d35fc79107204c6fe6ca";"";"66c7d35fc79107204c6fe6ca";"DTU Department of Technology, Management and Economics";"sorbit";"sorbit";"Electric Vehicles in Smart Home Energy Management Systems: Optimal Charging Strategies Based on Grid Signals|Elektriske Biler i Smart Home Energi Styresystemer: Optimale Opladningsstrategier Baseret pa Signaler fra Elnettet"
"";"dtu|dtupub|third_party";"";"2024-03-31T01:09:56.506Z";"Wagner, Mathilde Howard";"";"2735235814";"";"dtu";"2024";"";"";"";"";"thesis";"dtu|dtu_electronic|dtupub_external";"";"";"";"";"";"";"";"";"";"";"";"";"";"";"";"";"und";"6608b7e47036511e2e1262ed";"";"6608b7e47036511e2e1262ed";"DTU Department of Wind and Energy Systems";"sorbit";"sorbit";"Effects of directional wave spreading and swell on the motion response of a semi-submersible wind turbine floater|Effekt af retningsspredte bølger og stormdønninger pa¨respons af en semi-sub flyder til havvindmøller"
"";"dtu|dtupub|third_party";"";"2024-07-18T05:34:04.275Z";"Aggerholm, Oda Byskov";"";"2737649077";"";"dtu";"2024";"";"";"";"";"thesis";"dtu|dtu_electronic|dtupub|dtupub_electronic";"";"";"";"";"";"";"";"";"";"";"";"";"";"";"";"";"und";"66985d509138b5e8f3d88bf9";"";"66985d509138b5e8f3d88bf9";"DTU Department of Electrical and Photonics Engineering";"sorbit";"sorbit";"Simultaneous localization and mapping for autonomous docking of harbour busses|Simultan lokalisering og kortlægning til autonom dokning af havnebusser"
"";"dtu|dtupub|third_party";"";"2023-08-14T00:10:46.648Z";"Granat, Bartlomiej Jan";"";"2727633726";"";"dtu";"2023";"";"";"";"";"thesis";"dtu|dtu_electronic|dtupub|dtupub_electronic";"";"";"";"";"";"";"";"";"";"";"";"";"";"";"";"";"und";"64d9710613e1d020521aff8c";"";"64d9710613e1d020521aff8c";"DTU Department of Applied Mathematics and Computer Science";"sorbit";"sorbit";"Collaboration and conflict in online communities|Samarbejde og konflikt i online-fælleskaber"
"";"dtu|dtupub|third_party";"";"2024-04-01T00:10:04.729Z";"Pedersen, Rasmus Juul";"";"2735269677";"";"dtu";"2024";"";"";"";"";"thesis";"dtu|dtu_electronic|dtupub|dtupub_electronic";"";"";"";"";"";"";"";"";"";"";"";"";"";"";"";"";"und";"6609fb5ca64a171e2e6bfb95";"";"6609fb5ca64a171e2e6bfb95";"DTU Department of Applied Mathematics and Computer Science";"sorbit";"sorbit";"Generation and Validation of Synthetic Image Data for 3D Deep Learning|Generering og validering af syntetisk billeddata for 3D deep learning"
"";"dtu|dtupub|third_party";"";"2024-07-18T05:34:04.283Z";"Agger, Augusta Cornelia Hutters|Place, Matilde Maria de";"";"2737649080";"";"dtu";"2024";"";"";"";"";"thesis";"dtu|dtu_electronic|dtupub|dtupub_electronic";"";"";"";"";"";"";"";"";"";"";"";"";"";"";"";"";"und";"66985d51f5a4bde8f326850d";"";"66985d51f5a4bde8f326850d";"DTU Department of Applied Mathematics and Computer Science";"sorbit";"sorbit";"Data-driven digital twins for the green transition|Data-drevne digitale tvillinger for den grønne omstilling"
"";"dtu|dtupub|third_party";"";"2024-08-31T00:10:00.711Z";"Johnsen, Emma Thiim";"";"2738564546";"";"dtu";"2024";"";"";"";"";"thesis";"dtu|dtu_electronic|dtupub|dtupub_electronic";"";"";"";"";"";"";"";"";"";"";"";"";"";"";"";"";"und";"66d25f58fec568bcc4369754";"";"66d25f58fec568bcc4369754";"DTU Department of Technology, Management and Economics";"sorbit";"sorbit";"Energy system analysis of methanol production from biogenic CO2 captured by CHP plants in future energy systems|Energisystemanalyse af metanol produktion fra biogen CO2 fanget af kraftvarmeværker i fremtidige energisystemer"
"";"dtu|dtupub|third_party";"";"2024-07-29T06:07:22.928Z";"Algán, Facundo Esteban Castellá";"";"2737855396";"";"dtu";"2024";"";"";"";"";"thesis";"dtu|dtu_electronic|dtupub|dtupub_electronic";"";"";"";"";"";"";"";"";"";"";"";"";"";"";"";"";"und";"66a6ddd41b974de8f35a86c7";"";"66a6ddd41b974de8f35a86c7";"DTU Department of Applied Mathematics and Computer Science";"sorbit";"sorbit";"Application of normalizing flows for anomaly detection in broadband networks using multiple time series data|Anvendelse af normalizing flows til anomali-detektion i bredbandsnetværk"
"";"dtu|dtupub|third_party";"";"2024-07-22T05:15:05.173Z";"Hjortshøj, Kasper Just";"";"2737702145";"";"dtu";"2024";"";"";"";"";"thesis";"dtu|dtu_electronic|dtupub|dtupub_electronic";"";"";"";"";"";"";"";"";"";"";"";"";"";"";"";"";"und";"669da34a2c4e1ce8f375dd5c";"";"669da34a2c4e1ce8f375dd5c";"DTU Department of Civil and Mechanical Engineering";"sorbit";"sorbit";"Aerodynamics and Hydrodynamics of the 49er sailboat|Aerodynamik og hydrodynamik af 49er sejlbaad"
"";"dtu|dtupub|third_party";"";"2024-07-29T06:07:23.410Z";"Yang, Songyu";"";"2737855453";"";"dtu";"2024";"";"";"";"";"thesis";"dtu|dtu_electronic|dtupub|dtupub_electronic";"";"";"";"";"";"";"";"";"";"";"";"";"";"";"";"";"und";"66a6dddf8d4635e8f302720d";"";"66a6dddf8d4635e8f302720d";"DTU Department of Energy Conversion and Storage";"sorbit";"sorbit";"Membrane reinforcement strategies for alkaline water electrolysis|Membranforstærkningsstrategier til alkalisk vandelektrolyse"
"";"dtu|dtupub|third_party";"";"2024-09-03T00:09:53.516Z";"Kristoffersen, Herborg";"";"2738605948";"";"dtu";"2024";"";"";"";"";"thesis";"dtu|dtu_electronic|dtupub|dtupub_electronic";"";"";"";"";"";"";"";"";"";"";"";"";"";"";"";"";"und";"66d653d084707cbcc4f7542d";"";"66d653d084707cbcc4f7542d";"DTU Department of Applied Mathematics and Computer Science";"sorbit";"sorbit";"User Experience Design for AI-Generated Feedback in Computer-Assisted Pronunciation Training|Brugeroplevelsesdesign til AI-genereret feedback inden for computerstøttet udtaletræning"
"";"dtu|dtupub|third_party";"";"2024-05-02T00:09:46.723Z";"Nipomici, Mihai|Cararus, Ion";"";"2735912835";"";"dtu";"2024";"";"";"";"";"thesis";"dtu|dtu_electronic|dtupub|dtupub_electronic";"";"";"";"";"";"";"";"";"";"";"";"";"";"";"";"";"und";"6632d9cacdf3e0e846863e56";"";"6632d9cacdf3e0e846863e56";"DTU Department of Technology, Management and Economics";"sorbit";"sorbit";"Resilient Multimodal Transportation in Copenhagen: A Comprehensive Network Dynamics and Demand Forecasting Analysis|Resilient Multimodal Transportation in Copenhagen: A Comprehensive Network Dynamics and Demand Forecasting Analysis"
"";"dtu|dtupub|third_party";"";"2023-03-09T11:54:57.071Z";"Garcia, Santiago Ribelles";"";"2720391539";"";"dtu";"2023";"";"";"";"";"thesis";"dtu|dtu_electronic|dtupub_external";"";"";"";"";"";"";"";"";"";"";"";"";"";"";"";"";"und";"640931c9918e523d0410dfae";"";"640931c9918e523d0410dfae";"DTU Department of Technology, Management and Economics";"sorbit";"sorbit";"Batch Lead Time Prediction using Machine Learning in the Pharmaceutical Industry. Case Study: Novo Nordisk|Batch Lead Time Prediction using Machine Learning in the Pharmaceutical Industry. Case Study: Novo Nordisk"
"";"dtu|dtupub|third_party";"";"2023-03-25T01:09:37.302Z";"Jørgensen, Jesper Carsten";"";"2723191223";"";"dtu";"2023";"";"";"";"";"thesis";"dtu|dtu_electronic|dtupub|dtupub_electronic";"";"";"";"";"";"";"";"";"";"";"";"";"";"";"";"";"und";"641e49d05869fb3c29a267f9";"";"641e49d05869fb3c29a267f9";"DTU Department of Civil and Mechanical Engineering";"sorbit";"sorbit";"Analyses of wave load distribution over the depth based on experimental data and numerical analyses|Analyser af bølgebelastningsfordeling over dybden baseret pa eksperimentelle data og numeriske analyser"
"";"dtu|dtupub|third_party";"";"2024-03-15T01:23:38.663Z";"Larsen, Ahn Louise Sook";"";"2734387198";"";"dtu";"2023";"";"";"";"";"thesis";"dtu|dtu_electronic|dtupub_external";"";"";"";"";"";"";"";"";"";"";"";"";"";"";"";"";"und";"65f39fd592eacf1e2e12a0f8";"";"65f39fd592eacf1e2e12a0f8";"DTU Department of Technology, Management and Economics";"sorbit";"sorbit";"Impact of cyclic planning principles on throughput under capacity constraints|Effekt af cykliske planlægningsprincipper pa output fra produktion med begrænset kapacitet"
"";"dtu|dtupub|third_party";"";"2023-02-01T01:09:37.103Z";"Petersen, Mathias Heber Hahn";"";"2718416181";"";"dtu";"2023";"";"";"";"";"thesis";"dtu|dtu_electronic|dtupub_external";"";"";"";"";"";"";"";"";"";"";"";"";"";"";"";"";"und";"63d9bbd05099db1e0490be27";"";"63d9bbd05099db1e0490be27";"DTU Department of Environmental and Resource Engineering";"sorbit";"sorbit";"Indoor environment and design of ventilation in schools|Indeklima og ventilationsdesign i skoler"
"";"dtu|dtupub|third_party";"";"2024-11-18T01:34:06.999Z";"Spezzati, Chiara";"";"2787991380";"";"dtu";"2024";"";"";"";"";"thesis";"dtu|dtu_electronic|dtupub|dtupub_electronic";"";"";"";"";"";"";"";"";"";"";"";"";"";"";"";"";"und";"673a93dfebefa0249e05a757";"";"673a93dfebefa0249e05a757";"DTU Department of Energy Conversion and Storage";"sorbit";"sorbit";"Structural and electronic dynamics in 2D perovskites by machine learning and tight binding|Strukturel og elektronisk dynamik i 2D perovskites ved maskinlæring og tæt binding"
"";"dtu|dtupub|third_party";"";"2023-08-17T00:11:24.036Z";"Clausen, Sofus Rasmus";"";"2727730894";"";"dtu";"2023";"";"";"";"";"thesis";"dtu|dtu_electronic|dtupub|dtupub_electronic";"";"";"";"";"";"";"";"";"";"";"";"";"";"";"";"";"und";"64dd65ab6fc8652052376d05";"";"64dd65ab6fc8652052376d05";"DTU Department of Technology, Management and Economics";"sorbit";"sorbit";"Designing and Optimizing a Maritime Transportation Network for Container Shipping|Design og Optimering af et Maritimt Transportnetværk til Containerfragt"
"";"dtu|dtupub|third_party";"";"2024-02-16T02:02:54.558Z";"Heide, Lasse Johs Lindenhoff";"";"2731658510";"";"dtu";"2024";"";"";"";"";"thesis";"dtu|dtu_electronic|dtupub_external";"";"";"";"";"";"";"";"";"";"";"";"";"";"";"";"";"und";"65ceb5d55732cadd4b34c62c";"";"65ceb5d55732cadd4b34c62c";"DTU Department of Civil and Mechanical Engineering";"sorbit";"sorbit";"Modelling lower intestine, rectum and anal canal biomechanics for use in Trans-Anal-Irrigation|Modellering af biomekanik i nedre tarm, rektum og analkanal til brug i Trans-Anal-Irrigation"
"";"dtu|dtupub|third_party";"";"2023-03-25T01:09:42.542Z";"Arnau, Pau Blanco I";"";"2723191376";"";"dtu";"2023";"";"";"";"";"thesis";"dtu|dtu_electronic|dtupub_external";"";"";"";"";"";"";"";"";"";"";"";"";"";"";"";"";"und";"641e49d675b1943c29ef56d8";"";"641e49d675b1943c29ef56d8";"DTU Department of Applied Mathematics and Computer Science";"sorbit";"sorbit";"Mathematical modeling for prediction of power output under fatigue conditions in professional cycling|Matematisk modellering til forudsigelse af power output under maximalt udmattelse i professionel cykling"
"";"dtu|dtupub|third_party";"";"2024-09-01T00:09:56.303Z";"Badarello, Kolia Hypolithe Stanislas";"";"2738587449";"";"dtu";"2024";"";"";"";"";"thesis";"dtu|dtu_electronic|dtupub_external";"";"";"";"";"";"";"";"";"";"";"";"";"";"";"";"";"und";"66d3b0d4394e08bcc4158ee7";"";"66d3b0d4394e08bcc4158ee7";"DTU Department of Biotechnology and Biomedicine";"sorbit";"sorbit";"Linking mitochondrial mutations to the development of cardiomyopathy using mEditorS, a novel mitochondrial gene editing strategy|Linking mitochondrial mutations to the development of cardiomyopathy using mEditorS, a novel mitochondrial gene editing strategy"
"";"dtu|dtupub|third_party";"";"2023-08-11T00:09:59.160Z";"Hotea, Cristina";"";"2727602386";"";"dtu";"2023";"";"";"";"";"thesis";"dtu|dtu_electronic|dtupub_external";"";"";"";"";"";"";"";"";"";"";"";"";"";"";"";"";"und";"64d57c57cd12bd1f4fbe1c5d";"";"64d57c57cd12bd1f4fbe1c5d";"DTU Department of Chemical and Biochemical Engineering";"sorbit";"sorbit";"Quantifying bioreactor dynamics for identifying possible process improvements|Kvantificering af bioreaktordynamik for at identificere mulige procesforbedringer"
"";"dtu|dtupub|third_party";"";"2023-04-05T00:09:26.272Z";"Elbo, Mads Søndergaard";"";"2723428083";"";"dtu";"2023";"";"";"";"";"thesis";"dtu|dtu_electronic|dtupub_external";"";"";"";"";"";"";"";"";"";"";"";"";"";"";"";"";"und";"642cbc369836903d3c866350";"";"642cbc369836903d3c866350";"DTU DTU National Food Institute";"sorbit";"sorbit";"Optimization of Risk Management and Quality Control in Sugar beet pectin production: A novel approach using Inherent risks and Financial integration'|Forbedring af risikostyring og kvalitetskontrol i sukkerroepektinproduktion: En ny tilgang med brug af iboende risici og finansiel integration"
"";"dtu|dtupub|third_party";"";"2023-08-01T00:10:32.271Z";"Ahmad, Mohammad Nabil";"";"2727447143";"";"dtu";"2023";"";"";"";"";"thesis";"dtu|dtu_electronic|dtupub|dtupub_electronic";"";"";"";"";"";"";"";"";"";"";"";"";"";"";"";"";"und";"64c84d785e8ccd1f4fb96d27";"";"64c84d785e8ccd1f4fb96d27";"DTU Department of Applied Mathematics and Computer Science";"sorbit";"sorbit";"Unveiling The Dark Web: Automated Monitoring of Hidden Services|Unveiling The Dark Web: Automated Monitoring of Hidden Services"
"";"dtu|dtupub|third_party";"";"2023-10-01T00:09:21.048Z";"Rams, Arnau Català I";"";"2728811182";"";"dtu";"2023";"";"";"";"";"thesis";"dtu|dtu_electronic|dtupub_external";"";"";"";"";"";"";"";"";"";"";"";"";"";"";"";"";"und";"6518b8b043d67003b3ed50a0";"";"6518b8b043d67003b3ed50a0";"DTU Department of Civil and Mechanical Engineering";"sorbit";"sorbit";"Numerical modeling of gas-lubricated foil bearings. Gümbel condition validation with a bi-linear stiffness and simple coupling on the foil structure|Numerisk modellering af gas-afsmurte folielejer. Validering af Gumbel betingelsen med en bi-lineær stivhed og enkel kobling pa foliestrukturen."
"";"dtu|dtupub|third_party";"";"2023-07-15T00:11:02.428Z";"Canevaro, Alessandro";"";"2727099433";"";"dtu";"2023";"";"";"";"";"thesis";"dtu|dtu_electronic|dtupub|dtupub_electronic";"";"";"";"";"";"";"";"";"";"";"";"";"";"";"";"";"und";"64b1e415d9dbda9152467f20";"";"64b1e415d9dbda9152467f20";"DTU Department of Applied Mathematics and Computer Science";"sorbit";"sorbit";"Cooperative Carrying Control for Mobile Robots in Indoor Scenario|Kooperativ bærekontrol til mobile robotter i indendørs scenarier"
"";"dtu|dtupub|third_party";"";"2023-07-20T00:10:03.916Z";"Qiu, Haimi";"";"2727202160";"";"dtu";"2023";"";"";"";"";"thesis";"dtu|dtu_electronic|dtupub|dtupub_electronic";"";"";"";"";"";"";"";"";"";"";"";"";"";"";"";"";"und";"64b87b5b9ee9bf3131ed8f8b";"";"64b87b5b9ee9bf3131ed8f8b";"DTU Department of Technology, Management and Economics";"sorbit";"sorbit";"Integrated Passenger Oriented Timetabling and Vehicle Scheduling at Movia|Integreret passagerorienteret køreplanlægning og bus rutering hos Movia"
"";"dtu|dtupub|third_party";"";"2023-02-16T01:10:04.166Z";"Løjmand, Phillip Thoft-Christensen";"";"2718681540";"";"dtu";"2023";"";"";"";"";"thesis";"dtu|dtu_electronic|dtupub_external";"";"";"";"";"";"";"";"";"";"";"";"";"";"";"";"";"und";"63ed825f472f2591f7337445";"";"63ed825f472f2591f7337445";"DTU Department of Applied Mathematics and Computer Science";"sorbit";"sorbit";"Automatic toolpath generation for milling processes|Automatisk generering af værktøjsbaner til fræsning"
"";"dtu|dtupub|third_party";"";"2024-08-29T00:10:15.274Z";"Krog, Magnus";"";"2738522513";"";"dtu";"2024";"";"";"";"";"thesis";"dtu|dtu_electronic|dtupub|dtupub_electronic";"";"";"";"";"";"";"";"";"";"";"";"";"";"";"";"";"und";"66cfbc6752326b01842283aa";"";"66cfbc6752326b01842283aa";"DTU Department of Environmental and Resource Engineering";"sorbit";"sorbit";"Statistical properties and extent of storm surges at Danish coasts|Statistiske egenskaber og udbredelse af stormflod ved danske kyster"
"";"dtu|dtupub|third_party";"";"2023-03-06T01:09:38.163Z";"Vilardell, Anna-Maria Guitó I";"";"2720235513";"";"dtu";"2023";"";"";"";"";"thesis";"dtu|dtu_electronic|dtupub|dtupub_electronic";"";"";"";"";"";"";"";"";"";"";"";"";"";"";"";"";"und";"64053d52388ea33c49955f0b";"";"64053d52388ea33c49955f0b";"DTU Department of Health Technology";"sorbit";"sorbit";"Development of a flow cytometry-based assay for MHC-I ligand discovery|Udvikling af et flowcytometri-baseret assay til MHC-I ligand opdagelse"
"";"dtu|dtupub|third_party";"";"2024-11-01T01:09:36.437Z";"Obrist, Rita de Ornelas Diogo";"";"2740134697";"";"dtu";"2024";"";"";"";"";"thesis";"dtu|dtu_electronic|dtupub|dtupub_electronic";"";"";"";"";"";"";"";"";"";"";"";"";"";"";"";"";"und";"67242a50cd4f0ba51d5f0f4d";"";"67242a50cd4f0ba51d5f0f4d";"DTU Department of Environmental and Resource Engineering";"sorbit";"sorbit";"Microbial risk assessment of wastewater in Sisimiut, Greenland: Health risks and mitigation options|Mikrobiologisk risikovurdering af spildevand i Sisimiut, Grønland: Sundhedsrisici og forbedringsmuligheder"
"";"dtu|dtupub|third_party";"";"2024-08-24T00:10:18.168Z";"Chrobot, Michal Wiktor";"";"2738387862";"";"dtu";"2024";"";"";"";"";"thesis";"dtu|dtu_electronic|dtupub|dtupub_electronic";"";"";"";"";"";"";"";"";"";"";"";"";"";"";"";"";"und";"66c924d8078c02204c3c569c";"";"66c924d8078c02204c3c569c";"DTU Department of Applied Mathematics and Computer Science";"sorbit";"sorbit";"Scalability and Democratization of Real Time Strategy and Fighting Games: The Deterministic Lockstep Netcode Model with Client Prediction Combined with the Data Oriented Tech Stack|Skalerbarhed og demokratisering af strategi- og kampspil i realtid: Den deterministiske Lockstep Netcode Model med klientforudsigelse kombineret med Data Oriented Tech Stack"
"";"dtu|dtupub|third_party";"";"2024-03-05T02:02:27.520Z";"Lundsgaard, Malthe";"";"2734125212";"";"dtu";"2024";"";"";"";"";"thesis";"dtu|dtu_electronic|dtupub|dtupub_electronic";"";"";"";"";"";"";"";"";"";"";"";"";"";"";"";"";"und";"65e670d4b527ea3f799ffe24";"";"65e670d4b527ea3f799ffe24";"DTU Department of Civil and Mechanical Engineering";"sorbit";"sorbit";"Modeling and analysis of nonlinearities in balanced armature receivers|Modellering og analyse af ikke-lineariteter i ""balanced armature"" højttalere"
"";"dtu|dtupub|third_party";"";"2023-03-22T01:09:38.169Z";"Tornbjerg, Anders Falling";"";"2722957700";"";"dtu";"2023";"";"";"";"";"thesis";"dtu|dtu_electronic|dtupub_external";"";"";"";"";"";"";"";"";"";"";"";"";"";"";"";"";"und";"641a5551f5cd453c29fa2a7d";"";"641a5551f5cd453c29fa2a7d";"DTU Department of Environmental and Resource Engineering";"sorbit";"sorbit";"Large natural stones as building stones - Assessment of selected durability properties of natural stones|Store natursten som bygningssten - Vurdering af udvalgte holdbarhedsmæssige egenskaber for natursten"
"";"dtu|dtupub|third_party";"";"2023-07-24T00:11:31.342Z";"Ozdemir, Recep Ilteber";"";"2727253423";"";"dtu";"2023";"";"";"";"";"thesis";"dtu|dtu_electronic|dtupub|dtupub_electronic";"";"";"";"";"";"";"";"";"";"";"";"";"";"";"";"";"und";"64bdc1b3fd77023131ba4b87";"";"64bdc1b3fd77023131ba4b87";"DTU Department of Applied Mathematics and Computer Science";"sorbit";"sorbit";"Topological descriptions of vortex dynamics and interactions|Topologisk beskrivelse af hvirveldynamik og vekselvirkning"
"";"dtu|dtupub|third_party";"";"2023-09-13T00:09:27.500Z";"Vlachopoulos, Panagiotis";"";"2728303054";"";"dtu";"2023";"";"";"";"";"thesis";"dtu|dtu_electronic|dtupub_external";"";"";"";"";"";"";"";"";"";"";"";"";"";"";"";"";"und";"6500fdb667bc0301938a18f4";"";"6500fdb667bc0301938a18f4";"DTU Department of Civil and Mechanical Engineering";"sorbit";"sorbit";"Data-driven model updating for offshore wind turbines|Data-dreven modelopdatering for offshore vindmøller"
"";"dtu|dtupub|third_party";"";"2023-10-04T00:09:20.044Z";"Voulkopoulos, Georgios";"";"2728881743";"";"dtu";"2023";"";"";"";"";"thesis";"dtu|dtu_electronic|dtupub|dtupub_electronic";"";"";"";"";"";"";"";"";"";"";"";"";"";"";"";"";"und";"651cad2f66731903b3f6fb60";"";"651cad2f66731903b3f6fb60";"DTU Department of Civil and Mechanical Engineering";"sorbit";"sorbit";"Evaluation of protective coatings performance by means of electrochemical characterization|Evaluering af beskyttende belægninger ved hjælp af elektrokemisk karakterisering"
"";"dtu|dtupub|third_party";"";"2024-07-22T05:15:05.162Z";"Zografou, Maria";"";"2737702130";"";"dtu";"2024";"";"";"";"";"thesis";"dtu|dtu_electronic|dtupub|dtupub_electronic";"";"";"";"";"";"";"";"";"";"";"";"";"";"";"";"";"und";"669da34351cc6fe8f3b316bb";"";"669da34351cc6fe8f3b316bb";"DTU Department of Health Technology";"sorbit";"sorbit";"Self-reported listening intentions in daily life with hearing aids|selvrapporterede lytteintentioner i dagligdagen med høreapparater"
"";"dtu|dtupub|third_party";"";"2024-02-28T01:24:31.584Z";"Müller, Max Walter";"";"2733713111";"";"dtu";"2024";"";"";"";"";"thesis";"dtu|dtu_electronic|dtupub|dtupub_electronic";"";"";"";"";"";"";"";"";"";"";"";"";"";"";"";"";"und";"65de882c778ae50174325f0a";"";"65de882c778ae50174325f0a";"DTU Department of Wind and Energy Systems";"sorbit";"sorbit";"Implications of congestion income distribution on economic feasibility of hybrid offshore wind projects|Fordeling af flaskehalsindtægter i det fremtidige elnetværk pa havet og økonomiske konsekvenser for hybride havvindmølleprojekter"
"";"dtu|dtupub|third_party";"";"2024-09-10T00:09:59.111Z";"Váradi, Vivien";"";"2738972440";"";"dtu";"2024";"";"";"";"";"thesis";"dtu|dtu_electronic|dtupub|dtupub_electronic";"";"";"";"";"";"";"";"";"";"";"";"";"";"";"";"";"und";"66df8e54fb1ed61d78afb6b3";"";"66df8e54fb1ed61d78afb6b3";"DTU Department of Applied Mathematics and Computer Science";"sorbit";"sorbit";"A Data Visualization Tool to Support Discovery of Relations in Multi-Phenomena Self-Tracking Data|Et datavisualiseringsværktøj til at kortlægge relationer i fler-fænomen self-tracking data"
"";"dtu|dtupub|third_party";"";"2023-12-20T14:46:32.259Z";"Kiss, Reka Olga";"";"2728931048";"";"dtu";"2023";"";"";"";"";"thesis";"dtu|dtu_electronic|dtupub_external";"";"";"";"";"";"";"";"";"";"";"";"";"";"";"";"";"und";"6520a1ae0413ce15263a0b92";"";"6520a1ae0413ce15263a0b92";"DTU Department of Technology, Management and Economics";"sorbit";"sorbit";"The exploration of entrepreneurial motivation and its fluctuation in new venture teams|Udforskning af iværksættermotivation og dens udsving i nye venture-teams"
"";"dtu|dtupub|third_party";"";"2023-10-01T00:09:23.510Z";"Dang, Gaurav";"";"2728811184";"";"dtu";"2023";"";"";"";"";"thesis";"dtu|dtu_electronic|dtupub|dtupub_electronic";"";"";"";"";"";"";"";"";"";"";"";"";"";"";"";"";"und";"6518b8b3e64fd503b38bd4b5";"";"6518b8b3e64fd503b38bd4b5";"DTU Department of Applied Mathematics and Computer Science";"sorbit";"sorbit";"Design, develop and create an optimal user experience for an app that aims to aid in managing diabetes by tracking their food nutrition, sleep, and exercise|Design og udvikling af en optimal brugeroplevelse for en app, der har til formal at hjælpe med at handtere diabetes ved at spore mad ernæring, søvn og motion"
"";"dtu|dtupub|third_party";"";"2024-03-03T01:30:44.979Z";"Thomsen, Mathias";"";"2734025138";"";"dtu";"2024";"";"";"";"";"thesis";"dtu|dtu_electronic|dtupub_external";"";"";"";"";"";"";"";"";"";"";"";"";"";"";"";"";"und";"65e3cdd6aaa7c9149ed368c1";"";"65e3cdd6aaa7c9149ed368c1";"DTU Department of Civil and Mechanical Engineering";"sorbit";"sorbit";"Tissue permeability models to evaluate flow resistance during subcutaneous injections|Vævspermeabilitetsmodeller til evaluering af strømningsmodstand under subkutane injektioner"
"";"dtu|dtupub|third_party";"";"2024-07-15T07:21:15.998Z";"Weßel, Jason Lee";"";"2737581726";"";"dtu";"2024";"";"";"";"";"thesis";"dtu|dtu_electronic|dtupub|dtupub_electronic";"";"";"";"";"";"";"";"";"";"";"";"";"";"";"";"";"und";"669468d820ecece8f3e5c96e";"";"669468d820ecece8f3e5c96e";"DTU Department of Environmental and Resource Engineering";"sorbit";"sorbit";"Influence of ice properties and internal damage on frost salt scaling of concrete|Indflydelse af isegenskaber og indre skader pa frost-salt afskalning af beton"
"";"dtu|dtupub|third_party";"";"2024-07-30T12:38:08.859Z";"Warberg, Frederik";"";"2737859092";"";"dtu";"2024";"";"";"";"";"thesis";"dtu|dtu_electronic|dtupub_external";"";"";"";"";"";"";"";"";"";"";"";"";"";"";"";"";"und";"66a830028d262ce8f387555b";"";"66a830028d262ce8f387555b";"DTU Department of Wind and Energy Systems";"sorbit";"sorbit";"Error Detection in Solar Plants Using SCADA Data|Fejldetektion i solcelleanlæg ved hjælp af SCADA-data"
"";"dtu|dtupub|third_party";"";"2023-07-31T00:11:21.728Z";"Haugen, Linnéa";"";"2727406369";"";"dtu";"2023";"";"";"";"";"thesis";"dtu|dtu_electronic|dtupub_external";"";"";"";"";"";"";"";"";"";"";"";"";"";"";"";"";"und";"64c6fc29eb668a1f4f674093";"";"64c6fc29eb668a1f4f674093";"DTU Department of Health Technology";"sorbit";"sorbit";"Development of a time-interleaved coding strategy for binaural and monaural sound presentation|Udvikling af en tidssammenflettet kodningsstrategi til binaural og monaural lydpræsentation"
"";"dtu|dtupub|third_party";"";"2023-07-17T00:10:51.591Z";"Zhang, Peishan";"";"2727113790";"";"dtu";"2023";"";"";"";"";"thesis";"dtu|dtu_electronic|dtupub|dtupub_electronic";"";"";"";"";"";"";"";"";"";"";"";"";"";"";"";"";"und";"64b4870b3366bc9152d4d68c";"";"64b4870b3366bc9152d4d68c";"DTU Department of Applied Mathematics and Computer Science";"sorbit";"sorbit";"A machine learning approach to optimize acoustic feedback cancellation systems|En machine learning tilgang til optimering af akustisk feedback cancellation systemer"
"";"dtu|dtupub|third_party";"";"2023-07-24T00:10:56.056Z";"Bonafina, Agostina Sol Casasco";"";"2727253365";"";"dtu";"2023";"";"";"";"";"thesis";"dtu|dtu_electronic|dtupub_external";"";"";"";"";"";"";"";"";"";"";"";"";"";"";"";"";"und";"64bdc18f4ea316313105c29f";"";"64bdc18f4ea316313105c29f";"DTU DTU National Food Institute";"sorbit";"sorbit";"Biopreservation of bread – The potential of new shelf-life extension solutions|Biokonservering af brød - Potentialet af nye løsninger for holdbarhedsforlængelse"
"";"dtu|dtupub|third_party";"";"2023-09-01T00:09:17.529Z";"Tampiza, Vlad";"";"2728030106";"";"dtu";"2023";"";"";"";"";"thesis";"dtu|dtu_electronic|dtupub_external";"";"";"";"";"";"";"";"";"";"";"";"";"";"";"";"";"und";"64f12bad85dec122a69e45ff";"";"64f12bad85dec122a69e45ff";"DTU Department of Technology, Management and Economics";"sorbit";"sorbit";"Yield Curve Estimation|Yield Curve Estimation"
"";"dtu|dtupub|third_party";"";"2023-03-15T01:09:49.570Z";"Knap, Vilém";"";"2720571591";"";"dtu";"2023";"";"";"";"";"thesis";"dtu|dtu_electronic|dtupub|dtupub_electronic";"";"";"";"";"";"";"";"";"";"";"";"";"";"";"";"";"und";"64111adaea92923abb18814b";"";"64111adaea92923abb18814b";"DTU Department of Space Research and Space Technology";"sorbit";"sorbit";"Implementation of macroscopic multimodal transport model - a case study in Pilsen|Implementering af makroskopisk multimodal transportmodel - casestudie i Pilsen"
"";"dtu|dtupub|third_party";"";"2023-03-25T01:09:30.234Z";"Poulsen, Asbjørn Lauge Skou|Petersen, Leopold Manuel Godthjælp";"";"2723191133";"";"dtu";"2023";"";"";"";"";"thesis";"dtu|dtu_electronic|dtupub|dtupub_electronic";"";"";"";"";"";"";"";"";"";"";"";"";"";"";"";"";"und";"641e49c93160a83c295b1765";"";"641e49c93160a83c295b1765";"DTU Department of Civil Engineering";"sorbit";"sorbit";"Multiscale Modelling of Bridge Cable Dynamics|Multiskala modellering af brokablers dynamik"
"";"dtu|dtupub|third_party";"";"2023-03-25T01:09:30.352Z";"Marc, Otilia Tatiana";"";"2723191136";"";"dtu";"2023";"";"";"";"";"thesis";"dtu|dtu_electronic|dtupub|dtupub_electronic";"";"";"";"";"";"";"";"";"";"";"";"";"";"";"";"";"und";"641e49ca661c633c2987cae7";"";"641e49ca661c633c2987cae7";"DTU Department of Chemical and Biochemical Engineering";"sorbit";"sorbit";"High throughput, high capacity membranes for bioseparations|Høj gennemstrømning, højkapacitetsmembraner til bioseparationer"
"";"dtu|dtupub|third_party";"";"2023-03-02T01:09:58.742Z";"Charlesson, Arnar Tjörvi|Ingimundarson, Thorvaldur Ingi";"";"2720036384";"";"dtu";"2023";"";"";"";"";"thesis";"dtu|dtu_electronic|dtupub|dtupub_electronic";"";"";"";"";"";"";"";"";"";"";"";"";"";"";"";"";"und";"63fff76680310c3bca63368b";"";"63fff76680310c3bca63368b";"DTU Department of Technology, Management and Economics";"sorbit";"sorbit";"Implementation and analysis of machine learning methods in strategic fund selection|Implementering og analyse af maskinlæringsmetoder i strategisk fondsvalg"
"";"dtu|dtupub|third_party";"";"2024-09-28T00:09:57.838Z";"Durbano, Bruce Philip Louis";"";"2739380305";"";"dtu";"2024";"";"";"";"";"thesis";"dtu|dtu_electronic|dtupub|dtupub_electronic";"";"";"";"";"";"";"";"";"";"";"";"";"";"";"";"";"und";"66f74955fb956743d9f1f458";"";"66f74955fb956743d9f1f458";"DTU Department of Civil and Mechanical Engineering";"sorbit";"sorbit";"Active Control of Rotor-Bearing-Foundation System at High Operational Speeds - Modelling and Experiment|Aktiv kontrol af et rotor-leje-fundament system ved høje driftshastigheder - modellering og eksperiment"
"";"dtu|dtupub|third_party";"";"2024-09-10T09:15:01.444Z";"Hauter, Helena Mia";"";"2738218194";"";"dtu";"2024";"";"";"";"";"thesis";"dtu|dtu_electronic|dtupub|dtupub_electronic";"";"";"";"";"";"";"";"";"";"";"";"";"";"";"";"";"und";"66bd4765c139c5e8f38f6146";"";"66bd4765c139c5e8f38f6146";"DTU Department of Electrical and Photonics Engineering";"sorbit";"sorbit";"Robot Perception and Manipulation in Life Science Laboratories|Robot Perception and Manipulation in Life Science Laboratories"
"";"dtu|dtupub|third_party";"";"2024-08-05T00:32:38.156Z";"Gudmand-Høyer, Sebastian Obwoya";"";"2737992922";"";"dtu";"2024";"";"";"";"";"thesis";"dtu|dtu_electronic|dtupub|dtupub_electronic";"";"";"";"";"";"";"";"";"";"";"";"";"";"";"";"";"und";"66b01842d6a049e8f36f2066";"";"66b01842d6a049e8f36f2066";"DTU Department of Civil and Mechanical Engineering";"sorbit";"sorbit";"CFD simulations of speedway motorcycle|CFD beregninger paa speedway motorcykel"
"";"dtu|dtupub|third_party";"";"2025-01-31T01:09:44.175Z";"Behr, Ewa Magdalena|Fürstenheim, Joaquin Ignacio";"";"2856861413";"";"dtu";"2024";"";"";"";"";"thesis";"dtu|dtu_electronic|dtupub|dtupub_electronic";"";"";"";"";"";"";"";"";"";"";"";"";"";"";"";"";"und";"679c22d859a0b415d22a3d47";"";"679c22d859a0b415d22a3d47";"DTU Department of Technology, Management and Economics";"sorbit";"sorbit";"Detailed Scheduling of production plans|Detailed Scheduling of production plans"
"";"dtu|dtupub|third_party";"";"2023-08-01T00:10:17.834Z";"Provencio, Marta Esteban";"";"2727446798";"";"dtu";"2023";"";"";"";"";"thesis";"dtu|dtu_electronic|dtupub|dtupub_electronic";"";"";"";"";"";"";"";"";"";"";"";"";"";"";"";"";"und";"64c84d691501e71f4f4280a3";"";"64c84d691501e71f4f4280a3";"DTU Department of Civil and Mechanical Engineering";"sorbit";"sorbit";"Solar Energy Buildings with a high degree of self-sufficiency|Solenergibygninger med høj grad af selvforsyning."
"";"dtu|dtupub|third_party";"";"2023-08-16T00:10:50.939Z";"Laursen, Asger Jung";"";"2727703743";"";"dtu";"2023";"";"";"";"";"thesis";"dtu|dtu_electronic|dtupub|dtupub_electronic";"";"";"";"";"";"";"";"";"";"";"";"";"";"";"";"";"und";"64dc14071e53cf2052f97177";"";"64dc14071e53cf2052f97177";"DTU Department of Energy Conversion and Storage";"sorbit";"sorbit";"Solid oxide electrolysis cells operated at intermediate temperatures|Fastoxid elektrolyseceller ved mellemtemperaturer"
"";"dtu|dtupub|third_party";"";"2023-07-30T00:10:52.482Z";"Piekarczyk, Marcin Piotr";"";"2727400813";"";"dtu";"2023";"";"";"";"";"thesis";"dtu|dtu_electronic|dtupub|dtupub_electronic";"";"";"";"";"";"";"";"";"";"";"";"";"";"";"";"";"und";"64c5aa8cfe41241f4ff205a7";"";"64c5aa8cfe41241f4ff205a7";"DTU Department of Physics";"sorbit";"sorbit";"4D printing of soft responsive polymer microstructures|4D print af bløde og responsive polymer mikrostrukturer"
"";"dtu|dtupub|third_party";"";"2023-07-30T00:10:59.766Z";"Mahdi-Waldorff, Anders|Vest, Andreas Sode";"";"2727400889";"";"dtu";"2023";"";"";"";"";"thesis";"dtu|dtu_electronic|dtupub|dtupub_electronic";"";"";"";"";"";"";"";"";"";"";"";"";"";"";"";"";"und";"64c5aa939e2cd21f4fbe8c82";"";"64c5aa939e2cd21f4fbe8c82";"DTU Department of Environmental and Resource Engineering";"sorbit";"sorbit";"Reducing heat strain on health-care workers, mothers and newborns in health facilities in Kenya, Tanzania and South Africa|Varmestress blandt personale, mødre og nyfødte i sundhedsklinikker i Afrika"
"";"dtu|dtupub|third_party";"";"2023-08-31T00:09:25.456Z";"Aust, Benjamin Thomas";"";"2727992324";"";"dtu";"2023";"";"";"";"";"thesis";"dtu|dtu_electronic|dtupub_external";"";"";"";"";"";"";"";"";"";"";"";"";"";"";"";"";"und";"64efda356aafe22052ff5cbe";"";"64efda356aafe22052ff5cbe";"DTU Department of Chemical and Biochemical Engineering";"sorbit";"sorbit";"Milk without cows – are there sustainable alternatives?|Mælk uden køer – er der bæredygtige alternativer?"
"";"dtu|dtupub|third_party";"";"2023-07-24T00:11:24.648Z";"Shen, Weihan";"";"2727253413";"";"dtu";"2023";"";"";"";"";"thesis";"dtu|dtu_electronic|dtupub_external";"";"";"";"";"";"";"";"";"";"";"";"";"";"";"";"";"und";"64bdc1acc8a4753131d9151f";"";"64bdc1acc8a4753131d9151f";"DTU Department of Electrical and Photonics Engineering";"sorbit";"sorbit";"Numerical study of the vibroacoustic behavior of mesh structures including experimental validation|Numerisk undersøgelse af den vibroakustiske opførsel af netstrukturer inkl. eksperimentel validering"
"";"dtu|dtupub|third_party";"";"2023-04-04T00:09:35.137Z";"Rasmussen, Mathias|Ipsen, Andreas";"";"2723401334";"";"dtu";"2023";"";"";"";"";"thesis";"dtu|dtu_electronic|dtupub|dtupub_electronic";"";"";"";"";"";"";"";"";"";"";"";"";"";"";"";"";"und";"642b6abbda9a243d3c5a533e";"";"642b6abbda9a243d3c5a533e";"DTU Department of Technology, Management and Economics";"sorbit";"sorbit";"Feasibility study of Power-to-X integration in future energy systems|Rentabilitetsanalyse af Power-to-X integration i fremtidige energisystemer"
"";"dtu|dtupub|third_party";"";"2023-08-24T00:09:23.745Z";"Chekkouri, Samy|Haddad, Océane Alice";"";"2727853004";"";"dtu";"2023";"";"";"";"";"thesis";"dtu|dtu_electronic|dtupub_external";"";"";"";"";"";"";"";"";"";"";"";"";"";"";"";"";"und";"64e69fb3883fcc2052a96573";"";"64e69fb3883fcc2052a96573";"DTU Department of Technology, Management and Economics";"sorbit";"sorbit";"Optimization of the production schedule of HelloFresh Nordics|Optinering af produktionsplanen for HelloFresh Nordics"
"";"dtu|dtupub|third_party";"";"2023-07-24T00:11:36.884Z";"Lund, Simon Tobias";"";"2727253437";"";"dtu";"2023";"";"";"";"";"thesis";"dtu|dtu_electronic|dtupub|dtupub_electronic";"";"";"";"";"";"";"";"";"";"";"";"";"";"";"";"";"und";"64bdc1b822142231310552dc";"";"64bdc1b822142231310552dc";"DTU Department of Applied Mathematics and Computer Science";"sorbit";"sorbit";"Mechanized Ghost Code and Weakest Precondition Reasoning|Mekaniseret Ghost Code og Weakest Precondition ræsonnering"
"";"dtu|dtupub|third_party";"";"2023-07-24T00:11:47.776Z";"Reus, Andreas Bønnelykke de";"";"2727253453";"";"dtu";"2023";"";"";"";"";"thesis";"dtu|dtu_electronic|dtupub|dtupub_electronic";"";"";"";"";"";"";"";"";"";"";"";"";"";"";"";"";"und";"64bdc1c31dedcd3131443b07";"";"64bdc1c31dedcd3131443b07";"DTU Department of Applied Mathematics and Computer Science";"sorbit";"sorbit";"Embedded Linux sandbox analysis and comparison|Analyse og sammenligning af embedded Linux-sandkasser"
"";"dtu|dtupub|third_party";"";"2023-03-15T01:09:47.117Z";"Gaarde-Hansen, Peter Huse";"";"2720571578";"";"dtu";"2023";"";"";"";"";"thesis";"dtu|dtu_electronic|dtupub|dtupub_electronic";"";"";"";"";"";"";"";"";"";"";"";"";"";"";"";"";"und";"64111ad8af8b123abbafa6cf";"";"64111ad8af8b123abbafa6cf";"DTU Department of Wind and Energy Systems";"sorbit";"sorbit";"Beyond LCOE design of wind farms|Design af vindmølleparker ved brug af beyond LCOE metoder"
"";"dtu|dtupub|third_party";"";"2023-02-22T01:09:32.116Z";"Elnef, Karina Bellerby Sylvester|Wellm, Anna Helene Syneva";"";"2718824885";"";"dtu";"2023";"";"";"";"";"thesis";"dtu|dtu_electronic|dtupub|dtupub_electronic";"";"";"";"";"";"";"";"";"";"";"";"";"";"";"";"";"und";"63f56b4ca0464a91f7846767";"";"63f56b4ca0464a91f7846767";"DTU Department of Environmental and Resource Engineering";"sorbit";"sorbit";"Determination of biodegradation kinetics of Cedarwood Virginia oil|Bestemmelse af bionedbrydningskinetik af Cedertræ essentielle olier i lukkede tests med slam fra rensningsanlæg"
"";"dtu|dtupub|third_party";"";"2023-02-16T01:09:55.708Z";"Nissen, Frederikke Le";"";"2718681380";"";"dtu";"2023";"";"";"";"";"thesis";"dtu|dtu_electronic|dtupub_external";"";"";"";"";"";"";"";"";"";"";"";"";"";"";"";"";"und";"63ed825b8a960191f74f2795";"";"63ed825b8a960191f74f2795";"DTU Department of Environmental and Resource Engineering";"sorbit";"sorbit";"Danish concrete construction within the planetary boundaries|Dansk betonbyggeri inden for planetære grænser"
"";"dtu|dtupub|third_party";"";"2023-02-22T01:10:00.648Z";"Narang, Rishabh";"";"2718825300";"";"dtu";"2023";"";"";"";"";"thesis";"dtu|dtu_electronic|dtupub|dtupub_electronic";"";"";"";"";"";"";"";"";"";"";"";"";"";"";"";"";"und";"63f56b68bde89091f714e360";"";"63f56b68bde89091f714e360";"DTU Department of Applied Mathematics and Computer Science";"sorbit";"sorbit";"Shortest Super Strings|Korteste Superstrenge"
"";"dtu|dtupub|third_party";"";"2023-03-04T06:55:12.019Z";"Jørgensen, Ellen Marie Gaunby|Fogh, Maria Mandrup";"";"2720214320";"";"dtu";"2023";"";"";"";"";"thesis";"dtu|dtu_electronic|dtupub|dtupub_electronic";"";"";"";"";"";"";"";"";"";"";"";"";"";"";"";"";"und";"6402eb453e629d3c45ded316";"";"6402eb453e629d3c45ded316";"DTU Department of Applied Mathematics and Computer Science";"sorbit";"sorbit";"Machine Learning for NLP and Knowledge Graphs|Machine Learning for NLP and Knowledge Graphs"
"";"dtu|dtupub|third_party";"";"2024-09-10T00:10:02.166Z";"Nielsen, Amani Hjortskov Al Qadi";"";"2738973112";"";"dtu";"2024";"";"";"";"";"thesis";"dtu|dtu_electronic|dtupub|dtupub_electronic";"";"";"";"";"";"";"";"";"";"";"";"";"";"";"";"";"und";"66df8e591f5e6f1d78886c00";"";"66df8e591f5e6f1d78886c00";"DTU Department of Civil and Mechanical Engineering";"sorbit";"sorbit";"Optimization of tuned mass damper for resilient structures|Optimization of tuned mass damper for resilient structures"
"";"dtu|dtupub|third_party";"";"2024-07-22T05:15:05.191Z";"Mohammadi, Melika";"";"2737702157";"";"dtu";"2024";"";"";"";"";"thesis";"dtu|dtu_electronic|dtupub_external";"";"";"";"";"";"";"";"";"";"";"";"";"";"";"";"";"und";"669da351607329e8f3effbe9";"";"669da351607329e8f3effbe9";"DTU Department of Civil and Mechanical Engineering";"sorbit";"sorbit";"Corrosion Behavior of Ni alloys in Molten NaOH|Nikkellegeringers korrosionsegenskaber i smeltet salt"
"";"dtu|dtupub|third_party";"";"2024-08-29T00:10:06.710Z";"Stangegaard, Sebastian";"";"2738522459";"";"dtu";"2024";"";"";"";"";"thesis";"dtu|dtu_electronic|dtupub|dtupub_electronic";"";"";"";"";"";"";"";"";"";"";"";"";"";"";"";"";"und";"66cfbc5ecb7ffd0184f9b48d";"";"66cfbc5ecb7ffd0184f9b48d";"DTU Department of Health Technology";"sorbit";"sorbit";"Design, Fabrication and Characterization of a CMUT for a Linear Array Probe|Design, fabrikation og karakterisering af en CMUT til en lineær array probe"
"";"dtu|dtupub|third_party";"";"2024-08-27T00:10:01.211Z";"Andersen, Natasja Bonde";"";"2738459349";"";"dtu";"2024";"";"";"";"";"thesis";"dtu|dtu_electronic|dtupub|dtupub_electronic";"";"";"";"";"";"";"";"";"";"";"";"";"";"";"";"";"und";"66cd19521b67b70184a4356e";"";"66cd19521b67b70184a4356e";"DTU Department of Health Technology";"sorbit";"sorbit";"Brain Coherence Based Profiling of Neurodegenerative Disease|Rumlig Analyse af Hjernebølger til Klassificering af Neurodegenerativ Sygdomme"
"";"dtu|dtupub|third_party";"";"2024-09-10T09:15:01.438Z";"Bagci, Aliihsan";"";"2738217972";"";"dtu";"2024";"";"";"";"";"thesis";"dtu|dtu_electronic|dtupub|dtupub_electronic";"";"";"";"";"";"";"";"";"";"";"";"";"";"";"";"";"und";"66bd4758aae5cae8f335f2f2";"";"66bd4758aae5cae8f335f2f2";"DTU Department of Chemistry";"sorbit";"sorbit";"Integration of Reverse Water Gas Shift and Hydroformylation Processes for 1-Butene Conversion into Aldehydes Utilizing SLP Catalyst Systems|Integration af reverse water gas shift og hydroformylerings processer til omdannelse af 1-buten til aldehyder med SLP katalysator systemer"
"";"dtu|dtupub|third_party";"";"2024-09-10T09:15:02.783Z";"Shindgi, Swapneel|Kritikos, Georgios";"";"2738142742";"";"dtu";"2024";"";"";"";"";"thesis";"dtu|dtu_electronic|dtupub_external";"";"";"";"";"";"";"";"";"";"";"";"";"";"";"";"";"und";"66b952ca725270e8f300a357";"";"66b952ca725270e8f300a357";"DTU Department of Technology, Management and Economics";"sorbit";"sorbit";"Analysis of operating room planning using discrete event simulation with application in Region Zealand|Analyse af operationsrumsplanlægning ved hjælp af diskret begivenheds simulation med implementering i Region Hovedstanden"
"";"dtu|dtupub|third_party";"";"2024-07-22T05:15:05.205Z";"Buch, Valdemar Otto Vium|Brendstrup, Andreas Sølling";"";"2737702165";"";"dtu";"2024";"";"";"";"";"thesis";"dtu|dtu_electronic|dtupub|dtupub_electronic";"";"";"";"";"";"";"";"";"";"";"";"";"";"";"";"";"und";"669da354eb3cb2e8f39c5179";"";"669da354eb3cb2e8f39c5179";"DTU Department of Technology, Management and Economics";"sorbit";"sorbit";"A Combined Framework for Multi-Objective Decision-Making Integrating NIMBUS and ELECTRE-TRI Principles|Framework til multi-objektiv bslutnings støtte gennem integration af Nimbus og Electre-Tri"
"";"dtu|dtupub|third_party";"";"2024-09-10T09:15:02.778Z";"Duchêne, Hugo Manuel Marie";"";"2738078916";"";"dtu";"2024";"";"";"";"";"thesis";"dtu|dtu_electronic|dtupub|dtupub_electronic";"";"";"";"";"";"";"";"";"";"";"";"";"";"";"";"";"und";"66b40cdb28fc1ce8f3f9247e";"";"66b40cdb28fc1ce8f3f9247e";"DTU Department of Energy Conversion and Storage";"sorbit";"sorbit";"Multiphysics modelling of solid oxide fuel cell stacks fuelled with methanol|Multifysisk modellering af faststofoxid-celler forsynet med metanol"
"";"dtu|dtupub|third_party";"";"2024-07-24T16:20:19.553Z";"Ådland, Helene Holmefjord";"";"2737761910";"";"dtu";"2024";"";"";"";"";"thesis";"dtu|dtu_electronic|dtupub|dtupub_electronic";"";"";"";"";"";"";"";"";"";"";"";"";"";"";"";"";"und";"66a04662f71464e8f30454a5";"";"66a04662f71464e8f30454a5";"DTU Department of Energy Conversion and Storage";"sorbit";"sorbit";"Electrochemical and material characterization studies on low-cost Metal-Sulfur batteries|Elektrokemiske studier og materialekarakterisering af lavpris Metal-Svovlbatterier"
"";"dtu|dtupub|third_party";"";"2023-12-20T14:46:15.484Z";"Blom, Ditte Grønborg";"";"2728931047";"";"dtu";"2023";"";"";"";"";"thesis";"dtu|dtu_electronic|dtupub|dtupub_electronic";"";"";"";"";"";"";"";"";"";"";"";"";"";"";"";"";"und";"6520a1aef9893a152640b750";"";"6520a1aef9893a152640b750";"DTU Department of Applied Mathematics and Computer Science";"sorbit";"sorbit";"Scalable and Reliable Inference of Functional Segregation and Integration in Large Neuroimaging Datasets|Skalerbar og palidelig inferens af funktionel segregation og integration i store hjerneskanningsdatasæt."
"";"dtu|dtupub|third_party";"";"2023-10-04T00:09:20.942Z";"Hernández, Santiago Maldonado";"";"2728881745";"";"dtu";"2023";"";"";"";"";"thesis";"dtu|dtu_electronic|dtupub|dtupub_electronic";"";"";"";"";"";"";"";"";"";"";"";"";"";"";"";"";"und";"651cad300aa29303b38fed2c";"";"651cad300aa29303b38fed2c";"DTU Department of Electrical and Photonics Engineering";"sorbit";"sorbit";"Link Budget Estimation for 5G communication in U-SPACE|Estimering af link budget for 5G i U-SPACE"
"";"dtu|dtupub|third_party";"";"2024-02-28T01:24:18.542Z";"Chacko, Aditya Leju";"";"2733712235";"";"dtu";"2024";"";"";"";"";"thesis";"dtu|dtu_electronic|dtupub|dtupub_electronic";"";"";"";"";"";"";"";"";"";"";"";"";"";"";"";"";"und";"65de87ec64cdd40174e49fa8";"";"65de87ec64cdd40174e49fa8";"DTU Department of Biotechnology and Biomedicine";"sorbit";"sorbit";"Measuring and modeling methionine in complex, fungally fermented solid state food systems|Maling og modelering af methionin i komplekse fermenterede fødevaresystemer"
"";"dtu|dtupub|third_party";"";"2024-04-14T00:09:45.143Z";"Fattah, Omar Yehia Abdul";"";"2735550004";"";"dtu";"2024";"";"";"";"";"thesis";"dtu|dtu_electronic|dtupub|dtupub_electronic";"";"";"";"";"";"";"";"";"";"";"";"";"";"";"";"";"und";"661b1ec80208051afd33780c";"";"661b1ec80208051afd33780c";"DTU Department of Energy Conversion and Storage";"sorbit";"sorbit";"New high voltage composite electrodes for solid state batteries|Kompositelektroder til højspændingsfaststofbatterier."
"";"dtu|dtupub|third_party";"";"2024-02-28T01:24:19.685Z";"Salamanca, Alejandro Rodriguez";"";"2733712286";"";"dtu";"2024";"";"";"";"";"thesis";"dtu|dtu_electronic|dtupub|dtupub_electronic";"";"";"";"";"";"";"";"";"";"";"";"";"";"";"";"";"und";"65de87f3f36106017466f261";"";"65de87f3f36106017466f261";"DTU Department of Applied Mathematics and Computer Science";"sorbit";"sorbit";"Memory Efficient Methods for Large Models|Hukommelseseffektive metoder til store modeller"
"";"dtu|dtupub|third_party";"";"2024-02-28T01:24:31.725Z";"Heerfordt, Emilie Josefine";"";"2733713131";"";"dtu";"2024";"";"";"";"";"thesis";"dtu|dtu_electronic|dtupub_external";"";"";"";"";"";"";"";"";"";"";"";"";"";"";"";"";"und";"65de882dd2eb200174008ef5";"";"65de882dd2eb200174008ef5";"DTU DTU National Food Institute";"sorbit";"sorbit";"Effect of different dosing regimes on the efficacy of prophylactic immunotherapy|Indflydelsen af forskellige doseringsregimer pa effektiviteten af forebyggende sublingual immunterapi"
"";"dtu|dtupub|third_party";"";"2024-02-28T01:24:32.151Z";"Ethelberg, Thomas Dyhr|Labovic, Komnen Kole";"";"2733713186";"";"dtu";"2024";"";"";"";"";"thesis";"dtu|dtu_electronic|dtupub|dtupub_electronic";"";"";"";"";"";"";"";"";"";"";"";"";"";"";"";"";"und";"65de882f39c1830174066f8a";"";"65de882f39c1830174066f8a";"DTU Department of Space Research and Space Technology";"sorbit";"sorbit";"Impedance-Based Particles as Highly Directive Antennas and Scatterers|Impedansflade-Baserede Partikler som Høj-Direktive Antenner og Spredere"
"";"dtu|dtupub|third_party";"";"2024-03-20T01:09:34.928Z";"Guha, Shruti";"";"2734504673";"";"dtu";"2024";"";"";"";"";"thesis";"dtu|dtu_electronic|dtupub_external";"";"";"";"";"";"";"";"";"";"";"";"";"";"";"";"";"und";"65fa374d26a7241e2ec71c7c";"";"65fa374d26a7241e2ec71c7c";"DTU Department of Chemical and Biochemical Engineering";"sorbit";"sorbit";"Model and experiments of solvent degradation from large scale CO2 pilots|Model og maling af solvent degradering fra CO2 pilot anlæg"
"";"dtu|dtupub|third_party";"";"2024-03-03T01:30:44.522Z";"Boudellal, Amay";"";"2734025075";"";"dtu";"2024";"";"";"";"";"thesis";"dtu|dtu_electronic|dtupub|dtupub_electronic";"";"";"";"";"";"";"";"";"";"";"";"";"";"";"";"";"und";"65e3cdd162d110149e30f23d";"";"65e3cdd162d110149e30f23d";"DTU Department of Wind and Energy Systems";"sorbit";"sorbit";"Techno-economic comparison of grid reinforcement and battery-buffered electric vehicle fast charging stations|Teknisk-økonomisk sammenligning af netforstærkning og batteribufferede hurtigopladningsstationer for elbiler"
"";"dtu|dtupub|third_party";"";"2023-08-30T00:09:19.235Z";"Lund, Christian Brilner|Toxværd, Magnus";"";"2727978255";"";"dtu";"2023";"";"";"";"";"thesis";"dtu|dtu_electronic|dtupub_external";"";"";"";"";"";"";"";"";"";"";"";"";"";"";"";"";"und";"64ee88afb9e6fc20528060ad";"";"64ee88afb9e6fc20528060ad";"DTU Department of Technology, Management and Economics";"sorbit";"sorbit";"Circular Building Platforms in relation to Genbyg|Cirkulære Bygningsplatforme i Genbyg"
"";"dtu|dtupub|third_party";"";"2023-09-06T00:09:36.189Z";"Scapolo, Beatrice";"";"2728154033";"";"dtu";"2023";"";"";"";"";"thesis";"dtu|dtu_electronic|dtupub|dtupub_electronic";"";"";"";"";"";"";"";"";"";"";"";"";"";"";"";"";"und";"64f7c33f52f6e122d17eaa36";"";"64f7c33f52f6e122d17eaa36";"DTU Department of Health Technology";"sorbit";"sorbit";"Development of in vitro coinhibition assays for genome-wide CRISPR screens in primary human T cells|Udvikling af in vitro coinhibitoriske assays til Genome-wide CRISPR screens i primære humane T celler"
"";"dtu|dtupub|third_party";"";"2023-10-19T00:09:24.367Z";"Frizado, Guilherme Esteves Oliveira";"";"2729171718";"";"dtu";"2023";"";"";"";"";"thesis";"dtu|dtu_electronic|dtupub|dtupub_electronic";"";"";"";"";"";"";"";"";"";"";"";"";"";"";"";"";"und";"653073b42155fa1b7235c97f";"";"653073b42155fa1b7235c97f";"DTU Department of Chemical and Biochemical Engineering";"sorbit";"sorbit";"Industrial Symbiosis Design and Analysis|Industriel symbiose design og analyse"
"";"dtu|dtupub|third_party";"";"2024-09-22T00:09:51.762Z";"Panteli, Ioanna";"";"2739199154";"";"dtu";"2024";"";"";"";"";"thesis";"dtu|dtu_electronic|dtupub|dtupub_electronic";"";"";"";"";"";"";"";"";"";"";"";"";"";"";"";"";"und";"66ef604e535e4b43d994e0d5";"";"66ef604e535e4b43d994e0d5";"DTU Department of Environmental and Resource Engineering";"sorbit";"sorbit";"Bridging the gap between emission inventories and impact assessment models for sparingly soluble metal compounds in freshwater ecosystems|Kompatibilitet mellem emissionsopgørelser og miljøpavirkningsmodeller for tungtopløselige metalforbindelser i ferskvandsøkosystemer"
"";"dtu|dtupub|third_party";"";"2023-07-04T00:11:00.491Z";"Rossau, Martin";"";"2726481522";"";"dtu";"2023";"";"";"";"";"thesis";"dtu|dtu_electronic|dtupub|dtupub_electronic";"";"";"";"";"";"";"";"";"";"";"";"";"";"";"";"";"und";"64a36394fd6f6f9152e5ade1";"";"64a36394fd6f6f9152e5ade1";"DTU Department of Space Research and Space Technology";"sorbit";"sorbit";"Optical Surface Navigation on Planetary Bodies|Optisk Navigation Relativt til Planetoverflader"
"";"dtu|dtupub|third_party";"";"2023-07-04T00:11:06.715Z";"Samojeden, Dario Pourzand";"";"2726481742";"";"dtu";"2023";"";"";"";"";"thesis";"dtu|dtu_electronic|dtupub_external";"";"";"";"";"";"";"";"";"";"";"";"";"";"";"";"";"und";"64a3639acb651c9152846a75";"";"64a3639acb651c9152846a75";"DTU Department of Space Research and Space Technology";"sorbit";"sorbit";"Orbit trajectory and re-entry simulations using GMAT|Simulering af rumkredsløb og re-entry ved hjælp af GMAT"
"";"dtu|dtupub|third_party";"";"2023-04-01T00:09:42.678Z";"Rasmussen, Oliver Søndergaard";"";"2723340208";"";"dtu";"2023";"";"";"";"";"thesis";"dtu|dtu_electronic|dtupub|dtupub_electronic";"";"";"";"";"";"";"";"";"";"";"";"";"";"";"";"";"und";"6427764643b83f3d3c061a17";"";"6427764643b83f3d3c061a17";"DTU Department of Environmental and Resource Engineering";"sorbit";"sorbit";"The use of metal-organic frameworks as moisture buffer material in the Nordic climate|Brugen af metalorganiske rammer som fugtbuffermateriale i det nordiske klima"
"";"dtu|dtupub|third_party";"";"2024-03-02T02:05:31.752Z";"Knudsen, Claribel Lopez";"";"2733987495";"";"dtu";"2024";"";"";"";"";"thesis";"dtu|dtu_electronic|dtupub_external";"";"";"";"";"";"";"";"";"";"";"";"";"";"";"";"";"und";"65e27c506eef37149e21e538";"";"65e27c506eef37149e21e538";"DTU Department of Chemical and Biochemical Engineering";"sorbit";"sorbit";"Experimental investigation of a Chromatography process|Eksperimentelle undersøgelse af en kromatografisk proces"
"";"dtu|dtupub|third_party";"";"2023-09-10T00:09:24.564Z";"Jensen, Julie Kragmose";"";"2728230425";"";"dtu";"2023";"";"";"";"";"thesis";"dtu|dtu_electronic|dtupub|dtupub_electronic";"";"";"";"";"";"";"";"";"";"";"";"";"";"";"";"";"und";"64fd0934e494be23c61ca80f";"";"64fd0934e494be23c61ca80f";"DTU Department of Health Technology";"sorbit";"sorbit";"Quasispecies analysis of human influenza season in Denmark|Kvasispecies-analyse af influenzasæsonen for mennesker i Danmark"
"";"dtu|dtupub|third_party";"";"2024-05-03T00:09:50.002Z";"Puylaert, Paco";"";"2735933103";"";"dtu";"2024";"";"";"";"";"thesis";"dtu|dtu_electronic|dtupub|dtupub_electronic";"";"";"";"";"";"";"";"";"";"";"";"";"";"";"";"";"und";"66342b4dd84d7de846de7aba";"";"66342b4dd84d7de846de7aba";"DTU Department of Technology, Management and Economics";"sorbit";"sorbit";"Entrepreneurial Degrowth: Addressing the Paradox of Sustainable Innovation in a Capitalistic Society|Iværksætteri og Degrowth: Adressering af paradokset om bæredygtig innovation i et kapitalistisk samfund"
"";"dtu|dtupub|third_party";"";"2023-08-14T00:10:46.622Z";"He, Xiao";"";"2727633724";"";"dtu";"2023";"";"";"";"";"thesis";"dtu|dtu_electronic|dtupub|dtupub_electronic";"";"";"";"";"";"";"";"";"";"";"";"";"";"";"";"";"und";"64d971048e3211205230cd15";"";"64d971048e3211205230cd15";"DTU Department of Electrical and Photonics Engineering";"sorbit";"sorbit";"Evaluation of matrix inversion algorithms running on flexible 1 and 2 dimensional systolic arrays|Evaluering af algoritmer til matrix inversion med fleksible 1 og 2 dimensionelle systoliske arrays."
"";"dtu|dtupub|third_party";"";"2023-08-13T00:10:54.184Z";"Bentivoglio, FIlippo";"";"2727629202";"";"dtu";"2023";"";"";"";"";"thesis";"dtu|dtu_electronic|dtupub|dtupub_electronic";"";"";"";"";"";"";"";"";"";"";"";"";"";"";"";"";"und";"64d81f8ece972e205278cfe9";"";"64d81f8ece972e205278cfe9";"DTU Department of Electrical and Photonics Engineering";"sorbit";"sorbit";"Informative path planning for multi-drone system in search and rescue operations|Informativ stiplanlægning for multi-drone-system i eftersøgnings-og redningsoperationer."
"";"dtu|dtupub|third_party";"";"2023-07-10T00:11:01.869Z";"Vishwanath, Divith";"";"2726980856";"";"dtu";"2023";"";"";"";"";"thesis";"dtu|dtu_electronic|dtupub_external";"";"";"";"";"";"";"";"";"";"";"";"";"";"";"";"";"und";"64ab4c95bcdaf391521fa6aa";"";"64ab4c95bcdaf391521fa6aa";"DTU Department of Civil and Mechanical Engineering";"sorbit";"sorbit";"Developing a production strategy for Aillio Europe Aps|Udvikling af produktions strategi for Aillio Europe ApS"
"";"dtu|dtupub|third_party";"";"2023-02-22T01:10:01.184Z";"Omar, Rani Abdul Karim";"";"2718825308";"";"dtu";"2023";"";"";"";"";"thesis";"dtu|dtu_electronic|dtupub_external";"";"";"";"";"";"";"";"";"";"";"";"";"";"";"";"";"und";"63f56b69b25c8591f7fef871";"";"63f56b69b25c8591f7fef871";"DTU Department of Civil and Mechanical Engineering";"sorbit";"sorbit";"Analysis and improvement of robot assembly at Radiometer|Analyse og forbedring af montage robot hos Radiometer"
"";"dtu|dtupub|third_party";"";"2024-04-20T00:09:52.294Z";"Loukas, Dimitrios";"";"2735671790";"";"dtu";"2024";"";"";"";"";"thesis";"dtu|dtu_electronic|dtupub|dtupub_electronic";"";"";"";"";"";"";"";"";"";"";"";"";"";"";"";"";"und";"662307cfb125651afd25993c";"";"662307cfb125651afd25993c";"DTU Department of Health Technology";"sorbit";"sorbit";"Developing a marker-scaled clustering algorithm for improved population identification in single cell cytometry data|Udvikling af et markørskaleret clustering algoritme til forbedret identifikation af cellepopulationer i single cell cytometridata"
"";"dtu|dtupub|third_party";"";"2023-02-16T01:10:00.893Z";"Jakobsen, Simon Christian";"";"2718681484";"";"dtu";"2023";"";"";"";"";"thesis";"dtu|dtu_electronic|dtupub|dtupub_electronic";"";"";"";"";"";"";"";"";"";"";"";"";"";"";"";"";"und";"63ed825eef979a91f7d0d7a5";"";"63ed825eef979a91f7d0d7a5";"DTU Department of Wind and Energy Systems";"sorbit";"sorbit";"Grid forming control design of wind turbines for offshore wind farm islanding operation|Grid forming kontroldesign af vindmøller til Ø-drift af havvindmølleparker"
"";"dtu|dtupub|third_party";"";"2023-08-22T00:11:41.475Z";"Seidenfaden, Marcus";"";"2727821670";"";"dtu";"2023";"";"";"";"";"thesis";"dtu|dtu_electronic|dtupub_external";"";"";"";"";"";"";"";"";"";"";"";"";"";"";"";"";"und";"64e3fd3ca1c6f22052c83ccc";"";"64e3fd3ca1c6f22052c83ccc";"DTU Department of Civil and Mechanical Engineering";"sorbit";"sorbit";"Measurable flexibility of buildings as a consequence of future climate changes with CFD|Malbar fleksibilitet af byggerier som konsekvens af fremtidige klimapavirkninger med CFD"
"";"dtu|dtupub|third_party";"";"2023-03-04T06:55:40.562Z";"Aken, Nienke Simone Afra van";"";"2720216291";"";"dtu";"2023";"";"";"";"";"thesis";"dtu|dtu_electronic|dtupub|dtupub_electronic";"";"";"";"";"";"";"";"";"";"";"";"";"";"";"";"";"und";"6402eb673a9a623c45830a4f";"";"6402eb673a9a623c45830a4f";"DTU Department of Technology, Management and Economics";"sorbit";"sorbit";"Evaluating Entrepreneurship Education: An exploratory case study of student innovations support at Skylab|Evaluering af iværksætteruddannelse: Et eksplorativ casestudie af støtte til studenterinnovation pa Skylab"
"";"dtu|dtupub|third_party";"";"2023-02-23T01:09:44.384Z";"Costa, Beatriz de Sousa e Meneses Tomás da";"";"2718842148";"";"dtu";"2023";"";"";"";"";"thesis";"dtu|dtu_electronic|dtupub_external";"";"";"";"";"";"";"";"";"";"";"";"";"";"";"";"";"und";"63f6bcd84d3fa091f7ac78e5";"";"63f6bcd84d3fa091f7ac78e5";"DTU Department of Health Technology";"sorbit";"sorbit";"Electrophysiological and behavioral measurements of binaural processing in normal- and hearing-impaired listeners|Elektrofysiologiske og adfærdsmæssige malinger af binaural behandling hos normale og hørehæmmede lyttere"
"";"dtu|dtupub|third_party";"";"2024-07-23T15:42:09.593Z";"Pontes, Alberto Benito";"";"2737744446";"";"dtu";"2024";"";"";"";"";"thesis";"dtu|dtu_electronic|dtupub|dtupub_electronic";"";"";"";"";"";"";"";"";"";"";"";"";"";"";"";"";"und";"669ef53e59a953e8f380276b";"";"669ef53e59a953e8f380276b";"DTU Department of Technology, Management and Economics";"sorbit";"sorbit";"Load shedding in Cape Town, South Africa, and the effect over the startup ecosystem|Belastningsudfald i Cape Town, Sydafrika, og effekten pa opstartsøkosystemet"
"";"dtu|dtupub|third_party";"";"2024-07-30T12:38:09.020Z";"Toury-Puel, Attila Géry";"";"2737859096";"";"dtu";"2024";"";"";"";"";"thesis";"dtu|dtu_electronic|dtupub|dtupub_electronic";"";"";"";"";"";"";"";"";"";"";"";"";"";"";"";"";"und";"66a8300d033734e8f3b11a29";"";"66a8300d033734e8f3b11a29";"DTU Department of Applied Mathematics and Computer Science";"sorbit";"sorbit";"Analysis of pupillometry and NIRS-EEG data for detection of consciousness after pharmacological stimulation in patients with acute brain injury|Analyse af pupillometri og NIRS-EEG data for bevidsthedstegn efter farmakologisk stimulering af patienter med akut hjerneskade"
"";"dtu|dtupub|third_party";"";"2024-03-20T01:09:52.470Z";"Schulz, Julie Møller";"";"2734506093";"";"dtu";"2024";"";"";"";"";"thesis";"dtu|dtu_electronic|dtupub|dtupub_electronic";"";"";"";"";"";"";"";"";"";"";"";"";"";"";"";"";"und";"65fa3760d9d86a1e2e794a8a";"";"65fa3760d9d86a1e2e794a8a";"DTU Department of Civil and Mechanical Engineering";"sorbit";"sorbit";"Numerical modeling of the serviceability limit state in a reinforced concrete wall|Numerisk modellering af anvendelsestilstanden for en armeret beton væg"
"";"dtu|dtupub|third_party";"";"2023-03-07T01:09:33.700Z";"Dollas, Asger";"";"2720317280";"";"dtu";"2023";"";"";"";"";"thesis";"dtu|dtu_electronic|dtupub|dtupub_electronic";"";"";"";"";"";"";"";"";"";"";"";"";"";"";"";"";"und";"64068ecd089b9f3c96437dc1";"";"64068ecd089b9f3c96437dc1";"DTU Department of Civil and Mechanical Engineering";"sorbit";"sorbit";"Investigating user acceptance of an LCA-workflow in an engineering consultancy|Undersøgelse af brugernes accept af en LCA-arbejdsgang i en radgivende ingeniørvirksomhed."
"";"dtu|dtupub|third_party";"";"2023-09-06T00:09:27.969Z";"Patheier, Josephine Marie Levin";"";"2728153983";"";"dtu";"2023";"";"";"";"";"thesis";"dtu|dtu_electronic|dtupub_external";"";"";"";"";"";"";"";"";"";"";"";"";"";"";"";"";"und";"64f7c337e6d6b222d17a025f";"";"64f7c337e6d6b222d17a025f";"DTU Department of Chemical and Biochemical Engineering";"sorbit";"sorbit";"Effect of antifoam on CHO cell culture aeration|Virkning af antiskum pa CHO-cellekulturluftning"
"";"dtu|dtupub|third_party";"";"2023-03-16T01:09:35.980Z";"Fuertes, Victor Soler";"";"2720821150";"";"dtu";"2023";"";"";"";"";"thesis";"dtu|dtu_electronic|dtupub_external";"";"";"";"";"";"";"";"";"";"";"";"";"";"";"";"";"und";"64126c4f2e936b3abb0a4f96";"";"64126c4f2e936b3abb0a4f96";"DTU Department of Technology, Management and Economics";"sorbit";"sorbit";"From startup to scale-up – A study of different expansion approaches|From startup to scale-up – A study of different expansion approaches"
"";"dtu|dtupub|third_party";"";"2024-08-22T00:12:04.037Z";"Sayadzade, Sofiya";"";"2738355872";"";"dtu";"2024";"";"";"";"";"thesis";"dtu|dtu_electronic|dtupub_external";"";"";"";"";"";"";"";"";"";"";"";"";"";"";"";"";"und";"66c681dca790e5204cb8ebc3";"";"66c681dca790e5204cb8ebc3";"DTU Department of Technology, Management and Economics";"sorbit";"sorbit";"Strategic Incorporation of Technological Innovations for Organizational Advancement: Investigating the Impact of Generative AI on Employee Productivity and Creativity|Strategisk Inkorporering af Teknologiske Innovationer til Organisatorisk Fremgang: Undersøgelse af Indvirkningen af Generativ AI pa Medarbejdernes Produktivitet og Kreativitet"
"";"dtu|dtupub|third_party";"";"2024-09-02T00:09:46.407Z";"Hjartarson, Magnús Rúnar";"";"2738595148";"";"dtu";"2024";"";"";"";"";"thesis";"dtu|dtu_electronic|dtupub|dtupub_electronic";"";"";"";"";"";"";"";"";"";"";"";"";"";"";"";"";"und";"66d5024aba6b88bcc4e60996";"";"66d5024aba6b88bcc4e60996";"DTU Department of Health Technology";"sorbit";"sorbit";"Analysis of eye movements in response to distracting sounds|Analyse af øjenbevægelser under distraherende lyde"
"";"dtu|dtupub|third_party";"";"2025-01-31T01:09:43.466Z";"Stefánsson, Ófeigur Óskar";"";"2856861408";"";"dtu";"2024";"";"";"";"";"thesis";"dtu|dtu_electronic|dtupub_external";"";"";"";"";"";"";"";"";"";"";"";"";"";"";"";"";"und";"679c22d6048c6a15d205390e";"";"679c22d6048c6a15d205390e";"DTU Department of Chemical and Biochemical Engineering";"sorbit";"sorbit";"Improving methanol production from CO2 through wastewater recycling|Optimal genanvendelse af vand i forbindelse med methanol produktion fra CO2"
"";"dtu|dtupub|third_party";"";"2023-04-22T00:09:28.933Z";"Eythorsson, Bjarki";"";"2723708960";"";"dtu";"2023";"";"";"";"";"thesis";"dtu|dtu_electronic|dtupub_external";"";"";"";"";"";"";"";"";"";"";"";"";"";"";"";"";"und";"644325b77e439b11c2af72b6";"";"644325b77e439b11c2af72b6";"DTU Department of Electrical and Photonics Engineering";"sorbit";"sorbit";"Optimal multi-modal sensor platform configuration for indoor navigation in hospital environments|Optimal multimodal sensorplatformkonfiguration til indendørs navigation i hospitalsmiljøer"
"";"dtu|dtupub|third_party";"";"2025-10-16T00:34:38.806Z";"Bartczak-Galka, Dymitr";"";"2874581824";"";"dtu";"2023";"";"";"";"";"thesis";"dtu|dtu_electronic|dtupub|dtupub_electronic";"";"";"";"";"";"";"";"";"";"";"";"";"";"";"";"";"und";"68f03809f723ee15e1691b63";"";"68f03809f723ee15e1691b63";"DTU Department of Wind and Energy Systems";"sorbit";"sorbit";"Dynamic stability analysis of a hydrofoil setup for motor boats|Dynamisk stabilitetsanalyse af et hydrofoil setup til motorbade"
"";"dtu|dtupub|third_party";"";"2023-08-22T00:11:43.483Z";"Saiz, Ernesto Del Palacio|Izová, Petra";"";"2727821773";"";"dtu";"2023";"";"";"";"";"thesis";"dtu|dtu_electronic|dtupub_external";"";"";"";"";"";"";"";"";"";"";"";"";"";"";"";"";"und";"64e3fd3fff2b222052668623";"";"64e3fd3fff2b222052668623";"DTU Department of Technology, Management and Economics";"sorbit";"sorbit";"How to create an investment-ready cyber security SaaS B2B company|Hvordan skabe en investeringsklar cybersikkerhed SaaS B2B-virksomhed"
"";"dtu|dtupub|third_party";"";"2023-08-02T00:11:05.429Z";"Bonnesen, Tobias|Yousaf, Faizan";"";"2727471597";"";"dtu";"2023";"";"";"";"";"thesis";"dtu|dtu_electronic|dtupub|dtupub_electronic";"";"";"";"";"";"";"";"";"";"";"";"";"";"";"";"";"und";"64c99f19a2b61f1f4f817aca";"";"64c99f19a2b61f1f4f817aca";"DTU Department of Applied Mathematics and Computer Science";"sorbit";"sorbit";"Programming Language Techniques for the Generation of Safe By-design distributed systems from declarative choreographies|Programmeringssprogsteknikker til generering af sikre by-design distribuerede systemer fra deklarative koreografier"
"";"dtu|dtupub|third_party";"";"2023-09-20T00:09:38.262Z";"Chen, Maonan";"";"2728423490";"";"dtu";"2023";"";"";"";"";"thesis";"dtu|dtu_electronic|dtupub|dtupub_electronic";"";"";"";"";"";"";"";"";"";"";"";"";"";"";"";"";"und";"650a3842681548566bc4fdfb";"";"650a3842681548566bc4fdfb";"DTU Department of Environmental and Resource Engineering";"sorbit";"sorbit";"Optimization of pretreatment process for the removal of per-and polyfluoroalkyl substances (PFAS) in leachate|Optimering af forbehandlingsprocesser for fjernelse af per- og polyfluor alkylerede forbindelser (PFAS) i perkolat"
"";"dtu|dtupub|third_party";"";"2024-09-19T00:10:01.813Z";"Duffo, Enrique Corbat";"";"2739154700";"";"dtu";"2024";"";"";"";"";"thesis";"dtu|dtu_electronic|dtupub|dtupub_electronic";"";"";"";"";"";"";"";"";"";"";"";"";"";"";"";"";"und";"66eb6bd85c0b6227f0d2326e";"";"66eb6bd85c0b6227f0d2326e";"DTU Department of Physics";"sorbit";"sorbit";"Fabrication of hydrogel microneedles for buccal macromolecule delivery|Fremstilling af hydrogel-baserede mikronale til buccal frigivelse af makromolekyler"
"";"dtu|dtupub|third_party";"";"2025-01-03T01:12:16.319Z";"Tziaros, Nikolaos";"";"2854420876";"";"dtu";"2024";"";"";"";"";"thesis";"dtu|dtu_electronic|dtupub_external";"";"";"";"";"";"";"";"";"";"";"";"";"";"";"";"";"und";"677738d793b60fa804e779b1";"";"677738d793b60fa804e779b1";"DTU Department of Electrical and Photonics Engineering";"sorbit";"sorbit";"Motion Planning strategy for multi-agent tethered UAS for exploration of large and confined assets|Motion Planning strategy for multi-agent tethered UAS for exploration of large and confined assets"
"";"dtu|dtupub|third_party";"";"2023-07-23T00:10:26.390Z";"Vlamynck, Anneline Freimann|Bisbo, Ida";"";"2727248177";"";"dtu";"2023";"";"";"";"";"thesis";"dtu|dtu_electronic|dtupub|dtupub_electronic";"";"";"";"";"";"";"";"";"";"";"";"";"";"";"";"";"und";"64bc6ff20a9acc3131c75466";"";"64bc6ff20a9acc3131c75466";"DTU Department of Biotechnology and Biomedicine";"sorbit";"sorbit";"Discovery of broadly neutralising antibodies against snake toxins using designed antigens|Opdagelse af bredspektrede neutraliserende antistoffer imod slangetoksiner vha. designet antigener"
"";"dtu|dtupub|third_party";"";"2023-03-07T01:09:34.101Z";"Shantharam, Monesh";"";"2720317284";"";"dtu";"2023";"";"";"";"";"thesis";"dtu|dtu_electronic|dtupub|dtupub_electronic";"";"";"";"";"";"";"";"";"";"";"";"";"";"";"";"";"und";"64068ecefb7b163c9668188b";"";"64068ecefb7b163c9668188b";"DTU Department of Wind and Energy Systems";"sorbit";"sorbit";"Cost-benefit assessment for increased renewable energy integration in the Bornholm Island|Cost-benefit vurdering for øget integration af vedvarende energi pa Bornholm"
"";"dtu|dtupub|third_party";"";"2024-04-01T00:09:52.952Z";"Glargaard, Sigrid";"";"2735269652";"";"dtu";"2024";"";"";"";"";"thesis";"dtu|dtu_electronic|dtupub|dtupub_electronic";"";"";"";"";"";"";"";"";"";"";"";"";"";"";"";"";"und";"6609fb509b2f201e2e274b30";"";"6609fb509b2f201e2e274b30";"DTU Department of Environmental and Resource Engineering";"sorbit";"sorbit";"Understanding the oxidation and sulphur release from sulphide-bearing aggregates in cementitious materials|Undersøgelse af oxidering og svovl opløsning fra sulfit-holdige tilslag i cementbundne materiale"
"";"dtu|dtupub|third_party";"";"2024-03-13T01:51:48.692Z";"Aller, Christopher D'Mello";"";"2734350190";"";"dtu";"2024";"";"";"";"";"thesis";"dtu|dtu_electronic|dtupub_external";"";"";"";"";"";"";"";"";"";"";"";"";"";"";"";"";"und";"65f0fcd549c2a1163786a2d4";"";"65f0fcd549c2a1163786a2d4";"DTU Department of Civil and Mechanical Engineering";"sorbit";"sorbit";"Study of friction during activation of inner liner seal and its implications on oil & gas sealing performance|Undersøgelse af friktion under aktivering af inner liner tætning og dens implikationer pa olie- og gasforsegling"
"";"dtu|dtupub|third_party";"";"2024-02-28T01:24:29.181Z";"Saraceno, Federica";"";"2733712793";"";"dtu";"2024";"";"";"";"";"thesis";"dtu|dtu_electronic|dtupub|dtupub_electronic";"";"";"";"";"";"";"";"";"";"";"";"";"";"";"";"";"und";"65de8821168f78017406770a";"";"65de8821168f78017406770a";"DTU Department of Biotechnology and Biomedicine";"sorbit";"sorbit";"Production and biophysical characterisation of TDP-43|Produktion og biofysisk karakterisering af TDP-43"
"";"dtu|dtupub|third_party";"";"2024-02-28T01:24:27.098Z";"Hansen, Stephanie Bjarta";"";"2733712697";"";"dtu";"2024";"";"";"";"";"thesis";"dtu|dtu_electronic|dtupub|dtupub_electronic";"";"";"";"";"";"";"";"";"";"";"";"";"";"";"";"";"und";"65de881b24cc41017449d1e1";"";"65de881b24cc41017449d1e1";"DTU Department of Environmental and Resource Engineering";"sorbit";"sorbit";"Socioeconomic Consequences of Indoor Climate Renovations in Office Buildings|Socio-økonomiske konsekvenser af indeklimarenovering i kontorbygninger"
"";"dtu|dtupub|third_party";"";"2024-02-28T01:24:19.891Z";"Petkova, Tina Plamenova";"";"2733712315";"";"dtu";"2024";"";"";"";"";"thesis";"dtu|dtu_electronic|dtupub|dtupub_electronic";"";"";"";"";"";"";"";"";"";"";"";"";"";"";"";"";"und";"65de87f717dd78017404e174";"";"65de87f717dd78017404e174";"DTU Department of Civil and Mechanical Engineering";"sorbit";"sorbit";"Collecting physiological biometrics while using mobile game application for assessment of children’s anxiety awaiting hospital treatmentda|Collecting physiological biometrics while using mobile game application for assessment of children’s anxiety awaiting hospital treatment"
"";"dtu|dtupub|third_party";"";"2024-02-20T06:04:31.264Z";"Iorgu, Paul|Dodi, Philip";"";"2733338857";"";"dtu";"2024";"";"";"";"";"thesis";"dtu|dtu_electronic|dtupub|dtupub_electronic";"";"";"";"";"";"";"";"";"";"";"";"";"";"";"";"";"und";"65d3fbcec5bd7d3390d2303a";"";"65d3fbcec5bd7d3390d2303a";"DTU Department of Electrical and Photonics Engineering";"sorbit";"sorbit";"Developing an Automated Buffer Mixing System that Complies With Current Good Manufacturing Practices (CGMP)|Udvikling af en automatisk buffer mixer der opfylder current good manufacturing practices (CGMP)"
"";"dtu|dtupub|third_party";"";"2024-07-19T02:38:59.091Z";"Minadakis, Giorgios|Nikolajsen, Erik Ravn";"";"2737665714";"";"dtu";"2024";"";"";"";"";"thesis";"dtu|dtu_electronic|dtupub|dtupub_electronic";"";"";"";"";"";"";"";"";"";"";"";"";"";"";"";"";"und";"6699aecced9908e8f32f7777";"";"6699aecced9908e8f32f7777";"DTU Department of Applied Mathematics and Computer Science";"sorbit";"sorbit";"A Framework for Behavioral Process Mining|Et Framework til Behavioral Process Mining"
"";"dtu|dtupub|third_party";"";"2024-02-01T01:09:48.315Z";"Dong, Tianchi";"";"2731326855";"";"dtu";"2024";"";"";"";"";"thesis";"dtu|dtu_electronic|dtupub|dtupub_electronic";"";"";"";"";"";"";"";"";"";"";"";"";"";"";"";"";"und";"65baef5c4015823e8229f47e";"";"65baef5c4015823e8229f47e";"DTU Department of Electrical and Photonics Engineering";"sorbit";"sorbit";"Exposure Invariant Deep Neural Networks for Hyperspectral Super-resolution from RGB images|Eksponeringsinvariante dybe neurale netværk til hyperspektral superopløsning fra RGB-billeder"
"";"dtu|dtupub|third_party";"";"2024-03-20T01:09:45.431Z";"Thøgersen, Thomas";"";"2734505412";"";"dtu";"2024";"";"";"";"";"thesis";"dtu|dtu_electronic|dtupub|dtupub_electronic";"";"";"";"";"";"";"";"";"";"";"";"";"";"";"";"";"und";"65fa3759c9dbe81e2e5a67af";"";"65fa3759c9dbe81e2e5a67af";"DTU Department of Civil and Mechanical Engineering";"sorbit";"sorbit";"Detailed analyses of hydrodynamics over and around artificial reef for coastal protection|Detaljerede analyser af hydrodynamik over og omkring kunstigt rev til kystbeskyttelse"
"";"dtu|dtupub|third_party";"";"2024-08-29T00:10:23.348Z";"Hernandez, Antonio-Javier Casado";"";"2738522545";"";"dtu";"2024";"";"";"";"";"thesis";"dtu|dtu_electronic|dtupub|dtupub_electronic";"";"";"";"";"";"";"";"";"";"";"";"";"";"";"";"";"und";"66cfbc6fb6a6cf0184526ed0";"";"66cfbc6fb6a6cf0184526ed0";"DTU Department of Technology, Management and Economics";"sorbit";"sorbit";"Analyzing Station-Based Bike-Sharing Systems through a Data-Driven Rebalancing Strategy|Analyzing Station-Based Bike-Sharing Systems through a Data-Driven Rebalancing Strategy"
"";"dtu|dtupub|third_party";"";"2024-08-05T00:32:52.935Z";"Crescente, Isabella";"";"2737992952";"";"dtu";"2024";"";"";"";"";"thesis";"dtu|dtu_electronic|dtupub|dtupub_electronic";"";"";"";"";"";"";"";"";"";"";"";"";"";"";"";"";"und";"66b01844f3b123e8f3cd71ba";"";"66b01844f3b123e8f3cd71ba";"DTU Department of Electrical and Photonics Engineering";"sorbit";"sorbit";"Fault-Tolerant Adaptive Sliding Mode Control for Wind Turbine Hydraulic Pitch System|Fejltolerant adaptiv sliding mode kontrol til hydrauliske pitchsystemer i vindmøller"
"";"dtu|dtupub|third_party";"";"2024-07-23T15:42:09.539Z";"Schneider, Catarina";"";"2737744424";"";"dtu";"2024";"";"";"";"";"thesis";"dtu|dtu_electronic|dtupub|dtupub_electronic";"";"";"";"";"";"";"";"";"";"";"";"";"";"";"";"";"und";"669ef523f70bd6e8f3645ebb";"";"669ef523f70bd6e8f3645ebb";"DTU Department of Space Research and Space Technology";"sorbit";"sorbit";"Development of an image-based sky classification algorithm for improved GNSS positioning in urban environments|Udvikling af en billedbaseret himmel klassificeringsalgoritme til forbedret GNSS-positionering i bymiljøer"
"";"dtu|dtupub|third_party";"";"2024-09-10T09:15:02.783Z";"Pereyra, Natalia Sol";"";"2738184703";"";"dtu";"2024";"";"";"";"";"thesis";"dtu|dtu_electronic|dtupub_external";"";"";"";"";"";"";"";"";"";"";"";"";"";"";"";"";"und";"66baa4506f8128e8f3898ec8";"";"66baa4506f8128e8f3898ec8";"DTU Department of Technology, Management and Economics";"sorbit";"sorbit";"Machine Learning methods for predicting energy consumption in a pharmaceutical facility|Machine Learning-metoder til forudsigelse af energiforbruget i et farmaceutisk anlæg"
"";"dtu|dtupub|third_party";"";"2024-07-29T06:07:23.771Z";"Hansen, Victor Frederik Egeborg|Dammann, Jonas Weiler";"";"2737855565";"";"dtu";"2024";"";"";"";"";"thesis";"dtu|dtu_electronic|dtupub|dtupub_electronic";"";"";"";"";"";"";"";"";"";"";"";"";"";"";"";"";"und";"66a6dde83542dee8f336b509";"";"66a6dde83542dee8f336b509";"DTU Department of Applied Mathematics and Computer Science";"sorbit";"sorbit";"Design of a shock-capturing nodal discontinuous Galerkin finite element (DG-FEM) solver for the shallow water equations (SWE) in two spatial dimensions|Design af en nodal diskontinuerlig Galerkin endelig element (DG-FEM) løser for lavt vands vandligninger (SWE) i to rumlige dimensioner der kan handtere shocks."
"";"dtu|dtupub|third_party";"";"2024-07-10T00:10:07.664Z";"Flores, Sergio Armando Ortega";"";"2737511666";"";"dtu";"2024";"";"";"";"";"thesis";"dtu|dtu_electronic|dtupub|dtupub_electronic";"";"";"";"";"";"";"";"";"";"";"";"";"";"";"";"";"und";"668dd15f7422d1dc48b8981c";"";"668dd15f7422d1dc48b8981c";"DTU Department of Civil and Mechanical Engineering";"sorbit";"sorbit";"Investigation of a PVT system in regard to LCA and LCoH|Undersøgelse af et PVT anlæg udfra LCA og LCoH betragtninger"
"";"dtu|dtupub|third_party";"";"2024-11-11T01:41:45.537Z";"Nielsen, Rikke Marie";"";"2740303116";"";"dtu";"2024";"";"";"";"";"thesis";"dtu|dtu_electronic|dtupub|dtupub_electronic";"";"";"";"";"";"";"";"";"";"";"";"";"";"";"";"";"und";"67315959bbdebcb68625eeb0";"";"67315959bbdebcb68625eeb0";"DTU Department of Physics";"sorbit";"sorbit";"Fabrication and characterization of plasmonic metasurfaces|Fabrikation og karakterisering af plasmoniske metaoverflader"
"";"dtu|dtupub|third_party";"";"2024-09-14T00:21:30.194Z";"Xiao, Yao";"";"2739049223";"";"dtu";"2024";"";"";"";"";"thesis";"dtu|dtu_electronic|dtupub|dtupub_electronic";"";"";"";"";"";"";"";"";"";"";"";"";"";"";"";"";"und";"66e4d44a646ec727f069752f";"";"66e4d44a646ec727f069752f";"DTU Department of Applied Mathematics and Computer Science";"sorbit";"sorbit";"A Distributed Architecture for Process Mining: User Management and Security|A Distributed Architecture for Process Mining: User Management and Security"
"";"dtu|dtupub|third_party";"";"2024-09-10T09:15:02.380Z";"Frank, Christina Qwist|Dahl, Mathilde";"";"2738325186";"";"dtu";"2024";"";"";"";"";"thesis";"dtu|dtu_electronic|dtupub|dtupub_electronic";"";"";"";"";"";"";"";"";"";"";"";"";"";"";"";"";"und";"66c3dee17617db204c150d0c";"";"66c3dee17617db204c150d0c";"DTU Department of Environmental and Resource Engineering";"sorbit";"sorbit";"Developing measurement criteria for Absolute Environmental Sustainability Assessment in the construction industry|Udvikling af malekriterier for absolut miljømæssig bæredygtighed i byggeindustrien"
"";"dtu|dtupub|third_party";"";"2023-07-24T00:12:48.796Z";"Pannier, Nicolas Pierre Thomas";"";"2727253585";"";"dtu";"2023";"";"";"";"";"thesis";"dtu|dtu_electronic|dtupub|dtupub_electronic";"";"";"";"";"";"";"";"";"";"";"";"";"";"";"";"";"und";"64bdc200be95e23131f61830";"";"64bdc200be95e23131f61830";"DTU Department of Environmental and Resource Engineering";"sorbit";"sorbit";"Balancing Human Development and Earth System Resilience: A Case Study on Marine Eutrophication|Balancering af menneskelig udvikling og Jordens systemresiliens: et casestudie omkring marin eutrofiering"
"";"dtu|dtupub|third_party";"";"2024-03-28T01:12:35.573Z";"Bjørnstad, Agnes Sigrid";"";"2735190470";"";"dtu";"2024";"";"";"";"";"thesis";"dtu|dtu_electronic|dtupub|dtupub_electronic";"";"";"";"";"";"";"";"";"";"";"";"";"";"";"";"";"und";"6604c35bf7bd4c1e2eab645b";"";"6604c35bf7bd4c1e2eab645b";"DTU DTU National Food Institute";"sorbit";"sorbit";"Ability of Campylobacter to persist in a viable but nonculturable state (VBNC)|Campylobacters evne til at persistere i en levedygtig, men ikke dyrkningsbar fase (VBNC)"
"";"dtu|dtupub|third_party";"";"2023-02-01T01:09:33.852Z";"Karaman, Omar Yassin|Muric, Sanela Ljuca";"";"2718416155";"";"dtu";"2023";"";"";"";"";"thesis";"dtu|dtu_electronic|dtupub_external";"";"";"";"";"";"";"";"";"";"";"";"";"";"";"";"";"und";"63d9bbcdb651d81e0482d078";"";"63d9bbcdb651d81e0482d078";"DTU Department of Civil and Mechanical Engineering";"sorbit";"sorbit";"Design of a dual Fuel Booster Injection Valve|Design af indsprøjtningsventil for multiple brændsler"
"";"dtu|dtupub|third_party";"";"2023-03-18T02:25:17.701Z";"Stocker, Milo Carlo P";"";"2721204059";"";"dtu";"2023";"";"";"";"";"thesis";"dtu|dtu_electronic|dtupub|dtupub_electronic";"";"";"";"";"";"";"";"";"";"";"";"";"";"";"";"";"und";"64150f534061ae3abb52b757";"";"64150f534061ae3abb52b757";"DTU Department of Environmental and Resource Engineering";"sorbit";"sorbit";"Organic contamination in the drinking water in Greenland|Organisk forurening af drikkevand i Grønland"
"";"dtu|dtupub|third_party";"";"2023-05-17T00:10:01.907Z";"Brigsted, Jonas Sterup";"";"2724354034";"";"dtu";"2023";"";"";"";"";"thesis";"dtu|dtu_electronic|dtupub_external";"";"";"";"";"";"";"";"";"";"";"";"";"";"";"";"";"und";"64641b58846b122aa5d89572";"";"64641b58846b122aa5d89572";"DTU Department of Chemical and Biochemical Engineering";"sorbit";"sorbit";"Building cell-like structures by polyelectrolyte modification of polymer membranes: Improved enzyme immobilization and fouling performance|Opbygning af cellelignende strukturer ved polyelektrolytmodifikation af polymermembraner: Forbedret enzymimmobilisering og fouling egenskaber"
"";"dtu|dtupub|third_party";"";"2023-08-28T00:09:18.968Z";"Kraskó, László Bence";"";"2727909681";"";"dtu";"2023";"";"";"";"";"thesis";"dtu|dtu_electronic|dtupub|dtupub_electronic";"";"";"";"";"";"";"";"";"";"";"";"";"";"";"";"";"und";"64ebe5ae5b9aa420522e9943";"";"64ebe5ae5b9aa420522e9943";"DTU Department of Biotechnology and Biomedicine";"sorbit";"sorbit";"Nanopore sequencing of phylogenetic and functional amplicons|Nanopore sekventering af fylogenetiske og funktionelle amplikoner"
"";"dtu|dtupub|third_party";"";"2023-07-24T00:11:00.793Z";"Pousset, Pierre Clément";"";"2727253377";"";"dtu";"2023";"";"";"";"";"thesis";"dtu|dtu_electronic|dtupub|dtupub_electronic";"";"";"";"";"";"";"";"";"";"";"";"";"";"";"";"";"und";"64bdc194db7b6031312345c1";"";"64bdc194db7b6031312345c1";"DTU Department of Environmental and Resource Engineering";"sorbit";"sorbit";"Evaluation of carbon monoxide exchange in a rural landscape as proxy for the distinction between fossil and natural carbon dioxide emissions|Evaluering af kulmonoxid udveksling i et Dansk landeomrade som proxy for at skelne mellem naturlige og fossile kuldioxidkilder."
"";"dtu|dtupub|third_party";"";"2023-07-24T00:10:56.797Z";"Delair, Jean Vincent Joseph|Redon, Baptiste Victorin";"";"2727253369";"";"dtu";"2023";"";"";"";"";"thesis";"dtu|dtu_electronic|dtupub|dtupub_electronic";"";"";"";"";"";"";"";"";"";"";"";"";"";"";"";"";"und";"64bdc190e12b0931313de62e";"";"64bdc190e12b0931313de62e";"DTU Department of Technology, Management and Economics";"sorbit";"sorbit";"Timetabling to improve bus transfers under uncertain travel times|Køreplanlægning til bedre bus transfer med usikkerhed i køretid"
"";"dtu|dtupub|third_party";"";"2023-08-20T00:10:59.441Z";"Kappelmeyer, Maurice";"";"2727784008";"";"dtu";"2023";"";"";"";"";"thesis";"dtu|dtu_electronic|dtupub|dtupub_electronic";"";"";"";"";"";"";"";"";"";"";"";"";"";"";"";"";"und";"64e15a13715b0120525083df";"";"64e15a13715b0120525083df";"DTU Department of Health Technology";"sorbit";"sorbit";"Development and application of a high-performance implementation of the NNAlign_MA algorithm for motif identification of receptor-ligand data sets|Udvikling og anvendelse af en high-performance implementering af NNAlign_MA algoritmen til motive-identification i receptor-ligand datasæt"
"";"dtu|dtupub|third_party";"";"2023-03-15T01:09:44.917Z";"Wesselkamp, Klara Maria Ute";"";"2720571555";"";"dtu";"2023";"";"";"";"";"thesis";"dtu|dtu_electronic|dtupub_external";"";"";"";"";"";"";"";"";"";"";"";"";"";"";"";"";"und";"64111ad76db2563abbc2013d";"";"64111ad76db2563abbc2013d";"DTU Department of Applied Mathematics and Computer Science";"sorbit";"sorbit";"Compliance rule detection from unstructured documents|Detektering af kompliance regler fra ustrukturede dokumenter"
"";"dtu|dtupub|third_party";"";"2023-04-17T06:47:35.986Z";"Niag, Susanna Abou Al";"";"2723582270";"";"dtu";"2023";"";"";"";"";"thesis";"dtu|dtu_electronic|dtupub_external";"";"";"";"";"";"";"";"";"";"";"";"";"";"";"";"";"und";"6439eb3db37a083fde67e6e9";"";"6439eb3db37a083fde67e6e9";"DTU Department of Biotechnology and Biomedicine";"sorbit";"sorbit";"Integration of colorimetric sensors on paper based bacteria culturing system|Integration af kolorimetriske sensorer pa papir baserede kultiveringssystemer for bakterier"
"";"dtu|dtupub|third_party";"";"2023-03-22T01:09:41.319Z";"Svendsen, Joachim Emanuel";"";"2722957800";"";"dtu";"2023";"";"";"";"";"thesis";"dtu|dtu_electronic|dtupub_external";"";"";"";"";"";"";"";"";"";"";"";"";"";"";"";"";"und";"641a55550d61be3c29f5abf2";"";"641a55550d61be3c29f5abf2";"DTU Department of Applied Mathematics and Computer Science";"sorbit";"sorbit";"Learning to defect images using generative models and synthetic data|At lære at defekte billeder ved hjælp af generative modeller og syntetiske data"
"";"dtu|dtupub|third_party";"";"2023-02-22T01:09:57.626Z";"Kindler, Rasmus Bredahl|Hansen, Lotte Mark Fly|Brøndmark, Jonas Lundholm";"";"2718825255";"";"dtu";"2023";"";"";"";"";"thesis";"dtu|dtu_electronic|dtupub|dtupub_electronic";"";"";"";"";"";"";"";"";"";"";"";"";"";"";"";"";"und";"63f56b6594ebad91f72e7a03";"";"63f56b6594ebad91f72e7a03";"DTU Department of Environmental and Resource Engineering";"sorbit";"sorbit";"Investigation of asphalt pavements loaded by heavy off-road vehicles|Undersøgelse af asfaltbelægning belastet af tunge terrængaende køretøjer"
"";"dtu|dtupub|third_party";"";"2023-03-12T01:09:41.519Z";"Saad, Tahir";"";"2720474362";"";"dtu";"2023";"";"";"";"";"thesis";"dtu|dtu_electronic|dtupub|dtupub_electronic";"";"";"";"";"";"";"";"";"";"";"";"";"";"";"";"";"und";"640d26553702d93a3fd067db";"";"640d26553702d93a3fd067db";"DTU Department of Civil and Mechanical Engineering";"sorbit";"sorbit";"Algorithm development for seamless shift between steady-state and self-similar analysis of deformation-history problems|Algoritme udvikling til et glidende skifte fra stationær til selv-similær analyse for mekaniske problemer"
"";"dtu|dtupub|third_party";"";"2023-03-22T01:09:37.345Z";"Jóhannsson, Ingvar Haukur";"";"2722957698";"";"dtu";"2023";"";"";"";"";"thesis";"dtu|dtu_electronic|dtupub|dtupub_electronic";"";"";"";"";"";"";"";"";"";"";"";"";"";"";"";"";"und";"641a5551d4b5993c29f967aa";"";"641a5551d4b5993c29f967aa";"DTU Department of Electrical and Photonics Engineering";"sorbit";"sorbit";"Investigation and modelling of the operating cell temperatures for vertically mounted BIPV systems|Undersøgelse og modellering af celletemperaturen for lodret installerede bygnings integreret solcelle systemer"
"";"dtu|dtupub|third_party";"";"2023-03-22T01:09:36.037Z";"Toftegaard, Christoff Sperly";"";"2722957673";"";"dtu";"2023";"";"";"";"";"thesis";"dtu|dtu_electronic|dtupub|dtupub_electronic";"";"";"";"";"";"";"";"";"";"";"";"";"";"";"";"";"und";"641a554e9add8c3c299d6fb0";"";"641a554e9add8c3c299d6fb0";"DTU Department of Electrical Engineering";"sorbit";"sorbit";"Dynamic Route Planning for Mobile Robots|Dynamisk ruteplanlægning til mobile robotter"
"";"dtu|dtupub|third_party";"";"2024-03-28T01:12:35.667Z";"Stoumpou, Vasileia";"";"2735190485";"";"dtu";"2024";"";"";"";"";"thesis";"dtu|dtu_electronic|dtupub|dtupub_electronic";"";"";"";"";"";"";"";"";"";"";"";"";"";"";"";"";"und";"6604c3612e9c781e2e8bdcfe";"";"6604c3612e9c781e2e8bdcfe";"DTU Department of Environmental and Resource Engineering";"sorbit";"sorbit";"Effect of acetic and butyric acid levels on the production of polyhydroxybutyrate (PHB) in municipal waste activated sludge (WAS)|Effekt af niveauer af eddikesyre og smørsyre pa produktionen af polyhydroxybutyrat (PHB) i kommunalt spildt aktiveret slam (WAS)"
"";"dtu|dtupub|third_party";"";"2024-03-14T07:15:07.100Z";"Jensen, Charlotte";"";"2734362961";"";"dtu";"2024";"";"";"";"";"thesis";"dtu|dtu_electronic|dtupub|dtupub_electronic";"";"";"";"";"";"";"";"";"";"";"";"";"";"";"";"";"und";"65f2a3ea6075801e234c3178";"";"65f2a3ea6075801e234c3178";"DTU Department of Civil and Mechanical Engineering";"sorbit";"sorbit";"Data-driven cold storage model|Data-drevet kølelager model"
"";"dtu|dtupub|third_party";"";"2024-11-16T01:38:55.493Z";"Matt, Edison Alain von";"";"2749358732";"";"dtu";"2024";"";"";"";"";"thesis";"dtu|dtu_electronic|dtupub_external";"";"";"";"";"";"";"";"";"";"";"";"";"";"";"";"";"und";"6737f0df3bdad4249ecd7452";"";"6737f0df3bdad4249ecd7452";"DTU Department of Wind and Energy Systems";"sorbit";"sorbit";"Development of a stochastic optimization model for renewable electricity portfolios of small and medium sized enterprises|Udvikling af en stokastisk optimeringsmodel for vedvarende el-porteføljer af sma og mellemstore virksomheder"
"";"dtu|dtupub|third_party";"";"2024-07-29T06:07:23.797Z";"Lundby, Signe Hald|Holm, Viktor|Soudari-Hansen, Ayyub Adam";"";"2737855588";"";"dtu";"2024";"";"";"";"";"thesis";"dtu|dtu_electronic|dtupub_external";"";"";"";"";"";"";"";"";"";"";"";"";"";"";"";"";"und";"66a6ddea08e14ae8f3f06546";"";"66a6ddea08e14ae8f3f06546";"DTU Department of Civil and Mechanical Engineering";"sorbit";"sorbit";"Design approach for development of municipal home care|Design tilgang til udvikling af kommunal hjemmepleje"
"";"dtu|dtupub|third_party";"";"2023-07-24T00:10:52.649Z";"Andreasen, Frederik Gerner";"";"2727253358";"";"dtu";"2023";"";"";"";"";"thesis";"dtu|dtu_electronic|dtupub|dtupub_electronic";"";"";"";"";"";"";"";"";"";"";"";"";"";"";"";"";"und";"64bdc18ce15bd8313110bce2";"";"64bdc18ce15bd8313110bce2";"DTU Department of Technology, Management and Economics";"sorbit";"sorbit";"A Two-Stage Stochastic Programming Approach to Liner-Shipping Network Design with uncertain Demand|A Two-Stage Stochastic Programming Approach to Liner-Shipping Network Design with uncertain Demand"
"";"dtu|dtupub|third_party";"";"2023-08-01T00:10:31.312Z";"Serratrice, Thomas Antoine";"";"2727447087";"";"dtu";"2023";"";"";"";"";"thesis";"dtu|dtu_electronic|dtupub_external";"";"";"";"";"";"";"";"";"";"";"";"";"";"";"";"";"und";"64c84d77e6fd3f1f4fd2b5ca";"";"64c84d77e6fd3f1f4fd2b5ca";"DTU Department of Wind and Energy Systems";"sorbit";"sorbit";"Assessment of mooring line failure rates and reliability for floating wind turbines|Vurdering af fejlfrekvens og palidelighed af fortøjningslinier for flydende vindmøller"
"";"dtu|dtupub|third_party";"";"2024-08-31T00:10:00.356Z";"Christiansen, Trine Badsberg";"";"2738564535";"";"dtu";"2024";"";"";"";"";"thesis";"dtu|dtu_electronic|dtupub|dtupub_electronic";"";"";"";"";"";"";"";"";"";"";"";"";"";"";"";"";"und";"66d25f547f8c69bcc4afb0c8";"";"66d25f547f8c69bcc4afb0c8";"DTU Department of Chemical and Biochemical Engineering";"sorbit";"sorbit";"Analysis of increasing the production capacity at Chr. Hansen|Analyse af en forøgelse af produktionskapaciteten hos Chr. Hansen"
"";"dtu|dtupub|third_party";"";"2023-08-01T00:10:45.628Z";"Chica, Camilo Andres Amaya";"";"2727447810";"";"dtu";"2023";"";"";"";"";"thesis";"dtu|dtu_electronic|dtupub_external";"";"";"";"";"";"";"";"";"";"";"";"";"";"";"";"";"und";"64c84d858a2dc01f4f49af01";"";"64c84d858a2dc01f4f49af01";"DTU Department of Chemical and Biochemical Engineering";"sorbit";"sorbit";"Advanced process understanding of industrial fermentation|Avanceret procesforstaelse af industriel fermentering"
"";"dtu|dtupub|third_party";"";"2024-08-02T09:38:28.265Z";"Chien, Shu-Han";"";"2737949244";"";"dtu";"2024";"";"";"";"";"thesis";"dtu|dtu_electronic|dtupub|dtupub_electronic";"";"";"";"";"";"";"";"";"";"";"";"";"";"";"";"";"und";"66ac23d4d88e5be8f3ff47ae";"";"66ac23d4d88e5be8f3ff47ae";"DTU Department of Electrical and Photonics Engineering";"sorbit";"sorbit";"Navigation in grass areas for autonomous farm robot|Navigation i græsningsomrader for autonom robot"
"";"dtu|dtupub|third_party";"";"2023-07-31T00:11:26.006Z";"Chan, Jason";"";"2727406380";"";"dtu";"2023";"";"";"";"";"thesis";"dtu|dtu_electronic|dtupub_external";"";"";"";"";"";"";"";"";"";"";"";"";"";"";"";"";"und";"64c6fc2db9b0f81f4ffdc8bd";"";"64c6fc2db9b0f81f4ffdc8bd";"DTU Department of Health Technology";"sorbit";"sorbit";"Embedded 3D bioprinting of muscle strips in sacrificial supports|3D print af musckelvæv i opløselige supportmaterialer"
"";"dtu|dtupub|third_party";"";"2023-07-31T00:11:33.080Z";"Brun, Nikolaj Christian Constantin";"";"2727406390";"";"dtu";"2023";"";"";"";"";"thesis";"dtu|dtu_electronic|dtupub|dtupub_electronic";"";"";"";"";"";"";"";"";"";"";"";"";"";"";"";"";"und";"64c6fc354949871f4fe1c428";"";"64c6fc354949871f4fe1c428";"DTU Department of Civil and Mechanical Engineering";"sorbit";"sorbit";"Conceptualisation of a Single Point Mooring System for Floating Offshore Wind turbines|Konceptualisering af et single-point forankringssystem til flydende havvindmøller"
"";"dtu|dtupub|third_party";"";"2023-08-28T00:09:24.054Z";"Gongora, Daniela Azumendi";"";"2727909689";"";"dtu";"2023";"";"";"";"";"thesis";"dtu|dtu_electronic|dtupub_external";"";"";"";"";"";"";"";"";"";"";"";"";"";"";"";"";"und";"64ebe5b39fb48f2052a3b7b6";"";"64ebe5b39fb48f2052a3b7b6";"DTU Department of Wind and Energy Systems";"sorbit";"sorbit";"Climate change impact on wind farm expected performance|Klimaændringernes indvirkning pa vindmølleparkernes forventede ydeevne"
"";"dtu|dtupub|third_party";"";"2024-07-30T12:38:08.820Z";"Lund, Aimas";"";"2737859086";"";"dtu";"2024";"";"";"";"";"thesis";"dtu|dtu_electronic|dtupub|dtupub_electronic";"";"";"";"";"";"";"";"";"";"";"";"";"";"";"";"";"und";"66a82ffea8a8ade8f3e37c58";"";"66a82ffea8a8ade8f3e37c58";"DTU Department of Electrical and Photonics Engineering";"sorbit";"sorbit";"Simultaneous Localization and Mapping of Marine Environments using LIDAR and SONAR|Samtidig lokalisering og kortlægning af havmiljøer ved hjælp af LIDAR og SONAR"
"";"dtu|dtupub|third_party";"";"2023-08-15T00:10:17.142Z";"Andersen, Katrine Lund";"";"2727687388";"";"dtu";"2023";"";"";"";"";"thesis";"dtu|dtu_electronic|dtupub_external";"";"";"";"";"";"";"";"";"";"";"";"";"";"";"";"";"und";"64dac26968722220524ed5c2";"";"64dac26968722220524ed5c2";"DTU Department of Chemical and Biochemical Engineering";"sorbit";"sorbit";"In-line measurement of sugars in HMO fermentation|In-line maling af sukkerarter i HMO-fermentering"
"";"dtu|dtupub|third_party";"";"2024-09-14T00:21:30.196Z";"Vitaliti, Nikolas";"";"2739049226";"";"dtu";"2024";"";"";"";"";"thesis";"dtu|dtu_electronic|dtupub|dtupub_electronic";"";"";"";"";"";"";"";"";"";"";"";"";"";"";"";"";"und";"66e4d44bbb02ae27f0dab8e1";"";"66e4d44bbb02ae27f0dab8e1";"DTU Department of Energy Conversion and Storage";"sorbit";"sorbit";"The conformability of freestanding membranes on a curved surface|Fritstaende membraner pa en buet overflade"
"";"dtu|dtupub|third_party";"";"2024-07-24T16:20:20.259Z";"Faltum, Asbjørn Skjernaa";"";"2737761920";"";"dtu";"2024";"";"";"";"";"thesis";"dtu|dtu_electronic|dtupub|dtupub_electronic";"";"";"";"";"";"";"";"";"";"";"";"";"";"";"";"";"und";"66a0469de877f6e8f34b7521";"";"66a0469de877f6e8f34b7521";"DTU Department of Technology, Management and Economics";"sorbit";"sorbit";"Construction and instrumentation of upper limb exoskeleton for neuromotor rehabilitation|Konstruktion og instrumentering af exoskelet til overekstremiteter for neuromotorisk genoptræning"
"";"dtu|dtupub|third_party";"";"2024-09-19T00:09:59.942Z";"Hedeboe, Silas Lasak";"";"2739154324";"";"dtu";"2024";"";"";"";"";"thesis";"dtu|dtu_electronic|dtupub_external";"";"";"";"";"";"";"";"";"";"";"";"";"";"";"";"";"und";"66eb6bd45e662227f02f02c6";"";"66eb6bd45e662227f02f02c6";"DTU Department of Health Technology";"sorbit";"sorbit";"Retinal Optical Coherence Tomography: System Characterisation, Optimisation, and Image Processing|Retinal optisk kohærenstomografi: system karakterisering, optimering, og billedbehandling"
"";"dtu|dtupub|third_party";"";"2024-09-10T09:15:01.449Z";"Martin, Mireia Brisa";"";"2738218408";"";"dtu";"2024";"";"";"";"";"thesis";"dtu|dtu_electronic|dtupub|dtupub_electronic";"";"";"";"";"";"";"";"";"";"";"";"";"";"";"";"";"und";"66bd477c57e37fe8f36fef33";"";"66bd477c57e37fe8f36fef33";"DTU Department of Environmental and Resource Engineering";"sorbit";"sorbit";"Closing the loop: Phosphorus Recovery from Sewage Sludge by Electrodialysis for Sustainable Resource Management|Lukning af kredsløbet: Fosforgenvinding fra spildevandsslam ved elektrodialyse med henblik pa bæredygtig ressourceforvaltning"
"";"dtu|dtupub|third_party";"";"2024-07-30T12:38:09.020Z";"Vazquez, Manuela|Escobar, Javier Pablo Rodriguez";"";"2737859117";"";"dtu";"2024";"";"";"";"";"thesis";"dtu|dtu_electronic|dtupub_external";"";"";"";"";"";"";"";"";"";"";"";"";"";"";"";"";"und";"66a830457de663e8f393f8cf";"";"66a830457de663e8f393f8cf";"DTU Department of Technology, Management and Economics";"sorbit";"sorbit";"Data-Driven Analysis and Mathematical Optimization of Hempel's Production Scheduling Process|Datadrevet analyse og matematisk optimering af Hempels produktionsplanlægning"
"";"dtu|dtupub|third_party";"";"2024-09-10T09:15:02.386Z";"Blumensen, Andrew Boonto|Jalel, Daniel Odai";"";"2738325258";"";"dtu";"2024";"";"";"";"";"thesis";"dtu|dtu_electronic|dtupub_external";"";"";"";"";"";"";"";"";"";"";"";"";"";"";"";"";"und";"66c3dee75aa94b204c090bed";"";"66c3dee75aa94b204c090bed";"DTU Department of Applied Mathematics and Computer Science";"sorbit";"sorbit";"Quantifying Uncertainty in Segmentation Models Through Probabilistic Machine Learning Models|Kvantificering af usikkerhed i segmenteringsmodeller gennem probabilistiske maskinlæringsmodeller"
"";"dtu|dtupub|third_party";"";"2024-08-01T06:44:39.021Z";"Gideon, Arendse";"";"2737905506";"";"dtu";"2024";"";"";"";"";"thesis";"dtu|dtu_electronic|dtupub_external";"";"";"";"";"";"";"";"";"";"";"";"";"";"";"";"";"und";"66a98120370086e8f36fe043";"";"66a98120370086e8f36fe043";"DTU Department of Wind and Energy Systems";"sorbit";"sorbit";"Loadability of transmission cables under asymmetric installation configurations|Belastbarhed af transmissionskabler under asymmetriske konfigurationer"
"";"dtu|dtupub|third_party";"";"2024-09-10T09:15:02.386Z";"Kjøller, Bastian Munch";"";"2738325559";"";"dtu";"2024";"";"";"";"";"thesis";"dtu|dtu_electronic|dtupub|dtupub_electronic";"";"";"";"";"";"";"";"";"";"";"";"";"";"";"";"";"und";"66c3df00b15974204c09d9a3";"";"66c3df00b15974204c09d9a3";"DTU Department of Civil and Mechanical Engineering";"sorbit";"sorbit";"Complementary characterization of iron-based electroplated surfaces|Komplementær karakterisering af jernbaserede elektropletterede overflader"
"";"dtu|dtupub|third_party";"";"2024-10-17T00:09:45.603Z";"Christensen, Cecilie|Zhu, Ruiqi";"";"2739761270";"";"dtu";"2024";"";"";"";"";"thesis";"dtu|dtu_electronic|dtupub_external";"";"";"";"";"";"";"";"";"";"";"";"";"";"";"";"";"und";"671055c770c40343d9e37fcb";"";"671055c770c40343d9e37fcb";"DTU Department of Applied Mathematics and Computer Science";"sorbit";"sorbit";"Enhancing Demand Forecasting for Supply Chain Planners: A Human-Centric Approach|Forbedring af efterspørgselsprognoser for forsyningskædeplanlæggere: En menneskeorienteret tilgang"
"";"dtu|dtupub|third_party";"";"2024-10-15T00:09:52.457Z";"Mengüs, Seval";"";"2739717075";"";"dtu";"2024";"";"";"";"";"thesis";"dtu|dtu_electronic|dtupub|dtupub_electronic";"";"";"";"";"";"";"";"";"";"";"";"";"";"";"";"";"und";"670db2cf9fcdab43d929a1d3";"";"670db2cf9fcdab43d929a1d3";"DTU Department of Electrical and Photonics Engineering";"sorbit";"sorbit";"Experimental set-up and modelling of DC-DC converter for vehicle chargers|Experimental set-up and modelling of DC-DC converter for vehicle chargers"
"";"dtu|dtupub|third_party";"";"2024-08-22T00:12:25.244Z";"Jian, Gao";"";"2738356021";"";"dtu";"2024";"";"";"";"";"thesis";"dtu|dtu_electronic|dtupub|dtupub_electronic";"";"";"";"";"";"";"";"";"";"";"";"";"";"";"";"";"und";"66c681ed97a786204ca2d529";"";"66c681ed97a786204ca2d529";"DTU Department of Applied Mathematics and Computer Science";"sorbit";"sorbit";"Optimal Operation Strategy of supply chain of biomass|Optimal Operation Strategy of supply chain of biomass"
"";"dtu|dtupub|third_party";"";"2023-03-08T01:09:32.596Z";"Dudka, Katarzyna Maria|Bojesen, Rikke Lene Berg|Krogh, Frederik";"";"2720326056";"";"dtu";"2023";"";"";"";"";"thesis";"dtu|dtu_electronic|dtupub|dtupub_electronic";"";"";"";"";"";"";"";"";"";"";"";"";"";"";"";"";"und";"6407e04cc824283c96cadd44";"";"6407e04cc824283c96cadd44";"DTU Department of Environmental and Resource Engineering";"sorbit";"sorbit";"Absolute environmental sustainability assessments of buildings, determining the assigned share of the safe operating space depending on the building typology - A case study of an educational building|Absolut bæredygtighedsvurdering af bygninger med case study pa uddannelsesbygning"
"";"dtu|dtupub|third_party";"";"2023-08-30T00:09:18.165Z";"Liu, Yihan";"";"2727978242";"";"dtu";"2023";"";"";"";"";"thesis";"dtu|dtu_electronic|dtupub|dtupub_electronic";"";"";"";"";"";"";"";"";"";"";"";"";"";"";"";"";"und";"64ee88adb715ea20523b6aa9";"";"64ee88adb715ea20523b6aa9";"DTU Department of Electrical and Photonics Engineering";"sorbit";"sorbit";"Forward Error Correction codes for high speed data communication networks|Fejlkorrigernde koder til højhastigheds datakommunikations netværk"
"";"dtu|dtupub|third_party";"";"2024-02-28T01:24:12.209Z";"Zhang, Ziyu";"";"2733711992";"";"dtu";"2024";"";"";"";"";"thesis";"dtu|dtu_electronic|dtupub_external";"";"";"";"";"";"";"";"";"";"";"";"";"";"";"";"";"und";"65de87d35dce60017477949a";"";"65de87d35dce60017477949a";"DTU Department of Applied Mathematics and Computer Science";"sorbit";"sorbit";"A multi-layered Protein-Protein Network with Atherosclerotic Disease Context for Target Identification|Et multi-lags protein-protein netværk i kontekst af aterosklerotisk sygdom til identifikation af target"
"";"dtu|dtupub|third_party";"";"2024-03-03T01:30:44.495Z";"Rovithi, Anastasia";"";"2734025070";"";"dtu";"2024";"";"";"";"";"thesis";"dtu|dtu_electronic|dtupub_external";"";"";"";"";"";"";"";"";"";"";"";"";"";"";"";"";"und";"65e3cdcd0242ea149eedaeaa";"";"65e3cdcd0242ea149eedaeaa";"DTU Department of Chemical and Biochemical Engineering";"sorbit";"sorbit";"Acetic acid production from CO2 and CO gas streams|Eddikesyre produktion fra CO2- og CO-gas strømme"
"";"dtu|dtupub|third_party";"";"2024-03-06T05:01:59.125Z";"Engmann, Markus|Jørgensen, Jakob Grøn";"";"2734175575";"";"dtu";"2024";"";"";"";"";"thesis";"dtu|dtu_electronic|dtupub_external";"";"";"";"";"";"";"";"";"";"";"";"";"";"";"";"";"und";"65e7c2529c88783f79c089cd";"";"65e7c2529c88783f79c089cd";"DTU Department of Civil and Mechanical Engineering";"sorbit";"sorbit";"Identification of peak responses of wind sensitive bridge structures using numerical and experimental load simulations|Identificering af peak reaktioner af vindfølsomme brokonstruktioner gennem eksperimentele og numeriske simuleringer"
"";"dtu|dtupub|third_party";"";"2024-03-09T02:19:31.635Z";"Knudsen, Kristian Sofus";"";"2734246628";"";"dtu";"2024";"";"";"";"";"thesis";"dtu|dtu_electronic|dtupub|dtupub_electronic";"";"";"";"";"";"";"";"";"";"";"";"";"";"";"";"";"und";"65ebb6d0d71b8317b6501b44";"";"65ebb6d0d71b8317b6501b44";"DTU Department of Applied Mathematics and Computer Science";"sorbit";"sorbit";"Real-Time Line-Light Shading and Shadowing|Realtids toning og skygger for linje-lys"
"";"dtu|dtupub|third_party";"";"2024-03-08T01:15:55.323Z";"Wittlinger, Paul Hermann";"";"2734221801";"";"dtu";"2024";"";"";"";"";"thesis";"dtu|dtu_electronic|dtupub|dtupub_electronic";"";"";"";"";"";"";"";"";"";"";"";"";"";"";"";"";"und";"65ea65510d5c4117b6ea88ec";"";"65ea65510d5c4117b6ea88ec";"DTU Department of Applied Mathematics and Computer Science";"sorbit";"sorbit";"Enriching DECLARE with Dense Time and Real-valued Signals: from Formalisms to Reasoning Tasks|Berigelse af DECLARE med tæt tid og realværdi-signaler: fra formalismer til ræsonneringsopgaver"
"";"dtu|dtupub|third_party";"";"2024-02-28T01:24:22.817Z";"Fayad, Thomas Faissal";"";"2733712527";"";"dtu";"2024";"";"";"";"";"thesis";"dtu|dtu_electronic|dtupub|dtupub_electronic";"";"";"";"";"";"";"";"";"";"";"";"";"";"";"";"";"und";"65de88086a648c0174c5ba67";"";"65de88086a648c0174c5ba67";"DTU Department of Applied Mathematics and Computer Science";"sorbit";"sorbit";"Interactive video object segmentation with click-based label propagation|Interaktiv videoobjektsegmentering med klikbaseret etiketudbredelse"
"";"dtu|dtupub|third_party";"";"2023-11-20T08:54:47.740Z";"Spreckelsen, Christian Castor von";"";"2729836718";"";"dtu";"2023";"";"";"";"";"thesis";"dtu|dtu_electronic|dtupub|dtupub_electronic";"";"";"";"";"";"";"";"";"";"";"";"";"";"";"";"";"und";"65556bc1d8b8020487796d80";"";"65556bc1d8b8020487796d80";"DTU Department of Applied Mathematics and Computer Science";"sorbit";"sorbit";"High-performance scientific computing for uncertainty quantification and data science|Effektive numeriske computer beregninger til usikkerhedskvantificering og data videnskab"
"";"dtu|dtupub|third_party";"";"2023-10-05T00:09:20.626Z";"Efternavn, Varun Shankar Ej";"";"2728897648";"";"dtu";"2023";"";"";"";"";"thesis";"dtu|dtu_electronic|dtupub|dtupub_electronic";"";"";"";"";"";"";"";"";"";"";"";"";"";"";"";"";"und";"651dfeb056241b03b365e670";"";"651dfeb056241b03b365e670";"DTU Department of Health Technology";"sorbit";"sorbit";"Identification of allergen proteins in the gut microbiome|Identifikation af allergenproteiner i tarmmikrobiomet"
"";"dtu|dtupub|third_party";"";"2023-12-31T01:09:29.797Z";"Günzel, Constantin";"";"2730671495";"";"dtu";"2023";"";"";"";"";"thesis";"dtu|dtu_electronic|dtupub|dtupub_electronic";"";"";"";"";"";"";"";"";"";"";"";"";"";"";"";"";"und";"6590bf45f49eeb2bb9c4c38d";"";"6590bf45f49eeb2bb9c4c38d";"DTU Department of Space Research and Space Technology";"sorbit";"sorbit";"Deep learning framework for ship detection in commercial SAR images|Deep learning framework for ship detection in commercial SAR images"
"";"dtu|dtupub|third_party";"";"2023-08-30T00:09:25.380Z";"Dritsa, Iliana";"";"2727978291";"";"dtu";"2023";"";"";"";"";"thesis";"dtu|dtu_electronic|dtupub|dtupub_electronic";"";"";"";"";"";"";"";"";"";"";"";"";"";"";"";"";"und";"64ee88b533d8b52052a83a63";"";"64ee88b533d8b52052a83a63";"DTU Department of Technology, Management and Economics";"sorbit";"sorbit";"Analysis of railway delay patterns and its impact on passenger behaviour|Analyse af jernbaneforsinkelsesmønstre og deres indvirkning pa passagerernes adfærd"
"";"dtu|dtupub|third_party";"";"2023-08-16T00:11:20.680Z";"Hansen, Kristian Nygaard";"";"2727703921";"";"dtu";"2023";"";"";"";"";"thesis";"dtu|dtu_electronic|dtupub_external";"";"";"";"";"";"";"";"";"";"";"";"";"";"";"";"";"und";"64dc1427f05b062052db8ada";"";"64dc1427f05b062052db8ada";"DTU Department of Wind and Energy Systems";"sorbit";"sorbit";"Modeling of floating windfarms with fishbone inter-array architecture for design of protection system|Modellering af flydende vindmølleparker med fishbone inter-array arkitektur med henblik pa design af beskyttelsessystem"
"";"dtu|dtupub|third_party";"";"2023-12-26T01:09:27.446Z";"Urbano, Elena Vico";"";"2730589589";"";"dtu";"2023";"";"";"";"";"thesis";"dtu|dtu_electronic|dtupub_external";"";"";"";"";"";"";"";"";"";"";"";"";"";"";"";"";"und";"658a27c3fec0872bb94d0ce1";"";"658a27c3fec0872bb94d0ce1";"DTU Department of Technology, Management and Economics";"sorbit";"sorbit";"Time Series Forecasting, a case study on shared mobility and public transport|Time Series Forecasting, et casestudie om delt mobilitet og offentlig transport"
"";"dtu|dtupub|third_party";"";"2024-09-10T09:15:06.617Z";"Novozanszky, Richard";"";"2737226467";"";"dtu";"2024";"";"";"";"";"thesis";"dtu|dtu_electronic|dtupub|dtupub_electronic";"";"";"";"";"";"";"";"";"";"";"";"";"";"";"";"";"und";"668496d06626621cdf8f8223";"";"668496d06626621cdf8f8223";"DTU Department of Energy Conversion and Storage";"sorbit";"sorbit";"Reinforcement learning for solvation structure|Forstærkende læring til løsningsstruktur"
"";"dtu|dtupub|third_party";"";"2024-02-15T06:35:20.406Z";"Carreño, Sergio Espina";"";"2731641230";"";"dtu";"2024";"";"";"";"";"thesis";"dtu|dtu_electronic|dtupub|dtupub_electronic";"";"";"";"";"";"";"";"";"";"";"";"";"";"";"";"";"und";"65cd6462326d7ddd4b55a2d8";"";"65cd6462326d7ddd4b55a2d8";"DTU Department of Technology, Management and Economics";"sorbit";"sorbit";"Exploring Public Acceptance Levels of Solar Energy Technologies in Different Settings|Undersøgelse af offentlighedens accept af solenergiteknologier i forskellige omgivelser"
"";"dtu|dtupub|third_party";"";"2024-12-10T01:19:09.852Z";"Mercadé, Anna Querol";"";"2853181499";"";"dtu";"2024";"";"";"";"";"thesis";"dtu|dtu_electronic|dtupub|dtupub_electronic";"";"";"";"";"";"";"";"";"";"";"";"";"";"";"";"";"und";"675794d4123013868b8ab1f0";"";"675794d4123013868b8ab1f0";"DTU Department of Biotechnology and Biomedicine";"sorbit";"sorbit";"Selective biomolecule immobilization on vertically standing pyrolytic carbon structure|Selektiv immobilisering af biomolekyler pa lodretstaende pyrolytisk kulstruktur"
"";"dtu|dtupub|third_party";"";"2023-03-31T00:09:33.490Z";"Garg, Pranjal";"";"2723319075";"";"dtu";"2023";"";"";"";"";"thesis";"dtu|dtu_electronic|dtupub|dtupub_electronic";"";"";"";"";"";"";"";"";"";"";"";"";"";"";"";"";"und";"642624bd8cc6d03d3cd02353";"";"642624bd8cc6d03d3cd02353";"DTU Department of Applied Mathematics and Computer Science";"sorbit";"sorbit";"Development of a machine learning tool along with UX design to assess levels of anxiety in children before they are met by medical professional in the emergency department|Udvikling af machine learning værktøjer og UX design med henblik pa at bedømme angst i børn før mødet med medicinsk personale pa skadestuen"
"";"dtu|dtupub|third_party";"";"2023-03-31T00:09:33.862Z";"Wu, Bingkun";"";"2723319076";"";"dtu";"2023";"";"";"";"";"thesis";"dtu|dtu_electronic|dtupub|dtupub_electronic";"";"";"";"";"";"";"";"";"";"";"";"";"";"";"";"";"und";"642624bd57de553d3c7bdb19";"";"642624bd57de553d3c7bdb19";"DTU Department of Applied Mathematics and Computer Science";"sorbit";"sorbit";"Toward correctness for entity stream on distributed system|Mod korrekthed for enhedsstrøm pa distribueret system"
"";"dtu|dtupub|third_party";"";"2023-09-06T00:09:33.887Z";"Ecemis, Mehmet Dogancan";"";"2728154022";"";"dtu";"2023";"";"";"";"";"thesis";"dtu|dtu_electronic|dtupub|dtupub_electronic";"";"";"";"";"";"";"";"";"";"";"";"";"";"";"";"";"und";"64f7c33d9765f822d13e48c8";"";"64f7c33d9765f822d13e48c8";"DTU Department of Civil and Mechanical Engineering";"sorbit";"sorbit";"Strength analysis of membrane structures for the support of future solar islands|Styrkeanalyse af membranstrukturer til understøttelse af fremtidige sol-øer"
"";"dtu|dtupub|third_party";"";"2023-07-16T00:10:50.465Z";"Boa, Andrea Gonzalez";"";"2727110992";"";"dtu";"2023";"";"";"";"";"thesis";"dtu|dtu_electronic|dtupub|dtupub_electronic";"";"";"";"";"";"";"";"";"";"";"";"";"";"";"";"";"und";"64b3358a1cded991524d7813";"";"64b3358a1cded991524d7813";"DTU Department of Energy Conversion and Storage";"sorbit";"sorbit";"Physics-informed Deep Generative Modeling for Magnetism|Fysik-informeret Deep Generative Modellering af Magnetisme"
"";"dtu|dtupub|third_party";"";"2023-07-24T00:11:13.137Z";"Constantinou, Marios";"";"2727253393";"";"dtu";"2023";"";"";"";"";"thesis";"dtu|dtu_electronic|dtupub|dtupub_electronic";"";"";"";"";"";"";"";"";"";"";"";"";"";"";"";"";"und";"64bdc1a1a2fae23131cc667c";"";"64bdc1a1a2fae23131cc667c";"DTU Department of Electrical and Photonics Engineering";"sorbit";"sorbit";"Performance characterization of power optimizers used in PV systems|Ydelses karakterisering af power optimizere der benyttes i solcelle systemer"
"";"dtu|dtupub|third_party";"";"2023-09-20T00:09:29.352Z";"Makulec, Julia Gabriela|Westermann, Mads Rosendahl";"";"2728423485";"";"dtu";"2023";"";"";"";"";"thesis";"dtu|dtu_electronic|dtupub|dtupub_electronic";"";"";"";"";"";"";"";"";"";"";"";"";"";"";"";"";"und";"650a3839811cc2566b0a478c";"";"650a3839811cc2566b0a478c";"DTU Department of Health Technology";"sorbit";"sorbit";"Mobile Health Application For Self-Administered Evaluation of Neuropathy|Mobile Health Application For Self-Administered Evaluation of Neuropathy"
"";"dtu|dtupub|third_party";"";"2023-08-15T00:10:13.620Z";"Bøving, Oliver Emil";"";"2727686879";"";"dtu";"2023";"";"";"";"";"thesis";"dtu|dtu_electronic|dtupub|dtupub_electronic";"";"";"";"";"";"";"";"";"";"";"";"";"";"";"";"";"und";"64dac265e10a1e20521cd801";"";"64dac265e10a1e20521cd801";"DTU Department of Applied Mathematics and Computer Science";"sorbit";"sorbit";"Designing a modern program verification frontend|Design af en moderne programverifikations frontend"
"";"dtu|dtupub|third_party";"";"2024-09-01T00:09:57.525Z";"Peeters, Ward";"";"2738587480";"";"dtu";"2024";"";"";"";"";"thesis";"dtu|dtu_electronic|dtupub_external";"";"";"";"";"";"";"";"";"";"";"";"";"";"";"";"";"und";"66d3b0d554b97cbcc4c8ad03";"";"66d3b0d554b97cbcc4c8ad03";"DTU Department of Chemical and Biochemical Engineering";"sorbit";"sorbit";"Improving Carbon Capture in Power-to-X Electrochemical Cells through Focused Solvent Testing|Forbedring af CO2 fangst i Power-to-X elektrokemiske celler gennem fokuseret solventtestning"
"";"dtu|dtupub|third_party";"";"2024-07-22T05:15:05.170Z";"Benediktsdóttir, Íris|Sigurjónsson, Ólafur Thorri";"";"2737702144";"";"dtu";"2024";"";"";"";"";"thesis";"dtu|dtu_electronic|dtupub_external";"";"";"";"";"";"";"";"";"";"";"";"";"";"";"";"";"und";"669da349bd72a7e8f34002ab";"";"669da349bd72a7e8f34002ab";"DTU Department of Technology, Management and Economics";"sorbit";"sorbit";"Optimizing a packaging line utilizing operations research with Novo Nordisk|Optimering af pakkelinier hos Novo Nordisk ved brug af operationsanalyse"
"";"dtu|dtupub|third_party";"";"2024-08-02T09:38:28.215Z";"Rehman, Ramlah Sara";"";"2737949243";"";"dtu";"2024";"";"";"";"";"thesis";"dtu|dtu_electronic|dtupub|dtupub_electronic";"";"";"";"";"";"";"";"";"";"";"";"";"";"";"";"";"und";"66ac23d11359aae8f38d0b0e";"";"66ac23d11359aae8f38d0b0e";"DTU Department of Applied Mathematics and Computer Science";"sorbit";"sorbit";"Training Humans for Synthetic Face Image Detection|Træning af mennesker til detektion af syntetiske ansigtsbilleder"
"";"dtu|dtupub|third_party";"";"2024-06-15T00:09:48.087Z";"Søby, Andreas Blach";"";"2736937240";"";"dtu";"2024";"";"";"";"";"thesis";"dtu|dtu_electronic|dtupub|dtupub_electronic";"";"";"";"";"";"";"";"";"";"";"";"";"";"";"";"";"und";"666cdbcb5f694917d3c8bc85";"";"666cdbcb5f694917d3c8bc85";"DTU National Institute of Aquatic Resources";"sorbit";"sorbit";"Hydrogen sulphide removal strategies in saltwater RAS|Strategier til fjernelse af svovlbrinte i saltvandsbaseret RAS"
"";"dtu|dtupub|third_party";"";"2024-03-19T01:09:41.411Z";"Richter, Bence|Gíslason, Þorgeir Páll";"";"2734486800";"";"dtu";"2024";"";"";"";"";"thesis";"dtu|dtu_electronic|dtupub_external";"";"";"";"";"";"";"";"";"";"";"";"";"";"";"";"";"und";"65f8e5d540f1841e2ece661f";"";"65f8e5d540f1841e2ece661f";"DTU Department of Technology, Management and Economics";"sorbit";"sorbit";"A Simulation-Based Analysis of the Effects of Varying Lead Times and Safety Stock Targets on Pandora's Inventory Management|En simulerings-baseret analyse af effekterne af varierende leveringstider og mal for sikkerhedslagre for Pandoras lagerstyring"
"";"dtu|dtupub|third_party";"";"2024-03-06T05:02:02.361Z";"Schmidt, Rasmus Saaby|Helk, Alexander|Thyssen, Adrian Uhl";"";"2734175720";"";"dtu";"2024";"";"";"";"";"thesis";"dtu|dtu_electronic|dtupub|dtupub_electronic";"";"";"";"";"";"";"";"";"";"";"";"";"";"";"";"";"und";"65e7c265ff073c3f79394591";"";"65e7c265ff073c3f79394591";"DTU Department of Civil and Mechanical Engineering";"sorbit";"sorbit";"Finite Element Modelling for Strain Estimation on Bridges with Orthotropic Steel Decks|Finite Element-modellering til estimering af tøjning i broer med ortotropiske staldæk"
"";"dtu|dtupub|third_party";"";"2024-03-05T02:02:27.528Z";"Klementovic, Nikolas";"";"2734125214";"";"dtu";"2024";"";"";"";"";"thesis";"dtu|dtu_electronic|dtupub_external";"";"";"";"";"";"";"";"";"";"";"";"";"";"";"";"";"und";"65e670d434ad2e3f790452ae";"";"65e670d434ad2e3f790452ae";"DTU Department of Civil and Mechanical Engineering";"sorbit";"sorbit";"Qualification of auto-injector test methods|Kvalificering af autoinjektor testmetoder"
"";"dtu|dtupub|third_party";"";"2024-07-30T12:38:08.816Z";"Thattil, Lijo";"";"2737859067";"";"dtu";"2024";"";"";"";"";"thesis";"dtu|dtu_electronic|dtupub|dtupub_electronic";"";"";"";"";"";"";"";"";"";"";"";"";"";"";"";"";"und";"66a82fd42fdcade8f35e08cb";"";"66a82fd42fdcade8f35e08cb";"DTU Department of Health Technology";"sorbit";"sorbit";"Microparticles fabrication for intranasal delivery of vaccines|Fremstilling af mikropartikler til intranasal levering af vacciner."
"";"dtu|dtupub|third_party";"";"2024-09-10T09:15:07.567Z";"Sørensen, Henriette Elena";"";"2737227285";"";"dtu";"2024";"";"";"";"";"thesis";"dtu|dtu_electronic|dtupub|dtupub_electronic";"";"";"";"";"";"";"";"";"";"";"";"";"";"";"";"";"und";"668496e190faa81cdf61609b";"";"668496e190faa81cdf61609b";"DTU Department of Civil and Mechanical Engineering";"sorbit";"sorbit";"Investigation of fractured surfaces of RCA concrete|Undersøgelse af brudflader i RCA beton"
"";"dtu|dtupub|third_party";"";"2024-08-22T00:11:49.476Z";"Dudu, Ioana-Laura";"";"2738355846";"";"dtu";"2024";"";"";"";"";"thesis";"dtu|dtu_electronic|dtupub|dtupub_electronic";"";"";"";"";"";"";"";"";"";"";"";"";"";"";"";"";"und";"66c681d7edba42204cb2e3c7";"";"66c681d7edba42204cb2e3c7";"DTU Department of Chemical and Biochemical Engineering";"sorbit";"sorbit";"Effect of biochar on the biogas process|Effekt af biochar pa biogasprocessen"
"";"dtu|dtupub|third_party";"";"2024-07-23T15:42:09.379Z";"Scholz, Gustav";"";"2737744383";"";"dtu";"2024";"";"";"";"";"thesis";"dtu|dtu_electronic|dtupub|dtupub_electronic";"";"";"";"";"";"";"";"";"";"";"";"";"";"";"";"";"und";"669ef4df7d750be8f39ac858";"";"669ef4df7d750be8f39ac858";"DTU Department of Civil and Mechanical Engineering";"sorbit";"sorbit";"Effectiveness of shear reinforcement in bridges depending on orientation|Effektivitet af forskydningsbøjler i brodæk afhængig af orienteringen"
"";"dtu|dtupub|third_party";"";"2024-06-07T00:09:46.430Z";"Georgescu, Mihaela";"";"2736797301";"";"dtu";"2024";"";"";"";"";"thesis";"dtu|dtu_electronic|dtupub_external";"";"";"";"";"";"";"";"";"";"";"";"";"";"";"";"";"und";"66624fc891090617d358e058";"";"66624fc891090617d358e058";"DTU Department of Civil and Mechanical Engineering";"sorbit";"sorbit";"Feasibility of polyhydroxyalkanoates (PHAs) as a replacement for fossil-based polyolefins in pharmaceutical packaging|Undersøgelse af polyhydroxyalkanoates (PHAs) som erstatning for fossilbaserede polyolefiner i farmaceutisk"
"";"dtu|dtupub|third_party";"";"2024-04-16T00:09:45.074Z";"Fraenkel, Nikolaj";"";"2735601386";"";"dtu";"2024";"";"";"";"";"thesis";"dtu|dtu_electronic|dtupub_external";"";"";"";"";"";"";"";"";"";"";"";"";"";"";"";"";"und";"661dc1c72f6ed31afd11cacc";"";"661dc1c72f6ed31afd11cacc";"DTU Department of Environmental and Resource Engineering";"sorbit";"sorbit";"Pre-evaluation of air purifiers used in the ventilation system of Boeing commercial aircraft|Før-evaluering af luftrensere anvendt i ventilationssystemet af kommercielle Boeing fly"
"";"dtu|dtupub|third_party";"";"2023-07-04T00:10:28.187Z";"Kafle, Kalyan";"";"2726480673";"";"dtu";"2023";"";"";"";"";"thesis";"dtu|dtu_electronic|dtupub|dtupub_electronic";"";"";"";"";"";"";"";"";"";"";"";"";"";"";"";"";"und";"64a36373f3cd279152954aff";"";"64a36373f3cd279152954aff";"DTU Department of Wind and Energy Systems";"sorbit";"sorbit";"Dynamic modelling and control of hybrid power plant for hydrogen production|Dynamisk modellering og kontrol af hybridkraftværk til brintproduktion"
"";"dtu|dtupub|third_party";"";"2023-04-17T06:47:21.214Z";"Brauburger, Nick Alexander";"";"2723551169";"";"dtu";"2023";"";"";"";"";"thesis";"dtu|dtu_electronic|dtupub|dtupub_electronic";"";"";"";"";"";"";"";"";"";"";"";"";"";"";"";"";"und";"64374840af45463fde23b43e";"";"64374840af45463fde23b43e";"DTU Department of Technology, Management and Economics";"sorbit";"sorbit";"Techno-economic and policy scheme analysis of waste-heat recovery from data centers in district heating networks with diverse market portfolios|Tekno-økonomisk og politisk skemaanalyse af spildvarmegenvinding fra datacentre i fjernvarmenetværk med forskellige markedsporteføljer."
"";"dtu|dtupub|third_party";"";"2023-02-16T01:09:59.088Z";"Immerkjær, Mathias Aaris";"";"2718681440";"";"dtu";"2023";"";"";"";"";"thesis";"dtu|dtu_electronic|dtupub_external";"";"";"";"";"";"";"";"";"";"";"";"";"";"";"";"";"und";"63ed825d31c55091f7ab111d";"";"63ed825d31c55091f7ab111d";"DTU Department of Applied Mathematics and Computer Science";"sorbit";"sorbit";"Indexing for Search Query Optimization|Indeksering til søgeforspørgselsoptimering"
"";"dtu|dtupub|third_party";"";"2024-03-27T01:23:58.996Z";"Dønnem, Astrid Bjørn";"";"2735158211";"";"dtu";"2024";"";"";"";"";"thesis";"dtu|dtu_electronic|dtupub|dtupub_electronic";"";"";"";"";"";"";"";"";"";"";"";"";"";"";"";"";"und";"660371d8fbf6f01e2e3da116";"";"660371d8fbf6f01e2e3da116";"DTU Department of Civil and Mechanical Engineering";"sorbit";"sorbit";"Optimizing Design for Disassembly of Timber Buildings|Optimizing Design for Disassembly of Timber Buildings"
"";"dtu|dtupub|third_party";"";"2023-05-31T00:09:47.203Z";"Xie, Yushu";"";"2724957160";"";"dtu";"2023";"";"";"";"";"thesis";"dtu|dtu_electronic|dtupub|dtupub_electronic";"";"";"";"";"";"";"";"";"";"";"";"";"";"";"";"";"und";"6476904b1a205fbb5b6a361e";"";"6476904b1a205fbb5b6a361e";"DTU Department of Applied Mathematics and Computer Science";"sorbit";"sorbit";"Evaluation of GNN model in recommender systems in the tourism domain|Evaluering af GNN-modeller i anbefalingssystemers i turismedomænet"
"";"dtu|dtupub|third_party";"";"2024-09-26T00:09:57.783Z";"Yianni, Daniel Caleb Romero";"";"2739317006";"";"dtu";"2024";"";"";"";"";"thesis";"dtu|dtu_electronic|dtupub_external";"";"";"";"";"";"";"";"";"";"";"";"";"";"";"";"";"und";"66f4a655df7c7643d9710aeb";"";"66f4a655df7c7643d9710aeb";"DTU Department of Health Technology";"sorbit";"sorbit";"Applications of fine-tuning inverse folding models in antibody engineering|Anvendelse af finjusterede inverse foldemodeller i antistofudvikling"
"";"dtu|dtupub|third_party";"";"2023-08-05T00:10:29.392Z";"Argyros, Minas";"";"2727516998";"";"dtu";"2023";"";"";"";"";"thesis";"dtu|dtu_electronic|dtupub|dtupub_electronic";"";"";"";"";"";"";"";"";"";"";"";"";"";"";"";"";"und";"64cd93753480501f4f21ab8b";"";"64cd93753480501f4f21ab8b";"DTU Department of Civil and Mechanical Engineering";"sorbit";"sorbit";"Systematic analysis of scale effects on form factor|Systematisk analyse af skalaeffekter pa formfaktor"
"";"dtu|dtupub|third_party";"";"2024-07-16T00:18:48.235Z";"Ulbæk, Karl Byberg";"";"2737616910";"";"dtu";"2024";"";"";"";"";"thesis";"dtu|dtu_electronic|dtupub|dtupub_electronic";"";"";"";"";"";"";"";"";"";"";"";"";"";"";"";"";"und";"6695ba591a7bf6e8f30e43f3";"";"6695ba591a7bf6e8f30e43f3";"DTU Department of Applied Mathematics and Computer Science";"sorbit";"sorbit";"Deep learning with state spaces for efficient sequence modeling|Dyb læring med state spaces for effektiv modellering af sekvenser"
"";"dtu|dtupub|third_party";"";"2023-05-11T00:09:34.292Z";"Ødum, Marius Thrane";"";"2724269679";"";"dtu";"2023";"";"";"";"";"thesis";"dtu|dtu_electronic|dtupub|dtupub_electronic";"";"";"";"";"";"";"";"";"";"";"";"";"";"";"";"";"und";"645c323d301c3e2aa5903b97";"";"645c323d301c3e2aa5903b97";"DTU Department of Health Technology";"sorbit";"sorbit";"Prediction of membrane protein types using protein language models|Forudsigelse af membranproteintyper ved hjælp af protein-sprogmodeller"
"";"dtu|dtupub|third_party";"";"2023-03-03T02:05:56.232Z";"Nymann, Magnus Hornhaver";"";"2720125356";"";"dtu";"2023";"";"";"";"";"thesis";"dtu|dtu_electronic|dtupub_external";"";"";"";"";"";"";"";"";"";"";"";"";"";"";"";"";"und";"640148d2a46abd3c124e509d";"";"640148d2a46abd3c124e509d";"DTU Department of Electrical and Photonics Engineering";"sorbit";"sorbit";"Development of high power compact laser module using beam combined laser diodes|Udvikling af højeffekt kompakt lasermodul med stralekombinerede laserdioder"
"";"dtu|dtupub|third_party";"";"2023-08-21T00:10:59.441Z";"Öhlckers, Nina Susann";"";"2727790410";"";"dtu";"2023";"";"";"";"";"thesis";"dtu|dtu_electronic|dtupub|dtupub_electronic";"";"";"";"";"";"";"";"";"";"";"";"";"";"";"";"";"und";"64e2ab93d30fbc2052b9342b";"";"64e2ab93d30fbc2052b9342b";"DTU Department of Applied Mathematics and Computer Science";"sorbit";"sorbit";"Quantifying Plankton Populations In the Baltic sea|Opgørelse af plankton-populationer i Østersøen"
"";"dtu|dtupub|third_party";"";"2023-02-13T13:57:16.062Z";"Hansen, David Skovgaard";"";"2718659758";"";"dtu";"2023";"";"";"";"";"thesis";"dtu|dtu_electronic|dtupub_external";"";"";"";"";"";"";"";"";"";"";"";"";"";"";"";"";"und";"63e83c4ed3adb12dcebe6b11";"";"63e83c4ed3adb12dcebe6b11";"DTU Department of Electrical and Photonics Engineering";"sorbit";"sorbit";"Investigation of non-galvanically-isolated converter topologies with GaN power devices|Undersøgelse af uisolerede konvertertopologier med GaN effekthalvledere"
"";"dtu|dtupub|third_party";"";"2023-07-24T00:11:55.060Z";"Bøgelund, Christian Sulbæk";"";"2727253465";"";"dtu";"2023";"";"";"";"";"thesis";"dtu|dtu_electronic|dtupub|dtupub_electronic";"";"";"";"";"";"";"";"";"";"";"";"";"";"";"";"";"und";"64bdc1cad1f88531319d0ec9";"";"64bdc1cad1f88531319d0ec9";"DTU Department of Applied Mathematics and Computer Science";"sorbit";"sorbit";"Semantic Textual Similarity on noisy transcripts|Semantisk tekstsimilaritet baseret pa transkriptioner"
"";"dtu|dtupub|third_party";"";"2024-08-26T00:11:13.283Z";"Lyra, Victor Gouveia De Menezes";"";"2738416530";"";"dtu";"2024";"";"";"";"";"thesis";"dtu|dtu_electronic|dtupub|dtupub_electronic";"";"";"";"";"";"";"";"";"";"";"";"";"";"";"";"";"und";"66cbc7ece9b650204c544c32";"";"66cbc7ece9b650204c544c32";"DTU Department of Electrical and Photonics Engineering";"sorbit";"sorbit";"Semantic Reconstruction of Aircraft from Incomplete LiDAR Data|Semantic Reconstruction of Aircraft from Incomplete LiDAR Data"
"";"dtu|dtupub|third_party";"";"2023-07-13T00:11:07.547Z";"Pindstrup, Mette Tinglev";"";"2727067799";"";"dtu";"2023";"";"";"";"";"thesis";"dtu|dtu_electronic|dtupub_external";"";"";"";"";"";"";"";"";"";"";"";"";"";"";"";"";"und";"64af411bf2275e91522eb7c0";"";"64af411bf2275e91522eb7c0";"DTU Department of Chemistry";"sorbit";"sorbit";"The future implementation of Raman and other analytical techniques in Microanalysis Center NNPR|Fremtidig implementering af Raman og andre analytiske teknikker i Microanalyse Center NNPR"
"";"dtu|dtupub|third_party";"";"2023-07-24T00:10:51.191Z";"Nilsson, Ojvind Par";"";"2727253356";"";"dtu";"2023";"";"";"";"";"thesis";"dtu|dtu_electronic|dtupub|dtupub_electronic";"";"";"";"";"";"";"";"";"";"";"";"";"";"";"";"";"und";"64bdc18b4ad2b83131a17854";"";"64bdc18b4ad2b83131a17854";"DTU Department of Applied Mathematics and Computer Science";"sorbit";"sorbit";"Levels of Detail for Very Large Scenes|LoD for meget store scener"
"";"dtu|dtupub|third_party";"";"2023-03-01T01:10:29.445Z";"Brinkland, Daniella";"";"2720010584";"";"dtu";"2023";"";"";"";"";"thesis";"dtu|dtu_electronic|dtupub_external";"";"";"";"";"";"";"";"";"";"";"";"";"";"";"";"";"und";"63fea605f3827c3bcab3aa64";"";"63fea605f3827c3bcab3aa64";"DTU Department of Biotechnology and Biomedicine";"sorbit";"sorbit";"Evaluation of cell metabolism, growth and productivity of biphasic small scale perfusion fermentation on mammalian CHO cell lines expressing recombinant proteins|Evaluering af cellemetabolisme, vækst og produktivitet af bifase smaskala perfusionsfermentering for mammale CHO cellelinjer som udtrykker rekombinante proteiner"
"";"dtu|dtupub|third_party";"";"2023-04-18T00:09:31.513Z";"Rydahl, Anton";"";"2723599839";"";"dtu";"2023";"";"";"";"";"thesis";"dtu|dtu_electronic|dtupub|dtupub_electronic";"";"";"";"";"";"";"";"";"";"";"";"";"";"";"";"";"und";"643ddfb94cd08e68b1521dfe";"";"643ddfb94cd08e68b1521dfe";"DTU Department of Applied Mathematics and Computer Science";"sorbit";"sorbit";"Exploiting Heterogeneous Compute Resources|Udnyttelse af heterogene beregningsressourcer"
"";"dtu|dtupub|third_party";"";"2024-07-22T05:15:05.161Z";"Green, Lucille Augusta";"";"2737702131";"";"dtu";"2024";"";"";"";"";"thesis";"dtu|dtu_electronic|dtupub_external";"";"";"";"";"";"";"";"";"";"";"";"";"";"";"";"";"und";"669da343782d07e8f38a7dd3";"";"669da343782d07e8f38a7dd3";"DTU Department of Health Technology";"sorbit";"sorbit";"Analysis of Genetic and Plasma Proteome Data in Understanding Alzheimer's Disease Aetiology|Analyse af genetiske og plasmaproteomdata i forstaelsen af ??Alzheimers sygdoms ætiologi"
"";"dtu|dtupub|third_party";"";"2024-03-03T01:30:44.933Z";"Ruksenaite, Emilija";"";"2734025127";"";"dtu";"2024";"";"";"";"";"thesis";"dtu|dtu_electronic|dtupub_external";"";"";"";"";"";"";"";"";"";"";"";"";"";"";"";"";"und";"65e3cdd56b51d0149e6ef037";"";"65e3cdd56b51d0149e6ef037";"DTU Department of Biotechnology and Biomedicine";"sorbit";"sorbit";"International Bioinnovation Scholarship Program - EpiBiologics: Development of bi/tri-specific antibodies for degradation of disease associated cell surface protein of interest|International Bioinnovation Scholarship Program - EpiBiologics: Udvikling af bi/tri-specifikke antistoffer til nedbrydning af sygdomsrelevant celleoverfladeprotein af interesse"
"";"dtu|dtupub|third_party";"";"2024-09-18T00:10:08.059Z";"Rahbar, Sam";"";"2739137000";"";"dtu";"2024";"";"";"";"";"thesis";"dtu|dtu_electronic|dtupub|dtupub_electronic";"";"";"";"";"";"";"";"";"";"";"";"";"";"";"";"";"und";"66ea1a5b864f3227f0278d06";"";"66ea1a5b864f3227f0278d06";"DTU Department of Civil and Mechanical Engineering";"sorbit";"sorbit";"Detecting shear and normal pressure on organic surfaces|Maling af tvær- og normaltryk pa organiske overflader"
"";"dtu|dtupub|third_party";"";"2023-08-23T00:09:34.575Z";"Adam, Bruno Marc J";"";"2727838087";"";"dtu";"2023";"";"";"";"";"thesis";"dtu|dtu_electronic|dtupub|dtupub_electronic";"";"";"";"";"";"";"";"";"";"";"";"";"";"";"";"";"und";"64e54e3e85350020525b0a19";"";"64e54e3e85350020525b0a19";"DTU Department of Environmental and Resource Engineering";"sorbit";"sorbit";"Using artificial intelligence to predict indoor temperature to improve indoor thermal quality in sub-Saharan buildings subjected to climate changes|Kunstig intelligens anvendt til at prediktere temperaturer i bygninger i det sydlige Afrika"
"";"dtu|dtupub|third_party";"";"2023-02-22T01:09:29.702Z";"Jensen, Jonas Vestergaard";"";"2718824853";"";"dtu";"2023";"";"";"";"";"thesis";"dtu|dtu_electronic|dtupub|dtupub_electronic";"";"";"";"";"";"";"";"";"";"";"";"";"";"";"";"";"und";"63f56b49c9048291f76cf40d";"";"63f56b49c9048291f76cf40d";"DTU Department of Applied Mathematics and Computer Science";"sorbit";"sorbit";"Approximate inference for active learning with Bayesian neural networks|Approksimativ inferens for aktiv læring med Bayesianke neurale netværk"
"";"dtu|dtupub|third_party";"";"2023-08-11T00:09:56.776Z";"Bravo, Irene Urdin";"";"2727602158";"";"dtu";"2023";"";"";"";"";"thesis";"dtu|dtu_electronic|dtupub_external";"";"";"";"";"";"";"";"";"";"";"";"";"";"";"";"";"und";"64d57c5492c9bb1f4ff21808";"";"64d57c5492c9bb1f4ff21808";"DTU Department of Technology, Management and Economics";"sorbit";"sorbit";"Production and Supply Chain Optimization with Column Generation|Optimering af produktion og supply chain ved søjlegenerering"
"";"dtu|dtupub|third_party";"";"2024-07-15T07:21:15.989Z";"Mortensen, Nanna";"";"2737581723";"";"dtu";"2024";"";"";"";"";"thesis";"dtu|dtu_electronic|dtupub_external";"";"";"";"";"";"";"";"";"";"";"";"";"";"";"";"";"und";"669468d47db0c9e8f37ede5a";"";"669468d47db0c9e8f37ede5a";"DTU Department of Chemical and Biochemical Engineering";"sorbit";"sorbit";"A modelling approach for scale-up of new technologies in API manufacturing processes|En modelleringstilgang til opskalering af nye teknologier i API fremstillingsprocesser"
"";"dtu|dtupub|third_party";"";"2023-08-01T00:10:48.420Z";"Kristmar, Kristian Villadsen";"";"2727447822";"";"dtu";"2023";"";"";"";"";"thesis";"dtu|dtu_electronic|dtupub|dtupub_electronic";"";"";"";"";"";"";"";"";"";"";"";"";"";"";"";"";"und";"64c84d88eca4b01f4f12c947";"";"64c84d88eca4b01f4f12c947";"DTU Department of Space Research and Space Technology";"sorbit";"sorbit";"Automated Marine Gravity Surveys in Danish Waters: Extending Cross-Survey Marine Frame|Automatiske Søgravimetriske Togter i Danske Farvande: Udvidelse af Søgravimetrisk Reference pa Tværs af Togterne"
"";"dtu|dtupub|third_party";"";"2023-09-21T00:09:29.380Z";"Pawar, Virendra";"";"2728437624";"";"dtu";"2023";"";"";"";"";"thesis";"dtu|dtu_electronic|dtupub|dtupub_electronic";"";"";"";"";"";"";"";"";"";"";"";"";"";"";"";"";"und";"650b89b9cbf643566be3df6c";"";"650b89b9cbf643566be3df6c";"DTU Department of Electrical and Photonics Engineering";"sorbit";"sorbit";"Functional Prototype of Bike Tracker on Helium LoraWAN Network|Functional Prototype of Bike Tracker on Helium LoraWAN Network"
"";"dtu|dtupub|third_party";"";"2024-03-27T01:23:58.999Z";"Nilsson, Aske Chris";"";"2735158214";"";"dtu";"2024";"";"";"";"";"thesis";"dtu|dtu_electronic|dtupub_external";"";"";"";"";"";"";"";"";"";"";"";"";"";"";"";"";"und";"660371d97b12b51e2e74fe6f";"";"660371d97b12b51e2e74fe6f";"DTU Department of Wind and Energy Systems";"sorbit";"sorbit";"High temperature superconducting tapes for magnetic cooling coil application|Høj temperatur superleder band for magnetisk køling spoler anvendelser"
"";"dtu|dtupub|third_party";"";"2023-08-31T00:09:21.930Z";"Birnie-Scott, Yann Xavier Frank";"";"2727992287";"";"dtu";"2023";"";"";"";"";"thesis";"dtu|dtu_electronic|dtupub|dtupub_electronic";"";"";"";"";"";"";"";"";"";"";"";"";"";"";"";"";"und";"64efda311dee672052a82238";"";"64efda311dee672052a82238";"DTU Department of Wind and Energy Systems";"sorbit";"sorbit";"Modeling of multi-rotor wind farms|Modellering af multi-rotor vindparker"
"";"dtu|dtupub|third_party";"";"2024-02-28T01:24:12.279Z";"Hoel, Rolf";"";"2733711998";"";"dtu";"2024";"";"";"";"";"thesis";"dtu|dtu_electronic|dtupub_external";"";"";"";"";"";"";"";"";"";"";"";"";"";"";"";"";"und";"65de87d5bcee6b0174764c9c";"";"65de87d5bcee6b0174764c9c";"DTU Department of Chemical and Biochemical Engineering";"sorbit";"sorbit";"Investigation of the influence of feed-composition on distillation processes in biomanufacturing|Undersøgelse af indflydelsen af fødesammensætning pa distillationsprocesser i bioproduktion"
"";"dtu|dtupub|third_party";"";"2025-01-24T01:12:52.446Z";"Roark, Amalie";"";"2856546429";"";"dtu";"2024";"";"";"";"";"thesis";"dtu|dtu_electronic|dtupub|dtupub_electronic";"";"";"";"";"";"";"";"";"";"";"";"";"";"";"";"";"und";"6792e86b8777f115d242dd9f";"";"6792e86b8777f115d242dd9f";"DTU Department of Technology, Management and Economics";"sorbit";"sorbit";"Transfer Learning Methods for Traffic Flow Estimation in Diverse Urban Contexts|Transfer Learning metoder til estimering af trafikstrøm i forskellige urbane sammenhænge"
"";"dtu|dtupub|third_party";"";"2023-07-24T00:11:02.069Z";"Kolbjørnsen, Katrine";"";"2727253380";"";"dtu";"2023";"";"";"";"";"thesis";"dtu|dtu_electronic|dtupub|dtupub_electronic";"";"";"";"";"";"";"";"";"";"";"";"";"";"";"";"";"und";"64bdc196902090313115190f";"";"64bdc196902090313115190f";"DTU Department of Civil and Mechanical Engineering";"sorbit";"sorbit";"Elasto-Plastic Upper Bound Modelling of Shear Connections in Timber-Concrete Composite Decks|Elasto-Plastisk øvreværdimodellering af forskydningssamlinger i træ-beton kompositdæk"
"";"dtu|dtupub|third_party";"";"2023-07-04T00:10:34.226Z";"Holm, Laura Røtzler";"";"2726480931";"";"dtu";"2023";"";"";"";"";"thesis";"dtu|dtu_electronic|dtupub|dtupub_electronic";"";"";"";"";"";"";"";"";"";"";"";"";"";"";"";"";"und";"64a3637af623ab91520ba355";"";"64a3637af623ab91520ba355";"DTU Department of Environmental and Resource Engineering";"sorbit";"sorbit";"Optimization of Ventilation Principle And Use Of Energy In Operating Theatres|Optimering af ventilationsprincip og energiforbrug pa operationsstuer"
"";"dtu|dtupub|third_party";"";"2023-02-16T01:10:04.150Z";"Sørensen, Sune Fjermedal";"";"2718681538";"";"dtu";"2023";"";"";"";"";"thesis";"dtu|dtu_electronic|dtupub|dtupub_electronic";"";"";"";"";"";"";"";"";"";"";"";"";"";"";"";"";"und";"63ed825f065ca591f797175e";"";"63ed825f065ca591f797175e";"DTU Department of Biotechnology and Biomedicine";"sorbit";"sorbit";"Exploration of non-classified Polysaccharide Lyases identified in a marine bacterium|Undersøgelse af uklassificerede polysaccharid lyaser identificeret i en marin bakerie"
"";"dtu|dtupub|third_party";"";"2023-03-30T00:09:33.980Z";"Probst, Frederik Giediesak";"";"2723299949";"";"dtu";"2023";"";"";"";"";"thesis";"dtu|dtu_electronic|dtupub|dtupub_electronic";"";"";"";"";"";"";"";"";"";"";"";"";"";"";"";"";"und";"6424d33db971cc3d3c63533b";"";"6424d33db971cc3d3c63533b";"DTU Department of Applied Mathematics and Computer Science";"sorbit";"sorbit";"Computing solution space dimensions for breaking McElice with BCH codes|Beregning af løsningsrumsdimensioner for at bryde McElice med BCH koder"
"";"dtu|dtupub|third_party";"";"2023-07-31T00:10:21.307Z";"Hassager, Gustav Stæhr|Christoffersen, Nikki";"";"2727406313";"";"dtu";"2023";"";"";"";"";"thesis";"dtu|dtu_electronic|dtupub|dtupub_electronic";"";"";"";"";"";"";"";"";"";"";"";"";"";"";"";"";"und";"64c6fbedd58f051f4f1dd389";"";"64c6fbedd58f051f4f1dd389";"DTU Department of Electrical and Photonics Engineering";"sorbit";"sorbit";"Modelling and Nonlinear Control of Active Magnetic Bearings|Modellering og Ulineær Regulering af Aktive Magnet Lejer"
"";"dtu|dtupub|third_party";"";"2023-07-16T00:10:46.830Z";"Jacobsen, Christian Kirketerp|Vogel, Frederik Skovgaard";"";"2727110852";"";"dtu";"2023";"";"";"";"";"thesis";"dtu|dtu_electronic|dtupub_external";"";"";"";"";"";"";"";"";"";"";"";"";"";"";"";"";"und";"64b3358498e0d69152b1cc48";"";"64b3358498e0d69152b1cc48";"DTU Department of Chemical and Biochemical Engineering";"sorbit";"sorbit";"Model-based capacity analysis of synthetic peptide production in CMC API Pilots|Model baseret kapacitetsanalyse af syntetisk peptid produktion i CMC API Pilots"
"";"dtu|dtupub|third_party";"";"2023-07-30T00:10:54.260Z";"Bogan, Emil Daniel Boman|Rasmussen, Jacob Hyldgaard";"";"2727400828";"";"dtu";"2023";"";"";"";"";"thesis";"dtu|dtu_electronic|dtupub_external";"";"";"";"";"";"";"";"";"";"";"";"";"";"";"";"";"und";"64c5aa8e3bc5e11f4fbc4a2c";"";"64c5aa8e3bc5e11f4fbc4a2c";"DTU Department of Chemical and Biochemical Engineering";"sorbit";"sorbit";"Study of dynamic instabilities in exothermic converters|Studie af dynamisk ustabilitet i exoterme power-to-x reaktorer"
"";"dtu|dtupub|third_party";"";"2023-07-31T00:10:37.556Z";"Eze, Anna Chukwunonso";"";"2727406342";"";"dtu";"2023";"";"";"";"";"thesis";"dtu|dtu_electronic|dtupub|dtupub_electronic";"";"";"";"";"";"";"";"";"";"";"";"";"";"";"";"";"und";"64c6fbfdfe7ff21f4fc2ac45";"";"64c6fbfdfe7ff21f4fc2ac45";"DTU Department of Applied Mathematics and Computer Science";"sorbit";"sorbit";"Characterizing subject and task responses in electroencephalography data using deep autoencoders|Karakterisering af subject og task egenskaber i elektroencephalografi ved hjælp af dybe autoenkodere"
"";"dtu|dtupub|third_party";"";"2023-02-13T13:57:15.612Z";"Stenholt-Jacobsen, Rasmus";"";"2718659732";"";"dtu";"2023";"";"";"";"";"thesis";"dtu|dtu_electronic|dtupub|dtupub_electronic";"";"";"";"";"";"";"";"";"";"";"";"";"";"";"";"";"und";"63e447c5d880dd2dce0d413f";"";"63e447c5d880dd2dce0d413f";"DTU Department of Environmental and Resource Engineering";"sorbit";"sorbit";"Mortars for reuse of fired clay bricks|Mørtler til genanvendelse af mursten."
"";"dtu|dtupub|third_party";"";"2023-08-11T00:09:56.755Z";"Safi, Ejaz Ahmad";"";"2727602152";"";"dtu";"2023";"";"";"";"";"thesis";"dtu|dtu_electronic|dtupub_external";"";"";"";"";"";"";"";"";"";"";"";"";"";"";"";"";"und";"64d57c5499a95d1f4f9e4659";"";"64d57c5499a95d1f4f9e4659";"DTU Department of Technology, Management and Economics";"sorbit";"sorbit";"Serious games for Exoskeleton-based stroke rehabilitation|Udvikling af træningsspil til stroke rehabilitering baseret pa digitale tvillinger"
"";"dtu|dtupub|third_party";"";"2023-08-09T00:10:46.723Z";"Angelis, Dimosthenis";"";"2727571280";"";"dtu";"2023";"";"";"";"";"thesis";"dtu|dtu_electronic|dtupub|dtupub_electronic";"";"";"";"";"";"";"";"";"";"";"";"";"";"";"";"";"und";"64d2d9860159781f4f3e5d18";"";"64d2d9860159781f4f3e5d18";"DTU Department of Electrical and Photonics Engineering";"sorbit";"sorbit";"Real-time drone localization utilizing deep monocular visual odometry in GNSS-denied environments|Real-time drone localization utilizing deep monocular visual odometry in GNSS-denied environments"
"";"dtu|dtupub|third_party";"";"2023-08-23T00:09:32.051Z";"Saunte, Karl Otto";"";"2727838067";"";"dtu";"2023";"";"";"";"";"thesis";"dtu|dtu_electronic|dtupub|dtupub_electronic";"";"";"";"";"";"";"";"";"";"";"";"";"";"";"";"";"und";"64e54e3b2eceb920524c5001";"";"64e54e3b2eceb920524c5001";"DTU Department of Environmental and Resource Engineering";"sorbit";"sorbit";"Climate change assessment of electrodialytic treatment of sewage sludge ash|Klimaopgørelse for elektrodialytisk behandling af spildevandsslam"
"";"dtu|dtupub|third_party";"";"2023-02-22T01:09:42.732Z";"Weisbjerg, Nicolai|Foster, Kelvin";"";"2718824971";"";"dtu";"2023";"";"";"";"";"thesis";"dtu|dtu_electronic|dtupub|dtupub_electronic";"";"";"";"";"";"";"";"";"";"";"";"";"";"";"";"";"und";"63f56b561c5a6091f79cf5be";"";"63f56b561c5a6091f79cf5be";"DTU Department of Applied Mathematics and Computer Science";"sorbit";"sorbit";"Quantifying Uncertainty in Semantic Segmentation using Bayesian Deep Metric Learning|Kvantificering af Usikkerhed for Semantisk Segmentering ved brug af Bayesiansk Dyb Metrisk Læring"
"";"dtu|dtupub|third_party";"";"2023-02-22T01:09:45.022Z";"Bisgaard-Bohr, Niels Karsten|Pontoppidan, Simon|Strange, Thomas Rathsach";"";"2718825005";"";"dtu";"2023";"";"";"";"";"thesis";"dtu|dtu_electronic|dtupub|dtupub_electronic";"";"";"";"";"";"";"";"";"";"";"";"";"";"";"";"";"und";"63f56b582dbfd491f70747a4";"";"63f56b582dbfd491f70747a4";"DTU Department of Applied Mathematics and Computer Science";"sorbit";"sorbit";"A Methodology for Migrating RPC-based Software Solutions|En metode til at migrere RPC-baserede softwareløsninger"
"";"dtu|dtupub|third_party";"";"2023-03-25T01:09:32.524Z";"Diez, Miguel Angel Santa";"";"2723191155";"";"dtu";"2023";"";"";"";"";"thesis";"dtu|dtu_electronic|dtupub|dtupub_electronic";"";"";"";"";"";"";"";"";"";"";"";"";"";"";"";"";"und";"641e49cc2ed6113c29a5cd21";"";"641e49cc2ed6113c29a5cd21";"DTU Department of Civil and Mechanical Engineering";"sorbit";"sorbit";"Analysis of a novel isothermal latent heat storage system based on salt mixtures|Analysis of a novel isothermal latent heat storage system based on salt mixtures"
"";"dtu|dtupub|third_party";"";"2023-02-22T01:09:47.945Z";"Melville, Ólafur Kári|Helgadóttir, Elín Þóra";"";"2718825069";"";"dtu";"2023";"";"";"";"";"thesis";"dtu|dtu_electronic|dtupub|dtupub_electronic";"";"";"";"";"";"";"";"";"";"";"";"";"";"";"";"";"und";"63f56b5b8449dc91f7b5660c";"";"63f56b5b8449dc91f7b5660c";"DTU Department of Technology, Management and Economics";"sorbit";"sorbit";"Optimization of BRT infrastructure planning|Optimering af BRT infrastruktur planlægning"
"";"dtu|dtupub|third_party";"";"2023-03-01T01:09:46.982Z";"Wesche, Sophia Therese Lyngsø";"";"2720010098";"";"dtu";"2023";"";"";"";"";"thesis";"dtu|dtu_electronic|dtupub|dtupub_electronic";"";"";"";"";"";"";"";"";"";"";"";"";"";"";"";"";"und";"63fea5da1b27f03bca995877";"";"63fea5da1b27f03bca995877";"DTU Department of Environmental and Resource Engineering";"sorbit";"sorbit";"Machine learning based diagnosis of indoor environment in offices|Kunstig intelligens anvendt til undersøgelse af indeklima i kontorer"
"";"dtu|dtupub|third_party";"";"2024-02-04T01:09:43.285Z";"Thøgersen, Thina Lundsgaard";"";"2731376520";"";"dtu";"2024";"";"";"";"";"thesis";"dtu|dtu_electronic|dtupub|dtupub_electronic";"";"";"";"";"";"";"";"";"";"";"";"";"";"";"";"";"und";"65bee3d66fbc8a3e82ffe727";"";"65bee3d66fbc8a3e82ffe727";"DTU Department of Applied Mathematics and Computer Science";"sorbit";"sorbit";"Self-supervised denoising on Rician image data|Selv-vejledt støjreduktion pa Rician-billede data"
"";"dtu|dtupub|third_party";"";"2024-07-16T00:18:48.221Z";"Qin, Yuan";"";"2737616907";"";"dtu";"2024";"";"";"";"";"thesis";"dtu|dtu_electronic|dtupub_external";"";"";"";"";"";"";"";"";"";"";"";"";"";"";"";"";"und";"6695ba58127eb1e8f302d37e";"";"6695ba58127eb1e8f302d37e";"DTU Department of Electrical and Photonics Engineering";"sorbit";"sorbit";"The demonstration of silicon nitride on insulator (SiNOI) platform and its optical devices|Demonstrationen af siliciumnitrid pa en isolatorplatform og dens optiske enheder"
"";"dtu|dtupub|third_party";"";"2024-07-23T15:42:09.378Z";"Romero, Rocio Marina Lechuga";"";"2737744384";"";"dtu";"2024";"";"";"";"";"thesis";"dtu|dtu_electronic|dtupub_external";"";"";"";"";"";"";"";"";"";"";"";"";"";"";"";"";"und";"669ef4df9bba23e8f371bf61";"";"669ef4df9bba23e8f371bf61";"DTU Department of Civil and Mechanical Engineering";"sorbit";"sorbit";"Sustainable enhancement of radar systems through solar power integration - A comprehensive Life Cycle Assessment|Bæredygtig forbedring ad radarsystemer ved hjælp af solenergi - LCA analyser"
"";"dtu|dtupub|third_party";"";"2024-08-02T09:38:28.194Z";"Knudsen, Rasmus Meier";"";"2737949239";"";"dtu";"2024";"";"";"";"";"thesis";"dtu|dtu_electronic|dtupub|dtupub_electronic";"";"";"";"";"";"";"";"";"";"";"";"";"";"";"";"";"und";"66ac23ced4652be8f3885991";"";"66ac23ced4652be8f3885991";"DTU Department of Wind and Energy Systems";"sorbit";"sorbit";"Experimental characterization and testing of vehicle-to-grid charging technologies|Eksperiementel karakterisering og test af vehicle-til-grid teknologier"
"";"dtu|dtupub|third_party";"";"2024-11-24T01:29:39.259Z";"Aslan, Nakaa Talib Ibrahim";"";"2852714814";"";"dtu";"2024";"";"";"";"";"thesis";"dtu|dtu_electronic|dtupub|dtupub_electronic";"";"";"";"";"";"";"";"";"";"";"";"";"";"";"";"";"und";"67427cdafb0c51249ea5b071";"";"67427cdafb0c51249ea5b071";"DTU Department of Electrical and Photonics Engineering";"sorbit";"sorbit";"LCA analysis of building consumed electricity from BIPV, BAPV and Utility scale PV systems|Livscyklus analyse af elektricitet fra BIPV, BAPV og store PV anlæg, der forbruges i bygninger."
"";"dtu|dtupub|third_party";"";"2024-08-29T00:10:17.063Z";"Dandoulis, Zacharias";"";"2738522526";"";"dtu";"2024";"";"";"";"";"thesis";"dtu|dtu_electronic|dtupub|dtupub_electronic";"";"";"";"";"";"";"";"";"";"";"";"";"";"";"";"";"und";"66cfbc696cc81501843dc847";"";"66cfbc696cc81501843dc847";"DTU Department of Civil and Mechanical Engineering";"sorbit";"sorbit";"Microstructure evolution at high temperatures in nickel based alloys|Mikrostrukturudvikling ved høj temperaturer i nikkelbaserede legeringer"
"";"dtu|dtupub|third_party";"";"2024-07-29T06:07:23.604Z";"Kloura, Athanasia";"";"2737855493";"";"dtu";"2024";"";"";"";"";"thesis";"dtu|dtu_electronic|dtupub|dtupub_electronic";"";"";"";"";"";"";"";"";"";"";"";"";"";"";"";"";"und";"66a6dde3657b9ce8f35555c0";"";"66a6dde3657b9ce8f35555c0";"DTU Department of Environmental and Resource Engineering";"sorbit";"sorbit";"Occupant-Centric Daylight Assessment: Investigating the Relationship Between Occupant Satisfaction and Spatial Daylight Autonomy in Educational Buildings|Undersøgelse af sammenhængen mellem brugertilfredshed og dagslysautonomi i undervisningsbygninger"
"";"dtu|dtupub|third_party";"";"2024-08-01T07:56:03.983Z";"Sadauskas, Matas";"";"2737925882";"";"dtu";"2024";"";"";"";"";"thesis";"dtu|dtu_electronic|dtupub_external";"";"";"";"";"";"";"";"";"";"";"";"";"";"";"";"";"und";"66aad25a5852abe8f35924cb";"";"66aad25a5852abe8f35924cb";"DTU Department of Health Technology";"sorbit";"sorbit";"Conductive Electrospun fibers for supercapacitor applications|Ledende elektrospundne fibre til superkondensatorapplikationer"
"";"dtu|dtupub|third_party";"";"2023-08-05T00:10:37.323Z";"Trasborg, Benjamin|Riedel, Martin";"";"2727517127";"";"dtu";"2023";"";"";"";"";"thesis";"dtu|dtu_electronic|dtupub|dtupub_electronic";"";"";"";"";"";"";"";"";"";"";"";"";"";"";"";"";"und";"64cd937cb8fde31f4f6d1252";"";"64cd937cb8fde31f4f6d1252";"DTU Department of Health Technology";"sorbit";"sorbit";"Cuffless Blood Pressure Estimation Based on Continuous Vital Signs for PostOperative Patients|Pumpeløs blodtryksestimering baseret pa kontinuerte vitale malinger for postoperative patienter"
"";"dtu|dtupub|third_party";"";"2023-07-31T00:11:51.808Z";"Hagerup, Nicolai Adamsen";"";"2727406416";"";"dtu";"2023";"";"";"";"";"thesis";"dtu|dtu_electronic|dtupub|dtupub_electronic";"";"";"";"";"";"";"";"";"";"";"";"";"";"";"";"";"und";"64c6fc47fa54521f4f244ffe";"";"64c6fc47fa54521f4f244ffe";"DTU Department of Chemistry";"sorbit";"sorbit";"Structural characterization of the 47 N-terminal residues in tryptophan hydroxylase 2|Strukturel karakterisering af de 47 N-terminal aminosyrer i tryptophan hydroxylase 2"
"";"dtu|dtupub|third_party";"";"2023-08-14T00:11:04.146Z";"Ubillos, Inigo Velasco";"";"2727634226";"";"dtu";"2023";"";"";"";"";"thesis";"dtu|dtu_electronic|dtupub|dtupub_electronic";"";"";"";"";"";"";"";"";"";"";"";"";"";"";"";"";"und";"64d97118c56f2820526c802d";"";"64d97118c56f2820526c802d";"DTU Department of Electrical and Photonics Engineering";"sorbit";"sorbit";"Navigation in an agricultural setting using cameras and LIDARS|Navigation med kamera og LIDARS i et agrimiljø"
"";"dtu|dtupub|third_party";"";"2024-03-31T01:09:49.724Z";"Dina, Sergiu";"";"2735235804";"";"dtu";"2024";"";"";"";"";"thesis";"dtu|dtu_electronic|dtupub_external";"";"";"";"";"";"";"";"";"";"";"";"";"";"";"";"";"und";"6608b7dc51da391e2e65f80f";"";"6608b7dc51da391e2e65f80f";"DTU Department of Applied Mathematics and Computer Science";"sorbit";"sorbit";"A study of improving resource governance and scaling in a multitenant service architecture|En undersøgelse af forbedring af ressourcestyring og skalering i en multitenant-servicearkitektur"
"";"dtu|dtupub|third_party";"";"2024-02-28T01:24:29.444Z";"Kyrtsoudis, Paschalis";"";"2733712916";"";"dtu";"2024";"";"";"";"";"thesis";"dtu|dtu_electronic|dtupub|dtupub_electronic";"";"";"";"";"";"";"";"";"";"";"";"";"";"";"";"";"und";"65de8825ecba3a01747732d8";"";"65de8825ecba3a01747732d8";"DTU Department of Electrical and Photonics Engineering";"sorbit";"sorbit";"Properties of self-phase modulation broadened electro-optic combs|Egenskaber af selv fase modulering forbredt med elektro-optiske kamme"
"";"dtu|dtupub|third_party";"";"2024-03-13T01:51:49.470Z";"Karageorgos, Konstantinos";"";"2734350237";"";"dtu";"2024";"";"";"";"";"thesis";"dtu|dtu_electronic|dtupub|dtupub_electronic";"";"";"";"";"";"";"";"";"";"";"";"";"";"";"";"";"und";"65f0fce17e8327163743638d";"";"65f0fce17e8327163743638d";"DTU Department of Health Technology";"sorbit";"sorbit";"Spatial offset optical coherence tomography for improved deep tissue imaging|Spatial offset optisk kohærenstomografi til forbedret billeddannelse i dybden af væv"
"";"dtu|dtupub|third_party";"";"2024-03-13T01:51:49.157Z";"Dethlefsen, Lars Arnold|Nøbbe, Andreas Fabian Emiliussen";"";"2734350202";"";"dtu";"2024";"";"";"";"";"thesis";"dtu|dtu_electronic|dtupub|dtupub_electronic";"";"";"";"";"";"";"";"";"";"";"";"";"";"";"";"";"und";"65f0fcd8db22ae1637cd149e";"";"65f0fcd8db22ae1637cd149e";"DTU Department of Electrical and Photonics Engineering";"sorbit";"sorbit";"LiDAR-based navigation of de-icing trucks in airport environments|LiDAR-based navigation of de-icing trucks in airport environments"
"";"dtu|dtupub|third_party";"";"2024-03-01T02:01:29.627Z";"Hansen, Bjørn Marius Schreblowski";"";"2733914683";"";"dtu";"2024";"";"";"";"";"thesis";"dtu|dtu_electronic|dtupub|dtupub_electronic";"";"";"";"";"";"";"";"";"";"";"";"";"";"";"";"";"und";"65e12ad3aea9bf49f947a24c";"";"65e12ad3aea9bf49f947a24c";"DTU Department of Applied Mathematics and Computer Science";"sorbit";"sorbit";"AI driven spatiotemporal modelling of the left atrial appendage|AI dreven spatiotemporal modellering af hjerteauriklen."
"";"dtu|dtupub|third_party";"";"2024-02-28T01:24:29.250Z";"Lowes, Mathias Micheelsen";"";"2733712838";"";"dtu";"2024";"";"";"";"";"thesis";"dtu|dtu_electronic|dtupub|dtupub_electronic";"";"";"";"";"";"";"";"";"";"";"";"";"";"";"";"";"und";"65de8822ae42700174feb973";"";"65de8822ae42700174feb973";"DTU Department of Applied Mathematics and Computer Science";"sorbit";"sorbit";"Measurement of Left Ventricle Myocardium Features|Maling af features i venstre hjertemuskel og ventrikel"
"";"dtu|dtupub|third_party";"";"2024-07-29T06:07:23.781Z";"Bertolani, Luca";"";"2737855578";"";"dtu";"2024";"";"";"";"";"thesis";"dtu|dtu_electronic|dtupub|dtupub_electronic";"";"";"";"";"";"";"";"";"";"";"";"";"";"";"";"";"und";"66a6dde86e75d7e8f3a13514";"";"66a6dde86e75d7e8f3a13514";"DTU Department of Applied Mathematics and Computer Science";"sorbit";"sorbit";"Fidelity Enhancement of Wind farm wake simulations using the Fourier Neural Operator|Modelforbedring for brug ved vindmøllepark simulationer med Fourier Neural Operator metoden"
"";"dtu|dtupub|third_party";"";"2024-10-30T01:09:33.285Z";"Nichoritis, Athanasios";"";"2740103579";"";"dtu";"2024";"";"";"";"";"thesis";"dtu|dtu_electronic|dtupub_external";"";"";"";"";"";"";"";"";"";"";"";"";"";"";"";"";"und";"6721874b432bcb9cd7351dc4";"";"6721874b432bcb9cd7351dc4";"DTU Department of Electrical and Photonics Engineering";"sorbit";"sorbit";"Energy harvesting techniques|Teknologier til energihøstning"
"";"dtu|dtupub|third_party";"";"2024-12-18T01:26:34.980Z";"Swagerman, Thomas";"";"2854137641";"";"dtu";"2024";"";"";"";"";"thesis";"dtu|dtu_electronic|dtupub|dtupub_electronic";"";"";"";"";"";"";"";"";"";"";"";"";"";"";"";"";"und";"676220cf09b013a804b88333";"";"676220cf09b013a804b88333";"DTU Department of Chemical and Biochemical Engineering";"sorbit";"sorbit";"Development of a Streamlined Modelling Platform for Chemical Property Prediction|Udvikling af en standardiseret modelleringsplatform til forudsigelse af kemiske egenskaber"
"";"dtu|dtupub|third_party";"";"2024-11-09T01:44:18.211Z";"Poulsen, Jakob Ryttergaard";"";"2740284117";"";"dtu";"2024";"";"";"";"";"thesis";"dtu|dtu_electronic|dtupub_external";"";"";"";"";"";"";"";"";"";"";"";"";"";"";"";"";"und";"672eb65d37fe6eb686b4b77e";"";"672eb65d37fe6eb686b4b77e";"DTU Department of Technology, Management and Economics";"sorbit";"sorbit";"Steering the Supply Chain: Harnessing Reinforcement Learning for Enhanced Decision Making|Styring af forsyningskæden: Udnyttelse af Reinforcement Learning til at tage bedre beslutninger"
"";"dtu|dtupub|third_party";"";"2023-07-23T00:10:54.102Z";"Ripoll, Alba Maria Gordo";"";"2727248924";"";"dtu";"2023";"";"";"";"";"thesis";"dtu|dtu_electronic|dtupub_external";"";"";"";"";"";"";"";"";"";"";"";"";"";"";"";"";"und";"64bc700ed2b6043131d7ee73";"";"64bc700ed2b6043131d7ee73";"DTU Department of Civil and Mechanical Engineering";"sorbit";"sorbit";"ANALYSIS OF CONFIGURATION LIFECYCLE MANAGEMENT PROCESSES: the case of VESTAS WIND SYSTEMS A/S|ANALYSE AF PROCESSEN FOR LIVSCYKLUSSTYRING AF KONFIGURATION: Et case-studie af VESTAS WIND A/S."
"";"dtu|dtupub|third_party";"";"2024-04-10T00:09:46.402Z";"Gupta, Siddhanta";"";"2735483407";"";"dtu";"2024";"";"";"";"";"thesis";"dtu|dtu_electronic|dtupub|dtupub_electronic";"";"";"";"";"";"";"";"";"";"";"";"";"";"";"";"";"und";"6615d8cab44bb31a249c2a12";"";"6615d8cab44bb31a249c2a12";"DTU Department of Technology, Management and Economics";"sorbit";"sorbit";"Anvendelse af store sprogmodeller til at udvikle en AI-terapeut med hentningsforstærket generering|Using Large Language Models to Develop an AI Therapist with Retrieval-Augmented Generation"
"";"dtu|dtupub|third_party";"";"2023-05-17T00:10:01.926Z";"Sørensen, Mathias Vinter";"";"2724354035";"";"dtu";"2023";"";"";"";"";"thesis";"dtu|dtu_electronic|dtupub_external";"";"";"";"";"";"";"";"";"";"";"";"";"";"";"";"";"und";"64641b58b0b9ce2aa5fd876c";"";"64641b58b0b9ce2aa5fd876c";"DTU Department of Civil and Mechanical Engineering";"sorbit";"sorbit";"Experimental investigation and computational modelling of air seal for main bearings of decanter centrifuges|Eksperimentel undersøgelse og computer modellering af luft tætning til hovedlejer i dekanter centrifuger"
"";"dtu|dtupub|third_party";"";"2023-07-24T00:11:57.636Z";"Kolding, Lucas Joachim";"";"2727253472";"";"dtu";"2023";"";"";"";"";"thesis";"dtu|dtu_electronic|dtupub_external";"";"";"";"";"";"";"";"";"";"";"";"";"";"";"";"";"und";"64bdc1cd14863a3131fe7ee3";"";"64bdc1cd14863a3131fe7ee3";"DTU Department of Technology, Management and Economics";"sorbit";"sorbit";"Navigating the digital transformation: Implementing a Hybrid framework|Digital transformation: Implementering af hybrid arbejde"
"";"dtu|dtupub|third_party";"";"2023-02-13T13:57:15.979Z";"Stausbøll, Signe Modvig";"";"2718659751";"";"dtu";"2023";"";"";"";"";"thesis";"dtu|dtu_electronic|dtupub|dtupub_electronic";"";"";"";"";"";"";"";"";"";"";"";"";"";"";"";"";"und";"63e6eacd80a5a72dce9dcc37";"";"63e6eacd80a5a72dce9dcc37";"DTU Department of Health Technology";"sorbit";"sorbit";"Constructing a hierarchical compositional Bayesian model for analysis of multiple-timepoint single-cell RNAseq data of bone marrow leukemic cells during ALL therapy|En hierakisk, compositional, Bayesiansk model til analyse af single-cell RNAseq data fra leukæmiske celler i knoglemarven før og efter behandling i akut lymfoblastær leukæmi"
"";"dtu|dtupub|third_party";"";"2024-08-27T00:10:13.715Z";"Grimes, Alex Abades";"";"2738459475";"";"dtu";"2024";"";"";"";"";"thesis";"dtu|dtu_electronic|dtupub|dtupub_electronic";"";"";"";"";"";"";"";"";"";"";"";"";"";"";"";"";"und";"66cd195c72fe6001849efcc2";"";"66cd195c72fe6001849efcc2";"DTU Department of Applied Mathematics and Computer Science";"sorbit";"sorbit";"Enhancing Podcast Representation by Exploring Content and Contextual Information|Forbedring af podcast-repræsentation ved at udforske indhold og kontekstuelle oplysninger"
"";"dtu|dtupub|third_party";"";"2024-02-28T01:24:19.112Z";"Fotopoulos, Nikolaos";"";"2733712243";"";"dtu";"2024";"";"";"";"";"thesis";"dtu|dtu_electronic|dtupub|dtupub_electronic";"";"";"";"";"";"";"";"";"";"";"";"";"";"";"";"";"und";"65de87eecebbf4017479c582";"";"65de87eecebbf4017479c582";"DTU Department of Wind and Energy Systems";"sorbit";"sorbit";"Dynamic simulation framework for offshore wind plant FRT analysis and validation|Dynamisk simuleringsramme for havvindmølleanlæg FRT analyse og validering"
"";"dtu|dtupub|third_party";"";"2023-02-16T01:09:54.775Z";"Albrechtsen, Mathias Nikolaj Linderod";"";"2718681365";"";"dtu";"2023";"";"";"";"";"thesis";"dtu|dtu_electronic|dtupub|dtupub_electronic";"";"";"";"";"";"";"";"";"";"";"";"";"";"";"";"";"und";"63ed825a75dd8991f720967b";"";"63ed825a75dd8991f720967b";"DTU Department of Technology, Management and Economics";"sorbit";"sorbit";"Large scale production planning with demands and technician constraints|Produktionsplanlægning med given efterspørgsel og begrænsning pa teknikere"
"";"dtu|dtupub|third_party";"";"2024-03-02T02:05:32.196Z";"Krumhoff, Josephine-Elisabeth";"";"2733987587";"";"dtu";"2024";"";"";"";"";"thesis";"dtu|dtu_electronic|dtupub_external";"";"";"";"";"";"";"";"";"";"";"";"";"";"";"";"";"und";"65e27c553981df149edc95bd";"";"65e27c553981df149edc95bd";"DTU Department of Wind and Energy Systems";"sorbit";"sorbit";"Design of a techno-economic optimization tool for underground cable dimensioning in onshore substations|Design af et tekno-økonomisk optimeringsalgoritme for kabeldimensionering i onshore transformerstationer"
"";"dtu|dtupub|third_party";"";"2024-01-01T01:09:29.367Z";"Jovan, Matic";"";"2730674984";"";"dtu";"2023";"";"";"";"";"thesis";"dtu|dtu_electronic|dtupub|dtupub_electronic";"";"";"";"";"";"";"";"";"";"";"";"";"";"";"";"";"und";"659210c5edb1e72bb9268d71";"";"659210c5edb1e72bb9268d71";"DTU Department of Applied Mathematics and Computer Science";"sorbit";"sorbit";"Efficient and Cost-Effective Mobile App Testing for Startup Companies|Effektive og rentable testløsninger for iværksættervirksomheder med mobilapps"
"";"dtu|dtupub|third_party";"";"2024-09-10T09:15:02.784Z";"Samaras, Efthymios";"";"2738142756";"";"dtu";"2024";"";"";"";"";"thesis";"dtu|dtu_electronic|dtupub|dtupub_electronic";"";"";"";"";"";"";"";"";"";"";"";"";"";"";"";"";"und";"66b952d10656a0e8f300ae69";"";"66b952d10656a0e8f300ae69";"DTU Department of Technology, Management and Economics";"sorbit";"sorbit";"Incentives for sustainable urban mobility: a systematic literature review on models and practices|Incitamenter til bæredygtig bytrafik: en systematisk litteraturgennemgang om modeller og praksis"
"";"dtu|dtupub|third_party";"";"2023-08-01T00:11:00.284Z";"Ghislotti, Nicola";"";"2727448339";"";"dtu";"2023";"";"";"";"";"thesis";"dtu|dtu_electronic|dtupub|dtupub_electronic";"";"";"";"";"";"";"";"";"";"";"";"";"";"";"";"";"und";"64c84d944d6eab1f4fa35c09";"";"64c84d944d6eab1f4fa35c09";"DTU Department of Technology, Management and Economics";"sorbit";"sorbit";"Identifying Unreported Bike Crashes in Copenhagen: Analyses and Recommendations for LB Forsikring|Identifying Unreported Bike Crashes in Copenhagen: Analyses and Recommendations for LB Forsikring"
"";"dtu|dtupub|third_party";"";"2023-11-01T01:09:18.653Z";"Krupinszki, Balázs";"";"2729474253";"";"dtu";"2023";"";"";"";"";"thesis";"dtu|dtu_electronic|dtupub_external";"";"";"";"";"";"";"";"";"";"";"";"";"";"";"";"";"und";"6541a53df7c190064c216384";"";"6541a53df7c190064c216384";"DTU Department of Applied Mathematics and Computer Science";"sorbit";"sorbit";"Evaluating distributed optimization algorithms for flexible job-shop scheduling problem|Evaluering af distribuerede optimeringsalgoritmer til fleksibel job-shop planlægningsproblem"
"";"dtu|dtupub|third_party";"";"2024-09-10T09:15:02.374Z";"Dietl, Markus";"";"2738265943";"";"dtu";"2024";"";"";"";"";"thesis";"dtu|dtu_electronic|dtupub|dtupub_electronic";"";"";"";"";"";"";"";"";"";"";"";"";"";"";"";"";"und";"66bfea510ed598e8f3596fb3";"";"66bfea510ed598e8f3596fb3";"DTU Department of Technology, Management and Economics";"sorbit";"sorbit";"Solving a hierarchical a facility location and vehicle routing problem|Løsning af et hierarkisk problem med facilitetsplacering og køretøjsruteplanlægning."
"";"dtu|dtupub|third_party";"";"2024-08-23T00:10:26.998Z";"Pedersen, Rune Ploegstra";"";"2738372062";"";"dtu";"2024";"";"";"";"";"thesis";"dtu|dtu_electronic|dtupub|dtupub_electronic";"";"";"";"";"";"";"";"";"";"";"";"";"";"";"";"";"und";"66c7d365f48a30204cbfbc4c";"";"66c7d365f48a30204cbfbc4c";"DTU Department of Applied Mathematics and Computer Science";"sorbit";"sorbit";"Load-mapping of vertebral standardized uptake value uptake based on segmentation of PET-CT images|PET-CT til undersøgelse af rygsmerter I forbindelse med belastning"
"";"dtu|dtupub|third_party";"";"2024-03-14T07:14:57.086Z";"Madsen, Nicholas Schneider";"";"2734362899";"";"dtu";"2024";"";"";"";"";"thesis";"dtu|dtu_electronic|dtupub_external";"";"";"";"";"";"";"";"";"";"";"";"";"";"";"";"";"und";"65f2a3e39827701e237b7adf";"";"65f2a3e39827701e237b7adf";"DTU Department of Applied Mathematics and Computer Science";"sorbit";"sorbit";"Technical and economical comparison of electrolysis technologies for fully dynamic green ammonia production|Teknisk og økonomisk sammenligning af elektrolyseteknologier til fuld dynamisk grøn ammoniakproduktion"
"";"dtu|dtupub|third_party";"";"2023-06-08T00:11:57.034Z";"Rozario, Mette Gottschau";"";"2725500403";"";"dtu";"2023";"";"";"";"";"thesis";"dtu|dtu_electronic|dtupub|dtupub_electronic";"";"";"";"";"";"";"";"";"";"";"";"";"";"";"";"";"und";"64811ccc2e9b29bb5bd604ba";"";"64811ccc2e9b29bb5bd604ba";"DTU Department of Environmental and Resource Engineering";"sorbit";"sorbit";"Environmental impact assessment of sustainable wine growing in Europe|Environmental impact assessment of sustainable wine growing in Europe"
"";"dtu|dtupub|third_party";"";"2023-03-31T00:09:34.379Z";"Kittel, Alexander Gerard Niels";"";"2723319080";"";"dtu";"2023";"";"";"";"";"thesis";"dtu|dtu_electronic|dtupub|dtupub_electronic";"";"";"";"";"";"";"";"";"";"";"";"";"";"";"";"";"und";"642624beed5b8c3d3cc303de";"";"642624beed5b8c3d3cc303de";"DTU Department of Health Technology";"sorbit";"sorbit";"Robust voice activity detection of individual speakers in conversational speech-in-speech recordings|Robust detektion af individuel stemmeaktivitet i flerstemmig optagelse af samtaler"
"";"dtu|dtupub|third_party";"";"2023-07-24T00:12:05.416Z";"Karlsen, Nora Bjørvik";"";"2727253491";"";"dtu";"2023";"";"";"";"";"thesis";"dtu|dtu_electronic|dtupub|dtupub_electronic";"";"";"";"";"";"";"";"";"";"";"";"";"";"";"";"";"und";"64bdc1d5518c353131bbcae3";"";"64bdc1d5518c353131bbcae3";"DTU Department of Civil and Mechanical Engineering";"sorbit";"sorbit";"The effect of exposed CLT surfaces in early stage compartment fires - An investigation of fire properties using FDS|Effekten af eksponerede CLT-overflader i tidlige rumbrande - En undersøgelse af brandegenskaber ved hjælp af FDS"
"";"dtu|dtupub|third_party";"";"2023-02-22T01:09:44.496Z";"Flindt, Victor Girardin";"";"2718824984";"";"dtu";"2023";"";"";"";"";"thesis";"dtu|dtu_electronic|dtupub_external";"";"";"";"";"";"";"";"";"";"";"";"";"";"";"";"";"und";"63f56b58d9260991f75dc9fd";"";"63f56b58d9260991f75dc9fd";"DTU Department of Applied Mathematics and Computer Science";"sorbit";"sorbit";"Fault detection in industrial production processes using Deep learning methods|Fejldetektion i industrielle produktionsprocesser ved hjælp af Deep learning metoder"
"";"dtu|dtupub|third_party";"";"2024-02-10T06:17:57.603Z";"Amieva, Manuel Alvarez";"";"2731548484";"";"dtu";"2024";"";"";"";"";"thesis";"dtu|dtu_electronic|dtupub_external";"";"";"";"";"";"";"";"";"";"";"";"";"";"";"";"";"und";"65c6ccd79d1a6e5069e32395";"";"65c6ccd79d1a6e5069e32395";"DTU Department of Health Technology";"sorbit";"sorbit";"Improving purity of a cell therapy for Parkinson’s disease using gene-edited human pluripotent stem cells|Forbedring af renheden af ??en celleterapi for Parkinsons sygdom ved hjælp af genredigeret menneske pluripotente stamceller"
"";"dtu|dtupub|third_party";"";"2024-07-29T06:07:23.805Z";"Bofarull, Marcel Modol";"";"2737855597";"";"dtu";"2024";"";"";"";"";"thesis";"dtu|dtu_electronic|dtupub_external";"";"";"";"";"";"";"";"";"";"";"";"";"";"";"";"";"und";"66a6ddea4bbb34e8f3d6cc42";"";"66a6ddea4bbb34e8f3d6cc42";"DTU Department of Biotechnology and Biomedicine";"sorbit";"sorbit";"Characterization of 3 narrow leaf lupin lines identified as low alkaloid mutants: St0014, St415 and Obornicky|Karakterisering af 3 smalle bladlupinlinjer identificeret som lavalkaloidmutanter: St0014, St415 og Obornicky."
"";"dtu|dtupub|third_party";"";"2024-10-13T00:09:46.315Z";"Vanegas, Dayana Maria Harris";"";"2739678422";"";"dtu";"2024";"";"";"";"";"thesis";"dtu|dtu_electronic|dtupub_external";"";"";"";"";"";"";"";"";"";"";"";"";"";"";"";"";"und";"670b0fc96d12ae43d9b4056d";"";"670b0fc96d12ae43d9b4056d";"DTU Department of Energy Conversion and Storage";"sorbit";"sorbit";"Fabrication of Thin Electrolyte Layers for Proton Conducting Solid Oxide Electrolysis Cells|Fremstilling af Tynde Elektrolytlag for Protonledende Fastoxid Elektrolyseceller"
"";"dtu|dtupub|third_party";"";"2023-04-03T00:09:27.549Z";"Damgaard, Viktor Lyngsø Kjær";"";"2723372605";"";"dtu";"2023";"";"";"";"";"thesis";"dtu|dtu_electronic|dtupub_external";"";"";"";"";"";"";"";"";"";"";"";"";"";"";"";"";"und";"642a1936ff41183d3caaca11";"";"642a1936ff41183d3caaca11";"DTU Department of Civil and Mechanical Engineering";"sorbit";"sorbit";"Development of Modular Frigates|Udvikling af modulære fregatter"
"";"dtu|dtupub|third_party";"";"2024-07-23T15:42:09.434Z";"Lelli, Simone";"";"2737744398";"";"dtu";"2024";"";"";"";"";"thesis";"dtu|dtu_electronic|dtupub_external";"";"";"";"";"";"";"";"";"";"";"";"";"";"";"";"";"und";"669ef4ee6e64d3e8f311609f";"";"669ef4ee6e64d3e8f311609f";"DTU Department of Civil and Mechanical Engineering";"sorbit";"sorbit";"Laser structured TRD-hardened surfaces and their interaction with metallic counterparts|Laserstrukturerede TRD-hærdede overflader og deres vekselvirkning med metalliske modparter"
"";"dtu|dtupub|third_party";"";"2023-07-23T00:10:27.116Z";"Lelik, Aliz Hanga";"";"2727248217";"";"dtu";"2023";"";"";"";"";"thesis";"dtu|dtu_electronic|dtupub|dtupub_electronic";"";"";"";"";"";"";"";"";"";"";"";"";"";"";"";"";"und";"64bc6ff3e32c6b3131a4b4b1";"";"64bc6ff3e32c6b3131a4b4b1";"DTU Department of Chemical and Biochemical Engineering";"sorbit";"sorbit";"Modeling of mechanical properties of concatenated ring networks|Modellering af mekaniske egenskaber af netværk fra sammenviklede ringe"
"";"dtu|dtupub|third_party";"";"2023-12-12T11:26:15.999Z";"Norouzi, Sepideh";"";"2730276304";"";"dtu";"2023";"";"";"";"";"thesis";"dtu|dtu_electronic|dtupub|dtupub_electronic";"";"";"";"";"";"";"";"";"";"";"";"";"";"";"";"";"und";"655d54c6ccc2771316804203";"";"655d54c6ccc2771316804203";"DTU Department of Civil and Mechanical Engineering";"sorbit";"sorbit";"Prediction of increased fuel consumption due to fouling of hull and propeller|Forudsigelse af forøget brændstofforbrug pga. skrogbegroning"
"";"dtu|dtupub|third_party";"";"2023-09-25T00:09:30.694Z";"Seuma, Albert Planes";"";"2728660052";"";"dtu";"2023";"";"";"";"";"thesis";"dtu|dtu_electronic|dtupub|dtupub_electronic";"";"";"";"";"";"";"";"";"";"";"";"";"";"";"";"";"und";"6510cfba9b54f5cab1e3243a";"";"6510cfba9b54f5cab1e3243a";"DTU Department of Applied Mathematics and Computer Science";"sorbit";"sorbit";"An analysis of modern malware: monitorization, replication and mitigation of the main tool of the cybercriminals|En analyse af moderne malware: overvagning, replikering og afbødning af cyberkriminelles vigtigste værktøj"
"";"dtu|dtupub|third_party";"";"2023-03-10T01:09:42.108Z";"Saleh, Mohammed";"";"2720411784";"";"dtu";"2023";"";"";"";"";"thesis";"dtu|dtu_electronic|dtupub_external";"";"";"";"";"";"";"";"";"";"";"";"";"";"";"";"";"und";"640a83514af02e17f8ff7dc6";"";"640a83514af02e17f8ff7dc6";"DTU Department of Civil and Mechanical Engineering";"sorbit";"sorbit";"Numerical simulation of cavitation in a fuel nozzle|Numeriske beregninger af kavitation i brændstofsdyse"
"";"dtu|dtupub|third_party";"";"2023-03-26T01:09:51.326Z";"Dhagat, Tanish";"";"2723199493";"";"dtu";"2023";"";"";"";"";"thesis";"dtu|dtu_electronic|dtupub_external";"";"";"";"";"";"";"";"";"";"";"";"";"";"";"";"";"und";"641f9b5e18b3713c2979ac6f";"";"641f9b5e18b3713c2979ac6f";"DTU Department of Chemical and Biochemical Engineering";"sorbit";"sorbit";"Reinforcement learning for statistical process control in API manufacturing|Reinforcement learning for statistical process control in API manufacturing"
"";"dtu|dtupub|third_party";"";"2024-02-17T08:33:35.545Z";"Rasmussen, Casper";"";"2732362967";"";"dtu";"2024";"";"";"";"";"thesis";"dtu|dtu_electronic|dtupub|dtupub_electronic";"";"";"";"";"";"";"";"";"";"";"";"";"";"";"";"";"und";"65d007530ab7a03327156358";"";"65d007530ab7a03327156358";"DTU Department of Health Technology";"sorbit";"sorbit";"Use of L1000 Expression Data to Elucidate Biological Mechanisms|Brug af L1000 Expressionsdata for at elucidere biologiske mekanismer"
"";"dtu|dtupub|third_party";"";"2024-08-01T07:56:04.025Z";"Sideris, Alkis";"";"2737925877";"";"dtu";"2024";"";"";"";"";"thesis";"dtu|dtu_electronic|dtupub|dtupub_electronic";"";"";"";"";"";"";"";"";"";"";"";"";"";"";"";"";"und";"66aad2565434dae8f3e64b2d";"";"66aad2565434dae8f3e64b2d";"DTU Department of Environmental and Resource Engineering";"sorbit";"sorbit";"Effect of Offshore Monopile Driving on the Adjacent Spudcan Penetration|Effekt af offshore monopælsramning pa den tilstødende spudcan-penetration"
"";"dtu|dtupub|third_party";"";"2023-02-01T01:09:35.961Z";"Nastas, Asterios";"";"2718416171";"";"dtu";"2023";"";"";"";"";"thesis";"dtu|dtu_electronic|dtupub_external";"";"";"";"";"";"";"";"";"";"";"";"";"";"";"";"";"und";"63d9bbcf2ed1961e04e11756";"";"63d9bbcf2ed1961e04e11756";"DTU Department of Applied Mathematics and Computer Science";"sorbit";"sorbit";"A Cluster Analysis of Hearing Aid Usage Patterns based on Different Clinical Profiles from Fitting Data|En ""cluster"" analyse af brug af høreapparater baseret pa dataprofiler fra den kliniske tilpasning"
"";"dtu|dtupub|third_party";"";"2023-07-31T00:10:44.469Z";"Dou, Miguel Negre";"";"2727406346";"";"dtu";"2023";"";"";"";"";"thesis";"dtu|dtu_electronic|dtupub|dtupub_electronic";"";"";"";"";"";"";"";"";"";"";"";"";"";"";"";"";"und";"64c6fc04d6fedf1f4f69a40b";"";"64c6fc04d6fedf1f4f69a40b";"DTU Department of Space Research and Space Technology";"sorbit";"sorbit";"Decoupling the effects of soil moisture and ground deformation in SAR Interferometry|Decoupling the effects of soil moisture and ground deformation in SAR Interferometry"
"";"dtu|dtupub|third_party";"";"2024-02-28T01:24:16.878Z";"Carrascal, Pau Fabregat";"";"2733712163";"";"dtu";"2024";"";"";"";"";"thesis";"dtu|dtu_electronic|dtupub|dtupub_electronic";"";"";"";"";"";"";"";"";"";"";"";"";"";"";"";"";"und";"65de87e47aba050174cdc67d";"";"65de87e47aba050174cdc67d";"DTU Department of Space Research and Space Technology";"sorbit";"sorbit";"Implementation of a combined persistent- and distributed-scatterer InSAR algorithm, with application to tailing dams monitoring|Implementation of a combined persistent- and distributed-scatterer InSAR algorithm, with application to tailing dams monitoring"
"";"dtu|dtupub|third_party";"";"2024-05-24T00:09:49.873Z";"Pac, Konrad Ryszard";"";"2736444773";"";"dtu";"2024";"";"";"";"";"thesis";"dtu|dtu_electronic|dtupub|dtupub_electronic";"";"";"";"";"";"";"";"";"";"";"";"";"";"";"";"";"und";"664fdacdcaa07b2851d764eb";"";"664fdacdcaa07b2851d764eb";"DTU Department of Space Research and Space Technology";"sorbit";"sorbit";"Antenna element for use in planar phased array antennas in K-band|Antenne element til brug for fasede antennegrupper i K-band"
"";"dtu|dtupub|third_party";"";"2024-07-29T06:07:23.716Z";"Franze, Sarah Elizabeth";"";"2737855548";"";"dtu";"2024";"";"";"";"";"thesis";"dtu|dtu_electronic|dtupub|dtupub_electronic";"";"";"";"";"";"";"";"";"";"";"";"";"";"";"";"";"und";"66a6dde76dde5ee8f374b57a";"";"66a6dde76dde5ee8f374b57a";"DTU Department of Space Research and Space Technology";"sorbit";"sorbit";"Investigation of first release SWOT data for in land water applications|Undersøgelse af første version SWOT data til indlandsvandsapplikationer"
"";"dtu|dtupub|third_party";"School of Culture and Society - Department of Archeology and Heritage Studies, School of Culture and Society, Arts, Aarhus University";"2025-08-14T13:02:30.533Z";"Kaas, Mathias";"";"2873003071";"";"";"2024";"";"";"";"";"thesis";"dtu_external|dtupub_external";"";"";"";"";"";"";"";"";"";"";"";"";"";"";"";"";"eng";"689dddf3a2aef200e3b6d466";"0009-0003-8625-684X";"689dddf3a2aef200e3b6d466";"";"rdb_au";"rdb_au";"Brooches and Beyond: A New Corpus of Viking-Age Equal-Armed Brooches in a Nordic Context with an Analytical Focus on Typology, Networks, and Supra-regionality"
"";"dtu|dtupub|third_party";"";"2024-04-27T00:09:48.807Z";"Ranjbardizaj, Benyamin";"";"2735805906";"";"dtu";"2024";"";"";"";"";"thesis";"dtu|dtu_electronic|dtupub|dtupub_electronic";"";"";"";"";"";"";"";"";"";"";"";"";"";"";"";"";"und";"662c424bd1250301733a75aa";"";"662c424bd1250301733a75aa";"DTU Department of Physics";"sorbit";"sorbit";"Electrolyte optimization for the lithium mediated ammonia synthesis|Optimering af elektrolyt til lithium medieret ammoniak syntese"
"";"dtu|dtupub|third_party";"";"2024-09-25T00:09:53.777Z";"Gkountou, Nektaria-Anastasia";"";"2739276774";"";"dtu";"2024";"";"";"";"";"thesis";"dtu|dtu_electronic|dtupub|dtupub_electronic";"";"";"";"";"";"";"";"";"";"";"";"";"";"";"";"";"und";"66f354d10d50df43d99cb41e";"";"66f354d10d50df43d99cb41e";"DTU Department of Civil and Mechanical Engineering";"sorbit";"sorbit";"Biogas to methanol: technoeconomic analysis and comparison of systems|Biogas til methanol: tekno-økonomisk analyse og sammenligning af systemer"
"";"dtu|dtupub|third_party";"";"2024-02-28T01:24:35.284Z";"Iglesias, Carlos Cantallops Iglesias";"";"2733713715";"";"dtu";"2024";"";"";"";"";"thesis";"dtu|dtu_electronic|dtupub_external";"";"";"";"";"";"";"";"";"";"";"";"";"";"";"";"";"und";"65de883b84b2290174cbff77";"";"65de883b84b2290174cbff77";"DTU Department of Health Technology";"sorbit";"sorbit";"Optimizing the synthesis of ZIF-90 particles as potential hemoglobin-based oxygen carriers|Synteseoptimering af ZIF-90 partikler som potentiel hæmoglobinbaseret oxygen carrier"
"";"dtu|dtupub|third_party";"";"2024-07-18T05:34:04.268Z";"Wlodarczyk, Stanislaw Witold";"";"2737649079";"";"dtu";"2024";"";"";"";"";"thesis";"dtu|dtu_electronic|dtupub_external";"";"";"";"";"";"";"";"";"";"";"";"";"";"";"";"";"und";"66985d51c2f622e8f3adefe7";"";"66985d51c2f622e8f3adefe7";"DTU Department of Chemical and Biochemical Engineering";"sorbit";"sorbit";"GHG emission reductions in drilling activities|Emissioner af drivhusgasser under boring"
"";"dtu|dtupub|third_party";"";"2023-12-12T11:26:16.258Z";"Pallis, Evangelos";"";"2730276317";"";"dtu";"2023";"";"";"";"";"thesis";"dtu|dtu_electronic|dtupub|dtupub_electronic";"";"";"";"";"";"";"";"";"";"";"";"";"";"";"";"";"und";"65726cc96455891316d9dcf1";"";"65726cc96455891316d9dcf1";"DTU Department of Wind and Energy Systems";"sorbit";"sorbit";"Data-driven models for wind turbine load time series simulation|Datadrevne modeller til simulering af tidsserier af vindmøllelaster"
"";"dtu|dtupub|third_party";"";"2023-04-01T00:09:45.844Z";"Halldórsdóttir, Herdís Rún";"";"2723340245";"";"dtu";"2023";"";"";"";"";"thesis";"dtu|dtu_electronic|dtupub_external";"";"";"";"";"";"";"";"";"";"";"";"";"";"";"";"";"und";"64277649912ac73d3c983c49";"";"64277649912ac73d3c983c49";"DTU Department of Civil and Mechanical Engineering";"sorbit";"sorbit";"Additive Manufacturing of biomedical components, targeting the dental industry|Additiv Fremstilling af biomedicinske komponenter malrettet dentalindustrien"
"";"dtu|dtupub|third_party";"";"2023-03-01T01:09:40.602Z";"Piwowarczyk, Martyna Joanna";"";"2720010063";"";"dtu";"2023";"";"";"";"";"thesis";"dtu|dtu_electronic|dtupub_external";"";"";"";"";"";"";"";"";"";"";"";"";"";"";"";"";"und";"63fea5d4bb15b63bca2e8a7d";"";"63fea5d4bb15b63bca2e8a7d";"DTU Department of Chemical and Biochemical Engineering";"sorbit";"sorbit";"Fermentation optimization of a baking enzyme from Aspergillus oryzae|Fermenteringsoptimering af et bageenzym fra Aspergillus oryzae"
"";"dtu|dtupub|third_party";"";"2023-07-24T00:11:30.182Z";"DUPONT, Antoine Bernard Marie Jean";"";"2727253420";"";"dtu";"2023";"";"";"";"";"thesis";"dtu|dtu_electronic|dtupub|dtupub_electronic";"";"";"";"";"";"";"";"";"";"";"";"";"";"";"";"";"und";"64bdc1b244c8243131771424";"";"64bdc1b244c8243131771424";"DTU Department of Wind and Energy Systems";"sorbit";"sorbit";"Assessment of AC based topology for offshore energy islands|Analyse af AC baseret topologi for energiøer"
"";"dtu|dtupub|third_party";"";"2024-09-10T00:09:59.122Z";"Vad, Isabella Benedicte";"";"2738972442";"";"dtu";"2024";"";"";"";"";"thesis";"dtu|dtu_electronic|dtupub|dtupub_electronic";"";"";"";"";"";"";"";"";"";"";"";"";"";"";"";"";"und";"66df8e54dcc83f1d78d79692";"";"66df8e54dcc83f1d78d79692";"DTU Department of Civil and Mechanical Engineering";"sorbit";"sorbit";"Development and Testing of Various AI Approaches to address challenges related to the CSRD|Udvikling og afprøvning af forskellige AI tilgange for at adressere udfordringer relateret til CSRD"
"";"dtu|dtupub|third_party";"";"2023-07-31T00:10:27.816Z";"Wehage, Andreas Roed";"";"2727406320";"";"dtu";"2023";"";"";"";"";"thesis";"dtu|dtu_electronic|dtupub_external";"";"";"";"";"";"";"";"";"";"";"";"";"";"";"";"";"und";"64c6fbf3600c811f4f0a9ab2";"";"64c6fbf3600c811f4f0a9ab2";"DTU Department of Electrical and Photonics Engineering";"sorbit";"sorbit";"Design of high-voltage integrated circuits for driving GaN transistor based switched-capacitor power converter|Design af højspændings integreret kredsløb til at drive en GaN transistor baseret switched-capacitor strømforsyning."
"";"dtu|dtupub|third_party";"";"2024-03-13T01:51:47.916Z";"Lindahl, Oskar Brædder";"";"2734350181";"";"dtu";"2024";"";"";"";"";"thesis";"dtu|dtu_electronic|dtupub|dtupub_electronic";"";"";"";"";"";"";"";"";"";"";"";"";"";"";"";"";"und";"65f0fcd070fcaf1637463078";"";"65f0fcd070fcaf1637463078";"DTU Department of Chemistry";"sorbit";"sorbit";"ROS-cleavable linker in treatment of Alzheimer’s Disease|ROS-kløvbar linker til behandling af Alzheimers sygdom"
"";"dtu|dtupub|third_party";"";"2024-09-10T09:15:07.567Z";"Thulstrup, Christian Rømer";"";"2737227150";"";"dtu";"2024";"";"";"";"";"thesis";"dtu|dtu_electronic|dtupub|dtupub_electronic";"";"";"";"";"";"";"";"";"";"";"";"";"";"";"";"";"und";"668496e01c36c31cdf9d012d";"";"668496e01c36c31cdf9d012d";"DTU Department of Electrical and Photonics Engineering";"sorbit";"sorbit";"Radar Integrity Monitoring through Multimodal Sensor Fusion|Radarintegritetsovervagning gennem multimodal sensorfusion"
"";"dtu|dtupub|third_party";"";"2023-08-31T00:09:28.258Z";"Guo, Zhihan";"";"2727992337";"";"dtu";"2023";"";"";"";"";"thesis";"dtu|dtu_electronic|dtupub|dtupub_electronic";"";"";"";"";"";"";"";"";"";"";"";"";"";"";"";"";"und";"64efda384a19502052c58c00";"";"64efda384a19502052c58c00";"DTU Department of Electrical and Photonics Engineering";"sorbit";"sorbit";"Room acoustic simulation under unified binaural auralization based on spherical harmonic method|Rumakustisk simulering under ensartet binaural auralisering baseret pa sfærisk harmonisk metode"
"";"dtu|dtupub|third_party";"";"2023-09-20T00:09:26.655Z";"Darville, Simon Kastbjerg";"";"2728423480";"";"dtu";"2023";"";"";"";"";"thesis";"dtu|dtu_electronic|dtupub|dtupub_electronic";"";"";"";"";"";"";"";"";"";"";"";"";"";"";"";"";"und";"650a3836b5595a566bb9032e";"";"650a3836b5595a566bb9032e";"DTU Department of Civil and Mechanical Engineering";"sorbit";"sorbit";"Modular architecture development at Foss|Modulær arkitekturudvikling hos Foss"
"";"dtu|dtupub|third_party";"";"2024-09-01T00:10:00.364Z";"Arildsen, Bolette Marianne";"";"2738587524";"";"dtu";"2024";"";"";"";"";"thesis";"dtu|dtu_electronic|dtupub_external";"";"";"";"";"";"";"";"";"";"";"";"";"";"";"";"";"und";"66d3b0d864e732bcc435cfa5";"";"66d3b0d864e732bcc435cfa5";"DTU Department of Applied Mathematics and Computer Science";"sorbit";"sorbit";"Modelling of Follicle Growth and Optimal Triggering in In Vitro Fertilization|Modellering af follikelvækst og optimal triggering i in vitro befrugtning"
"";"dtu|dtupub|third_party";"";"2023-02-22T01:09:33.795Z";"Sopha, Jan Matthis";"";"2718824900";"";"dtu";"2023";"";"";"";"";"thesis";"dtu|dtu_electronic|dtupub|dtupub_electronic";"";"";"";"";"";"";"";"";"";"";"";"";"";"";"";"";"und";"63f56b4da6157391f7714c92";"";"63f56b4da6157391f7714c92";"DTU Department of Civil and Mechanical Engineering";"sorbit";"sorbit";"CFD modelling of pressure swirl|CFD modelling of pressure swirl"
"";"dtu|dtupub|third_party";"";"2024-09-25T00:09:54.599Z";"Zaheer, Jawad";"";"2739276806";"";"dtu";"2024";"";"";"";"";"thesis";"dtu|dtu_electronic|dtupub|dtupub_electronic";"";"";"";"";"";"";"";"";"";"";"";"";"";"";"";"";"und";"66f354d285d42f43d94af260";"";"66f354d285d42f43d94af260";"DTU Department of Applied Mathematics and Computer Science";"sorbit";"sorbit";"Covert Watermarking of Digital Documents|Covert Watermarking of Digital Documents"
"";"dtu|dtupub|third_party";"";"2024-07-29T06:07:22.465Z";"Aleksandraviciute, Migle";"";"2737855344";"";"dtu";"2024";"";"";"";"";"thesis";"dtu|dtu_electronic|dtupub|dtupub_electronic";"";"";"";"";"";"";"";"";"";"";"";"";"";"";"";"";"und";"66a6ddcf502192e8f3ce30ab";"";"66a6ddcf502192e8f3ce30ab";"DTU Department of Environmental and Resource Engineering";"sorbit";"sorbit";"Overheating, climate change and sleep quality|Overophedning, klimaforandringer og sovekvalitet"
"";"dtu|dtupub|third_party";"";"2023-04-17T06:47:22.181Z";"Verner, Thorbjørn Gade";"";"2723582265";"";"dtu";"2023";"";"";"";"";"thesis";"dtu|dtu_electronic|dtupub_external";"";"";"";"";"";"";"";"";"";"";"";"";"";"";"";"";"und";"6439eb3cc623313fdee7a14b";"";"6439eb3cc623313fdee7a14b";"DTU Department of Civil and Mechanical Engineering";"sorbit";"sorbit";"Development of a robust concept for introducing wireless Audio Accessories to Encrypted Tactical Radio Communication|Udvikling af et robust koncept for introduktion af tradløst audiotilbehør til krypteret taktisk radiokommunikation"
"";"dtu|dtupub|third_party";"";"2024-01-11T01:09:24.582Z";"Jónsson, Bernhard Anton";"";"2730944859";"";"dtu";"2023";"";"";"";"";"thesis";"dtu|dtu_electronic|dtupub_external";"";"";"";"";"";"";"";"";"";"";"";"";"";"";"";"";"und";"659f3fc4638b2402d2cc980e";"";"659f3fc4638b2402d2cc980e";"DTU Department of Electrical and Photonics Engineering";"sorbit";"sorbit";"Obstacle Detection for Autonomous Systems in Agricultural Environment|Forhindringsdetektion til autonome systemer i landbrugsmiljø"
"";"dtu|dtupub|third_party";"";"2023-02-20T01:09:40.252Z";"Vanheeghe, Thibault Vincent";"";"2718754754";"";"dtu";"2023";"";"";"";"";"thesis";"dtu|dtu_electronic|dtupub_external";"";"";"";"";"";"";"";"";"";"";"";"";"";"";"";"";"und";"63f2c853ccdbdc91f77fc6cf";"";"63f2c853ccdbdc91f77fc6cf";"DTU Department of Technology, Management and Economics";"sorbit";"sorbit";"What is the role of global institutions in meeting climate targets: A case study of the UNDP|Hvad er globale institutioners rolle i at opfylde klimamal: Et casestudie af UNDP"
"";"dtu|dtupub|third_party";"";"2023-07-17T00:10:42.648Z";"Muñoz, Ana Bustos";"";"2727113772";"";"dtu";"2023";"";"";"";"";"thesis";"dtu|dtu_electronic|dtupub_external";"";"";"";"";"";"";"";"";"";"";"";"";"";"";"";"";"und";"64b48700e6aa59915259c471";"";"64b48700e6aa59915259c471";"DTU Department of Health Technology";"sorbit";"sorbit";"Enhancing the physiological relevance of primary respiratory organoids for tissue engineering and disease modelling|Fremning af fysiologisk relevans af primære respiratoriske organoider til vævsdyrkning og sygdomsmodellering"
"";"dtu|dtupub|third_party";"";"2024-04-12T00:09:45.378Z";"Schmidt, Jacob Bahnsen";"";"2735518335";"";"dtu";"2024";"";"";"";"";"thesis";"dtu|dtu_electronic|dtupub|dtupub_electronic";"";"";"";"";"";"";"";"";"";"";"";"";"";"";"";"";"und";"66187bc8d45a8d1a240a6cd7";"";"66187bc8d45a8d1a240a6cd7";"DTU Department of Applied Mathematics and Computer Science";"sorbit";"sorbit";"Predicting bacterial infections using machine learning|Prediktering af bakterielle infektioner med maskinlæring"
"";"dtu|dtupub|third_party";"";"2024-03-13T01:51:48.013Z";"Denker, Mikkel Buchard";"";"2734350186";"";"dtu";"2024";"";"";"";"";"thesis";"dtu|dtu_electronic|dtupub|dtupub_electronic";"";"";"";"";"";"";"";"";"";"";"";"";"";"";"";"";"und";"65f0fcd4d75c751637ffd116";"";"65f0fcd4d75c751637ffd116";"DTU Department of Applied Mathematics and Computer Science";"sorbit";"sorbit";"Et framework til analysen af populationsstrukturen I evolutionære algoritmer|A Framework for the Analysis of Population Structure in Evolutionary Algorithms"
"";"dtu|dtupub|third_party";"";"2024-12-27T01:14:21.602Z";"Seghers, Paul Gerard R";"";"2854339297";"";"dtu";"2024";"";"";"";"";"thesis";"dtu|dtu_electronic|dtupub|dtupub_electronic";"";"";"";"";"";"";"";"";"";"";"";"";"";"";"";"";"und";"676dfe5164abf9a8040e27f2";"";"676dfe5164abf9a8040e27f2";"DTU Department of Chemical and Biochemical Engineering";"sorbit";"sorbit";"Grokking hybrid-GNN for molecular properties|Grokking hybrid-GNN for molekylære egenskaber"
"";"dtu|dtupub|third_party";"";"2024-07-23T15:42:09.575Z";"Jhou, Jian-Ting";"";"2737744438";"";"dtu";"2024";"";"";"";"";"thesis";"dtu|dtu_electronic|dtupub|dtupub_electronic";"";"";"";"";"";"";"";"";"";"";"";"";"";"";"";"";"und";"669ef53717ea57e8f3eeac55";"";"669ef53717ea57e8f3eeac55";"DTU Department of Civil and Mechanical Engineering";"sorbit";"sorbit";"Overall surface efficiency of finned tube evaporators considering accumalated frost|Overfladeeffektivitet af ribberrørsfordampere med akkumuleret rim"
"";"dtu|dtupub|third_party";"";"2023-04-20T00:09:37.116Z";"Thybo, Jonathan Kistrup";"";"2723682349";"";"dtu";"2023";"";"";"";"";"thesis";"dtu|dtu_electronic|dtupub_external";"";"";"";"";"";"";"";"";"";"";"";"";"";"";"";"";"und";"644082bb0af43d68b1b11a93";"";"644082bb0af43d68b1b11a93";"DTU Department of Technology, Management and Economics";"sorbit";"sorbit";"Automation of Route Planning in a Maritime Inventory Routing Problem using Operations Research Techniques|Automatisering af Ruteplanlægning i et Maritimt Inventory Routing Problem ved brug af Operationsanalyseteknikker"
"";"dtu|dtupub|third_party";"";"2023-07-24T00:11:50.882Z";"Andreasson, Magnus Hjerrild";"";"2727253457";"";"dtu";"2023";"";"";"";"";"thesis";"dtu|dtu_electronic|dtupub|dtupub_electronic";"";"";"";"";"";"";"";"";"";"";"";"";"";"";"";"";"und";"64bdc1c697b627313158883b";"";"64bdc1c697b627313158883b";"DTU Department of Environmental and Resource Engineering";"sorbit";"sorbit";"Stochastic simulation of human behaviour regarding windows|Stokastisk simulering af menneskers adfærd omkring vinduer"
"";"dtu|dtupub|third_party";"";"2024-08-01T06:44:39.004Z";"Grande, Martin Montero";"";"2737905498";"";"dtu";"2024";"";"";"";"";"thesis";"dtu|dtu_electronic|dtupub_external";"";"";"";"";"";"";"";"";"";"";"";"";"";"";"";"";"und";"66a980f0f6cab2e8f334dc62";"";"66a980f0f6cab2e8f334dc62";"DTU Department of Chemical and Biochemical Engineering";"sorbit";"sorbit";"Computational Fluid Dynamics Simulation of CO2 Ingress Container Closure Integrity Tests|CFD simulering af CO2 af beholder luknings integritets test"
"";"dtu|dtupub|third_party";"";"2023-10-18T00:09:28.818Z";"Nisbeth, Rune Munch";"";"2729158652";"";"dtu";"2023";"";"";"";"";"thesis";"dtu|dtu_electronic|dtupub|dtupub_electronic";"";"";"";"";"";"";"";"";"";"";"";"";"";"";"";"";"und";"652f22379e75471b7217916d";"";"652f22379e75471b7217916d";"DTU Department of Applied Mathematics and Computer Science";"sorbit";"sorbit";"How does context affect our cognitive abilities and user experience?|Hvordan ændrer kontekst vores kognitive evner og user experience?"
"";"dtu|dtupub|third_party";"";"2024-08-04T00:53:54.208Z";"Garde, Albert Ramus Sidenius";"";"2737983304";"";"dtu";"2024";"";"";"";"";"thesis";"dtu|dtu_electronic|dtupub|dtupub_electronic";"";"";"";"";"";"";"";"";"";"";"";"";"";"";"";"";"und";"66aec6d0aa1e1ce8f3289cb4";"";"66aec6d0aa1e1ce8f3289cb4";"DTU Department of Applied Mathematics and Computer Science";"sorbit";"sorbit";"Graph Interpretations of Latent Features of Transformer Language Models|Graffortolkning af repræsentationer i transformer sprogmodeller"
"";"dtu|dtupub|third_party";"";"2024-08-31T00:10:18.202Z";"Brekel, Hidde Oberon Machiel Jan van den";"";"2738564709";"";"dtu";"2024";"";"";"";"";"thesis";"dtu|dtu_electronic|dtupub_external";"";"";"";"";"";"";"";"";"";"";"";"";"";"";"";"";"und";"66d25f6a9cdd12bcc4bb9f44";"";"66d25f6a9cdd12bcc4bb9f44";"DTU Department of Chemical and Biochemical Engineering";"sorbit";"sorbit";"Guard-bed development for vegetable oil in HDO application|Udvikling af guard leje til anvendelse ved HDO af vegetabilske olier"
"";"dtu|dtupub|third_party";"";"2024-06-14T00:09:42.128Z";"Istatiadis, Evangelos";"";"2736918771";"";"dtu";"2024";"";"";"";"";"thesis";"dtu|dtu_electronic|dtupub_external";"";"";"";"";"";"";"";"";"";"";"";"";"";"";"";"";"und";"666b8a459acc0217d3962b29";"";"666b8a459acc0217d3962b29";"DTU Department of Space Research and Space Technology";"sorbit";"sorbit";"Developing Advanced Theoretical Detector Model Frameworks with Experimental Verification for the 3D CdZnTe Drift Strip Detectors|Udvikling af avancerede teoretiske detektormodelrammer med eksperimentel verifikation for 3D CdZnTe driftstripdetektorer"
"";"dtu|dtupub|third_party";"";"2024-09-21T00:09:53.422Z";"Vrettou, Artemis";"";"2739188845";"";"dtu";"2024";"";"";"";"";"thesis";"dtu|dtu_electronic|dtupub|dtupub_electronic";"";"";"";"";"";"";"";"";"";"";"";"";"";"";"";"";"und";"66ee0ed196ce1143d9d73789";"";"66ee0ed196ce1143d9d73789";"DTU Department of Space Research and Space Technology";"sorbit";"sorbit";"Optimization of sea ice thickness estimation method based on the consistency between CryoSat-2 and ICESat-2 retrievals|Optimization of sea ice thickness estimation method based on the consistency between CryoSat-2 and ICESat-2 retrievals"
"";"dtu|dtupub|third_party";"";"2023-03-08T01:09:32.600Z";"Papadopoulos, Chrysostomos";"";"2720326057";"";"dtu";"2023";"";"";"";"";"thesis";"dtu|dtu_electronic|dtupub_external";"";"";"";"";"";"";"";"";"";"";"";"";"";"";"";"";"und";"6407e04c02096c3c96529826";"";"6407e04c02096c3c96529826";"DTU Department of Applied Mathematics and Computer Science";"sorbit";"sorbit";"Condition monitoring using machine learning|Brug af maskinlæring til Tilstandsmonitorering"
"";"dtu|dtupub|third_party";"";"2023-03-03T02:05:56.274Z";"Helgren, Emil";"";"2720125358";"";"dtu";"2023";"";"";"";"";"thesis";"dtu|dtu_electronic|dtupub|dtupub_electronic";"";"";"";"";"";"";"";"";"";"";"";"";"";"";"";"";"und";"640148d2c1cd973c128bee3b";"";"640148d2c1cd973c128bee3b";"DTU Department of Wind and Energy Systems";"sorbit";"sorbit";"Feature-driven trading of wind power and hydrogen|Data-drevet handel af vindenergi og brint"
"";"dtu|dtupub|third_party";"";"2023-03-04T06:55:14.086Z";"Galan, Raúl Alcácer";"";"2720214402";"";"dtu";"2023";"";"";"";"";"thesis";"dtu|dtu_electronic|dtupub|dtupub_electronic";"";"";"";"";"";"";"";"";"";"";"";"";"";"";"";"";"und";"6402eb4b99de793c45c670e6";"";"6402eb4b99de793c45c670e6";"DTU Department of Electrical and Photonics Engineering";"sorbit";"sorbit";"Degradation Rates of Photovoltaic Plants in Northern Latitudes|Nedbrydningsrater for solcelleanlæg i nordlige breddegrader"
"";"dtu|dtupub|third_party";"";"2023-04-05T00:09:28.523Z";"Nørregaard, Agnete Marie|Thiim, Thea Catrine";"";"2723428105";"";"dtu";"2023";"";"";"";"";"thesis";"dtu|dtu_electronic|dtupub|dtupub_electronic";"";"";"";"";"";"";"";"";"";"";"";"";"";"";"";"";"und";"642cbc38aeac8f3d3c46afaa";"";"642cbc38aeac8f3d3c46afaa";"DTU Department of Environmental and Resource Engineering";"sorbit";"sorbit";"Decentralised softening of drinking water in Denmark: Field investigations of water quality|Decentral blødgøring af drikkevand i Danmark: Feltundersøgelser af vandkvalitet"
"";"dtu|dtupub|third_party";"";"2023-04-27T00:09:36.168Z";"Elmquist, Mathias Albert";"";"2723792339";"";"dtu";"2023";"";"";"";"";"thesis";"dtu|dtu_electronic|dtupub_external";"";"";"";"";"";"";"";"";"";"";"";"";"";"";"";"";"und";"6449bd3ccce39311c200663b";"";"6449bd3ccce39311c200663b";"DTU DTU National Food Institute";"sorbit";"sorbit";"Isolation and characterisation of wild yeasts in Denmark|Isolering og karakterisering af vild gær i Danmark"
"";"dtu|dtupub|third_party";"";"2023-02-16T01:09:54.892Z";"Gulyás, Gábor Máté";"";"2718681369";"";"dtu";"2023";"";"";"";"";"thesis";"dtu|dtu_electronic|dtupub_external";"";"";"";"";"";"";"";"";"";"";"";"";"";"";"";"";"und";"63ed825bf453ae91f772f8ce";"";"63ed825bf453ae91f772f8ce";"DTU Department of Technology, Management and Economics";"sorbit";"sorbit";"Implementation of interactive progress- and performance monitoring web dashboard for digital twin-based stroke therapy|Implementering af et interaktivt web dashboard for monitorering af genoptræning baseret pa en digital patient tvillings-model"
"";"dtu|dtupub|third_party";"";"2023-03-01T01:09:40.577Z";"Panias, Marios";"";"2720010062";"";"dtu";"2023";"";"";"";"";"thesis";"dtu|dtu_electronic|dtupub_external";"";"";"";"";"";"";"";"";"";"";"";"";"";"";"";"";"und";"63fea5d426c6e43bcadd42d5";"";"63fea5d426c6e43bcadd42d5";"DTU Department of Civil and Mechanical Engineering";"sorbit";"sorbit";"Uncertainty quantification in nonlinear state estimation|Kvantificering af usikkerheden ved ikke-lineær tilstandsestimering"
"";"dtu|dtupub|third_party";"";"2023-03-03T02:05:56.543Z";"Finne-Ipsen, Julie";"";"2720125364";"";"dtu";"2023";"";"";"";"";"thesis";"dtu|dtu_electronic|dtupub_external";"";"";"";"";"";"";"";"";"";"";"";"";"";"";"";"";"und";"640148d72b30493c1253bb3a";"";"640148d72b30493c1253bb3a";"DTU Department of Chemical and Biochemical Engineering";"sorbit";"sorbit";"Techno-economic comparison of catalytic and biological PtX pathways|Tekno-økonomisk sammenligning af katalytiske og biologiske PtX ruter"
"";"dtu|dtupub|third_party";"";"2023-05-28T00:09:49.645Z";"Meisner, Charlotte Rie Lindemann";"";"2724618910";"";"dtu";"2023";"";"";"";"";"thesis";"dtu|dtu_electronic|dtupub|dtupub_electronic";"";"";"";"";"";"";"";"";"";"";"";"";"";"";"";"";"und";"64729bcbf90223bb5b6aefd2";"";"64729bcbf90223bb5b6aefd2";"DTU DTU National Food Institute";"sorbit";"sorbit";"Functionalities of hydrolyzed proteins and chitosan from shrimp side stream in food systems|Funktionaliteten af hydrolyseret protein og chitosan fra reje-sidestrømme i fødevaresystemer"
"";"dtu|dtupub|third_party";"";"2023-09-11T00:09:29.763Z";"Hoffmann, Colin";"";"2728235977";"";"dtu";"2023";"";"";"";"";"thesis";"dtu|dtu_electronic|dtupub|dtupub_electronic";"";"";"";"";"";"";"";"";"";"";"";"";"";"";"";"";"und";"64fe5ab907511223c6435704";"";"64fe5ab907511223c6435704";"DTU Department of Electrical and Photonics Engineering";"sorbit";"sorbit";"Transformer-Based Bird's-Eye-View Mapping for Unstructured Environments|Transformer-Based Bird's-Eye-View Mapping for Unstructured Environments"
"";"dtu|dtupub|third_party";"";"2023-08-28T00:09:23.834Z";"Jusseaume, Thomas Philippe Marcel";"";"2727909687";"";"dtu";"2023";"";"";"";"";"thesis";"dtu|dtu_electronic|dtupub|dtupub_electronic";"";"";"";"";"";"";"";"";"";"";"";"";"";"";"";"";"und";"64ebe5b346621620529721ee";"";"64ebe5b346621620529721ee";"DTU Department of Electrical and Photonics Engineering";"sorbit";"sorbit";"Development of novel crystal-phase quantum dots for quantum information processing|Udvikling af nye krystalfase kvanteprikker til kvanteinformationsprocessering"
"";"dtu|dtupub|third_party";"";"2024-03-13T01:51:48.693Z";"Poulsen, Magnus Hamann";"";"2734350192";"";"dtu";"2024";"";"";"";"";"thesis";"dtu|dtu_electronic|dtupub|dtupub_electronic";"";"";"";"";"";"";"";"";"";"";"";"";"";"";"";"";"und";"65f0fcd66e21a41637bd9e88";"";"65f0fcd66e21a41637bd9e88";"DTU Department of Applied Mathematics and Computer Science";"sorbit";"sorbit";"Stochastic data-driven grey-box modeling of power-to-X processes|Stokastisk data-dreven grey-box modellering af power-to-X processer"
"";"dtu|dtupub|third_party";"";"2024-02-28T01:24:28.125Z";"Zimon, Bogumil";"";"2733712711";"";"dtu";"2024";"";"";"";"";"thesis";"dtu|dtu_electronic|dtupub|dtupub_electronic";"";"";"";"";"";"";"";"";"";"";"";"";"";"";"";"";"und";"65de881c323c710174a15478";"";"65de881c323c710174a15478";"DTU Department of Health Technology";"sorbit";"sorbit";"Analyzing single-cell data with isoform resolution|Analysere af single-cell data via isoformer"
"";"dtu|dtupub|third_party";"";"2024-03-26T01:09:48.761Z";"Vicari, Alessandro";"";"2735130665";"";"dtu";"2024";"";"";"";"";"thesis";"dtu|dtu_electronic|dtupub|dtupub_electronic";"";"";"";"";"";"";"";"";"";"";"";"";"";"";"";"";"und";"6602205881057e1e2ee77147";"";"6602205881057e1e2ee77147";"DTU Department of Wind and Energy Systems";"sorbit";"sorbit";"Short-term trading of co-located wind-battery farm under uncertainty|Kortsigtet handel med samlokaliseret vind-batteripark under usikkerhed"
"";"dtu|dtupub|third_party";"";"2024-09-10T09:15:02.380Z";"Grønvald, Carl Frederik";"";"2738325100";"";"dtu";"2024";"";"";"";"";"thesis";"dtu|dtu_electronic|dtupub|dtupub_electronic";"";"";"";"";"";"";"";"";"";"";"";"";"";"";"";"";"und";"66c3dedcead51d204ce9f034";"";"66c3dedcead51d204ce9f034";"DTU Department of Wind and Energy Systems";"sorbit";"sorbit";"Online regression markets with varying feature space|Online regressionsmarkeder med varierende feature rum"
"";"dtu|dtupub|third_party";"";"2024-09-05T00:18:10.780Z";"Ramanathan, Shreyas";"";"2738703686";"";"dtu";"2024";"";"";"";"";"thesis";"dtu|dtu_electronic|dtupub|dtupub_electronic";"";"";"";"";"";"";"";"";"";"";"";"";"";"";"";"";"und";"66d8f6d14df0c4153b18c9ec";"";"66d8f6d14df0c4153b18c9ec";"DTU Department of Applied Mathematics and Computer Science";"sorbit";"sorbit";"Design and Development of a Type Checker for RSL*|Design og Udvikling af en Typechecker for RSL*"
"";"dtu|dtupub|third_party";"";"2024-08-05T00:32:37.901Z";"Pérez-Serrano, María Inmaculada Real de Asúa";"";"2737992862";"";"dtu";"2024";"";"";"";"";"thesis";"dtu|dtu_electronic|dtupub_external";"";"";"";"";"";"";"";"";"";"";"";"";"";"";"";"";"und";"66b0183c207d35e8f3513b71";"";"66b0183c207d35e8f3513b71";"DTU Department of Biotechnology and Biomedicine";"sorbit";"sorbit";"Characterization of genomic integration sites in Parageobacillus thermoglucosidasius|Karakterisering af genomiske integrerings sites I Parageobacillus thermoglucosidasius"
"";"dtu|dtupub|third_party";"";"2024-09-10T09:15:07.567Z";"Chatzouli, Margarita";"";"2737226899";"";"dtu";"2024";"";"";"";"";"thesis";"dtu|dtu_electronic|dtupub|dtupub_electronic";"";"";"";"";"";"";"";"";"";"";"";"";"";"";"";"";"und";"668496dde0138f1cdf5fa9cd";"";"668496dde0138f1cdf5fa9cd";"DTU Department of Wind and Energy Systems";"sorbit";"sorbit";"Investigating User Behavior and Preferences in Residential Electric Vehicle Charging: A Danish Case Study|Analyse af Brugeradfærd og Præferencer ved Elbils Opladning i Boligomrader: Et Dansk Casestudie"
"";"dtu|dtupub|third_party";"";"2024-03-01T02:01:29.729Z";"Sarda, Raghav Anil";"";"2733914714";"";"dtu";"2024";"";"";"";"";"thesis";"dtu|dtu_electronic|dtupub|dtupub_electronic";"";"";"";"";"";"";"";"";"";"";"";"";"";"";"";"";"und";"65e12ad575987049f912f796";"";"65e12ad575987049f912f796";"DTU Department of Energy Conversion and Storage";"sorbit";"sorbit";"The effects of energy storage and process integration into sustainable aviation fuels production|Virkningerne af energilagring og procesintegration i bæredygtig produktion af flybrændstoffer"
"";"dtu|dtupub|third_party";"";"2024-07-30T12:38:08.708Z";"Hemmingsen, Tobias Høyrup";"";"2737859060";"";"dtu";"2024";"";"";"";"";"thesis";"dtu|dtu_electronic|dtupub|dtupub_electronic";"";"";"";"";"";"";"";"";"";"";"";"";"";"";"";"";"und";"66a82f5ef11f7be8f3e8a0c2";"";"66a82f5ef11f7be8f3e8a0c2";"DTU Department of Physics";"sorbit";"sorbit";"Advancing the Photovoltaic Performance Potential through Compound Engineering in Selenium Solar Cells|Advancing the Photovoltaic Performance Potential through Compound Engineering in Selenium Solar Cells"
"";"dtu|dtupub|third_party";"";"2024-04-18T00:09:44.971Z";"Tripathi, Neeraj";"";"2735639713";"";"dtu";"2024";"";"";"";"";"thesis";"dtu|dtu_electronic|dtupub|dtupub_electronic";"";"";"";"";"";"";"";"";"";"";"";"";"";"";"";"";"und";"662064c80023b81afd98f24d";"";"662064c80023b81afd98f24d";"DTU Department of Environmental and Resource Engineering";"sorbit";"sorbit";"Characterizing soil terrestrial ecotoxicity in life cycle assessment|Karakterisering af terrestrisk økotoksicitet i livscyklusanalyse"
"";"dtu|dtupub|third_party";"";"2023-02-28T01:09:55.730Z";"Hermansen, Jacob Hein";"";"2719955222";"";"dtu";"2023";"";"";"";"";"thesis";"dtu|dtu_electronic|dtupub_external";"";"";"";"";"";"";"";"";"";"";"";"";"";"";"";"";"und";"63fd54630d137f91f773b186";"";"63fd54630d137f91f773b186";"DTU Department of Civil and Mechanical Engineering";"sorbit";"sorbit";"Parametric Coordination in IFC Models|Parametrisk Koordinering i IFC Modeller"
"";"dtu|dtupub|third_party";"";"2023-08-23T00:09:24.892Z";"Bigum, Emma Lysdahl Valentin";"";"2727838034";"";"dtu";"2023";"";"";"";"";"thesis";"dtu|dtu_electronic|dtupub_external";"";"";"";"";"";"";"";"";"";"";"";"";"";"";"";"";"und";"64e54e3449e8332052bdb464";"";"64e54e3449e8332052bdb464";"DTU Department of Technology, Management and Economics";"sorbit";"sorbit";"Increasing Maturity through Change Management and Organizational Learning: A Comprehensive Analysis of Organizational Capabilities in Coloplast|En forbedring af modenhed gennem forandringsledelse og organisatorisk læring: En omfattende analyse af organisatoriske evner i Coloplast"
"";"dtu|dtupub|third_party";"";"2023-07-24T00:11:53.855Z";"Butler, Harrison Obed";"";"2727253464";"";"dtu";"2023";"";"";"";"";"thesis";"dtu|dtu_electronic|dtupub|dtupub_electronic";"";"";"";"";"";"";"";"";"";"";"";"";"";"";"";"";"und";"64bdc1c930051f3131477175";"";"64bdc1c930051f3131477175";"DTU Department of Wind and Energy Systems";"sorbit";"sorbit";"An optimisation of hybrid power plant design under variable pricing scenarios|En optimering af hybridkraftværksdesign under variable prisscenarier"
"";"dtu|dtupub|third_party";"";"2023-09-05T00:09:25.245Z";"Bánhidi, Patrik";"";"2728118984";"";"dtu";"2023";"";"";"";"";"thesis";"dtu|dtu_electronic|dtupub|dtupub_electronic";"";"";"";"";"";"";"";"";"";"";"";"";"";"";"";"";"und";"64f671b4d3d61322d1572d10";"";"64f671b4d3d61322d1572d10";"DTU Department of Technology, Management and Economics";"sorbit";"sorbit";"3D-printed feet training device for children with cerebral palsy|3D-printet fod træningsredskab for børn med cerebral parese"
"";"dtu|dtupub|third_party";"";"2023-09-21T00:09:29.375Z";"Chatzivalasi, Styliani";"";"2728437621";"";"dtu";"2023";"";"";"";"";"thesis";"dtu|dtu_electronic|dtupub|dtupub_electronic";"";"";"";"";"";"";"";"";"";"";"";"";"";"";"";"";"und";"650b89b81cd56b566bff07ce";"";"650b89b81cd56b566bff07ce";"DTU Department of Environmental and Resource Engineering";"sorbit";"sorbit";"Performance of offshore foundations for jackets under extreme loading conditions|Udførelse af offshore fundamenter til jackets under ekstrem belastninger."
"";"dtu|dtupub|third_party";"";"2023-10-12T00:09:19.436Z";"Yu, Haoying";"";"2729058496";"";"dtu";"2023";"";"";"";"";"thesis";"dtu|dtu_electronic|dtupub|dtupub_electronic";"";"";"";"";"";"";"";"";"";"";"";"";"";"";"";"";"und";"6527392f8923361b72880fe6";"";"6527392f8923361b72880fe6";"DTU Department of Biotechnology and Biomedicine";"sorbit";"sorbit";"AI framework for automatic quality control in Biolab using Image analysis|AI-framework til automatisk kvalitetskontrol i Biolab ved hjælp af billedanalyse"
"";"dtu|dtupub|third_party";"";"2023-07-24T00:12:38.922Z";"Ryhl, Alice";"";"2727253560";"";"dtu";"2023";"";"";"";"";"thesis";"dtu|dtu_electronic|dtupub|dtupub_electronic";"";"";"";"";"";"";"";"";"";"";"";"";"";"";"";"";"und";"64bdc1f67b05703131bc85f7";"";"64bdc1f67b05703131bc85f7";"DTU Department of Applied Mathematics and Computer Science";"sorbit";"sorbit";"The 1-2-3 Conjecture|1-2-3 formodningen"
"";"dtu|dtupub|third_party";"";"2023-08-30T00:09:19.018Z";"Delafarque, César Emmanuel Pascal";"";"2727978250";"";"dtu";"2023";"";"";"";"";"thesis";"dtu|dtu_electronic|dtupub|dtupub_electronic";"";"";"";"";"";"";"";"";"";"";"";"";"";"";"";"";"und";"64ee88ae11e84b2052621672";"";"64ee88ae11e84b2052621672";"DTU Department of Civil and Mechanical Engineering";"sorbit";"sorbit";"Optimal control of space heating using existing data sources|Optimal styring af varmesystem ved brug af eksisterende datakilder"
"";"dtu|dtupub|third_party";"";"2023-10-25T00:09:06.316Z";"Stensbye, Magnus Røyset|Egenes, Daniel|Alcott, Rune Vestre";"";"2729337090";"";"dtu";"2023";"";"";"";"";"thesis";"dtu|dtu_electronic|dtupub|dtupub_electronic";"";"";"";"";"";"";"";"";"";"";"";"";"";"";"";"";"und";"65385ca20c33463eb699bc19";"";"65385ca20c33463eb699bc19";"DTU Department of Civil and Mechanical Engineering";"sorbit";"sorbit";"Dynamics and control of flexible structures aided by servo hydraulic actuators – theory and experiment|Dynamik og regulering af fleksible strukturer ved hjælp af servo-hydraulisk aktuatorer – teori og eksperiment"
"";"dtu|dtupub|third_party";"";"2024-03-06T05:01:59.047Z";"Møller, Jacob Peder Ottosen";"";"2734175567";"";"dtu";"2024";"";"";"";"";"thesis";"dtu|dtu_electronic|dtupub|dtupub_electronic";"";"";"";"";"";"";"";"";"";"";"";"";"";"";"";"";"und";"65e7c25180e5073f79ef0a6d";"";"65e7c25180e5073f79ef0a6d";"DTU DTU National Food Institute";"sorbit";"sorbit";"Exploring the capabilities of fructophilic lactic acid bacteria (FLAB) strains for the generation of plant-based dairy alternatives|Udforskning af mulighederne for fruktofile mælkesyrebakterie-stammer (FLAB) til generering af plantebaserede mejerialternativer"
"";"dtu|dtupub|third_party";"";"2023-10-16T00:09:15.628Z";"Gers, Róbert";"";"2729115091";"";"dtu";"2023";"";"";"";"";"thesis";"dtu|dtu_electronic|dtupub_external";"";"";"";"";"";"";"";"";"";"";"";"";"";"";"";"";"und";"652c7f2ac779941b72936eb8";"";"652c7f2ac779941b72936eb8";"DTU Department of Technology, Management and Economics";"sorbit";"sorbit";"High performance extraction of financial market data|Højtydende udtræk af data om finansielle markeder"
"";"dtu|dtupub|third_party";"";"2024-10-28T08:29:39.385Z";"Novrup, Christian Tranholm";"";"2739844948";"";"dtu";"2024";"";"";"";"";"thesis";"dtu|dtu_electronic|dtupub|dtupub_electronic";"";"";"";"";"";"";"";"";"";"";"";"";"";"";"";"";"und";"671f4b73af0aa09cd75f3b60";"";"671f4b73af0aa09cd75f3b60";"DTU Department of Electrical and Photonics Engineering";"sorbit";"sorbit";"Reinforcement learning for path planning and obstacle avoidance of autonomous mowers|Reinforcement learning for path planning and obstacle avoidance of autonomous mowers"
"";"dtu|dtupub|third_party";"";"2024-08-31T00:10:10.460Z";"Marrone, Pietro";"";"2738564655";"";"dtu";"2024";"";"";"";"";"thesis";"dtu|dtu_electronic|dtupub|dtupub_electronic";"";"";"";"";"";"";"";"";"";"";"";"";"";"";"";"";"und";"66d25f614b4940bcc49511bf";"";"66d25f614b4940bcc49511bf";"DTU Department of Electrical and Photonics Engineering";"sorbit";"sorbit";"Exploring Device-to-Device (D2D) Communication in Cellular Technology: 5G and Beyond|Udforske Device-to-Device (D2D)-kommunikation i mobilteknologi: 5G og Bagefter"
"";"dtu|dtupub|third_party";"";"2024-07-22T05:15:05.200Z";"Skree-Lassen, Karoline";"";"2737702168";"";"dtu";"2024";"";"";"";"";"thesis";"dtu|dtu_electronic|dtupub_external";"";"";"";"";"";"";"";"";"";"";"";"";"";"";"";"";"und";"669da3552edcf3e8f3f77ad0";"";"669da3552edcf3e8f3f77ad0";"DTU Department of Biotechnology and Biomedicine";"sorbit";"sorbit";"Development and optimization of a proteomic assay for characterisation of menstrual blood|Development and optimization of a proteomic assay for characterisation of menstrual blood"
"";"dtu|dtupub|third_party";"";"2024-09-10T09:15:01.437Z";"Normann, Dagfinnur Ari|Sveinsson, Kári";"";"2738217840";"";"dtu";"2024";"";"";"";"";"thesis";"dtu|dtu_electronic|dtupub|dtupub_electronic";"";"";"";"";"";"";"";"";"";"";"";"";"";"";"";"";"und";"66bd474b793e31e8f3ce5fa5";"";"66bd474b793e31e8f3ce5fa5";"DTU Department of Electrical and Photonics Engineering";"sorbit";"sorbit";"Advanced Network Service Offloading with Programmable Network Devices|Advanced Network Service Offloading with Programmable Network Devices"
"";"dtu|dtupub|third_party";"";"2024-09-10T09:15:07.567Z";"Birkefeldt, Signe Bjergager";"";"2737227361";"";"dtu";"2024";"";"";"";"";"thesis";"dtu|dtu_electronic|dtupub_external";"";"";"";"";"";"";"";"";"";"";"";"";"";"";"";"";"und";"668496e3336be91cdff25948";"";"668496e3336be91cdff25948";"DTU Department of Biotechnology and Biomedicine";"sorbit";"sorbit";"Development of a surface display toolbox to optimize urethanase characterization workflows|Udvikling af en overfladeeksponeringsværktøjskasse til optimering af urethanase karakteriseringsarbejdsgange"
"";"dtu|dtupub|third_party";"";"2024-08-01T07:56:04.032Z";"Paschoarelli, Miguel Albrecht";"";"2737925883";"";"dtu";"2024";"";"";"";"";"thesis";"dtu|dtu_electronic|dtupub|dtupub_electronic";"";"";"";"";"";"";"";"";"";"";"";"";"";"";"";"";"und";"66aad25b09454de8f3e3aa40";"";"66aad25b09454de8f3e3aa40";"DTU Department of Wind and Energy Systems";"sorbit";"sorbit";"Method for Identification of Dominant Oscillatory Modes of a Type IV Wind Turbine Generator|Metode til identifikation af dominerende oscillerende mode'er af en type IV vindmøllegenerator"
"";"dtu|dtupub|third_party";"";"2023-08-06T00:11:09.873Z";"Vujovits, András";"";"2727528794";"";"dtu";"2023";"";"";"";"";"thesis";"dtu|dtu_electronic|dtupub_external";"";"";"";"";"";"";"";"";"";"";"";"";"";"";"";"";"und";"64cee51d5e91921f4f1d0357";"";"64cee51d5e91921f4f1d0357";"DTU Department of Civil and Mechanical Engineering";"sorbit";"sorbit";"Implementation characterization and optimization of a combined additive subtractive electrochemical material processing system|Implementation characterization and optimization of a combined additive subtractive electrochemical material processing system"
"";"dtu|dtupub|third_party";"";"2024-07-23T15:42:09.561Z";"Athanasiadis, Athanasios";"";"2737744431";"";"dtu";"2024";"";"";"";"";"thesis";"dtu|dtu_electronic|dtupub|dtupub_electronic";"";"";"";"";"";"";"";"";"";"";"";"";"";"";"";"";"und";"669ef52f2e66c9e8f30a4dd3";"";"669ef52f2e66c9e8f30a4dd3";"DTU Department of Space Research and Space Technology";"sorbit";"sorbit";"Investigation of the effect of the different AMSR2 channel data on DMI-ASIP model performance|Undersøgelse af hvilken effekt forskellige AMSR2 data har pa DMI-ASIP modellens klassifikation"
"";"dtu|dtupub|third_party";"";"2023-07-08T00:11:00.832Z";"Tsiakoumi, Eirini";"";"2726960779";"";"dtu";"2023";"";"";"";"";"thesis";"dtu|dtu_electronic|dtupub|dtupub_electronic";"";"";"";"";"";"";"";"";"";"";"";"";"";"";"";"";"und";"64a8a9931697739152951c8e";"";"64a8a9931697739152951c8e";"DTU Department of Environmental and Resource Engineering";"sorbit";"sorbit";"Examination of fired clay bricks prior to potential reuse|Undersøgelse af mursten forud for potentiel genbrug"
"";"dtu|dtupub|third_party";"Danish School of Education - Educational Psychology, Emdrup, Danish School of Education, Arts, Aarhus University";"2025-12-23T01:19:01.317Z";"Stiholt Otto, Maria";"";"2876434446";"";"";"2024";"";"";"";"";"thesis";"dtu_external|dtupub_external";"";"";"";"";"";"";"";"";"";"";"";"";"";"";"";"";"dan";"6949eb2952f32145fd2ee05d";"0009-0008-3856-3665";"6949eb2952f32145fd2ee05d";"";"rdb_au";"rdb_au";"Pårørendes omsorg for forældre, der har mistet deres barn: Et erindringsarbejde"
"";"dtu|dtupub|third_party";"";"2024-08-22T00:12:09.037Z";"Møller, Mads Dyrved|Barak, László";"";"2738355916";"";"dtu";"2024";"";"";"";"";"thesis";"dtu|dtu_electronic|dtupub|dtupub_electronic";"";"";"";"";"";"";"";"";"";"";"";"";"";"";"";"";"und";"66c681e3145779204c565aa7";"";"66c681e3145779204c565aa7";"DTU Department of Applied Mathematics and Computer Science";"sorbit";"sorbit";"A Distributed Architecture for Process Mining: Designing and Validating Process Mining Pipelines|En distribueret arkitektur til process mining: Design og validering af process mining pipelines"
"";"dtu|dtupub|third_party";"";"2024-07-22T05:15:05.180Z";"Truszkowski, Tomasz Marian";"";"2737702154";"";"dtu";"2024";"";"";"";"";"thesis";"dtu|dtu_electronic|dtupub|dtupub_electronic";"";"";"";"";"";"";"";"";"";"";"";"";"";"";"";"";"und";"669da34fba0b60e8f33d3282";"";"669da34fba0b60e8f33d3282";"DTU Department of Applied Mathematics and Computer Science";"sorbit";"sorbit";"Predictive modelling of mobile app usage|Prædiktiv modellering af brug af mobilapps"
"";"dtu|dtupub|third_party";"";"2024-09-01T00:10:02.498Z";"Katarachia, Maria";"";"2738587567";"";"dtu";"2024";"";"";"";"";"thesis";"dtu|dtu_electronic|dtupub|dtupub_electronic";"";"";"";"";"";"";"";"";"";"";"";"";"";"";"";"";"und";"66d3b0da910299bcc4de4563";"";"66d3b0da910299bcc4de4563";"DTU Department of Applied Mathematics and Computer Science";"sorbit";"sorbit";"On summarization for non-structured data with applications to teaching-learning and social surveys|On summarization for non-structured data with applications to teaching-learning and social surveys"
"";"dtu|dtupub|third_party";"";"2024-08-28T00:09:51.236Z";"Armbruster, Jan Philipp|Eihvalde, Elina";"";"2738490384";"";"dtu";"2024";"";"";"";"";"thesis";"dtu|dtu_electronic|dtupub_external";"";"";"";"";"";"";"";"";"";"";"";"";"";"";"";"";"und";"66ce6acf87699c0184ec2466";"";"66ce6acf87699c0184ec2466";"DTU Department of Technology, Management and Economics";"sorbit";"sorbit";"Navigating the Strategic Evolution of a co-developed SaaS Startup (from service to product offering) through Design Thinking and Lean Startup Approaches for Alternative Financing and Successful Commercialization|Navigering i den strategiske udvikling af en samudviklet SaaS-startup (fra service til produktudbud) gennem Design Thinking og Lean Startup-tilgange til alternativ finansiering og succesfuld ..."
"";"dtu|dtupub|third_party";"";"2024-10-28T08:29:37.506Z";"Blachet, Apolline Claire";"";"2739844809";"";"dtu";"2024";"";"";"";"";"thesis";"dtu|dtu_electronic|dtupub_external";"";"";"";"";"";"";"";"";"";"";"";"";"";"";"";"";"und";"671f4b71c6fb7e9cd7d1886f";"";"671f4b71c6fb7e9cd7d1886f";"DTU Department of Applied Mathematics and Computer Science";"sorbit";"sorbit";"Machine Learning-Based Identification of Materials Using Laser-Induced Breakdown Spectroscopy Data|Maskinlæringsbaseret identifikation af materialer ved hjælp af laserinducerede nedbrydningsspektroskopidata"
"";"dtu|dtupub|third_party";"";"2024-11-08T01:09:49.294Z";"Moschos, Panagiotis";"";"2740268496";"";"dtu";"2024";"";"";"";"";"thesis";"dtu|dtu_electronic|dtupub_external";"";"";"";"";"";"";"";"";"";"";"";"";"";"";"";"";"und";"672d64db4638e6b686cd22af";"";"672d64db4638e6b686cd22af";"DTU Department of Civil and Mechanical Engineering";"sorbit";"sorbit";"Modelling and parametrization of the impact of ships propeller jet flow on seabed|Modellering og parametrisering af indvirkningen af skibsskrues stralestrøm pa havbunden"
"";"dtu|dtupub|third_party";"";"2024-11-08T01:09:49.302Z";"Papagoras, Konstantinos-Athanasios";"";"2740268495";"";"dtu";"2024";"";"";"";"";"thesis";"dtu|dtu_electronic|dtupub|dtupub_electronic";"";"";"";"";"";"";"";"";"";"";"";"";"";"";"";"";"und";"672d64db4dacc8b686ba542e";"";"672d64db4dacc8b686ba542e";"DTU Department of Health Technology";"sorbit";"sorbit";"Explainable AI for cancer classification of whole slide images|Explainable AI for cancer klassifikation af billeder"
"";"dtu|dtupub|third_party";"";"2024-09-27T00:09:57.393Z";"Ajsen, Daniel Max Fischer Bachmann";"";"2739352979";"";"dtu";"2024";"";"";"";"";"thesis";"dtu|dtu_electronic|dtupub|dtupub_electronic";"";"";"";"";"";"";"";"";"";"";"";"";"";"";"";"";"und";"66f5f7d59f98a643d94346d6";"";"66f5f7d59f98a643d94346d6";"DTU Department of Applied Mathematics and Computer Science";"sorbit";"sorbit";"SymbSyntDec: an automated pipeline for reactive synthesis for declarative specifications|SymbSyntDec: en automatiseret pipeline til reaktiv syntese for deklarative specifikationer"
"";"dtu|dtupub|third_party";"";"2025-01-31T01:09:46.945Z";"Kaiser, Cosima Serafina";"";"2856861432";"";"dtu";"2024";"";"";"";"";"thesis";"dtu|dtu_electronic|dtupub|dtupub_electronic";"";"";"";"";"";"";"";"";"";"";"";"";"";"";"";"";"und";"679c22da9952ce15d2f3404a";"";"679c22da9952ce15d2f3404a";"DTU Department of Civil and Mechanical Engineering";"sorbit";"sorbit";"Evaluating the Sediment Budget along the Western Danish Coast|Evaluering af sedimentbudgettet langs den danske vestkyst"
"";"dtu|dtupub|third_party";"";"2023-02-28T01:09:42.967Z";"Villesen, Ida Bukh|Hansen, Helena Charlotte";"";"2719955076";"";"dtu";"2023";"";"";"";"";"thesis";"dtu|dtu_electronic|dtupub|dtupub_electronic";"";"";"";"";"";"";"";"";"";"";"";"";"";"";"";"";"und";"63fd545540e40491f7cc0de3";"";"63fd545540e40491f7cc0de3";"DTU Department of Applied Mathematics and Computer Science";"sorbit";"sorbit";"Data-driven digital twins for monitoring and control of electricity distribution net|Data-drevne digitale tvillinger for overvagning og styring af elnet"
"";"dtu|dtupub|third_party";"";"2024-09-10T09:15:02.375Z";"Lillelund, Anne Birgitte|Bunde, Carina Theresa Heller";"";"2738265944";"";"dtu";"2024";"";"";"";"";"thesis";"dtu|dtu_electronic|dtupub|dtupub_electronic";"";"";"";"";"";"";"";"";"";"";"";"";"";"";"";"";"und";"66bfea5297e4afe8f3db29f7";"";"66bfea5297e4afe8f3db29f7";"DTU Department of Environmental and Resource Engineering";"sorbit";"sorbit";"Filling chemical data gaps under different EU regulations|Udfyldelse af kemiske datahuller under forskellige EU-reguleringer"
"";"dtu|dtupub|third_party";"";"2024-07-18T05:34:04.273Z";"Stjernen, Lukas Øystein Normann";"";"2737649078";"";"dtu";"2024";"";"";"";"";"thesis";"dtu|dtu_electronic|dtupub_external";"";"";"";"";"";"";"";"";"";"";"";"";"";"";"";"";"und";"66985d517a25fce8f33352e3";"";"66985d517a25fce8f33352e3";"DTU Department of Applied Mathematics and Computer Science";"sorbit";"sorbit";"Deep Learning techniques for Foreign Object Detection in X-ray Images of Meat Products|Hierarkiske lærings teknikker til detektering a fremmedlegemer i Røntgen skanninger af kød produktion"
"";"dtu|dtupub|third_party";"";"2024-08-28T00:09:41.910Z";"Chen, Te";"";"2738489799";"";"dtu";"2024";"";"";"";"";"thesis";"dtu|dtu_electronic|dtupub|dtupub_electronic";"";"";"";"";"";"";"";"";"";"";"";"";"";"";"";"";"und";"66ce6ac50107260184157a6e";"";"66ce6ac50107260184157a6e";"DTU Department of Biotechnology and Biomedicine";"sorbit";"sorbit";"Machine Learning-based Parameterization of Large-scale Dynamic Metabolic Models Consistent with Experimentally Observed Temporal Responses of Metabolism|Machine Learning-based Parameterization of Large-scale Dynamic Metabolic Models Consistent with Experimentally Observed Temporal Responses of Metabolism"
"";"dtu|dtupub|third_party";"";"2024-09-10T09:15:02.784Z";"Mogensen, Siri Overgaard";"";"2738142739";"";"dtu";"2024";"";"";"";"";"thesis";"dtu|dtu_electronic|dtupub|dtupub_electronic";"";"";"";"";"";"";"";"";"";"";"";"";"";"";"";"";"und";"66b952c95df1ace8f3d6c01a";"";"66b952c95df1ace8f3d6c01a";"DTU Department of Energy Conversion and Storage";"sorbit";"sorbit";"high-performance solid oxide cells with thin electrolyte|højtydende fastoxidceller med tynd elektrolyt."
"";"dtu|dtupub|third_party";"";"2024-09-10T09:15:07.567Z";"Berntsen, Mari Brusletto";"";"2737227603";"";"dtu";"2024";"";"";"";"";"thesis";"dtu|dtu_electronic|dtupub|dtupub_electronic";"";"";"";"";"";"";"";"";"";"";"";"";"";"";"";"";"und";"668496ea7f54371cdfb7266c";"";"668496ea7f54371cdfb7266c";"DTU Department of Environmental and Resource Engineering";"sorbit";"sorbit";"LCA of polyester textile waste recycling using thermo-mechanical and thermo-chemical processes|LCA af genanvendelse af polyester tekstilaffald ved brug af termomekaniske og termokemiske processer"
"";"dtu|dtupub|third_party";"";"2024-07-22T05:15:05.168Z";"Boneu, Julia Montoliu";"";"2737702138";"";"dtu";"2024";"";"";"";"";"thesis";"dtu|dtu_electronic|dtupub_external";"";"";"";"";"";"";"";"";"";"";"";"";"";"";"";"";"und";"669da348a36ee0e8f3025abf";"";"669da348a36ee0e8f3025abf";"DTU Department of Health Technology";"sorbit";"sorbit";"Evaluation of the immune responses of neoantigen vaccines in melanoma patients|Evaluering af immunresponser af neoantigenvacciner hos melanompatienter"
"";"dtu|dtupub|third_party";"";"2024-04-14T00:09:48.226Z";"Esbirk, Magnus|Negrini, Alessandro";"";"2735550039";"";"dtu";"2024";"";"";"";"";"thesis";"dtu|dtu_electronic|dtupub_external";"";"";"";"";"";"";"";"";"";"";"";"";"";"";"";"";"und";"661b1ecc36cab51afd584f3a";"";"661b1ecc36cab51afd584f3a";"DTU Department of Technology, Management and Economics";"sorbit";"sorbit";"Assessing energy independence and the role of hydrogen in India's net-zero transition|Analyse af energiuafhængighed og hydrogens rolle i Indiens omstilling til netto-nuludledning"
"";"dtu|dtupub|third_party";"";"2024-04-10T00:09:48.976Z";"Drewsen, Rasmus Birch";"";"2735483430";"";"dtu";"2024";"";"";"";"";"thesis";"dtu|dtu_electronic|dtupub|dtupub_electronic";"";"";"";"";"";"";"";"";"";"";"";"";"";"";"";"";"und";"6615d8cc540ea31a248bb6dc";"";"6615d8cc540ea31a248bb6dc";"DTU Department of Civil and Mechanical Engineering";"sorbit";"sorbit";"Friction and Normal Force Models for Nonlinear Rotor-Stator Contact Dynamics|Friktions- og normalkraftsmodel for Ikke-lineær rotor-stator kontaktdynamik"
"";"dtu|dtupub|third_party";"";"2024-03-03T01:30:45.020Z";"Marrano, Beatrice Costanza|Paulsen, Kenneth";"";"2734025146";"";"dtu";"2024";"";"";"";"";"thesis";"dtu|dtu_electronic|dtupub_external";"";"";"";"";"";"";"";"";"";"";"";"";"";"";"";"";"und";"65e3cdd675c134149e97a73e";"";"65e3cdd675c134149e97a73e";"DTU Department of Applied Mathematics and Computer Science";"sorbit";"sorbit";"Investigation and comparison of attribution models for Marketing Campaigns in Danske Bank|Undersøgelse og sammenligning af “attribution models” til brug ved markedsføringskampagner i Danske Bank"
"";"dtu|dtupub|third_party";"";"2024-09-10T09:15:02.788Z";"Bjerregaard, Mikkel|Iversen, Mathias Ehlers";"";"2738184694";"";"dtu";"2024";"";"";"";"";"thesis";"dtu|dtu_electronic|dtupub_external";"";"";"";"";"";"";"";"";"";"";"";"";"";"";"";"";"und";"66baa44eb6c86ee8f3da9224";"";"66baa44eb6c86ee8f3da9224";"DTU Department of Engineering Technology and Didactics";"sorbit";"sorbit";"Digitalization of Supply Chain processes at H. Lundbeck A/S|Digitalisering af Supply Chain processer hos H. Lundbeck A/S"
"";"dtu|dtupub|third_party";"";"2023-07-17T00:10:47.458Z";"Àvila, Marcel Solé";"";"2727113782";"";"dtu";"2023";"";"";"";"";"thesis";"dtu|dtu_electronic|dtupub|dtupub_electronic";"";"";"";"";"";"";"";"";"";"";"";"";"";"";"";"";"und";"64b48707034cf49152a87945";"";"64b48707034cf49152a87945";"DTU Department of Applied Mathematics and Computer Science";"sorbit";"sorbit";"Multi-stage bidding optimization of electrolysers under uncertainty in electricity markets|Flertrinsoptimering af udbud af elektrolysatorer under usikkerhed pa elmarkederne"
"";"dtu|dtupub|third_party";"";"2023-07-24T00:11:38.689Z";"Hvidberg, Julie Lærke";"";"2727253443";"";"dtu";"2023";"";"";"";"";"thesis";"dtu|dtu_electronic|dtupub|dtupub_electronic";"";"";"";"";"";"";"";"";"";"";"";"";"";"";"";"";"und";"64bdc1ba6cfc82313109479f";"";"64bdc1ba6cfc82313109479f";"DTU Department of Civil and Mechanical Engineering";"sorbit";"sorbit";"Study on the fire resistance of multi-layered glass panes used in low-energy windows|Undersøgelse af brandsikkerheden ved flerlags glasruder anvendt i lavenergivinduer"
"";"dtu|dtupub|third_party";"";"2023-09-17T00:09:26.687Z";"Earthy-Find, Matias Svava|Papageorgiou, Konstantinos";"";"2728352238";"";"dtu";"2023";"";"";"";"";"thesis";"dtu|dtu_electronic|dtupub_external";"";"";"";"";"";"";"";"";"";"";"";"";"";"";"";"";"und";"650643b5b165f512006bf801";"";"650643b5b165f512006bf801";"DTU Department of Technology, Management and Economics";"sorbit";"sorbit";"Robust Pricing of Sustainable Aviation Fuel|Robust prisfastsættelse af bæredygtigt flybrændstof"
"";"dtu|dtupub|third_party";"";"2023-09-01T00:09:22.393Z";"Shwani, Hazha";"";"2728030136";"";"dtu";"2023";"";"";"";"";"thesis";"dtu|dtu_electronic|dtupub|dtupub_electronic";"";"";"";"";"";"";"";"";"";"";"";"";"";"";"";"";"und";"64f12bb1ade30422a6b48325";"";"64f12bb1ade30422a6b48325";"DTU DTU National Food Institute";"sorbit";"sorbit";"The risk of using seaweed as food without taking into account the traditions of making seaweed dishes|Risikoen ved at anvende tang som fødevare uden at kende traditioner for fremstilling af tangretter"
"";"dtu|dtupub|third_party";"";"2023-09-30T00:09:17.485Z";"Liu, Xinyi";"";"2728796976";"";"dtu";"2023";"";"";"";"";"thesis";"dtu|dtu_electronic|dtupub|dtupub_electronic";"";"";"";"";"";"";"";"";"";"";"";"";"";"";"";"";"und";"6517672dec6a1103b33d3516";"";"6517672dec6a1103b33d3516";"DTU Department of Applied Mathematics and Computer Science";"sorbit";"sorbit";"Brain microstructure diffusion MR imaging with machine learning|Diffusion MR-billeddannelse af hjernens mikrostruktur med maskinlæring"
"";"dtu|dtupub|third_party";"";"2023-09-23T00:09:26.910Z";"Dionisio, Edoardo";"";"2728467653";"";"dtu";"2023";"";"";"";"";"thesis";"dtu|dtu_electronic|dtupub|dtupub_electronic";"";"";"";"";"";"";"";"";"";"";"";"";"";"";"";"";"und";"650e2cb5e27390cab1a864e0";"";"650e2cb5e27390cab1a864e0";"DTU Department of Health Technology";"sorbit";"sorbit";"Generation and evaluation of antigen-scaffold-expanded TCR CRISPR knockin T cells|Produktion og evaluering af antigen-scaffold-medieret TCR CRISPR knockin T celler"
"";"dtu|dtupub|third_party";"";"2023-08-01T00:10:58.663Z";"Farah, Abdirisaq Abdiqadir Mohamud|Nielsen, Martin Daniel";"";"2727448264";"";"dtu";"2023";"";"";"";"";"thesis";"dtu|dtu_electronic|dtupub|dtupub_electronic";"";"";"";"";"";"";"";"";"";"";"";"";"";"";"";"";"und";"64c84d9298464a1f4f849c8a";"";"64c84d9298464a1f4f849c8a";"DTU Department of Applied Mathematics and Computer Science";"sorbit";"sorbit";"Towards developing realistic datasets for evaluating intrusion detection systems|Towards developing realistic datasets for evaluating intrusion detection systems"
"";"dtu|dtupub|third_party";"";"2023-08-21T00:11:06.796Z";"Husum, Lucas Alexander";"";"2727790421";"";"dtu";"2023";"";"";"";"";"thesis";"dtu|dtu_electronic|dtupub_external";"";"";"";"";"";"";"";"";"";"";"";"";"";"";"";"";"und";"64e2ab9ae0e75e2052b7f602";"";"64e2ab9ae0e75e2052b7f602";"DTU Department of Health Technology";"sorbit";"sorbit";"The effect of DRUGNAME in a mouse model of neuroinflammation|Effekten af LÆGEMIDDEL i en neuroinflamations sygdoms model"
"";"dtu|dtupub|third_party";"";"2023-08-27T00:09:18.098Z";"Friis, Rasmus Juel|Sjøgren, Xenia Bonnén";"";"2727903483";"";"dtu";"2023";"";"";"";"";"thesis";"dtu|dtu_electronic|dtupub|dtupub_electronic";"";"";"";"";"";"";"";"";"";"";"";"";"";"";"";"";"und";"64ea942db8254520526cd93c";"";"64ea942db8254520526cd93c";"DTU Department of Chemical and Biochemical Engineering";"sorbit";"sorbit";"Carbon capture from biogas using innovative solvents: Modelling and experiments|CO2 fangst fra biogas med innovative solventer: modellering og eksperimenter"
"";"dtu|dtupub|third_party";"";"2023-02-27T01:09:31.512Z";"Cigura, Azra";"";"2719627352";"";"dtu";"2023";"";"";"";"";"thesis";"dtu|dtu_electronic|dtupub|dtupub_electronic";"";"";"";"";"";"";"";"";"";"";"";"";"";"";"";"";"und";"63fc02c900761091f74c529a";"";"63fc02c900761091f74c529a";"DTU Department of Civil and Mechanical Engineering";"sorbit";"sorbit";"Development of corrosion test methods for replicating field failures of hearing aids|Udvikling af test metoder til at simulere fejl i høreapparater"
"";"dtu|dtupub|third_party";"";"2023-02-22T01:09:44.999Z";"Mizrahi-Werner, Alexander|Brønd, Gustav Ohlendorff";"";"2718825006";"";"dtu";"2023";"";"";"";"";"thesis";"dtu|dtu_electronic|dtupub_external";"";"";"";"";"";"";"";"";"";"";"";"";"";"";"";"";"und";"63f56b5847b59791f75bb28e";"";"63f56b5847b59791f75bb28e";"DTU Department of Electrical and Photonics Engineering";"sorbit";"sorbit";"Robust Visual SLAM and 3D photogrammetry for aquatic environments|Robust Visuel SLAM og 3D fotogrammetri for akvatiske omgivelser"
"";"dtu|dtupub|third_party";"";"2023-03-13T01:09:44.182Z";"Midjord, Laila Sofie|Gramhald-Nørland, Casper";"";"2720479723";"";"dtu";"2023";"";"";"";"";"thesis";"dtu|dtu_electronic|dtupub|dtupub_electronic";"";"";"";"";"";"";"";"";"";"";"";"";"";"";"";"";"und";"640e77d72b5c263a3fc2cb03";"";"640e77d72b5c263a3fc2cb03";"DTU Department of Technology, Management and Economics";"sorbit";"sorbit";"Production, Customer Validation, Market entry and Business strategy for the product DrinkSaver|Produktion, kundevalidering, markedsentre og forretningsstrategi for produktet DrinkSaver"
"";"dtu|dtupub|third_party";"";"2024-02-28T01:24:29.412Z";"Jonsdottir, Laufey Jona";"";"2733712905";"";"dtu";"2024";"";"";"";"";"thesis";"dtu|dtu_electronic|dtupub_external";"";"";"";"";"";"";"";"";"";"";"";"";"";"";"";"";"und";"65de8824b2e41b01740a21d4";"";"65de8824b2e41b01740a21d4";"DTU Department of Wind and Energy Systems";"sorbit";"sorbit";"Evaluation of non-wires alternatives in active distribution networks: A case study from a distribution network operator in Iceland|Evaluering af alternativer uden ledninger i aktive distributionsnet: Et casestudie fra en distributionsnet-operatør i Island."
"";"dtu|dtupub|third_party";"";"2024-07-23T15:42:09.580Z";"Römer, Niklas Franz";"";"2737744440";"";"dtu";"2024";"";"";"";"";"thesis";"dtu|dtu_electronic|dtupub_external";"";"";"";"";"";"";"";"";"";"";"";"";"";"";"";"";"und";"669ef53a36ef8fe8f3afa7a4";"";"669ef53a36ef8fe8f3afa7a4";"DTU Department of Civil and Mechanical Engineering";"sorbit";"sorbit";"Development, mechanical design and prototyping of a new single dose injection device|Udvikling, mekanisk design og prototyping af en ny engangs-injektionspen"
"";"dtu|dtupub|third_party";"";"2024-09-10T09:15:01.491Z";"Nissen, Maria Lindegaard";"";"2738245556";"";"dtu";"2024";"";"";"";"";"thesis";"dtu|dtu_electronic|dtupub_external";"";"";"";"";"";"";"";"";"";"";"";"";"";"";"";"";"und";"66be98cf8375b3e8f37451ed";"";"66be98cf8375b3e8f37451ed";"DTU Department of Chemical and Biochemical Engineering";"sorbit";"sorbit";"Model-based process understanding of industrial continuous centrifugation in an API recovery facility|Modelbaseret procesforstaelse af industriel kontinuerlig centrifugering i et API-genvindingsanlæg"
"";"dtu|dtupub|third_party";"";"2024-02-21T05:44:15.286Z";"Karunakaran, Karthikraja";"";"2733594224";"";"dtu";"2024";"";"";"";"";"thesis";"dtu|dtu_electronic|dtupub_external";"";"";"";"";"";"";"";"";"";"";"";"";"";"";"";"";"und";"65d54d5f6898a8339000e65c";"";"65d54d5f6898a8339000e65c";"DTU Department of Technology, Management and Economics";"sorbit";"sorbit";"Predictive Proficiency: Harnessing AI for Intelligent Lead Scoring|Predictive Proficiency: Harnessing AI for Intelligent Lead Scoring"
"";"dtu|dtupub|third_party";"";"2023-08-14T00:10:58.925Z";"Jensen, Per Kjeld";"";"2727634089";"";"dtu";"2023";"";"";"";"";"thesis";"dtu|dtu_electronic|dtupub|dtupub_electronic";"";"";"";"";"";"";"";"";"";"";"";"";"";"";"";"";"und";"64d97112f6363f2052fd9bf9";"";"64d97112f6363f2052fd9bf9";"DTU Department of Technology, Management and Economics";"sorbit";"sorbit";"Incentivising Startup Joiners|Incitament for Startup Joiners"
"";"dtu|dtupub|third_party";"";"2024-03-20T01:09:35.059Z";"Cristofaro, Andrea";"";"2734504676";"";"dtu";"2024";"";"";"";"";"thesis";"dtu|dtu_electronic|dtupub|dtupub_electronic";"";"";"";"";"";"";"";"";"";"";"";"";"";"";"";"";"und";"65fa374eb705e71e2e9690c9";"";"65fa374eb705e71e2e9690c9";"DTU Department of Civil and Mechanical Engineering";"sorbit";"sorbit";"Development and validation of cost-effective CFD modelling of pressure swirl nozzles|Udvikling og validering af effektiv CFD model til beregninger af dyse med swirl"
"";"dtu|dtupub|third_party";"";"2024-03-23T01:50:44.219Z";"Domy, Steffen";"";"2735013147";"";"dtu";"2024";"";"";"";"";"thesis";"dtu|dtu_electronic|dtupub|dtupub_electronic";"";"";"";"";"";"";"";"";"";"";"";"";"";"";"";"";"und";"65fe2bd6c13ea41e2e62ba69";"";"65fe2bd6c13ea41e2e62ba69";"DTU Department of Chemical and Biochemical Engineering";"sorbit";"sorbit";"Process design, modeling and validation of batch crystallizations|Procesdesign, modellering og validering af batchkrystallisationer"
"";"dtu|dtupub|third_party";"";"2024-01-31T01:43:18.754Z";"Das, Akankshya";"";"2731308007";"";"dtu";"2023";"";"";"";"";"thesis";"dtu|dtu_electronic|dtupub|dtupub_electronic";"";"";"";"";"";"";"";"";"";"";"";"";"";"";"";"";"und";"65b99de3a85ba53e82678929";"";"65b99de3a85ba53e82678929";"DTU Department of Electrical and Photonics Engineering";"sorbit";"sorbit";"Comparative study of localisation systems for monitoring of mobile robots|Komparativ undersøgelse af lokaliseringssystemer til overvagning af mobile robotter"
"";"dtu|dtupub|third_party";"";"2023-02-28T01:09:51.693Z";"Engel, Nil Puig";"";"2719955144";"";"dtu";"2023";"";"";"";"";"thesis";"dtu|dtu_electronic|dtupub|dtupub_electronic";"";"";"";"";"";"";"";"";"";"";"";"";"";"";"";"";"und";"63fd545fbdb12391f70b4ee8";"";"63fd545fbdb12391f70b4ee8";"DTU Department of Chemical and Biochemical Engineering";"sorbit";"sorbit";"Conceptual design of a stem cell therapy production facility|Konceptuelt design af et produktionsanlæg til stamcelleterapi"
"";"dtu|dtupub|third_party";"";"2023-07-24T00:12:00.472Z";"Meyer, Selma Elisabeth Haslund";"";"2727253480";"";"dtu";"2023";"";"";"";"";"thesis";"dtu|dtu_electronic|dtupub|dtupub_electronic";"";"";"";"";"";"";"";"";"";"";"";"";"";"";"";"";"und";"64bdc1d0e671cf31312dd91d";"";"64bdc1d0e671cf31312dd91d";"DTU Department of Applied Mathematics and Computer Science";"sorbit";"sorbit";"Active learning for biomedical image segmentation using U-Net|Aktiv læring for segmentering af biomedicinske billeder via U-Net"
"";"dtu|dtupub|third_party";"";"2023-04-19T00:09:32.676Z";"Wesely, Kristòf";"";"2723669363";"";"dtu";"2023";"";"";"";"";"thesis";"dtu|dtu_electronic|dtupub_external";"";"";"";"";"";"";"";"";"";"";"";"";"";"";"";"";"und";"643f313921a93a68b15d34d5";"";"643f313921a93a68b15d34d5";"DTU Department of Electrical and Photonics Engineering";"sorbit";"sorbit";"Development of vertical takeoff and landing (VTOL) fixed wing drone for data collection|Udvikling af VTOL fixed wing drone til dataindsamling"
"";"dtu|dtupub|third_party";"";"2024-08-01T06:44:39.019Z";"Erichs, Frederik";"";"2737905505";"";"dtu";"2024";"";"";"";"";"thesis";"dtu|dtu_electronic|dtupub_external";"";"";"";"";"";"";"";"";"";"";"";"";"";"";"";"";"und";"66a9811d9dfba5e8f342f546";"";"66a9811d9dfba5e8f342f546";"DTU Department of Electrical and Photonics Engineering";"sorbit";"sorbit";"Multi-agent Path Planning for Dynamic Rendezvous of Ground Vehicles during Harvesting Operations|Vejplanlægning for dynamiske mødesteder for køretøjer under høstoperationer"
"";"dtu|dtupub|third_party";"";"2025-01-31T01:10:00.838Z";"Maset, Laura Vidal";"";"2856861910";"";"dtu";"2024";"";"";"";"";"thesis";"dtu|dtu_electronic|dtupub_external";"";"";"";"";"";"";"";"";"";"";"";"";"";"";"";"";"und";"679c22e828bf6015d2bf9d43";"";"679c22e828bf6015d2bf9d43";"DTU Department of Technology, Management and Economics";"sorbit";"sorbit";"Optimization of ground vehicles in airports|Optimization of ground vehicles in airports"
"";"dtu|dtupub|third_party";"";"2023-02-22T01:09:48.930Z";"Larsen, Simone Mammen";"";"2718825083";"";"dtu";"2023";"";"";"";"";"thesis";"dtu|dtu_electronic|dtupub_external";"";"";"";"";"";"";"";"";"";"";"";"";"";"";"";"";"und";"63f56b5c7fac1291f7f1a92a";"";"63f56b5c7fac1291f7f1a92a";"DTU Department of Biotechnology and Biomedicine";"sorbit";"sorbit";"Isolation and characterization of IgG2/3 from camel milk/colostrum and its expected degradation pattern in the human gastrointestinal tract|Isolering og karakterisering af IgG2/3 fra kamelmælk/kolostrum og dets forventede nedbrydningsmønster i det humane mavetarmsystem"
"";"dtu|dtupub|third_party";"";"2023-09-06T00:09:38.883Z";"Færch, Camilla";"";"2728154063";"";"dtu";"2023";"";"";"";"";"thesis";"dtu|dtu_electronic|dtupub_external";"";"";"";"";"";"";"";"";"";"";"";"";"";"";"";"";"und";"64f7c342d3627322d1466175";"";"64f7c342d3627322d1466175";"DTU Department of Applied Mathematics and Computer Science";"sorbit";"sorbit";"Phishing Detection through Semantic Analysis of Emails|Phishing-detektion gennem semantisk analyse af e-mails"
"";"dtu|dtupub|third_party";"";"2023-02-22T01:09:33.265Z";"Salim, Marwa";"";"2718824896";"";"dtu";"2023";"";"";"";"";"thesis";"dtu|dtu_electronic|dtupub|dtupub_electronic";"";"";"";"";"";"";"";"";"";"";"";"";"";"";"";"";"und";"63f56b4d212d0691f787ae32";"";"63f56b4d212d0691f787ae32";"DTU Department of Environmental and Resource Engineering";"sorbit";"sorbit";"Life cycle assessment of management options for post-consumer textile waste|Livscyklusvurdering af handteringsmuligheder for post-consumer tekstilaffald"
"";"dtu|dtupub|third_party";"";"2023-02-21T01:09:29.523Z";"Laugesen, Asta Lili";"";"2718813926";"";"dtu";"2023";"";"";"";"";"thesis";"dtu|dtu_electronic|dtupub|dtupub_electronic";"";"";"";"";"";"";"";"";"";"";"";"";"";"";"";"";"und";"63f419c93125bf91f7996867";"";"63f419c93125bf91f7996867";"DTU Department of Health Technology";"sorbit";"sorbit";"Elucidating Phage Specificities for Bacterial Defense Systems in Coupled Virome-Metagenome Data|Undersøgelse af Bakteriofagers Specificitet for Bakterielle Immunforsvarssystemer i Virom og Metagenom Data"
"";"dtu|dtupub|third_party";"";"2023-05-09T00:09:27.589Z";"Yu, Yemu";"";"2724002591";"";"dtu";"2023";"";"";"";"";"thesis";"dtu|dtu_electronic|dtupub_external";"";"";"";"";"";"";"";"";"";"";"";"";"";"";"";"";"und";"64598f367b665f2aa583c3ed";"";"64598f367b665f2aa583c3ed";"DTU Department of Wind and Energy Systems";"sorbit";"sorbit";"Develop interface for integration of IoT devices in cloud for coupling district heating system with electric power system|Udvikle cloud-interface til integration af IoT-enheder til kobling af fjernvarmesystem med el-system"
"";"dtu|dtupub|third_party";"";"2024-09-10T09:15:02.788Z";"Kristensen, Malthe Lindeberg";"";"2738184702";"";"dtu";"2024";"";"";"";"";"thesis";"dtu|dtu_electronic|dtupub|dtupub_electronic";"";"";"";"";"";"";"";"";"";"";"";"";"";"";"";"";"und";"66baa45054653be8f3862d12";"";"66baa45054653be8f3862d12";"DTU National Institute of Aquatic Resources";"sorbit";"sorbit";"Methods to reduce the surface tension of water to achieve improved cold start of a biological filter in aquaculture|Metoder til reduktion af vands overfladespænding for at opna forbedret koldstart af biologisk filter i akvakultur"
"";"dtu|dtupub|third_party";"";"2023-08-22T00:11:27.182Z";"Bissett, Benjamin Wilson Windels";"";"2727821614";"";"dtu";"2023";"";"";"";"";"thesis";"dtu|dtu_electronic|dtupub_external";"";"";"";"";"";"";"";"";"";"";"";"";"";"";"";"";"und";"64e3fd2f27ff3d20524a2d3f";"";"64e3fd2f27ff3d20524a2d3f";"DTU Department of Applied Mathematics and Computer Science";"sorbit";"sorbit";"A framework for improving the cyber security posture of the Danish State Railways|Strukturering af forbedringen af de Danske Statsbaners cybersikkerhed"
"";"dtu|dtupub|third_party";"";"2024-07-22T05:15:05.174Z";"Lindberg, Inke";"";"2737702147";"";"dtu";"2024";"";"";"";"";"thesis";"dtu|dtu_electronic|dtupub|dtupub_electronic";"";"";"";"";"";"";"";"";"";"";"";"";"";"";"";"";"und";"669da34b25d35ee8f37b2d5f";"";"669da34b25d35ee8f37b2d5f";"DTU Department of Civil and Mechanical Engineering";"sorbit";"sorbit";"A Taxonomy and Pattern Language for Fire Safety in Residential Buildings based on Universal Design|Prisomkostninger for universelle løsninger boliger"
"";"dtu|dtupub|third_party";"";"2024-09-11T00:40:23.799Z";"Münsberg, Lise Meidahl";"";"2738996658";"";"dtu";"2024";"";"";"";"";"thesis";"dtu|dtu_electronic|dtupub_external";"";"";"";"";"";"";"";"";"";"";"";"";"";"";"";"";"und";"66e0dff92202d327f0d6fe06";"";"66e0dff92202d327f0d6fe06";"DTU Department of Applied Mathematics and Computer Science";"sorbit";"sorbit";"Improving Financial Platform for Live-Chat Functionality through Topic Analysis of Chat and User Behavioural Data|Forbedring af “live-chat” funktionalitet af Finansiel Platform gennem emne-analyse af tekst-trade og brugeropførsel"
"";"dtu|dtupub|third_party";"";"2024-07-23T15:42:09.345Z";"Torfadottir, Telma Sigrun";"";"2737744377";"";"dtu";"2024";"";"";"";"";"thesis";"dtu|dtu_electronic|dtupub|dtupub_electronic";"";"";"";"";"";"";"";"";"";"";"";"";"";"";"";"";"und";"669ef4d0b7d341e8f338ffb4";"";"669ef4d0b7d341e8f338ffb4";"DTU Department of Technology, Management and Economics";"sorbit";"sorbit";"Solving Very Large Travelling Salesman Problems with Geographical Constraints|Løsning af meget store rejsendes sælgers problemer med geografiske begrænsninger"
"";"dtu|dtupub|third_party";"";"2024-03-13T01:51:48.018Z";"Michelsen, Rasmus Ishøy";"";"2734350187";"";"dtu";"2024";"";"";"";"";"thesis";"dtu|dtu_electronic|dtupub_external";"";"";"";"";"";"";"";"";"";"";"";"";"";"";"";"";"und";"65f0fcd47c809016378f3977";"";"65f0fcd47c809016378f3977";"DTU Department of Applied Mathematics and Computer Science";"sorbit";"sorbit";"Denoising-Aware Adaptive Ray Tracing on the GPU|Støjreduktionsbevidst adaptiv stralesporing pa GPU"
"";"dtu|dtupub|third_party";"";"2024-08-28T00:09:51.225Z";"Larsen, Marte";"";"2738490383";"";"dtu";"2024";"";"";"";"";"thesis";"dtu|dtu_electronic|dtupub|dtupub_electronic";"";"";"";"";"";"";"";"";"";"";"";"";"";"";"";"";"und";"66ce6acfbcf8e00184f10e60";"";"66ce6acfbcf8e00184f10e60";"DTU Department of Technology, Management and Economics";"sorbit";"sorbit";"Agent-Based Simulation of First-and-Last Mile Services Impacts on Welfare|Agent-baseret simulation af ""first-and-last mile"" løsninger og deres samfundsøkonomiske afkast"
"";"dtu|dtupub|third_party";"";"2024-05-16T00:09:45.275Z";"Hauptmann, Benjamin Nobre";"";"2736236197";"";"dtu";"2024";"";"";"";"";"thesis";"dtu|dtu_electronic|dtupub|dtupub_electronic";"";"";"";"";"";"";"";"";"";"";"";"";"";"";"";"";"und";"66454ec67391cc28342dc26b";"";"66454ec67391cc28342dc26b";"DTU Department of Space Research and Space Technology";"sorbit";"sorbit";"Characterization and Performance Evaluation of the 3D MBI Detector Modules|Karakterisering og Performance Evaluering af 3D MBI Detektor Modulerne"
"";"dtu|dtupub|third_party";"";"2024-08-01T06:44:39.025Z";"Goor, Francois";"";"2737905507";"";"dtu";"2024";"";"";"";"";"thesis";"dtu|dtu_electronic|dtupub|dtupub_electronic";"";"";"";"";"";"";"";"";"";"";"";"";"";"";"";"";"und";"66a981221d4017e8f3a4ac7a";"";"66a981221d4017e8f3a4ac7a";"DTU Department of Space Research and Space Technology";"sorbit";"sorbit";"How are fires impacting Central Kalimantan - can the extent of this impact be quantified through satellite image analysis?|Hvordan pavirker naturbrande det centrale Kalimantan - effekten kvantificeres ved analyse af satellitbilleder?"
"";"dtu|dtupub|third_party";"";"2024-08-27T00:10:09.001Z";"Saladino, Sebastian Matias";"";"2738459430";"";"dtu";"2024";"";"";"";"";"thesis";"dtu|dtu_electronic|dtupub|dtupub_electronic";"";"";"";"";"";"";"";"";"";"";"";"";"";"";"";"";"und";"66cd1959c5022e0184fdb58d";"";"66cd1959c5022e0184fdb58d";"DTU Department of Technology, Management and Economics";"sorbit";"sorbit";"Technical analysis of composting process with organic waste generated in UNRC campus (Argentina)|Tekno-økonomisk analyse af en komposteringsproces pa UNRC campus Argentina"
"";"dtu|dtupub|third_party";"";"2024-09-10T09:15:02.385Z";"Sørensen, Joachim Andreas";"";"2738325578";"";"dtu";"2024";"";"";"";"";"thesis";"dtu|dtu_electronic|dtupub_external";"";"";"";"";"";"";"";"";"";"";"";"";"";"";"";"";"und";"66c3df01326225204c8b3f8b";"";"66c3df01326225204c8b3f8b";"DTU Department of Chemistry";"sorbit";"sorbit";"Analysis of Small Peptides in Biological Matrices using LC-MS|Analysis of Small Peptides in Biological Matrices using LC-MS"
"";"dtu|dtupub|third_party";"";"2023-03-24T01:09:32.370Z";"Kemanetzi, Nafsika";"";"2723178952";"";"dtu";"2023";"";"";"";"";"thesis";"dtu|dtu_electronic|dtupub_external";"";"";"";"";"";"";"";"";"";"";"";"";"";"";"";"";"und";"641cf84c27ee793c29cd880a";"";"641cf84c27ee793c29cd880a";"DTU DTU National Food Institute";"sorbit";"sorbit";"Aqueous Enzymatic Fractionation of Rapeseed Press Cake|Vandig enzymatisk fraktionering af pressekage fra raps"
"";"dtu|dtupub|third_party";"";"2024-08-30T00:10:16.093Z";"Peuch, Maé Paul Le";"";"2738544791";"";"dtu";"2024";"";"";"";"";"thesis";"dtu|dtu_electronic|dtupub_external";"";"";"";"";"";"";"";"";"";"";"";"";"";"";"";"";"und";"66d10de8af9bf801840760b2";"";"66d10de8af9bf801840760b2";"DTU Department of Wind and Energy Systems";"sorbit";"sorbit";"Comparison of 3 and 4 legged jacket structure for offshore wind turbines|Sammenligning af 3- og 4-benet kappestruktur til havvindmøller"
"";"dtu|dtupub|third_party";"";"2023-10-05T00:09:20.965Z";"Jelstad, Jakob";"";"2728897653";"";"dtu";"2023";"";"";"";"";"thesis";"dtu|dtu_electronic|dtupub|dtupub_electronic";"";"";"";"";"";"";"";"";"";"";"";"";"";"";"";"";"und";"651dfeb00264b803b3bb425b";"";"651dfeb00264b803b3bb425b";"DTU Department of Civil and Mechanical Engineering";"sorbit";"sorbit";"Parametric design of modular studio housing for optimal indoor climate and energy efficiency|Parametrisk design af modulopbygget studieboliger for optimalt indeklima og energieffektivitet"
"";"dtu|dtupub|third_party";"";"2024-02-22T03:56:30.750Z";"Christoffersen, Julie Elise";"";"2733610091";"";"dtu";"2024";"";"";"";"";"thesis";"dtu|dtu_electronic|dtupub|dtupub_electronic";"";"";"";"";"";"";"";"";"";"";"";"";"";"";"";"";"und";"65d69ed47803f23390e786ba";"";"65d69ed47803f23390e786ba";"DTU Department of Environmental and Resource Engineering";"sorbit";"sorbit";"Water for PtX - resources and quality, Skive|Vand til PtX - ressourcer og kvalitet, Skive"
"";"dtu|dtupub|third_party";"";"2024-08-26T00:10:24.173Z";"Rodriguez, Manuel Marcos";"";"2738416396";"";"dtu";"2024";"";"";"";"";"thesis";"dtu|dtu_electronic|dtupub_external";"";"";"";"";"";"";"";"";"";"";"";"";"";"";"";"";"und";"66cbc7d04faaac204c980e2b";"";"66cbc7d04faaac204c980e2b";"DTU Department of Health Technology";"sorbit";"sorbit";"Crafting new delivery systems for mRNA vaccines|Udarbejdelse af nye leveringssystemer til mRNA-vacciner"
"";"dtu|dtupub|third_party";"";"2024-09-10T09:15:02.778Z";"Brinkløv, Hjalte Sebastian";"";"2738078918";"";"dtu";"2024";"";"";"";"";"thesis";"dtu|dtu_electronic|dtupub_external";"";"";"";"";"";"";"";"";"";"";"";"";"";"";"";"";"und";"66b40cddd0ba5be8f30dfe51";"";"66b40cddd0ba5be8f30dfe51";"DTU Department of Chemistry";"sorbit";"sorbit";"Chemical characterization of secondary metabolites from Cannabis sativa L|Karakterisation af sekundære metabolitter fra Cannabis sativa L"
"";"dtu|dtupub|third_party";"";"2023-07-23T00:10:45.027Z";"Nørgreen, Sofie";"";"2727248792";"";"dtu";"2023";"";"";"";"";"thesis";"dtu|dtu_electronic|dtupub|dtupub_electronic";"";"";"";"";"";"";"";"";"";"";"";"";"";"";"";"";"und";"64bc7004ab116b31310bd0ba";"";"64bc7004ab116b31310bd0ba";"DTU Department of Environmental and Resource Engineering";"sorbit";"sorbit";"Scenario analysis for greenhouse gas emissions of the energy system at a zero emission neighbourhood, Campus Evenstad|Scenarieanalyse for drivhusgasemissioner fra energisystemet ved en nul-emission kvarter, Campus Evenstad"
"";"dtu|dtupub|third_party";"";"2023-08-01T00:11:46.699Z";"Goyeneche, Inigo Miguelez";"";"2727448830";"";"dtu";"2023";"";"";"";"";"thesis";"dtu|dtu_electronic|dtupub|dtupub_electronic";"";"";"";"";"";"";"";"";"";"";"";"";"";"";"";"";"und";"64c84dc22801161f4fc862b9";"";"64c84dc22801161f4fc862b9";"DTU Department of Technology, Management and Economics";"sorbit";"sorbit";"Key Opinion Leader identification based on literature and social network analysis|Identifikation af Key Opinion Leaders baseret pa analyse af litteratur og sociale netværk."
"";"dtu|dtupub|third_party";"";"2023-02-22T01:09:46.052Z";"Holmud, Natacha Friis";"";"2718825027";"";"dtu";"2023";"";"";"";"";"thesis";"dtu|dtu_electronic|dtupub_external";"";"";"";"";"";"";"";"";"";"";"";"";"";"";"";"";"und";"63f56b5a0ad60891f7995f44";"";"63f56b5a0ad60891f7995f44";"DTU DTU National Food Institute";"sorbit";"sorbit";"Investigation of physical properties of tempered chocolate relevant to chocolate production processes|Undersøgelse af chokoladeproduktionsrelevante fysiske egenskaber af tempereret chokolade"
"";"dtu|dtupub|third_party";"";"2023-08-29T00:09:19.750Z";"Bøhler, Jenny Gaden";"";"2727957052";"";"dtu";"2023";"";"";"";"";"thesis";"dtu|dtu_electronic|dtupub|dtupub_electronic";"";"";"";"";"";"";"";"";"";"";"";"";"";"";"";"";"und";"64ed372e1b67e52052226b55";"";"64ed372e1b67e52052226b55";"DTU Department of Civil and Mechanical Engineering";"sorbit";"sorbit";"Indoor climate and energy performance of semi-outdoor spaces in senior residences|Indeklima og energiforbrug af semi-udendørs omrader i seniorboliger"
"";"dtu|dtupub|third_party";"";"2023-09-27T00:09:28.761Z";"Hansen, Laurits Sehested";"";"2728725492";"";"dtu";"2023";"";"";"";"";"thesis";"dtu|dtu_electronic|dtupub_external";"";"";"";"";"";"";"";"";"";"";"";"";"";"";"";"";"und";"651372b8f6b821122336f467";"";"651372b8f6b821122336f467";"DTU Department of Chemical and Biochemical Engineering";"sorbit";"sorbit";"Alternative pasteurization method for breweries|Alternativ pasteuriseringsmetode for bryggerier"
"";"dtu|dtupub|third_party";"";"2024-07-09T00:09:59.013Z";"Miolo, Marco";"";"2737410654";"";"dtu";"2024";"";"";"";"";"thesis";"dtu|dtu_electronic|dtupub|dtupub_electronic";"";"";"";"";"";"";"";"";"";"";"";"";"";"";"";"";"und";"668c7fd53d6e7ddc48fc4f3a";"";"668c7fd53d6e7ddc48fc4f3a";"DTU Department of Civil and Mechanical Engineering";"sorbit";"sorbit";"Reduced order models for small-scale turbopumps|Reduced order models for small-scale turbopumps"
"";"dtu|dtupub|third_party";"";"2024-09-10T09:15:02.789Z";"Avramis, Alexandros";"";"2738184715";"";"dtu";"2024";"";"";"";"";"thesis";"dtu|dtu_electronic|dtupub|dtupub_electronic";"";"";"";"";"";"";"";"";"";"";"";"";"";"";"";"";"und";"66baa45215f057e8f3e5e929";"";"66baa45215f057e8f3e5e929";"DTU Department of Applied Mathematics and Computer Science";"sorbit";"sorbit";"Learning to Segment and Track any Object for Video Object Segmentation|Lær at segmentere og spore ethvert objekt til videoobjektsegmentering"
"";"dtu|dtupub|third_party";"";"2024-08-30T00:09:53.965Z";"Paddeu, Julie";"";"2738544209";"";"dtu";"2024";"";"";"";"";"thesis";"dtu|dtu_electronic|dtupub|dtupub_electronic";"";"";"";"";"";"";"";"";"";"";"";"";"";"";"";"";"und";"66d10dd0dceb30018415b6b8";"";"66d10dd0dceb30018415b6b8";"DTU Department of Wind and Energy Systems";"sorbit";"sorbit";"Finite element method for wind turbine wake modelling|Finite element-metode til vindmøllevagemodellering"
"";"dtu|dtupub|third_party";"";"2023-03-25T01:09:39.239Z";"Samuelsen, Jeppe Nygård";"";"2723191292";"";"dtu";"2023";"";"";"";"";"thesis";"dtu|dtu_electronic|dtupub|dtupub_electronic";"";"";"";"";"";"";"";"";"";"";"";"";"";"";"";"";"und";"641e49d31793143c290ca233";"";"641e49d31793143c290ca233";"DTU Department of Health Technology";"sorbit";"sorbit";"The use of statistical pair potentials for prediction of cognate TCR targets|Brugen af statistiske par-potentialer til forudsigelse af cognate TCR targets"
"";"dtu|dtupub|third_party";"";"2023-07-24T00:12:06.284Z";"Nche, Brono Nji";"";"2727253496";"";"dtu";"2023";"";"";"";"";"thesis";"dtu|dtu_electronic|dtupub|dtupub_electronic";"";"";"";"";"";"";"";"";"";"";"";"";"";"";"";"";"und";"64bdc1d67d02153131842b2c";"";"64bdc1d67d02153131842b2c";"DTU Department of Wind and Energy Systems";"sorbit";"sorbit";"Optimal short-term operation of hybrid energy storage systems in energy and reserve markets|Optimal kortsigtet drift af hybride energilagringssystemer pa energi- og reservemarkeder"
"";"dtu|dtupub|third_party";"";"2024-09-10T09:15:01.439Z";"Wu, Ziliang";"";"2738217911";"";"dtu";"2024";"";"";"";"";"thesis";"dtu|dtu_electronic|dtupub|dtupub_electronic";"";"";"";"";"";"";"";"";"";"";"";"";"";"";"";"";"und";"66bd4751985e2ae8f371176e";"";"66bd4751985e2ae8f371176e";"DTU Department of Electrical and Photonics Engineering";"sorbit";"sorbit";"Investigating high misalignment wireless power transfer system for battery charging (24V-48V)|Undersøg tradløst opladning med høj forskydning til batteriopladning(24V-48V)"
"";"dtu|dtupub|third_party";"";"2024-09-26T00:09:59.405Z";"Hassan, Zahraa";"";"2739317024";"";"dtu";"2024";"";"";"";"";"thesis";"dtu|dtu_electronic|dtupub|dtupub_electronic";"";"";"";"";"";"";"";"";"";"";"";"";"";"";"";"";"und";"66f4a6572e41ce43d9c13f06";"";"66f4a6572e41ce43d9c13f06";"DTU Department of Applied Mathematics and Computer Science";"sorbit";"sorbit";"The Impact of Bovine Digital Dermatitis on Gene Expression|Effekten af Bovine Digital Dermatitis pa gen ekspression"
"";"dtu|dtupub|third_party";"";"2024-03-05T02:02:27.001Z";"Ferrante, Michele";"";"2734125195";"";"dtu";"2024";"";"";"";"";"thesis";"dtu|dtu_electronic|dtupub|dtupub_electronic";"";"";"";"";"";"";"";"";"";"";"";"";"";"";"";"";"und";"65e670ce342e003f793b137e";"";"65e670ce342e003f793b137e";"DTU Department of Environmental and Resource Engineering";"sorbit";"sorbit";"Non-technical solutions for improving IEQ and sleep quality, a manual|Manualen til at forbedre indeklima og sovnkvalitet uden at bruge tekniske installationer"
"";"dtu|dtupub|third_party";"";"2023-09-20T00:09:26.643Z";"Steffensen, Thyge Skødt";"";"2728423478";"";"dtu";"2023";"";"";"";"";"thesis";"dtu|dtu_electronic|dtupub|dtupub_electronic";"";"";"";"";"";"";"";"";"";"";"";"";"";"";"";"";"und";"650a3835fa4c22566b621500";"";"650a3835fa4c22566b621500";"DTU Department of Applied Mathematics and Computer Science";"sorbit";"sorbit";"Tool Support for the Specification Language RSL* to enable Model Checking|Værktøjsunderstøttelse for Specifikationssproget RSL* til at muliggøre Modeltjekning"
"";"dtu|dtupub|third_party";"";"2024-07-23T15:42:09.442Z";"Jacobsen, Poulina";"";"2737744400";"";"dtu";"2024";"";"";"";"";"thesis";"dtu|dtu_electronic|dtupub|dtupub_electronic";"";"";"";"";"";"";"";"";"";"";"";"";"";"";"";"";"und";"669ef4f06e6857e8f32ec1f6";"";"669ef4f06e6857e8f32ec1f6";"DTU Department of Technology, Management and Economics";"sorbit";"sorbit";"Catalysts for Change: Unveiling the Empowerment Pathways of Lower-Income Women Entrepreneurs in Cape Town, South Africa|Katalysatorer for Forandring: Afsløring af Empowerment-stier for Kvindelige Iværksættere med Lav Indkomst i Cape Town, Sydafrika"
"";"dtu|dtupub|third_party";"";"2024-02-15T06:35:19.858Z";"Moctezuma-Baker, Daniel";"";"2731641175";"";"dtu";"2024";"";"";"";"";"thesis";"dtu|dtu_electronic|dtupub|dtupub_electronic";"";"";"";"";"";"";"";"";"";"";"";"";"";"";"";"";"und";"65cd645e208dffdd4b30394b";"";"65cd645e208dffdd4b30394b";"DTU Department of Technology, Management and Economics";"sorbit";"sorbit";"Opportunities for producing sustainable aviation fuel to support the European energy transition|Opportunities for producing sustainable aviation fuel to support the European energy transition"
"";"dtu|dtupub|third_party";"";"2024-08-22T00:11:47.650Z";"Quaghebeur, Pieter Stephaan M";"";"2738355841";"";"dtu";"2024";"";"";"";"";"thesis";"dtu|dtu_electronic|dtupub|dtupub_electronic";"";"";"";"";"";"";"";"";"";"";"";"";"";"";"";"";"und";"66c681d5a37b61204c91ba32";"";"66c681d5a37b61204c91ba32";"DTU Department of Technology, Management and Economics";"sorbit";"sorbit";"Evaluation of battery storage use-cases in electricity markets for intermittent renewable energy portfolios using stochastic dynamic programming|Evaluering af brug af batterilagring pa elmarkeder for intermitterende vedvarende energiporteføljer ved hjælp af stokastisk dynamisk programmering."
"";"dtu|dtupub|third_party";"";"2024-09-15T00:09:58.485Z";"Parvizi, Ali";"";"2739063157";"";"dtu";"2024";"";"";"";"";"thesis";"dtu|dtu_electronic|dtupub_external";"";"";"";"";"";"";"";"";"";"";"";"";"";"";"";"";"und";"66e625d063552f27f02a124c";"";"66e625d063552f27f02a124c";"DTU Department of Wind and Energy Systems";"sorbit";"sorbit";"Wind farm flow control through induction control for power optimization|Vindmølleparks flowkontrol gennem induktionskontrol til strømoptimering"
"";"dtu|dtupub|third_party";"";"2024-10-28T08:29:36.881Z";"Thede, William";"";"2739844747";"";"dtu";"2024";"";"";"";"";"thesis";"dtu|dtu_electronic|dtupub|dtupub_electronic";"";"";"";"";"";"";"";"";"";"";"";"";"";"";"";"";"und";"671f4b703f59f59cd737d5cf";"";"671f4b703f59f59cd737d5cf";"DTU Department of Electrical and Photonics Engineering";"sorbit";"sorbit";"Design and implementation of a system for online Electrochemical Impedance Spectroscopy of Li-Ion batteries|Design og implementering af et system til online elektrokemisk impedansspektroskopi af LiIon-batterier."
"";"dtu|dtupub|third_party";"";"2024-09-10T09:15:02.780Z";"Jensen, Stefan Peter Engelmann";"";"2738101730";"";"dtu";"2024";"";"";"";"";"thesis";"dtu|dtu_electronic|dtupub_external";"";"";"";"";"";"";"";"";"";"";"";"";"";"";"";"";"und";"66b55e5cc6c0c1e8f35e626b";"";"66b55e5cc6c0c1e8f35e626b";"DTU Department of Applied Mathematics and Computer Science";"sorbit";"sorbit";"Shape-to-Shape Transformatio in Geometric Deep Learning for Dental Data|Form-til-form transformation i geometrisk dyb læring for tanddata"
"";"dtu|dtupub|third_party";"";"2024-07-30T12:38:08.863Z";"Liboriussen, Anders Hørling|Frederiksen, Malou Nicole|Worsøe, Jacob Sandholt";"";"2737859093";"";"dtu";"2024";"";"";"";"";"thesis";"dtu|dtu_electronic|dtupub_external";"";"";"";"";"";"";"";"";"";"";"";"";"";"";"";"";"und";"66a83009405509e8f31f5fa1";"";"66a83009405509e8f31f5fa1";"DTU Department of Civil and Mechanical Engineering";"sorbit";"sorbit";"Complexity Management at Carlsberg|Complexity Management hos Carlsberg"
"";"dtu|dtupub|third_party";"";"2024-10-06T00:09:43.625Z";"Yasin, Usama";"";"2739542724";"";"dtu";"2024";"";"";"";"";"thesis";"dtu|dtu_electronic|dtupub|dtupub_electronic";"";"";"";"";"";"";"";"";"";"";"";"";"";"";"";"";"und";"6701d54657f7c043d9290b6b";"";"6701d54657f7c043d9290b6b";"DTU Department of Electrical and Photonics Engineering";"sorbit";"sorbit";"Advancing Security in the Era of Dynamic Networks: A Comprehensive Approach to Network Security with Software-Defined Networking and Programmable Data Planes|Advancing Security in the Era of Dynamic Networks: A Comprehensive Approach to Network Security with Software-Defined Networking and Programmable Data Planes"
"";"dtu|dtupub|third_party";"";"2024-07-29T06:07:23.170Z";"Ottensten, Jacob August Xander|Franck, Gustav Sandholm";"";"2737855422";"";"dtu";"2024";"";"";"";"";"thesis";"dtu|dtu_electronic|dtupub_external";"";"";"";"";"";"";"";"";"";"";"";"";"";"";"";"";"und";"66a6dddacdc456e8f3293662";"";"66a6dddacdc456e8f3293662";"DTU Department of Applied Mathematics and Computer Science";"sorbit";"sorbit";"Automatic Label Error Detection in MLOps Pipelines|Automatisk Label Error detektion i MLOps Pipelines"
"";"dtu|dtupub|third_party";"";"2024-07-23T15:42:09.557Z";"Chen, Yang|Ho, Joey|Chen, Ziwei|Yang, Haoming";"";"2737744428";"";"dtu";"2024";"";"";"";"";"thesis";"dtu|dtu_electronic|dtupub|dtupub_electronic";"";"";"";"";"";"";"";"";"";"";"";"";"";"";"";"";"und";"669ef52a300400e8f36ae869";"";"669ef52a300400e8f36ae869";"DTU Department of Technology, Management and Economics";"sorbit";"sorbit";"Human digital twin-based application for daily exercise|Motions-applikation baseret pa en human digital tvilling"
"";"dtu|dtupub|third_party";"";"2024-09-10T09:15:02.785Z";"As, Sila";"";"2738142740";"";"dtu";"2024";"";"";"";"";"thesis";"dtu|dtu_electronic|dtupub|dtupub_electronic";"";"";"";"";"";"";"";"";"";"";"";"";"";"";"";"";"und";"66b952ca713010e8f37c19a4";"";"66b952ca713010e8f37c19a4";"DTU Department of Wind and Energy Systems";"sorbit";"sorbit";"Design of a multi-element laminar flow aerofoil|Design af en multi-element laminær flow aerofoil"
"";"dtu|dtupub|third_party";"";"2024-07-21T06:30:29.186Z";"Gøttsche, Asta";"";"2737695456";"";"dtu";"2024";"";"";"";"";"thesis";"dtu|dtu_electronic|dtupub|dtupub_electronic";"";"";"";"";"";"";"";"";"";"";"";"";"";"";"";"";"und";"669c51c40c3e68e8f3635037";"";"669c51c40c3e68e8f3635037";"DTU Department of Environmental and Resource Engineering";"sorbit";"sorbit";"Ecotoxicity of bioplastic leachates to Daphnia magna|Økotoksicitet af bioplast perkolater i Daphnia magna"
"";"dtu|dtupub|third_party";"";"2024-08-01T07:56:04.025Z";"Kasule, Evelyn Namuga";"";"2737925881";"";"dtu";"2024";"";"";"";"";"thesis";"dtu|dtu_electronic|dtupub|dtupub_electronic";"";"";"";"";"";"";"";"";"";"";"";"";"";"";"";"";"und";"66aad25a1bcd59e8f33e9c58";"";"66aad25a1bcd59e8f33e9c58";"DTU Department of Chemical and Biochemical Engineering";"sorbit";"sorbit";"Kinetic measurements and modeling for next generation CO2 capture solvents|Reaktionskinetiske malinger og modellering for næste generation af CO2-opfangende opløsningsmidler"
"";"dtu|dtupub|third_party";"";"2024-02-28T01:24:29.184Z";"Specktor, Max Jacob";"";"2733712802";"";"dtu";"2024";"";"";"";"";"thesis";"dtu|dtu_electronic|dtupub_external";"";"";"";"";"";"";"";"";"";"";"";"";"";"";"";"";"und";"65de8821380ab60174d224c2";"";"65de8821380ab60174d224c2";"DTU Department of Applied Mathematics and Computer Science";"sorbit";"sorbit";"Measurement System Analysis for the approval of mould components|Malesystemanalyse til godkendelse af formkomponenter"
"";"dtu|dtupub|third_party";"";"2024-03-06T05:02:01.007Z";"Andersen, Rune Huntley|Birkholm, Peter Søren Gudme";"";"2734175652";"";"dtu";"2024";"";"";"";"";"thesis";"dtu|dtu_electronic|dtupub_external";"";"";"";"";"";"";"";"";"";"";"";"";"";"";"";"";"und";"65e7c25c11d75b3f79d4063a";"";"65e7c25c11d75b3f79d4063a";"DTU Department of Environmental and Resource Engineering";"sorbit";"sorbit";"Advancing Sustainability in the Built Environment: A Machine Learning Approach to Early Phase Carbon Emission Assessments|Fremme af Bæredygtighed i Byggeriet: En Machine Learning Tilgang til Tidlig Fase Vurdering af Kulstofemissioner"
"";"dtu|dtupub|third_party";"";"2024-09-30T00:09:55.331Z";"Anghel, Mihai Vlad Ursta";"";"2739399209";"";"dtu";"2024";"";"";"";"";"thesis";"dtu|dtu_electronic|dtupub|dtupub_electronic";"";"";"";"";"";"";"";"";"";"";"";"";"";"";"";"";"und";"66f9ec50ac59fb43d99a3c65";"";"66f9ec50ac59fb43d99a3c65";"DTU Department of Electrical and Photonics Engineering";"sorbit";"sorbit";"Comparative Analysis of THz-PMT Detectors in Imaging Systems for Semiconductor and 2D Material Characterization|Analyse af THz-PMT-detektorer i billeddannelsessystemer til halvleder- og 2D-materialekarakterisering"
"";"dtu|dtupub|third_party";"";"2024-04-01T00:10:04.176Z";"Bakali, Maria";"";"2735269675";"";"dtu";"2024";"";"";"";"";"thesis";"dtu|dtu_electronic|dtupub|dtupub_electronic";"";"";"";"";"";"";"";"";"";"";"";"";"";"";"";"";"und";"6609fb5b1da0561e2e3924f3";"";"6609fb5b1da0561e2e3924f3";"DTU Department of Technology, Management and Economics";"sorbit";"sorbit";"Biodiversity offsetting in marine environments for sustainable construction|Biodiversitetskompensation i havmiljøer for bæredygtigt byggeri"
"";"dtu|dtupub|third_party";"";"2024-02-20T06:04:31.452Z";"Nielsen, Nicolaj Hans";"";"2733339170";"";"dtu";"2024";"";"";"";"";"thesis";"dtu|dtu_electronic|dtupub|dtupub_electronic";"";"";"";"";"";"";"";"";"";"";"";"";"";"";"";"";"und";"65d3fbd1d1205b33900c2ccb";"";"65d3fbd1d1205b33900c2ccb";"DTU Department of Applied Mathematics and Computer Science";"sorbit";"sorbit";"Data-Driven Decision Making for Sustainable Building Development|Datadrevet Beslutningstagen for Bæredygtig Bygningsudvikling"
"";"dtu|dtupub|third_party";"";"2024-02-28T01:24:32.103Z";"Thomsen, Viktor Lukas Müller|Svendsen, Søren Rømer Rejkjær";"";"2733713169";"";"dtu";"2024";"";"";"";"";"thesis";"dtu|dtu_electronic|dtupub|dtupub_electronic";"";"";"";"";"";"";"";"";"";"";"";"";"";"";"";"";"und";"65de882e3584b80174fbe47d";"";"65de882e3584b80174fbe47d";"DTU Department of Civil and Mechanical Engineering";"sorbit";"sorbit";"Advancing Sustainable Healthcare: Development of a Circular Economy Framework for Transitioning from Single-Use to Multi-Use Products in Healthcare|Mod et mere bæredygtigt sundhedsvæsen: Udvikling af et cirkulært designværktøj til at understøtte skiftet fra engangs- til flergangsprodukter i sundhedsvæsnet."
"";"dtu|dtupub|third_party";"";"2024-03-20T01:09:36.690Z";"Andersen, Sophia Lykke";"";"2734504703";"";"dtu";"2024";"";"";"";"";"thesis";"dtu|dtu_electronic|dtupub|dtupub_electronic";"";"";"";"";"";"";"";"";"";"";"";"";"";"";"";"";"und";"65fa3750cbb7a11e2efa9077";"";"65fa3750cbb7a11e2efa9077";"DTU Department of Civil and Mechanical Engineering";"sorbit";"sorbit";"Reduction of Stresses in Bridge Girder by application of Maxwell-Betti principle in Finite Element Model|Reduktion af spændinger i brodrager ved anvendelse af Maxwell-Betti princip i Elementmetodemodel"
"";"dtu|dtupub|third_party";"";"2024-03-03T01:30:45.177Z";"Hansen, Tobias Lynggaard|Kristensen, Jakob Brems";"";"2734025166";"";"dtu";"2024";"";"";"";"";"thesis";"dtu|dtu_electronic|dtupub_external";"";"";"";"";"";"";"";"";"";"";"";"";"";"";"";"";"und";"65e3cdd853a1d0149e83d1c3";"";"65e3cdd853a1d0149e83d1c3";"DTU Department of Civil and Mechanical Engineering";"sorbit";"sorbit";"Increasing accuracy and stability of automated assembly processes using a Robust Design approach|Præcisions- og stabilitetsoptimering af automatiserede montageprocesser ved hjælp af Robust Design"
"";"dtu|dtupub|third_party";"";"2024-04-01T00:10:00.716Z";"Svensgaard, Morten Lunden|Brøndum, Tobias Vestergaard";"";"2735269668";"";"dtu";"2024";"";"";"";"";"thesis";"dtu|dtu_electronic|dtupub|dtupub_electronic";"";"";"";"";"";"";"";"";"";"";"";"";"";"";"";"";"und";"6609fb58e0f0961e2e2534cd";"";"6609fb58e0f0961e2e2534cd";"DTU Department of Civil and Mechanical Engineering";"sorbit";"sorbit";"Efficiency of thermal fire ventilation when affected by exterior wind|Termisk brandventilations effektivitet ved pavirkning af vind."
"";"dtu|dtupub|third_party";"";"2023-09-01T00:09:25.764Z";"Danielsen, Hannibal Bo|Schytte, Frederik Østergaard";"";"2728030154";"";"dtu";"2023";"";"";"";"";"thesis";"dtu|dtu_electronic|dtupub_external";"";"";"";"";"";"";"";"";"";"";"";"";"";"";"";"";"und";"64f12bb5b5eba922a641763f";"";"64f12bb5b5eba922a641763f";"DTU Department of Civil and Mechanical Engineering";"sorbit";"sorbit";"Complexity management analysis of the customer portfolio in DSV|Complexity management analyse af kunde porteføljen hos DSV"
"";"dtu|dtupub|third_party";"";"2023-08-01T00:12:11.370Z";"Ciorescu, Marian Bogdan";"";"2727448849";"";"dtu";"2023";"";"";"";"";"thesis";"dtu|dtu_electronic|dtupub|dtupub_electronic";"";"";"";"";"";"";"";"";"";"";"";"";"";"";"";"";"und";"64c84ddbe00b2e1f4fb54ad1";"";"64c84ddbe00b2e1f4fb54ad1";"DTU Department of Chemistry";"sorbit";"sorbit";"Slope stability assessment of Longyeardalen, Svalbard|Skraningsstabilitetsanalyse af Longyeardalen, Svalbard"
"";"dtu|dtupub|third_party";"";"2023-08-16T00:11:20.684Z";"Lange, Johannes Ulrich Wolfgang";"";"2727703922";"";"dtu";"2023";"";"";"";"";"thesis";"dtu|dtu_electronic|dtupub_external";"";"";"";"";"";"";"";"";"";"";"";"";"";"";"";"";"und";"64dc1427d7c6322052902dd9";"";"64dc1427d7c6322052902dd9";"DTU Department of Wind and Energy Systems";"sorbit";"sorbit";"Quantitative analysis of workability regarding human exposure to motions of floating wind turbines|Kvantitativ analyse af menneskelig arbejdsevne eksponeret for flydende vindmøllers bevægelse"
"";"dtu|dtupub|third_party";"";"2023-07-30T00:11:05.579Z";"Andersen, Carsten Guldbrand|Handberg, Andreas";"";"2727401178";"";"dtu";"2023";"";"";"";"";"thesis";"dtu|dtu_electronic|dtupub|dtupub_electronic";"";"";"";"";"";"";"";"";"";"";"";"";"";"";"";"";"und";"64c5aa99713b011f4f77869e";"";"64c5aa99713b011f4f77869e";"DTU Department of Applied Mathematics and Computer Science";"sorbit";"sorbit";"Using Attention-based Prioritization to Achieve On-line Planning for Individual Agents in a Dynamic Environment|Anvendelse af opmærksomhedsbaseret prioritering til at opna on-line planning af enkelte agenter i et dynamisk miljø"
"";"dtu|dtupub|third_party";"";"2023-08-21T00:11:16.619Z";"Árnason, Olgeir Ingi";"";"2727790446";"";"dtu";"2023";"";"";"";"";"thesis";"dtu|dtu_electronic|dtupub|dtupub_electronic";"";"";"";"";"";"";"";"";"";"";"";"";"";"";"";"";"und";"64e2aba4d871af2052b1039b";"";"64e2aba4d871af2052b1039b";"DTU Department of Applied Mathematics and Computer Science";"sorbit";"sorbit";"Denoising diffusion probabilistic models for super-resolution|Denoising diffusion probabilistiske modeller for superopløsning"
"";"dtu|dtupub|third_party";"";"2024-03-20T01:09:34.915Z";"Larsen, Nicolai Holton|Christiansen, Casper Bonde";"";"2734504672";"";"dtu";"2024";"";"";"";"";"thesis";"dtu|dtu_electronic|dtupub_external";"";"";"";"";"";"";"";"";"";"";"";"";"";"";"";"";"und";"65fa374ddddb0d1e2e356544";"";"65fa374ddddb0d1e2e356544";"DTU Department of Environmental and Resource Engineering";"sorbit";"sorbit";"Test for ASR for selected Danish and foreign coarse aggregates with different cement types according to the test methods Rilem AAR-3 and DTU CPT|Afprøvning for AKR af udvalgte danske og udenlandske grove tilslag med forskellige cementtyper efter prøvningsmetoderne Rilem AAR-3 og DTU CPT"
"";"dtu|dtupub|third_party";"";"2024-02-22T03:56:30.686Z";"Jørgensen, Johan Peter Bredal";"";"2733610078";"";"dtu";"2024";"";"";"";"";"thesis";"dtu|dtu_electronic|dtupub|dtupub_electronic";"";"";"";"";"";"";"";"";"";"";"";"";"";"";"";"";"und";"65d69ed31940233390850d3b";"";"65d69ed31940233390850d3b";"DTU Department of Biotechnology and Biomedicine";"sorbit";"sorbit";"Design and characterization of whole-cell metabolite biosensors|Design og karakterisering af metabolit biosensorer"
"";"dtu|dtupub|third_party";"";"2023-08-31T00:09:31.696Z";"Benavent, Carmen Escobar";"";"2727992365";"";"dtu";"2023";"";"";"";"";"thesis";"dtu|dtu_electronic|dtupub_external";"";"";"";"";"";"";"";"";"";"";"";"";"";"";"";"";"und";"64efda3bcc48af20525bccdc";"";"64efda3bcc48af20525bccdc";"DTU Department of Technology, Management and Economics";"sorbit";"sorbit";"Machine Learning Implementation in the Supply Chain Department for Demand Forecasting|Machine Learning Implementation in the Supply Chain Department for Demand Forecasting"
"";"dtu|dtupub|third_party";"";"2023-08-02T00:10:37.743Z";"Ren, Ruijie";"";"2727471307";"";"dtu";"2023";"";"";"";"";"thesis";"dtu|dtu_electronic|dtupub|dtupub_electronic";"";"";"";"";"";"";"";"";"";"";"";"";"";"";"";"";"und";"64c99efd4fc18e1f4f97bfa1";"";"64c99efd4fc18e1f4f97bfa1";"DTU Department of Applied Mathematics and Computer Science";"sorbit";"sorbit";"Tomographic 3D Printing with a Feedback Loop Based on Shadowgraphy|Tomografisk 3D-print med et feedback loop baseret pa skyggegrafi"
"";"dtu|dtupub|third_party";"";"2023-07-31T00:10:31.270Z";"Wedendahl-Kruse, Mads";"";"2727406327";"";"dtu";"2023";"";"";"";"";"thesis";"dtu|dtu_electronic|dtupub_external";"";"";"";"";"";"";"";"";"";"";"";"";"";"";"";"";"und";"64c6fbf7be10111f4f50adab";"";"64c6fbf7be10111f4f50adab";"DTU Department of Electrical and Photonics Engineering";"sorbit";"sorbit";"Robust Global Localization of Autonomous Mobile Robots in a Kidnapped Robot Scenario|Robust Global Localization of Autonomous Mobile Robots in a Kidnapped Robot Scenario"
"";"dtu|dtupub|third_party";"";"2023-08-05T00:10:24.383Z";"Christensen, Katrine Dam";"";"2727516916";"";"dtu";"2023";"";"";"";"";"thesis";"dtu|dtu_electronic|dtupub|dtupub_electronic";"";"";"";"";"";"";"";"";"";"";"";"";"";"";"";"";"und";"64cd936f8ffaf61f4faeaed4";"";"64cd936f8ffaf61f4faeaed4";"DTU Department of Applied Mathematics and Computer Science";"sorbit";"sorbit";"Machine Learning for Electroencephalography Based Dementia Classification|Karakterisering af Hjernekonnektivitetsændringer pa Tværs af Neurodegenerative Lidelser"
"";"dtu|dtupub|third_party";"";"2023-03-07T01:09:34.117Z";"Milman, Hans Christian|Hansen, William";"";"2720317285";"";"dtu";"2023";"";"";"";"";"thesis";"dtu|dtu_electronic|dtupub_external";"";"";"";"";"";"";"";"";"";"";"";"";"";"";"";"";"und";"64068ece82c2793c9658c0ed";"";"64068ece82c2793c9658c0ed";"DTU Department of Technology, Management and Economics";"sorbit";"sorbit";"Sharing is caring: Exploring and validating a social dating app concept|Sharing is caring: Udforskning og validering af et socialt dating app koncept"
"";"dtu|dtupub|third_party";"";"2023-07-31T00:10:46.766Z";"Maretti, Jacob Boelskift";"";"2727406351";"";"dtu";"2023";"";"";"";"";"thesis";"dtu|dtu_electronic|dtupub|dtupub_electronic";"";"";"";"";"";"";"";"";"";"";"";"";"";"";"";"";"und";"64c6fc064194d01f4f05d149";"";"64c6fc064194d01f4f05d149";"DTU Department of Electrical and Photonics Engineering";"sorbit";"sorbit";"Data driven calibration of a multi spectral nano sensor for integrative light applications|Datadrevet kalibrering af en multispektral nanosensor til integrerende belysningsanvendelser"
"";"dtu|dtupub|third_party";"";"2023-07-24T00:12:06.719Z";"Zhou, Qinshu";"";"2727253499";"";"dtu";"2023";"";"";"";"";"thesis";"dtu|dtu_electronic|dtupub|dtupub_electronic";"";"";"";"";"";"";"";"";"";"";"";"";"";"";"";"";"und";"64bdc1d6ac1a5b313195c2b4";"";"64bdc1d6ac1a5b313195c2b4";"DTU National Institute of Aquatic Resources";"sorbit";"sorbit";"Sustainable restorative aquaculture, biodiversity and associated biosecurity|Bæredygtig genoprettende akvakultur, biodiversitet og tilhørende biosikkerhed"
"";"dtu|dtupub|third_party";"";"2023-11-20T08:54:47.743Z";"Jepsen, Stine Vrist";"";"2729836720";"";"dtu";"2023";"";"";"";"";"thesis";"dtu|dtu_electronic|dtupub_external";"";"";"";"";"";"";"";"";"";"";"";"";"";"";"";"";"und";"6556bd400f56f6048746e75f";"";"6556bd400f56f6048746e75f";"DTU Department of Chemical and Biochemical Engineering";"sorbit";"sorbit";"Experimental membrane optimization of electrochemical gas cleaning cells|Eksperimentel membran udvikling for elektrokemiske gasrensningssystemer"
"";"dtu|dtupub|third_party";"";"2023-07-24T00:11:01.225Z";"Sharma, Dhruv";"";"2727253378";"";"dtu";"2023";"";"";"";"";"thesis";"dtu|dtu_electronic|dtupub_external";"";"";"";"";"";"";"";"";"";"";"";"";"";"";"";"";"und";"64bdc195ee67b53131fc9ca0";"";"64bdc195ee67b53131fc9ca0";"DTU Department of Environmental and Resource Engineering";"sorbit";"sorbit";"LCA model for water purification treatment trains: A case study on PFAS & other chemicals|LCA model for spildevandsrensings tog: Case studie af PFAS and andre kemikalier"
"";"dtu|dtupub|third_party";"";"2023-07-24T00:11:53.377Z";"Rasmussen, Magne Egede";"";"2727253463";"";"dtu";"2023";"";"";"";"";"thesis";"dtu|dtu_electronic|dtupub|dtupub_electronic";"";"";"";"";"";"";"";"";"";"";"";"";"";"";"";"";"und";"64bdc1c9617c963131614cd6";"";"64bdc1c9617c963131614cd6";"DTU Department of Applied Mathematics and Computer Science";"sorbit";"sorbit";"On applications of Geometric Singular Perturbation Theory to mass-spring systems close to the continuum limit|Anvendelser af geometrisk singulær perturbations teori til masse-fjeder systemer tæt pa kontinuumsgrænsen"
"";"dtu|dtupub|third_party";"";"2023-02-22T01:09:59.656Z";"Kramer, Andreas Richard";"";"2718825284";"";"dtu";"2023";"";"";"";"";"thesis";"dtu|dtu_electronic|dtupub|dtupub_electronic";"";"";"";"";"";"";"";"";"";"";"";"";"";"";"";"";"und";"63f56b672a032a91f722e770";"";"63f56b672a032a91f722e770";"DTU Department of Electrical and Photonics Engineering";"sorbit";"sorbit";"Analysis of noise screen design|Analyse af støjskærmdesign"
"";"dtu|dtupub|third_party";"";"2023-02-28T01:09:48.780Z";"Navne, Jesper";"";"2719955097";"";"dtu";"2023";"";"";"";"";"thesis";"dtu|dtu_electronic|dtupub|dtupub_electronic";"";"";"";"";"";"";"";"";"";"";"";"";"";"";"";"";"und";"63fd545c9687c691f7e97217";"";"63fd545c9687c691f7e97217";"DTU Department of Physics";"sorbit";"sorbit";"Light-induced reconfigurable hydrophilicity effect in metal oxides|Lys induceret rekonfigurerbar befugtningseffekt for metaloxider"
"";"dtu|dtupub|third_party";"";"2023-02-21T01:09:23.265Z";"Müller, Amalie Nygaard|Klepsch, Katinka Schjeldrup|Plauborg, Malene";"";"2718813885";"";"dtu";"2023";"";"";"";"";"thesis";"dtu|dtu_electronic|dtupub|dtupub_electronic";"";"";"";"";"";"";"";"";"";"";"";"";"";"";"";"";"und";"63f419c339627e91f7a913d7";"";"63f419c339627e91f7a913d7";"DTU Department of Technology, Management and Economics";"sorbit";"sorbit";"Optimization of bagage processes in CPH airport|Optimering af bagage processer i CPH lufthavn"
"";"dtu|dtupub|third_party";"";"2024-08-22T00:12:25.262Z";"Kristensen, Magnus Højmark|Schlosser, Kasper Fibæk";"";"2738356024";"";"dtu";"2024";"";"";"";"";"thesis";"dtu|dtu_electronic|dtupub_external";"";"";"";"";"";"";"";"";"";"";"";"";"";"";"";"";"und";"66c681edeffb0f204cefcd4f";"";"66c681edeffb0f204cefcd4f";"DTU Department of Wind and Energy Systems";"sorbit";"sorbit";"Power trading using distributionally robust optimisation and regulation power price forecasts|Elhandel ved hjælp af distributionally robust optimisation og ubalanceprisprognoser"
"";"dtu|dtupub|third_party";"";"2024-08-05T00:32:52.950Z";"Pedersen, Mads Vikkelsø";"";"2737992959";"";"dtu";"2024";"";"";"";"";"thesis";"dtu|dtu_electronic|dtupub_external";"";"";"";"";"";"";"";"";"";"";"";"";"";"";"";"";"und";"66b01845e553d3e8f37e3396";"";"66b01845e553d3e8f37e3396";"DTU Department of Applied Mathematics and Computer Science";"sorbit";"sorbit";"Deep Learning for Quality Assessment of Dental Scannings|Dyb læring for kvalitetsvurdering af dentalscanninger"
"";"dtu|dtupub|third_party";"";"2024-07-28T10:56:36.698Z";"Tzouras, Vasileios";"";"2737844790";"";"dtu";"2024";"";"";"";"";"thesis";"dtu|dtu_electronic|dtupub|dtupub_electronic";"";"";"";"";"";"";"";"";"";"";"";"";"";"";"";"";"und";"66a58c5cbf59dae8f3ba35d2";"";"66a58c5cbf59dae8f3ba35d2";"DTU Department of Electrical and Photonics Engineering";"sorbit";"sorbit";"Unsupervised Domain Adaptation for Object Detection in Agriculture|Unsupervised Domain Adaptation for Object Detection in Agriculture"
"";"dtu|dtupub|third_party";"";"2025-01-24T01:12:54.658Z";"Borring, Krestian|Pedersen, Kevin Billesborg";"";"2856547384";"";"dtu";"2024";"";"";"";"";"thesis";"dtu|dtu_electronic|dtupub_external";"";"";"";"";"";"";"";"";"";"";"";"";"";"";"";"";"und";"6792e878e5775515d2057fca";"";"6792e878e5775515d2057fca";"DTU Department of Technology, Management and Economics";"sorbit";"sorbit";"How can inequality in health be addressed through transdisciplinary collaboration: A case study of Erhvervsfyrtårn Life Science Mental Sundhed|Hvordan kan ulighed i sundhed adresseres gennemtransdisciplinære samarbejder: En case-studie af Erhvervsfyrtarn Life Science Mental Sundhed"
"";"dtu|dtupub|third_party";"";"2024-06-14T00:09:42.227Z";"Jimenez, Manuel Fernandez";"";"2736918773";"";"dtu";"2024";"";"";"";"";"thesis";"dtu|dtu_electronic|dtupub|dtupub_electronic";"";"";"";"";"";"";"";"";"";"";"";"";"";"";"";"";"und";"666b8a46a41ceb17d3a23589";"";"666b8a46a41ceb17d3a23589";"DTU Department of Space Research and Space Technology";"sorbit";"sorbit";"Design, simulation, and experimental evaluation of a Compton Camera instrument based on 3D CdZnTe drift strip detectors|Design og simulering samt eksperimentel evaluering af et Compton-kamerainstrument baseret pa 3D CZT-driftstrip-detektorer"
"";"dtu|dtupub|third_party";"";"2024-07-09T00:10:11.234Z";"Sanchez, Sandra Martos";"";"2737410738";"";"dtu";"2024";"";"";"";"";"thesis";"dtu|dtu_electronic|dtupub|dtupub_electronic";"";"";"";"";"";"";"";"";"";"";"";"";"";"";"";"";"und";"668c7fe329ed3cdc4801c029";"";"668c7fe329ed3cdc4801c029";"DTU Department of Space Research and Space Technology";"sorbit";"sorbit";"A MIMO Rx RF front-end for a ship location system|En MIMO RX HF front-end til et skibslokaliseringssystem"
"";"dtu|dtupub|third_party";"";"2023-07-05T00:11:39.885Z";"Jürgens, Cecilie Elisabeth Sejer";"";"2726796331";"";"dtu";"2023";"";"";"";"";"thesis";"dtu|dtu_electronic|dtupub|dtupub_electronic";"";"";"";"";"";"";"";"";"";"";"";"";"";"";"";"";"und";"64a4b53b73409d915225a1d1";"";"64a4b53b73409d915225a1d1";"DTU Department of Applied Mathematics and Computer Science";"sorbit";"sorbit";"Automated detection of reading pattern differences for normal readers compared to people with dyslexia|Automatiseret bestemmelse af forskelle i læsemønstre mellem normale læsere og læsere med ordblindhed"
"";"dtu|dtupub|third_party";"";"2024-02-28T01:24:35.314Z";"Sandgaard, Søren Vestergren";"";"2733713757";"";"dtu";"2024";"";"";"";"";"thesis";"dtu|dtu_electronic|dtupub|dtupub_electronic";"";"";"";"";"";"";"";"";"";"";"";"";"";"";"";"";"und";"65de883b57b7100174e53d32";"";"65de883b57b7100174e53d32";"DTU Department of Health Technology";"sorbit";"sorbit";"Functional characterization of tissues by deconvolution to cell level gene expression|Funktionel karakterisering af vævsprøver ved deconvolution til genekspression pa celleniveau"
"";"dtu|dtupub|third_party";"";"2024-04-04T00:09:43.176Z";"Sierra, Gonzalo Pazos";"";"2735364427";"";"dtu";"2024";"";"";"";"";"thesis";"dtu|dtu_electronic|dtupub_external";"";"";"";"";"";"";"";"";"";"";"";"";"";"";"";"";"und";"660defc440c6a41e2eb462e4";"";"660defc440c6a41e2eb462e4";"DTU Department of Biotechnology and Biomedicine";"sorbit";"sorbit";"Optimization and characterization of Tangential Flow Filtration Perfusion|Optimering og karakterisering af Tangential Flow Filtration Perfusion"
"";"dtu|dtupub|third_party";"";"2025-10-16T00:34:37.010Z";"Matiwane, Vuyolwethu";"";"2874581812";"";"dtu";"2023";"";"";"";"";"thesis";"dtu|dtu_electronic|dtupub|dtupub_electronic";"";"";"";"";"";"";"";"";"";"";"";"";"";"";"";"";"und";"68f038082fff2615e128bd61";"";"68f038082fff2615e128bd61";"DTU Department of Wind and Energy Systems";"sorbit";"sorbit";"A Comparative Analysis of Imbalance Penalty Schemes in India, Pakistan, Nord Pool and South Africa|En komparativ analyse af ubalance bødeordninger i Indien, Pakistan, NordPool og Sydafrika'"
"";"dtu|dtupub|third_party";"";"2023-03-29T00:09:51.578Z";"Chen, Jiasi";"";"2723283118";"";"dtu";"2023";"";"";"";"";"thesis";"dtu|dtu_electronic|dtupub_external";"";"";"";"";"";"";"";"";"";"";"";"";"";"";"";"";"und";"642381cf4b82883d3ce6472a";"";"642381cf4b82883d3ce6472a";"DTU Department of Biotechnology and Biomedicine";"sorbit";"sorbit";"Metabolic glycoengineering of NK cells and cell-derived exosomes|Metabolisk glycoengineering af NK-celler og celleafledte exosomer"
"";"dtu|dtupub|third_party";"";"2024-11-01T01:09:35.453Z";"Sørensen, Naomi Fleurine";"";"2740134598";"";"dtu";"2024";"";"";"";"";"thesis";"dtu|dtu_electronic|dtupub|dtupub_electronic";"";"";"";"";"";"";"";"";"";"";"";"";"";"";"";"";"und";"67242a4d121781a51ddbebb9";"";"67242a4d121781a51ddbebb9";"DTU Department of Environmental and Resource Engineering";"sorbit";"sorbit";"Application of sewage sludge ash in alkali-activated materials|Anvendelse af slamaske i alkali-aktiverede materialer"
"";"dtu|dtupub|third_party";"";"2023-07-10T00:10:59.984Z";"Refosco, Pietro Aldo";"";"2726980852";"";"dtu";"2023";"";"";"";"";"thesis";"dtu|dtu_electronic|dtupub|dtupub_electronic";"";"";"";"";"";"";"";"";"";"";"";"";"";"";"";"";"und";"64ab4c93e99088915227093c";"";"64ab4c93e99088915227093c";"DTU Department of Electrical and Photonics Engineering";"sorbit";"sorbit";"Stability and Systematic Tuning of Super Twisting Sliding Mode Control loops|Stabilitet og systematisk justering af Super Twisting Sliding Mode Kontrol sløjfer"
"";"dtu|dtupub|third_party";"";"2023-02-13T13:57:15.651Z";"Hedeboe, Ella";"";"2718659734";"";"dtu";"2023";"";"";"";"";"thesis";"dtu|dtu_electronic|dtupub_external";"";"";"";"";"";"";"";"";"";"";"";"";"";"";"";"";"und";"63e447c62e8f122dce69e2b9";"";"63e447c62e8f122dce69e2b9";"DTU Department of Health Technology";"sorbit";"sorbit";"A bioinformatic investigation of the E3 ubiquitin ligase landscape for targeted protein degradation in inflammatory diseases|En bioinformatisk undersøgelse af E3 ubiquitin ligase landskabet for malrettet protein nedbrydning i inflammatoriske sygdomme"
"";"dtu|dtupub|third_party";"";"2023-08-22T00:11:34.056Z";"Tuntland, David Fosse";"";"2727821632";"";"dtu";"2023";"";"";"";"";"thesis";"dtu|dtu_electronic|dtupub_external";"";"";"";"";"";"";"";"";"";"";"";"";"";"";"";"";"und";"64e3fd35d66d692052c9a391";"";"64e3fd35d66d692052c9a391";"DTU Department of Civil and Mechanical Engineering";"sorbit";"sorbit";"Analysis and design of a Load Sensing windturbine pitch system|Analyse og design af et load sensing baseret pitchstyringssystem til vindmøller"
"";"dtu|dtupub|third_party";"";"2023-04-01T00:09:40.465Z";"Poljuha, Matej";"";"2723340190";"";"dtu";"2023";"";"";"";"";"thesis";"dtu|dtu_electronic|dtupub|dtupub_electronic";"";"";"";"";"";"";"";"";"";"";"";"";"";"";"";"";"und";"64277644e057df3d3c0104af";"";"64277644e057df3d3c0104af";"DTU Department of Applied Mathematics and Computer Science";"sorbit";"sorbit";"Benchmarking post-quantum secure biometrics-authenticated key exchange|Benhmarking af post-kvantesikre biometriautentificeret nøgleudveksling"
"";"dtu|dtupub|third_party";"";"2023-07-24T00:12:06.468Z";"Eliard, Laurena Bérangère";"";"2727253497";"";"dtu";"2023";"";"";"";"";"thesis";"dtu|dtu_electronic|dtupub|dtupub_electronic";"";"";"";"";"";"";"";"";"";"";"";"";"";"";"";"";"und";"64bdc1d65c42e43131ffc194";"";"64bdc1d65c42e43131ffc194";"DTU Department of Wind and Energy Systems";"sorbit";"sorbit";"Optimal operational planning of hybrid energy storage systems in energy and reserve markets|Optimal driftsplanlægning af hybride energilagringssystemer pa energi- og reservemarkeder"
"";"dtu|dtupub|third_party";"";"2023-07-15T00:11:10.200Z";"Gribsvad, Jens Christian Bang";"";"2727099584";"";"dtu";"2023";"";"";"";"";"thesis";"dtu|dtu_electronic|dtupub|dtupub_electronic";"";"";"";"";"";"";"";"";"";"";"";"";"";"";"";"";"und";"64b1e41ea4b47091528a403b";"";"64b1e41ea4b47091528a403b";"DTU Department of Applied Mathematics and Computer Science";"sorbit";"sorbit";"Use of deep learning to identify, enumerate and differentiate bacteria colonies from time lapse imagery|Brug af deep learning til at identificere, opregne og differentiere bakteriekolonier fra time-lapse-billeder"
"";"dtu|dtupub|third_party";"";"2024-07-30T12:38:08.860Z";"Tsiavos, Alexandros";"";"2737859095";"";"dtu";"2024";"";"";"";"";"thesis";"dtu|dtu_electronic|dtupub|dtupub_electronic";"";"";"";"";"";"";"";"";"";"";"";"";"";"";"";"";"und";"66a8300beeaffae8f3fc65f9";"";"66a8300beeaffae8f3fc65f9";"DTU Department of Applied Mathematics and Computer Science";"sorbit";"sorbit";"Analysis of functional near-infrared spectroscopy data from patients with acute brain injury|Analyse af funktional nær-infrarød spektroskopi data fra patienter med akut hjerneskade"
"";"dtu|dtupub|third_party";"";"2024-10-01T00:09:55.106Z";"Paraskevopoulos, Ioannis";"";"2739448720";"";"dtu";"2024";"";"";"";"";"thesis";"dtu|dtu_electronic|dtupub|dtupub_electronic";"";"";"";"";"";"";"";"";"";"";"";"";"";"";"";"";"und";"66fb3dd1cb466b43d99b9b98";"";"66fb3dd1cb466b43d99b9b98";"DTU Department of Wind and Energy Systems";"sorbit";"sorbit";"Modeling wake effects between wind turbines with varying hub heights|Modellering af kølvandseffekter mellem møller med forskellig navhøjde"
"";"dtu|dtupub|third_party";"";"2023-11-03T01:09:20.103Z";"Bauchrowitz, Moritz Leopold";"";"2729517474";"";"dtu";"2023";"";"";"";"";"thesis";"dtu|dtu_electronic|dtupub_external";"";"";"";"";"";"";"";"";"";"";"";"";"";"";"";"";"und";"6544483fcd6d66015a3b9cbc";"";"6544483fcd6d66015a3b9cbc";"DTU Department of Civil and Mechanical Engineering";"sorbit";"sorbit";"Development and testing of a system to prevent plant and dust accumulation on a forage harvester|Udvikling og test af et system til at forhindre plante- og støvansamling pa høstmaskiner"
"";"dtu|dtupub|third_party";"";"2024-03-07T01:34:46.338Z";"Andersen, Amalie Elsborg";"";"2734199193";"";"dtu";"2023";"";"";"";"";"thesis";"dtu|dtu_electronic|dtupub|dtupub_electronic";"";"";"";"";"";"";"";"";"";"";"";"";"";"";"";"";"und";"65e913d0d1d4ac01608480ea";"";"65e913d0d1d4ac01608480ea";"DTU Department of Chemical and Biochemical Engineering";"sorbit";"sorbit";"Application of optimization algorithms for the development of multi-step chromatographic processes for synthetic peptide purification|Anvendelse af optimeringsalgoritmer til udvikling af flertrins kromatografiske processer til syntetisk peptidoprensning"
"";"dtu|dtupub|third_party";"";"2024-10-28T08:29:39.420Z";"Csabai, Mátyás Dániel";"";"2739844953";"";"dtu";"2024";"";"";"";"";"thesis";"dtu|dtu_electronic|dtupub_external";"";"";"";"";"";"";"";"";"";"";"";"";"";"";"";"";"und";"671f4b734e43289cd7906ebd";"";"671f4b734e43289cd7906ebd";"DTU Department of Applied Mathematics and Computer Science";"sorbit";"sorbit";"Live code updates on embedded systems|Live-kodeopdateringer pa indlejrede systemer"
"";"dtu|dtupub|third_party";"";"2023-12-12T11:26:16.203Z";"Nistor, Mihaela-Elena";"";"2730276314";"";"dtu";"2023";"";"";"";"";"thesis";"dtu|dtu_electronic|dtupub_external";"";"";"";"";"";"";"";"";"";"";"";"";"";"";"";"";"und";"65711b3fcc59a113162656cc";"";"65711b3fcc59a113162656cc";"DTU Department of Applied Mathematics and Computer Science";"sorbit";"sorbit";"Machine Learning Pipelines for GDPR compliant models used for epilepsy diagnosis|En GDPR compliant pipeline for maskinlæring til brug i diagnose af epilepsi"
"";"dtu|dtupub|third_party";"";"2025-01-08T01:09:46.230Z";"Sakarwala, Burhanuddin Ibrahim";"";"2854596806";"";"dtu";"2024";"";"";"";"";"thesis";"dtu|dtu_electronic|dtupub_external";"";"";"";"";"";"";"";"";"";"";"";"";"";"";"";"";"und";"677dd0593bb0d2a804384a7b";"";"677dd0593bb0d2a804384a7b";"DTU Department of Electrical and Photonics Engineering";"sorbit";"sorbit";"Acoustic metamaterials applied to small loudspeaker|Akustiske metamaterialer i sma højttalere"
"";"dtu|dtupub|third_party";"";"2023-09-20T00:09:26.652Z";"Jeppesen, Christina";"";"2728423479";"";"dtu";"2023";"";"";"";"";"thesis";"dtu|dtu_electronic|dtupub_external";"";"";"";"";"";"";"";"";"";"";"";"";"";"";"";"";"und";"650a3836d1ad63566b9349ab";"";"650a3836d1ad63566b9349ab";"DTU Department of Applied Mathematics and Computer Science";"sorbit";"sorbit";"Software framework for the automated analysis of the aorta in 3D computed tomography scans|Softwareværktøj til automatisk analyse af aorta i 3D CT scanninger."
"";"dtu|dtupub|third_party";"";"2023-07-23T00:10:43.096Z";"Gozalo, Angel Hurtado";"";"2727248789";"";"dtu";"2023";"";"";"";"";"thesis";"dtu|dtu_electronic|dtupub|dtupub_electronic";"";"";"";"";"";"";"";"";"";"";"";"";"";"";"";"";"und";"64bc700334b16f3131bce6f4";"";"64bc700334b16f3131bce6f4";"DTU Department of Chemical and Biochemical Engineering";"sorbit";"sorbit";"Impact of renewable fuels on particulate filters|Indflydelsen af fornybare brændstoffer pa partikelfiltre"
"";"dtu|dtupub|third_party";"";"2023-03-22T01:09:40.634Z";"Said, Samah Kamal";"";"2722957792";"";"dtu";"2023";"";"";"";"";"thesis";"dtu|dtu_electronic|dtupub_external";"";"";"";"";"";"";"";"";"";"";"";"";"";"";"";"";"und";"641a555442ef453c29035686";"";"641a555442ef453c29035686";"DTU Department of Technology, Management and Economics";"sorbit";"sorbit";"Information flow optimization within the production department at Schaerer|Optimering af informationsflow i produktionsafdelingen i Schaerer"
"";"dtu|dtupub|third_party";"";"2023-08-30T00:09:18.313Z";"Pedersen, Lucas With";"";"2727978247";"";"dtu";"2023";"";"";"";"";"thesis";"dtu|dtu_electronic|dtupub|dtupub_electronic";"";"";"";"";"";"";"";"";"";"";"";"";"";"";"";"";"und";"64ee88ae6f475020523868a8";"";"64ee88ae6f475020523868a8";"DTU Department of Technology, Management and Economics";"sorbit";"sorbit";"Automated planning of cleaning of trains for DSB|Automatiseret planlægning af togrengøring for DSB"
"";"dtu|dtupub|third_party";"";"2024-09-10T09:15:02.779Z";"Saria, Salah Abou";"";"2738079034";"";"dtu";"2024";"";"";"";"";"thesis";"dtu|dtu_electronic|dtupub|dtupub_electronic";"";"";"";"";"";"";"";"";"";"";"";"";"";"";"";"";"und";"66b40ce94944d5e8f3574139";"";"66b40ce94944d5e8f3574139";"DTU Department of Wind and Energy Systems";"sorbit";"sorbit";"Optimizing availability of floating wind turbines for increased safety|Optimering af tilgængeligheden af flydende vindmøller for øget sikkerhed"
"";"dtu|dtupub|third_party";"";"2023-07-31T00:11:24.513Z";"Hinge, Christian";"";"2727406375";"";"dtu";"2023";"";"";"";"";"thesis";"dtu|dtu_electronic|dtupub|dtupub_electronic";"";"";"";"";"";"";"";"";"";"";"";"";"";"";"";"";"und";"64c6fc2cc6e0961f4f516216";"";"64c6fc2cc6e0961f4f516216";"DTU Department of Applied Mathematics and Computer Science";"sorbit";"sorbit";"Transformer-based multimodal representation learning in Lymphoma|Transformerbaseret multimodal repræsentationslæring ved lymfekræft"
"";"dtu|dtupub|third_party";"";"2024-08-01T07:56:03.967Z";"Vinals, Laura Escudé";"";"2737925872";"";"dtu";"2024";"";"";"";"";"thesis";"dtu|dtu_electronic|dtupub_external";"";"";"";"";"";"";"";"";"";"";"";"";"";"";"";"";"und";"66aad251495af7e8f3fcd663";"";"66aad251495af7e8f3fcd663";"DTU Department of Health Technology";"sorbit";"sorbit";"Influence of I.V. formulation on volume of distribution and drug pharmacokinetics|Indflydelse af I.V. formulering pa distributionsvolumen og lægemiddelfarmakokinetik"
"";"dtu|dtupub|third_party";"";"2023-02-01T01:09:36.686Z";"Bauer, Franca";"";"2718416176";"";"dtu";"2023";"";"";"";"";"thesis";"dtu|dtu_electronic|dtupub|dtupub_electronic";"";"";"";"";"";"";"";"";"";"";"";"";"";"";"";"";"und";"63d9bbd0ba5d4a1e045aa6b1";"";"63d9bbd0ba5d4a1e045aa6b1";"DTU Department of Environmental and Resource Engineering";"sorbit";"sorbit";"Rainfall-runoff models for physics-guided machine learning surrogates for urban drainage systems|Afstrømningsmodeller i forbindelse med fysik-baseret maskinlæring af hydraulik i spildevandssystemer"
"";"dtu|dtupub|third_party";"";"2024-03-05T02:02:27.919Z";"Köhn, Simon Jakob";"";"2734125224";"";"dtu";"2024";"";"";"";"";"thesis";"dtu|dtu_electronic|dtupub|dtupub_electronic";"";"";"";"";"";"";"";"";"";"";"";"";"";"";"";"";"und";"65e670d856bffd3f799a0c3f";"";"65e670d856bffd3f799a0c3f";"DTU Department of Space Research and Space Technology";"sorbit";"sorbit";"Remote Sensing & Deep Learning for Mapping Small Water Bodies - an Application to Denmark|Telemaling og Deep Learning til kortlægning af sma vandomrader - en anvendelse til Danmark"
"";"dtu|dtupub|third_party";"";"2024-04-15T00:09:50.737Z";"Fahl, Jakob Thirup";"";"2735555743";"";"dtu";"2024";"";"";"";"";"thesis";"dtu|dtu_electronic|dtupub|dtupub_electronic";"";"";"";"";"";"";"";"";"";"";"";"";"";"";"";"";"und";"661c704c05fea21afd576ba0";"";"661c704c05fea21afd576ba0";"DTU Department of Applied Mathematics and Computer Science";"sorbit";"sorbit";"Temporal Localization of Group Activities in Football Videos|Tidsmæssig Lokalisering af Gruppeaktiviteter i Fodboldvideoer"
"";"dtu|dtupub|third_party";"";"2024-03-19T01:09:39.785Z";"Lyhne, Marius Havaleska|Klercke, Kristoffer Zanchetta";"";"2734486797";"";"dtu";"2024";"";"";"";"";"thesis";"dtu|dtu_electronic|dtupub_external";"";"";"";"";"";"";"";"";"";"";"";"";"";"";"";"";"und";"65f8e5d3b358a81e2e3b2685";"";"65f8e5d3b358a81e2e3b2685";"DTU Department of Civil and Mechanical Engineering";"sorbit";"sorbit";"Development of Lego Mould Architectures|Udvikling af Lego støbeform-arkitekturer"
"";"dtu|dtupub|third_party";"";"2024-05-23T00:09:51.951Z";"Du, Yanfei";"";"2736427029";"";"dtu";"2024";"";"";"";"";"thesis";"dtu|dtu_electronic|dtupub|dtupub_electronic";"";"";"";"";"";"";"";"";"";"";"";"";"";"";"";"";"und";"664e894a2e757728519f7118";"";"664e894a2e757728519f7118";"DTU Department of Electrical and Photonics Engineering";"sorbit";"sorbit";"Lumped and numerical models of measurement condenser microphones and their validation|Lumped og numeriske modeller af kondensator malemikrofoner og deres validering"
"";"dtu|dtupub|third_party";"";"2024-03-10T01:56:37.127Z";"Rajendran, Johnson Ebenezer";"";"2734264590";"";"dtu";"2024";"";"";"";"";"thesis";"dtu|dtu_electronic|dtupub_external";"";"";"";"";"";"";"";"";"";"";"";"";"";"";"";"";"und";"65ed085264ccbd17b653868a";"";"65ed085264ccbd17b653868a";"DTU Department of Civil and Mechanical Engineering";"sorbit";"sorbit";"Prototyping of a continuous peripheral nerve block solution for medium term patient-based pain management|prototyping af en kontinuert nerve blokerings løsning til lang-tids smerte lindring"
"";"dtu|dtupub|third_party";"";"2024-03-24T02:00:03.522Z";"Schermann, Patrik";"";"2735066774";"";"dtu";"2024";"";"";"";"";"thesis";"dtu|dtu_electronic|dtupub|dtupub_electronic";"";"";"";"";"";"";"";"";"";"";"";"";"";"";"";"";"und";"65ff7d57d2c7231e2ec08cec";"";"65ff7d57d2c7231e2ec08cec";"DTU Department of Electrical and Photonics Engineering";"sorbit";"sorbit";"Nonlinear Fault-Tolerant Control for Wind Turbine Hydraulic Pitch System|Ulineær fejltolerant regulering til hydraulisk pitchsystem"
"";"dtu|dtupub|third_party";"";"2024-02-28T01:24:29.001Z";"Reinke, Sebastian Bay";"";"2733712735";"";"dtu";"2024";"";"";"";"";"thesis";"dtu|dtu_electronic|dtupub_external";"";"";"";"";"";"";"";"";"";"";"";"";"";"";"";"";"und";"65de881e99736f0174e95b51";"";"65de881e99736f0174e95b51";"DTU Department of Civil and Mechanical Engineering";"sorbit";"sorbit";"Combination of rigid body and FEA-based modelling for robot assembly simulations|Combination of rigid body and FEA-based modelling for robot assembly simulations"
"";"dtu|dtupub|third_party";"";"2024-02-28T01:24:28.127Z";"Munarriz, Adrian Gomez";"";"2733712713";"";"dtu";"2024";"";"";"";"";"thesis";"dtu|dtu_electronic|dtupub_external";"";"";"";"";"";"";"";"";"";"";"";"";"";"";"";"";"und";"65de881cf355be0174fb38ad";"";"65de881cf355be0174fb38ad";"DTU Department of Civil and Mechanical Engineering";"sorbit";"sorbit";"Design of a cable supported interfaces for sectioned blade designs|Design af kabel-baserede samlinger for segmenterede vindmøllevinger"
"";"dtu|dtupub|third_party";"";"2024-07-23T15:42:09.387Z";"Iversen, Simon Cabral";"";"2737744386";"";"dtu";"2024";"";"";"";"";"thesis";"dtu|dtu_electronic|dtupub|dtupub_electronic";"";"";"";"";"";"";"";"";"";"";"";"";"";"";"";"";"und";"669ef4e1cb457de8f352d416";"";"669ef4e1cb457de8f352d416";"DTU Department of Civil and Mechanical Engineering";"sorbit";"sorbit";"Investigation of the challenges of sustainability of minimal structures|Undersøgelse af udfordringerne ved bæredygtige minimalkonstruktioner"
"";"dtu|dtupub|third_party";"";"2024-08-29T00:09:52.382Z";"Kulkarni, Arvind Ramesh";"";"2738522212";"";"dtu";"2024";"";"";"";"";"thesis";"dtu|dtu_electronic|dtupub_external";"";"";"";"";"";"";"";"";"";"";"";"";"";"";"";"";"und";"66cfbc4f7601260184a6dd5b";"";"66cfbc4f7601260184a6dd5b";"DTU Department of Chemical and Biochemical Engineering";"sorbit";"sorbit";"Chemically Modified Lignin based Anti-corrosive Coatings|Kemisk modificerede ligninbaserede anti-korrosive belægninger"
"";"dtu|dtupub|third_party";"";"2024-03-30T01:10:06.606Z";"Christiansen, Emil Howaldt";"";"2735225166";"";"dtu";"2024";"";"";"";"";"thesis";"dtu|dtu_electronic|dtupub|dtupub_electronic";"";"";"";"";"";"";"";"";"";"";"";"";"";"";"";"";"und";"6607666e27e39f1e2e64e02c";"";"6607666e27e39f1e2e64e02c";"DTU Department of Energy Conversion and Storage";"sorbit";"sorbit";"AI-assisted optimization of electrodes for alkaline water electrolysis|AI-assisteret optimering af elektroder til alkalisk vandelektrolyse"
"";"dtu|dtupub|third_party";"";"2024-07-23T15:42:09.421Z";"Karampinis, Ioannis";"";"2737744393";"";"dtu";"2024";"";"";"";"";"thesis";"dtu|dtu_electronic|dtupub|dtupub_electronic";"";"";"";"";"";"";"";"";"";"";"";"";"";"";"";"";"und";"669ef4ecc909cbe8f3298724";"";"669ef4ecc909cbe8f3298724";"DTU Department of Wind and Energy Systems";"sorbit";"sorbit";"Physics-Informed Neural Networks for Synchronous Machine Models|Fysik-informeret neurale netværker til synkrone maskinemodeller"
"";"dtu|dtupub|third_party";"";"2024-08-01T07:56:04Z";"Nielsen, Emma Thiesen";"";"2737925871";"";"dtu";"2024";"";"";"";"";"thesis";"dtu|dtu_electronic|dtupub_external";"";"";"";"";"";"";"";"";"";"";"";"";"";"";"";"";"und";"66aad2519ceaece8f3096deb";"";"66aad2519ceaece8f3096deb";"DTU Department of Biotechnology and Biomedicine";"sorbit";"sorbit";"Sourcing poly(ethylene terephthalate) hydrolases from a bioinformatics based library|Identifikation af nye poly(ethylen terephthalat) hydrolaser i et bioinformatisk genereret gen-bibliotek"
"";"dtu|dtupub|third_party";"";"2024-03-14T07:14:58.659Z";"Obrero, Jaime Whale";"";"2734362910";"";"dtu";"2024";"";"";"";"";"thesis";"dtu|dtu_electronic|dtupub|dtupub_electronic";"";"";"";"";"";"";"";"";"";"";"";"";"";"";"";"";"und";"65f2a3e50dba571e23c20b70";"";"65f2a3e50dba571e23c20b70";"DTU Department of Chemical and Biochemical Engineering";"sorbit";"sorbit";"Nitrous oxide mapping and control in the Novozymes industrial wastewater treatment plant|Kortlægning og kontrol af dinitrogenoxid i Novozymes industrielle spildevandsrensningsanlæg"
"";"dtu|dtupub|third_party";"";"2024-05-22T00:09:47.486Z";"Pfaff, Deborah";"";"2736408073";"";"dtu";"2024";"";"";"";"";"thesis";"dtu|dtu_electronic|dtupub|dtupub_electronic";"";"";"";"";"";"";"";"";"";"";"";"";"";"";"";"";"und";"664d37cb0c2c462851d0500a";"";"664d37cb0c2c462851d0500a";"DTU Department of Chemical and Biochemical Engineering";"sorbit";"sorbit";"Time-scale and sensitivity analysis of microbial conversion from gaseous carbon sources to valuable products|Tidsskala og følsomhedsanalyse af mikrobiel omdannelse fra gasformige kulstofkilder til værdifulde Produkter"
"";"dtu|dtupub|third_party";"";"2024-06-19T00:09:45.281Z";"Lind, Cathrine";"";"2737014747";"";"dtu";"2024";"";"";"";"";"thesis";"dtu|dtu_electronic|dtupub|dtupub_electronic";"";"";"";"";"";"";"";"";"";"";"";"";"";"";"";"";"und";"667221c84ddec917d3d09ffc";"";"667221c84ddec917d3d09ffc";"DTU Department of Applied Mathematics and Computer Science";"sorbit";"sorbit";"The effect of insulin, incretin, and Sodium-glucose co-transporter-2 inhibitors on major adverse cardiovascular events in diabetic patients|Effekten af insulin, incretin, og Sodium-glucose co-transporter-2 hæmmere pa alvorlige hjerte-kar sygdoms hændelser for diabetes patienter"
"";"dtu|dtupub|third_party";"";"2025-10-16T00:34:37.856Z";"Rangelova, Sandra Lyudmilova";"";"2874581817";"";"dtu";"2023";"";"";"";"";"thesis";"dtu|dtu_electronic|dtupub|dtupub_electronic";"";"";"";"";"";"";"";"";"";"";"";"";"";"";"";"";"und";"68f038085bb85015e1577d7f";"";"68f038085bb85015e1577d7f";"DTU Department of Wind and Energy Systems";"sorbit";"sorbit";"Assessment of dynamic loads on floating wind turbines with shared mooring lines: parameter study|Analyse af dynamiske laster pa flydende vindmøller med fælles fortøjningsliner: parameterstudie"
"";"dtu|dtupub|third_party";"";"2023-09-11T00:09:32.107Z";"Zuo, Sixian|Du, Kewei";"";"2728235980";"";"dtu";"2023";"";"";"";"";"thesis";"dtu|dtu_electronic|dtupub|dtupub_electronic";"";"";"";"";"";"";"";"";"";"";"";"";"";"";"";"";"und";"64fe5abc78678023c6b0a239";"";"64fe5abc78678023c6b0a239";"DTU Department of Health Technology";"sorbit";"sorbit";"Assessing Cognitive Load Using Physiological and Behavioral Features|Assessing Cognitive Load Using Physiological and Behavioral Features"
"";"dtu|dtupub|third_party";"";"2023-07-31T00:11:44.100Z";"Zwicker, Moritz Reinhard Ludwig";"";"2727406399";"";"dtu";"2023";"";"";"";"";"thesis";"dtu|dtu_electronic|dtupub_external";"";"";"";"";"";"";"";"";"";"";"";"";"";"";"";"";"und";"64c6fc400fa6811f4f4bd1be";"";"64c6fc400fa6811f4f4bd1be";"DTU Department of Civil and Mechanical Engineering";"sorbit";"sorbit";"Characterization of spray-formed and additively manufactured tool steels in a circular economy|Karakterisering af sprayformede og additivt fremstillede værktøjsstal i en cirkulær økonomi"
"";"dtu|dtupub|third_party";"";"2023-08-01T00:11:52.902Z";"Kau, Sea Tse Sheung|Binder-Christensen, Tanja";"";"2727448833";"";"dtu";"2023";"";"";"";"";"thesis";"dtu|dtu_electronic|dtupub_external";"";"";"";"";"";"";"";"";"";"";"";"";"";"";"";"";"und";"64c84dc8fb672a1f4fbefbf9";"";"64c84dc8fb672a1f4fbefbf9";"DTU Department of Wind and Energy Systems";"sorbit";"sorbit";"Optical current measurements on hybrid transmission lines for real time condition assessment|Optiske strømmalinger pa hybride transmissionslinjer til tilstandsvurdering i realtid"
"";"dtu|dtupub|third_party";"";"2024-04-04T00:09:43.179Z";"Corbera, Clara Gaja";"";"2735364426";"";"dtu";"2024";"";"";"";"";"thesis";"dtu|dtu_electronic|dtupub_external";"";"";"";"";"";"";"";"";"";"";"";"";"";"";"";"";"und";"660defc4b985111e2ef9d94f";"";"660defc4b985111e2ef9d94f";"DTU DTU National Food Institute";"sorbit";"sorbit";"Species description and classification of a new Lactobacillus by means of biochemical, microbial and genetic tools|Beskrivelse og klassificering af en ny Lactobacillus Art ved hjælp af biokemiske, mikrobielle og genetiske værktøjer"
"";"dtu|dtupub|third_party";"";"2024-03-03T01:30:44.666Z";"Saiciuc, Alexandru Adrian";"";"2734025092";"";"dtu";"2024";"";"";"";"";"thesis";"dtu|dtu_electronic|dtupub_external";"";"";"";"";"";"";"";"";"";"";"";"";"";"";"";"";"und";"65e3cdd2738b9f149e2c6ec2";"";"65e3cdd2738b9f149e2c6ec2";"DTU Department of Civil and Mechanical Engineering";"sorbit";"sorbit";"Investigation of hardened tool steel specimens before and after failure|Undersøgelse af hærdede værktøjsstalprøver før og efter brud"
"";"dtu|dtupub|third_party";"";"2023-10-22T00:09:17.330Z";"Ceravalls, Fernando Cruz";"";"2729222741";"";"dtu";"2023";"";"";"";"";"thesis";"dtu|dtu_electronic|dtupub_external";"";"";"";"";"";"";"";"";"";"";"";"";"";"";"";"";"und";"6534682cda02393eb6ca617c";"";"6534682cda02393eb6ca617c";"DTU Department of Engineering Technology and Didactics";"sorbit";"sorbit";"Development and Integration of Advanced Driver Assistance Systems for a Fully Functioning Prototype Car|Udvikling og integration af avancerede førerassistentsystemer til en fuldt funktionsdygtig prototype af en bil"
"";"dtu|dtupub|third_party";"";"2023-09-06T00:09:37.289Z";"Chen, Dong";"";"2728154044";"";"dtu";"2023";"";"";"";"";"thesis";"dtu|dtu_electronic|dtupub|dtupub_electronic";"";"";"";"";"";"";"";"";"";"";"";"";"";"";"";"";"und";"64f7c34160d02522d1a65871";"";"64f7c34160d02522d1a65871";"DTU Department of Applied Mathematics and Computer Science";"sorbit";"sorbit";"High-Order Pseudospectral methods for simulation of water waves using Navier Stokes Equations|Højere ordens pseudospektrale metoder til simulering af vandbølger med navier-stokes ligninger"
"";"dtu|dtupub|third_party";"";"2023-08-22T00:11:43.476Z";"Rådstoga, Joachim Scheele";"";"2727821771";"";"dtu";"2023";"";"";"";"";"thesis";"dtu|dtu_electronic|dtupub_external";"";"";"";"";"";"";"";"";"";"";"";"";"";"";"";"";"und";"64e3fd3fea977920526d3db5";"";"64e3fd3fea977920526d3db5";"DTU Department of Technology, Management and Economics";"sorbit";"sorbit";"How to create an investment-ready cyber security SaaS B2B company|Hvordan skabe en investeringsklar cybersikkerhed SaaS B2B-virksomhed"
"";"dtu|dtupub|third_party";"";"2023-08-31T00:09:31.943Z";"Rindal, Lillie";"";"2727992368";"";"dtu";"2023";"";"";"";"";"thesis";"dtu|dtu_electronic|dtupub|dtupub_electronic";"";"";"";"";"";"";"";"";"";"";"";"";"";"";"";"";"und";"64efda3b1d1b5d20521abd0f";"";"64efda3b1d1b5d20521abd0f";"DTU National Institute of Aquatic Resources";"sorbit";"sorbit";": Impact of European flat oyster broodstock cleaning treatments on bacteria levels, presence of fouling organisms and oyster larvae survival|Indvirkning af rengøring af europæiske østers pa det bakterielle niveau, tilstedeværelsen af koloniserende organismer samt østerslarve-overlevelse"
"";"dtu|dtupub|third_party";"";"2024-10-09T00:09:48.243Z";"Zmijewski, Szymon";"";"2739624394";"";"dtu";"2024";"";"";"";"";"thesis";"dtu|dtu_electronic|dtupub|dtupub_electronic";"";"";"";"";"";"";"";"";"";"";"";"";"";"";"";"";"und";"6705c9cc83405743d951377c";"";"6705c9cc83405743d951377c";"DTU Department of Applied Mathematics and Computer Science";"sorbit";"sorbit";"Generation of Uncontrolled Identity-Preserving Synthetic Hand Images|Generering af Syntetiske, Ukontrollerede, og Identitetsbevarende Billeder af Hænder"
"";"dtu|dtupub|third_party";"";"2024-08-01T07:56:04.002Z";"Pacha, Navaneeth Kizhakkumbadan";"";"2737925892";"";"dtu";"2024";"";"";"";"";"thesis";"dtu|dtu_electronic|dtupub_external";"";"";"";"";"";"";"";"";"";"";"";"";"";"";"";"";"und";"66aad265eb2360e8f351b731";"";"66aad265eb2360e8f351b731";"DTU Department of Applied Mathematics and Computer Science";"sorbit";"sorbit";"Investigating Deep Learning based methodologies to automate program Synthesis for Biostatistics ADAM programming|Undersøgelse af metoder baseret pa dyb læring til automatisering af programsyntese for biostatistik ADaM-programmering"
"";"dtu|dtupub|third_party";"";"2024-09-02T00:09:39.388Z";"Sloth, Alberte Fjord";"";"2738595143";"";"dtu";"2024";"";"";"";"";"thesis";"dtu|dtu_electronic|dtupub_external";"";"";"";"";"";"";"";"";"";"";"";"";"";"";"";"";"und";"66d50242cd2891bcc4f59a14";"";"66d50242cd2891bcc4f59a14";"DTU Department of Applied Mathematics and Computer Science";"sorbit";"sorbit";"A kinetic model of the phosphorylations regulating glycolysis|En kinetisk model for fosforyleringer, som regulerer glykolyse"
"";"dtu|dtupub|third_party";"";"2024-09-04T00:09:55.776Z";"Limsuriwong, Jirapa";"";"2738635835";"";"dtu";"2024";"";"";"";"";"thesis";"dtu|dtu_electronic|dtupub|dtupub_electronic";"";"";"";"";"";"";"";"";"";"";"";"";"";"";"";"";"und";"66d7a5537ec527153be68e4a";"";"66d7a5537ec527153be68e4a";"DTU Department of Health Technology";"sorbit";"sorbit";"Multiphoton lightsheet fluorescence microscopy for disease detection in tissue|Multi-foton lightsheet fluorescensmikroskopi til detektion af sygdomme i væv"
"";"dtu|dtupub|third_party";"";"2023-03-31T00:09:30.704Z";"Kwon, Hyung Jo";"";"2723319026";"";"dtu";"2023";"";"";"";"";"thesis";"dtu|dtu_electronic|dtupub_external";"";"";"";"";"";"";"";"";"";"";"";"";"";"";"";"";"und";"642624baa8b1a33d3c6a6b49";"";"642624baa8b1a33d3c6a6b49";"DTU Department of Applied Mathematics and Computer Science";"sorbit";"sorbit";"Using Curtailed Power Measurements to Improve Probabilistic Forecasts|Udnyttelse af Curtailed Strømmalliner til at forbedre Probabilistiske Forecasts"
"";"dtu|dtupub|third_party";"";"2023-03-31T00:09:32.753Z";"Placenti, Marco";"";"2723319066";"";"dtu";"2023";"";"";"";"";"thesis";"dtu|dtu_electronic|dtupub|dtupub_electronic";"";"";"";"";"";"";"";"";"";"";"";"";"";"";"";"";"und";"642624bcf596ab3d3c5bfc62";"";"642624bcf596ab3d3c5bfc62";"DTU Department of Applied Mathematics and Computer Science";"sorbit";"sorbit";"Biomarkers identification in images of eyes using deep learning approaches|Biomarkøridentifikation i billeder af øjne med brug af deep learning"
"";"dtu|dtupub|third_party";"";"2023-07-04T00:10:29.312Z";"Olin, Julie Liu|Olsen, Oliver Svane";"";"2726480738";"";"dtu";"2023";"";"";"";"";"thesis";"dtu|dtu_electronic|dtupub_external";"";"";"";"";"";"";"";"";"";"";"";"";"";"";"";"";"und";"64a36374ab6b20915281da01";"";"64a36374ab6b20915281da01";"DTU Department of Technology, Management and Economics";"sorbit";"sorbit";"Explainable AI [XAI] on financial transaction data in Danske Bank|Explainable AI pa finansiel transaktionsdata i Danske Bank"
"";"dtu|dtupub|third_party";"";"2023-08-01T00:10:15.900Z";"Popovski, Dusan";"";"2727446750";"";"dtu";"2023";"";"";"";"";"thesis";"dtu|dtu_electronic|dtupub_external";"";"";"";"";"";"";"";"";"";"";"";"";"";"";"";"";"und";"64c84d66e53a711f4fd55d32";"";"64c84d66e53a711f4fd55d32";"DTU Department of Electrical and Photonics Engineering";"sorbit";"sorbit";"Prognosis of refrigerant leaks for supermarket refrigeration systems|Prognosis of refrigerant leaks for supermarket refrigeration systems"
"";"dtu|dtupub|third_party";"";"2023-02-21T01:09:20.305Z";"Bentzen, Karoline Dall|Silau, Sofie Amalie";"";"2718813858";"";"dtu";"2023";"";"";"";"";"thesis";"dtu|dtu_electronic|dtupub_external";"";"";"";"";"";"";"";"";"";"";"";"";"";"";"";"";"und";"63f419bf148c3a91f7c2c364";"";"63f419bf148c3a91f7c2c364";"DTU Department of Chemistry";"sorbit";"sorbit";"Chemically modified nucleoside triphosphates for enzymatic synthesis of novel mRNA|Kemisk modificerede nukleosidtriphosphater til enzymatisk syntese af nye mRNA"
"";"dtu|dtupub|third_party";"";"2023-03-15T01:09:44.640Z";"Vester, Maja Liv Hougaard";"";"2720571552";"";"dtu";"2023";"";"";"";"";"thesis";"dtu|dtu_electronic|dtupub|dtupub_electronic";"";"";"";"";"";"";"";"";"";"";"";"";"";"";"";"";"und";"64111ad6d2a8423abb0f1924";"";"64111ad6d2a8423abb0f1924";"DTU Department of Chemical and Biochemical Engineering";"sorbit";"sorbit";"Development of heterogeneous catalysts for hydrous cracking of glucose into glycolaldehyde|Udvikling af heterogene katalysatorer til krakning af glukose til glycolaldehyd"
"";"dtu|dtupub|third_party";"";"2023-03-17T01:09:31.299Z";"Thostrup, Thomas Marschall";"";"2720877951";"";"dtu";"2023";"";"";"";"";"thesis";"dtu|dtu_electronic|dtupub_external";"";"";"";"";"";"";"";"";"";"";"";"";"";"";"";"";"und";"6413bdcbf5a44b3abb879609";"";"6413bdcbf5a44b3abb879609";"DTU Department of Chemical and Biochemical Engineering";"sorbit";"sorbit";"Use of pressure-retarded osmosis for production of green power: Experimental and modelling approaches for high membrane performance|Pressure-retarded osmosis til produktion af grøn energi: eksperimentel og modelleringsfremgangsmade for høj membran ydeevne."
"";"dtu|dtupub|third_party";"";"2023-02-22T01:09:48.949Z";"Gad, Stine Boe|Friis, Lasse Vintersgaard";"";"2718825082";"";"dtu";"2023";"";"";"";"";"thesis";"dtu|dtu_electronic|dtupub|dtupub_electronic";"";"";"";"";"";"";"";"";"";"";"";"";"";"";"";"";"und";"63f56b5c50340e91f7e9c4cb";"";"63f56b5c50340e91f7e9c4cb";"DTU Department of Environmental and Resource Engineering";"sorbit";"sorbit";"Relation between window glazing, view out and occupant comfort|Sammenhængen mellem vinduesglas, udsyn og brugerkomfort"
"";"dtu|dtupub|third_party";"";"2023-07-24T00:12:22.018Z";"Shrinivas, Rakshick";"";"2727253518";"";"dtu";"2023";"";"";"";"";"thesis";"dtu|dtu_electronic|dtupub|dtupub_electronic";"";"";"";"";"";"";"";"";"";"";"";"";"";"";"";"";"und";"64bdc1e59693043131d48d40";"";"64bdc1e59693043131d48d40";"DTU Department of Electrical and Photonics Engineering";"sorbit";"sorbit";"Properties and characterization of Polarization maintaining optical fibers|Egenskaber og karakteristisering af polarizationsbevarende optiske fibre"
"";"dtu|dtupub|third_party";"";"2023-07-24T00:12:29.433Z";"Renzi, Jacopo|Afonso, Alexandre Bauab Betencourt";"";"2727253537";"";"dtu";"2023";"";"";"";"";"thesis";"dtu|dtu_electronic|dtupub|dtupub_electronic";"";"";"";"";"";"";"";"";"";"";"";"";"";"";"";"";"und";"64bdc1edce84273131920ffe";"";"64bdc1edce84273131920ffe";"DTU Department of Technology, Management and Economics";"sorbit";"sorbit";"Optimization of hospital logistics by using simulation|Optimering af logistik pa hospitaler ved brug af simulering"
"";"dtu|dtupub|third_party";"";"2023-07-24T00:12:29.042Z";"Sigvaldadóttir, Berglind Elva|Bárdardóttir, Aníta Björk";"";"2727253536";"";"dtu";"2023";"";"";"";"";"thesis";"dtu|dtu_electronic|dtupub_external";"";"";"";"";"";"";"";"";"";"";"";"";"";"";"";"";"und";"64bdc1ec51d22431315846ee";"";"64bdc1ec51d22431315846ee";"DTU Department of Technology, Management and Economics";"sorbit";"sorbit";"Optimisation of energy usage for the pelagic value chain for Brim hf., Iceland|Optimering af energiforbruget i den pelagiske værdikæde for Brim hf., Island"
"";"dtu|dtupub|third_party";"";"2023-07-24T00:11:32.722Z";"Rasborg, Anne Mette";"";"2727253424";"";"dtu";"2023";"";"";"";"";"thesis";"dtu|dtu_electronic|dtupub|dtupub_electronic";"";"";"";"";"";"";"";"";"";"";"";"";"";"";"";"";"und";"64bdc1b493eebb3131f22b4b";"";"64bdc1b493eebb3131f22b4b";"DTU National Institute of Aquatic Resources";"sorbit";"sorbit";"Detection of seabottom features in the Øresund to determine impacts from maritime traffic|Detektion af havbundsstrukturer i Øresund for at fastsla pavirkninger fra søfart"
"";"dtu|dtupub|third_party";"";"2023-08-17T00:11:05.184Z";"Gusinac, Alem";"";"2727730361";"";"dtu";"2023";"";"";"";"";"thesis";"dtu|dtu_electronic|dtupub|dtupub_electronic";"";"";"";"";"";"";"";"";"";"";"";"";"";"";"";"";"und";"64dd659541af0220527d773c";"";"64dd659541af0220527d773c";"DTU Department of Health Technology";"sorbit";"sorbit";"Incorporating feature similarity in omics analysis for improved modelling and biological interpretation|Inkludering af kovariat ligheder i omics data analyse for at forbedre modellering og biologisk fortolkning"
"";"dtu|dtupub|third_party";"";"2023-08-24T00:09:21.963Z";"Jung, Christopher";"";"2727852943";"";"dtu";"2023";"";"";"";"";"thesis";"dtu|dtu_electronic|dtupub|dtupub_electronic";"";"";"";"";"";"";"";"";"";"";"";"";"";"";"";"";"und";"64e69fb124500c20522149da";"";"64e69fb124500c20522149da";"DTU Department of Applied Mathematics and Computer Science";"sorbit";"sorbit";"Discovering E-GSM process models from sensor data logs|Opdagelse af E-GSM modeller fra sensor data logs"
"";"dtu|dtupub|third_party";"";"2023-06-25T00:11:12.034Z";"Mavroleon, Georgios";"";"2726249915";"";"dtu";"2023";"";"";"";"";"thesis";"dtu|dtu_electronic|dtupub|dtupub_electronic";"";"";"";"";"";"";"";"";"";"";"";"";"";"";"";"";"und";"6497861f29a384ff894d8eba";"";"6497861f29a384ff894d8eba";"DTU Department of Civil and Mechanical Engineering";"sorbit";"sorbit";"Thermodynamic and economic evaluation of a CO2 based district heating and cooling system at DTU's Lyngby Campus|Termodynamisk og økonomisk evaluering af et CO2 baseret fjern-varme/køle system pa DTU's Lyngby Campus"
"";"dtu|dtupub|third_party";"";"2024-02-28T01:24:35.315Z";"Stavad, Erik Neesgård";"";"2733713759";"";"dtu";"2024";"";"";"";"";"thesis";"dtu|dtu_electronic|dtupub_external";"";"";"";"";"";"";"";"";"";"";"";"";"";"";"";"";"und";"65de883b3cd07a017443e0c2";"";"65de883b3cd07a017443e0c2";"DTU Department of Chemical and Biochemical Engineering";"sorbit";"sorbit";"Development of an object-oriented fermentation modelling platform at Novozymes; Opportunities and challenges in digital process characterization and scale up|Udvikling af en objekt-orienteret fermentering modellerings platform ved Novozymes: Muligheder og udfordringer ved digital process karakterisering og opskalering"
"";"dtu|dtupub|third_party";"";"2023-02-22T01:09:59.852Z";"Nielsen, Tobias";"";"2718825287";"";"dtu";"2023";"";"";"";"";"thesis";"dtu|dtu_electronic|dtupub|dtupub_electronic";"";"";"";"";"";"";"";"";"";"";"";"";"";"";"";"";"und";"63f56b67e5042891f7d2aada";"";"63f56b67e5042891f7d2aada";"DTU Department of Technology, Management and Economics";"sorbit";"sorbit";"Optimization of the Saving and Dissaving Problem using Operations Research|Optimering af op- og nedsparingsproblemet ved hjælp af operationsanalyse"
"";"dtu|dtupub|third_party";"";"2024-02-28T01:24:29.309Z";"Havgry, Laura|Møller, Anne-Sofie Saabye";"";"2733712869";"";"dtu";"2024";"";"";"";"";"thesis";"dtu|dtu_electronic|dtupub|dtupub_electronic";"";"";"";"";"";"";"";"";"";"";"";"";"";"";"";"";"und";"65de882370c93a017484432f";"";"65de882370c93a017484432f";"DTU Department of Civil and Mechanical Engineering";"sorbit";"sorbit";"Developing play-based tools as communication medium for children in a clinical paediatric context, to enhance the feeling of safety and comfort in medical procedures|Udvikling af lege-baserede redskaber som kommunikationsmedie for børn i en klinisk pædiatrisk kontekst, til at øge trygheden i forbindelse med medicinske behandlinger."
"";"dtu|dtupub|third_party";"";"2023-07-24T00:10:56.059Z";"Golofit, Magdalena";"";"2727253366";"";"dtu";"2023";"";"";"";"";"thesis";"dtu|dtu_electronic|dtupub_external";"";"";"";"";"";"";"";"";"";"";"";"";"";"";"";"";"und";"64bdc18fa18fbc3131961aa9";"";"64bdc18fa18fbc3131961aa9";"DTU Department of Space Research and Space Technology";"sorbit";"sorbit";"Grazing detection using Sentinel-2 time series and machine learning for large-scale grassland monitoring|Detektion af græsomrader ved brug af Sentinel-2 tidsserier og machine learning"
"";"dtu|dtupub|third_party";"";"2023-10-14T00:09:20.441Z";"Hamrock, Peter";"";"2729092629";"";"dtu";"2023";"";"";"";"";"thesis";"dtu|dtu_electronic|dtupub|dtupub_electronic";"";"";"";"";"";"";"";"";"";"";"";"";"";"";"";"";"und";"6529dc2f7347071b72a1a515";"";"6529dc2f7347071b72a1a515";"DTU Department of Space Research and Space Technology";"sorbit";"sorbit";"Creation of a GIS based Case Study Collection for Accidents at Sea in the Arctic|Oprettelse af en GIS-baseret casestudiesamling for ulykker til søs i Arktis"
"";"dtu|dtupub|third_party";"";"2023-02-28T01:09:49.385Z";"Serritzlew, Emilie Bundgaard";"";"2719955100";"";"dtu";"2023";"";"";"";"";"thesis";"dtu|dtu_electronic|dtupub|dtupub_electronic";"";"";"";"";"";"";"";"";"";"";"";"";"";"";"";"";"und";"63fd545df32ba291f7716cf4";"";"63fd545df32ba291f7716cf4";"DTU Department of Environmental and Resource Engineering";"sorbit";"sorbit";"Durability estimation of concrete elements for direct reuse|Holdbarhedsestimering af betonelementer i forhold til direkte genbrug"
"";"dtu|dtupub|third_party";"";"2023-03-25T01:09:33.603Z";"Jernskæg, Ditte Richter";"";"2723191168";"";"dtu";"2023";"";"";"";"";"thesis";"dtu|dtu_electronic|dtupub|dtupub_electronic";"";"";"";"";"";"";"";"";"";"";"";"";"";"";"";"";"und";"641e49cd6871623c2958cac8";"";"641e49cd6871623c2958cac8";"DTU Department of Health Technology";"sorbit";"sorbit";"Biodegradable mucus-penetrating microneedles for administration of macromolecules in the gastrointestinal tract|Biologisk nedbrydelige mikronale med slimgennemtrængning til administration af makromolekyler i mave-tarmkanalen"
"";"dtu|dtupub|third_party";"";"2023-02-21T01:09:23.560Z";"Vangsgaard, Signe";"";"2718813891";"";"dtu";"2023";"";"";"";"";"thesis";"dtu|dtu_electronic|dtupub|dtupub_electronic";"";"";"";"";"";"";"";"";"";"";"";"";"";"";"";"";"und";"63f419c30ea65c91f70fae9b";"";"63f419c30ea65c91f70fae9b";"DTU Department of Biotechnology and Biomedicine";"sorbit";"sorbit";"Engineering and characterization of fucoidanases from metagenomes|Design og karakterisering af fucoidanaser fra metagenomer"
"";"dtu|dtupub|third_party";"";"2023-04-17T06:47:36.943Z";"Schmidt, Julian Felix";"";"2723523998";"";"dtu";"2023";"";"";"";"";"thesis";"dtu|dtu_electronic|dtupub|dtupub_electronic";"";"";"";"";"";"";"";"";"";"";"";"";"";"";"";"";"und";"6435f6b83fbfaa3d3c561cf2";"";"6435f6b83fbfaa3d3c561cf2";"DTU Department of Environmental and Resource Engineering";"sorbit";"sorbit";"Prospective life cycle assessment of hydrogen applications in the aviation sector|Prospektiv livscyklusvurdering af brintteknologier anvendt i luftfartsektoren"
"";"dtu|dtupub|third_party";"";"2023-09-24T00:09:26.723Z";"Madsen, Christian Emil Larsen";"";"2728650697";"";"dtu";"2023";"";"";"";"";"thesis";"dtu|dtu_electronic|dtupub|dtupub_electronic";"";"";"";"";"";"";"";"";"";"";"";"";"";"";"";"";"und";"650f7e363fc446cab128a8ad";"";"650f7e363fc446cab128a8ad";"DTU Department of Electrical and Photonics Engineering";"sorbit";"sorbit";"3D measurements and evaluation of wireless networks for reliable drone communication|3D-malinger og evaluering af tradløse netværk for palidelig dronekommunikation"
"";"dtu|dtupub|third_party";"";"2023-08-24T00:09:22.157Z";"Mukesh, Ishwar";"";"2727852994";"";"dtu";"2023";"";"";"";"";"thesis";"dtu|dtu_electronic|dtupub_external";"";"";"";"";"";"";"";"";"";"";"";"";"";"";"";"";"und";"64e69fb15dc9bf20528c375d";"";"64e69fb15dc9bf20528c375d";"DTU Department of Wind and Energy Systems";"sorbit";"sorbit";"Hydro-aeroelastic sensitivity analysis of a novel guyed monopile concept|Hydro-aeroelastisk parameterstudie af nyt kabelopspændt monopælskoncept"
"";"dtu|dtupub|third_party";"";"2023-07-06T00:11:02.149Z";"Lindgreen, William Emil Gredal";"";"2726919730";"";"dtu";"2023";"";"";"";"";"thesis";"dtu|dtu_electronic|dtupub_external";"";"";"";"";"";"";"";"";"";"";"";"";"";"";"";"";"und";"64a60696903f9b91524d5eb7";"";"64a60696903f9b91524d5eb7";"DTU Department of Technology, Management and Economics";"sorbit";"sorbit";"Exploring the potential of mobile network data in travel pattern analyses|Undersøgelse af potentialet for brug af teledata til analyser af transportmønstre"
"";"dtu|dtupub|third_party";"";"2023-07-25T00:10:44.240Z";"Kirk, Nikolai Ronnenberg";"";"2727310472";"";"dtu";"2023";"";"";"";"";"thesis";"dtu|dtu_electronic|dtupub|dtupub_electronic";"";"";"";"";"";"";"";"";"";"";"";"";"";"";"";"";"und";"64bf1304ede91e31314f368a";"";"64bf1304ede91e31314f368a";"DTU Department of Health Technology";"sorbit";"sorbit";"Optimization of Gold electroces for Capacitive Micromachined Ultrasound Transducers (CMUT)|Optimering af guldelektroder til kapacitive mikrofremstillede ultralyds transducere (CMUT)"
"";"dtu|dtupub|third_party";"";"2023-07-24T00:12:39.652Z";"Gil, Eduard Antoli";"";"2727253564";"";"dtu";"2023";"";"";"";"";"thesis";"dtu|dtu_electronic|dtupub|dtupub_electronic";"";"";"";"";"";"";"";"";"";"";"";"";"";"";"";"";"und";"64bdc1f7dc1f803131fe4ae0";"";"64bdc1f7dc1f803131fe4ae0";"DTU Department of Wind and Energy Systems";"sorbit";"sorbit";"Quantum computations for N-1 secure power systems|Kvanteberegninger til N-1 sikre elsystemer"
"";"dtu|dtupub|third_party";"";"2023-08-20T00:10:59.963Z";"Buhl, Martin Flaskjær";"";"2727784012";"";"dtu";"2023";"";"";"";"";"thesis";"dtu|dtu_electronic|dtupub_external";"";"";"";"";"";"";"";"";"";"";"";"";"";"";"";"";"und";"64e15a130db12b2052097c3e";"";"64e15a130db12b2052097c3e";"DTU Department of Chemical and Biochemical Engineering";"sorbit";"sorbit";"Membrane modification for green energy production from Pressure Retarded Osmosis Technology (PRO): mechanical stability and the effect of temperature on the performance|Membranmodifikation til produktion af bæredygtig energi ved brug af trykforsinket osmose (PRO): Mekanisk stabilitet og ydeevnes temperaturafhængighed"
"";"dtu|dtupub|third_party";"";"2023-09-15T00:09:31.374Z";"Yan, Shixiang";"";"2728330051";"";"dtu";"2023";"";"";"";"";"thesis";"dtu|dtu_electronic|dtupub_external";"";"";"";"";"";"";"";"";"";"";"";"";"";"";"";"";"und";"6503a0ba959d1d12005ce61d";"";"6503a0ba959d1d12005ce61d";"DTU Department of Health Technology";"sorbit";"sorbit";"Audio-visual scene analysis in aided hearing-impaired listeners using virtual reality|Audiovisuel sceneanalyse hos personer med høretab og høreapparater med hjælp af virtual reality"
"";"dtu|dtupub|third_party";"";"2023-03-22T01:09:42.186Z";"Frykman, Daniel Lilja|Jørgensen, Helene Waldmann";"";"2722957805";"";"dtu";"2023";"";"";"";"";"thesis";"dtu|dtu_electronic|dtupub_external";"";"";"";"";"";"";"";"";"";"";"";"";"";"";"";"";"und";"641a5555d76bef3c29929997";"";"641a5555d76bef3c29929997";"DTU Department of Civil and Mechanical Engineering";"sorbit";"sorbit";"Development of a Modular Architecture at Pedax|Udvikling af modulær arkitektur hos Pedax"
"";"dtu|dtupub|third_party";"";"2023-07-24T00:12:28.029Z";"Bendixen, Naja Duus|Eriksen, Sara Sofie Vind";"";"2727253532";"";"dtu";"2023";"";"";"";"";"thesis";"dtu|dtu_electronic|dtupub|dtupub_electronic";"";"";"";"";"";"";"";"";"";"";"";"";"";"";"";"";"und";"64bdc1eb4201cb3131ee4d58";"";"64bdc1eb4201cb3131ee4d58";"DTU Department of Environmental and Resource Engineering";"sorbit";"sorbit";"Sharpening temperature observations from remote sensing and hydrological application in urban areas|Nedskalering af satellit-baserede temperatur malinger og hydrologisk anvendelse i byer"
"";"dtu|dtupub|third_party";"";"2023-02-22T01:09:28.911Z";"Lund, Natasja Kaas";"";"2718824847";"";"dtu";"2023";"";"";"";"";"thesis";"dtu|dtu_electronic|dtupub|dtupub_electronic";"";"";"";"";"";"";"";"";"";"";"";"";"";"";"";"";"und";"63f56b48d6814d91f7ebd9cc";"";"63f56b48d6814d91f7ebd9cc";"DTU DTU National Food Institute";"sorbit";"sorbit";"Models for investigating disease burden and effect of interventions of MRSA infections|Modeller til at undersøge sygdomsbyrde og effekt af interventioner for MRSA infektioner"
"";"dtu|dtupub|third_party";"";"2023-11-13T01:09:23.116Z";"Shaheen, Saud Abdulaziz A";"";"2729706742";"";"dtu";"2023";"";"";"";"";"thesis";"dtu|dtu_electronic|dtupub_external";"";"";"";"";"";"";"";"";"";"";"";"";"";"";"";"";"und";"65517742be8c290487b6f66b";"";"65517742be8c290487b6f66b";"DTU Department of Chemistry";"sorbit";"sorbit";"Seabed response to potential lateral CO2 plume migration|Havbundsreaktion pa potentiel lateral CO2-fanemigration"
"";"dtu|dtupub|third_party";"";"2024-02-28T01:24:12.208Z";"Sunding, Simone Tarp";"";"2733711990";"";"dtu";"2024";"";"";"";"";"thesis";"dtu|dtu_electronic|dtupub|dtupub_electronic";"";"";"";"";"";"";"";"";"";"";"";"";"";"";"";"";"und";"65de87d394972f0174193867";"";"65de87d394972f0174193867";"DTU Department of Biotechnology and Biomedicine";"sorbit";"sorbit";"Expression and characterization of unspecific peroxygenases|Ekspression og karakterisering af uspecifikke peroxygenaser"
"";"dtu|dtupub|third_party";"";"2023-07-17T00:10:58.518Z";"Christensen, Tanja";"";"2727113796";"";"dtu";"2023";"";"";"";"";"thesis";"dtu|dtu_electronic|dtupub|dtupub_electronic";"";"";"";"";"";"";"";"";"";"";"";"";"";"";"";"";"und";"64b4871281d8c1915240f426";"";"64b4871281d8c1915240f426";"DTU Department of Technology, Management and Economics";"sorbit";"sorbit";"Potential role of aquifer thermal energy storage in future energy systems|Potentiale for aquifer thermal energy storage i fremtidige energi systemer"
"";"dtu|dtupub|third_party";"";"2024-03-19T01:09:36.974Z";"Martinez, Patricia Imaz";"";"2734486793";"";"dtu";"2024";"";"";"";"";"thesis";"dtu|dtu_electronic|dtupub_external";"";"";"";"";"";"";"";"";"";"";"";"";"";"";"";"";"und";"65f8e5d0188e281e2e61533e";"";"65f8e5d0188e281e2e61533e";"DTU Department of Civil and Mechanical Engineering";"sorbit";"sorbit";"Design and simulation of adaptive posterior mounted running blade|Design og simulering af en adaptiv løbe-protese"
"";"dtu|dtupub|third_party";"";"2023-06-18T00:09:43.472Z";"Zhang, Yuxuan";"";"2725857788";"";"dtu";"2023";"";"";"";"";"thesis";"dtu|dtu_electronic|dtupub|dtupub_electronic";"";"";"";"";"";"";"";"";"";"";"";"";"";"";"";"";"und";"648e4b45195b14bb5bb8150a";"";"648e4b45195b14bb5bb8150a";"DTU Department of Physics";"sorbit";"sorbit";"Development of a temperature controlled chip-based nanochannel system for liquid phase transmission electron microscopy|Udvikling af temperatur-kontrolleret chip baseret nanokananl væskefase transmissions electron mikroskopi system"
"";"dtu|dtupub|third_party";"";"2023-05-11T00:09:34.311Z";"Kjær, Søren Emil|Høg, Rune Lykke";"";"2724269682";"";"dtu";"2023";"";"";"";"";"thesis";"dtu|dtu_electronic|dtupub_external";"";"";"";"";"";"";"";"";"";"";"";"";"";"";"";"";"und";"645c323dcd55a92aa541e4ae";"";"645c323dcd55a92aa541e4ae";"DTU Department of Technology, Management and Economics";"sorbit";"sorbit";"Drivers of Business Model Innovation: Unraveling the link between PropTech & Real Estate|Drivkræfter for innovation af forretningsmodeller: Kortlægning af forbindelsen mellem PropTech and Ejendomsbranchen"
"";"dtu|dtupub|third_party";"";"2023-05-02T00:09:31.915Z";"Unger, Christina";"";"2723892242";"";"dtu";"2023";"";"";"";"";"thesis";"dtu|dtu_electronic|dtupub|dtupub_electronic";"";"";"";"";"";"";"";"";"";"";"";"";"";"";"";"";"und";"645054bbc52f5f2aa5d13f18";"";"645054bbc52f5f2aa5d13f18";"DTU Department of Technology, Management and Economics";"sorbit";"sorbit";"Gender, Implicit Bias and Entrepreneurship|Kønsspecifik implicit bias i entreprenørskab"
"";"dtu|dtupub|third_party";"";"2023-08-31T00:09:21.929Z";"Rask, Sofie Amalie Sønderby";"";"2727992286";"";"dtu";"2023";"";"";"";"";"thesis";"dtu|dtu_electronic|dtupub|dtupub_electronic";"";"";"";"";"";"";"";"";"";"";"";"";"";"";"";"";"und";"64efda30fbab4820527d7fe2";"";"64efda30fbab4820527d7fe2";"DTU National Institute of Aquatic Resources";"sorbit";"sorbit";"Impact of temperature, salinity, and crude oil pollution on the vital rates of the co-occurring copepod species; Calanus finmarchicus and Calanus glacialis from West Greenland|Betydning af temperatur, saltholdighed og raolieforurening pa de vitale rater af copepod arter; Calanus finmarchicus og Calanus glacialis fra Vestgrønland."
"";"dtu|dtupub|third_party";"";"2023-04-17T06:47:18.611Z";"Simon, Gonzalo Castillo";"";"2723564325";"";"dtu";"2023";"";"";"";"";"thesis";"dtu|dtu_electronic|dtupub_external";"";"";"";"";"";"";"";"";"";"";"";"";"";"";"";"";"und";"643899b7682de73fde0c811f";"";"643899b7682de73fde0c811f";"DTU Department of Civil and Mechanical Engineering";"sorbit";"sorbit";"Numerical modeling of two stage hydrogen compressor|Numerisk modellering af totrins brintkompressor"
"";"dtu|dtupub|third_party";"";"2023-07-16T00:10:46.827Z";"Stage, Johan Schmidt";"";"2727110851";"";"dtu";"2023";"";"";"";"";"thesis";"dtu|dtu_electronic|dtupub|dtupub_electronic";"";"";"";"";"";"";"";"";"";"";"";"";"";"";"";"";"und";"64b3358465437f915246e3ca";"";"64b3358465437f915246e3ca";"DTU Department of Civil and Mechanical Engineering";"sorbit";"sorbit";"Experimental investigation of the basis for the soot production of a design fire|Eksperimentel undersøgelse af grundlag for en designbrands sodproduktion"
"";"dtu|dtupub|third_party";"";"2023-09-28T00:09:18.679Z";"Moreno, Carlos Pérez";"";"2728755010";"";"dtu";"2023";"";"";"";"";"thesis";"dtu|dtu_electronic|dtupub|dtupub_electronic";"";"";"";"";"";"";"";"";"";"";"";"";"";"";"";"";"und";"6514c42ee0d4b81dd6bed099";"";"6514c42ee0d4b81dd6bed099";"DTU Department of Wind and Energy Systems";"sorbit";"sorbit";"Modelling of floating wind turbine for model predictive control applications to investigate turbine performance and aero-servo-hydro-elastic instabilities|Modellering af flydende vindmølle til model predictive control-applikationer for at undersøge turbineydelse og aero-servo-hydroelastisk stabilitet"
"";"dtu|dtupub|third_party";"";"2023-03-08T01:09:33.418Z";"Sagarra, Daniel Goday I";"";"2720326073";"";"dtu";"2023";"";"";"";"";"thesis";"dtu|dtu_electronic|dtupub_external";"";"";"";"";"";"";"";"";"";"";"";"";"";"";"";"";"und";"6407e04dae85bf3c96fd213c";"";"6407e04dae85bf3c96fd213c";"DTU Department of Applied Mathematics and Computer Science";"sorbit";"sorbit";"Investigating the variability of non-human primates across pre-clinical toxicity studies, and evaluation of excipients for use as placebo|Undersøgelse af variabiliteten af non-human primates fra præ-kliniske toxicitets-studier, og evaluering af excipients for brug som placebo."
"";"dtu|dtupub|third_party";"";"2023-03-08T01:09:34.136Z";"Larsen, Ulrikke Louise";"";"2720326080";"";"dtu";"2023";"";"";"";"";"thesis";"dtu|dtu_electronic|dtupub|dtupub_electronic";"";"";"";"";"";"";"";"";"";"";"";"";"";"";"";"";"und";"6407e04d9cf3f43c96ebb686";"";"6407e04d9cf3f43c96ebb686";"DTU Department of Biotechnology and Biomedicine";"sorbit";"sorbit";"CASCADE gene amplification system in Debaryomyces hansenii|CASCADE genamplifikationssystem i Debaryomyces hansenii"
"";"dtu|dtupub|third_party";"";"2023-03-15T01:09:44.916Z";"Brack, Silas";"";"2720571554";"";"dtu";"2023";"";"";"";"";"thesis";"dtu|dtu_electronic|dtupub|dtupub_electronic";"";"";"";"";"";"";"";"";"";"";"";"";"";"";"";"";"und";"64111ad7ce6ce83abbee6ef8";"";"64111ad7ce6ce83abbee6ef8";"DTU Department of Applied Mathematics and Computer Science";"sorbit";"sorbit";"Effortless Bayesian Deep Learning: Tapping into the Potential of Modern Optimizers|Nem Bayesiansk dyb læring: udnyt potentialet i moderne optimeringsalgoritmer"
"";"dtu|dtupub|third_party";"";"2023-12-12T11:26:16.011Z";"Markers, Nanna Bak";"";"2730276306";"";"dtu";"2023";"";"";"";"";"thesis";"dtu|dtu_electronic|dtupub|dtupub_electronic";"";"";"";"";"";"";"";"";"";"";"";"";"";"";"";"";"und";"65614944a9c2af1316edcb14";"";"65614944a9c2af1316edcb14";"DTU Department of Applied Mathematics and Computer Science";"sorbit";"sorbit";"Generating Synthetic Structural Magnetic Resonance Images for Age Trajectory Estimation in Longitudinal Settings|Kunstigt genererede longitudinale MR billeder til detektion af aldersændringer"
"";"dtu|dtupub|third_party";"";"2023-07-24T00:12:34.826Z";"Freitas, Rodolfo Resende Marin Pazzini Lobo de";"";"2727253552";"";"dtu";"2023";"";"";"";"";"thesis";"dtu|dtu_electronic|dtupub_external";"";"";"";"";"";"";"";"";"";"";"";"";"";"";"";"";"und";"64bdc1f26114433131a72958";"";"64bdc1f26114433131a72958";"DTU Department of Technology, Management and Economics";"sorbit";"sorbit";"Sustainability assessment of favelas (slums) in Rio de Janeiro|Bæredygtighedsvurdering af favelas (slum) i Rio de Janeiro"
"";"dtu|dtupub|third_party";"";"2023-09-01T00:09:17.913Z";"Fokas, Emmanouil";"";"2728030111";"";"dtu";"2023";"";"";"";"";"thesis";"dtu|dtu_electronic|dtupub|dtupub_electronic";"";"";"";"";"";"";"";"";"";"";"";"";"";"";"";"";"und";"64f12bad77d9b422a680a505";"";"64f12bad77d9b422a680a505";"DTU Department of Space Research and Space Technology";"sorbit";"sorbit";"A systematic investigation of thermonuclear bursts on neutron stars observed by NuSTAR|En systematisk undersøgelse af termonukleare bursts pa neutronstjerner observeret med NuSTAR"
"";"dtu|dtupub|third_party";"";"2024-04-16T00:09:46.619Z";"Lundberg, Hans Christian Godballe|Væring, Andreas";"";"2735601445";"";"dtu";"2024";"";"";"";"";"thesis";"dtu|dtu_electronic|dtupub_external";"";"";"";"";"";"";"";"";"";"";"";"";"";"";"";"";"und";"661dc1caf50b891afd3663b3";"";"661dc1caf50b891afd3663b3";"DTU Department of Electrical and Photonics Engineering";"sorbit";"sorbit";"Development of Mesh Sensor Modules for Multi-Use Applications|Udvikling af mesh-sensor moduler til forskelligartede applikationer"
"";"dtu|dtupub|third_party";"";"2024-09-10T09:15:02.670Z";"Brusch, Anders Berger";"";"2738078874";"";"dtu";"2024";"";"";"";"";"thesis";"dtu|dtu_electronic|dtupub|dtupub_electronic";"";"";"";"";"";"";"";"";"";"";"";"";"";"";"";"";"und";"66b40cccca9f04e8f3c8d420";"";"66b40cccca9f04e8f3c8d420";"DTU Department of Civil and Mechanical Engineering";"sorbit";"sorbit";"Refreshment of water inside offshore monopiles|Udskiftning af vand inde i offshore monopæle"
"";"dtu|dtupub|third_party";"";"2024-08-21T00:10:28.201Z";"Alló, Maria Argibay";"";"2738343051";"";"dtu";"2024";"";"";"";"";"thesis";"dtu|dtu_electronic|dtupub|dtupub_electronic";"";"";"";"";"";"";"";"";"";"";"";"";"";"";"";"";"und";"66c53045032c6f204caa51fe";"";"66c53045032c6f204caa51fe";"DTU Department of Environmental and Resource Engineering";"sorbit";"sorbit";"Potential for carbon capture and storage and carbon capture and utilization in Denmark|Potentiale for kulstoffangst og -lagring og kulstoffangst og -udnyttelse i Danmark"
"";"dtu|dtupub|third_party";"";"2024-09-10T09:15:02.783Z";"Kavros, Nikolaos";"";"2738184692";"";"dtu";"2024";"";"";"";"";"thesis";"dtu|dtu_electronic|dtupub|dtupub_electronic";"";"";"";"";"";"";"";"";"";"";"";"";"";"";"";"";"und";"66baa44df5db20e8f3c341af";"";"66baa44df5db20e8f3c341af";"DTU Department of Chemical and Biochemical Engineering";"sorbit";"sorbit";"Carbonation of minerals to mitigate CO2 emissions|CO2 emission reduktion ved reaktion med uorganisk materiale"
"";"dtu|dtupub|third_party";"";"2024-09-10T00:09:59.112Z";"Slathia, Veer Arjun Singh";"";"2738972441";"";"dtu";"2024";"";"";"";"";"thesis";"dtu|dtu_electronic|dtupub_external";"";"";"";"";"";"";"";"";"";"";"";"";"";"";"";"";"und";"66df8e54e2a34d1d788a8d5e";"";"66df8e54e2a34d1d788a8d5e";"DTU Department of Technology, Management and Economics";"sorbit";"sorbit";"Estimation of ship CO2 Emissions using predictive modelling|Estimering af skibs CO2-emissioner ved hjælp af prædiktiv modellering"
"";"dtu|dtupub|third_party";"";"2024-08-27T00:10:08.326Z";"Søborg, Asbjørn|Leick, Magnus Skovbjerg";"";"2738459419";"";"dtu";"2024";"";"";"";"";"thesis";"dtu|dtu_electronic|dtupub|dtupub_electronic";"";"";"";"";"";"";"";"";"";"";"";"";"";"";"";"";"und";"66cd1958608cdb0184a6ddc1";"";"66cd1958608cdb0184a6ddc1";"DTU Department of Civil and Mechanical Engineering";"sorbit";"sorbit";"Strategies for Closing the Loop: Developing a Support Tool to Enhance Circularity in Furniture Product Design|Strategier for cirkulære ressourcestrømme: Udvikling af et støtteværktøj til at forbedre cirkulariteten af møbelproduktdesign"
"";"dtu|dtupub|third_party";"";"2024-09-10T09:15:01.365Z";"Jimenez, Lourdes Maria Riquelme";"";"2738217826";"";"dtu";"2024";"";"";"";"";"thesis";"dtu|dtu_electronic|dtupub_external";"";"";"";"";"";"";"";"";"";"";"";"";"";"";"";"";"und";"66bd474a4a61dee8f39f902c";"";"66bd474a4a61dee8f39f902c";"DTU Department of Biotechnology and Biomedicine";"sorbit";"sorbit";"Experimental Exploration of an Industrial Pharmaceutical Crystallization Process|Eksperimentel udforskning af en industriel farmaceutisk krystallisationsproces"
"";"dtu|dtupub|third_party";"";"2024-03-05T02:02:28.384Z";"Brøndum, Jonas";"";"2734125357";"";"dtu";"2024";"";"";"";"";"thesis";"dtu|dtu_electronic|dtupub|dtupub_electronic";"";"";"";"";"";"";"";"";"";"";"";"";"";"";"";"";"und";"65e670dcd298183f7963eef1";"";"65e670dcd298183f7963eef1";"DTU Department of Electrical and Photonics Engineering";"sorbit";"sorbit";"Cyber-resilient multi-modal sensor fusion for autonomous ship navigation|Cyber-resilient multimodal sensorfusion til autonom skibsnavigation"
"";"dtu|dtupub|third_party";"";"2024-04-20T00:09:52.304Z";"Kühlmann, Esther Lynn";"";"2735671793";"";"dtu";"2024";"";"";"";"";"thesis";"dtu|dtu_electronic|dtupub_external";"";"";"";"";"";"";"";"";"";"";"";"";"";"";"";"";"und";"662307cf99b7921afd9b5bfa";"";"662307cf99b7921afd9b5bfa";"DTU Department of Chemical and Biochemical Engineering";"sorbit";"sorbit";"Methane Eradication Photochemical System: A roadmap for commercialization|Fotokemisk system til udryddelse af metan: En køreplan for kommercialisering"
"";"dtu|dtupub|third_party";"";"2024-04-03T00:09:47.958Z";"Tuxen, Peter";"";"2735343391";"";"dtu";"2024";"";"";"";"";"thesis";"dtu|dtu_electronic|dtupub|dtupub_electronic";"";"";"";"";"";"";"";"";"";"";"";"";"";"";"";"";"und";"660c9e4bd3d3901e2e1d71fa";"";"660c9e4bd3d3901e2e1d71fa";"DTU Department of Environmental and Resource Engineering";"sorbit";"sorbit";"Strategies to discover and enrich new N2O reducing microorganisms from the environment|Strategier til at opdage og berige nye N2O-reducerende mikroorganismer fra miljøet"
"";"dtu|dtupub|third_party";"";"2024-03-13T01:51:49.480Z";"Harmel, Michael";"";"2734350239";"";"dtu";"2024";"";"";"";"";"thesis";"dtu|dtu_electronic|dtupub_external";"";"";"";"";"";"";"";"";"";"";"";"";"";"";"";"";"und";"65f0fce17247d116377ff3dc";"";"65f0fce17247d116377ff3dc";"DTU Department of Wind and Energy Systems";"sorbit";"sorbit";"Concept and design of a test-chamber for routine tesing of high-temperature superconducting high voltage cables|Koncept og design af et testkammer til rutinetest af højtemperatursuperledende højspændingskabler"
"";"dtu|dtupub|third_party";"";"2024-03-19T01:09:41.390Z";"Nimskov, Jonathan|Nissen, Hannah Strunge";"";"2734486799";"";"dtu";"2024";"";"";"";"";"thesis";"dtu|dtu_electronic|dtupub|dtupub_electronic";"";"";"";"";"";"";"";"";"";"";"";"";"";"";"";"";"und";"65f8e5d54a68341e2ea2c2c1";"";"65f8e5d54a68341e2ea2c2c1";"DTU Department of Environmental and Resource Engineering";"sorbit";"sorbit";"Reuse of structural concrete|Genbrug af bærende betonelementer"
"";"dtu|dtupub|third_party";"";"2024-07-29T06:07:22.325Z";"Balanza, Théo";"";"2737855341";"";"dtu";"2024";"";"";"";"";"thesis";"dtu|dtu_electronic|dtupub|dtupub_electronic";"";"";"";"";"";"";"";"";"";"";"";"";"";"";"";"";"und";"66a6ddcdb18616e8f32cf6a9";"";"66a6ddcdb18616e8f32cf6a9";"DTU Department of Environmental and Resource Engineering";"sorbit";"sorbit";"Designing an energy system within the planetary boundaries|Designing an energy system within the planetary boundaries"
"";"dtu|dtupub|third_party";"";"2024-07-23T15:42:09.451Z";"Gram, Nanna Møller|Caspersen, Josefine";"";"2737744403";"";"dtu";"2024";"";"";"";"";"thesis";"dtu|dtu_electronic|dtupub|dtupub_electronic";"";"";"";"";"";"";"";"";"";"";"";"";"";"";"";"";"und";"669ef4fa11085ee8f33ab5b6";"";"669ef4fa11085ee8f33ab5b6";"DTU Department of Environmental and Resource Engineering";"sorbit";"sorbit";"Stabilization of landfiils by active aeration|Stabilisering af affaldsdeponi ved aktiv beluftning"
"";"dtu|dtupub|third_party";"";"2024-12-02T01:35:38.472Z";"Liu, Ziming";"";"2852964324";"";"dtu";"2024";"";"";"";"";"thesis";"dtu|dtu_electronic|dtupub_external";"";"";"";"";"";"";"";"";"";"";"";"";"";"";"";"";"und";"674d08cdbc3709774778f529";"";"674d08cdbc3709774778f529";"DTU Department of Biotechnology and Biomedicine";"sorbit";"sorbit";"Mutational studies of microbial flavo-oxidoreductases|Mutationsundersøgelser af mikrobielle flavooxidoreduktaser"
"";"dtu|dtupub|third_party";"";"2024-07-29T06:07:23.560Z";"Karlik, Martin";"";"2737855471";"";"dtu";"2024";"";"";"";"";"thesis";"dtu|dtu_electronic|dtupub|dtupub_electronic";"";"";"";"";"";"";"";"";"";"";"";"";"";"";"";"";"und";"66a6dde1e1fa92e8f3894a2a";"";"66a6dde1e1fa92e8f3894a2a";"DTU Department of Applied Mathematics and Computer Science";"sorbit";"sorbit";"Explainable Image Aesthetics Assessment|Forklarlig billedæstetisk vurdering"
"";"dtu|dtupub|third_party";"";"2024-07-29T06:07:23.358Z";"Letizia, Samuele";"";"2737855449";"";"dtu";"2024";"";"";"";"";"thesis";"dtu|dtu_electronic|dtupub|dtupub_electronic";"";"";"";"";"";"";"";"";"";"";"";"";"";"";"";"";"und";"66a6ddde5e6a34e8f3e501e1";"";"66a6ddde5e6a34e8f3e501e1";"DTU Department of Wind and Energy Systems";"sorbit";"sorbit";"Modeling of electrolysis system and optimal integration into a hybrid power plant|Modellering af elektrolysesystem og optimal integration i et hybridkraftværk"
"";"dtu|dtupub|third_party";"";"2024-07-22T05:15:05.189Z";"Gomez, Pablo Andres|Ormo, Oriol Solans";"";"2737702160";"";"dtu";"2024";"";"";"";"";"thesis";"dtu|dtu_electronic|dtupub_external";"";"";"";"";"";"";"";"";"";"";"";"";"";"";"";"";"und";"669da352d0a51ee8f35d39bb";"";"669da352d0a51ee8f35d39bb";"DTU Department of Technology, Management and Economics";"sorbit";"sorbit";"Operational Excellence in a continuous production line at ROCKWOOL|Operational Excellence i en kontinuerlig produktionslinje hos ROCKWOOL"
"";"dtu|dtupub|third_party";"";"2024-07-29T06:07:23.610Z";"Schwarenthorer, Clemens|Petersdorff-Campen, Jurek Noah von";"";"2737855492";"";"dtu";"2024";"";"";"";"";"thesis";"dtu|dtu_electronic|dtupub_external";"";"";"";"";"";"";"";"";"";"";"";"";"";"";"";"";"und";"66a6dde372f558e8f3d26f7a";"";"66a6dde372f558e8f3d26f7a";"DTU Department of Technology, Management and Economics";"sorbit";"sorbit";"A Mixed-Integer Programming Approach to Optimizing the Operation of a Lithium-Ion Battery Integrated with a Photovoltaic System: Assessing the Economic Feasibility in the Context of German Electricity Markets|A Mixed-Integer Programming Approach to Optimizing the Operation of a Lithium-Ion Battery Integrated with a Photovoltaic System: Assessing the Economic Feasibility in the Context of German ..."
"";"dtu|dtupub|third_party";"";"2024-09-10T09:15:02.779Z";"Martí, Miguel Barrio";"";"2738078914";"";"dtu";"2024";"";"";"";"";"thesis";"dtu|dtu_electronic|dtupub|dtupub_electronic";"";"";"";"";"";"";"";"";"";"";"";"";"";"";"";"";"und";"66b40cdab8f28ae8f3f1bcdd";"";"66b40cdab8f28ae8f3f1bcdd";"DTU Department of Wind and Energy Systems";"sorbit";"sorbit";"Offshore energy hubs: A comprehensive feasibility analysis|Offshore energy hubs: En omfattende gennemførlighedsanalyse"
"";"dtu|dtupub|third_party";"";"2024-08-29T00:10:23.882Z";"Rising, Sofie Frank";"";"2738522546";"";"dtu";"2024";"";"";"";"";"thesis";"dtu|dtu_electronic|dtupub|dtupub_electronic";"";"";"";"";"";"";"";"";"";"";"";"";"";"";"";"";"und";"66cfbc6f7262f701840fed51";"";"66cfbc6f7262f701840fed51";"DTU Department of Biotechnology and Biomedicine";"sorbit";"sorbit";"The activity of ILC2s and Th2 cells at the brain borders and in the lung|ILC2 og Th2 cellers aktivitet i hjernehinderne og i lungen"
"";"dtu|dtupub|third_party";"";"2024-10-05T00:09:40.448Z";"Tsatsi, Ariadni";"";"2739528454";"";"dtu";"2024";"";"";"";"";"thesis";"dtu|dtu_electronic|dtupub|dtupub_electronic";"";"";"";"";"";"";"";"";"";"";"";"";"";"";"";"";"und";"670083c325742043d9dbf3ab";"";"670083c325742043d9dbf3ab";"DTU Department of Wind and Energy Systems";"sorbit";"sorbit";"Techno-economical evaluation of different energy storage technologies for hybrid power plants|Teknoøkonomisk evaluering af forskellige energilagringsteknologier til hybridkraftværker"
"";"dtu|dtupub|third_party";"";"2024-10-16T00:09:48.761Z";"Katzou, Anastasia";"";"2739746890";"";"dtu";"2024";"";"";"";"";"thesis";"dtu|dtu_electronic|dtupub|dtupub_electronic";"";"";"";"";"";"";"";"";"";"";"";"";"";"";"";"";"und";"670f044cce7ce243d95e9289";"";"670f044cce7ce243d95e9289";"DTU Department of Civil and Mechanical Engineering";"sorbit";"sorbit";"Circular economy implications on environmental impact categories of absolute targets|Cirkulær økonomis konsekvenser for miljøpavirkningskategorier af absolutte mal"
"";"dtu|dtupub|third_party";"";"2024-02-28T01:24:17.221Z";"Einarsdóttir, Arndís|Erlandsdottir, Gunnhildur Katrin|Halldorsdottir, Helga Dis";"";"2733712204";"";"dtu";"2024";"";"";"";"";"thesis";"dtu|dtu_electronic|dtupub|dtupub_electronic";"";"";"";"";"";"";"";"";"";"";"";"";"";"";"";"";"und";"65de87e9b5d488017498b022";"";"65de87e9b5d488017498b022";"DTU Department of Applied Mathematics and Computer Science";"sorbit";"sorbit";"Distance to highways/major roads and risk of respiratory disease|Afstand til /motorveje/hovedveje og risiko for andedrætssygdomme"
"";"dtu|dtupub|third_party";"";"2023-04-06T00:09:42.297Z";"Hussein, Ayman";"";"2723443618";"";"dtu";"2023";"";"";"";"";"thesis";"dtu|dtu_electronic|dtupub|dtupub_electronic";"";"";"";"";"";"";"";"";"";"";"";"";"";"";"";"";"und";"642e0dc6d003813d3ccb9903";"";"642e0dc6d003813d3ccb9903";"DTU Department of Applied Mathematics and Computer Science";"sorbit";"sorbit";"Optimised message matching algorithms for Join-Pattern based actor model|Optimerede besked genkendelses algoritmer til Join-Pattern baseret samtidighedsmodel"
"";"dtu|dtupub|third_party";"";"2024-07-22T05:15:05.194Z";"Ramirez, Arturo Alberto Garcia";"";"2737702162";"";"dtu";"2024";"";"";"";"";"thesis";"dtu|dtu_electronic|dtupub|dtupub_electronic";"";"";"";"";"";"";"";"";"";"";"";"";"";"";"";"";"und";"669da353154015e8f3b15ef0";"";"669da353154015e8f3b15ef0";"DTU Department of Civil and Mechanical Engineering";"sorbit";"sorbit";"Dynamic modelling of an automotive battery pack thermal management system under cold weather conditions|Dynamisk modellering af et termisk styringssystem for en bilbatteripakke under kolde vejrforhold"
"";"dtu|dtupub|third_party";"";"2024-07-29T06:07:22.781Z";"Celes, Camila Santos";"";"2737855387";"";"dtu";"2024";"";"";"";"";"thesis";"dtu|dtu_electronic|dtupub|dtupub_electronic";"";"";"";"";"";"";"";"";"";"";"";"";"";"";"";"";"und";"66a6ddd1306cd9e8f3a17381";"";"66a6ddd1306cd9e8f3a17381";"DTU Department of Applied Mathematics and Computer Science";"sorbit";"sorbit";"Medial Axis-based Geometry Processing|Geometrisk databehandling via medial objektrepræsentation."
"";"dtu|dtupub|third_party";"";"2024-07-22T05:15:05.152Z";"Goldenits, Teresa Christine";"";"2737702122";"";"dtu";"2024";"";"";"";"";"thesis";"dtu|dtu_electronic|dtupub|dtupub_electronic";"";"";"";"";"";"";"";"";"";"";"";"";"";"";"";"";"und";"669da3413d40a1e8f323b02b";"";"669da3413d40a1e8f323b02b";"DTU Department of Technology, Management and Economics";"sorbit";"sorbit";"Ship crew scheduling and pairing|Vagtplanlægning og besætningsparring for skibsbesætninger"
"";"dtu|dtupub|third_party";"";"2024-09-14T00:21:30.194Z";"Wittmann, Lukas Robert";"";"2739049221";"";"dtu";"2024";"";"";"";"";"thesis";"dtu|dtu_electronic|dtupub_external";"";"";"";"";"";"";"";"";"";"";"";"";"";"";"";"";"und";"66e4d44926518f27f039ee1c";"";"66e4d44926518f27f039ee1c";"DTU Department of Wind and Energy Systems";"sorbit";"sorbit";"Green energy transition: Optimizing electrical substation automation design and execution through top-down engineering process based on the IEC 61850 standard|Grøn omstilling af energisektoren: bedre design og effektiv implementering af beskyttelse og automatiseringsløsninger i højspændingsstationer ved anvendelse af top-down engineering processer og ..."
"";"dtu|dtupub|third_party";"";"2024-02-21T05:44:13.682Z";"Jagiello, Janusz Marcin";"";"2733594132";"";"dtu";"2024";"";"";"";"";"thesis";"dtu|dtu_electronic|dtupub|dtupub_electronic";"";"";"";"";"";"";"";"";"";"";"";"";"";"";"";"";"und";"65d54d4f534e723390050f1f";"";"65d54d4f534e723390050f1f";"DTU Department of Applied Mathematics and Computer Science";"sorbit";"sorbit";"Udvikling af et træningsværktøj til detektering af ansigtsbilledmanipulation ved hjælp af øjensporingsdata fra menneskelige supergenkendere|Udvikling af et værktøj til registrering af manipulerede ansigtsbilleder ved brug af øjensporingsdata fra menneskelige supergenkendere"
"";"dtu|dtupub|third_party";"";"2024-08-26T00:10:45.565Z";"Chassagne, Valentine";"";"2738416495";"";"dtu";"2024";"";"";"";"";"thesis";"dtu|dtu_electronic|dtupub_external";"";"";"";"";"";"";"";"";"";"";"";"";"";"";"";"";"und";"66cbc7dcd11933204cf14114";"";"66cbc7dcd11933204cf14114";"DTU Department of Technology, Management and Economics";"sorbit";"sorbit";"Improving the efficiency of train maintenance facilities for SNCF|Optimering af togvedligehold for SNCF"
"";"dtu|dtupub|third_party";"";"2023-07-31T00:10:36.473Z";"Zdravkovic, Regitze Dalsgaard";"";"2727406341";"";"dtu";"2023";"";"";"";"";"thesis";"dtu|dtu_electronic|dtupub|dtupub_electronic";"";"";"";"";"";"";"";"";"";"";"";"";"";"";"";"";"und";"64c6fbfc2e8fe81f4f27eac1";"";"64c6fbfc2e8fe81f4f27eac1";"DTU Department of Health Technology";"sorbit";"sorbit";"Spatial Transcriptomics: A Comparative Study of Human Diabetic Nephropathy and Nephrotoxic Serum Nephritis in CD1 Mice|Spatial Transcriptomics: Sammenligning af human diabetisk nephropathi med nephrotoxisk serum nephritis i CD1 mus."
"";"dtu|dtupub|third_party";"";"2023-07-31T00:11:26.335Z";"Roig, Biel";"";"2727406384";"";"dtu";"2023";"";"";"";"";"thesis";"dtu|dtu_electronic|dtupub|dtupub_electronic";"";"";"";"";"";"";"";"";"";"";"";"";"";"";"";"";"und";"64c6fc2e59753e1f4f839fdb";"";"64c6fc2e59753e1f4f839fdb";"DTU Department of Electrical and Photonics Engineering";"sorbit";"sorbit";"Adaptive Sliding Mode Control for Motion Control Systems|Adaptiv Sliding Mode Regulering af Motion Kontrol Systemer"
"";"dtu|dtupub|third_party";"";"2023-09-06T00:09:25.311Z";"Bach, Mathias";"";"2728153967";"";"dtu";"2023";"";"";"";"";"thesis";"dtu|dtu_electronic|dtupub|dtupub_electronic";"";"";"";"";"";"";"";"";"";"";"";"";"";"";"";"";"und";"64f7c333b88e7a22d188189b";"";"64f7c333b88e7a22d188189b";"DTU Department of Wind and Energy Systems";"sorbit";"sorbit";"Python-based modelling tool, for specifying the load carrying structure of wind turbine blades using a simplified beam model|Python-baseret algoritme til specifikation af lastbærende elementer i vindmøllevinger, ved brug af en simplificeret bjælkemodel."
"";"dtu|dtupub|third_party";"";"2024-09-10T09:15:02.777Z";"Lianas, Evangelos Kalimantzalis";"";"2738061292";"";"dtu";"2024";"";"";"";"";"thesis";"dtu|dtu_electronic|dtupub_external";"";"";"";"";"";"";"";"";"";"";"";"";"";"";"";"";"und";"66b2bb68b36569e8f3717490";"";"66b2bb68b36569e8f3717490";"DTU Department of Technology, Management and Economics";"sorbit";"sorbit";"A comparative research in the socioeconomic dimensions of energy poverty|En sammenlignende forskning i de socioøkonomiske dimensioner af energifattigdom"
"";"dtu|dtupub|third_party";"";"2024-09-10T09:15:02.784Z";"Sit, Hang";"";"2738142741";"";"dtu";"2024";"";"";"";"";"thesis";"dtu|dtu_electronic|dtupub_external";"";"";"";"";"";"";"";"";"";"";"";"";"";"";"";"";"und";"66b952ca9db2ace8f3d487f0";"";"66b952ca9db2ace8f3d487f0";"DTU Department of Technology, Management and Economics";"sorbit";"sorbit";"Analyzing and improving production planning with shared resources for two AP lines using mixed integer programming|Analyse og optimering af produktionsplanlægning for to Aseptiske Produktions linier med delte ressource ved brug af mixed integer programmering"
"";"dtu|dtupub|third_party";"";"2023-08-16T00:11:15.094Z";"Malhi, Harry Harmaan P Singh";"";"2727703764";"";"dtu";"2023";"";"";"";"";"thesis";"dtu|dtu_electronic|dtupub|dtupub_electronic";"";"";"";"";"";"";"";"";"";"";"";"";"";"";"";"";"und";"64dc14233b29b32052053817";"";"64dc14233b29b32052053817";"DTU Department of Electrical and Photonics Engineering";"sorbit";"sorbit";"Analysis of Agrivoltaic System at Skjetlein High School, Norway|Analyse af et agro-fotovoltaisk system pa Skjetlein Gymnasium, Norge"
"";"dtu|dtupub|third_party";"";"2023-07-31T00:11:50.194Z";"Larsen, Victor Ibs";"";"2727406413";"";"dtu";"2023";"";"";"";"";"thesis";"dtu|dtu_electronic|dtupub_external";"";"";"";"";"";"";"";"";"";"";"";"";"";"";"";"";"und";"64c6fc462784c01f4fbe6fff";"";"64c6fc462784c01f4fbe6fff";"DTU Department of Applied Mathematics and Computer Science";"sorbit";"sorbit";"Rendering of screen colors for Protecting Children's Eyesight|Rendering af skærmfarver til beskyttelse af børns syn"
"";"dtu|dtupub|third_party";"";"2023-07-24T00:11:33.422Z";"Christensen, Caroline Amalie Schou";"";"2727253426";"";"dtu";"2023";"";"";"";"";"thesis";"dtu|dtu_electronic|dtupub_external";"";"";"";"";"";"";"";"";"";"";"";"";"";"";"";"";"und";"64bdc1b53b14f2313147bbff";"";"64bdc1b53b14f2313147bbff";"DTU Department of Applied Mathematics and Computer Science";"sorbit";"sorbit";"Automated monitoring of slag detection in a power plant boiler|Automatisk detektering af slagge i en kraftværkskedel"
"";"dtu|dtupub|third_party";"";"2024-10-28T08:29:39.423Z";"Yiasemi, Stylianos";"";"2739844952";"";"dtu";"2024";"";"";"";"";"thesis";"dtu|dtu_electronic|dtupub_external";"";"";"";"";"";"";"";"";"";"";"";"";"";"";"";"";"und";"671f4b73f43fdf9cd7eeccd6";"";"671f4b73f43fdf9cd7eeccd6";"DTU Department of Wind and Energy Systems";"sorbit";"sorbit";"Grid code compliance of PV power plant coupled with BESS under dynamic RMS simulations|Netkode-overholdelse af PV-kraftværk koblet med BESS under dynamiske RMS-simuleringer"
"";"dtu|dtupub|third_party";"";"2023-11-20T08:54:47.738Z";"Petersen, Andreas Houmølle";"";"2729836719";"";"dtu";"2023";"";"";"";"";"thesis";"dtu|dtu_electronic|dtupub_external";"";"";"";"";"";"";"";"";"";"";"";"";"";"";"";"";"und";"65556bc27e855a04874400d3";"";"65556bc27e855a04874400d3";"DTU Department of Technology, Management and Economics";"sorbit";"sorbit";"Barriers to mass adoption of Brain-Computer Interfaces in B2B markets and strategies for overcoming them|Barrierer til masseadoption af Brain-Computer Interfaces I B2B markeder og strategier til at overkomme dem"
"";"dtu|dtupub|third_party";"";"2023-09-16T00:09:28.332Z";"Sauge, Julie Iréne Monique";"";"2728341253";"";"dtu";"2023";"";"";"";"";"thesis";"dtu|dtu_electronic|dtupub_external";"";"";"";"";"";"";"";"";"";"";"";"";"";"";"";"";"und";"6504f237beb2231200a9aaeb";"";"6504f237beb2231200a9aaeb";"DTU Department of Technology, Management and Economics";"sorbit";"sorbit";"Analysis of the bidding strategies of a power supply on the reserve power markets|Analyse af en energiforsynings tilbudsstrategier pa reservestrømmarkederne"
"";"dtu|dtupub|third_party";"";"2024-05-11T00:09:50.052Z";"Wilske, Jan Octavio";"";"2736099322";"";"dtu";"2024";"";"";"";"";"thesis";"dtu|dtu_electronic|dtupub_external";"";"";"";"";"";"";"";"";"";"";"";"";"";"";"";"";"und";"663eb74d5023421fdea06027";"";"663eb74d5023421fdea06027";"DTU Department of Technology, Management and Economics";"sorbit";"sorbit";"Designing an investment case for a sustainable startup|Design af en investeringscase for en bæredygtig startup."
"";"dtu|dtupub|third_party";"";"2024-10-28T08:29:36.179Z";"Jain, Pranjal";"";"2739844691";"";"dtu";"2024";"";"";"";"";"thesis";"dtu|dtu_electronic|dtupub|dtupub_electronic";"";"";"";"";"";"";"";"";"";"";"";"";"";"";"";"";"und";"671f4b704291e19cd78b3eb4";"";"671f4b704291e19cd78b3eb4";"DTU Department of Applied Mathematics and Computer Science";"sorbit";"sorbit";"Broadcast Assistant for Bluetooth LE Audio Hearing Aids|Broadcast Assistant til Bluetooth LE Audio høreapparater"
"";"dtu|dtupub|third_party";"";"2024-08-25T00:10:07.834Z";"Zamoidiks, Rihards";"";"2738409251";"";"dtu";"2024";"";"";"";"";"thesis";"dtu|dtu_electronic|dtupub|dtupub_electronic";"";"";"";"";"";"";"";"";"";"";"";"";"";"";"";"";"und";"66ca7655edeb40204ce7c607";"";"66ca7655edeb40204ce7c607";"DTU Department of Civil and Mechanical Engineering";"sorbit";"sorbit";"Development of a concrete sandwich bridge system with optimized PC technology|Udvikling af et brosystem med sandwichopbygning i beton ved brug af optimeret perlekædeteknologi"
"";"dtu|dtupub|third_party";"";"2024-09-10T09:15:07.567Z";"CURRAS, ANA GONZALEZ";"";"2737226580";"";"dtu";"2024";"";"";"";"";"thesis";"dtu|dtu_electronic|dtupub|dtupub_electronic";"";"";"";"";"";"";"";"";"";"";"";"";"";"";"";"";"und";"668496d828367f1cdf6422f6";"";"668496d828367f1cdf6422f6";"DTU Department of Technology, Management and Economics";"sorbit";"sorbit";"The economic and environmental impact of Solar Energy Policies|De økonomiske og miljømæssige konsekvenser af solenergipolitikker"
"";"dtu|dtupub|third_party";"";"2023-08-04T00:10:32.844Z";"Liang, Chen";"";"2727504108";"";"dtu";"2023";"";"";"";"";"thesis";"dtu|dtu_electronic|dtupub|dtupub_electronic";"";"";"";"";"";"";"";"";"";"";"";"";"";"";"";"";"und";"64cc41f83b29ee1f4f05f865";"";"64cc41f83b29ee1f4f05f865";"DTU Department of Electrical and Photonics Engineering";"sorbit";"sorbit";"Numerical study of a coupled dynamic shaker-accelerometer system|Numerisk undersøgelse af kobelede dynamiske shaker-accelerometer system"
"";"dtu|dtupub|third_party";"";"2024-08-01T06:44:38.982Z";"Jiang, Songlin";"";"2737905489";"";"dtu";"2024";"";"";"";"";"thesis";"dtu|dtu_electronic|dtupub|dtupub_electronic";"";"";"";"";"";"";"";"";"";"";"";"";"";"";"";"";"und";"66a980cc5f3dd2e8f365f026";"";"66a980cc5f3dd2e8f365f026";"DTU Department of Applied Mathematics and Computer Science";"sorbit";"sorbit";"Real-time GPU Usage Alert Service on Pre-exascale HPC Clusters|Realtids GPU-brugs-notifikationstjeneste pa pre-exascale HPC-klynger"
"";"dtu|dtupub|third_party";"";"2024-03-19T01:09:36.873Z";"Rodriguez, Marie Viuff";"";"2734486787";"";"dtu";"2024";"";"";"";"";"thesis";"dtu|dtu_electronic|dtupub|dtupub_electronic";"";"";"";"";"";"";"";"";"";"";"";"";"";"";"";"";"und";"65f8e5cfa2c7b11e2e7a3c93";"";"65f8e5cfa2c7b11e2e7a3c93";"DTU Department of Civil and Mechanical Engineering";"sorbit";"sorbit";"Integrating recycled materials in building renovation projects|Integrering af genbrugsmaterialer i bygningsrenoveringsprojekter"
"";"dtu|dtupub|third_party";"";"2024-03-31T01:09:56.485Z";"Stærkjær, Kenneth Askov";"";"2735235813";"";"dtu";"2024";"";"";"";"";"thesis";"dtu|dtu_electronic|dtupub|dtupub_electronic";"";"";"";"";"";"";"";"";"";"";"";"";"";"";"";"";"und";"6608b7e464b7251e2e04331a";"";"6608b7e464b7251e2e04331a";"DTU Department of Civil and Mechanical Engineering";"sorbit";"sorbit";"Sustainable materials in buildings: the influence of windbarrier on fire safety|Bæredygtige materialer i byggeriet: Vindspærrens rolle for brandsikkerhed"
"";"dtu|dtupub|third_party";"";"2023-03-25T01:09:42.538Z";"Rimal, Shankar";"";"2723191375";"";"dtu";"2023";"";"";"";"";"thesis";"dtu|dtu_electronic|dtupub|dtupub_electronic";"";"";"";"";"";"";"";"";"";"";"";"";"";"";"";"";"und";"641e49d6c08edf3c2987d76c";"";"641e49d6c08edf3c2987d76c";"DTU Department of Environmental and Resource Engineering";"sorbit";"sorbit";"Evaluation of lime stabilised rammed earth as foundation concept for walls|Evaluering af kalkstabiliseret stampet lerjord som fundament af vægge"
"";"dtu|dtupub|third_party";"";"2024-08-22T00:12:07.497Z";"Caballero, Jorge Mauricio Cisneros";"";"2738355904";"";"dtu";"2024";"";"";"";"";"thesis";"dtu|dtu_electronic|dtupub_external";"";"";"";"";"";"";"";"";"";"";"";"";"";"";"";"";"und";"66c681e1af152a204c01b304";"";"66c681e1af152a204c01b304";"DTU Department of Electrical and Photonics Engineering";"sorbit";"sorbit";"Hearing aid performance in reverberant listening conditions|Høreapparatets ydeevne under genklangende lytteforhold"
"";"dtu|dtupub|third_party";"";"2024-09-10T09:15:02.774Z";"Guilloteau, Pierre Jean Eugene";"";"2738034828";"";"dtu";"2024";"";"";"";"";"thesis";"dtu|dtu_electronic|dtupub|dtupub_electronic";"";"";"";"";"";"";"";"";"";"";"";"";"";"";"";"";"und";"66b169c702c74be8f3a0c3ea";"";"66b169c702c74be8f3a0c3ea";"DTU Department of Chemical and Biochemical Engineering";"sorbit";"sorbit";"Techno-economic and Life Cycle Assessment of a production process for Sustainable Aviation Fuels (SAF) from H2 and CO2|Teknoøkonomisk og livscyklusvurdering af en produktionsproces for Sustainable Aviation Fuels (SAF) fra H2 og CO2"
"";"dtu|dtupub|third_party";"";"2023-02-21T01:09:26.321Z";"Sandfeld-Nielsen, Karoline";"";"2718813911";"";"dtu";"2023";"";"";"";"";"thesis";"dtu|dtu_electronic|dtupub|dtupub_electronic";"";"";"";"";"";"";"";"";"";"";"";"";"";"";"";"";"und";"63f419c625c08a91f7a4e289";"";"63f419c625c08a91f7a4e289";"DTU Department of Civil and Mechanical Engineering";"sorbit";"sorbit";"Thermal radiation between wooden facades in high rise buildings|Straling mellem træfacader i højhusbyggeri"
"";"dtu|dtupub|third_party";"";"2024-08-22T00:12:20.697Z";"Barba, Candela Sanchez Giron";"";"2738355951";"";"dtu";"2024";"";"";"";"";"thesis";"dtu|dtu_electronic|dtupub_external";"";"";"";"";"";"";"";"";"";"";"";"";"";"";"";"";"und";"66c681e66b0d21204c7d11c5";"";"66c681e66b0d21204c7d11c5";"DTU Department of Biotechnology and Biomedicine";"sorbit";"sorbit";"Texture engineering in Yarrowia|Texture engineering in Yarrowia"
"";"dtu|dtupub|third_party";"";"2023-07-04T00:11:11.976Z";"Qin, Anlan";"";"2726481780";"";"dtu";"2023";"";"";"";"";"thesis";"dtu|dtu_electronic|dtupub_external";"";"";"";"";"";"";"";"";"";"";"";"";"";"";"";"";"und";"64a3639f37066c91520d8651";"";"64a3639f37066c91520d8651";"DTU DTU National Food Institute";"sorbit";"sorbit";"Extraction of gelatin from lumpfish (Cyclopterus lumpus)|Ekstraktion af gelatine fra stenbider (Cyclopterus lumpus)"
"";"dtu|dtupub|third_party";"";"2024-07-12T00:48:03.622Z";"Boel, Thomas Morning";"";"2737536332";"";"dtu";"2024";"";"";"";"";"thesis";"dtu|dtu_electronic|dtupub|dtupub_electronic";"";"";"";"";"";"";"";"";"";"";"";"";"";"";"";"";"und";"66907472333582e8f35eb281";"";"66907472333582e8f35eb281";"DTU DTU National Food Institute";"sorbit";"sorbit";"The microbiome’s role in Anorexia nervosa|Mikrobiomets rolle for Anorexia nervosa"
"";"dtu|dtupub|third_party";"";"2024-03-06T05:02:00.980Z";"Kjær, Christina";"";"2734175636";"";"dtu";"2024";"";"";"";"";"thesis";"dtu|dtu_electronic|dtupub|dtupub_electronic";"";"";"";"";"";"";"";"";"";"";"";"";"";"";"";"";"und";"65e7c25b01fd523f79fd912e";"";"65e7c25b01fd523f79fd912e";"DTU Department of Electrical and Photonics Engineering";"sorbit";"sorbit";"Perceptual evaluation of auralizations using different acoustic simulations|Perceptuel evaluering af auraliseringer fra forskellige akustiske simuleringsprogramme"
"";"dtu|dtupub|third_party";"";"2024-03-27T01:23:58.996Z";"Hansen, Laura Sønderskov";"";"2735158209";"";"dtu";"2024";"";"";"";"";"thesis";"dtu|dtu_electronic|dtupub_external";"";"";"";"";"";"";"";"";"";"";"";"";"";"";"";"";"und";"660371d709f5971e2ea1063f";"";"660371d709f5971e2ea1063f";"DTU Department of Applied Mathematics and Computer Science";"sorbit";"sorbit";"A Lightweight Software Framework for Direct Bond Trading|Et simpelt softwareframework til direkte obligationshandel"
"";"dtu|dtupub|third_party";"";"2023-03-03T02:05:56.218Z";"Nielsen, Lubrina Signe Levin";"";"2720125351";"";"dtu";"2023";"";"";"";"";"thesis";"dtu|dtu_electronic|dtupub|dtupub_electronic";"";"";"";"";"";"";"";"";"";"";"";"";"";"";"";"";"und";"640148d0cb4c2e3c12eef228";"";"640148d0cb4c2e3c12eef228";"DTU National Institute of Aquatic Resources";"sorbit";"sorbit";"Bacterial and fungal colonisation of marine snow and potential bacteria-fungi interactions|Bakterier og svampes kolonisering af marin sne og potentielle bakterie-svampe interaktioner"
"";"dtu|dtupub|third_party";"";"2023-07-24T00:11:37.251Z";"Meroni, Carlo";"";"2727253439";"";"dtu";"2023";"";"";"";"";"thesis";"dtu|dtu_electronic|dtupub|dtupub_electronic";"";"";"";"";"";"";"";"";"";"";"";"";"";"";"";"";"und";"64bdc1b955dbbd31316b672f";"";"64bdc1b955dbbd31316b672f";"DTU Department of Applied Mathematics and Computer Science";"sorbit";"sorbit";"Optimizing Real-Time Applications: Scheduling and Mapping of Time-Triggered and Event-Triggered Tasks on ADAS Multi-Core Platforms|Optimering af realtidsprogrammer: Planlægning og kortlægning af tidsudløste og hændelsesudløste opgaver pa ADAS multi-core-platforme"
"";"dtu|dtupub|third_party";"";"2024-02-28T01:24:35.315Z";"Møller, Niels Alexander";"";"2733713760";"";"dtu";"2024";"";"";"";"";"thesis";"dtu|dtu_electronic|dtupub_external";"";"";"";"";"";"";"";"";"";"";"";"";"";"";"";"";"und";"65de883b4308ca0174469251";"";"65de883b4308ca0174469251";"DTU Department of Chemical and Biochemical Engineering";"sorbit";"sorbit";"Harnessing green chemistry for valorization of enzyme production byproducts using advanced membrane technologies|Udnyttelse af grøn kemi for valorisering af biprodukter fra enzymproduktion ved anvendelse af avancerede membranteknologier."
"";"dtu|dtupub|third_party";"";"2024-09-10T09:15:02.778Z";"Naslenas, Naglis";"";"2738061259";"";"dtu";"2024";"";"";"";"";"thesis";"dtu|dtu_electronic|dtupub|dtupub_electronic";"";"";"";"";"";"";"";"";"";"";"";"";"";"";"";"";"und";"66b2bb5f01926be8f38274dd";"";"66b2bb5f01926be8f38274dd";"DTU Department of Applied Mathematics and Computer Science";"sorbit";"sorbit";"Rendering Granular Materials at the Mesoscopic Scale|Rendering af granulære materialer i den mesoskopiske størrelsesorden"
"";"dtu|dtupub|third_party";"";"2023-07-16T00:10:48.769Z";"Sørensen, Christian Kaas";"";"2727110913";"";"dtu";"2023";"";"";"";"";"thesis";"dtu|dtu_electronic|dtupub_external";"";"";"";"";"";"";"";"";"";"";"";"";"";"";"";"";"und";"64b335887bdd8c91524e8098";"";"64b335887bdd8c91524e8098";"DTU Department of Biotechnology and Biomedicine";"sorbit";"sorbit";"Establishment of a Proprietary CHO Cell Line and fermentation conditions for transient protein pro-duction of next-generation biopharmaceuticals|Establishment of a Proprietary CHO Cell Line and fermentation conditions for transient protein pro-duction of next-generation biopharmaceuticals"
"";"dtu|dtupub|third_party";"";"2024-01-04T01:09:36.406Z";"Martin, Daniel Paez";"";"2730752559";"";"dtu";"2023";"";"";"";"";"thesis";"dtu|dtu_electronic|dtupub|dtupub_electronic";"";"";"";"";"";"";"";"";"";"";"";"";"";"";"";"";"und";"659605509245b42bb978562b";"";"659605509245b42bb978562b";"DTU Department of Electrical and Photonics Engineering";"sorbit";"sorbit";"Multi-task learning for monocular depth estimation and semantic segmentation|Multi-task learning for monocular depth estimation and semantic segmentation"
"";"dtu|dtupub|third_party";"";"2024-03-30T01:10:08.117Z";"Grathwol, Daniel";"";"2735225194";"";"dtu";"2024";"";"";"";"";"thesis";"dtu|dtu_electronic|dtupub|dtupub_electronic";"";"";"";"";"";"";"";"";"";"";"";"";"";"";"";"";"und";"66076670784ce11e2e334926";"";"66076670784ce11e2e334926";"DTU Department of Applied Mathematics and Computer Science";"sorbit";"sorbit";"Process Extraction from Clinical Guidelines with Large Language Models|Procesudtrækning fra kliniske retningslinjer med store sprogmodeller."
"";"dtu|dtupub|third_party";"";"2024-09-12T00:18:54.552Z";"Jorgensen, Vitale Roy Feali'i";"";"2739012513";"";"dtu";"2024";"";"";"";"";"thesis";"dtu|dtu_electronic|dtupub_external";"";"";"";"";"";"";"";"";"";"";"";"";"";"";"";"";"und";"66e231598e06b927f01e885f";"";"66e231598e06b927f01e885f";"DTU Department of Electrical and Photonics Engineering";"sorbit";"sorbit";"Machine Learning Approaches for Predictive Maintenance in Pharmaceutical Manufacturing|Machine Learning til forudsigelig vedligeholdelse i farmaceutisk fremstilling"
"";"dtu|dtupub|third_party";"";"2023-03-01T01:09:56.207Z";"Duymaz, Burkay";"";"2720010153";"";"dtu";"2023";"";"";"";"";"thesis";"dtu|dtu_electronic|dtupub_external";"";"";"";"";"";"";"";"";"";"";"";"";"";"";"";"";"und";"63fea5e41d52c73bca8a40be";"";"63fea5e41d52c73bca8a40be";"DTU Department of Civil and Mechanical Engineering";"sorbit";"sorbit";"Modelling and experimental analysis of the sintering process for powder metal components|Simulering og eksperimentel analyse af sintringsprocessen til pulvermetalemner."
"";"dtu|dtupub|third_party";"";"2023-04-19T00:09:32.705Z";"Pilis, Akos";"";"2723669364";"";"dtu";"2023";"";"";"";"";"thesis";"dtu|dtu_electronic|dtupub|dtupub_electronic";"";"";"";"";"";"";"";"";"";"";"";"";"";"";"";"";"und";"643f313a73df2868b16ba7c1";"";"643f313a73df2868b16ba7c1";"DTU Department of Applied Mathematics and Computer Science";"sorbit";"sorbit";"Invisible Deception: Redesigning Honeytokens to Combat Fingerprinting|Invisible Deception: Redesigning Honeytokens to Combat Fingerprinting"
"";"dtu|dtupub|third_party";"";"2024-09-10T09:15:01.440Z";"Thiriet, Francois Xavier";"";"2738218012";"";"dtu";"2024";"";"";"";"";"thesis";"dtu|dtu_electronic|dtupub|dtupub_electronic";"";"";"";"";"";"";"";"";"";"";"";"";"";"";"";"";"und";"66bd475d09c494e8f32db18e";"";"66bd475d09c494e8f32db18e";"DTU Department of Wind and Energy Systems";"sorbit";"sorbit";"Response calculation for boat access to a floating wind turbine|Responsberegning for adgang til flydende vindmøller via bad"
"";"dtu|dtupub|third_party";"";"2023-08-30T00:09:18.316Z";"Schiffer, Jürgen";"";"2727978248";"";"dtu";"2023";"";"";"";"";"thesis";"dtu|dtu_electronic|dtupub_external";"";"";"";"";"";"";"";"";"";"";"";"";"";"";"";"";"und";"64ee88aeb28f722052872ce6";"";"64ee88aeb28f722052872ce6";"DTU Department of Technology, Management and Economics";"sorbit";"sorbit";"The interplay of less epxerienced family managers and experienced non-family managers in strategic decision making – a case study|Samspillet mellem mindre erfarne familieledere og erfarne ikke-familieledere i strategisk beslutningstagning – et casestudie"
"";"dtu|dtupub|third_party";"";"2023-08-01T00:11:38.495Z";"Koukourikos, Panagiotis";"";"2727448820";"";"dtu";"2023";"";"";"";"";"thesis";"dtu|dtu_electronic|dtupub|dtupub_electronic";"";"";"";"";"";"";"";"";"";"";"";"";"";"";"";"";"und";"64c84dba4496201f4f182b22";"";"64c84dba4496201f4f182b22";"DTU Department of Applied Mathematics and Computer Science";"sorbit";"sorbit";"Security of Smart Home Technology and Remote Working|Sikkerhed ved Smart Home-teknologi og fjernarbejde"
"";"dtu|dtupub|third_party";"";"2023-03-25T01:09:30.381Z";"Thomsen, Martin Valentin";"";"2723191137";"";"dtu";"2023";"";"";"";"";"thesis";"dtu|dtu_electronic|dtupub_external";"";"";"";"";"";"";"";"";"";"";"";"";"";"";"";"";"und";"641e49cab14c2a3c298e08b4";"";"641e49cab14c2a3c298e08b4";"DTU Department of Energy Conversion and Storage";"sorbit";"sorbit";"Theoretical study of N2O decomposition over metal substituted oxides|Teoretisk studie af N2O dekomponering over metalsubstituerede oxider"
"";"dtu|dtupub|third_party";"";"2023-06-15T00:10:49.468Z";"Hede, Freja Dahl";"";"2725815971";"";"dtu";"2023";"";"";"";"";"thesis";"dtu|dtu_electronic|dtupub|dtupub_electronic";"";"";"";"";"";"";"";"";"";"";"";"";"";"";"";"";"und";"648a5708e98fcfbb5b41bf94";"";"648a5708e98fcfbb5b41bf94";"DTU Department of Health Technology";"sorbit";"sorbit";"Machine learning algorithms for the prediction of protein MHC class II presentation enrichments|Maskinlæringsalgoritmer til forudsigelse af protein MHC klasse II-præsentationsberigelser"
"";"dtu|dtupub|third_party";"";"2023-08-16T00:11:08.694Z";"Zamorano, Andrés Greciano";"";"2727703757";"";"dtu";"2023";"";"";"";"";"thesis";"dtu|dtu_electronic|dtupub|dtupub_electronic";"";"";"";"";"";"";"";"";"";"";"";"";"";"";"";"";"und";"64dc141cdf48bb205256fa50";"";"64dc141cdf48bb205256fa50";"DTU Department of Electrical and Photonics Engineering";"sorbit";"sorbit";"Modeling and performance analysis of solar photovoltaic energy communities in Norway|Modellering og ydelsesanalyse af solcelle energi fællesskaber i Norge"
"";"dtu|dtupub|third_party";"";"2023-08-22T00:11:48.345Z";"Foster, Kelvin";"";"2727822053";"";"dtu";"2023";"";"";"";"";"thesis";"dtu|dtu_electronic|dtupub|dtupub_electronic";"";"";"";"";"";"";"";"";"";"";"";"";"";"";"";"";"und";"64e3fd4418e6bd2052c72b67";"";"64e3fd4418e6bd2052c72b67";"DTU Department of Applied Mathematics and Computer Science";"sorbit";"sorbit";"Characterizing functional connectivity in rodents using resting-state functional MRI|Karakterisering af funktionelle hjerneforbindelser i forsøgsdyr med funktionel MRI"
"";"dtu|dtupub|third_party";"";"2023-07-30T00:11:02.117Z";"Durcik, Matej";"";"2727401012";"";"dtu";"2023";"";"";"";"";"thesis";"dtu|dtu_electronic|dtupub|dtupub_electronic";"";"";"";"";"";"";"";"";"";"";"";"";"";"";"";"";"und";"64c5aa9610746e1f4fa61dfc";"";"64c5aa9610746e1f4fa61dfc";"DTU Department of Civil and Mechanical Engineering";"sorbit";"sorbit";"Optimised Design of Structural Components for multi-axial 3D Printing|Optimeret design af konstruktionselementer for multi-aksial 3D printing"
"";"dtu|dtupub|third_party";"";"2023-05-29T00:09:44.084Z";"Christensen, Alexander Faarup";"";"2724628324";"";"dtu";"2023";"";"";"";"";"thesis";"dtu|dtu_electronic|dtupub|dtupub_electronic";"";"";"";"";"";"";"";"";"";"";"";"";"";"";"";"";"und";"6473ed47861982bb5bc31293";"";"6473ed47861982bb5bc31293";"DTU Department of Applied Mathematics and Computer Science";"sorbit";"sorbit";"Ensemble learning for generalized digital face manipulation detection|Ensemble-læring til generaliseret opdagelse af digital ansigtsmanipulation"
"";"dtu|dtupub|third_party";"";"2023-10-25T00:09:06.598Z";"Diouslous, Evangelos";"";"2729337091";"";"dtu";"2023";"";"";"";"";"thesis";"dtu|dtu_electronic|dtupub|dtupub_electronic";"";"";"";"";"";"";"";"";"";"";"";"";"";"";"";"";"und";"65385ca22cafc43eb63ef084";"";"65385ca22cafc43eb63ef084";"DTU Department of Applied Mathematics and Computer Science";"sorbit";"sorbit";"Physics-informed policies for smart power distribution networks|Fysisk-baserede regler for smarte el-distributionsnet"
"";"dtu|dtupub|third_party";"";"2024-09-03T00:09:53.515Z";"Bhat, Subramanya";"";"2738605949";"";"dtu";"2024";"";"";"";"";"thesis";"dtu|dtu_electronic|dtupub_external";"";"";"";"";"";"";"";"";"";"";"";"";"";"";"";"";"und";"66d653d0a1f15fbcc4c9f33f";"";"66d653d0a1f15fbcc4c9f33f";"DTU Department of Electrical and Photonics Engineering";"sorbit";"sorbit";"Simultaneous Detection and Tracking of Street Waste using Deep Learning and Computer Vision|Simultaneous Detection and Tracking of Street Waste using Deep Learning and Computer Vision"
"";"dtu|dtupub|third_party";"";"2023-12-24T01:09:30.021Z";"Vendt, Mathias Høxbro Juel";"";"2730533264";"";"dtu";"2023";"";"";"";"";"thesis";"dtu|dtu_electronic|dtupub|dtupub_electronic";"";"";"";"";"";"";"";"";"";"";"";"";"";"";"";"";"und";"658784c48328262bb9087a68";"";"658784c48328262bb9087a68";"DTU Department of Space Research and Space Technology";"sorbit";"sorbit";"Development of AI algorithms for the detection of interferometric SAR (InSAR) phase unwrapping errors|Development of AI algorithms for the detection of interferometric SAR (InSAR) phase unwrapping errors"
"";"dtu|dtupub|third_party";"";"2024-03-27T01:23:59.687Z";"Skov, Sofie Marie|Jacobsen, Emilie";"";"2735158229";"";"dtu";"2024";"";"";"";"";"thesis";"dtu|dtu_electronic|dtupub_external";"";"";"";"";"";"";"";"";"";"";"";"";"";"";"";"";"und";"660371dca7f85c1e2ed79cb4";"";"660371dca7f85c1e2ed79cb4";"DTU Department of Energy Conversion and Storage";"sorbit";"sorbit";"Test and analysis of dynamic operation of advanced alkaline electrolyzers|Test og analyse af dynamisk drift af advancerede alkaliske electrolyseceller"
"";"dtu|dtupub|third_party";"";"2024-03-10T01:56:37.186Z";"Perros, Vasileios";"";"2734264599";"";"dtu";"2024";"";"";"";"";"thesis";"dtu|dtu_electronic|dtupub|dtupub_electronic";"";"";"";"";"";"";"";"";"";"";"";"";"";"";"";"";"und";"65ed0853d4582317b6cc7a26";"";"65ed0853d4582317b6cc7a26";"DTU Department of Biotechnology and Biomedicine";"sorbit";"sorbit";"Improve cytokine production in mammalian cells with secretory pathway engineering|Forbedring af cytokinproduktion i pattedyrsceller ved hjælp af ændringer i sekretoriske pathways"
"";"dtu|dtupub|third_party";"";"2024-02-08T01:09:48.777Z";"Oltean, Cosmina";"";"2731495415";"";"dtu";"2024";"";"";"";"";"thesis";"dtu|dtu_electronic|dtupub|dtupub_electronic";"";"";"";"";"";"";"";"";"";"";"";"";"";"";"";"";"und";"65c429dcd7f3743e826f27ec";"";"65c429dcd7f3743e826f27ec";"DTU Department of Engineering Technology and Didactics";"sorbit";"sorbit";"Developing a Circular Economy Maturity Assessment for the Construction Sector|Developing a Circular Economy Maturity Assessment for the Construction Sector"
"";"dtu|dtupub|third_party";"";"2024-07-29T06:07:21.640Z";"Djouahra, Amélie Leïla Inès";"";"2737855172";"";"dtu";"2024";"";"";"";"";"thesis";"dtu|dtu_electronic|dtupub_external";"";"";"";"";"";"";"";"";"";"";"";"";"";"";"";"";"und";"66a6ddc47e4c44e8f357d7db";"";"66a6ddc47e4c44e8f357d7db";"DTU Department of Environmental and Resource Engineering";"sorbit";"sorbit";"Study of the life cycle impacts of an e-methanol production project in France|Undersøgelse af livscykluspavirkningerne af et e-methanolproduktionsprojekt i Frankrig"
"";"dtu|dtupub|third_party";"";"2024-09-10T09:15:02.784Z";"Qin, Yijia|Zhou, Lihui";"";"2738142743";"";"dtu";"2024";"";"";"";"";"thesis";"dtu|dtu_electronic|dtupub|dtupub_electronic";"";"";"";"";"";"";"";"";"";"";"";"";"";"";"";"";"und";"66b952cbc8dcf3e8f365ecd8";"";"66b952cbc8dcf3e8f365ecd8";"DTU Department of Technology, Management and Economics";"sorbit";"sorbit";"Analysis and improvement of healthcare supply chains subject to disruptions|Analyse og forbedring af forsyningskæder i sundhedssektoren, der udsættes for afbrydelser"
"";"dtu|dtupub|third_party";"";"2024-07-23T15:42:09.536Z";"Ófeigsson, Andri Dagur|Einarsdóttir, Ingibjörg|Valgeirsdóttir, Hekla Mist";"";"2737744423";"";"dtu";"2024";"";"";"";"";"thesis";"dtu|dtu_electronic|dtupub|dtupub_electronic";"";"";"";"";"";"";"";"";"";"";"";"";"";"";"";"";"und";"669ef521caf478e8f3dc1b2c";"";"669ef521caf478e8f3dc1b2c";"DTU Department of Technology, Management and Economics";"sorbit";"sorbit";"Portfolio Optimization using Mixed Integer and Linear Programming|Portfolio Optimization using Mixed Integer and Linear Programming"
"";"dtu|dtupub|third_party";"";"2024-08-01T07:56:04.013Z";"Leblebici, Sanem";"";"2737925884";"";"dtu";"2024";"";"";"";"";"thesis";"dtu|dtu_electronic|dtupub_external";"";"";"";"";"";"";"";"";"";"";"";"";"";"";"";"";"und";"66aad25a562712e8f33eab71";"";"66aad25a562712e8f33eab71";"DTU Department of Electrical and Photonics Engineering";"sorbit";"sorbit";"Auto Tuning Admittance Controllers Using Reinforcement Learning for Compliant Control in Robotic Assembly Tasks|Autotuning adgangskontrolenheder, der bruger forstærkningslæring til kompatibel kontrol i robotkonstruktionsopgaver"
"";"dtu|dtupub|third_party";"";"2023-03-01T01:10:03.152Z";"Kruse, Jens Christian Rørbæk";"";"2720010263";"";"dtu";"2023";"";"";"";"";"thesis";"dtu|dtu_electronic|dtupub|dtupub_electronic";"";"";"";"";"";"";"";"";"";"";"";"";"";"";"";"";"und";"63fea5eb99b0163bcae38af3";"";"63fea5eb99b0163bcae38af3";"DTU Department of Wind and Energy Systems";"sorbit";"sorbit";"Resilience of weather dependent energy systems under extreme generation and demand scenarios|Robusthed af vejrafhængige energisystemer under ekstreme produktions- og forbrugsscenarier"
"";"dtu|dtupub|third_party";"";"2023-04-17T06:47:24.936Z";"Fromberg, Laurits";"";"2723582267";"";"dtu";"2023";"";"";"";"";"thesis";"dtu|dtu_electronic|dtupub|dtupub_electronic";"";"";"";"";"";"";"";"";"";"";"";"";"";"";"";"";"und";"6439eb3d42259d3fde9d896b";"";"6439eb3d42259d3fde9d896b";"DTU Department of Applied Mathematics and Computer Science";"sorbit";"sorbit";"Analysis of Children with Obsessive-Compulsive-Disorder using Machine Learning|Analyse af Børn med Obsessiv-Kompulsiv-Lidelse ved brug af Machine Learning"
"";"dtu|dtupub|third_party";"";"2023-03-03T02:05:56.652Z";"Borregaard, Simon Klinck|Dubré, Adrian Holm";"";"2720125368";"";"dtu";"2023";"";"";"";"";"thesis";"dtu|dtu_electronic|dtupub|dtupub_electronic";"";"";"";"";"";"";"";"";"";"";"";"";"";"";"";"";"und";"640148d90420573c12e3e6b7";"";"640148d90420573c12e3e6b7";"DTU Department of Electrical and Photonics Engineering";"sorbit";"sorbit";"Nanolasers based on extreme confinement of light|Nanolasere baseret pa ekstrem lokalisering af lys"
"";"dtu|dtupub|third_party";"";"2023-03-25T01:09:33.788Z";"Jensen, Emilie Egholm Bruun";"";"2723191179";"";"dtu";"2023";"";"";"";"";"thesis";"dtu|dtu_electronic|dtupub|dtupub_electronic";"";"";"";"";"";"";"";"";"";"";"";"";"";"";"";"";"und";"641e49cdc440483c2973b4be";"";"641e49cdc440483c2973b4be";"DTU DTU National Food Institute";"sorbit";"sorbit";"Persistence and transmission of antimicrobial resistance in gut microbiomes of a model organism (gregarious cockroach - Pycnoscelus surinamensis)|Persistens og overførsel af antimikrobiel resistens i tarm-mikrobiomer i en modelorganisme (selskabs-kakerlak - Pycnoscelus surinamensis)"
"";"dtu|dtupub|third_party";"";"2023-02-22T01:09:44.447Z";"Sørensen, Simon Moe";"";"2718824982";"";"dtu";"2023";"";"";"";"";"thesis";"dtu|dtu_electronic|dtupub_external";"";"";"";"";"";"";"";"";"";"";"";"";"";"";"";"";"und";"63f56b58508e1391f753ff9d";"";"63f56b58508e1391f753ff9d";"DTU Department of Applied Mathematics and Computer Science";"sorbit";"sorbit";"Deep multimodel modelling of images and text from wine|Dyb multimodal modellering af billeder og tekst af vin"
"";"dtu|dtupub|third_party";"";"2023-03-04T06:55:11.543Z";"Douglas, Jasmine Riis|Hajaj, Isera Sarah";"";"2720214316";"";"dtu";"2023";"";"";"";"";"thesis";"dtu|dtu_electronic|dtupub_external";"";"";"";"";"";"";"";"";"";"";"";"";"";"";"";"";"und";"6402eb4422fab23c4523f056";"";"6402eb4422fab23c4523f056";"DTU Department of Environmental and Resource Engineering";"sorbit";"sorbit";"Identifying sustainable transition factors in B2B companies to accommodate future EU laws and other requirements|Identifying sustainable transition factors in B2B companies to accommodate future EU laws and other requirements"
"";"dtu|dtupub|third_party";"";"2023-03-04T06:55:26.365Z";"Roser, Tabea Isabelle";"";"2720215153";"";"dtu";"2023";"";"";"";"";"thesis";"dtu|dtu_electronic|dtupub|dtupub_electronic";"";"";"";"";"";"";"";"";"";"";"";"";"";"";"";"";"und";"6402eb54efb6273c453bab82";"";"6402eb54efb6273c453bab82";"DTU Department of Wind and Energy Systems";"sorbit";"sorbit";"Validation of a Layered Solid Shell Finite Element for Application in Wind Energy|Validering af et lagdelt solid shell finite element til anvendelse i vindenergi"
"";"dtu|dtupub|third_party";"";"2023-05-03T00:09:31.556Z";"Hensel, Fides";"";"2723900908";"";"dtu";"2023";"";"";"";"";"thesis";"dtu|dtu_electronic|dtupub|dtupub_electronic";"";"";"";"";"";"";"";"";"";"";"";"";"";"";"";"";"und";"6451a63be6d3752aa564d20a";"";"6451a63be6d3752aa564d20a";"DTU Department of Environmental and Resource Engineering";"sorbit";"sorbit";"Environmental safety of novel materials for the green transition - the case of perovskites|Miljøvurdering af nye materialer til den grønne omstiling - perovskites som eksempel"
"";"dtu|dtupub|third_party";"";"2023-07-24T00:11:03.354Z";"Sah, Suzan";"";"2727253381";"";"dtu";"2023";"";"";"";"";"thesis";"dtu|dtu_electronic|dtupub|dtupub_electronic";"";"";"";"";"";"";"";"";"";"";"";"";"";"";"";"";"und";"64bdc197b0c27c31311eb383";"";"64bdc197b0c27c31311eb383";"DTU Department of Energy Conversion and Storage";"sorbit";"sorbit";"Super halides for solid state batteries|Super halider i faststofbatterier"
"";"dtu|dtupub|third_party";"";"2023-08-04T00:10:32.540Z";"Orlinska, Katarzyna Maria";"";"2727504088";"";"dtu";"2023";"";"";"";"";"thesis";"dtu|dtu_electronic|dtupub_external";"";"";"";"";"";"";"";"";"";"";"";"";"";"";"";"";"und";"64cc41f7f06b6f1f4fdc99ae";"";"64cc41f7f06b6f1f4fdc99ae";"DTU Department of Health Technology";"sorbit";"sorbit";"The effect of directional noise reduction on speech intelligibility in 'aided' hearing-impaired listeners|Vurdering af varians i en direktionel støjreduktions taleforstaelighedstest relateret til placering af høreapparater"
"";"dtu|dtupub|third_party";"";"2023-09-08T00:09:28.233Z";"Ahmed, Fatima Wesaal";"";"2728171058";"";"dtu";"2023";"";"";"";"";"thesis";"dtu|dtu_electronic|dtupub_external";"";"";"";"";"";"";"";"";"";"";"";"";"";"";"";"";"und";"64fa66379ec95423c681f63d";"";"64fa66379ec95423c681f63d";"DTU Department of Health Technology";"sorbit";"sorbit";"Development of vaccine formulations for oral delivery|Udvikling af vaccine formuleringer til oral levering"
"";"dtu|dtupub|third_party";"";"2023-09-18T00:09:27.786Z";"Biro, Vince";"";"2728359880";"";"dtu";"2023";"";"";"";"";"thesis";"dtu|dtu_electronic|dtupub|dtupub_electronic";"";"";"";"";"";"";"";"";"";"";"";"";"";"";"";"";"und";"650795379de89f120026d262";"";"650795379de89f120026d262";"DTU Department of Applied Mathematics and Computer Science";"sorbit";"sorbit";"Secure IoT Firmware Dispatch System with Blockchain|Sikkert IoT Firmware Dispatch System med Blockchain"
"";"dtu|dtupub|third_party";"";"2023-07-23T00:11:37.020Z";"Gaál, Benedek";"";"2727249337";"";"dtu";"2023";"";"";"";"";"thesis";"dtu|dtu_electronic|dtupub|dtupub_electronic";"";"";"";"";"";"";"";"";"";"";"";"";"";"";"";"";"und";"64bc7038410df63131569ad7";"";"64bc7038410df63131569ad7";"DTU Department of Electrical and Photonics Engineering";"sorbit";"sorbit";"Optical spectroscopy of quantum dots under electrical bias|Optisk spektroskopi af kvantepunkter under elektrisk bias"
"";"dtu|dtupub|third_party";"";"2023-07-31T00:11:44.921Z";"Reiderman, Lesley";"";"2727406404";"";"dtu";"2023";"";"";"";"";"thesis";"dtu|dtu_electronic|dtupub|dtupub_electronic";"";"";"";"";"";"";"";"";"";"";"";"";"";"";"";"";"und";"64c6fc403ab2b41f4ff17f42";"";"64c6fc403ab2b41f4ff17f42";"DTU Department of Energy Conversion and Storage";"sorbit";"sorbit";"Techno-economic assessment of long-term storage of power using emerging P2X and X2P technologies|Teknoøkonomisk vurdering af langtidslagring af elektricitet ved brug af P2X og X2P teknologier"
"";"dtu|dtupub|third_party";"";"2023-07-24T00:12:39.674Z";"Wszola, Karolina";"";"2727253566";"";"dtu";"2023";"";"";"";"";"thesis";"dtu|dtu_electronic|dtupub_external";"";"";"";"";"";"";"";"";"";"";"";"";"";"";"";"";"und";"64bdc1f7fd8437313140a44e";"";"64bdc1f7fd8437313140a44e";"DTU Department of Civil and Mechanical Engineering";"sorbit";"sorbit";"Modelling and simulation of pharmaceutical tablet failure towards optimization of tablet compation|Modellering af brud i farmaceutisk tablet kompaktering"
"";"dtu|dtupub|third_party";"";"2023-08-14T00:10:59.586Z";"Fontaine, Lucie";"";"2727634112";"";"dtu";"2023";"";"";"";"";"thesis";"dtu|dtu_electronic|dtupub|dtupub_electronic";"";"";"";"";"";"";"";"";"";"";"";"";"";"";"";"";"und";"64d97113fcce712052100cd8";"";"64d97113fcce712052100cd8";"DTU Department of Applied Mathematics and Computer Science";"sorbit";"sorbit";"Causal inference and counterfactual example generation in medical imaging|Kausal inferens og counterfactial generation af eksempler i medicinsk billedanalyse"
"";"dtu|dtupub|third_party";"";"2023-08-31T00:09:31.668Z";"Møiniche, Mark von Bülow";"";"2727992363";"";"dtu";"2023";"";"";"";"";"thesis";"dtu|dtu_electronic|dtupub|dtupub_electronic";"";"";"";"";"";"";"";"";"";"";"";"";"";"";"";"";"und";"64efda3b62d99f20523b1367";"";"64efda3b62d99f20523b1367";"DTU Department of Biotechnology and Biomedicine";"sorbit";"sorbit";"New allergy immunotherapy and diagnostics based on designed allergens|Ny allergiimmunotherapi og -diagonstik baseret pa designet allergener"
"";"dtu|dtupub|third_party";"";"2023-08-04T00:10:36.241Z";"Jensen, Sarah Normann";"";"2727504273";"";"dtu";"2023";"";"";"";"";"thesis";"dtu|dtu_electronic|dtupub_external";"";"";"";"";"";"";"";"";"";"";"";"";"";"";"";"";"und";"64cc41fb5feaf81f4f10def4";"";"64cc41fb5feaf81f4f10def4";"DTU DTU National Food Institute";"sorbit";"sorbit";"Acrylamide formation and iodine levels in seaweed bread: Characterization & kinetic modeling|Dannelse af akrylamid og jodindhold i tangbrød: Karakterisering and kinetisk modelering"
"";"dtu|dtupub|third_party";"";"2023-09-01T00:09:19.830Z";"Rasmussen, Emilie";"";"2728030128";"";"dtu";"2023";"";"";"";"";"thesis";"dtu|dtu_electronic|dtupub|dtupub_electronic";"";"";"";"";"";"";"";"";"";"";"";"";"";"";"";"";"und";"64f12baff5075422a6cebfb9";"";"64f12baff5075422a6cebfb9";"DTU Department of Technology, Management and Economics";"sorbit";"sorbit";"Trustworthy AI in Healthcare: Can the EU Artificial Intelligence Act be expected to ensure trustworthy implementation of AI in healthcare?|Trustworthy AI in Healthcare: Can the EU Artificial Intelligence Act be expected to ensure trustworthy implementation of AI in healthcare?"
"";"dtu|dtupub|third_party";"";"2023-09-10T00:09:26.954Z";"Nayak, Shubham";"";"2728230453";"";"dtu";"2023";"";"";"";"";"thesis";"dtu|dtu_electronic|dtupub|dtupub_electronic";"";"";"";"";"";"";"";"";"";"";"";"";"";"";"";"";"und";"64fd0936688f7b23c6d57ed6";"";"64fd0936688f7b23c6d57ed6";"DTU Department of Wind and Energy Systems";"sorbit";"sorbit";"Impact of electrification of transportation sector on future European energy systems|Elektrificering af transportsektorens indvirkning pa fremtidens europæiske energisystemer"
"";"dtu|dtupub|third_party";"";"2023-08-21T00:11:07.994Z";"Sigurpalsdottir, Bryndis Rosa";"";"2727790423";"";"dtu";"2023";"";"";"";"";"thesis";"dtu|dtu_electronic|dtupub|dtupub_electronic";"";"";"";"";"";"";"";"";"";"";"";"";"";"";"";"";"und";"64e2ab9bc8e41f20528ceaeb";"";"64e2ab9bc8e41f20528ceaeb";"DTU Department of Applied Mathematics and Computer Science";"sorbit";"sorbit";"Machine Learning for Detecting Cyber Threats in Network Traffic Logs|Machine Learning for Detecting Cyber Threats in Network Traffic Logs"
"";"dtu|dtupub|third_party";"";"2023-07-31T00:10:33.853Z";"Concejero, Yeray Garcia";"";"2727406333";"";"dtu";"2023";"";"";"";"";"thesis";"dtu|dtu_electronic|dtupub_external";"";"";"";"";"";"";"";"";"";"";"";"";"";"";"";"";"und";"64c6fbf96a7e2b1f4f636e69";"";"64c6fbf96a7e2b1f4f636e69";"DTU Department of Electrical and Photonics Engineering";"sorbit";"sorbit";"Map Updating in Dynamic Environments|Map Updating in Dynamic Environments"
"";"dtu|dtupub|third_party";"";"2023-08-07T00:10:19.673Z";"Jadhav, Prajwal Kiran|Li, Jinyun|Lyu, Qiushi";"";"2727532273";"";"dtu";"2023";"";"";"";"";"thesis";"dtu|dtu_electronic|dtupub_external";"";"";"";"";"";"";"";"";"";"";"";"";"";"";"";"";"und";"64d0366a75766d1f4f0b79fd";"";"64d0366a75766d1f4f0b79fd";"DTU Department of Civil and Mechanical Engineering";"sorbit";"sorbit";"Configurator for warehouse services at DSV|Konfigurering af lager ydelser hos DSV"
"";"dtu|dtupub|third_party";"";"2024-03-03T01:30:44.905Z";"Rasmussen, Trine Bertram";"";"2734025119";"";"dtu";"2024";"";"";"";"";"thesis";"dtu|dtu_electronic|dtupub_external";"";"";"";"";"";"";"";"";"";"";"";"";"";"";"";"";"und";"65e3cdd544a855149e81e073";"";"65e3cdd544a855149e81e073";"DTU Department of Biotechnology and Biomedicine";"sorbit";"sorbit";"Synthetic yeast mating platform for screening and selection of sustainable cell factories|Syntetisk gærparringsplatform til screening og selektion af bæredygtige cellefabrikker"
"";"dtu|dtupub|third_party";"";"2024-03-02T02:05:31.995Z";"Nobert, Gustav Emil|Schmidt, Anton Østergaard";"";"2733987542";"";"dtu";"2024";"";"";"";"";"thesis";"dtu|dtu_electronic|dtupub|dtupub_electronic";"";"";"";"";"";"";"";"";"";"";"";"";"";"";"";"";"und";"65e27c53734829149e606531";"";"65e27c53734829149e606531";"DTU Department of Applied Mathematics and Computer Science";"sorbit";"sorbit";"Smart Grids Empowered: Decentralized Power Distribution Using Blockchain|Smart Grids Empowered: Decentraliseret strømdistribution ved hjælp af Blockchain"
"";"dtu|dtupub|third_party";"";"2024-02-28T01:24:12.277Z";"Krüger-Jensen, Cecilie Schiøth";"";"2733711997";"";"dtu";"2024";"";"";"";"";"thesis";"dtu|dtu_electronic|dtupub|dtupub_electronic";"";"";"";"";"";"";"";"";"";"";"";"";"";"";"";"";"und";"65de87d568babb017456b8f2";"";"65de87d568babb017456b8f2";"DTU Department of Health Technology";"sorbit";"sorbit";"Functional evaluation of CAR T cells expanded with artificial nano-scaffolds|Funktionel evaluering af CAR T celler ekspanderet med nano-scaffolds"
"";"dtu|dtupub|third_party";"";"2024-03-02T02:05:31.716Z";"Kristinsdóttir, Helga Thora|Petersen, Astrid Dolinger";"";"2733987489";"";"dtu";"2024";"";"";"";"";"thesis";"dtu|dtu_electronic|dtupub|dtupub_electronic";"";"";"";"";"";"";"";"";"";"";"";"";"";"";"";"";"und";"65e27c4ea3b285149e702a4f";"";"65e27c4ea3b285149e702a4f";"DTU Department of Health Technology";"sorbit";"sorbit";"Development of Sortase-Mediated Split-Cas9 Enzymes for Genome Editing in Remotely Controllable CAR T Cells|Udvikling af Sortase-medierede Split-Cas9-enzymer til genomredigering i fjernstyrbare CAR T-celler"
"";"dtu|dtupub|third_party";"";"2024-02-07T01:09:49.575Z";"Kaiser, Marleen";"";"2731441402";"";"dtu";"2023";"";"";"";"";"thesis";"dtu|dtu_electronic|dtupub|dtupub_electronic";"";"";"";"";"";"";"";"";"";"";"";"";"";"";"";"";"und";"65c2d85971c67c3e820d2fd8";"";"65c2d85971c67c3e820d2fd8";"DTU Department of Wind and Energy Systems";"sorbit";"sorbit";"Automating compatibility testing for Integration of charge points into an EV ecosystem|Automatisering af kompatibilitetstest for integration af ladepunkter i et EV-økosystem"
"";"dtu|dtupub|third_party";"";"2024-10-01T00:10:00.084Z";"Yozbey, Koral";"";"2739448782";"";"dtu";"2024";"";"";"";"";"thesis";"dtu|dtu_electronic|dtupub|dtupub_electronic";"";"";"";"";"";"";"";"";"";"";"";"";"";"";"";"";"und";"66fb3dd8deaa9743d95a788e";"";"66fb3dd8deaa9743d95a788e";"DTU Department of Electrical and Photonics Engineering";"sorbit";"sorbit";"Automated Vehicle Detection and Counting from Images for Greenhouse Gas Monitoring|Automated Vehicle Detection and Counting from Images for Greenhouse Gas Monitoring"
"";"dtu|dtupub|third_party";"";"2025-10-16T00:34:52.150Z";"Agüera, Adolfo Guerrero Gutiérrez de";"";"2874581977";"";"dtu";"2024";"";"";"";"";"thesis";"dtu|dtu_electronic|dtupub|dtupub_electronic";"";"";"";"";"";"";"";"";"";"";"";"";"";"";"";"";"und";"68f03811238f8115e142b989";"";"68f03811238f8115e142b989";"DTU Department of Wind and Energy Systems";"sorbit";"sorbit";"Climatology of extratropical cyclones and its connection to wind energy applications|Ekstratropiske cykloners klimatologi i relation til vindenergi"
"";"dtu|dtupub|third_party";"";"2024-08-22T00:12:32.040Z";"Martínez-Lozano, Julio Vázquez";"";"2738356074";"";"dtu";"2024";"";"";"";"";"thesis";"dtu|dtu_electronic|dtupub|dtupub_electronic";"";"";"";"";"";"";"";"";"";"";"";"";"";"";"";"";"und";"66c681f043498b204c84ede8";"";"66c681f043498b204c84ede8";"DTU Department of Wind and Energy Systems";"sorbit";"sorbit";"Development of a coupling framework for wind turbine aeroelastic steady-state calculations|Udvikling af koblingsrammer for stationære aero-elastiske vindmølleberegninger"
"";"dtu|dtupub|third_party";"";"2025-01-08T01:09:46.229Z";"Zino, Frederik Munk|Barlebo, Sophus Christiansen";"";"2854596805";"";"dtu";"2024";"";"";"";"";"thesis";"dtu|dtu_electronic|dtupub|dtupub_electronic";"";"";"";"";"";"";"";"";"";"";"";"";"";"";"";"";"und";"677dd05943aa4fa804822f4c";"";"677dd05943aa4fa804822f4c";"DTU Department of Applied Mathematics and Computer Science";"sorbit";"sorbit";"Training Machine-Learning Models in Multi-Party Computation|Træning af Machine-Learning Modeller i Multi-Party Computation"
"";"dtu|dtupub|third_party";"";"2024-10-02T00:09:46.302Z";"Evangelio, Alberto Oñoro";"";"2739476376";"";"dtu";"2024";"";"";"";"";"thesis";"dtu|dtu_electronic|dtupub_external";"";"";"";"";"";"";"";"";"";"";"";"";"";"";"";"";"und";"66fc8f4a283a0943d963b1f0";"";"66fc8f4a283a0943d963b1f0";"DTU Department of Environmental and Resource Engineering";"sorbit";"sorbit";"AESA PB-LCA of a global Insulation Manufacturing Company, can the Insulation sector be considered absolute sustainable?|AESA PB-LCA pa en global producent af isoleringsmateriale, kan isoleringssektoren betragtes som absolut bæredygtig?"
"";"dtu|dtupub|third_party";"";"2024-07-22T05:15:05.193Z";"Ibre, Ahmet";"";"2737702166";"";"dtu";"2024";"";"";"";"";"thesis";"dtu|dtu_electronic|dtupub|dtupub_electronic";"";"";"";"";"";"";"";"";"";"";"";"";"";"";"";"";"und";"669da355c2e2cae8f3a87902";"";"669da355c2e2cae8f3a87902";"DTU Department of Civil and Mechanical Engineering";"sorbit";"sorbit";"Sustainable Airports: Comprehensive Analyses of Steel Use and Green Alternatives in Constructions, An Engineering and Business Approach|Bæredygtige lufthavne: Omfattende analyser af stalanvendelse og grønne alternativer i konstruktioner, en ingeniør- og forretningstilgang"
"";"dtu|dtupub|third_party";"";"2024-02-28T01:24:30.813Z";"Brandstrup, Kristian";"";"2733712961";"";"dtu";"2024";"";"";"";"";"thesis";"dtu|dtu_electronic|dtupub|dtupub_electronic";"";"";"";"";"";"";"";"";"";"";"";"";"";"";"";"";"und";"65de882706f20401740f7b15";"";"65de882706f20401740f7b15";"DTU Department of Civil and Mechanical Engineering";"sorbit";"sorbit";"Enhancing Cost Decision-Making Through Behavioral Design: A Study on Incentivizing Sound Decisions over Wishful Thinking in a Company|Forbedring af beslutningstagning om omkostninger gennem adfærdsdesign: En undersøgelse af at motivere velovervejede beslutninger over ønsketænkning i en virksomhed"
"";"dtu|dtupub|third_party";"";"2024-07-11T00:10:10.658Z";"Andersen, Mads Vingborg";"";"2737526350";"";"dtu";"2024";"";"";"";"";"thesis";"dtu|dtu_electronic|dtupub|dtupub_electronic";"";"";"";"";"";"";"";"";"";"";"";"";"";"";"";"";"und";"668f22e25aaf05dc48fa76d7";"";"668f22e25aaf05dc48fa76d7";"DTU Department of Environmental and Resource Engineering";"sorbit";"sorbit";"Environmental Impact of Metals in Norwegian Electric and Electronic Products|Miljøpavirkning af Metaller i Norske Elektriske og Elektroniske Produkter"
"";"dtu|dtupub|third_party";"";"2023-08-29T00:09:24.727Z";"Ravindran, Niranjan";"";"2727957062";"";"dtu";"2023";"";"";"";"";"thesis";"dtu|dtu_electronic|dtupub_external";"";"";"";"";"";"";"";"";"";"";"";"";"";"";"";"";"und";"64ed3734ba2421205215432a";"";"64ed3734ba2421205215432a";"DTU Department of Civil and Mechanical Engineering";"sorbit";"sorbit";"Robustness optimisation of catcher mechanism in Float Zone Silicon production|Robustheds optimering af gribehus mekanisme i Float Zone Silicon produktion"
"";"dtu|dtupub|third_party";"";"2023-07-23T00:11:09.883Z";"Randrup, Marcus";"";"2727248963";"";"dtu";"2023";"";"";"";"";"thesis";"dtu|dtu_electronic|dtupub_external";"";"";"";"";"";"";"";"";"";"";"";"";"";"";"";"";"und";"64bc701d470f9b31314a678e";"";"64bc701d470f9b31314a678e";"DTU Department of Engineering Technology and Didactics";"sorbit";"sorbit";"Feasibility study of condition-based maintenance at DSB|Potentiel for tilstandsbaseret vedligehold pa DSB"
"";"dtu|dtupub|third_party";"";"2023-03-25T01:09:38.875Z";"Thomsen, Lasse Gammelby";"";"2723191278";"";"dtu";"2023";"";"";"";"";"thesis";"dtu|dtu_electronic|dtupub|dtupub_electronic";"";"";"";"";"";"";"";"";"";"";"";"";"";"";"";"";"und";"641e49d2169f173c295c33f2";"";"641e49d2169f173c295c33f2";"DTU Department of Civil and Mechanical Engineering";"sorbit";"sorbit";"Improving surf amenity on the north coast of Sealand|Forbedring af surffaciliteter pa Sjællands nordkyst"
"";"dtu|dtupub|third_party";"";"2023-09-10T00:09:26.974Z";"Vinod, Ananthu Sangeetha";"";"2728230454";"";"dtu";"2023";"";"";"";"";"thesis";"dtu|dtu_electronic|dtupub_external";"";"";"";"";"";"";"";"";"";"";"";"";"";"";"";"";"und";"64fd093699c18c23c6ab8c87";"";"64fd093699c18c23c6ab8c87";"DTU Department of Technology, Management and Economics";"sorbit";"sorbit";"Multilingual Aspect-based Sentiment analysis to understand defect in a particular product for real time customer feedback data & identify emotions: Unsupervised way powdered by reinforcement learning|: Flersproget aspektbaseret sentiment analyse for at forsta defekter i et bestemt produkt til kundefeedback i realtid og identificere følelser: Uovervaget made pulveriseret af forstærkningslæring."
"";"dtu|dtupub|third_party";"";"2023-05-01T00:09:28.565Z";"Maschek, Sina";"";"2723841146";"";"dtu";"2023";"";"";"";"";"thesis";"dtu|dtu_electronic|dtupub|dtupub_electronic";"";"";"";"";"";"";"";"";"";"";"";"";"";"";"";"";"und";"644f03375d8dd0232b9b2027";"";"644f03375d8dd0232b9b2027";"DTU Department of Health Technology";"sorbit";"sorbit";"Does feeding pattern and Gut Microbiota from Anorexia Nervosa Patients affect Appetite in Mice in a sex specific manner|Vil et anorektisk spisemønster og fækal transplantation fra anorektiske patienter have en kønsafhængig effekt pa appetit hos mus?"
"";"dtu|dtupub|third_party";"";"2023-07-24T00:11:41.928Z";"Kristensen, Emil Ørup";"";"2727253448";"";"dtu";"2023";"";"";"";"";"thesis";"dtu|dtu_electronic|dtupub|dtupub_electronic";"";"";"";"";"";"";"";"";"";"";"";"";"";"";"";"";"und";"64bdc1bd47333b3131617b6d";"";"64bdc1bd47333b3131617b6d";"DTU Department of Applied Mathematics and Computer Science";"sorbit";"sorbit";"Secure Choreographies in PSPSP/Isabelle|Sikre Koreografier i PSPSP/Isabelle"
"";"dtu|dtupub|third_party";"";"2023-07-24T00:11:15.798Z";"Baron, Benoit François Gilbert";"";"2727253399";"";"dtu";"2023";"";"";"";"";"thesis";"dtu|dtu_electronic|dtupub|dtupub_electronic";"";"";"";"";"";"";"";"";"";"";"";"";"";"";"";"";"und";"64bdc1a361dc3131318a7376";"";"64bdc1a361dc3131318a7376";"DTU Department of Environmental and Resource Engineering";"sorbit";"sorbit";"Digitalized assessment of sustainable lifestyles in the Danish population|Digitaliseret vurdering af bæredygtig livsstil i den danske befolkning"
"";"dtu|dtupub|third_party";"";"2024-09-06T00:10:05.116Z";"Johansson, Alexander Nils Tommy";"";"2738889036";"";"dtu";"2024";"";"";"";"";"thesis";"dtu|dtu_electronic|dtupub|dtupub_electronic";"";"";"";"";"";"";"";"";"";"";"";"";"";"";"";"";"und";"66da485d5ee93e1d78439ee2";"";"66da485d5ee93e1d78439ee2";"DTU Department of Applied Mathematics and Computer Science";"sorbit";"sorbit";"Enhancing Self-Tracking: A Next-Generation Prototype for Subjective Phenomena Tracking through Gesture Interfaces|Forbedring af self-tracking: En næste-generations prototype til indsamling af data om subjektive oplevelse med et ""gesture interface"""
"";"dtu|dtupub|third_party";"";"2024-08-23T00:10:14.281Z";"Vidarsdottir, Fjola Dis";"";"2738371895";"";"dtu";"2024";"";"";"";"";"thesis";"dtu|dtu_electronic|dtupub|dtupub_electronic";"";"";"";"";"";"";"";"";"";"";"";"";"";"";"";"";"und";"66c7d3554b51f5204cdf6866";"";"66c7d3554b51f5204cdf6866";"DTU Department of Technology, Management and Economics";"sorbit";"sorbit";"A systematic planning-scheduling framework for the ramp-up of API production capacity|Et automatisk planlægningsværktøj til pharmaceutisk produktion for aktivt stof"
"";"dtu|dtupub|third_party";"";"2024-07-16T00:18:48.210Z";"Nørgaard, Peter";"";"2737616906";"";"dtu";"2024";"";"";"";"";"thesis";"dtu|dtu_electronic|dtupub_external";"";"";"";"";"";"";"";"";"";"";"";"";"";"";"";"";"und";"6695ba58ce7b65e8f3692eaf";"";"6695ba58ce7b65e8f3692eaf";"DTU Department of Applied Mathematics and Computer Science";"sorbit";"sorbit";"Deep Learning for quality control in sensor cassettes|Deep Learning til kvalitetskontrol i sensorkassetter"
"";"dtu|dtupub|third_party";"";"2024-09-16T00:10:00.792Z";"Sas, Dan-Valentin";"";"2739068747";"";"dtu";"2024";"";"";"";"";"thesis";"dtu|dtu_electronic|dtupub|dtupub_electronic";"";"";"";"";"";"";"";"";"";"";"";"";"";"";"";"";"und";"66e777585095ef27f00bc995";"";"66e777585095ef27f00bc995";"DTU Department of Electrical and Photonics Engineering";"sorbit";"sorbit";"Soft robotic hand prosthetic prototype|Prototype af handprotese med blød robotteknik"
"";"dtu|dtupub|third_party";"";"2023-02-22T01:09:32.631Z";"Venbjerg, Christian";"";"2718824892";"";"dtu";"2023";"";"";"";"";"thesis";"dtu|dtu_electronic|dtupub_external";"";"";"";"";"";"";"";"";"";"";"";"";"";"";"";"";"und";"63f56b4c3a748991f7cb684a";"";"63f56b4c3a748991f7cb684a";"DTU Department of Chemical and Biochemical Engineering";"sorbit";"sorbit";"Techno-economic analysis and Process optimization of a legacy downstream process|Teknoøkonomisk analyse og procesoptimering af en legacy downstream proces"
"";"dtu|dtupub|third_party";"";"2024-02-28T01:24:28.999Z";"Nagaj, Aleksander";"";"2733712734";"";"dtu";"2024";"";"";"";"";"thesis";"dtu|dtu_electronic|dtupub_external";"";"";"";"";"";"";"";"";"";"";"";"";"";"";"";"";"und";"65de881e2d794b0174fdf434";"";"65de881e2d794b0174fdf434";"DTU Department of Applied Mathematics and Computer Science";"sorbit";"sorbit";"Fall detection: with or without context?|Falddetektion: med eller uden kontekst?"
"";"dtu|dtupub|third_party";"";"2023-08-16T00:11:05.794Z";"Ville, Tom De";"";"2727703752";"";"dtu";"2023";"";"";"";"";"thesis";"dtu|dtu_electronic|dtupub|dtupub_electronic";"";"";"";"";"";"";"";"";"";"";"";"";"";"";"";"";"und";"64dc141998523f2052151bc0";"";"64dc141998523f2052151bc0";"DTU Department of Environmental and Resource Engineering";"sorbit";"sorbit";"Investigation of settlement of masts of a powerline in Sisimiut, Greenland: Fieldwork, data processing and thermal modelling|Investigation of settlement of masts of a powerline in Sisimiut, Greenland: Fieldwork, data processing and thermal modelling"
"";"dtu|dtupub|third_party";"";"2024-02-28T01:24:15.001Z";"Voort, Stein Adriaan van der";"";"2733712115";"";"dtu";"2024";"";"";"";"";"thesis";"dtu|dtu_electronic|dtupub_external";"";"";"";"";"";"";"";"";"";"";"";"";"";"";"";"";"und";"65de87e04f770001743c3ad3";"";"65de87e04f770001743c3ad3";"DTU Department of Engineering Technology and Didactics";"sorbit";"sorbit";"Sustainable Railway Transport at Nestle|Bæredygtig banetransport pa Nestle"
"";"dtu|dtupub|third_party";"";"2023-08-03T00:10:18.390Z";"Ølgaard, Kristine Vibe";"";"2727485828";"";"dtu";"2023";"";"";"";"";"thesis";"dtu|dtu_electronic|dtupub|dtupub_electronic";"";"";"";"";"";"";"";"";"";"";"";"";"";"";"";"";"und";"64caf06aa9dfc81f4fdd2072";"";"64caf06aa9dfc81f4fdd2072";"DTU Department of Applied Mathematics and Computer Science";"sorbit";"sorbit";"Generative AI Imagery|Generativ AI billeder"
"";"dtu|dtupub|third_party";"";"2023-03-03T02:05:56.209Z";"Zyla, Kacper Marek";"";"2720125353";"";"dtu";"2023";"";"";"";"";"thesis";"dtu|dtu_electronic|dtupub|dtupub_electronic";"";"";"";"";"";"";"";"";"";"";"";"";"";"";"";"";"und";"640148d182d2253c129206d9";"";"640148d182d2253c129206d9";"DTU Department of Applied Mathematics and Computer Science";"sorbit";"sorbit";"Hand-based Biometrics for Forensics|Hand-baseret biometri til Retsmedicinsk efterforskning"
"";"dtu|dtupub|third_party";"";"2024-08-30T00:10:25.871Z";"Andriano, Giancarlo";"";"2738544800";"";"dtu";"2024";"";"";"";"";"thesis";"dtu|dtu_electronic|dtupub|dtupub_electronic";"";"";"";"";"";"";"";"";"";"";"";"";"";"";"";"";"und";"66d10df1f7be740184334a67";"";"66d10df1f7be740184334a67";"DTU Department of Applied Mathematics and Computer Science";"sorbit";"sorbit";"TiDBITS: Time-Domain Based Interpolation for Time Series|TiDBITS: Tids-domæne baseret interpolation til tidsserier"
"";"dtu|dtupub|third_party";"";"2025-01-16T01:40:37.236Z";"Balonas, Pedro Francisco Pinheiro Teixeira Rego";"";"2855630112";"";"dtu";"2024";"";"";"";"";"thesis";"dtu|dtu_electronic|dtupub_external";"";"";"";"";"";"";"";"";"";"";"";"";"";"";"";"";"und";"67885c5071100a1a0b6a5d38";"";"67885c5071100a1a0b6a5d38";"DTU Department of Engineering Technology and Didactics";"sorbit";"sorbit";"Resource Optimization in Public IT Projects: A Governance Framework for Success in Danish Public Investments|Ressourceoptimering i offentlige it-projekter: En styringsramme for succes i danske offentlige investeringer"
"";"dtu|dtupub|third_party";"";"2024-07-30T12:38:08.833Z";"Hansen, Oscar Svane";"";"2737859070";"";"dtu";"2024";"";"";"";"";"thesis";"dtu|dtu_electronic|dtupub|dtupub_electronic";"";"";"";"";"";"";"";"";"";"";"";"";"";"";"";"";"und";"66a82fd921a530e8f34121c9";"";"66a82fd921a530e8f34121c9";"DTU Department of Chemistry";"sorbit";"sorbit";"Synthesis of natural product-derived compound collections using 2+2 cycloadditions|Syntese af naturstof-afledte forbindelser ved hjælp af 2+2 cycloadditioner"
"";"dtu|dtupub|third_party";"";"2024-05-09T00:09:45.321Z";"Boateng, Anna Keisha Mercy Kyei";"";"2736062302";"";"dtu";"2024";"";"";"";"";"thesis";"dtu|dtu_electronic|dtupub|dtupub_electronic";"";"";"";"";"";"";"";"";"";"";"";"";"";"";"";"";"und";"663c14475d1f731fde5fd9f8";"";"663c14475d1f731fde5fd9f8";"DTU Department of Health Technology";"sorbit";"sorbit";"Development of a Marine Version of the Euka Tool for Eukaryotic Species Detection and Abundance Estimation|Udvikling af en marin version af Euka-værktøjet til detektering af eukaryote arter og estimering af deres udbredelse"
"";"dtu|dtupub|third_party";"";"2024-02-28T01:24:28.997Z";"Mortimer, Thomas Anthony";"";"2733712732";"";"dtu";"2024";"";"";"";"";"thesis";"dtu|dtu_electronic|dtupub|dtupub_electronic";"";"";"";"";"";"";"";"";"";"";"";"";"";"";"";"";"und";"65de881e6ca6360174a2ca80";"";"65de881e6ca6360174a2ca80";"DTU Department of Wind and Energy Systems";"sorbit";"sorbit";"Energy assurance in power systems with stochastic and energy-constrained resources|Energisikring i elsystemer med stokastiske og energibegrænsede ressourcer"
"";"dtu|dtupub|third_party";"";"2024-07-23T15:42:09.424Z";"Christiansen, Mikkel Nikita";"";"2737744395";"";"dtu";"2024";"";"";"";"";"thesis";"dtu|dtu_electronic|dtupub|dtupub_electronic";"";"";"";"";"";"";"";"";"";"";"";"";"";"";"";"";"und";"669ef4ed972ab1e8f37f366d";"";"669ef4ed972ab1e8f37f366d";"DTU Department of Civil and Mechanical Engineering";"sorbit";"sorbit";"Comparative analysis of ventilation systems|Komparativ analyse af ventilationssystemer"
"";"dtu|dtupub|third_party";"";"2023-10-23T00:09:19.644Z";"Ramsløv, Josephine Frederikke Bidstrup";"";"2729229514";"";"dtu";"2023";"";"";"";"";"thesis";"dtu|dtu_electronic|dtupub_external";"";"";"";"";"";"";"";"";"";"";"";"";"";"";"";"";"und";"6535b9ae3b43933eb612711c";"";"6535b9ae3b43933eb612711c";"DTU Department of Environmental and Resource Engineering";"sorbit";"sorbit";"Methods to prioritize actions for reducing Combined Sewer Overflows along the Arrenakke stream|Metoder til prioritering af indsatser til reduktion af kloakoverløb langs Arrenakke a"
"";"dtu|dtupub|third_party";"";"2023-09-08T00:09:38.265Z";"Li, Yuan-Tso";"";"2728171764";"";"dtu";"2023";"";"";"";"";"thesis";"dtu|dtu_electronic|dtupub|dtupub_electronic";"";"";"";"";"";"";"";"";"";"";"";"";"";"";"";"";"und";"64fa66410ffafc23c6c75e4b";"";"64fa66410ffafc23c6c75e4b";"DTU Department of Wind and Energy Systems";"sorbit";"sorbit";"Numerical investigation of floating wind turbine wake interactions using LES-AL technique|Numerisk modellering af flydende vindmølles wakes: en LES-AL undersøgelse"
"";"dtu|dtupub|third_party";"";"2023-08-22T00:11:23.638Z";"Koufakos, Aristofanis Chionis";"";"2727821607";"";"dtu";"2023";"";"";"";"";"thesis";"dtu|dtu_electronic|dtupub|dtupub_electronic";"";"";"";"";"";"";"";"";"";"";"";"";"";"";"";"";"und";"64e3fd2be59a08205222a9ee";"";"64e3fd2be59a08205222a9ee";"DTU Department of Applied Mathematics and Computer Science";"sorbit";"sorbit";"A vulnerability analyzer for Honeypots|A vulnerability analyzer for Honeypots"
"";"dtu|dtupub|third_party";"";"2025-02-25T02:01:43.434Z";"Nielsen, Benny Kaan";"";"2868295361";"";"dtu";"2024";"";"";"";"";"thesis";"dtu|dtu_electronic|dtupub|dtupub_electronic";"";"";"";"";"";"";"";"";"";"";"";"";"";"";"";"";"und";"67bd187cbe480166d7bf4ab5";"";"67bd187cbe480166d7bf4ab5";"DTU Department of Wind and Energy Systems";"sorbit";"sorbit";"Comparing the predicted feasibility of commercial-scale biomass pyrolysis projects for use in carbon economy participation across regions in the USA via stochastic simulation of geographic and time-series macroeconomic patterns|Sammenligning af den forudsagte gennemførlighed af biomassepyrolyseprojekter i kommerciel skala til brug i kulstoføkonomideltagelse pa tværs af regioner i USA via stokastisk simulering af ..."
"";"dtu|dtupub|third_party";"";"2023-03-01T01:09:39.469Z";"Kudsk, Alexander Julin";"";"2720010049";"";"dtu";"2023";"";"";"";"";"thesis";"dtu|dtu_electronic|dtupub|dtupub_electronic";"";"";"";"";"";"";"";"";"";"";"";"";"";"";"";"";"und";"63fea5d3a816323bcaf4692f";"";"63fea5d3a816323bcaf4692f";"DTU Department of Civil and Mechanical Engineering";"sorbit";"sorbit";"Vibration-driven locomotion: Bristlebot modeling and performance analysis|Vibrationsdrevet bevægelse: Bristlebot-modellering og præstationsanalyse"
"";"dtu|dtupub|third_party";"";"2023-07-24T00:12:05.749Z";"Cioffi, Giuliano Zazzetta";"";"2727253493";"";"dtu";"2023";"";"";"";"";"thesis";"dtu|dtu_electronic|dtupub|dtupub_electronic";"";"";"";"";"";"";"";"";"";"";"";"";"";"";"";"";"und";"64bdc1d587e7b13131805aa1";"";"64bdc1d587e7b13131805aa1";"DTU Department of Technology, Management and Economics";"sorbit";"sorbit";"Drivers of adoption of bidets in Denmark|Drivere for adoption af bideter i Danmark"
"";"dtu|dtupub|third_party";"";"2023-08-29T00:09:28.002Z";"Poulsen, Oliver Sander";"";"2727957072";"";"dtu";"2023";"";"";"";"";"thesis";"dtu|dtu_electronic|dtupub|dtupub_electronic";"";"";"";"";"";"";"";"";"";"";"";"";"";"";"";"";"und";"64ed37370d148a20526b3edf";"";"64ed37370d148a20526b3edf";"DTU Department of Electrical and Photonics Engineering";"sorbit";"sorbit";"Cross-layer In-band Network Telemetry (INT) deployment in P4-based Software-Defined Networks (SDN)|Cross-layer In-band Network Telemetry (INT) deployment in P4-based Software-Defined Networks (SDN)"
"";"dtu|dtupub|third_party";"";"2023-09-17T00:09:26.680Z";"Bering, Line Overgaard";"";"2728352239";"";"dtu";"2023";"";"";"";"";"thesis";"dtu|dtu_electronic|dtupub|dtupub_electronic";"";"";"";"";"";"";"";"";"";"";"";"";"";"";"";"";"und";"650643b55a54711200a2fed7";"";"650643b55a54711200a2fed7";"DTU National Institute of Aquatic Resources";"sorbit";"sorbit";"Temporal changes in the fish community in Øresund|Ændringer i fiskesamfundet i Øresund over tid"
"";"dtu|dtupub|third_party";"";"2023-08-16T00:11:19.940Z";"Kristiansson, Vilma Helena Erika";"";"2727703913";"";"dtu";"2023";"";"";"";"";"thesis";"dtu|dtu_electronic|dtupub|dtupub_electronic";"";"";"";"";"";"";"";"";"";"";"";"";"";"";"";"";"und";"64dc1427ea3c2620528f0782";"";"64dc1427ea3c2620528f0782";"DTU Department of Physics";"sorbit";"sorbit";"Lifetime measurements, and temperature dependent and injection dependent lifetime spectroscopy on p-type Czochralski silicon|Levetidsmalinger og temperaturafhængig og injektionsafhængig livstidsspektroskopi pa p-type Czochralski silicium"
"";"dtu|dtupub|third_party";"";"2024-03-13T01:51:48.037Z";"Olah, Alex";"";"2734350188";"";"dtu";"2024";"";"";"";"";"thesis";"dtu|dtu_electronic|dtupub|dtupub_electronic";"";"";"";"";"";"";"";"";"";"";"";"";"";"";"";"";"und";"65f0fcd5d0bbe116377f64ac";"";"65f0fcd5d0bbe116377f64ac";"DTU Department of Applied Mathematics and Computer Science";"sorbit";"sorbit";"Virtualized build isolation and dependency tracing for forward build systems|Virtualiseret byggeisolering og afhængighedssporing til fremadrettedebyggesystemer"
"";"dtu|dtupub|third_party";"";"2023-12-20T14:46:34.565Z";"Hamza, Narjis";"";"2728952767";"";"dtu";"2023";"";"";"";"";"thesis";"dtu|dtu_electronic|dtupub_external";"";"";"";"";"";"";"";"";"";"";"";"";"";"";"";"";"und";"652344ac7545fb15264740ad";"";"652344ac7545fb15264740ad";"DTU Department of Health Technology";"sorbit";"sorbit";"Rapid Assessment of Skin Barrier Function by Corneocytes Nanotexture|Hurtig Vurdering af Hudbarriere Funktion ved Hjælp af Keratinocytternes Nanotekstur"
"";"dtu|dtupub|third_party";"";"2023-08-23T00:09:38.041Z";"Broge, Jonas Bodulv";"";"2727838112";"";"dtu";"2023";"";"";"";"";"thesis";"dtu|dtu_electronic|dtupub|dtupub_electronic";"";"";"";"";"";"";"";"";"";"";"";"";"";"";"";"";"und";"64e54e4110a25c205274116b";"";"64e54e4110a25c205274116b";"DTU Department of Technology, Management and Economics";"sorbit";"sorbit";"On the Efficiency of Energy Markets with Non-Merchant Storage Under Imperfect Foresight|Om energimarkeders effektivitet med ikke-kommercielt lager og under ufuldkommen fremsyn"
"";"dtu|dtupub|third_party";"";"2023-07-04T00:11:18.270Z";"Dyduch, Mateusz Krzysztof";"";"2726481806";"";"dtu";"2023";"";"";"";"";"thesis";"dtu|dtu_electronic|dtupub|dtupub_electronic";"";"";"";"";"";"";"";"";"";"";"";"";"";"";"";"";"und";"64a363a66eed0d9152850c38";"";"64a363a66eed0d9152850c38";"DTU Department of Electrical and Photonics Engineering";"sorbit";"sorbit";"Domain adaptation method for semantic segmentation in marine vessel inspection|Domain adaptation method for semantic segmentation in marine vessel inspection"
"";"dtu|dtupub|third_party";"";"2023-08-11T00:09:59.129Z";"Lassen, Mads Andreas";"";"2727602381";"";"dtu";"2023";"";"";"";"";"thesis";"dtu|dtu_electronic|dtupub|dtupub_electronic";"";"";"";"";"";"";"";"";"";"";"";"";"";"";"";"";"und";"64d57c5708e10b1f4f0d5641";"";"64d57c5708e10b1f4f0d5641";"DTU Department of Space Research and Space Technology";"sorbit";"sorbit";"System optimization, integration and test of core systems for DTUsat-3|System optimering, integration og test af kernesystemer til DTUsat-3"
"";"dtu|dtupub|third_party";"";"2024-02-28T01:24:19.292Z";"Bzinkowska, Anna";"";"2733712270";"";"dtu";"2024";"";"";"";"";"thesis";"dtu|dtu_electronic|dtupub_external";"";"";"";"";"";"";"";"";"";"";"";"";"";"";"";"";"und";"65de87f29334090174949e1e";"";"65de87f29334090174949e1e";"DTU Department of Applied Mathematics and Computer Science";"sorbit";"sorbit";"Machine Learning approach to product categorization in the manufacturing industry|Machine Learning tilgang til produktkategorisering i fremstillingsindustrien"
"";"dtu|dtupub|third_party";"";"2023-04-10T00:14:52.471Z";"Hansen, Lasse Pelle Skytte";"";"2723482639";"";"dtu";"2023";"";"";"";"";"thesis";"dtu|dtu_electronic|dtupub|dtupub_electronic";"";"";"";"";"";"";"";"";"";"";"";"";"";"";"";"";"und";"643353c2d5ddd63d3c90d07e";"";"643353c2d5ddd63d3c90d07e";"DTU Department of Applied Mathematics and Computer Science";"sorbit";"sorbit";"Explaining individuals reputation in Reddit using network science features|Undersøgelse af individers omdømme pa reddit ved brug af netværkvidenskabelige features."
"";"dtu|dtupub|third_party";"";"2024-03-14T07:14:54.930Z";"Olsen, Kirstine Sylvest|Fritzen, Liv Olivia";"";"2734362884";"";"dtu";"2024";"";"";"";"";"thesis";"dtu|dtu_electronic|dtupub_external";"";"";"";"";"";"";"";"";"";"";"";"";"";"";"";"";"und";"65f2a3de1da3aa1e2360afb5";"";"65f2a3de1da3aa1e2360afb5";"DTU Department of Applied Mathematics and Computer Science";"sorbit";"sorbit";"Automatic Dosing Algorithms for Novel Rapid Acting Insulin Analogues in Closed-Loop Systems for Diabetes Treatment|Automatiske insulin-doserings-algoritmer til nye hurtigvirkende insulinanaloger i closed-loop systemer til diabetesbehandling"
"";"dtu|dtupub|third_party";"";"2024-06-14T00:09:45.840Z";"Drexler, Kristof Kenez";"";"2736918967";"";"dtu";"2024";"";"";"";"";"thesis";"dtu|dtu_electronic|dtupub|dtupub_electronic";"";"";"";"";"";"";"";"";"";"";"";"";"";"";"";"";"und";"666b8a4991799017d3a39438";"";"666b8a4991799017d3a39438";"DTU Department of Applied Mathematics and Computer Science";"sorbit";"sorbit";"Locus: Global Localization of Earthly Images powered by Deep Learning|Locus: Global lokalisering af jordiske billeder drevet af Deep Learning"
"";"dtu|dtupub|third_party";"";"2024-05-01T00:09:52.165Z";"Medda, Federico";"";"2735884442";"";"dtu";"2024";"";"";"";"";"thesis";"dtu|dtu_electronic|dtupub|dtupub_electronic";"";"";"";"";"";"";"";"";"";"";"";"";"";"";"";"";"und";"6631884fb9c193985adf0350";"";"6631884fb9c193985adf0350";"DTU Department of Engineering Technology and Didactics";"sorbit";"sorbit";"Cultural Mapping of Office Environments: A Tailored Approach for Mapping Medium-Sized-Offices’ Cultures|Kulturel mapping af kontormiljøer. En skræddersyet tilgang til at kortlægge middelstore kontorkulturer"
"";"dtu|dtupub|third_party";"";"2024-07-09T00:10:15.103Z";"Naegele, Sarah Linda|Krauth, Hanna";"";"2737410785";"";"dtu";"2024";"";"";"";"";"thesis";"dtu|dtu_electronic|dtupub_external";"";"";"";"";"";"";"";"";"";"";"";"";"";"";"";"";"und";"668c7fe7e0bd1fdc486bd269";"";"668c7fe7e0bd1fdc486bd269";"DTU Department of Technology, Management and Economics";"sorbit";"sorbit";"Addressing Scope 3 Emissions: A Comprehensive Analysis and Recommendation for the Decarbonization of Logistics Facilities|Scope 3 emissioner: en fyldesgørende analyse og anbefaling for decarbonisering af logistik faciliteter"
"";"dtu|dtupub|third_party";"";"2024-09-10T09:15:02.777Z";"Zalewski, Mateusz Zbigniew";"";"2738078889";"";"dtu";"2024";"";"";"";"";"thesis";"dtu|dtu_electronic|dtupub|dtupub_electronic";"";"";"";"";"";"";"";"";"";"";"";"";"";"";"";"";"und";"66b40cce6d809ee8f35a03e6";"";"66b40cce6d809ee8f35a03e6";"DTU Department of Chemical and Biochemical Engineering";"sorbit";"sorbit";"Mini pilot work on CO2 capture with electrochemical PtX solvent regeneration|Mini pilot til CO2 fangst med elektrokemisk PtX solvent behandling"
"";"dtu|dtupub|third_party";"";"2024-05-02T00:09:44.974Z";"Petersen, Thea Elisabeth Hein|Bülow, Stine";"";"2735912808";"";"dtu";"2024";"";"";"";"";"thesis";"dtu|dtu_electronic|dtupub|dtupub_electronic";"";"";"";"";"";"";"";"";"";"";"";"";"";"";"";"";"und";"6632d9c8de83d7e846d1c8b5";"";"6632d9c8de83d7e846d1c8b5";"DTU Department of Applied Mathematics and Computer Science";"sorbit";"sorbit";"Decision Making under Uncertainty in Coupled Multi-Energy Systems|Beslutningstagen under usikkerhed i koblede multi-energy systemer"
"";"dtu|dtupub|third_party";"";"2024-04-04T00:09:47.456Z";"Petersen, Victor Soares de Castro";"";"2735364468";"";"dtu";"2024";"";"";"";"";"thesis";"dtu|dtu_electronic|dtupub|dtupub_electronic";"";"";"";"";"";"";"";"";"";"";"";"";"";"";"";"";"und";"660defcbf9adbf1e2e15ffa0";"";"660defcbf9adbf1e2e15ffa0";"DTU Department of Electrical and Photonics Engineering";"sorbit";"sorbit";"Secure and Efficient QoS Management for IoT Applications using SDN and an IoT messaging protocol|Secure and Efficient QoS Management for IoT Applications using SDN and an IoT messaging protocol."
"";"dtu|dtupub|third_party";"";"2024-07-30T12:38:08.824Z";"Magnús, Kjartan Franklín|Rivera, David Fraga";"";"2737859072";"";"dtu";"2024";"";"";"";"";"thesis";"dtu|dtu_electronic|dtupub|dtupub_electronic";"";"";"";"";"";"";"";"";"";"";"";"";"";"";"";"";"und";"66a82fdf4315d9e8f36294cf";"";"66a82fdf4315d9e8f36294cf";"DTU Department of Technology, Management and Economics";"sorbit";"sorbit";"Reducing emissions in the maritime sector: Development of a decision support tool to assess a new ammonia-based maritime propulsion system|Reducering af emissioner i den maritime sector: udvikling af et beslutningsstøtteværktøj til at vurdere et nyt ammoniak-baseret fremdriftssystem"
"";"dtu|dtupub|third_party";"";"2024-09-05T00:18:11.308Z";"Sofokleous, Paraskevi";"";"2738703694";"";"dtu";"2024";"";"";"";"";"thesis";"dtu|dtu_electronic|dtupub|dtupub_electronic";"";"";"";"";"";"";"";"";"";"";"";"";"";"";"";"";"und";"66d8f6d35c2b52153b5ab51b";"";"66d8f6d35c2b52153b5ab51b";"DTU Department of Health Technology";"sorbit";"sorbit";"Multilayer nanofibrous microparticles for colon drug delivery|Flerlags nanofibrøse mikropartikler til colon medicin levering"
"";"dtu|dtupub|third_party";"";"2023-02-16T01:09:54.710Z";"Normann, Emil Wennervald|Nørremark, Emil Rud";"";"2718681363";"";"dtu";"2023";"";"";"";"";"thesis";"dtu|dtu_electronic|dtupub_external";"";"";"";"";"";"";"";"";"";"";"";"";"";"";"";"";"und";"63ed825ae7d84791f7ef4c34";"";"63ed825ae7d84791f7ef4c34";"DTU Department of Civil Engineering";"sorbit";"sorbit";"Evaluation of Alkali Silica Reactivity (ASR) Mortar Bar Testing – ASTM C 1260 at 14 days and TI-B51 at 26 weeks|Evaluering af mørtelprøvning for alkalikiselreaktioner (AKR) – ASTM C 1260 i 14 dage og TI-B51 i 26 uger"
"";"dtu|dtupub|third_party";"";"2023-08-01T00:10:34.384Z";"Franco, Judit Novials";"";"2727447245";"";"dtu";"2023";"";"";"";"";"thesis";"dtu|dtu_electronic|dtupub_external";"";"";"";"";"";"";"";"";"";"";"";"";"";"";"";"";"und";"64c84d7aef88d41f4fb000d6";"";"64c84d7aef88d41f4fb000d6";"DTU Department of Wind and Energy Systems";"sorbit";"sorbit";"Optimal operation of a thermal energy storage in energy and ancillary service markets|Optimal drift af termisk energilagring pa energi- og systemydelsesmarkeder"
"";"dtu|dtupub|third_party";"";"2023-07-04T00:11:07.001Z";"Duvivier, Alban Jacques F";"";"2726481745";"";"dtu";"2023";"";"";"";"";"thesis";"dtu|dtu_electronic|dtupub|dtupub_electronic";"";"";"";"";"";"";"";"";"";"";"";"";"";"";"";"";"und";"64a3639a17da3491523903a1";"";"64a3639a17da3491523903a1";"DTU Department of Wind and Energy Systems";"sorbit";"sorbit";"Fault ride through and energy dissipation strategies for olffshore multi terminal HVDC systems|Fault ride through og energispredningsstrategier for offshore multiterminal HVDC-systemer"
"";"dtu|dtupub|third_party";"";"2023-07-04T00:11:07.354Z";"Riis, Mathias Christoffersen|Kellezi, Deina|Gylling, Erik Kristian";"";"2726481747";"";"dtu";"2023";"";"";"";"";"thesis";"dtu|dtu_electronic|dtupub|dtupub_electronic";"";"";"";"";"";"";"";"";"";"";"";"";"";"";"";"";"und";"64a3639bf0e9d091527697f9";"";"64a3639bf0e9d091527697f9";"DTU Department of Applied Mathematics and Computer Science";"sorbit";"sorbit";"Resolving Conflicts in Multi-Agent Systems|Konfliktløsning i multiagent-systemer"
"";"dtu|dtupub|third_party";"";"2023-07-31T00:11:21.715Z";"Brevig, Victor|Kjær, Christian Rosenkilde Husted";"";"2727406368";"";"dtu";"2023";"";"";"";"";"thesis";"dtu|dtu_electronic|dtupub|dtupub_electronic";"";"";"";"";"";"";"";"";"";"";"";"";"";"";"";"";"und";"64c6fc29c612791f4f97deac";"";"64c6fc29c612791f4f97deac";"DTU Department of Applied Mathematics and Computer Science";"sorbit";"sorbit";"Optimal Resizable Arrays|Optimale dynamiske arrays"
"";"dtu|dtupub|third_party";"";"2023-08-17T00:11:23.101Z";"Flocken, Hella Dorothea";"";"2727730858";"";"dtu";"2023";"";"";"";"";"thesis";"dtu|dtu_electronic|dtupub|dtupub_electronic";"";"";"";"";"";"";"";"";"";"";"";"";"";"";"";"";"und";"64dd65aac5ef8820524f9410";"";"64dd65aac5ef8820524f9410";"DTU Department of Electrical and Photonics Engineering";"sorbit";"sorbit";"Can Forced Vibrations Transform the Sound of New Violins?|Kan tvungne vibrationer omdanne lyden af nye violiner?"
"";"dtu|dtupub|third_party";"";"2023-07-24T00:12:30.214Z";"Themistokleous, Charalampos";"";"2727253541";"";"dtu";"2023";"";"";"";"";"thesis";"dtu|dtu_electronic|dtupub|dtupub_electronic";"";"";"";"";"";"";"";"";"";"";"";"";"";"";"";"";"und";"64bdc1ee662b573131a72bff";"";"64bdc1ee662b573131a72bff";"DTU Department of Wind and Energy Systems";"sorbit";"sorbit";"Yaw control for floating wind turbines|Kravekontrol til flydende vindmøller"
"";"dtu|dtupub|third_party";"";"2023-07-30T00:11:03.511Z";"Hauch, Jesper";"";"2727401081";"";"dtu";"2023";"";"";"";"";"thesis";"dtu|dtu_electronic|dtupub|dtupub_electronic";"";"";"";"";"";"";"";"";"";"";"";"";"";"";"";"";"und";"64c5aa97a601281f4f2f9810";"";"64c5aa97a601281f4f2f9810";"DTU Department of Technology, Management and Economics";"sorbit";"sorbit";"Causal Simulation Metamodeling|Causal Simulation Metamodeling"
"";"dtu|dtupub|third_party";"";"2023-07-24T00:11:56.638Z";"Fu, Zihao";"";"2727253469";"";"dtu";"2023";"";"";"";"";"thesis";"dtu|dtu_electronic|dtupub|dtupub_electronic";"";"";"";"";"";"";"";"";"";"";"";"";"";"";"";"";"und";"64bdc1cc4b225d313180b0b8";"";"64bdc1cc4b225d313180b0b8";"DTU Department of Applied Mathematics and Computer Science";"sorbit";"sorbit";"Chinese family relationship recognition via video and audio modalities|Chinese family relationship recognition via video and audio modalities"
"";"dtu|dtupub|third_party";"";"2023-08-02T00:10:54.992Z";"Kida, Siham";"";"2727471504";"";"dtu";"2023";"";"";"";"";"thesis";"dtu|dtu_electronic|dtupub_external";"";"";"";"";"";"";"";"";"";"";"";"";"";"";"";"";"und";"64c99f0eb72cf01f4f6730ef";"";"64c99f0eb72cf01f4f6730ef";"DTU Department of Applied Mathematics and Computer Science";"sorbit";"sorbit";"Automatic data cleaning and deep learning on many golf videos|Automatisk datarensning og dyb læring pa mange golfvideoer"
"";"dtu|dtupub|third_party";"";"2023-08-23T00:09:17.143Z";"Martino, Umberto De";"";"2727838003";"";"dtu";"2023";"";"";"";"";"thesis";"dtu|dtu_electronic|dtupub_external";"";"";"";"";"";"";"";"";"";"";"";"";"";"";"";"";"und";"64e54e2c0d7bee2052bfc7ef";"";"64e54e2c0d7bee2052bfc7ef";"DTU Department of Civil and Mechanical Engineering";"sorbit";"sorbit";"CFD modelling of combustion of ammonia in the Bukh engine|CFD modellering af forbraending af ammoniak i en Bukh motor"
"";"dtu|dtupub|third_party";"";"2023-09-01T00:09:16.371Z";"Isaurralde, Paulo Gonzalez|Corona, Leandro Martin";"";"2728030092";"";"dtu";"2023";"";"";"";"";"thesis";"dtu|dtu_electronic|dtupub_external";"";"";"";"";"";"";"";"";"";"";"";"";"";"";"";"";"und";"64f12bab4ddde622a605ef7f";"";"64f12bab4ddde622a605ef7f";"DTU Department of Technology, Management and Economics";"sorbit";"sorbit";"Adopting a data-driven Business Strategy in a B2B Environment supported by a Recommender Engine|Adopting a data-driven Business Strategy in a B2B Environment supported by a Recommender Engine"
"";"dtu|dtupub|third_party";"";"2024-04-22T00:09:41.008Z";"Straumøy, Ingvild";"";"2735688371";"";"dtu";"2024";"";"";"";"";"thesis";"dtu|dtu_electronic|dtupub|dtupub_electronic";"";"";"";"";"";"";"";"";"";"";"";"";"";"";"";"";"und";"6625aac49ee7d71afdcf7ce8";"";"6625aac49ee7d71afdcf7ce8";"DTU Department of Chemical and Biochemical Engineering";"sorbit";"sorbit";"Role of cell-to-cell communication mechanisms triggering biofilm formation in microbial communities|Rolle af celle-til-celle kommunikationsmekanismer, der udløser biofilmdannelse i mikrobielle samfund"
"";"dtu|dtupub|third_party";"";"2024-09-06T00:09:52.726Z";"Henriksen, Daniel Peter";"";"2738887954";"";"dtu";"2024";"";"";"";"";"thesis";"dtu|dtu_electronic|dtupub|dtupub_electronic";"";"";"";"";"";"";"";"";"";"";"";"";"";"";"";"";"und";"66da4850c180ba1d78891e67";"";"66da4850c180ba1d78891e67";"DTU Department of Electrical and Photonics Engineering";"sorbit";"sorbit";"Appearance modelling of structural colours in PV modules|Farvemodellering af strukturelle farver i solcellemoduler"
"";"dtu|dtupub|third_party";"";"2024-09-27T00:09:57.133Z";"Rajagopalan, Bharat";"";"2739352975";"";"dtu";"2024";"";"";"";"";"thesis";"dtu|dtu_electronic|dtupub|dtupub_electronic";"";"";"";"";"";"";"";"";"";"";"";"";"";"";"";"";"und";"66f5f7d4ac330843d900697b";"";"66f5f7d4ac330843d900697b";"DTU Department of Electrical and Photonics Engineering";"sorbit";"sorbit";"Perceptual evaluation of early reflection modelling for navigable reproduction|Perceptuel evaluering af tidlig refleksionsmodellering til lydfelt reproduktion"
"";"dtu|dtupub|third_party";"";"2024-11-06T01:09:50.189Z";"Larsen, Frederik Peetz-Schou";"";"2740234331";"";"dtu";"2024";"";"";"";"";"thesis";"dtu|dtu_electronic|dtupub|dtupub_electronic";"";"";"";"";"";"";"";"";"";"";"";"";"";"";"";"";"und";"672ac1dc4ce0c1a51d1d60c1";"";"672ac1dc4ce0c1a51d1d60c1";"DTU Department of Applied Mathematics and Computer Science";"sorbit";"sorbit";"Relationship extraction with large language models|Forholdsudtrækning med store sprogmodeller"
"";"dtu|dtupub|third_party";"";"2024-08-22T00:12:25.003Z";"Ates, Berkay";"";"2738356015";"";"dtu";"2024";"";"";"";"";"thesis";"dtu|dtu_electronic|dtupub|dtupub_electronic";"";"";"";"";"";"";"";"";"";"";"";"";"";"";"";"";"und";"66c681ece7d419204c3d5414";"";"66c681ece7d419204c3d5414";"DTU Department of Wind and Energy Systems";"sorbit";"sorbit";"Maximising wind farm revenue: A value-based approach to layout optimisation|Maksimering af vindmølleparkers indtægter: En værdibaseret tilgang til layoutoptimering"
"";"dtu|dtupub|third_party";"";"2024-09-10T09:15:01.436Z";"Li, Yilei";"";"2738217915";"";"dtu";"2024";"";"";"";"";"thesis";"dtu|dtu_electronic|dtupub|dtupub_electronic";"";"";"";"";"";"";"";"";"";"";"";"";"";"";"";"";"und";"66bd47523245d6e8f3d68a97";"";"66bd47523245d6e8f3d68a97";"DTU Department of Electrical and Photonics Engineering";"sorbit";"sorbit";"Design and modelling of matrix transformer in DC-DC converter for battery storage system|Design and modelling of matrix transformer in DC-DC converter for battery storage system"
"";"dtu|dtupub|third_party";"";"2024-07-30T12:38:08.805Z";"Makarewicz, Agata|Wisniewski, Jacek Franciszek";"";"2737859085";"";"dtu";"2024";"";"";"";"";"thesis";"dtu|dtu_electronic|dtupub|dtupub_electronic";"";"";"";"";"";"";"";"";"";"";"";"";"";"";"";"";"und";"66a82ffade8dc9e8f3bbd7e6";"";"66a82ffade8dc9e8f3bbd7e6";"DTU Department of Applied Mathematics and Computer Science";"sorbit";"sorbit";"Understanding the Human Mobility Patterns Based on Next Semantic Prediction|Analyse af menneskelige mobilitetsmønstre baseret pa næste semantiske forudsigelse"
"";"dtu|dtupub|third_party";"";"2024-08-22T00:12:19.481Z";"Schaefflein, Timo";"";"2738355935";"";"dtu";"2024";"";"";"";"";"thesis";"dtu|dtu_electronic|dtupub|dtupub_electronic";"";"";"";"";"";"";"";"";"";"";"";"";"";"";"";"";"und";"66c681e5d6357f204c154b03";"";"66c681e5d6357f204c154b03";"DTU Department of Wind and Energy Systems";"sorbit";"sorbit";"Towards sustainable buildings: Heat demand forecasting for optimal building energy management|Pa vej mod bæredygtige bygninger: Forudsigelse af varmebehov for optimal bygningsenergistyring"
"";"dtu|dtupub|third_party";"";"2024-09-10T09:15:01.491Z";"Nielsen, Kristoffer";"";"2738245612";"";"dtu";"2024";"";"";"";"";"thesis";"dtu|dtu_electronic|dtupub|dtupub_electronic";"";"";"";"";"";"";"";"";"";"";"";"";"";"";"";"";"und";"66be98d78214b0e8f3c178f9";"";"66be98d78214b0e8f3c178f9";"DTU Department of Applied Mathematics and Computer Science";"sorbit";"sorbit";"Automated Behavioral Coding in Child and Adolescent Psychiatry using Artificial Intelligence|Automatiseret adfærdskodning i børne- og ungdomspsykiatri ved brug af kunstig intelligens"
"";"dtu|dtupub|third_party";"";"2023-03-15T01:09:43.372Z";"Jessen, Tobias";"";"2720571544";"";"dtu";"2023";"";"";"";"";"thesis";"dtu|dtu_electronic|dtupub|dtupub_electronic";"";"";"";"";"";"";"";"";"";"";"";"";"";"";"";"";"und";"64111ad5bca71d3abb18a15d";"";"64111ad5bca71d3abb18a15d";"DTU Department of Technology, Management and Economics";"sorbit";"sorbit";"A Heuristic Approach to Solving the Saving and Dissaving Problem|En heuristisk tilgang til løsning af op- og nedsparingsproblemet"
"";"dtu|dtupub|third_party";"";"2023-04-21T00:09:47.145Z";"Kovacs, Zsolt";"";"2723698922";"";"dtu";"2023";"";"";"";"";"thesis";"dtu|dtu_electronic|dtupub_external";"";"";"";"";"";"";"";"";"";"";"";"";"";"";"";"";"und";"6441d4495360fe11c2269541";"";"6441d4495360fe11c2269541";"DTU Department of Chemical and Biochemical Engineering";"sorbit";"sorbit";"Mathematical modelling, control strategies and optimization of an ultrafiltration process for protein powder production|Matematisk modellering, kontrol strategier og optimering af en ultrafiltrerings proces for proteinpulver produktion"
"";"dtu|dtupub|third_party";"";"2023-03-15T01:09:42.877Z";"Sartori, Aleksander Winther-Hinge|Klokker, Gustav";"";"2720571531";"";"dtu";"2023";"";"";"";"";"thesis";"dtu|dtu_electronic|dtupub_external";"";"";"";"";"";"";"";"";"";"";"";"";"";"";"";"";"und";"64111ad2b2d9843abb523a72";"";"64111ad2b2d9843abb523a72";"DTU Department of Technology, Management and Economics";"sorbit";"sorbit";"Agent-based simulation of maintenance policies for Major Component Exchange of Offshore Wind Farms|Agent-baseret simulering af vedligeholdsespolitikker for udskiftning af hovedkomponenter i havvindmølleparker"
"";"dtu|dtupub|third_party";"";"2023-03-23T01:09:31.968Z";"Chen, Chen";"";"2723158323";"";"dtu";"2023";"";"";"";"";"thesis";"dtu|dtu_electronic|dtupub|dtupub_electronic";"";"";"";"";"";"";"";"";"";"";"";"";"";"";"";"";"und";"641ba6cb8672ba3c29acd33f";"";"641ba6cb8672ba3c29acd33f";"DTU Department of Health Technology";"sorbit";"sorbit";"Development of machine learning models for feature extraction in contact maps|Udvikling af maskinlæringsmodeller til udtrækning af funktioner i kontaktkort"
"";"dtu|dtupub|third_party";"";"2023-03-23T01:09:30.790Z";"Eftekhar, Seyed Faraz";"";"2723158315";"";"dtu";"2023";"";"";"";"";"thesis";"dtu|dtu_electronic|dtupub_external";"";"";"";"";"";"";"";"";"";"";"";"";"";"";"";"";"und";"641ba6cabb9f6a3c29a35a1d";"";"641ba6cabb9f6a3c29a35a1d";"DTU Department of Civil and Mechanical Engineering";"sorbit";"sorbit";"Prediction of fuel consumption based on a combined naval architecture and machine learning approach|Forudsigelse af brændstofforbrug baseret pa en kombineret skibsbygning og maskinlæringstilgang"
"";"dtu|dtupub|third_party";"";"2023-03-01T01:09:40.782Z";"Termøhlen, Zenia Kjær|Do, Mai-Thi Vu|Restorff, Helena";"";"2720010065";"";"dtu";"2023";"";"";"";"";"thesis";"dtu|dtu_electronic|dtupub|dtupub_electronic";"";"";"";"";"";"";"";"";"";"";"";"";"";"";"";"";"und";"63fea5d40b3e843bcad2bb5e";"";"63fea5d40b3e843bcad2bb5e";"DTU Department of Applied Mathematics and Computer Science";"sorbit";"sorbit";"Constraint-based Probabilistic Model Checking 4 Fun|Constraint-based Probabilistic Model Checking 4 Fun"
"";"dtu|dtupub|third_party";"";"2023-08-31T00:09:25.118Z";"Iyer, Sowmya Srinivasan";"";"2727992320";"";"dtu";"2023";"";"";"";"";"thesis";"dtu|dtu_electronic|dtupub|dtupub_electronic";"";"";"";"";"";"";"";"";"";"";"";"";"";"";"";"";"und";"64efda35d85c1620528102ab";"";"64efda35d85c1620528102ab";"DTU Department of Wind and Energy Systems";"sorbit";"sorbit";"Unsteady aerodynamics and vortex shedding of a wind turbine blade|Ustabil aerodynamik og hvirvelafgivelse af en vindmøllevinge"
"";"dtu|dtupub|third_party";"";"2023-03-10T01:09:42.108Z";"Hovmand, Sandie Phimphrasri";"";"2720411785";"";"dtu";"2023";"";"";"";"";"thesis";"dtu|dtu_electronic|dtupub|dtupub_electronic";"";"";"";"";"";"";"";"";"";"";"";"";"";"";"";"";"und";"640a83525a545b17f8181b35";"";"640a83525a545b17f8181b35";"DTU Department of Biotechnology and Biomedicine";"sorbit";"sorbit";"Improving the thermostability of sweet proteins|Forbedre termostabiliteten af søde proteiner"
"";"dtu|dtupub|third_party";"";"2024-03-02T02:05:31.997Z";"Farahbakhsh, Pantea";"";"2733987543";"";"dtu";"2024";"";"";"";"";"thesis";"dtu|dtu_electronic|dtupub_external";"";"";"";"";"";"";"";"";"";"";"";"";"";"";"";"";"und";"65e27c539ceb92149eceab50";"";"65e27c539ceb92149eceab50";"DTU Department of Civil and Mechanical Engineering";"sorbit";"sorbit";"Advanced data analysis for elevating wind turbine vibration monitoring and performance prediction|Avanceret dataanalyse til performanceforbedringer af vindturbine vibrationsmonitorering og egenskabsforudsigelse"
"";"dtu|dtupub|third_party";"";"2024-03-20T01:09:47.744Z";"Ricco, Felipe Blanco";"";"2734505626";"";"dtu";"2024";"";"";"";"";"thesis";"dtu|dtu_electronic|dtupub|dtupub_electronic";"";"";"";"";"";"";"";"";"";"";"";"";"";"";"";"";"und";"65fa375bede3b31e2e718989";"";"65fa375bede3b31e2e718989";"DTU Department of Health Technology";"sorbit";"sorbit";"Perceptual Evaluation of Irregular Loudspeaker Arrays|Perceptuel evaluering af uregelmæssige højttalerarrays"
"";"dtu|dtupub|third_party";"";"2023-09-27T00:09:26.988Z";"RIGOUSTE, Gaëtan Nicolas";"";"2728725467";"";"dtu";"2023";"";"";"";"";"thesis";"dtu|dtu_electronic|dtupub_external";"";"";"";"";"";"";"";"";"";"";"";"";"";"";"";"";"und";"651372b52ca7a71223405ff5";"";"651372b52ca7a71223405ff5";"DTU Department of Technology, Management and Economics";"sorbit";"sorbit";"Water cycle in urban areas - Concept of Sponge city in Lyon Part Dieu district|Vandkredsløb i byomrader - Begrebet Sponge City i Lyon Part Dieu-distriktet"
"";"dtu|dtupub|third_party";"";"2023-08-16T00:10:51.049Z";"Pirttikangas, Ella Amanda";"";"2727703745";"";"dtu";"2023";"";"";"";"";"thesis";"dtu|dtu_electronic|dtupub|dtupub_electronic";"";"";"";"";"";"";"";"";"";"";"";"";"";"";"";"";"und";"64dc1408cefb2b205200924b";"";"64dc1408cefb2b205200924b";"DTU Department of Technology, Management and Economics";"sorbit";"sorbit";"Modelling uncertainty of unplanned events in assignment problem in maintenance planning|Modelling uncertainty of unplanned events in assignment problem in maintenance planning"
"";"dtu|dtupub|third_party";"";"2023-08-31T00:09:31.954Z";"Sæmundsson, Gísli Freyr";"";"2727992370";"";"dtu";"2023";"";"";"";"";"thesis";"dtu|dtu_electronic|dtupub_external";"";"";"";"";"";"";"";"";"";"";"";"";"";"";"";"";"und";"64efda3b4bebd120521d29fa";"";"64efda3b4bebd120521d29fa";"DTU Department of Technology, Management and Economics";"sorbit";"sorbit";"Estimating Beta|Estimating Beta"
"";"dtu|dtupub|third_party";"";"2023-07-31T00:10:31.250Z";"Köylü, Büsra";"";"2727406325";"";"dtu";"2023";"";"";"";"";"thesis";"dtu|dtu_electronic|dtupub_external";"";"";"";"";"";"";"";"";"";"";"";"";"";"";"";"";"und";"64c6fbf74c49581f4ff2134d";"";"64c6fbf74c49581f4ff2134d";"DTU Department of Engineering Technology and Didactics";"sorbit";"sorbit";"Regulatory frameworks and state of the art for artificial intelligence in medical devices and its application to the 3Shape product portfolio|Regulatoriske rammer og state of the art for kunstig intelligens i medicinsk udstyr og dets anvendelse pa 3Shape produktporteføljen"
"";"dtu|dtupub|third_party";"";"2024-07-30T12:38:09.023Z";"Bajo, Dea";"";"2737859114";"";"dtu";"2024";"";"";"";"";"thesis";"dtu|dtu_electronic|dtupub|dtupub_electronic";"";"";"";"";"";"";"";"";"";"";"";"";"";"";"";"";"und";"66a83044d55b0ce8f3fe7db6";"";"66a83044d55b0ce8f3fe7db6";"DTU Department of Civil and Mechanical Engineering";"sorbit";"sorbit";"Designing an adjustable transfemoral prosthetic interface. Accommodating Volume Fluctuation|Design af en justerbar transfemoral protese interface som tillader volumen ændring."
"";"dtu|dtupub|third_party";"";"2024-04-26T06:19:13.145Z";"Ramadan, Mervan Mohamad Khair";"";"2735743002";"";"dtu";"2024";"";"";"";"";"thesis";"dtu|dtu_electronic|dtupub|dtupub_electronic";"";"";"";"";"";"";"";"";"";"";"";"";"";"";"";"";"und";"66284dcaaa7d6c340af07adc";"";"66284dcaaa7d6c340af07adc";"DTU Department of Physics";"sorbit";"sorbit";"Acoustic cell handling in microfluidic devices with bulk or thin-film transducers|Akustisk cellehandtering i mikrofluide systemer med bulk- eller tyndfilmstransducere"
"";"dtu|dtupub|third_party";"";"2024-03-27T01:23:58.996Z";"Sandholm, Christian Swedenborg";"";"2735158210";"";"dtu";"2024";"";"";"";"";"thesis";"dtu|dtu_electronic|dtupub|dtupub_electronic";"";"";"";"";"";"";"";"";"";"";"";"";"";"";"";"";"und";"660371d779ff781e2efa03df";"";"660371d779ff781e2efa03df";"DTU Department of Health Technology";"sorbit";"sorbit";"Characterisation of a high-throughput flow device for intestinal modelling|Karakterisering af et højkapacitets apparat til tarm modellering"
"";"dtu|dtupub|third_party";"";"2023-08-01T00:10:45.616Z";"Moos, Niels Peter";"";"2727447809";"";"dtu";"2023";"";"";"";"";"thesis";"dtu|dtu_electronic|dtupub|dtupub_electronic";"";"";"";"";"";"";"";"";"";"";"";"";"";"";"";"";"und";"64c84d85c8ea111f4fcd90b2";"";"64c84d85c8ea111f4fcd90b2";"DTU Department of Electrical and Photonics Engineering";"sorbit";"sorbit";"Post-construction subway noise analysis of sources and transmission paths|Støjanalyse af kilder og transmissionsveje efter Metroens byggeri"
"";"dtu|dtupub|third_party";"";"2023-09-16T00:09:30.641Z";"Gazull-Kazmierczak, Léa";"";"2728341271";"";"dtu";"2023";"";"";"";"";"thesis";"dtu|dtu_electronic|dtupub|dtupub_electronic";"";"";"";"";"";"";"";"";"";"";"";"";"";"";"";"";"und";"6504f23adc902f1200ba973e";"";"6504f23adc902f1200ba973e";"DTU Department of Wind and Energy Systems";"sorbit";"sorbit";"Drone conception, design, and optimization for offshore wind farm inspection missions|Dronekonception, design og optimering til inspektionsmissioner til havvindmølleparker"
"";"dtu|dtupub|third_party";"";"2023-04-01T00:09:27.986Z";"Zeeberg, Søren Steenstrup";"";"2723340096";"";"dtu";"2023";"";"";"";"";"thesis";"dtu|dtu_electronic|dtupub_external";"";"";"";"";"";"";"";"";"";"";"";"";"";"";"";"";"und";"642776363dde873d3c7e3f0c";"";"642776363dde873d3c7e3f0c";"DTU Department of Biotechnology and Biomedicine";"sorbit";"sorbit";"Alignment of HPLC chromatograms using unsupervised machine learning approaches|Parallelisering af HPLC-kromatogrammer ved hjælp af uovervagede maskinlæringsmetoder"
"";"dtu|dtupub|third_party";"";"2023-08-11T00:09:58.111Z";"Sioulis, Vasileios";"";"2727602326";"";"dtu";"2023";"";"";"";"";"thesis";"dtu|dtu_electronic|dtupub_external";"";"";"";"";"";"";"";"";"";"";"";"";"";"";"";"";"und";"64d57c55d05c2f1f4f722c56";"";"64d57c55d05c2f1f4f722c56";"DTU Department of Civil and Mechanical Engineering";"sorbit";"sorbit";"Testing the feasibility of using recycled post-industrial waste in the production of new fully functional Novo Nordisk’s components in order to achieve circularity of Novo Nordisk’s injection pen devices|Test af gennemførligheden af at bruge genanvendt postindustrielt affald i produktionen af nye fuldt funktionelle Novo Nordisks komponenter for at opna cirkulæritet af Novo Nordisks injektionspenne"
"";"dtu|dtupub|third_party";"";"2024-02-28T01:24:17.041Z";"Feddersen, Frederik Nyled";"";"2733712184";"";"dtu";"2024";"";"";"";"";"thesis";"dtu|dtu_electronic|dtupub|dtupub_electronic";"";"";"";"";"";"";"";"";"";"";"";"";"";"";"";"";"und";"65de87e7c86ab10174baa225";"";"65de87e7c86ab10174baa225";"DTU Department of Environmental and Resource Engineering";"sorbit";"sorbit";"Overview and environmental assessment of hydrogen-producing technologies|Oversigt og miljøvurdering af brintproducerende teknologier"
"";"dtu|dtupub|third_party";"";"2024-03-30T01:10:07.136Z";"Sørensen, Mads Birch";"";"2735225175";"";"dtu";"2024";"";"";"";"";"thesis";"dtu|dtu_electronic|dtupub_external";"";"";"";"";"";"";"";"";"";"";"";"";"";"";"";"";"und";"6607666ffeff011e2ee7ff0f";"";"6607666ffeff011e2ee7ff0f";"DTU Department of Applied Mathematics and Computer Science";"sorbit";"sorbit";"Synthesizing post-contrast brain imagery using deep learning|Syntetisering af post kontrast billeder af hjernen via deep learning"
"";"dtu|dtupub|third_party";"";"2023-04-04T00:09:35.136Z";"Madsen, Theis Utoft";"";"2723401333";"";"dtu";"2023";"";"";"";"";"thesis";"dtu|dtu_electronic|dtupub_external";"";"";"";"";"";"";"";"";"";"";"";"";"";"";"";"";"und";"642b6abbc44b1d3d3c60cfd9";"";"642b6abbc44b1d3d3c60cfd9";"DTU Department of Technology, Management and Economics";"sorbit";"sorbit";"Analysis of a Power-to-X integrated energy system considering biomass availability using Balmorel|Analyse af et Power-to-X integreret energisystem medregnet biomasse tilgængelighed ved brug af Balmorel"
"";"dtu|dtupub|third_party";"";"2023-09-05T00:09:26.903Z";"Ziyi, Zhu";"";"2728119223";"";"dtu";"2023";"";"";"";"";"thesis";"dtu|dtu_electronic|dtupub|dtupub_electronic";"";"";"";"";"";"";"";"";"";"";"";"";"";"";"";"";"und";"64f671b6c5f76922d1002245";"";"64f671b6c5f76922d1002245";"DTU Department of Civil and Mechanical Engineering";"sorbit";"sorbit";"The Influence of Microstructures on the Localized Corrosion of Extrusions-based 3D Printed Mg-4Zn Porous Scaffolds for Bone Implants|Mikrostrukturers indflydelse pa den lokaliserede korrosion af ekstruderingsbaserede 3D-printede Mg-4Zn porøse stilladser til knogleimplantater"
"";"dtu|dtupub|third_party";"";"2024-05-02T00:09:43.297Z";"Samadi, Arsalan";"";"2735912776";"";"dtu";"2024";"";"";"";"";"thesis";"dtu|dtu_electronic|dtupub_external";"";"";"";"";"";"";"";"";"";"";"";"";"";"";"";"";"und";"6632d9c560b63fe8468c6724";"";"6632d9c560b63fe8468c6724";"DTU Department of Electrical and Photonics Engineering";"sorbit";"sorbit";"Data flow optimization from production lines to a data collection platform|Data flow optimering fra produktionslinjer til dataopsamlingsplatform"
"";"dtu|dtupub|third_party";"";"2023-09-10T00:09:24.270Z";"Widmer, Simon Michael";"";"2728230421";"";"dtu";"2023";"";"";"";"";"thesis";"dtu|dtu_electronic|dtupub|dtupub_electronic";"";"";"";"";"";"";"";"";"";"";"";"";"";"";"";"";"und";"64fd0933d5e53423c656d2cc";"";"64fd0933d5e53423c656d2cc";"DTU Department of Technology, Management and Economics";"sorbit";"sorbit";"Aircraft line maintenance scheduling using simulation & reinforcement learning|Vedligeholdelsesplanlægning for et flyselskab ved hjælp af simulering og reinforcement learning"
"";"dtu|dtupub|third_party";"";"2024-07-15T07:21:16.008Z";"Korsgaard, Augusta Frost";"";"2737581737";"";"dtu";"2024";"";"";"";"";"thesis";"dtu|dtu_electronic|dtupub_external";"";"";"";"";"";"";"";"";"";"";"";"";"";"";"";"";"und";"669468dc1f940be8f311a653";"";"669468dc1f940be8f311a653";"DTU Department of Chemistry";"sorbit";"sorbit";"Investigating the thermophysical properties of the NaFKFUF4 system containing fission products|Investigating the thermophysical properties of the NaFKFUF4 system containing fission products"
"";"dtu|dtupub|third_party";"";"2023-03-01T01:10:04.847Z";"Redondo, Berta Vinas";"";"2720010295";"";"dtu";"2023";"";"";"";"";"thesis";"dtu|dtu_electronic|dtupub|dtupub_electronic";"";"";"";"";"";"";"";"";"";"";"";"";"";"";"";"";"und";"63fea5ec9281463bcad96b5e";"";"63fea5ec9281463bcad96b5e";"DTU Department of Applied Mathematics and Computer Science";"sorbit";"sorbit";"Design of an IT system based on Deep Learning for EEG artifact detection|Design af et IT system baseret pa Deep Learning til EEG artifakt detektion"
"";"dtu|dtupub|third_party";"";"2024-09-30T00:09:56.323Z";"Tesei, Lucrezia";"";"2739399234";"";"dtu";"2024";"";"";"";"";"thesis";"dtu|dtu_electronic|dtupub|dtupub_electronic";"";"";"";"";"";"";"";"";"";"";"";"";"";"";"";"";"und";"66f9ec53f6a80f43d969afc1";"";"66f9ec53f6a80f43d969afc1";"DTU Department of Chemical and Biochemical Engineering";"sorbit";"sorbit";"Biogas conversion by methanotroph-microalgae co-cultivation to proteinous biomass production|Omsætning af biogas til proteinous biomass"
"";"dtu|dtupub|third_party";"";"2024-08-29T00:10:20.072Z";"Manolakis, Ilias";"";"2738522543";"";"dtu";"2024";"";"";"";"";"thesis";"dtu|dtu_electronic|dtupub|dtupub_electronic";"";"";"";"";"";"";"";"";"";"";"";"";"";"";"";"";"und";"66cfbc6cb947ac01844dbf12";"";"66cfbc6cb947ac01844dbf12";"DTU Department of Technology, Management and Economics";"sorbit";"sorbit";"Carbon-Energy-Finance: Return and volatility spillovers in South Europe|Carbon-Energy-Finance: Afkast og volatilitetseffekter i Sydeuropa"
"";"dtu|dtupub|third_party";"";"2023-04-17T06:47:21.968Z";"Wang, Junzhe";"";"2723582278";"";"dtu";"2023";"";"";"";"";"thesis";"dtu|dtu_electronic|dtupub|dtupub_electronic";"";"";"";"";"";"";"";"";"";"";"";"";"";"";"";"";"und";"6439eb3f02dfcb3fde9f9248";"";"6439eb3f02dfcb3fde9f9248";"DTU Department of Health Technology";"sorbit";"sorbit";"Analysis of eye-gaze behaviour in realistic communication|Analyse af øjenbevægelser under kommunikation"
"";"dtu|dtupub|third_party";"";"2023-03-08T01:09:36.945Z";"Olsen, Ellen Maria";"";"2720326091";"";"dtu";"2023";"";"";"";"";"thesis";"dtu|dtu_electronic|dtupub_external";"";"";"";"";"";"";"";"";"";"";"";"";"";"";"";"";"und";"6407e04fcc4bc23c967d207e";"";"6407e04fcc4bc23c967d207e";"DTU Department of Civil and Mechanical Engineering";"sorbit";"sorbit";"RD implementation framework - potential and challenges of a RD implementation for the development of Audio equipment|RD implementation framework - potential and challenges of a RD implementation for the development of Audio equipment"
"";"dtu|dtupub|third_party";"";"2023-04-02T00:09:39.982Z";"Bejczy, Bence";"";"2723368408";"";"dtu";"2023";"";"";"";"";"thesis";"dtu|dtu_electronic|dtupub_external";"";"";"";"";"";"";"";"";"";"";"";"";"";"";"";"";"und";"6428c7c33084123d3cd8491f";"";"6428c7c33084123d3cd8491f";"DTU Department of Electrical and Photonics Engineering";"sorbit";"sorbit";"Multi-task learning for robust autonomy in mobile robots|Multi-task learning for robust autonomy in mobile robots"
"";"dtu|dtupub|third_party";"";"2023-07-17T00:10:45.092Z";"Østergaard, Johanne Djernes";"";"2727113777";"";"dtu";"2023";"";"";"";"";"thesis";"dtu|dtu_electronic|dtupub_external";"";"";"";"";"";"";"";"";"";"";"";"";"";"";"";"";"und";"64b487054d1a5c9152b375b7";"";"64b487054d1a5c9152b375b7";"DTU Department of Civil and Mechanical Engineering";"sorbit";"sorbit";"Successful and continuous compliance of CO2 emission requisites for buildings|Vellykket og kontinuerlig imødekommelse af CO2-udledningskrav i bygninger"
"";"dtu|dtupub|third_party";"";"2023-07-30T00:11:08.712Z";"Magar, Santosh Thapa";"";"2727401329";"";"dtu";"2023";"";"";"";"";"thesis";"dtu|dtu_electronic|dtupub|dtupub_electronic";"";"";"";"";"";"";"";"";"";"";"";"";"";"";"";"";"und";"64c5aa9cc5f0021f4fe4039e";"";"64c5aa9cc5f0021f4fe4039e";"DTU Department of Civil and Mechanical Engineering";"sorbit";"sorbit";"Radial gas-foil bearings with adjustable gap and injection pressure- An experimental investigation|Radiale gas folie lejer med justerbar abning og indsprøjtnings tryk - en eksperimentel undersøgelse"
"";"dtu|dtupub|third_party";"";"2023-07-31T00:11:53.330Z";"Bhutada, Yashomangalam Dinesh";"";"2727406419";"";"dtu";"2023";"";"";"";"";"thesis";"dtu|dtu_electronic|dtupub|dtupub_electronic";"";"";"";"";"";"";"";"";"";"";"";"";"";"";"";"";"und";"64c6fc49cfee111f4f3bf588";"";"64c6fc49cfee111f4f3bf588";"DTU Department of Chemical and Biochemical Engineering";"sorbit";"sorbit";"Understanding the response of glucose-sensitive transcription factors in E.coli|Forstaelse af responsen af ??glucosefølsomme transkriptionsfaktorer i E.coli"
"";"dtu|dtupub|third_party";"";"2023-07-24T00:11:12.237Z";"Magri, Marta Turmo";"";"2727253391";"";"dtu";"2023";"";"";"";"";"thesis";"dtu|dtu_electronic|dtupub|dtupub_electronic";"";"";"";"";"";"";"";"";"";"";"";"";"";"";"";"";"und";"64bdc1a01db3653131d1c21e";"";"64bdc1a01db3653131d1c21e";"DTU Department of Wind and Energy Systems";"sorbit";"sorbit";"Sizing of hybrid power plant for maximizing values from electricity markets|Dimensionering af hybridkraftværk for at maksimere værdier fra elmarkederne"
"";"dtu|dtupub|third_party";"";"2023-03-01T01:10:10.816Z";"Kjeldsen, Emilie";"";"2720010372";"";"dtu";"2023";"";"";"";"";"thesis";"dtu|dtu_electronic|dtupub|dtupub_electronic";"";"";"";"";"";"";"";"";"";"";"";"";"";"";"";"";"und";"63fea5f2fee1463bca1bc296";"";"63fea5f2fee1463bca1bc296";"DTU Department of Applied Mathematics and Computer Science";"sorbit";"sorbit";"Development of a UX/UI design to assess and respond to state anxiety children in the emergency department|Udvikling af UX/UI design til at bedømme og reagere pa angst i børn pa skadestuen"
"";"dtu|dtupub|third_party";"";"2023-05-01T00:09:29.537Z";"Tumminello, Francesco";"";"2723841148";"";"dtu";"2023";"";"";"";"";"thesis";"dtu|dtu_electronic|dtupub|dtupub_electronic";"";"";"";"";"";"";"";"";"";"";"";"";"";"";"";"";"und";"644f0339c45659232b8000e0";"";"644f0339c45659232b8000e0";"DTU Department of Civil and Mechanical Engineering";"sorbit";"sorbit";"Watermark evaluation in float-zone crystal growth of silicon production based on deep learning|Vandmærkeevaluering i float-zone krystalvækst af siliciumproduktion baseret pa dyb læring"
"";"dtu|dtupub|third_party";"";"2023-08-11T00:09:53.888Z";"Bermudez, Maria Alejandra Piza";"";"2727601463";"";"dtu";"2023";"";"";"";"";"thesis";"dtu|dtu_electronic|dtupub_external";"";"";"";"";"";"";"";"";"";"";"";"";"";"";"";"";"und";"64d57c505b48311f4fcbce1b";"";"64d57c505b48311f4fcbce1b";"DTU Department of Chemical and Biochemical Engineering";"sorbit";"sorbit";"At-line enzyme concentration measurements|At-line enzymkoncentrationsmalinger"
"";"dtu|dtupub|third_party";"";"2023-08-01T00:10:34.275Z";"Jenus, Luka";"";"2727447217";"";"dtu";"2023";"";"";"";"";"thesis";"dtu|dtu_electronic|dtupub|dtupub_electronic";"";"";"";"";"";"";"";"";"";"";"";"";"";"";"";"";"und";"64c84d7930dba71f4f0f3e9a";"";"64c84d7930dba71f4f0f3e9a";"DTU Department of Electrical and Photonics Engineering";"sorbit";"sorbit";"Implementation And Comparative Study Of Real Time Feedback Delay Network Reverberation Plugins|Implementering og komparativ undersøgelse af real-tids feedback delay network efterklangs plugins"
"";"dtu|dtupub|third_party";"";"2023-07-17T00:10:42.656Z";"Hansen, Sara Perlt";"";"2727113773";"";"dtu";"2023";"";"";"";"";"thesis";"dtu|dtu_electronic|dtupub|dtupub_electronic";"";"";"";"";"";"";"";"";"";"";"";"";"";"";"";"";"und";"64b48701f6cead91520466e8";"";"64b48701f6cead91520466e8";"DTU Department of Applied Mathematics and Computer Science";"sorbit";"sorbit";"Distribances and stability of coupled stochastic systems|Forstyrrelser og stabilitet af koblede stokastiske systemer"
"";"dtu|dtupub|third_party";"";"2023-07-24T00:10:55.787Z";"Madsen, Mark Christoffer";"";"2727253362";"";"dtu";"2023";"";"";"";"";"thesis";"dtu|dtu_electronic|dtupub|dtupub_electronic";"";"";"";"";"";"";"";"";"";"";"";"";"";"";"";"";"und";"64bdc18f4154df313163c2ff";"";"64bdc18f4154df313163c2ff";"DTU Department of Applied Mathematics and Computer Science";"sorbit";"sorbit";"Analysis of Light Path Tracing in Microgeometry|Analyse af lyssti-sporing i mikrogeometri"
"";"dtu|dtupub|third_party";"";"2023-07-31T00:10:15.201Z";"Mutalik, Shalmali Anand";"";"2727406307";"";"dtu";"2023";"";"";"";"";"thesis";"dtu|dtu_electronic|dtupub|dtupub_electronic";"";"";"";"";"";"";"";"";"";"";"";"";"";"";"";"";"und";"64c6fbe668a7661f4f5c6c37";"";"64c6fbe668a7661f4f5c6c37";"DTU Department of Wind and Energy Systems";"sorbit";"sorbit";"Boundary layer height, stability and wind farm efficiency: The GloBE Helgoland windfarm cluster case study|Grænselagshøjde, stabilitet og vindmølleparkeffektivitet: GloBE Helgoland vindmølleklynge-casestudie"
"";"dtu|dtupub|third_party";"";"2023-04-19T00:09:32.763Z";"Seindal, Jeanette Garst|Jensen, Tinna Lynge";"";"2723669366";"";"dtu";"2023";"";"";"";"";"thesis";"dtu|dtu_electronic|dtupub|dtupub_electronic";"";"";"";"";"";"";"";"";"";"";"";"";"";"";"";"";"und";"643f313b6aaada68b1e4e402";"";"643f313b6aaada68b1e4e402";"DTU Department of Civil and Mechanical Engineering";"sorbit";"sorbit";"Energy windows versus traditional double glazed windows - fire and breakage properties|Energivinduer versus traditionelle termoruder- brand og brudegenskaber"
"";"dtu|dtupub|third_party";"";"2023-07-31T00:10:33.851Z";"Parra, Eric Planas I";"";"2727406332";"";"dtu";"2023";"";"";"";"";"thesis";"dtu|dtu_electronic|dtupub|dtupub_electronic";"";"";"";"";"";"";"";"";"";"";"";"";"";"";"";"";"und";"64c6fbf975f3ac1f4f9630f0";"";"64c6fbf975f3ac1f4f9630f0";"DTU Department of Wind and Energy Systems";"sorbit";"sorbit";"Data enrichment strategies for AI based reliability assessment of distribution grid components|Databerigelsesstrategi for AI-baseret driftssikkerhedsvurdering af distributionsnet komponenter"
"";"dtu|dtupub|third_party";"";"2023-07-24T00:11:29.672Z";"Chini, Ioanna";"";"2727253418";"";"dtu";"2023";"";"";"";"";"thesis";"dtu|dtu_electronic|dtupub_external";"";"";"";"";"";"";"";"";"";"";"";"";"";"";"";"";"und";"64bdc1b1f133be3131bfb673";"";"64bdc1b1f133be3131bfb673";"DTU Department of Biotechnology and Biomedicine";"sorbit";"sorbit";"Enzyme assisted carbon capture in aqueous amino acid solutions|Enzyme assisteret fangst af kuldioxid i vandige opløsninger af aminosyrer."
"";"dtu|dtupub|third_party";"";"2023-07-24T00:11:20.410Z";"Leinum, Samuel Daniel";"";"2727253405";"";"dtu";"2023";"";"";"";"";"thesis";"dtu|dtu_electronic|dtupub|dtupub_electronic";"";"";"";"";"";"";"";"";"";"";"";"";"";"";"";"";"und";"64bdc1a8cebf083131e1e926";"";"64bdc1a8cebf083131e1e926";"DTU Department of Environmental and Resource Engineering";"sorbit";"sorbit";"Perception of IEQ domains with Multidomain exposure|Opfattelse af Indeklima parametre ved samtidig eksponering"
"";"dtu|dtupub|third_party";"";"2023-07-24T00:11:34.038Z";"Meng, Wenxi";"";"2727253429";"";"dtu";"2023";"";"";"";"";"thesis";"dtu|dtu_electronic|dtupub|dtupub_electronic";"";"";"";"";"";"";"";"";"";"";"";"";"";"";"";"";"und";"64bdc1b5ef54a331315abc1e";"";"64bdc1b5ef54a331315abc1e";"DTU Department of Environmental and Resource Engineering";"sorbit";"sorbit";"Probabilistic modelling of Copenhagen limestone|Probabilistik modellering af Danienkalk"
"";"dtu|dtupub|third_party";"";"2023-03-07T01:09:29.298Z";"Sander, Martin|Højbjerre, Bastian Østergaard";"";"2720317253";"";"dtu";"2023";"";"";"";"";"thesis";"dtu|dtu_electronic|dtupub|dtupub_electronic";"";"";"";"";"";"";"";"";"";"";"";"";"";"";"";"";"und";"64068ec9c3b6403c965b11c0";"";"64068ec9c3b6403c965b11c0";"DTU Department of Health Technology";"sorbit";"sorbit";"Gamification of ECG annotation|Gamificering af EKG annotering"
"";"dtu|dtupub|third_party";"";"2023-09-12T00:09:30.641Z";"Liu, Hailin";"";"2728239887";"";"dtu";"2023";"";"";"";"";"thesis";"dtu|dtu_electronic|dtupub|dtupub_electronic";"";"";"";"";"";"";"";"";"";"";"";"";"";"";"";"";"und";"64ffac39daf16023c618b442";"";"64ffac39daf16023c618b442";"DTU Department of Environmental and Resource Engineering";"sorbit";"sorbit";"Using Icesat-2 land and water elevation to inform river hydraulic modeling in Thailand|Brug af Icesat-2 land- og vandhøjde til at forbedre hydrauliske modeller i Thailand"
"";"dtu|dtupub|third_party";"";"2023-08-27T00:09:26.471Z";"Nardo, Francesco";"";"2727903526";"";"dtu";"2023";"";"";"";"";"thesis";"dtu|dtu_electronic|dtupub|dtupub_electronic";"";"";"";"";"";"";"";"";"";"";"";"";"";"";"";"";"und";"64ea9436eb9b81205201ff05";"";"64ea9436eb9b81205201ff05";"DTU Department of Space Research and Space Technology";"sorbit";"sorbit";"Space Technology Transfer: Wolter-I type X-ray Telescope for Mammography Application|Space Technology Transfer: Wolter-I type X-ray Telescope for Mammography Application"
"";"dtu|dtupub|third_party";"";"2024-07-30T12:38:08.828Z";"Velazquez, Carlos Prieto";"";"2737859076";"";"dtu";"2024";"";"";"";"";"thesis";"dtu|dtu_electronic|dtupub_external";"";"";"";"";"";"";"";"";"";"";"";"";"";"";"";"";"und";"66a82fe95aa85ce8f3796461";"";"66a82fe95aa85ce8f3796461";"DTU Department of Wind and Energy Systems";"sorbit";"sorbit";"Geomagnetically induced current (GIC) in offshore wind farms|Geomagnetisk induceret strøm (GIC) i offshore vindmølleparker"
"";"dtu|dtupub|third_party";"";"2024-08-30T00:10:05.224Z";"Chandrasekaran, Karthik Rajan";"";"2738544707";"";"dtu";"2024";"";"";"";"";"thesis";"dtu|dtu_electronic|dtupub|dtupub_electronic";"";"";"";"";"";"";"";"";"";"";"";"";"";"";"";"";"und";"66d10ddd61e6e70184a55c70";"";"66d10ddd61e6e70184a55c70";"DTU Department of Wind and Energy Systems";"sorbit";"sorbit";"Design, modelling, fabrication, and testing of PMSG for small wind turbine|Design, modellering, fremstilling og test af PMSG til sma vindmøller"
"";"dtu|dtupub|third_party";"";"2024-07-12T00:48:03.604Z";"Steffensen, Roar Nind";"";"2737536322";"";"dtu";"2024";"";"";"";"";"thesis";"dtu|dtu_electronic|dtupub|dtupub_electronic";"";"";"";"";"";"";"";"";"";"";"";"";"";"";"";"";"und";"66907452db743de8f3eb2191";"";"66907452db743de8f3eb2191";"DTU Department of Applied Mathematics and Computer Science";"sorbit";"sorbit";"Compression of Highly-Repetitive Collections|Kompression af høj-repetitive datasamlinger"
"";"dtu|dtupub|third_party";"";"2024-07-09T00:10:26.490Z";"Andreasen, Jesper Guldager|Jespersen, Asbjørn Dyre";"";"2737411286";"";"dtu";"2024";"";"";"";"";"thesis";"dtu|dtu_electronic|dtupub|dtupub_electronic";"";"";"";"";"";"";"";"";"";"";"";"";"";"";"";"";"und";"668c7ff00b84b4dc48050237";"";"668c7ff00b84b4dc48050237";"DTU Department of Civil and Mechanical Engineering";"sorbit";"sorbit";"Towards Topology Optimization of Transient Flow Problems using Spectral Elements|Henimod topologioptimering af transiente strømningsproblemer ved brug af spektralelementer"
"";"dtu|dtupub|third_party";"";"2024-04-03T00:09:45.691Z";"Hallström, Elisabet Anne Marie";"";"2735343338";"";"dtu";"2024";"";"";"";"";"thesis";"dtu|dtu_electronic|dtupub|dtupub_electronic";"";"";"";"";"";"";"";"";"";"";"";"";"";"";"";"";"und";"660c9e473165e11e2e16df13";"";"660c9e473165e11e2e16df13";"DTU Department of Space Research and Space Technology";"sorbit";"sorbit";"Detecting coastal bathymetry changes from ICESat-2|Detektion af bathymetriændringer i kystzonen fra ICESat-2"
"";"dtu|dtupub|third_party";"";"2024-09-10T09:15:01.436Z";"Willén, Rune Dirk";"";"2738217824";"";"dtu";"2024";"";"";"";"";"thesis";"dtu|dtu_electronic|dtupub_external";"";"";"";"";"";"";"";"";"";"";"";"";"";"";"";"";"und";"66bd4747bd0726e8f32e0656";"";"66bd4747bd0726e8f32e0656";"DTU Department of Civil and Mechanical Engineering";"sorbit";"sorbit";"Hydrodynamics around hammered monopiles|Hydrodynamik omkring hamrede monopæle"
"";"dtu|dtupub|third_party";"";"2024-07-23T15:42:09.385Z";"George, Marion Annette Martine";"";"2737744385";"";"dtu";"2024";"";"";"";"";"thesis";"dtu|dtu_electronic|dtupub|dtupub_electronic";"";"";"";"";"";"";"";"";"";"";"";"";"";"";"";"";"und";"669ef4e0ccb6f0e8f3313cd3";"";"669ef4e0ccb6f0e8f3313cd3";"DTU Department of Environmental and Resource Engineering";"sorbit";"sorbit";"Distribution of life cycle impacts for housing in Denmark|Fordeling af livscykluspavirkninger for boliger i Danmark"
"";"dtu|dtupub|third_party";"";"2024-09-26T00:09:55.603Z";"Kokkinou, Iro";"";"2739316975";"";"dtu";"2024";"";"";"";"";"thesis";"dtu|dtu_electronic|dtupub_external";"";"";"";"";"";"";"";"";"";"";"";"";"";"";"";"";"und";"66f4a652f209dd43d94100fa";"";"66f4a652f209dd43d94100fa";"DTU Department of Health Technology";"sorbit";"sorbit";"Hollow microneedles for transdermal delivery of ionic liquids|Hule mikronale til transdermal levering af ioniske væsker"
"";"dtu|dtupub|third_party";"";"2024-07-15T07:21:15.987Z";"Balle, Nikoline|Schade, Marie Louise";"";"2737581720";"";"dtu";"2024";"";"";"";"";"thesis";"dtu|dtu_electronic|dtupub_external";"";"";"";"";"";"";"";"";"";"";"";"";"";"";"";"";"und";"669468d20bc843e8f363703b";"";"669468d20bc843e8f363703b";"DTU Department of Applied Mathematics and Computer Science";"sorbit";"sorbit";"Unsupervised outlier detection in time series data for predicting faults on wind turbines|Usuperviseret detektion af outliers i tidsrækkedata til forudsigelse af fejl pa vindmøller"
"";"dtu|dtupub|third_party";"";"2024-08-31T00:10:00.367Z";"Lefèvre-Morand, Rodrigue Yves Louis";"";"2738564537";"";"dtu";"2024";"";"";"";"";"thesis";"dtu|dtu_electronic|dtupub|dtupub_electronic";"";"";"";"";"";"";"";"";"";"";"";"";"";"";"";"";"und";"66d25f5630ac13bcc44f590e";"";"66d25f5630ac13bcc44f590e";"DTU Department of Biotechnology and Biomedicine";"sorbit";"sorbit";"Production of genetically encoded bioinspired smart adhesive materials for surface functionalization of bio-interfaces by orthogonal translation|Production of genetically encoded bioinspired smart adhesive materials for surface functionalization of bio-interfaces by orthogonal translation"
"";"dtu|dtupub|third_party";"";"2024-09-21T00:09:52.841Z";"Jørgensen, Bastian Schmidt";"";"2739188833";"";"dtu";"2024";"";"";"";"";"thesis";"dtu|dtu_electronic|dtupub|dtupub_electronic";"";"";"";"";"";"";"";"";"";"";"";"";"";"";"";"";"und";"66ee0ecfa1338c43d9efefee";"";"66ee0ecfa1338c43d9efefee";"DTU Department of Applied Mathematics and Computer Science";"sorbit";"sorbit";"Real-Time Forecasting in Renewable Energy Production: Improving Wind and Solar Forecasts through Advanced Error Correction Methods|Forecasting i real-tid af produktionen af vedvarende energi: Forbedring af forecasts af vind og sol-energi produktion gennem advancerede metoder for fejl-korrektion"
"";"dtu|dtupub|third_party";"";"2024-09-10T09:15:01.135Z";"Leoni, Alessia";"";"2738203080";"";"dtu";"2024";"";"";"";"";"thesis";"dtu|dtu_electronic|dtupub_external";"";"";"";"";"";"";"";"";"";"";"";"";"";"";"";"";"und";"66bbf5d245552ae8f36c982a";"";"66bbf5d245552ae8f36c982a";"DTU DTU National Food Institute";"sorbit";"sorbit";"Development and characterization of citrus fiber-orange oil emulsified edible films with tunable hydrophobicity for food packaging application|Udvikling og karakterisering af citrusfiber-appelsinolie-emulgerede spiselige film med justerbar hydrofobicitet til fødevareemballage"
"";"dtu|dtupub|third_party";"";"2024-08-22T00:12:24.734Z";"Rasmussen, Patricia Elaine Benitez";"";"2738356010";"";"dtu";"2024";"";"";"";"";"thesis";"dtu|dtu_electronic|dtupub_external";"";"";"";"";"";"";"";"";"";"";"";"";"";"";"";"";"und";"66c681ec1a1d14204c768573";"";"66c681ec1a1d14204c768573";"DTU DTU National Food Institute";"sorbit";"sorbit";"Comparison of sublingual and epicutaneous prophylactic immunotherapy - efficacy of different doses|Sammenligning af sublingual og epikutan forebyggende immunterapi - effekt af forskellige doser"
"";"dtu|dtupub|third_party";"";"2024-12-01T01:36:58.179Z";"Ribas, Eduard Möller";"";"2852955782";"";"dtu";"2024";"";"";"";"";"thesis";"dtu|dtu_electronic|dtupub_external";"";"";"";"";"";"";"";"";"";"";"";"";"";"";"";"";"und";"674bb74bfc8c2a77477eb7de";"";"674bb74bfc8c2a77477eb7de";"DTU Department of Chemical and Biochemical Engineering";"sorbit";"sorbit";"Growth-rate dependent dynamics of methane metabolism in methylococcus capsulatus|Growth-rate dependent dynamics of methane metabolism in methylococcus capsulatus"
"";"dtu|dtupub|third_party";"";"2023-07-31T00:11:38.928Z";"González, Gabriela Lidia Abello|Ladonski, Piotr";"";"2727406395";"";"dtu";"2023";"";"";"";"";"thesis";"dtu|dtu_electronic|dtupub|dtupub_electronic";"";"";"";"";"";"";"";"";"";"";"";"";"";"";"";"";"und";"64c6fc3a03a8a41f4f8f720c";"";"64c6fc3a03a8a41f4f8f720c";"DTU Department of Applied Mathematics and Computer Science";"sorbit";"sorbit";"Improving UX in book tracking platform through co-creation and design thinking|Forbedring af UX for ebogslæsere gennem co-creation og design thinking"
"";"dtu|dtupub|third_party";"";"2023-08-28T00:09:24.030Z";"Thomsen, Erik Nørgaard|Fager, Mathias";"";"2727909688";"";"dtu";"2023";"";"";"";"";"thesis";"dtu|dtu_electronic|dtupub|dtupub_electronic";"";"";"";"";"";"";"";"";"";"";"";"";"";"";"";"";"und";"64ebe5b3519a23205248d98a";"";"64ebe5b3519a23205248d98a";"DTU Department of Applied Mathematics and Computer Science";"sorbit";"sorbit";"A Privacy-preserving Place Detection Method for Wearable Self-tracking Devices|Metode for anonym stedsidentificering for mobile self-tracking enheder"
"";"dtu|dtupub|third_party";"";"2023-08-01T00:11:38.739Z";"Rygaard, Nils Joseph Jesper";"";"2727448821";"";"dtu";"2023";"";"";"";"";"thesis";"dtu|dtu_electronic|dtupub|dtupub_electronic";"";"";"";"";"";"";"";"";"";"";"";"";"";"";"";"";"und";"64c84dba19c9c81f4f8c52bd";"";"64c84dba19c9c81f4f8c52bd";"DTU Department of Civil and Mechanical Engineering";"sorbit";"sorbit";"Techno-economic analysis of novel thermal energy storage systems for solar heating applications|Techno-economic analysis of novel thermal energy storage systems for solar heating applications"
"";"dtu|dtupub|third_party";"";"2023-09-20T00:09:37.779Z";"Vigsø, Emmely Sofia Blom";"";"2728423488";"";"dtu";"2023";"";"";"";"";"thesis";"dtu|dtu_electronic|dtupub|dtupub_electronic";"";"";"";"";"";"";"";"";"";"";"";"";"";"";"";"";"und";"650a3841fc114e566b167ba7";"";"650a3841fc114e566b167ba7";"DTU Department of Environmental and Resource Engineering";"sorbit";"sorbit";"Estimation of required adaptation measures for storm surges in the far future|Oversvømmelsessikring af danske kystbyer i den fjerne fremtid"
"";"dtu|dtupub|third_party";"";"2024-09-12T00:18:54.407Z";"Athanasiou, Modestos";"";"2739012354";"";"dtu";"2024";"";"";"";"";"thesis";"dtu|dtu_electronic|dtupub|dtupub_electronic";"";"";"";"";"";"";"";"";"";"";"";"";"";"";"";"";"und";"66e23158886a4d27f0b5fba9";"";"66e23158886a4d27f0b5fba9";"DTU Department of Wind and Energy Systems";"sorbit";"sorbit";"Wind turbine as a sensor for inflow reconstruction|Vindmølle som en sensor til inflow rekonstruktion"
"";"dtu|dtupub|third_party";"";"2024-03-17T01:09:38.975Z";"Mayer, Clara";"";"2734412637";"";"dtu";"2024";"";"";"";"";"thesis";"dtu|dtu_electronic|dtupub_external";"";"";"";"";"";"";"";"";"";"";"";"";"";"";"";"";"und";"65f642d0a946fe1e2ee69b82";"";"65f642d0a946fe1e2ee69b82";"DTU Department of Biotechnology and Biomedicine";"sorbit";"sorbit";"Antisense oligonucleotides for upregulation of the NRF2/ARE pathway in Parkinson’s Disease|Antisense-oligonukleotider til opregulering af NRF2/ARE-vejen ved Parkinsons sygdom"
"";"dtu|dtupub|third_party";"";"2024-08-04T00:53:54.478Z";"Liu, Haotian";"";"2737983305";"";"dtu";"2024";"";"";"";"";"thesis";"dtu|dtu_electronic|dtupub|dtupub_electronic";"";"";"";"";"";"";"";"";"";"";"";"";"";"";"";"";"und";"66aec6d10a04e0e8f36c9a42";"";"66aec6d10a04e0e8f36c9a42";"DTU Department of Electrical and Photonics Engineering";"sorbit";"sorbit";"State of the Art Deep Generative Models for reconstruction of hyperspectral images from single RGB input|State of the Art Deep Generative Models til rekonstruktion af hyperspektrale billeder fra enkelt RGB-input"
"";"dtu|dtupub|third_party";"";"2024-08-01T07:56:03.999Z";"Triantis, Dimitrios";"";"2737925879";"";"dtu";"2024";"";"";"";"";"thesis";"dtu|dtu_electronic|dtupub_external";"";"";"";"";"";"";"";"";"";"";"";"";"";"";"";"";"und";"66aad257ddbb68e8f30166fd";"";"66aad257ddbb68e8f30166fd";"DTU Department of Electrical and Photonics Engineering";"sorbit";"sorbit";"Pulse compression in gas-filled hollow-core fibers for UV light generation|Puls kompression i gasfyldte hulkernefibre til generering af UV-lys"
"";"dtu|dtupub|third_party";"";"2024-09-09T00:09:45.245Z";"Ropars, Maëlys";"";"2738927056";"";"dtu";"2024";"";"";"";"";"thesis";"dtu|dtu_electronic|dtupub_external";"";"";"";"";"";"";"";"";"";"";"";"";"";"";"";"";"und";"66de3cc5e81ce11d78c2e788";"";"66de3cc5e81ce11d78c2e788";"DTU Department of Environmental and Resource Engineering";"sorbit";"sorbit";"Ecotoxicity characterization model for enzymes and enzyme-based products|Økotoksicitetskarakterisering for enzymer og enzymbaserede produkter"
"";"dtu|dtupub|third_party";"";"2024-07-15T07:21:16.005Z";"Sousa, Ana Carolina De Serra E Moura Carolo E";"";"2737581728";"";"dtu";"2024";"";"";"";"";"thesis";"dtu|dtu_electronic|dtupub_external";"";"";"";"";"";"";"";"";"";"";"";"";"";"";"";"";"und";"669468d89d3e37e8f31f2629";"";"669468d89d3e37e8f31f2629";"DTU Department of Electrical and Photonics Engineering";"sorbit";"sorbit";"Energy Yield Models and Trading Strategies for Solar PV Plants: A Case Study on Nordic Solar’s Danish Portfolio|Energiafvigelsesmodeller og handelsstrategier for solcelleanlæg: En caseundersøgelse af Nordic Solar's danske portefølje"
"";"dtu|dtupub|third_party";"";"2023-07-30T00:11:10.889Z";"Björnsdóttir, Helga Þórey|Jósepsdóttir, Sara Húnfjörd";"";"2727401438";"";"dtu";"2023";"";"";"";"";"thesis";"dtu|dtu_electronic|dtupub_external";"";"";"";"";"";"";"";"";"";"";"";"";"";"";"";"";"und";"64c5aa9e6d76e61f4f74909d";"";"64c5aa9e6d76e61f4f74909d";"DTU Department of Applied Mathematics and Computer Science";"sorbit";"sorbit";"Applied Machine Learning for Predicting Vehicle Insurance Market Prices and Customer Behaviour|Anvendt maskinlæring til forudsigelse af markedspriser pa bilforsikringer og kundeadfærd"
"";"dtu|dtupub|third_party";"";"2024-04-22T00:09:41.341Z";"Garcia, Oscar Garcia";"";"2735688373";"";"dtu";"2024";"";"";"";"";"thesis";"dtu|dtu_electronic|dtupub|dtupub_electronic";"";"";"";"";"";"";"";"";"";"";"";"";"";"";"";"";"und";"6625aac58b66da1afd92e965";"";"6625aac58b66da1afd92e965";"DTU Department of Chemistry";"sorbit";"sorbit";"Unraveling the Dynamics of Solvated Glucose in the Terahertz Range through Computer Simulations|Udredning af dynamikken i solvatiseret glukose i terahertz-omradet gennem computersimuleringer"
"";"dtu|dtupub|third_party";"";"2024-03-15T01:23:38.891Z";"Johannessen, Martin";"";"2734387208";"";"dtu";"2024";"";"";"";"";"thesis";"dtu|dtu_electronic|dtupub|dtupub_electronic";"";"";"";"";"";"";"";"";"";"";"";"";"";"";"";"";"und";"65f39fd7d2f2d21e2e466035";"";"65f39fd7d2f2d21e2e466035";"DTU Department of Engineering Technology and Didactics";"sorbit";"sorbit";"Frequency Stability of an Isolated Hybrid Power System in Ilulissat|Frekvensstabilitet for et isoleret hybrid elnet i Ilulissat"
"";"dtu|dtupub|third_party";"";"2024-05-09T00:09:45.324Z";"Bastrup, Simon Martin Spangenberg";"";"2736062303";"";"dtu";"2024";"";"";"";"";"thesis";"dtu|dtu_electronic|dtupub_external";"";"";"";"";"";"";"";"";"";"";"";"";"";"";"";"";"und";"663c1448258a481fdecd21ef";"";"663c1448258a481fdecd21ef";"DTU Department of Environmental and Resource Engineering";"sorbit";"sorbit";"Impact of sulfate levels on hydrogenotrophic denitrification of groundwater|Indvirkning af sulfatniveauer pa hydrogenotrofisk denitrifikation af grundvand"
"";"dtu|dtupub|third_party";"";"2024-02-28T01:24:22.029Z";"Nielsen, Josefine Ostenfeld";"";"2733712447";"";"dtu";"2024";"";"";"";"";"thesis";"dtu|dtu_electronic|dtupub|dtupub_electronic";"";"";"";"";"";"";"";"";"";"";"";"";"";"";"";"";"und";"65de880150eb0f017497cd95";"";"65de880150eb0f017497cd95";"DTU DTU National Food Institute";"sorbit";"sorbit";"Forecasting antimicrobial resistance gene abundance in the Danish pig production through time series analysis of antimicrobial usage and resistance data|Prædiktion af forekomsten af antibiotikaresistensgener i den danske svineproduktion gennem tidsserieanalyse af antibiotika forbrug og resistens data"
"";"dtu|dtupub|third_party";"";"2024-02-28T01:24:12.205Z";"Jørgensen, Amanda|Rasmussen, Sofie Bøwig";"";"2733711991";"";"dtu";"2024";"";"";"";"";"thesis";"dtu|dtu_electronic|dtupub_external";"";"";"";"";"";"";"";"";"";"";"";"";"";"";"";"";"und";"65de87d364c3b50174f929c4";"";"65de87d364c3b50174f929c4";"DTU Department of Environmental and Resource Engineering";"sorbit";"sorbit";"Test for ASR for selected Danish and foreign fine and crushed aggregates with different cement types according to the test methods Rilem AAR-2 and TI-B51|Afprøvning for AKR af udvalgte danske og udenlandske fine og nedknuste tilslag med forskellige cementtyper efter prøvningsmetoderne Rilem AAR-2 og TI-B51"
"";"dtu|dtupub|third_party";"";"2024-01-31T01:43:18.251Z";"Lundsgaard, Niels Peter Vinkel Ahle|Lundin, Jacob August Indahl";"";"2731307941";"";"dtu";"2024";"";"";"";"";"thesis";"dtu|dtu_electronic|dtupub|dtupub_electronic";"";"";"";"";"";"";"";"";"";"";"";"";"";"";"";"";"und";"65b99ddcef869b3e823a8671";"";"65b99ddcef869b3e823a8671";"DTU Department of Applied Mathematics and Computer Science";"sorbit";"sorbit";"Unmasking digital ghost ships: Comprehensive scanning, statistical analysis, and ethical disclosure of vulnerable IoT and OT devices in Denmark and beyond|Unmasking digital ghost ships: Comprehensive scanning, statistical analysis, and ethical disclosure of vulnerable IoT and OT devices in Denmark and beyond"
"";"dtu|dtupub|third_party";"";"2023-12-31T01:09:29.902Z";"Rasmussen, Hannah Juul";"";"2730671500";"";"dtu";"2023";"";"";"";"";"thesis";"dtu|dtu_electronic|dtupub|dtupub_electronic";"";"";"";"";"";"";"";"";"";"";"";"";"";"";"";"";"und";"6590bf475807f32bb9bf16c4";"";"6590bf475807f32bb9bf16c4";"DTU Department of Space Research and Space Technology";"sorbit";"sorbit";"Maximizing data analysis of XMM-Newton's view on a neutron star Low Mass X-ray Binary system in outburst|Effetiktvisering af data analyse af XMM-Newtons syn pa et neutronstjerne Low Mass X-Ray Binary system i udbrud"
"";"dtu|dtupub|third_party";"";"2023-12-12T11:26:16.030Z";"Keller, Aida";"";"2730276307";"";"dtu";"2023";"";"";"";"";"thesis";"dtu|dtu_electronic|dtupub_external";"";"";"";"";"";"";"";"";"";"";"";"";"";"";"";"";"und";"65653dc21277ab1316f116fb";"";"65653dc21277ab1316f116fb";"DTU Department of Technology, Management and Economics";"sorbit";"sorbit";"Human factors issues of data center control room monitoring|Human factors issues of data center control room monitoring"
"";"dtu|dtupub|third_party";"";"2024-10-31T01:09:41.982Z";"Gaztelumendi, Odei Díaz";"";"2740118042";"";"dtu";"2024";"";"";"";"";"thesis";"dtu|dtu_electronic|dtupub|dtupub_electronic";"";"";"";"";"";"";"";"";"";"";"";"";"";"";"";"";"und";"6722d8d562f7e2a51df9f6a2";"";"6722d8d562f7e2a51df9f6a2";"DTU Department of Electrical and Photonics Engineering";"sorbit";"sorbit";"Reconstruction of the sound field in a room from measurements with a moving microphone|Reconstruction of the sound field in a room from measurements with a moving microphone"
"";"dtu|dtupub|third_party";"";"2024-01-04T01:09:32.687Z";"Jakab, Richárd Benjámin";"";"2730752554";"";"dtu";"2023";"";"";"";"";"thesis";"dtu|dtu_electronic|dtupub|dtupub_electronic";"";"";"";"";"";"";"";"";"";"";"";"";"";"";"";"";"und";"6596054c7fbff92bb9516d39";"";"6596054c7fbff92bb9516d39";"DTU Department of Applied Mathematics and Computer Science";"sorbit";"sorbit";"Classifying content type and subreddit from thread structure on Reddit|Klassificering af indholdstype og subreddit fra strukturen af diskussionstrade pa Reddit"
"";"dtu|dtupub|third_party";"";"2024-03-19T01:09:37.959Z";"Quorning, Magnus|Lademann, Martin Buchanan|Enevoldsen, Sebastian Hahn";"";"2734486795";"";"dtu";"2024";"";"";"";"";"thesis";"dtu|dtu_electronic|dtupub|dtupub_electronic";"";"";"";"";"";"";"";"";"";"";"";"";"";"";"";"";"und";"65f8e5d143fdeb1e2ea1b1f2";"";"65f8e5d143fdeb1e2ea1b1f2";"DTU Department of Electrical and Photonics Engineering";"sorbit";"sorbit";"Data-Driven Modelling and Nonlinear Control for Autonomous In-Port Ferry Maneuvering|Datastyret Modellering og Ulineær Kontrol til Autonom Færgemanøvrering i Havn"
"";"dtu|dtupub|third_party";"";"2023-04-26T00:09:34.064Z";"Olsen, Ida Birgitte Lundtorp";"";"2723771217";"";"dtu";"2023";"";"";"";"";"thesis";"dtu|dtu_electronic|dtupub|dtupub_electronic";"";"";"";"";"";"";"";"";"";"";"";"";"";"";"";"";"und";"64486bbd30457811c2e560fc";"";"64486bbd30457811c2e560fc";"DTU Department of Space Research and Space Technology";"sorbit";"sorbit";"Optimal estimation of snow and ice parameters from microwave remote sensing|Kortlægning af sne og havis med mikrobølge radiometri"
"";"dtu|dtupub|third_party";"";"2024-08-05T00:32:38.125Z";"Paiman, Mechid";"";"2737992919";"";"dtu";"2024";"";"";"";"";"thesis";"dtu|dtu_electronic|dtupub|dtupub_electronic";"";"";"";"";"";"";"";"";"";"";"";"";"";"";"";"";"und";"66b01841852be0e8f341cec8";"";"66b01841852be0e8f341cec8";"DTU Department of Space Research and Space Technology";"sorbit";"sorbit";"Rotating black holes in two time dimensions|Roterende sorte huller i to tidsdimensioner"
"";"dtu|dtupub|third_party";"";"2023-08-01T00:10:29.297Z";"Murillo, Pedro Jose Morenilla";"";"2727446957";"";"dtu";"2023";"";"";"";"";"thesis";"dtu|dtu_electronic|dtupub|dtupub_electronic";"";"";"";"";"";"";"";"";"";"";"";"";"";"";"";"";"und";"64c84d758f58441f4f586f74";"";"64c84d758f58441f4f586f74";"DTU Department of Electrical and Photonics Engineering";"sorbit";"sorbit";"Quantitative appearance comparison of BIPV products to existing building materials|Kvantitativ udseendes-mæssig sammenligning af BIPV produkter og eksisterende byggematerialer"
"";"dtu|dtupub|third_party";"";"2024-07-13T06:38:13.585Z";"Mikkelstrup, Christian Møller";"";"2737552165";"";"dtu";"2024";"";"";"";"";"thesis";"dtu|dtu_electronic|dtupub|dtupub_electronic";"";"";"";"";"";"";"";"";"";"";"";"";"";"";"";"";"und";"6691c5e5495a8be8f3e3abb9";"";"6691c5e5495a8be8f3e3abb9";"DTU Department of Applied Mathematics and Computer Science";"sorbit";"sorbit";"Algorithms for Image Segmentation|Algoritmer til billedsegmentering"
"";"dtu|dtupub|third_party";"";"2024-07-30T12:38:09.081Z";"Sehested, Rune Henrik Verder";"";"2737859130";"";"dtu";"2024";"";"";"";"";"thesis";"dtu|dtu_electronic|dtupub|dtupub_electronic";"";"";"";"";"";"";"";"";"";"";"";"";"";"";"";"";"und";"66a8305ec2964de8f3fa7a1c";"";"66a8305ec2964de8f3fa7a1c";"DTU Department of Applied Mathematics and Computer Science";"sorbit";"sorbit";"The Role of Context in Deep Learning for 2D and 3D Images|Betydning af kontekst i dyb læring for 2D og 3D billeder"
"";"dtu|dtupub|third_party";"";"2024-09-10T09:15:02.386Z";"Wassberg, Therese Rahbek|Hass, Gitte Bailey";"";"2738325604";"";"dtu";"2024";"";"";"";"";"thesis";"dtu|dtu_electronic|dtupub|dtupub_electronic";"";"";"";"";"";"";"";"";"";"";"";"";"";"";"";"";"und";"66c3df039ec4fa204cad9ded";"";"66c3df039ec4fa204cad9ded";"DTU Department of Health Technology";"sorbit";"sorbit";"Embedded 3D bioprinting of skeletal muscle tissue models|Indlejret 3D-bioprint af levende modeller af skeletmuskulatur"
"";"dtu|dtupub|third_party";"";"2024-05-18T00:09:47.622Z";"Apeni, Ebenezer Nwi";"";"2736271572";"";"dtu";"2024";"";"";"";"";"thesis";"dtu|dtu_electronic|dtupub|dtupub_electronic";"";"";"";"";"";"";"";"";"";"";"";"";"";"";"";"";"und";"6647f1cb9b384328517baad7";"";"6647f1cb9b384328517baad7";"DTU Department of Technology, Management and Economics";"sorbit";"sorbit";"Sustainable urban mobility|bæredygtig bymobilitet"
"";"dtu|dtupub|third_party";"";"2024-09-10T09:15:01.446Z";"Jakobsen, Anton Borup|Schou, Anders Emil";"";"2738218276";"";"dtu";"2024";"";"";"";"";"thesis";"dtu|dtu_electronic|dtupub|dtupub_electronic";"";"";"";"";"";"";"";"";"";"";"";"";"";"";"";"";"und";"66bd476d188f05e8f3f5f4b6";"";"66bd476d188f05e8f3f5f4b6";"DTU Department of Applied Mathematics and Computer Science";"sorbit";"sorbit";"Physics-Informed Neural Networks for Solving the Linear Elasticity Equations in Continuum Mechanics|Fysikinformerede neurale netværk til løsning af de lineære elasticitetsligninger i kontinuumsmekanik"
"";"dtu|dtupub|third_party";"";"2024-09-22T00:09:55.131Z";"Ko, Dongkyu";"";"2739199164";"";"dtu";"2024";"";"";"";"";"thesis";"dtu|dtu_electronic|dtupub|dtupub_electronic";"";"";"";"";"";"";"";"";"";"";"";"";"";"";"";"";"und";"66ef60504de43943d95a6a36";"";"66ef60504de43943d95a6a36";"DTU Department of Wind and Energy Systems";"sorbit";"sorbit";"Understanding wind turbine dynamics under cold climatic conditions through the Fluid-Structure Interaction analysis|Forstaelse af vindmølle dynamik under kolde klimaforhold via analyse af interaktion mellem strømning og struktur"
"";"dtu|dtupub|third_party";"";"2024-04-20T00:09:53.173Z";"Sørensen, Markus";"";"2735671813";"";"dtu";"2024";"";"";"";"";"thesis";"dtu|dtu_electronic|dtupub|dtupub_electronic";"";"";"";"";"";"";"";"";"";"";"";"";"";"";"";"";"und";"662307d1f220821afdb1b435";"";"662307d1f220821afdb1b435";"DTU Department of Health Technology";"sorbit";"sorbit";"Biological Target-Oriented Molecular Generation for Drug Design using state-of-the-art Deep Learning models|Molekyle generering m°alrettet p°a biologiske targets ved brug af State of the art Deep Learning modeller"
"";"dtu|dtupub|third_party";"";"2024-05-08T00:09:40.247Z";"Konstantinov, Denis";"";"2736043893";"";"dtu";"2024";"";"";"";"";"thesis";"dtu|dtu_electronic|dtupub_external";"";"";"";"";"";"";"";"";"";"";"";"";"";"";"";"";"und";"663ac2c322d5fa135c8cc001";"";"663ac2c322d5fa135c8cc001";"DTU Department of Biotechnology and Biomedicine";"sorbit";"sorbit";"Exploring Phosphatase Activity in Probiotic Yeast Using Synthetic Biology|Udforskning af Fosfataseaktivitet i Probiotisk Gær ved hjælp af Syntetisk Biologi"
"";"dtu|dtupub|third_party";"";"2024-07-13T06:38:13.568Z";"Hellum, Jacob";"";"2737552159";"";"dtu";"2024";"";"";"";"";"thesis";"dtu|dtu_electronic|dtupub|dtupub_electronic";"";"";"";"";"";"";"";"";"";"";"";"";"";"";"";"";"und";"6691c5dcff0b7be8f364b9b3";"";"6691c5dcff0b7be8f364b9b3";"DTU Department of Applied Mathematics and Computer Science";"sorbit";"sorbit";"Reference-based Compression Techniques for Large String Databases|Referencebaserede komprimeringsteknikker til store strengdatabaser"
"";"dtu|dtupub|third_party";"";"2024-07-17T05:32:21.845Z";"Jørgensen, Aleksander Lægsgaard|Mhadden, Ousama";"";"2737629776";"";"dtu";"2024";"";"";"";"";"thesis";"dtu|dtu_electronic|dtupub|dtupub_electronic";"";"";"";"";"";"";"";"";"";"";"";"";"";"";"";"";"und";"66970bca4737f7e8f3b43e7b";"";"66970bca4737f7e8f3b43e7b";"DTU Department of Applied Mathematics and Computer Science";"sorbit";"sorbit";"Improving User Interaction with Rental Platforms via Artificial Intelligence Models|Forbedring af brugerinteraktion med lejeplatforme via kunstig intelligensmodeller"
"";"dtu|dtupub|third_party";"";"2024-09-10T09:15:02.778Z";"Wegener, Helene Scheel";"";"2738061272";"";"dtu";"2024";"";"";"";"";"thesis";"dtu|dtu_electronic|dtupub|dtupub_electronic";"";"";"";"";"";"";"";"";"";"";"";"";"";"";"";"";"und";"66b2bb64613e25e8f3ad38df";"";"66b2bb64613e25e8f3ad38df";"DTU Department of Health Technology";"sorbit";"sorbit";"Enabling intrinsic subtyping of breast cancer on single cell level|Subtyping af brystkræft pa enkeltcelleniveau"
"";"dtu|dtupub|third_party";"";"2024-06-16T00:09:57.802Z";"Ferraresi, Denise";"";"2736952352";"";"dtu";"2024";"";"";"";"";"thesis";"dtu|dtu_electronic|dtupub|dtupub_electronic";"";"";"";"";"";"";"";"";"";"";"";"";"";"";"";"";"und";"666e2d5527f43e17d3ab6c86";"";"666e2d5527f43e17d3ab6c86";"DTU Department of Energy Conversion and Storage";"sorbit";"sorbit";"A symmetric cell architecture for fuel electrode characterization|En symmetrisk cellearkitektur til karakterisering af SOEC-brændselselektroder"
"";"dtu|dtupub|third_party";"";"2024-08-30T00:10:03.453Z";"Hötzendorfer, Sabrina";"";"2738544692";"";"dtu";"2024";"";"";"";"";"thesis";"dtu|dtu_electronic|dtupub|dtupub_electronic";"";"";"";"";"";"";"";"";"";"";"";"";"";"";"";"";"und";"66d10ddb72190e0184966778";"";"66d10ddb72190e0184966778";"DTU Department of Electrical and Photonics Engineering";"sorbit";"sorbit";"Optical fiber chemical sensing based on long period gratings|Fiber optisk kemisk sensor baseret pa gitter med lang periode"
"";"dtu|dtupub|third_party";"";"2024-08-01T06:44:38.997Z";"Larsen, Mikael Baade-Pedersen";"";"2737905496";"";"dtu";"2024";"";"";"";"";"thesis";"dtu|dtu_electronic|dtupub|dtupub_electronic";"";"";"";"";"";"";"";"";"";"";"";"";"";"";"";"";"und";"66a980e95dea5ee8f35a5331";"";"66a980e95dea5ee8f35a5331";"DTU Department of Electrical and Photonics Engineering";"sorbit";"sorbit";"Stable and effective optical wavelength conversion|Stabil og effektiv optisk bølgelængdekonvertering"
"";"dtu|dtupub|third_party";"";"2024-08-22T00:11:47.077Z";"Pedersen, Jonas Bøttzauw";"";"2738355839";"";"dtu";"2024";"";"";"";"";"thesis";"dtu|dtu_electronic|dtupub|dtupub_electronic";"";"";"";"";"";"";"";"";"";"";"";"";"";"";"";"";"und";"66c681d509687a204cb645f1";"";"66c681d509687a204cb645f1";"DTU Department of Applied Mathematics and Computer Science";"sorbit";"sorbit";"Motion Blur Estimation for Face Image Quality Assessment|Estimering af bevægelsesslør til udregning af kvaliteten af ansigtsbilleder."
"";"dtu|dtupub|third_party";"";"2024-07-30T12:38:08.833Z";"Jakhalekar, Makarand";"";"2737859084";"";"dtu";"2024";"";"";"";"";"thesis";"dtu|dtu_electronic|dtupub|dtupub_electronic";"";"";"";"";"";"";"";"";"";"";"";"";"";"";"";"";"und";"66a82ff93375c3e8f32bc25d";"";"66a82ff93375c3e8f32bc25d";"DTU Department of Civil and Mechanical Engineering";"sorbit";"sorbit";"Damping of 3P resonance in Floating Offshore Wind Turbines|Dæmpning af 3P resonans i flydende havvindmøller"
"";"dtu|dtupub|third_party";"";"2024-08-22T00:11:49.206Z";"Mittag, Julian Marius";"";"2738355842";"";"dtu";"2024";"";"";"";"";"thesis";"dtu|dtu_electronic|dtupub|dtupub_electronic";"";"";"";"";"";"";"";"";"";"";"";"";"";"";"";"";"und";"66c681d6b13bcb204cdb2b44";"";"66c681d6b13bcb204cdb2b44";"DTU Department of Wind and Energy Systems";"sorbit";"sorbit";"Flexibility and profitability quantification for an aggregation of EVs providing frequency services|Kvantificering af fleksibilitet og profitabilitet ved aggregering af elbiler der leverer frekvensregulering"
"";"dtu|dtupub|third_party";"";"2024-08-05T00:32:37.902Z";"Sariol, Berta Rota i";"";"2737992863";"";"dtu";"2024";"";"";"";"";"thesis";"dtu|dtu_electronic|dtupub_external";"";"";"";"";"";"";"";"";"";"";"";"";"";"";"";"";"und";"66b0183cee1fd8e8f3267b7e";"";"66b0183cee1fd8e8f3267b7e";"DTU DTU National Food Institute";"sorbit";"sorbit";"Electrohydrodynamic produced microstructures for encapsulation and enhanced oxidative stability of lipophilic bioactives|Elektrohydrodynamisk fremstillede mikrostrukturer til indkapsling og forbedret oxidativ stabilitet af lipofile bioaktive stoffer"
"";"dtu|dtupub|third_party";"";"2023-09-15T00:09:31.367Z";"Megyik, Orsolya Anna";"";"2728330049";"";"dtu";"2023";"";"";"";"";"thesis";"dtu|dtu_electronic|dtupub|dtupub_electronic";"";"";"";"";"";"";"";"";"";"";"";"";"";"";"";"";"und";"6503a0b999a68a1200d57936";"";"6503a0b999a68a1200d57936";"DTU Department of Health Technology";"sorbit";"sorbit";"Exploring cochlear and brainstem auditory-evoked latency-level functions|Analyse af latenstid af auditivt evokerede potentialer i kochlea og hjernestam som funktion af lydniveau"
"";"dtu|dtupub|third_party";"";"2023-08-02T00:10:39.174Z";"Thepenier, Arthur Paul Laurent";"";"2727471337";"";"dtu";"2023";"";"";"";"";"thesis";"dtu|dtu_electronic|dtupub|dtupub_electronic";"";"";"";"";"";"";"";"";"";"";"";"";"";"";"";"";"und";"64c99eff1b2dee1f4fba854c";"";"64c99eff1b2dee1f4fba854c";"DTU Department of Energy Conversion and Storage";"sorbit";"sorbit";"Experimental proof and techno-economic assessment of electrochemical N2 production for ammonia synthesis|Elektrokemisk fremstilling af kvælstof til ammoniaksyntese - eksperimentelle studier og tekno-økonomiske potentiale"
"";"dtu|dtupub|third_party";"";"2023-07-04T00:11:06.714Z";"Andersen, Søren Qvist|Larsen, Marius Helmer";"";"2726481741";"";"dtu";"2023";"";"";"";"";"thesis";"dtu|dtu_electronic|dtupub_external";"";"";"";"";"";"";"";"";"";"";"";"";"";"";"";"";"und";"64a3639a024070915289904b";"";"64a3639a024070915289904b";"DTU Department of Civil and Mechanical Engineering";"sorbit";"sorbit";"Modular Design in the Construction Industry: A Case Study in Product Architecture Analysis and Assessment|Modulært design i byggebranchen: Et casestudie i produktarkitekturanalyse og -vurdering"
"";"dtu|dtupub|third_party";"";"2023-07-24T00:11:11.872Z";"Vinther, Laila";"";"2727253390";"";"dtu";"2023";"";"";"";"";"thesis";"dtu|dtu_electronic|dtupub|dtupub_electronic";"";"";"";"";"";"";"";"";"";"";"";"";"";"";"";"";"und";"64bdc19fd0c6863131d63127";"";"64bdc19fd0c6863131d63127";"DTU Department of Environmental and Resource Engineering";"sorbit";"sorbit";"Assessing On-line Sensors for Microbial Drinking Water Quality Monitoring in Distribution Networks - Laboratory and Field Investigations of On-line Biofilm and Tryptophan Sensors|Vurdering af On-line Sensorer til Monitering af Mikrobiel Drikkevandskvalitet i Ledningsnetværk - Laboratorie- og Feltundersøgelser af On-line Biofilm- og Tryptophansensor"
"";"dtu|dtupub|third_party";"";"2023-03-16T01:09:38.395Z";"Glavind, Markus|Gregersen, Gustav Brandt";"";"2720821259";"";"dtu";"2023";"";"";"";"";"thesis";"dtu|dtu_electronic|dtupub|dtupub_electronic";"";"";"";"";"";"";"";"";"";"";"";"";"";"";"";"";"und";"64126c511791643abbc3ded9";"";"64126c511791643abbc3ded9";"DTU Department of Civil and Mechanical Engineering";"sorbit";"sorbit";"Development and production realisation of NIR polymer scanner|Udvikling og produktionsdesign af en NIR polymer scanner"
"";"dtu|dtupub|third_party";"";"2023-04-05T00:09:26.299Z";"Kristiansen, Lasse Pærgård";"";"2723428085";"";"dtu";"2023";"";"";"";"";"thesis";"dtu|dtu_electronic|dtupub_external";"";"";"";"";"";"";"";"";"";"";"";"";"";"";"";"";"und";"642cbc36b127f43d3cce6a6a";"";"642cbc36b127f43d3cce6a6a";"DTU Department of Health Technology";"sorbit";"sorbit";"Automated sampling and analysis of cell populations in mini bioreactors with heterogeneous physical and chemical environments|Automatiseret prøvetagning og analyse af cellepopulationer i mini-bioreaktorer med heterogene fysiske og kemiske gradienter"
"";"dtu|dtupub|third_party";"";"2023-03-07T01:09:33.708Z";"Skaarup, Mikkel Sterup|Møhlenberg, Mads Fischer";"";"2720317281";"";"dtu";"2023";"";"";"";"";"thesis";"dtu|dtu_electronic|dtupub_external";"";"";"";"";"";"";"";"";"";"";"";"";"";"";"";"";"und";"64068ecd3a63da3c968e9814";"";"64068ecd3a63da3c968e9814";"DTU Department of Civil and Mechanical Engineering";"sorbit";"sorbit";"Complexity cost mapping and optimization proposal at LINAK|Kortlægning af kompleksitetsomkostninger og optimerings forslag ved LINAK"
"";"dtu|dtupub|third_party";"";"2023-03-18T02:24:13.305Z";"Thorkilsdatter, Johanne Høst";"";"2721204070";"";"dtu";"2023";"";"";"";"";"thesis";"dtu|dtu_electronic|dtupub|dtupub_electronic";"";"";"";"";"";"";"";"";"";"";"";"";"";"";"";"";"und";"64150f558647a43abbc2addc";"";"64150f558647a43abbc2addc";"DTU Department of Technology, Management and Economics";"sorbit";"sorbit";"A survey on electricity price forecasting for a European country|A survey on electricity price forecasting for a European country"
"";"dtu|dtupub|third_party";"";"2023-09-06T00:09:32.536Z";"Langkilde, Anna-Mae Fanny Buhl";"";"2728154018";"";"dtu";"2023";"";"";"";"";"thesis";"dtu|dtu_electronic|dtupub|dtupub_electronic";"";"";"";"";"";"";"";"";"";"";"";"";"";"";"";"";"und";"64f7c33cfd134122d1de49a7";"";"64f7c33cfd134122d1de49a7";"DTU National Institute of Aquatic Resources";"sorbit";"sorbit";"Physiological within-species variation in a diatom, Pseudo- nitzschia, and co-existence of strains with different traits|Trait-variation og sameksistens hos kiselalgen Pseudo- nitzschia"
"";"dtu|dtupub|third_party";"";"2023-08-27T00:09:18.487Z";"Kubes, Petr";"";"2727903486";"";"dtu";"2023";"";"";"";"";"thesis";"dtu|dtu_electronic|dtupub|dtupub_electronic";"";"";"";"";"";"";"";"";"";"";"";"";"";"";"";"";"und";"64ea942e05fd4f2052cb3967";"";"64ea942e05fd4f2052cb3967";"DTU Department of Technology, Management and Economics";"sorbit";"sorbit";"Implementation of dashboards for rehabilitation systems|Implementering af dasboard til rehabiliteringssystemer"
"";"dtu|dtupub|third_party";"";"2023-08-16T00:10:51.832Z";"Rosca, Vlad";"";"2727703750";"";"dtu";"2023";"";"";"";"";"thesis";"dtu|dtu_electronic|dtupub|dtupub_electronic";"";"";"";"";"";"";"";"";"";"";"";"";"";"";"";"";"und";"64dc140be58dba2052a00cd8";"";"64dc140be58dba2052a00cd8";"DTU Department of Biotechnology and Biomedicine";"sorbit";"sorbit";"Machine learning guided protein hallucination for de novo design of next generation antivenoms|Maskinlæringsstyret proteinhallucination til de novo-design af næste generations antigifte"
"";"dtu|dtupub|third_party";"";"2023-03-22T01:09:39.182Z";"Labuz, Amber Ravn";"";"2722957752";"";"dtu";"2023";"";"";"";"";"thesis";"dtu|dtu_electronic|dtupub|dtupub_electronic";"";"";"";"";"";"";"";"";"";"";"";"";"";"";"";"";"und";"641a55523ed7693c297ca0ed";"";"641a55523ed7693c297ca0ed";"DTU Department of Health Technology";"sorbit";"sorbit";"Biomechanical model development of the distal radius bone|Udvikling af en biomekanisk model for den distale radius knogle"
"";"dtu|dtupub|third_party";"";"2023-04-30T00:09:26.254Z";"Gull, Sana";"";"2723834938";"";"dtu";"2023";"";"";"";"";"thesis";"dtu|dtu_electronic|dtupub_external";"";"";"";"";"";"";"";"";"";"";"";"";"";"";"";"";"und";"644db1b4f69389232b9d06ee";"";"644db1b4f69389232b9d06ee";"DTU Department of Health Technology";"sorbit";"sorbit";"Pectin-coated liposomes as oral vaccines|Pektin-dækket liposomer som oral vacciner"
"";"dtu|dtupub|third_party";"";"2023-03-22T01:09:39.199Z";"Young, Valentin Oyre|Skafte, Line Soo Mee|Esandi, Blas Maria";"";"2722957754";"";"dtu";"2023";"";"";"";"";"thesis";"dtu|dtu_electronic|dtupub_external";"";"";"";"";"";"";"";"";"";"";"";"";"";"";"";"";"und";"641a55520090803c29af054c";"";"641a55520090803c29af054c";"DTU Department of Civil and Mechanical Engineering";"sorbit";"sorbit";"Development of implant applicator for Alzheimer’s Disease|Udvikling af implantat applikator for Alzheimers Sygdom"
"";"dtu|dtupub|third_party";"";"2024-02-28T01:24:19.919Z";"Jessen, Nikolai Asbjørn|Vu, Bao Ngoc";"";"2733712319";"";"dtu";"2024";"";"";"";"";"thesis";"dtu|dtu_electronic|dtupub_external";"";"";"";"";"";"";"";"";"";"";"";"";"";"";"";"";"und";"65de87f7ea89db0174894f48";"";"65de87f7ea89db0174894f48";"DTU Department of Chemical and Biochemical Engineering";"sorbit";"sorbit";"Modelling CIP systems in pilot-scale manufacturing of pharmaceutical products|Modellering af CIP-systemer i pilotskala fremstilling af farmaceutiske produkter"
"";"dtu|dtupub|third_party";"";"2024-02-28T01:24:22.091Z";"Rørdam, Astrid Dahl|Honoré, Christian Bornemann";"";"2733712450";"";"dtu";"2024";"";"";"";"";"thesis";"dtu|dtu_electronic|dtupub|dtupub_electronic";"";"";"";"";"";"";"";"";"";"";"";"";"";"";"";"";"und";"65de8802bd98dc017415d17c";"";"65de8802bd98dc017415d17c";"DTU Department of Technology, Management and Economics";"sorbit";"sorbit";"Balancing the environmental and financial factors within a CDMO pharmaceutical facility using Life Cycle Assessment and Cost-Benefit Analysis|Afbalancering af de miljømæssige og økonomiske faktorer inden for en CDMO-farmaceutisk facilitet ved hjælp af livscyklusvurdering og cost-benefit-analyse"
"";"dtu|dtupub|third_party";"";"2024-02-23T01:16:41.648Z";"Mühlberger, Quirin Kilian";"";"2733631591";"";"dtu";"2024";"";"";"";"";"thesis";"dtu|dtu_electronic|dtupub|dtupub_electronic";"";"";"";"";"";"";"";"";"";"";"";"";"";"";"";"";"und";"65d7f0503d3f483426a0761b";"";"65d7f0503d3f483426a0761b";"DTU Department of Health Technology";"sorbit";"sorbit";"Investigation of monaural localization in patients with single-sided deafness|Undersøgelse af monaural lokalisering hos patienter med enkeltsidet døvhed"
"";"dtu|dtupub|third_party";"";"2024-02-15T06:35:20.353Z";"Adhikari, Pushkar";"";"2731641221";"";"dtu";"2024";"";"";"";"";"thesis";"dtu|dtu_electronic|dtupub_external";"";"";"";"";"";"";"";"";"";"";"";"";"";"";"";"";"und";"65cd646188e598dd4b0f31cc";"";"65cd646188e598dd4b0f31cc";"DTU Department of Applied Mathematics and Computer Science";"sorbit";"sorbit";"An application of process mining techniques for optimization and analysis of large data warehouse systems|Anvendelse af process mining-teknikker til optimering og analyse af store data warehouse-systemer"
"";"dtu|dtupub|third_party";"";"2024-04-06T00:09:45.940Z";"Petersen, Mathilde Engelhardt";"";"2735398537";"";"dtu";"2024";"";"";"";"";"thesis";"dtu|dtu_electronic|dtupub|dtupub_electronic";"";"";"";"";"";"";"";"";"";"";"";"";"";"";"";"";"und";"661092c9e5d2091e2ebbf2b8";"";"661092c9e5d2091e2ebbf2b8";"DTU Department of Biotechnology and Biomedicine";"sorbit";"sorbit";"Tapping into marine natural products through microencapsulation and droplet cultivation|Udnyttelse af marine naturstoffer igennem mikroenkapsulering og dyrkning af mikroorganismer"
"";"dtu|dtupub|third_party";"";"2024-01-31T01:43:18.236Z";"Ifversen, Jesper Spenter";"";"2731307936";"";"dtu";"2023";"";"";"";"";"thesis";"dtu|dtu_electronic|dtupub|dtupub_electronic";"";"";"";"";"";"";"";"";"";"";"";"";"";"";"";"";"und";"65b99ddaf4f51c3e82aabc26";"";"65b99ddaf4f51c3e82aabc26";"DTU Department of Applied Mathematics and Computer Science";"sorbit";"sorbit";"Investigating the Effectiveness of Modern Wardriving to Identify Vulnerable Bluetooth-Enabled IoT Devices|Investigating the Effectiveness of Modern Wardriving to Identify Vulnerable Bluetooth-Enabled IoT Devices"
"";"dtu|dtupub|third_party";"";"2024-04-01T00:09:53.935Z";"Khan, Sana Ullah";"";"2735269661";"";"dtu";"2024";"";"";"";"";"thesis";"dtu|dtu_electronic|dtupub|dtupub_electronic";"";"";"";"";"";"";"";"";"";"";"";"";"";"";"";"";"und";"6609fb51273bf51e2e72707a";"";"6609fb51273bf51e2e72707a";"DTU Department of Biotechnology and Biomedicine";"sorbit";"sorbit";"Advancing Life Sciences Automation by Machine learning|Fremme biovidenskabsautomatisering ved maskinlæring"
"";"dtu|dtupub|third_party";"";"2024-03-02T02:05:32.522Z";"Kirk, Nikolaj Kaae";"";"2733987649";"";"dtu";"2024";"";"";"";"";"thesis";"dtu|dtu_electronic|dtupub|dtupub_electronic";"";"";"";"";"";"";"";"";"";"";"";"";"";"";"";"";"und";"65e27c5ae8fbf2149ee28195";"";"65e27c5ae8fbf2149ee28195";"DTU Department of Biotechnology and Biomedicine";"sorbit";"sorbit";"Implementation of the split-luciferase system in yeast using high-throughput robotics|Implementering af split-luciferase-systemet i gær ved brug af high-throughput robotik"
"";"dtu|dtupub|third_party";"";"2024-03-30T01:09:48.228Z";"Badreldin, Omer Babiker|Gopal, Shubham";"";"2735224920";"";"dtu";"2024";"";"";"";"";"thesis";"dtu|dtu_electronic|dtupub|dtupub_electronic";"";"";"";"";"";"";"";"";"";"";"";"";"";"";"";"";"und";"6607665c8ed1c81e2e7ab1f1";"";"6607665c8ed1c81e2e7ab1f1";"DTU Department of Health Technology";"sorbit";"sorbit";"Automation of Raman Spectroscopy for high throughput whole Blood Analysis|Automatisering af Raman spektroskopi til high throughput analyse af hel-blod"
"";"dtu|dtupub|third_party";"";"2023-09-01T00:09:26.913Z";"Larsen, Niels Jakob";"";"2728030158";"";"dtu";"2023";"";"";"";"";"thesis";"dtu|dtu_electronic|dtupub|dtupub_electronic";"";"";"";"";"";"";"";"";"";"";"";"";"";"";"";"";"und";"64f12bb637b5c822a6ad1e22";"";"64f12bb637b5c822a6ad1e22";"DTU Department of Applied Mathematics and Computer Science";"sorbit";"sorbit";"Applying Natural Language Processing for the curation of Biological Databases|Naturlig tekstanalyse for biologiske databaser"
"";"dtu|dtupub|third_party";"";"2023-08-16T00:11:21.116Z";"Nerman, Mikael Erik Gustav";"";"2727703986";"";"dtu";"2023";"";"";"";"";"thesis";"dtu|dtu_electronic|dtupub|dtupub_electronic";"";"";"";"";"";"";"";"";"";"";"";"";"";"";"";"";"und";"64dc14286a1a1620521fab9c";"";"64dc14286a1a1620521fab9c";"DTU Department of Wind and Energy Systems";"sorbit";"sorbit";"Moving beyond LCOE with COVE - Using a multiple linear regression price model|Bevæger sig ud over LCOE med COVE - Brug af en multipel linær regressionsprismodel"
"";"dtu|dtupub|third_party";"";"2023-09-10T00:09:25.028Z";"Dinesen, Camille Ahlgren";"";"2728230432";"";"dtu";"2023";"";"";"";"";"thesis";"dtu|dtu_electronic|dtupub|dtupub_electronic";"";"";"";"";"";"";"";"";"";"";"";"";"";"";"";"";"und";"64fd0934934fcf23c69b4db9";"";"64fd0934934fcf23c69b4db9";"DTU National Institute of Aquatic Resources";"sorbit";"sorbit";"Development of a high-throughput qPCR assay to describe immune profile of rainbow trout during microbial infection|Udvikling af en high-throughput qPCR analyse til at beskrive regnbueørreders immun profil ved mikrobiel infektion"
"";"dtu|dtupub|third_party";"";"2023-10-10T00:09:17.334Z";"Almosaileekh, Safeyah R H A M";"";"2729019650";"";"dtu";"2023";"";"";"";"";"thesis";"dtu|dtu_electronic|dtupub|dtupub_electronic";"";"";"";"";"";"";"";"";"";"";"";"";"";"";"";"";"und";"6524962c4c96011b729520c3";"";"6524962c4c96011b729520c3";"DTU Department of Chemistry";"sorbit";"sorbit";"Role of porous media heterogeneity on microbial reservoir souring|Rolle af porøse mediers heterogenitet pa mikrobiel reservoirforsuring"
"";"dtu|dtupub|third_party";"";"2023-10-25T00:09:05.639Z";"Kalli, Alitheia-Aliki";"";"2729337089";"";"dtu";"2023";"";"";"";"";"thesis";"dtu|dtu_electronic|dtupub|dtupub_electronic";"";"";"";"";"";"";"";"";"";"";"";"";"";"";"";"";"und";"65385ca0e2b0803eb6e6df8c";"";"65385ca0e2b0803eb6e6df8c";"DTU National Institute of Aquatic Resources";"sorbit";"sorbit";"Behavioural effects in connection to European eel tagging technology|Adfærdsmæssige effekter i forbindelse med Europæisk al mærkning teknologi"
"";"dtu|dtupub|third_party";"";"2023-07-24T00:11:17.211Z";"Guarneri, Mattia";"";"2727253401";"";"dtu";"2023";"";"";"";"";"thesis";"dtu|dtu_electronic|dtupub|dtupub_electronic";"";"";"";"";"";"";"";"";"";"";"";"";"";"";"";"";"und";"64bdc1a57bf1aa3131fee44a";"";"64bdc1a57bf1aa3131fee44a";"DTU Department of Technology, Management and Economics";"sorbit";"sorbit";"Optimization of baggage handling in Copenhagen Airport|Optimering af bagagehandtering i Københavns lufthavn"
"";"dtu|dtupub|third_party";"";"2023-09-15T00:09:34.460Z";"Liso, Sergio Fuentes";"";"2728330089";"";"dtu";"2023";"";"";"";"";"thesis";"dtu|dtu_electronic|dtupub_external";"";"";"";"";"";"";"";"";"";"";"";"";"";"";"";"";"und";"6503a0beb2bb2f12001b953a";"";"6503a0beb2bb2f12001b953a";"DTU Department of Chemical and Biochemical Engineering";"sorbit";"sorbit";"Establishing and scaling a continuous fermentation process for atrorosins production by Talaromyces atroroseus|Etablering og skalering af en kontinuerlig fermenteringsproces til atrorosinproduktion ved hjælp af Talaromyces atroroseus"
"";"dtu|dtupub|third_party";"";"2024-08-26T00:10:23.547Z";"Alvarado, Esteban Gerardo Zamora";"";"2738416395";"";"dtu";"2024";"";"";"";"";"thesis";"dtu|dtu_electronic|dtupub_external";"";"";"";"";"";"";"";"";"";"";"";"";"";"";"";"";"und";"66cbc7cfc7266f204c737c94";"";"66cbc7cfc7266f204c737c94";"DTU Department of Electrical and Photonics Engineering";"sorbit";"sorbit";"Software design and integration for Aerial Robotic Manipulation System|Softwaredesign og integration for Luftbaren Robotmanipulation System"
"";"dtu|dtupub|third_party";"";"2024-09-10T00:10:13.793Z";"Theodoridis, Georgios";"";"2738973155";"";"dtu";"2024";"";"";"";"";"thesis";"dtu|dtu_electronic|dtupub|dtupub_electronic";"";"";"";"";"";"";"";"";"";"";"";"";"";"";"";"";"und";"66df8e65c35e841d782a365f";"";"66df8e65c35e841d782a365f";"DTU Department of Applied Mathematics and Computer Science";"sorbit";"sorbit";"Advancing Medical Cybersecurity: Designing and Implementing a DICOM Honeypot|Advancing Medical Cybersecurity: Designing and Implementing a DICOM Honeypot"
"";"dtu|dtupub|third_party";"";"2023-08-28T00:09:16.815Z";"Dahl, Rasmus Nissen";"";"2727909675";"";"dtu";"2023";"";"";"";"";"thesis";"dtu|dtu_electronic|dtupub_external";"";"";"";"";"";"";"";"";"";"";"";"";"";"";"";"";"und";"64ebe5ac52de322052040972";"";"64ebe5ac52de322052040972";"DTU Department of Chemical and Biochemical Engineering";"sorbit";"sorbit";"Modelling the water recovery from waste water treatment systems with Machine Learning|Modellering af udbytte af spildevandsrensningsanlæg med Machine Learning."
"";"dtu|dtupub|third_party";"";"2023-06-25T00:11:20.074Z";"Holte, Olfert Joakim";"";"2726249937";"";"dtu";"2023";"";"";"";"";"thesis";"dtu|dtu_electronic|dtupub|dtupub_electronic";"";"";"";"";"";"";"";"";"";"";"";"";"";"";"";"";"und";"649786276778b0ff898ad32e";"";"649786276778b0ff898ad32e";"DTU Department of Wind and Energy Systems";"sorbit";"sorbit";"Overcurrent in high temperature superconducting tapes for a power cable application|Overstrøm i højtemperatur superledende band til elnet kable anvendelser"
"";"dtu|dtupub|third_party";"";"2023-02-22T01:09:58.679Z";"Halling, Lars Emil Tvernø";"";"2718825271";"";"dtu";"2023";"";"";"";"";"thesis";"dtu|dtu_electronic|dtupub_external";"";"";"";"";"";"";"";"";"";"";"";"";"";"";"";"";"und";"63f56b66b1105f91f7d89495";"";"63f56b66b1105f91f7d89495";"DTU Department of Applied Mathematics and Computer Science";"sorbit";"sorbit";"Configuration and analysis of TSN with Asynchronous Traffic Shaping|Konfiguration og analyse af TSN med Asynkron trafikplanlægger"
"";"dtu|dtupub|third_party";"";"2023-07-30T00:11:10.862Z";"Berreth, Fabian Michael";"";"2727401434";"";"dtu";"2023";"";"";"";"";"thesis";"dtu|dtu_electronic|dtupub|dtupub_electronic";"";"";"";"";"";"";"";"";"";"";"";"";"";"";"";"";"und";"64c5aa9e780e111f4fe3e0c5";"";"64c5aa9e780e111f4fe3e0c5";"DTU Department of Technology, Management and Economics";"sorbit";"sorbit";"Facilitation structures of innovation processes|Faciliteringsstrukturer for innovationsprocesser"
"";"dtu|dtupub|third_party";"";"2024-03-16T01:12:44.523Z";"Kamath, Nalin Sharad";"";"2734397220";"";"dtu";"2024";"";"";"";"";"thesis";"dtu|dtu_electronic|dtupub|dtupub_electronic";"";"";"";"";"";"";"";"";"";"";"";"";"";"";"";"";"und";"65f4f158c734a91e2e39c6d0";"";"65f4f158c734a91e2e39c6d0";"DTU Department of Electrical and Photonics Engineering";"sorbit";"sorbit";"Regularization Strategies for high dimensional Bayesian Optimization as applied to FEMU and Fault Detection|Regulariseringsstrategier for højdimensionel Bayesiansk optimering som er anvendt pa FEMU og fejldetektion"
"";"dtu|dtupub|third_party";"";"2023-03-04T06:55:14.813Z";"Herstad, Torine Reed";"";"2720214412";"";"dtu";"2023";"";"";"";"";"thesis";"dtu|dtu_electronic|dtupub_external";"";"";"";"";"";"";"";"";"";"";"";"";"";"";"";"";"und";"6402eb4bd080dc3c4525773f";"";"6402eb4bd080dc3c4525773f";"DTU Department of Applied Mathematics and Computer Science";"sorbit";"sorbit";"Stochastic modelling of fermentation processes|Stokastisk modellering af fermenteringsprocesser"
"";"dtu|dtupub|third_party";"";"2023-03-04T06:55:14.817Z";"Osadcijs, Antons";"";"2720214413";"";"dtu";"2023";"";"";"";"";"thesis";"dtu|dtu_electronic|dtupub_external";"";"";"";"";"";"";"";"";"";"";"";"";"";"";"";"";"und";"6402eb4cf1a2e33c45c285e5";"";"6402eb4cf1a2e33c45c285e5";"DTU Department of Wind and Energy Systems";"sorbit";"sorbit";"Stochastic Programming for the Optimal Operation of PtX|Stokastisk programmering for den optimale operation af PtX"
"";"dtu|dtupub|third_party";"";"2023-07-23T00:10:29.936Z";"Tervidovicius, Martin Octavio";"";"2727248367";"";"dtu";"2023";"";"";"";"";"thesis";"dtu|dtu_electronic|dtupub|dtupub_electronic";"";"";"";"";"";"";"";"";"";"";"";"";"";"";"";"";"und";"64bc6ff5e4282831314ff9e3";"";"64bc6ff5e4282831314ff9e3";"DTU Department of Civil and Mechanical Engineering";"sorbit";"sorbit";"Implementation and assessment of the hourly calculation method for potential application in Be18|Implementering og evaluering af timebaseret energibehovsberegning i Be18"
"";"dtu|dtupub|third_party";"";"2023-04-01T00:09:44.976Z";"Pagh, Terese";"";"2723340233";"";"dtu";"2023";"";"";"";"";"thesis";"dtu|dtu_electronic|dtupub_external";"";"";"";"";"";"";"";"";"";"";"";"";"";"";"";"";"und";"6427764849187d3d3ca6e644";"";"6427764849187d3d3ca6e644";"DTU Department of Civil and Mechanical Engineering";"sorbit";"sorbit";"Design and prototyping of a web-based tool for integrating 3D- and BIM data with LCAbyg in a central model|Design og prototyping af et webbaseret værktøj til integration af 3D- og BIM-data med LCAbyg i en central model"
"";"dtu|dtupub|third_party";"";"2023-09-06T00:09:38.254Z";"Paganelli, Zoe";"";"2728154054";"";"dtu";"2023";"";"";"";"";"thesis";"dtu|dtu_electronic|dtupub|dtupub_electronic";"";"";"";"";"";"";"";"";"";"";"";"";"";"";"";"";"und";"64f7c34209dfc122d1c78b68";"";"64f7c34209dfc122d1c78b68";"DTU Department of Health Technology";"sorbit";"sorbit";"Chitin/bioactive glass scaffolds for bone tissue regeneration|Dyrkningsmatricer af kitin og bioaktivt glas til regenerering af knoglevæv"
"";"dtu|dtupub|third_party";"";"2023-04-01T00:09:45.865Z";"Thordardottir, Ellen Huld";"";"2723340246";"";"dtu";"2023";"";"";"";"";"thesis";"dtu|dtu_electronic|dtupub_external";"";"";"";"";"";"";"";"";"";"";"";"";"";"";"";"";"und";"64277649e2811e3d3c8db62f";"";"64277649e2811e3d3c8db62f";"DTU Department of Civil and Mechanical Engineering";"sorbit";"sorbit";"Additive Manufacturing of biomedical components, targeting the dental industry|Additiv Fremstilling af biomedicinske komponenter malrettet dentalindustrien"
"";"dtu|dtupub|third_party";"";"2023-07-09T00:10:38.170Z";"Mølgaard, Marcus";"";"2726974046";"";"dtu";"2023";"";"";"";"";"thesis";"dtu|dtu_electronic|dtupub|dtupub_electronic";"";"";"";"";"";"";"";"";"";"";"";"";"";"";"";"";"und";"64a9fafe127a9d9152e6d0de";"";"64a9fafe127a9d9152e6d0de";"DTU Department of Health Technology";"sorbit";"sorbit";"The leptin system of the Ossabaw pig. Leptin receptor expression and interaction with leptin and alpha-1-acid glycoprotein in lean versus obese Ossabaw pigs|Leptinsystemet i Ossabaw-grisen. Leptin receptor expression og interaktion med leptin og alpha-1-acid glycoprotein i slanke versus fede Ossabawgrise."
"";"dtu|dtupub|third_party";"";"2023-09-30T00:09:19.823Z";"Norkute, Evita";"";"2728796990";"";"dtu";"2023";"";"";"";"";"thesis";"dtu|dtu_electronic|dtupub|dtupub_electronic";"";"";"";"";"";"";"";"";"";"";"";"";"";"";"";"";"und";"6517672f2dbe4903b3948fb3";"";"6517672f2dbe4903b3948fb3";"DTU Department of Health Technology";"sorbit";"sorbit";"Inorganic nanoparticles with enzyme-like activity to trigger the production of nitric oxide|Uorganiske nanopartikler med enzym-lignende aktivitet til produktion af nitrogenoxid"
"";"dtu|dtupub|third_party";"";"2023-06-23T00:11:02.758Z";"Zogopoulou, Eleni";"";"2726218056";"";"dtu";"2023";"";"";"";"";"thesis";"dtu|dtu_electronic|dtupub|dtupub_electronic";"";"";"";"";"";"";"";"";"";"";"";"";"";"";"";"";"und";"6494e315b4a79fff89bad5f2";"";"6494e315b4a79fff89bad5f2";"DTU National Institute of Aquatic Resources";"sorbit";"sorbit";"Assessment of egg disinfection to prevent Piscine orthoreovirus 3 (PRV-3) spread in Rainbow trout|Vurdering af ægdesinfektion for at forhindre Piscine orthoreovirus 3 (PRV-3) spredning i regnbueørred"
"";"dtu|dtupub|third_party";"";"2024-07-23T15:42:09.422Z";"Torris, Mathéo Stéphane";"";"2737744394";"";"dtu";"2024";"";"";"";"";"thesis";"dtu|dtu_electronic|dtupub_external";"";"";"";"";"";"";"";"";"";"";"";"";"";"";"";"";"und";"669ef4ec4380e2e8f33a47df";"";"669ef4ec4380e2e8f33a47df";"DTU Department of Technology, Management and Economics";"sorbit";"sorbit";"Analysis and improvement of production processes and methods of a luxury goods production workshop|Analyse og forbedring af produktionsprocesser og metoder i en luksusvareproduktion"
"";"dtu|dtupub|third_party";"";"2024-02-28T01:24:18.506Z";"Hess, Amalie Lerke";"";"2733712223";"";"dtu";"2024";"";"";"";"";"thesis";"dtu|dtu_electronic|dtupub|dtupub_electronic";"";"";"";"";"";"";"";"";"";"";"";"";"";"";"";"";"und";"65de87eb90d20101740d0262";"";"65de87eb90d20101740d0262";"DTU Department of Applied Mathematics and Computer Science";"sorbit";"sorbit";"Using Graph Representation Learning to Uncover Structure in Crime Networks|Grafrepræsentationslæring til at belyse strukturen af kriminelle netværk"
"";"dtu|dtupub|third_party";"";"2024-03-06T05:02:01.009Z";"Benrath, Joost";"";"2734175651";"";"dtu";"2024";"";"";"";"";"thesis";"dtu|dtu_electronic|dtupub|dtupub_electronic";"";"";"";"";"";"";"";"";"";"";"";"";"";"";"";"";"und";"65e7c25cf8b11d3f79736ca5";"";"65e7c25cf8b11d3f79736ca5";"DTU Department of Civil and Mechanical Engineering";"sorbit";"sorbit";"Parametric Study of a Mechanical-Based Method for Timber Member Buckling|Parametric Study of a Mechanical-Based Method for Timber Member Buckling"
"";"dtu|dtupub|third_party";"";"2024-04-23T00:09:42.105Z";"Amenda, Laura Josefa";"";"2735732222";"";"dtu";"2024";"";"";"";"";"thesis";"dtu|dtu_electronic|dtupub_external";"";"";"";"";"";"";"";"";"";"";"";"";"";"";"";"";"und";"6626fc45278b2b1afda595df";"";"6626fc45278b2b1afda595df";"DTU Department of Applied Mathematics and Computer Science";"sorbit";"sorbit";"Leveraging Process Mining Techniques on Electronic Health Record Event Logs in an Intensive Care Unit Setting|Udnyttelse af Process Mining-teknikker i elektroniske patientjournaler pa en intensivafdeling"