"abstract_ts";"access_ss";"Affiliations";"Timestamp";"Author";"citation_count_i";"ID";"dtu_library_collection_facet";"collection_facet";"Publication Year";"Conference";"DOI";"Editor";"embargo_ssf";"format";"fulltext_availability_facet";"has_openaccess_fulltext_b";"holdings_ssf";"ISBN";"Journal Issue";"journal_issue_tsort";"journal_oa_model_ss";"Journal Page";"journal_page_start_tsort";"Journal Title";"journal_title_facet";"toc_key_s";"Journal Volume";"journal_vol_tsort";"keywords_ts";"keywords_facet";"keywords_normalized";"isolanguage_facet";"member_id_ss";"ORCID";"primary_member_id_s";"Publisher";"Source";"source_all_ss";"Title"
"";"dtu|dtupub|third_party";"";"2022-01-03T13:15:55.979Z";"Kristjánsdóttir, Thórdís";"";"2292735314";"";"dtu";"2015";"";"";"";"";"thesis";"dtu|dtu_electronic|dtupub|dtupub_electronic";"";"";"";"";"";"";"";"";"";"";"";"";"";"Master of Science in Engineering|Master of science in Bioinformatics and Systems Biology|Systembiologi|kandidat";"Master of Science in Engineering|Master of science in Bioinformatics and Systems Biology|Systembiologi|kandidat";"Master of Science in Engineering|Master of science in Bioinformatics and Systems Biology|Systembiologi|kandidat";"und";"56d754b0bf19455102000387";"";"56d754b0bf19455102000387";"DTU Department of Biotechnology and Biomedicine";"sorbit";"sorbit";"Genome-scale metabolic reconstruction for Rhodothermus marinus|Genome-scale metabolic reconstruction for Rhodothermus marinus"
"";"dtu|dtupub|third_party";"";"2022-01-03T13:07:20.114Z";"Olsen, Katrine Buur";"";"2306781689";"";"dtu";"2016";"";"";"";"";"thesis";"dtu|dtu_electronic|dtupub_external";"";"";"";"";"";"";"";"";"";"";"";"";"";"Design og inn.|Master of Science in Design and Innovation|Master of Science in Engineering|kandidat";"Design og inn.|Master of Science in Design and Innovation|Master of Science in Engineering|kandidat";"Design og inn.|Master of Science in Design and Innovation|Master of Science in Engineering|kandidat";"und";"5795f1b06bbf232e70000bdc";"";"5795f1b06bbf232e70000bdc";"DTU Department of Civil and Mechanical Engineering";"sorbit";"sorbit";"How does a product's sound impact the user experience and how can product sound design improve the user experience? Novo Nordisk as case company|Hvad gør produktets lyd for brugeroplevelsen og hvordan kan lyd evt. forbedre brugeroplevelsen? Novo Nordisk som casevirksomhed"
"";"dtu|dtupub|third_party";"";"2022-01-03T13:15:43.880Z";"Sarros, Ioannis";"";"2292735644";"";"dtu";"2015";"";"";"";"";"thesis";"dtu|dtu_electronic|dtupub_external";"";"";"";"";"";"";"";"";"";"";"";"";"";"gæst dk";"gæst dk";"gæst dk";"und";"56d754b2bf1945510200048f";"";"56d754b2bf1945510200048f";"DTU Department of Applied Mathematics and Computer Science";"sorbit";"sorbit";"Design and development of a TTEthernet Evaluation Platform|Design and development of a TTEthernet Evaluation Platform"
"";"dtu|dtupub|third_party";"";"2022-01-06T23:53:32.227Z";"Tejeda, Borja Canellada";"";"2307020030";"";"dtu";"2016";"";"";"";"";"thesis";"dtu|dtu_electronic|dtupub_external";"";"";"";"";"";"";"";"";"";"";"";"";"";"Master of Science in Engineering|Master of Science in Engineering Management|Planl. innovation og led.|kandidat";"Master of Science in Engineering|Master of Science in Engineering Management|Planl. innovation og led.|kandidat";"Master of Science in Engineering|Master of Science in Engineering Management|Planl. innovation og led.|kandidat";"und";"57a1cedb12855c654e00012a";"";"57a1cedb12855c654e00012a";"DTU Department of Technology, Management and Economics";"sorbit";"sorbit";"Knowledge sharing through projects and portfolios within a company|Vidensdeling gennem projekter og porteføljer i en virksomhed"
"";"dtu|dtupub|third_party";"";"2022-01-03T13:07:16.276Z";"Al-Najami, Belal Fayez";"";"2341981692";"";"dtu";"2016";"";"";"";"";"thesis";"dtu|dtu_electronic|dtupub_external";"";"";"";"";"";"";"";"";"";"";"";"";"";"Byggetek.|Master of Science in Civil Engineering|Master of Science in Engineering|kandidat";"Byggetek.|Master of Science in Civil Engineering|Master of Science in Engineering|kandidat";"Byggetek.|Master of Science in Civil Engineering|Master of Science in Engineering|kandidat";"und";"57bd7e3cfebd22f360000000";"";"57bd7e3cfebd22f360000000";"DTU Department of Civil Engineering";"sorbit";"sorbit";"Center for culture: Mariehøj. Structural design of components and joints. Micro-static design of alternative joints plus evaluation of heat transfer in the steel after welding|Kulturcenter: Mariehøj. Projektering af komponenter og samlinger. Mikro-statiske analyser af alternative samlingsmetoder samt vurdering af temperaturspredning i stalet ved svejsning."
"";"dtu|dtupub|third_party";"";"2022-01-03T13:16:17.101Z";"Stassen, Erik";"";"2292734577";"";"dtu";"2016";"";"";"";"";"thesis";"dtu|dtu_electronic|dtupub|dtupub_electronic";"";"";"";"";"";"";"";"";"";"";"";"";"";"Fysik og nanotek.|Master of Science in Engineering|Master of Science in Physics and Nanotechnology|kandidat";"Fysik og nanotek.|Master of Science in Engineering|Master of Science in Physics and Nanotechnology|kandidat";"Fysik og nanotek.|Master of Science in Engineering|Master of Science in Physics and Nanotechnology|kandidat";"und";"56d754acbf1945510200018d";"";"56d754acbf1945510200018d";"DTU Department of Electrical and Photonics Engineering";"sorbit";"sorbit";"Plasmons in oscillating graphene membranes|Plasmoner i svingende grafen membraner"
"";"dtu|dtupub|third_party";"";"2022-01-03T13:15:30.131Z";"Shamsolhodaei, Amirhossein";"";"2292737189";"";"dtu";"2015";"";"";"";"";"thesis";"dtu|dtu_electronic|dtupub|dtupub_electronic";"";"";"";"";"";"";"";"";"";"";"";"";"";"Master of Science in Engineering|Master of Science in Petroleum Engineering|Olie- og gastek.|kandidat";"Master of Science in Engineering|Master of Science in Petroleum Engineering|Olie- og gastek.|kandidat";"Master of Science in Engineering|Master of Science in Petroleum Engineering|Olie- og gastek.|kandidat";"und";"56d754b9bf194551020008fd";"";"56d754b9bf194551020008fd";"DTU Department of Civil Engineering";"sorbit";"sorbit";"Strength Criteria from Rock Mechanical Tests|Strength criteria from rock mechanical tests"
"";"dtu|dtupub|third_party";"";"2022-01-03T13:15:20.873Z";"Hofer, Andreas Torup";"";"2292737744";"";"dtu";"2015";"";"";"";"";"thesis";"dtu|dtu_electronic|dtupub_external";"";"";"";"";"";"";"";"";"";"";"";"";"";"Kemisk/biokemisk tek.|Master of Science in Chemical and Biochemical Engineering|Master of Science in Engineering|kandidat";"Kemisk/biokemisk tek.|Master of Science in Chemical and Biochemical Engineering|Master of Science in Engineering|kandidat";"Kemisk/biokemisk tek.|Master of Science in Chemical and Biochemical Engineering|Master of Science in Engineering|kandidat";"und";"56d754bcbf19455102000aeb";"";"56d754bcbf19455102000aeb";"DTU Department of Chemical and Biochemical Engineering";"sorbit";"sorbit";"High temperature methane steam reforming kinetics|Kinetik for methan dampreformering ved høj temperatur"
"";"dtu|dtupub|third_party";"";"2022-01-03T13:13:06.074Z";"Houf, Daniël";"";"2347704578";"";"dtu";"2016";"";"";"";"";"thesis";"dtu|dtu_electronic|dtupub|dtupub_electronic";"";"";"";"";"";"";"";"";"";"";"";"";"";"Master of Science in Engineering|Master of Science in Wind Energy|Vindenergi|kandidat";"Master of Science in Engineering|Master of Science in Wind Energy|Vindenergi|kandidat";"Master of Science in Engineering|Master of Science in Wind Energy|Vindenergi|kandidat";"und";"580b46be0eaf79e53f000017";"";"580b46be0eaf79e53f000017";"DTU Department of Wind and Energy Systems";"sorbit";"sorbit";"Active Pitch Control of Vertical Axis Wind Turbines|Aktiv vingekontrol af vertikalakslet vindmølle"
"";"dtu|dtupub|third_party";"";"2022-01-03T13:11:20.192Z";"Itarte, Marc Jerez";"";"2292737518";"";"dtu";"2015";"";"";"";"";"thesis";"dtu|dtu_electronic|dtupub|dtupub_electronic";"";"";"";"";"";"";"";"";"";"";"";"";"";"gæst udl.";"gæst udl.";"gæst udl.";"und";"56d754bbbf19455102000a0c";"";"56d754bbbf19455102000a0c";"DTU Department of Civil and Mechanical Engineering";"sorbit";"sorbit";"Technoeconomy analysis of distinctive hybrid Solid Oxide Fuel Cells based power plants|Technoekonomy analyse af karakteristiske hybride fastoxidbrændselscelle kraftværker"
"";"dtu|dtupub|third_party";"";"2022-01-03T13:12:23.440Z";"Hansen, Rie Beck";"";"2305633359";"";"dtu";"2016";"";"";"";"";"thesis";"dtu|dtu_electronic|dtupub|dtupub_electronic";"";"";"";"";"";"";"";"";"";"";"";"";"";"Master of Science in Engineering|Master of Science in Medicine and Technology|Medicin og tek.|kandidat";"Master of Science in Engineering|Master of Science in Medicine and Technology|Medicin og tek.|kandidat";"Master of Science in Engineering|Master of Science in Medicine and Technology|Medicin og tek.|kandidat";"und";"575ea622e6f951534a00e08d";"";"575ea622e6f951534a00e08d";"DTU Department of Electrical Engineering";"sorbit";"sorbit";"Chemical Exchange Saturation Transfer in Magnetic Resonance Imaging|Chemical Exchange Saturation Transfer i MR billeddannelse"
"";"dtu|dtupub|third_party";"";"2022-01-03T13:12:21.483Z";"Milioti, Maria Anna";"";"2306616347";"";"dtu";"2016";"";"";"";"";"thesis";"dtu|dtu_electronic|dtupub_external";"";"";"";"";"";"";"";"";"";"";"";"";"";"Bæredygtig energi|Master of Science in Engineering|Master of Science in Sustainable Energy|kandidat";"Bæredygtig energi|Master of Science in Engineering|Master of Science in Sustainable Energy|kandidat";"Bæredygtig energi|Master of Science in Engineering|Master of Science in Sustainable Energy|kandidat";"und";"578e08416bbf232e70000277";"";"578e08416bbf232e70000277";"DTU Department of Civil Engineering";"sorbit";"sorbit";"Design of thermal indoor climate in an office building according to adaptive thermal comfort theory|Design af termisk indeklima i kontorbygning efter adaptiv termisk komfort teori"
"";"dtu|dtupub|third_party";"";"2022-01-03T13:12:47.338Z";"Elhassan, Ola Ibrahim Mohamed";"";"2305633508";"";"dtu";"2016";"";"";"";"";"thesis";"dtu|dtu_electronic|dtupub|dtupub_electronic";"";"";"";"";"";"";"";"";"";"";"";"";"";"Elektrotek.|Master of Science in Electrical Engineering|Master of Science in Engineering|kandidat";"Elektrotek.|Master of Science in Electrical Engineering|Master of Science in Engineering|kandidat";"Elektrotek.|Master of Science in Electrical Engineering|Master of Science in Engineering|kandidat";"und";"575ea7aae6f951534a00f296";"";"575ea7aae6f951534a00f296";"DTU Department of Electrical Engineering";"sorbit";"sorbit";"Modeling and Control of Fixed-wing UAV|Modellering of regulering af en fastvingede UAV"
"";"dtu|dtupub|third_party";"";"2022-01-03T13:12:43.390Z";"Jensen, Mark Kristian Højborg";"";"2305633534";"";"dtu";"2016";"";"";"";"";"thesis";"dtu|dtu_electronic|dtupub_external";"";"";"";"";"";"";"";"";"";"";"";"";"";"Master of Science in Engineering|Master of Science in Engineering Management|Planl. innovation og led.|kandidat";"Master of Science in Engineering|Master of Science in Engineering Management|Planl. innovation og led.|kandidat";"Master of Science in Engineering|Master of Science in Engineering Management|Planl. innovation og led.|kandidat";"und";"575ea7d7e6f951534a00f4b4";"";"575ea7d7e6f951534a00f4b4";"DTU Department of Technology, Management and Economics";"sorbit";"sorbit";"Reducing complexity through optimization to increase profit|Reduktion af kompleksitet gennem optimering for at forøge profit"
"";"dtu|dtupub|third_party";"";"2022-01-03T13:16:28.513Z";"Mortensen, Jonas Hintze Klejs";"";"2321127711";"";"dtu";"2016";"";"";"";"";"thesis";"dtu|dtu_electronic|dtupub|dtupub_electronic";"";"";"";"";"";"";"";"";"";"";"";"";"";"Byggetek.|Master of Science in Civil Engineering|Master of Science in Engineering|kandidat";"Byggetek.|Master of Science in Civil Engineering|Master of Science in Engineering|kandidat";"Byggetek.|Master of Science in Civil Engineering|Master of Science in Engineering|kandidat";"und";"57b1a0c79baf2b177e0002b2";"";"57b1a0c79baf2b177e0002b2";"DTU Department of Civil and Mechanical Engineering";"sorbit";"sorbit";"Influence Of Air-Water Mixture On Oscillating Squared Cylinders Force Coefficients|Indflydelse af luftberiget vand pa kraft koefficienterne af´oscillerende firkantede cylindre"
"";"dtu|dtupub|third_party";"";"2022-01-03T13:12:18.667Z";"Arrighi, Fabio";"";"2292734935";"";"dtu";"2015";"";"";"";"";"thesis";"dtu|dtu_electronic|dtupub|dtupub_electronic";"";"";"";"";"";"";"";"";"";"";"";"";"";"gæst udl.";"gæst udl.";"gæst udl.";"und";"56d754aebf19455102000292";"";"56d754aebf19455102000292";"DTU Department of Civil and Mechanical Engineering";"sorbit";"sorbit";"Thermo-electric energy storage with CO2 heat pump system|Termoelektrisk energilagring med CO2 varmepumpesystem"
"";"dtu|dtupub|third_party";"";"2022-01-06T23:53:20.707Z";"Nielsen, Daniel Kazuya Yamano";"";"2305633474";"";"dtu";"2016";"";"";"";"";"thesis";"dtu|dtu_electronic|dtupub|dtupub_electronic";"";"";"";"";"";"";"";"";"";"";"";"";"";"Design og inn.|Master of Science in Design and Innovation|Master of Science in Engineering|kandidat";"Design og inn.|Master of Science in Design and Innovation|Master of Science in Engineering|kandidat";"Design og inn.|Master of Science in Design and Innovation|Master of Science in Engineering|kandidat";"und";"575ea77ce6f951534a00f09c";"";"575ea77ce6f951534a00f09c";"DTU Department of Civil and Mechanical Engineering";"sorbit";"sorbit";"Additive Manufacturing Technology for the Production of Injection Moulding Inserts - Performance Assessment and Verification|Additiv fremstilling til produktion af sprøjtestøbning værktøj indsatser - Præstationsevaluering og verifikation"
"";"dtu|dtupub|third_party";"";"2022-01-03T13:16:26.372Z";"Zagraian, Emilian Alexandru";"";"2305633503";"";"dtu";"2016";"";"";"";"";"thesis";"dtu|dtu_electronic|dtupub|dtupub_electronic";"";"";"";"";"";"";"";"";"";"";"";"";"";"Byggetek.|Master of Science in Civil Engineering|Master of Science in Engineering|kandidat";"Byggetek.|Master of Science in Civil Engineering|Master of Science in Engineering|kandidat";"Byggetek.|Master of Science in Civil Engineering|Master of Science in Engineering|kandidat";"und";"575ea7a2e6f951534a00f24c";"";"575ea7a2e6f951534a00f24c";"DTU Department of Civil Engineering";"sorbit";"sorbit";"System model of an offshore wind energy park|System model af en offshore vindenergi park"
"";"dtu|dtupub|third_party";"";"2022-01-03T13:16:27.733Z";"Xu, Yini";"";"2306958706";"";"dtu";"2016";"";"";"";"";"thesis";"dtu|dtu_electronic|dtupub|dtupub_electronic";"";"";"";"";"";"";"";"";"";"";"";"";"";"Bæredygtig energi|Master of Science in Engineering|Master of Science in Sustainable Energy|kandidat";"Bæredygtig energi|Master of Science in Engineering|Master of Science in Sustainable Energy|kandidat";"Bæredygtig energi|Master of Science in Engineering|Master of Science in Sustainable Energy|kandidat";"und";"57a07d426bbf232e700019d6";"";"57a07d426bbf232e700019d6";"DTU Department of Electrical Engineering";"sorbit";"sorbit";"The utilization and economics of battery storage - comparison between distributed and a central solution|Anvendelse og økonomi ved brug af batterilager - en sammenligning af decentral versus central løsning"
"";"dtu|dtupub|third_party";"";"2022-01-03T13:08:05.596Z";"Nielsen, Christian";"";"2307050627";"";"dtu";"2016";"";"";"";"";"thesis";"dtu|dtu_electronic|dtupub_external";"";"";"";"";"";"";"";"";"";"";"";"";"";"Farmateknologi|Master of Science in Engineering|Master of Science in Pharmaceutical Design and Engineering|kandidat";"Farmateknologi|Master of Science in Engineering|Master of Science in Pharmaceutical Design and Engineering|kandidat";"Farmateknologi|Master of Science in Engineering|Master of Science in Pharmaceutical Design and Engineering|kandidat";"und";"57a3204312855c654e000261";"";"57a3204312855c654e000261";"DTU National Veterinary Institute";"sorbit";"sorbit";"Memory T cell responses and DNA methylation pattern changes in CD11c+ cells following immunization for tuberculosis|Hukommelses T celle respons og ændringer i DNA metyleringer i CD11c+ celler efter immunisering mod tuberkulose"
"";"dtu|dtupub|third_party";"";"2022-01-03T13:15:57.473Z";"Balstrup, Thomas";"";"2292735957";"";"dtu";"2015";"";"";"";"";"thesis";"dtu|dtu_electronic|dtupub_external";"";"";"";"";"";"";"";"";"";"";"";"";"";"Master of Science in Engineering|Master of Science in Engineering Management|Planl. innovation og led.|kandidat";"Master of Science in Engineering|Master of Science in Engineering Management|Planl. innovation og led.|kandidat";"Master of Science in Engineering|Master of Science in Engineering Management|Planl. innovation og led.|kandidat";"und";"56d754b4bf1945510200059f";"";"56d754b4bf1945510200059f";"DTU Department of Technology, Management and Economics";"sorbit";"sorbit";"Shaping projects through visuals: A case of defining a new IT project management platform in Danske Bank|Visuel udformning af projekter: Et studie i at definere en ny IT projektledelsesplatform hos Danske Bank"
"";"dtu|dtupub|third_party";"";"2022-01-03T13:15:54.928Z";"Mokleiv, Marte Skogland";"";"2292735963";"";"dtu";"2015";"";"";"";"";"thesis";"dtu|dtu_electronic|dtupub|dtupub_electronic";"";"";"";"";"";"";"";"";"";"";"";"";"";"Bæredygtig energi|Master of Science in Engineering|Master of Science in Sustainable Energy|kandidat";"Bæredygtig energi|Master of Science in Engineering|Master of Science in Sustainable Energy|kandidat";"Bæredygtig energi|Master of Science in Engineering|Master of Science in Sustainable Energy|kandidat";"und";"56d754b4bf194551020005a1";"";"56d754b4bf194551020005a1";"DTU Department of Electrical Engineering";"sorbit";"sorbit";"Cooling of PV panels - solutions, impacts and values|Køling af PV-paneler - løsninger, virkning og værdi"
"";"dtu|dtupub|third_party";"";"2022-01-03T13:15:44.660Z";"Rasmussen, Emil Sarauw";"";"2292735715";"";"dtu";"2015";"";"";"";"";"thesis";"dtu|dtu_electronic|dtupub|dtupub_electronic";"";"";"";"";"";"";"";"";"";"";"";"";"";"Fysik og nanotek.|Master of Science in Engineering|Master of Science in Physics and Nanotechnology|kandidat";"Fysik og nanotek.|Master of Science in Engineering|Master of Science in Physics and Nanotechnology|kandidat";"Fysik og nanotek.|Master of Science in Engineering|Master of Science in Physics and Nanotechnology|kandidat";"und";"56d754b3bf194551020004d4";"";"56d754b3bf194551020004d4";"DTU Department of Electrical and Photonics Engineering";"sorbit";"sorbit";"Investigation of time-lens induced de-magnification factor|Undersøgelse af reduktionsfaktoren introduceret ved en tids-linse"
"";"dtu|dtupub|third_party";"";"2022-01-03T13:11:28.493Z";"Licht, Josephine";"";"2292737233";"";"dtu";"2015";"";"";"";"";"thesis";"dtu|dtu_electronic|dtupub_external";"";"";"";"";"";"";"";"";"";"";"";"";"";"Bioteknologi|Master of Science in Biotechnology|Master of Science in Engineering|kandidat";"Bioteknologi|Master of Science in Biotechnology|Master of Science in Engineering|kandidat";"Bioteknologi|Master of Science in Biotechnology|Master of Science in Engineering|kandidat";"und";"56d754babf19455102000928";"";"56d754babf19455102000928";"DTU DTU National Food Institute";"sorbit";"sorbit";"The correlation between the properties of green coffee beans and the final roasted product|Sammenhængen mellem grønne kaffebønners egenskaber og det endelige ristningsprodukt"
"";"dtu|dtupub|third_party";"";"2022-01-03T13:15:43.861Z";"Ugolini, Vincenzo";"";"2292737113";"";"dtu";"2015";"";"";"";"";"thesis";"dtu|dtu_electronic|dtupub|dtupub_electronic";"";"";"";"";"";"";"";"";"";"";"";"";"";"gæst udl.";"gæst udl.";"gæst udl.";"und";"56d754b9bf194551020008af";"";"56d754b9bf194551020008af";"DTU Department of Civil and Mechanical Engineering";"sorbit";"sorbit";"Comparison of expander types for organic Rankine cycle units|Sammenligning af ekspansionsmaskiner til organic Rankine cycle anlæg"
"";"dtu|dtupub|third_party";"";"2022-01-03T13:07:28.664Z";"Yadav, Abhijeet";"";"2306791771";"";"dtu";"2016";"";"";"";"";"thesis";"dtu|dtu_electronic|dtupub_external";"";"";"";"";"";"";"";"";"";"";"";"";"";"Master of Science in Engineering|Master of Science in Materials and Manufacturing Engineering|Materialetek.|kandidat";"Master of Science in Engineering|Master of Science in Materials and Manufacturing Engineering|Materialetek.|kandidat";"Master of Science in Engineering|Master of Science in Materials and Manufacturing Engineering|Materialetek.|kandidat";"und";"579743f26bbf232e7000112e";"";"579743f26bbf232e7000112e";"DTU Department of Civil and Mechanical Engineering";"sorbit";"sorbit";"Corrosion investigation of materials for electrical contacts|Korrosionsionsundersøgelse af materialer til elektriske kontakter"
"";"dtu|dtupub|third_party";"";"2022-01-03T13:15:17.150Z";"Jacobsen, Jonas Hjorth";"";"2292737009";"";"dtu";"2015";"";"";"";"";"thesis";"dtu|dtu_electronic|dtupub|dtupub_electronic";"";"";"";"";"";"";"";"";"";"";"";"";"";"Byggetek.|Master of Science in Civil Engineering|Master of Science in Engineering|kandidat";"Byggetek.|Master of Science in Civil Engineering|Master of Science in Engineering|kandidat";"Byggetek.|Master of Science in Civil Engineering|Master of Science in Engineering|kandidat";"und";"56d754b9bf19455102000861";"";"56d754b9bf19455102000861";"DTU Department of Civil Engineering";"sorbit";"sorbit";"Slotted Thin-walled Steel Members|Slidsede tyndvæggede stalprofiler"
"";"dtu|dtupub|third_party";"";"2022-01-03T13:15:43.972Z";"Ipliktsiadis, Ioannis";"";"2292737082";"";"dtu";"2015";"";"";"";"";"thesis";"dtu|dtu_electronic|dtupub|dtupub_electronic";"";"";"";"";"";"";"";"";"";"";"";"";"";"Elektrotek.|Master of Science in Electrical Engineering|Master of Science in Engineering|kandidat";"Elektrotek.|Master of Science in Electrical Engineering|Master of Science in Engineering|kandidat";"Elektrotek.|Master of Science in Electrical Engineering|Master of Science in Engineering|kandidat";"und";"56d754b9bf19455102000892";"";"56d754b9bf19455102000892";"DTU Department of Electrical Engineering";"sorbit";"sorbit";"High efficient power converter with energy storage for photovoltaic (PV) systems|Høj effektiv power konverter med energilagring til PV systemer"
"";"dtu|dtupub|third_party";"";"2022-01-03T13:15:45.576Z";"Conti, Davide";"";"2292735771";"";"dtu";"2015";"";"";"";"";"thesis";"dtu|dtu_electronic|dtupub|dtupub_electronic";"";"";"";"";"";"";"";"";"";"";"";"";"";"Bæredygtig energi|Master of Science in Engineering|Master of Science in Sustainable Energy|kandidat";"Bæredygtig energi|Master of Science in Engineering|Master of Science in Sustainable Energy|kandidat";"Bæredygtig energi|Master of Science in Engineering|Master of Science in Sustainable Energy|kandidat";"und";"56d754b3bf194551020004fe";"";"56d754b3bf194551020004fe";"DTU Department of Wind and Energy Systems";"sorbit";"sorbit";"Evaluation of obstacle models based on full-scale scanning lidar measurements|Evaluering af ""obstacle"" modeller baseret pa fuld skala scanning LIDAR malinger"
"";"dtu|dtupub|third_party";"";"2022-01-03T13:16:28.570Z";"Rahbek, Anders Lønberg|Gersager, Søren Howe";"";"2306791707";"";"dtu";"2016";"";"";"";"";"thesis";"dtu|dtu_electronic|dtupub|dtupub_electronic";"";"";"";"";"";"";"";"";"";"";"";"";"";"Digitale medietek.|Master of Science in Digital Media Engineering|Master of Science in Engineering|kandidat";"Digitale medietek.|Master of Science in Digital Media Engineering|Master of Science in Engineering|kandidat";"Digitale medietek.|Master of Science in Digital Media Engineering|Master of Science in Engineering|kandidat";"und";"579743b76bbf232e70000f9b";"";"579743b76bbf232e70000f9b";"DTU Department of Applied Mathematics and Computer Science";"sorbit";"sorbit";"Inferring Social Networks from Geographic Coincidences|Inferens af Sociale Netværk pa Baggrund af Geografiske Sammenfald"
"";"dtu|dtupub|third_party";"";"2022-01-06T23:53:42.955Z";"Møller, Ewa|Specht, Michael";"";"2350348576";"";"dtu";"2016";"";"";"";"";"thesis";"dtu|dtu_electronic|dtupub_external";"";"";"";"";"";"";"";"";"";"";"";"";"";"åben udd.";"åben udd.";"åben udd.";"und";"5868ef54517181c45e000034";"";"5868ef54517181c45e000034";"DTU Department of Technology, Management and Economics";"sorbit";"sorbit";"From project management to effective and strategic program and portfolio management – a case study of a strategic change process in Statistics Denmark|Fra projektledelse til effektiv og strategisk program- og porteføljeledelse - et case studie af en strategisk forandringsproces i Danmarks Statistik"
"";"dtu|dtupub|third_party";"";"2022-01-03T13:16:39.150Z";"Glemarec, Gildas";"";"2342855470";"";"dtu";"2016";"";"";"";"";"thesis";"dtu|dtu_electronic|dtupub|dtupub_electronic";"";"";"";"";"";"";"";"";"";"";"";"";"";"Akvatisk teknologi|Master in Science in Aquatic Science and Technology|Master of Science in Engineering|kandidat";"Akvatisk teknologi|Master in Science in Aquatic Science and Technology|Master of Science in Engineering|kandidat";"Akvatisk teknologi|Master in Science in Aquatic Science and Technology|Master of Science in Engineering|kandidat";"und";"57cff34209d7e82e03000023";"";"57cff34209d7e82e03000023";"DTU National Institute of Aquatic Resources";"sorbit";"sorbit";"UNINTENDED EFFECTS OF THE PROTECTION OF LOBSTERS AND CODS IN MPAS OF SOUTHERN NORWAY ON THE EDIBLE CRAB (CANCER PAGURUS)|Utilsigtede effekter af beskyttelse af hummer og torsk i beskyttede marine omrader i det sydlige Norge pa taskekrabbe (Cancer pagurus)"
"";"dtu|dtupub|third_party";"";"2022-01-03T13:12:54.047Z";"Rasmussen, Morten Lund";"";"2346530073";"";"dtu";"2016";"";"";"";"";"thesis";"dtu|dtu_electronic|dtupub|dtupub_electronic";"";"";"";"";"";"";"";"";"";"";"";"";"";"Kemisk/biokemisk tek.|Master of Science in Chemical and Biochemical Engineering|Master of Science in Engineering|kandidat";"Kemisk/biokemisk tek.|Master of Science in Chemical and Biochemical Engineering|Master of Science in Engineering|kandidat";"Kemisk/biokemisk tek.|Master of Science in Chemical and Biochemical Engineering|Master of Science in Engineering|kandidat";"und";"57f4dd435fef926e0f00003a";"";"57f4dd435fef926e0f00003a";"DTU Department of Chemical and Biochemical Engineering";"sorbit";"sorbit";"Thermal conversion of CH3Cl|Termisk nedbrydning af CH3Cl"
"";"dtu|dtupub|third_party";"";"2022-01-03T13:06:46.805Z";"Rechter, Christian";"";"2342950976";"";"dtu";"2016";"";"";"";"";"thesis";"dtu|dtu_electronic|dtupub|dtupub_electronic";"";"";"";"";"";"";"";"";"";"";"";"";"";"Bæredygtig energi|Master of Science in Engineering|Master of Science in Sustainable Energy|kandidat";"Bæredygtig energi|Master of Science in Engineering|Master of Science in Sustainable Energy|kandidat";"Bæredygtig energi|Master of Science in Engineering|Master of Science in Sustainable Energy|kandidat";"und";"57d1476a2993be9573000003";"";"57d1476a2993be9573000003";"DTU Department of Civil and Mechanical Engineering";"sorbit";"sorbit";"Development of a radial turbine model for small-scale organic Rankine cycle applications|Udvikling af radial turbine model til smaskala organic Rankine cycle anvendelser"
"";"dtu|dtupub|third_party";"";"2022-01-03T13:16:23.521Z";"Jürgensen, Mikkel Winther";"";"2292734011";"";"dtu";"2016";"";"";"";"";"thesis";"dtu|dtu_electronic|dtupub|dtupub_electronic";"";"";"";"";"";"";"";"";"";"";"";"";"";"Geofysik og rumtek.|Master of Science in Earth and Space Physics and Engineering|Master of Science in Engineering|kandidat";"Geofysik og rumtek.|Master of Science in Earth and Space Physics and Engineering|Master of Science in Engineering|kandidat";"Geofysik og rumtek.|Master of Science in Earth and Space Physics and Engineering|Master of Science in Engineering|kandidat";"und";"56d754a8bf19455102000022";"";"56d754a8bf19455102000022";"DTU Department of Space Research and Space Technology";"sorbit";"sorbit";"Observation requirements for determination of the conducting structure of stellar bodies|Observationskrav til bestemmelse af ledende strukturer i sol systemets legemer"
"In literature CO2 liquidization is well studied with steady state modeling. Steady state modeling gives an overview of the process but it doesn’t give information about process behavior during transients. In this master’s thesis three dynamic models of CO2 liquidization were made and tested. Models were straight multi-stage compression model and two compression liquid pumping models, one with and one without cold energy recovery. Models were made with Apros software, models were also used to verify that Apros is capable to model phase changes and over critical state of CO2. Models were verified against compressor manufacturer’s data and simulation results presented in literature. From the models made in this thesis, straight compression model was found to be the most energy efficient and fastest to react to transients. Also Apros<br/>was found to be capable tool for dynamic liquidization modeling.";"dtu|dtupub";"Lappeenranta-Lahti University of Technology LUT";"2022-03-28T07:11:46.265Z";"Sihvonen, Teemu";"";"2708546103";"";"dtu";"2015";"";"";"";"";"thesis";"dtu|dtu_electronic|dtupub|dtupub_electronic";"";"";"";"";"";"";"";"";"";"";"";"";"";"";"";"";"eng";"6231fa020ab0b1b6f3339492";"";"6231fa020ab0b1b6f3339492";"Lappeenranta University of Technology";"vtt";"vtt";"Dynamic carbon dioxide liquidization model"
"";"dtu|dtupub|third_party";"";"2022-01-03T13:11:43.829Z";"Maurin, Adrian Llopart";"";"2292735018";"";"dtu";"2015";"";"";"";"";"thesis";"dtu|dtu_electronic|dtupub|dtupub_electronic";"";"";"";"";"";"";"";"";"";"";"";"";"";"Elektrotek.|Master of Science in Electrical Engineering|Master of Science in Engineering|kandidat";"Elektrotek.|Master of Science in Electrical Engineering|Master of Science in Engineering|kandidat";"Elektrotek.|Master of Science in Electrical Engineering|Master of Science in Engineering|kandidat";"und";"56d754aebf194551020002c3";"";"56d754aebf194551020002c3";"DTU Department of Electrical Engineering";"sorbit";"sorbit";"Teleoperation of miniaturized humanoid robots|Teleoperation af miniaturiserede menneskelignende robotter"
"";"dtu|dtupub|third_party";"";"2022-01-03T13:16:18.340Z";"Vejre, Philip Søgaard";"";"2305633369";"";"dtu";"2016";"";"";"";"";"thesis";"dtu|dtu_electronic|dtupub|dtupub_electronic";"";"";"";"";"";"";"";"";"";"";"";"";"";"Master of Science in Engineering|Master of Science in Mathematical Modelling and Computation|Mat. modellering|kandidat";"Master of Science in Engineering|Master of Science in Mathematical Modelling and Computation|Mat. modellering|kandidat";"Master of Science in Engineering|Master of Science in Mathematical Modelling and Computation|Mat. modellering|kandidat";"und";"575ea64de6f951534a00e273";"";"575ea64de6f951534a00e273";"DTU Department of Applied Mathematics and Computer Science";"sorbit";"sorbit";"Linear Cryptanalysis|Linear Cryptanalysis"
"";"dtu|dtupub|third_party";"";"2022-01-11T08:43:35.345Z";"Morrondo, Julia Anton";"";"2306312237";"";"dtu";"2016";"";"";"";"";"thesis";"dtu|dtu_electronic|dtupub|dtupub_electronic";"";"";"";"";"";"";"";"";"";"";"";"";"";"Bæredygtig energi|Master of Science in Engineering|Master of Science in Sustainable Energy|kandidat";"Bæredygtig energi|Master of Science in Engineering|Master of Science in Sustainable Energy|kandidat";"Bæredygtig energi|Master of Science in Engineering|Master of Science in Sustainable Energy|kandidat";"und";"577a423937562d157a0000d7";"";"577a423937562d157a0000d7";"DTU Department of Civil and Mechanical Engineering";"sorbit";"sorbit";"Analysis, design and optimization of integration of a power to gas (P2G) into a district heating system|Analyse, design og optimering af integration af et power to gas (P2G) system ind i et fjernvarmesystem"
"";"dtu|dtupub|third_party";"";"2022-01-03T13:07:59.013Z";"Rotariu, Alexandra Christina";"";"2342524058";"";"dtu";"2016";"";"";"";"";"thesis";"dtu|dtu_electronic|dtupub|dtupub_electronic";"";"";"";"";"";"";"";"";"";"";"";"";"";"Master of Science in Engineering|Master of Science in Environmental Engineering|Miljøteknologi|kandidat";"Master of Science in Engineering|Master of Science in Environmental Engineering|Miljøteknologi|kandidat";"Master of Science in Engineering|Master of Science in Environmental Engineering|Miljøteknologi|kandidat";"und";"57c80a4fabd78127210000f5";"";"57c80a4fabd78127210000f5";"DTU Department of Environmental and Resource Engineering";"sorbit";"sorbit";"Regulation and labeling of nanoproducts|Regulering og mærkning af nanoprodukter"
"";"dtu|dtupub|third_party";"";"2022-01-03T13:08:10.917Z";"Köppl, Christian Josef";"";"2341981694";"";"dtu";"2016";"";"";"";"";"thesis";"dtu|dtu_electronic|dtupub|dtupub_electronic";"";"";"";"";"";"";"";"";"";"";"";"";"";"Master of Science in Engineering|Master of Science in Environmental Engineering|Miljøteknologi|kandidat";"Master of Science in Engineering|Master of Science in Environmental Engineering|Miljøteknologi|kandidat";"Master of Science in Engineering|Master of Science in Environmental Engineering|Miljøteknologi|kandidat";"und";"57bd7e6bfebd22f360000061";"";"57bd7e6bfebd22f360000061";"DTU Department of Environmental and Resource Engineering";"sorbit";"sorbit";"Thermal imaging from unmanned airborne vehicles|Termisk kortlægning med droner"
"";"dtu|dtupub|third_party";"";"2022-01-03T13:13:04.936Z";"Kragh, Christian";"";"2319752117";"";"dtu";"2016";"";"";"";"";"thesis";"dtu|dtu_electronic|dtupub|dtupub_electronic";"";"";"";"";"";"";"";"";"";"";"";"";"";"Master of Science in Engineering|Master of Science in Mathematical Modelling and Computation|Mat. modellering|kandidat";"Master of Science in Engineering|Master of Science in Mathematical Modelling and Computation|Mat. modellering|kandidat";"Master of Science in Engineering|Master of Science in Mathematical Modelling and Computation|Mat. modellering|kandidat";"und";"57ac5ac59baf2b177e000050";"";"57ac5ac59baf2b177e000050";"DTU Department of Applied Mathematics and Computer Science";"sorbit";"sorbit";"Computational Methods for Hybrid Impedance Tomography|Beregningsmæssig tilgang til hybrid-impedanstomografi"
"";"dtu|dtupub|third_party";"";"2022-01-03T13:07:18.421Z";"Brenner, Bernhard";"";"2307020207";"";"dtu";"2016";"";"";"";"";"thesis";"dtu|dtu_electronic|dtupub_external";"";"";"";"";"";"";"";"";"";"";"";"";"";"Informationstek.|Master of Science in Computer Science and Engineering|Master of Science in Engineering|kandidat";"Informationstek.|Master of Science in Computer Science and Engineering|Master of Science in Engineering|kandidat";"Informationstek.|Master of Science in Computer Science and Engineering|Master of Science in Engineering|kandidat";"und";"57a1ceed12855c654e0001e6";"";"57a1ceed12855c654e0001e6";"DTU Department of Applied Mathematics and Computer Science";"sorbit";"sorbit";"Security Verification of the newest generation of NES Smart Grid Devices|Sikkerhedsanalyse af den nyeste generation af NES Smart Grid komponenter"
"";"dtu|dtupub|third_party";"";"2022-01-06T23:53:26.421Z";"Pitsavas, Konstantinos";"";"2306782121";"";"dtu";"2016";"";"";"";"";"thesis";"dtu|dtu_electronic|dtupub_external";"";"";"";"";"";"";"";"";"";"";"";"";"";"Master of Science in Engineering|Master of Science in Engineering Management|Planl. innovation og led.|kandidat";"Master of Science in Engineering|Master of Science in Engineering Management|Planl. innovation og led.|kandidat";"Master of Science in Engineering|Master of Science in Engineering Management|Planl. innovation og led.|kandidat";"und";"5795f1c06bbf232e70000c45";"";"5795f1c06bbf232e70000c45";"DTU Department of Technology, Management and Economics";"sorbit";"sorbit";"Project Governance in Construction: A Case study of best practices in Rambøll|Projekt Governance i Byggeri: Et case studie af best practices i Rambøll"
"";"dtu|dtupub|third_party";"";"2022-01-03T13:08:14.487Z";"Jensen, Alexander Birch";"";"2345011633";"";"dtu";"2016";"";"";"";"";"thesis";"dtu|dtu_electronic|dtupub|dtupub_electronic";"";"";"";"";"";"";"";"";"";"";"";"";"";"Informationstek.|Master of Science in Computer Science and Engineering|Master of Science in Engineering|kandidat";"Informationstek.|Master of Science in Computer Science and Engineering|Master of Science in Engineering|kandidat";"Informationstek.|Master of Science in Computer Science and Engineering|Master of Science in Engineering|kandidat";"und";"57de73bf1f4bfa107d000033";"";"57de73bf1f4bfa107d000033";"DTU Department of Applied Mathematics and Computer Science";"sorbit";"sorbit";"Development and Verification of a Proof Assistant|Udvikling og verifikation af en bevisassistent"
"";"dtu|dtupub|third_party";"";"2022-01-11T08:43:41.393Z";"Hendi, Ehab";"";"2349342616";"";"dtu";"2016";"";"";"";"";"thesis";"dtu|dtu_electronic|dtupub|dtupub_electronic";"";"";"";"";"";"";"";"";"";"";"";"";"";"Master of Science in Engineering|Master of Science in Petroleum Engineering|Olie- og gastek.|kandidat";"Master of Science in Engineering|Master of Science in Petroleum Engineering|Olie- og gastek.|kandidat";"Master of Science in Engineering|Master of Science in Petroleum Engineering|Olie- og gastek.|kandidat";"und";"583ebf4e13270e8a3e000043";"";"583ebf4e13270e8a3e000043";"DTU Department of Civil Engineering";"sorbit";"sorbit";"Quantitative mud gas interpretation|Kvantitativ evaluering af gas frigjort fra boremudder"
"";"dtu|dtupub|third_party";"";"2022-01-03T13:06:05.310Z";"Olsen, Jacob Nicolai|Fishman, Helle Skjerning";"";"2351142551";"";"dtu";"2016";"";"";"";"";"thesis";"dtu|dtu_electronic|dtupub|dtupub_electronic";"";"";"";"";"";"";"";"";"";"";"";"";"";"åben udd.";"åben udd.";"åben udd.";"und";"587b644fa2fc5a437a00004b";"";"587b644fa2fc5a437a00004b";"DTU Department of Technology, Management and Economics";"sorbit";"sorbit";"Fire safety engineering of multiple floors wooden houses|Brandsikring af træhuse i flere etager"
"";"dtu|dtupub|third_party";"";"2022-01-03T13:08:12.674Z";"Hogg, Thomas Vagn";"";"2341803067";"";"dtu";"2016";"";"";"";"";"thesis";"dtu|dtu_electronic|dtupub|dtupub_electronic";"";"";"";"";"";"";"";"";"";"";"";"";"";"Anvendt kemi|Master of Science in Advanced and Applied Chemistry|Master of Science in Engineering|kandidat";"Anvendt kemi|Master of Science in Advanced and Applied Chemistry|Master of Science in Engineering|kandidat";"Anvendt kemi|Master of Science in Advanced and Applied Chemistry|Master of Science in Engineering|kandidat";"und";"57badb4c3e47d6ad770000e9";"";"57badb4c3e47d6ad770000e9";"DTU Department of Energy Conversion and Storage";"sorbit";"sorbit";"Intermediate temperature co-electrolysis of water and carbon dioxide|Co-elektrolyse af vand og carbondioxid ved 200-400C"
"";"dtu|dtupub|third_party";"";"2022-01-03T13:12:25.591Z";"Colding, Per Bolwig";"";"2292734330";"";"dtu";"2016";"";"";"";"";"thesis";"dtu|dtu_electronic|dtupub|dtupub_electronic";"";"";"";"";"";"";"";"";"";"";"";"";"";"Master of Science in Engineering|Master of Science in Engineering Management|Planl. innovation og led.|kandidat";"Master of Science in Engineering|Master of Science in Engineering Management|Planl. innovation og led.|kandidat";"Master of Science in Engineering|Master of Science in Engineering Management|Planl. innovation og led.|kandidat";"und";"56d754aabf194551020000f7";"";"56d754aabf194551020000f7";"DTU Department of Technology, Management and Economics";"sorbit";"sorbit";"Generating Requirement Specifications|Udarbejdelse af kravspecifikationer"
"";"dtu|dtupub|third_party";"";"2022-01-03T13:12:24.753Z";"Nielsen, Casper Holte";"";"2305633370";"";"dtu";"2016";"";"";"";"";"thesis";"dtu|dtu_electronic|dtupub|dtupub_electronic";"";"";"";"";"";"";"";"";"";"";"";"";"";"Konst. og mekanik|Master of Science in Engineering|Master of Science in Engineering Design and Applied Mechanics|kandidat";"Konst. og mekanik|Master of Science in Engineering|Master of Science in Engineering Design and Applied Mechanics|kandidat";"Konst. og mekanik|Master of Science in Engineering|Master of Science in Engineering Design and Applied Mechanics|kandidat";"und";"575ea64ee6f951534a00e27c";"";"575ea64ee6f951534a00e27c";"DTU Department of Civil and Mechanical Engineering";"sorbit";"sorbit";"Concept Development and Numerical Validation of a Rapid Compression Expansion Machine|Koncept udvikling og numerisk validering af en hurtig kompressions ekspansions maskine"
"";"dtu|dtupub|third_party";"";"2022-01-03T13:12:11.680Z";"Kourmpetis, Dimitrios";"";"2292736108";"";"dtu";"2015";"";"";"";"";"thesis";"dtu|dtu_electronic|dtupub|dtupub_electronic";"";"";"";"";"";"";"";"";"";"";"";"";"";"Master of Science in Engineering|Master of Science in Petroleum Engineering|Olie- og gastek.|kandidat";"Master of Science in Engineering|Master of Science in Petroleum Engineering|Olie- og gastek.|kandidat";"Master of Science in Engineering|Master of Science in Petroleum Engineering|Olie- og gastek.|kandidat";"und";"56d754b5bf194551020005fb";"";"56d754b5bf194551020005fb";"DTU Department of Chemical and Biochemical Engineering";"sorbit";"sorbit";"Computer modeling of microbial enhanced oil recovery|Computer simulering af mikrobiel forbedret olieindvinding"
"";"dtu|dtupub|third_party";"";"2022-01-03T13:12:10.604Z";"Lin, Li";"";"2292735040";"";"dtu";"2015";"";"";"";"";"thesis";"dtu|dtu_electronic|dtupub|dtupub_electronic";"";"";"";"";"";"";"";"";"";"";"";"";"";"Fotonik|Master of Science in Engineering|Master of Science in Photonics Engineering|kandidat|ph.d";"Fotonik|Master of Science in Engineering|Master of Science in Photonics Engineering|kandidat|ph.d";"Fotonik|Master of Science in Engineering|Master of Science in Photonics Engineering|kandidat|ph.d";"und";"56d754aebf194551020002d6";"";"56d754aebf194551020002d6";"DTU Department of Electrical and Photonics Engineering";"sorbit";"sorbit";"Advanced micro/nanopatterning of SiO2|Fremstilling af avanceret mikro/nano strukturer pa SiO2"
"";"dtu|dtupub|third_party";"";"2022-01-03T13:15:42.559Z";"Taing, Anne-Laure";"";"2292736933";"";"dtu";"2015";"";"";"";"";"thesis";"dtu|dtu_electronic|dtupub|dtupub_electronic";"";"";"";"";"";"";"";"";"";"";"";"";"";"Byggetek.|Master of Science in Civil Engineering|Master of Science in Engineering|kandidat";"Byggetek.|Master of Science in Civil Engineering|Master of Science in Engineering|kandidat";"Byggetek.|Master of Science in Civil Engineering|Master of Science in Engineering|kandidat";"und";"56d754b8bf19455102000812";"";"56d754b8bf19455102000812";"DTU Department of Technology, Management and Economics";"sorbit";"sorbit";"Application of life cycle assessment at urban scale : Assessment of environmental impacts from the energy systems of Paris|Anvendelse af livscyklusvurdering pa bydækkende: Vurdering af miljøpavirkninger i de energisystemer Paris"
"";"dtu|dtupub|third_party";"";"2022-01-03T13:15:30.079Z";"Iborra, Helia Relano";"";"2292737238";"";"dtu";"2015";"";"";"";"";"thesis";"dtu|dtu_electronic|dtupub|dtupub_electronic";"";"";"";"";"";"";"";"";"";"";"";"";"";"Akustisk tek.|Master of Science in Engineering|Master of Science in Engineering Acoustics|kandidat";"Akustisk tek.|Master of Science in Engineering|Master of Science in Engineering Acoustics|kandidat";"Akustisk tek.|Master of Science in Engineering|Master of Science in Engineering Acoustics|kandidat";"und";"56d754babf1945510200092d";"";"56d754babf1945510200092d";"DTU Department of Electrical Engineering";"sorbit";"sorbit";"Analysing the effects of auditory processing and the decision metric on speech intelligibility prediction|Analyse af auditiv signalbehandling og beslutningsmetrik for estimering af taleforstaelighed"
"";"dtu|dtupub|third_party";"";"2022-01-03T13:15:43.291Z";"Curzi, Massimiliano";"";"2292737080";"";"dtu";"2015";"";"";"";"";"thesis";"dtu|dtu_electronic|dtupub|dtupub_electronic";"";"";"";"";"";"";"";"";"";"";"";"";"";"Elektrotek.|Master of Science in Electrical Engineering|Master of Science in Engineering|kandidat";"Elektrotek.|Master of Science in Electrical Engineering|Master of Science in Engineering|kandidat";"Elektrotek.|Master of Science in Electrical Engineering|Master of Science in Engineering|kandidat";"und";"56d754b9bf1945510200088f";"";"56d754b9bf1945510200088f";"DTU Department of Electrical Engineering";"sorbit";"sorbit";"Guidance and Collision Avoidance for High-speed Marine Craft|Styring og kollisionsundgaelse for højhastighedsmarinfartøjer"
"";"dtu|dtupub|third_party";"";"2022-01-03T13:15:33.193Z";"Larsen, Lauge Kryger";"";"2292737112";"";"dtu";"2015";"";"";"";"";"thesis";"dtu|dtu_electronic|dtupub_external";"";"";"";"";"";"";"";"";"";"";"";"";"";"Elektrotek.|Master of Science in Electrical Engineering|Master of Science in Engineering|kandidat";"Elektrotek.|Master of Science in Electrical Engineering|Master of Science in Engineering|kandidat";"Elektrotek.|Master of Science in Electrical Engineering|Master of Science in Engineering|kandidat";"und";"56d754b9bf194551020008b1";"";"56d754b9bf194551020008b1";"DTU Department of Electrical Engineering";"sorbit";"sorbit";"Design, optimization, and test of a magnetic position sensor for down-hole oil and gas well intervention tools|Design, optimering og test af en magnetisk positionssensor til værktøjer til down-hole vedligeholdelse af olie- og gasbrønde"
"";"dtu|dtupub|third_party";"";"2022-01-03T13:16:04.089Z";"Arghand, Taha";"";"2292735683";"";"dtu";"2015";"";"";"";"";"thesis";"dtu|dtu_electronic|dtupub|dtupub_electronic";"";"";"";"";"";"";"";"";"";"";"";"";"";"gæst udl.";"gæst udl.";"gæst udl.";"und";"56d754b2bf194551020004ad";"";"56d754b2bf194551020004ad";"DTU Department of Civil Engineering";"sorbit";"sorbit";"Human subjective Response to combined Radiant and Convective Cooling by chilled Ceiling combined with Localized chilled Beam|Menneskets respons pa kombineret stralende og konvektiv afkøling med køleloft kombineret med lokaliseret kølebaffel"
"";"dtu|dtupub|third_party";"";"2022-01-03T13:16:22.297Z";"Nielsen, Martin Sander";"";"2292734018";"";"dtu";"2016";"";"";"";"";"thesis";"dtu|dtu_electronic|dtupub|dtupub_electronic";"";"";"";"";"";"";"";"";"";"";"";"";"";"Konst. og mekanik|Master of Science in Engineering|Master of Science in Engineering Design and Applied Mechanics|kandidat";"Konst. og mekanik|Master of Science in Engineering|Master of Science in Engineering Design and Applied Mechanics|kandidat";"Konst. og mekanik|Master of Science in Engineering|Master of Science in Engineering Design and Applied Mechanics|kandidat";"und";"56d754a8bf19455102000026";"";"56d754a8bf19455102000026";"DTU Department of Civil and Mechanical Engineering";"sorbit";"sorbit";"Smart Materials Applied to Control Gas Bearing Dynamics|Smarte materiale anvendt til regulering af luftlejedynamik"
"";"dtu|dtupub|third_party";"";"2022-01-03T13:16:22.240Z";"Lubelli, Gianluca";"";"2305633430";"";"dtu";"2016";"";"";"";"";"thesis";"dtu|dtu_electronic|dtupub|dtupub_electronic";"";"";"";"";"";"";"";"";"";"";"";"";"";"Master of Science in Engineering|Master of Science in Petroleum Engineering|Olie- og gastek.|kandidat";"Master of Science in Engineering|Master of Science in Petroleum Engineering|Olie- og gastek.|kandidat";"Master of Science in Engineering|Master of Science in Petroleum Engineering|Olie- og gastek.|kandidat";"und";"575ea6e3e6f951534a00e97b";"";"575ea6e3e6f951534a00e97b";"DTU Department of Chemistry";"sorbit";"sorbit";"Phase Equilibrium Calculation in the Presence of Capillary Pressure|Beregninger af faseligevægte under indflydelsen af kapillartryk"
"";"dtu|dtupub|third_party";"";"2022-01-03T13:15:51.454Z";"Arenas, Carlos Alberto Zuniga|Larsen, Katrina";"";"2292735692";"";"dtu";"2015";"";"";"";"";"thesis";"dtu|dtu_electronic|dtupub|dtupub_electronic";"";"";"";"";"";"";"";"";"";"";"";"";"";"Master of Science in Engineering|Master of Science in Transportation and Logistics|Transp. og logistik|kandidat";"Master of Science in Engineering|Master of Science in Transportation and Logistics|Transp. og logistik|kandidat";"Master of Science in Engineering|Master of Science in Transportation and Logistics|Transp. og logistik|kandidat";"und";"56d754b2bf194551020004bf";"";"56d754b2bf194551020004bf";"DTU Department of Transport";"sorbit";"sorbit";"Assessment of transport indicators that affect the quality of life in Danish cities|Vurdering af transportindikatorer, der pavirker borgernes livskvalitet i danske byer"
"";"dtu|dtupub|third_party";"";"2022-01-03T13:15:49.284Z";"Giudice, Francesco";"";"2292736992";"";"dtu";"2015";"";"";"";"";"thesis";"dtu|dtu_electronic|dtupub_external";"";"";"";"";"";"";"";"";"";"";"";"";"";"gæst udl.";"gæst udl.";"gæst udl.";"und";"56d754b9bf1945510200084c";"";"56d754b9bf1945510200084c";"DTU Department of Electrical Engineering";"sorbit";"sorbit";"Statistical energy analysis for structure-borne noise prediction in ships|Statistisk energi analyse til forudsigelse af strukturlyd i skibe"
"";"dtu|dtupub|third_party";"";"2022-01-03T13:07:33.153Z";"Gudmundsson, Arnar Gauti";"";"2306791773";"";"dtu";"2016";"";"";"";"";"thesis";"dtu|dtu_electronic|dtupub_external";"";"";"";"";"";"";"";"";"";"";"";"";"";"Master of Science in Engineering|Master of Science in Engineering Management|Planl. innovation og led.|kandidat";"Master of Science in Engineering|Master of Science in Engineering Management|Planl. innovation og led.|kandidat";"Master of Science in Engineering|Master of Science in Engineering Management|Planl. innovation og led.|kandidat";"und";"579743f46bbf232e70001143";"";"579743f46bbf232e70001143";"DTU Department of Technology, Management and Economics";"sorbit";"sorbit";"Identifying hotspots regarding fuel efficiency at Icelandair|Identifikation af hotspots angaende brændstofeffektivitet hos Icelandair"
"";"dtu|dtupub|third_party";"";"2022-01-03T13:15:51.264Z";"Sjøgren, Victor Rune";"";"2305633510";"";"dtu";"2016";"";"";"";"";"thesis";"dtu|dtu_electronic|dtupub_external";"";"";"";"";"";"";"";"";"";"";"";"";"";"Master of Science in Engineering|Master of Science in Mathematical Modelling and Computation|Mat. modellering|kandidat";"Master of Science in Engineering|Master of Science in Mathematical Modelling and Computation|Mat. modellering|kandidat";"Master of Science in Engineering|Master of Science in Mathematical Modelling and Computation|Mat. modellering|kandidat";"und";"575ea7aee6f951534a00f2cf";"";"575ea7aee6f951534a00f2cf";"DTU Department of Technology, Management and Economics";"sorbit";"sorbit";"Technical and Economical Analysis of Reshoring Manufacturing|Teknisk og økonomisk analyse ved hjemtagning af fremstilling"
"";"dtu|dtupub|third_party";"";"2022-01-03T13:15:50.545Z";"Lawrence, Katherine Terry";"";"2292735491";"";"dtu";"2015";"";"";"";"";"thesis";"dtu|dtu_electronic|dtupub_external";"";"";"";"";"";"";"";"";"";"";"";"";"";"Bioteknologi|Master of Science in Biotechnology|Master of Science in Engineering|kandidat";"Bioteknologi|Master of Science in Biotechnology|Master of Science in Engineering|kandidat";"Bioteknologi|Master of Science in Biotechnology|Master of Science in Engineering|kandidat";"und";"56d754b1bf194551020003fc";"";"56d754b1bf194551020003fc";"DTU Department of Biotechnology and Biomedicine";"sorbit";"sorbit";"Development of fluorescent biomarkers to correlate fermentation conditions with desiccation tolerance in Saccharomyces cerevisiae|Udvikling af fluorescerende biosensorer til at korrelere fermenteringsbetingelser med tørringstolerance i Saccharomyces cerevisae"
"";"dtu|dtupub|third_party";"";"2022-01-06T23:53:31.341Z";"Sulsted, Julie Holmboe Bang";"";"2341486401";"";"dtu";"2016";"";"";"";"";"thesis";"dtu|dtu_electronic|dtupub_external";"";"";"";"";"";"";"";"";"";"";"";"";"";"Farmateknologi|Master of Science in Engineering|Master of Science in Pharmaceutical Design and Engineering|kandidat";"Farmateknologi|Master of Science in Engineering|Master of Science in Pharmaceutical Design and Engineering|kandidat";"Farmateknologi|Master of Science in Engineering|Master of Science in Pharmaceutical Design and Engineering|kandidat";"und";"57b5953cade085665b0000a5";"";"57b5953cade085665b0000a5";"DTU National Veterinary Institute";"sorbit";"sorbit";"Development of competitive immunoassay for detection of prothrombin fragments in blood|Udvikling af kompetitivt immunassay til detektion af prothrombin-fragmenter i blod"
"";"dtu|dtupub|third_party";"";"2022-01-03T13:07:18.395Z";"Flosadottir, Agnes Run";"";"2334961914";"";"dtu";"2016";"";"";"";"";"thesis";"dtu|dtu_electronic|dtupub_external";"";"";"";"";"";"";"";"";"";"";"";"";"";"Master of Science in Engineering|Master of Science in Engineering Management|Planl. innovation og led.|kandidat";"Master of Science in Engineering|Master of Science in Engineering Management|Planl. innovation og led.|kandidat";"Master of Science in Engineering|Master of Science in Engineering Management|Planl. innovation og led.|kandidat";"und";"57b443c0ade085665b000001";"";"57b443c0ade085665b000001";"DTU Department of Technology, Management and Economics";"sorbit";"sorbit";"Pharmacy distribution at Bispebjerg Hospital|Distribution af apotekervarer pa Bispebjerg Hospital"
"";"dtu|dtupub|third_party";"";"2022-01-03T13:12:03.831Z";"Madsen, Mikkel Mohr";"";"2292735245";"";"dtu";"2015";"";"";"";"";"thesis";"dtu|dtu_electronic|dtupub_external";"";"";"";"";"";"";"";"";"";"";"";"";"";"Bioteknologi|Master of Science in Biotechnology|Master of Science in Engineering|kandidat";"Bioteknologi|Master of Science in Biotechnology|Master of Science in Engineering|kandidat";"Bioteknologi|Master of Science in Biotechnology|Master of Science in Engineering|kandidat";"und";"56d754b0bf1945510200035f";"";"56d754b0bf1945510200035f";"DTU National Veterinary Institute";"sorbit";"sorbit";"Evaluation of transport methods for transport of infectious bedding from animal stables for local inactivation – focus on straw as bedding material|Evaluering af metoder til transport af infektiøs strøelse fra dyrestalde til lokal inaktivering – med fokus pa halm som strøelse"
"";"dtu|dtupub|third_party";"";"2022-01-03T13:15:45.244Z";"Busk, Peter";"";"2292735522";"";"dtu";"2015";"";"";"";"";"thesis";"dtu|dtu_electronic|dtupub_external";"";"";"";"";"";"";"";"";"";"";"";"";"";"Master of Science in Engineering|Master of Science in Engineering Management|Planl. innovation og led.|kandidat";"Master of Science in Engineering|Master of Science in Engineering Management|Planl. innovation og led.|kandidat";"Master of Science in Engineering|Master of Science in Engineering Management|Planl. innovation og led.|kandidat";"und";"56d754b1bf1945510200041a";"";"56d754b1bf1945510200041a";"DTU Department of Technology, Management and Economics";"sorbit";"sorbit";"Applying Lean Thinking in a Business Support Function|Anvendelse af Lean Thinking i en Support funktion"
"";"dtu|dtupub|third_party";"";"2022-01-03T13:15:57.535Z";"Larisis, Dimitrios Evangelos";"";"2292735954";"";"dtu";"2015";"";"";"";"";"thesis";"dtu|dtu_electronic|dtupub_external";"";"";"";"";"";"";"";"";"";"";"";"";"";"Informationstek.|Master of Science in Computer Science and Engineering|Master of Science in Engineering|kandidat";"Informationstek.|Master of Science in Computer Science and Engineering|Master of Science in Engineering|kandidat";"Informationstek.|Master of Science in Computer Science and Engineering|Master of Science in Engineering|kandidat";"und";"56d754b4bf1945510200059e";"";"56d754b4bf1945510200059e";"DTU Department of Applied Mathematics and Computer Science";"sorbit";"sorbit";"Botnet Detection by Domain Generation Algorithm over a Streaming Processing Model|Botnetdetektion ved brug af en domæne gerereringsalgoritme over en ""Streaming Processing Model"""
"";"dtu|dtupub|third_party";"";"2022-01-03T13:11:48.881Z";"Dons, Morten Leopold";"";"2292735633";"";"dtu";"2015";"";"";"";"";"thesis";"dtu|dtu_electronic|dtupub|dtupub_electronic";"";"";"";"";"";"";"";"";"";"";"";"";"";"Elektrotek.|Master of Science in Electrical Engineering|Master of Science in Engineering|kandidat";"Elektrotek.|Master of Science in Electrical Engineering|Master of Science in Engineering|kandidat";"Elektrotek.|Master of Science in Electrical Engineering|Master of Science in Engineering|kandidat";"und";"56d754b2bf19455102000485";"";"56d754b2bf19455102000485";"DTU Department of Electrical Engineering";"sorbit";"sorbit";"An Active Switching Network for a Microwave Medical Imaging System|Et aktivt switch netværk til et mikrobølge medicinsk billeddannende system"
"";"dtu|dtupub|third_party";"";"2022-01-03T13:15:26.163Z";"Knuth-Winterfeldt, Ulrik Eggert";"";"2292736344";"";"dtu";"2015";"";"";"";"";"thesis";"dtu|dtu_electronic|dtupub|dtupub_electronic";"";"";"";"";"";"";"";"";"";"";"";"";"";"Bygningsdesign|Master of Science in Engineering|Master og Science in Architectural Engineering|kandidat";"Bygningsdesign|Master of Science in Engineering|Master og Science in Architectural Engineering|kandidat";"Bygningsdesign|Master of Science in Engineering|Master og Science in Architectural Engineering|kandidat";"und";"56d754b6bf1945510200068c";"";"56d754b6bf1945510200068c";"DTU Department of Civil Engineering";"sorbit";"sorbit";"Development of Property Tax and Valuation System|Udvikling af ejendomsskat og vurderingssystem"
"";"dtu|dtupub|third_party";"";"2022-01-03T13:12:13.387Z";"Monsen, Øystein";"";"2292735456";"";"dtu";"2015";"";"";"";"";"thesis";"dtu|dtu_electronic|dtupub|dtupub_electronic";"";"";"";"";"";"";"";"";"";"";"";"";"";"Master of Science in Engineering|Master of science in Bioinformatics and Systems Biology|Systembiologi|kandidat";"Master of Science in Engineering|Master of science in Bioinformatics and Systems Biology|Systembiologi|kandidat";"Master of Science in Engineering|Master of science in Bioinformatics and Systems Biology|Systembiologi|kandidat";"und";"56d754b1bf194551020003de";"";"56d754b1bf194551020003de";"DTU Department of Biotechnology and Biomedicine";"sorbit";"sorbit";"LINE-1 regulation in X-chromosome inactivation|Regulering af LINE-1 i dæmpning af kromosom X"
"";"dtu|dtupub|third_party";"";"2022-01-03T13:16:17.356Z";"Ehrari, Humira";"";"2292734169";"";"dtu";"2016";"";"";"";"";"thesis";"dtu|dtu_electronic|dtupub_external";"";"";"";"";"";"";"";"";"";"";"";"";"";"Master of Science in Engineering|Master of Science in Engineering Management|Planl. innovation og led.|kandidat";"Master of Science in Engineering|Master of Science in Engineering Management|Planl. innovation og led.|kandidat";"Master of Science in Engineering|Master of Science in Engineering Management|Planl. innovation og led.|kandidat";"und";"56d754a9bf19455102000098";"";"56d754a9bf19455102000098";"DTU Department of Technology, Management and Economics";"sorbit";"sorbit";"Creativity and Innovation|Kreativitet og innovation"
"";"dtu|dtupub|third_party";"";"2022-01-03T13:15:57.660Z";"Stewart, Raphaelle";"";"2292735884";"";"dtu";"2015";"";"";"";"";"thesis";"dtu|dtu_electronic|dtupub_external";"";"";"";"";"";"";"";"";"";"";"";"";"";"gæst udl.";"gæst udl.";"gæst udl.";"und";"56d754b4bf19455102000561";"";"56d754b4bf19455102000561";"DTU Department of Technology, Management and Economics";"sorbit";"sorbit";"Developing a value network business framework for aluminum cans within a circular economy approach|Developing a value network business framework for aluminum cans within a circular economy approach"
"";"dtu|dtupub|third_party";"";"2022-01-03T13:11:57.484Z";"Kjeldsen, Andreas Hallberg";"";"2292736144";"";"dtu";"2015";"";"";"";"";"thesis";"dtu|dtu_electronic|dtupub|dtupub_electronic";"";"";"";"";"";"";"";"";"";"";"";"";"";"Informationstek.|Master of Science in Computer Science and Engineering|Master of Science in Engineering|kandidat";"Informationstek.|Master of Science in Computer Science and Engineering|Master of Science in Engineering|kandidat";"Informationstek.|Master of Science in Computer Science and Engineering|Master of Science in Engineering|kandidat";"und";"56d754b5bf19455102000616";"";"56d754b5bf19455102000616";"DTU Department of Applied Mathematics and Computer Science";"sorbit";"sorbit";"Synthesis of Web APIs|Syntese af Web APIs"
"";"dtu|dtupub|third_party";"";"2022-01-03T13:15:53.777Z";"Hastrup, Martin";"";"2292735618";"";"dtu";"2015";"";"";"";"";"thesis";"dtu|dtu_electronic|dtupub|dtupub_electronic";"";"";"";"";"";"";"";"";"";"";"";"";"";"Digitale medietek.|Master of Science in Digital Media Engineering|Master of Science in Engineering|kandidat";"Digitale medietek.|Master of Science in Digital Media Engineering|Master of Science in Engineering|kandidat";"Digitale medietek.|Master of Science in Digital Media Engineering|Master of Science in Engineering|kandidat";"und";"56d754b2bf19455102000478";"";"56d754b2bf19455102000478";"DTU Department of Applied Mathematics and Computer Science";"sorbit";"sorbit";"Inferring Friendships from Longitudinal High Resolution Data|Inferring Friendships from Longitudinal High Resolution Data"
"";"dtu|dtupub|third_party";"";"2022-01-03T13:15:23.375Z";"Busk, Marie Louise Laub";"";"2292737609";"";"dtu";"2015";"";"";"";"";"thesis";"dtu|dtu_electronic|dtupub|dtupub_electronic";"";"";"";"";"";"";"";"";"";"";"";"";"";"Fysik og nanotek.|Master of Science in Engineering|Master of Science in Physics and Nanotechnology|kandidat";"Fysik og nanotek.|Master of Science in Engineering|Master of Science in Physics and Nanotechnology|kandidat";"Fysik og nanotek.|Master of Science in Engineering|Master of Science in Physics and Nanotechnology|kandidat";"und";"56d754bbbf19455102000a69";"";"56d754bbbf19455102000a69";"DTU Department of Micro- and Nanotechnology";"sorbit";"sorbit";"Fusing Microdroplets for Combinatorics|Fusion af Mikrodraber til Kombinatorik"
"";"dtu|dtupub|third_party";"";"2022-01-03T13:15:22.139Z";"Afzal, Mamuna";"";"2292737836";"";"dtu";"2015";"";"";"";"";"thesis";"dtu|dtu_electronic|dtupub_external";"";"";"";"";"";"";"";"";"";"";"";"";"";"Master of Science in Engineering|civil 5-årig";"Master of Science in Engineering|civil 5-årig";"Master of Science in Engineering|civil 5-årig";"und";"56d754bcbf19455102000b46";"";"56d754bcbf19455102000b46";"DTU Department of Chemical and Biochemical Engineering";"sorbit";"sorbit";"Experimental study of enzyme applicability for enhanced oil recovery|Eksperimentiel undersøgelse af anvendelsesmuligheder af enzymer indenfor forbedret olieindvinding"
"";"dtu|dtupub|third_party";"";"2022-01-03T13:15:53.900Z";"Eskesen, Morten Chabert";"";"2292735561";"";"dtu";"2015";"";"";"";"";"thesis";"dtu|dtu_electronic|dtupub|dtupub_electronic";"";"";"";"";"";"";"";"";"";"";"";"";"";"Informationstek.|Master of Science in Computer Science and Engineering|Master of Science in Engineering|kandidat";"Informationstek.|Master of Science in Computer Science and Engineering|Master of Science in Engineering|kandidat";"Informationstek.|Master of Science in Computer Science and Engineering|Master of Science in Engineering|kandidat";"und";"56d754b1bf19455102000442";"";"56d754b1bf19455102000442";"DTU Department of Applied Mathematics and Computer Science";"sorbit";"sorbit";"Fault-tolerant architecture design for flow-based biochips|Fault-tolerant architecture design for flow-based biochips"
"";"dtu|dtupub|third_party";"";"2022-01-03T13:06:05.179Z";"Engelsholm, Signe Katrine Dybbro";"";"2306907419";"";"dtu";"2016";"";"";"";"";"thesis";"dtu|dtu_electronic|dtupub_external";"";"";"";"";"";"";"";"";"";"";"";"";"";"Master of Science in Engineering|Master of Science in Medicine and Technology|Medicin og tek.|kandidat";"Master of Science in Engineering|Master of Science in Medicine and Technology|Medicin og tek.|kandidat";"Master of Science in Engineering|Master of Science in Medicine and Technology|Medicin og tek.|kandidat";"und";"579c88e56bbf232e70001470";"";"579c88e56bbf232e70001470";"DTU Department of Electrical Engineering";"sorbit";"sorbit";"Design and simulation of flow mixer for use in equipment for blood analysis|Design og simulering af flow mixer til anvendelse i apparatur til analyse af blodprøver."
"";"dtu|dtupub|third_party";"";"2022-01-03T13:08:00.441Z";"Thari, Ali Kazim Jawad";"";"2342447783";"";"dtu";"2016";"";"";"";"";"thesis";"dtu|dtu_electronic|dtupub|dtupub_electronic";"";"";"";"";"";"";"";"";"";"";"";"";"";"Master of Science in Engineering|Master of Science in Wind Energy|Vindenergi|kandidat";"Master of Science in Engineering|Master of Science in Wind Energy|Vindenergi|kandidat";"Master of Science in Engineering|Master of Science in Wind Energy|Vindenergi|kandidat";"und";"57c6b8c4abd7812721000043";"";"57c6b8c4abd7812721000043";"DTU Department of Civil and Mechanical Engineering";"sorbit";"sorbit";"Dynamic High-Order Reduced Model for Efficient Fluid Structure Interaction Simulation|Dynamik Højere-Ordens Reduktions Model for Effektiv Simulering af Fluid-Struktur Interaktion"
"";"dtu|dtupub|third_party";"";"2022-01-03T13:15:38.877Z";"Steensen, Jon Vincent";"";"2292737268";"";"dtu";"2015";"";"";"";"";"thesis";"dtu|dtu_electronic|dtupub_external";"";"";"";"";"";"";"";"";"";"";"";"";"";"Design og inn.|Master of Science in Design and Innovation|Master of Science in Engineering|kandidat";"Design og inn.|Master of Science in Design and Innovation|Master of Science in Engineering|kandidat";"Design og inn.|Master of Science in Design and Innovation|Master of Science in Engineering|kandidat";"und";"56d754babf1945510200094a";"";"56d754babf1945510200094a";"DTU Department of Civil and Mechanical Engineering";"sorbit";"sorbit";"Redesign of the MonoChair|Redesign af MonoChair"
"";"dtu|dtupub|third_party";"";"2022-01-03T13:15:48.321Z";"Meyenburg, Bjarke";"";"2292735403";"";"dtu";"2015";"";"";"";"";"thesis";"dtu|dtu_electronic|dtupub_external";"";"";"";"";"";"";"";"";"";"";"";"";"";"Elektrotek.|Master of Science in Electrical Engineering|Master of Science in Engineering|kandidat";"Elektrotek.|Master of Science in Electrical Engineering|Master of Science in Engineering|kandidat";"Elektrotek.|Master of Science in Electrical Engineering|Master of Science in Engineering|kandidat";"und";"56d754b0bf194551020003aa";"";"56d754b0bf194551020003aa";"DTU Department of Electrical Engineering";"sorbit";"sorbit";"Antennas for Custom Hearing Instruments|Antenner til persontilpassede høreapparater"
"";"dtu|dtupub|third_party";"";"2022-01-03T13:07:28.011Z";"Lacoste, David Frederic Jacques Marcel";"";"2306789929";"";"dtu";"2016";"";"";"";"";"thesis";"dtu|dtu_electronic|dtupub_external";"";"";"";"";"";"";"";"";"";"";"";"";"";"Master of Science in Engineering|Master of Science in Engineering Management|Planl. innovation og led.|kandidat";"Master of Science in Engineering|Master of Science in Engineering Management|Planl. innovation og led.|kandidat";"Master of Science in Engineering|Master of Science in Engineering Management|Planl. innovation og led.|kandidat";"und";"579743706bbf232e70000dee";"";"579743706bbf232e70000dee";"DTU Department of Technology, Management and Economics";"sorbit";"sorbit";"Planning Helicopter routing in operational wind farms at Dong Energy|Planlægning af helikopter rutening i offshore vindmølle parker ved Dong Energi"
"";"dtu|dtupub|third_party";"";"2022-01-03T13:11:07.090Z";"Cielecki, Tomasz";"";"2292737694";"";"dtu";"2015";"";"";"";"";"thesis";"dtu|dtu_electronic|dtupub|dtupub_electronic";"";"";"";"";"";"";"";"";"";"";"";"";"";"Digitale medietek.|Master of Science in Digital Media Engineering|Master of Science in Engineering|kandidat";"Digitale medietek.|Master of Science in Digital Media Engineering|Master of Science in Engineering|kandidat";"Digitale medietek.|Master of Science in Digital Media Engineering|Master of Science in Engineering|kandidat";"und";"56d754bcbf19455102000abe";"";"56d754bcbf19455102000abe";"DTU Department of Applied Mathematics and Computer Science";"sorbit";"sorbit";"Environmental Sensor Monitoring tablet application designed using cross-platform design patterns and frameworks|Tablet applikation til Miljø Sensor Monitorering design ved brug af platformsuafhængige Design Patterns og frameworks"
"";"dtu|dtupub|third_party";"";"2022-01-06T23:53:54.722Z";"Moe, Elizabeth Lindhard";"";"2341622102";"";"dtu";"2016";"";"";"";"";"thesis";"dtu|dtu_electronic|dtupub_external";"";"";"";"";"";"";"";"";"";"";"";"";"";"Master of Science in Engineering|Master of Science in Engineering Management|Planl. innovation og led.|kandidat";"Master of Science in Engineering|Master of Science in Engineering Management|Planl. innovation og led.|kandidat";"Master of Science in Engineering|Master of Science in Engineering Management|Planl. innovation og led.|kandidat";"und";"57b8383d3e47d6ad77000022";"";"57b8383d3e47d6ad77000022";"DTU Department of Technology, Management and Economics";"sorbit";"sorbit";"Managing uncertainty in innovative change-management projects in a global organization|Ledelse af usikkerhed i innovative forandringsprojekter i en global organisation"
"";"dtu|dtupub|third_party";"";"2022-01-03T13:13:03.664Z";"Larsen, Rasmus Bisgaard";"";"2346530014";"";"dtu";"2016";"";"";"";"";"thesis";"dtu|dtu_electronic|dtupub_external";"";"";"";"";"";"";"";"";"";"";"";"";"";"Konst. og mekanik|Master of Science in Engineering|Master of Science in Engineering Design and Applied Mechanics|kandidat";"Konst. og mekanik|Master of Science in Engineering|Master of Science in Engineering Design and Applied Mechanics|kandidat";"Konst. og mekanik|Master of Science in Engineering|Master of Science in Engineering Design and Applied Mechanics|kandidat";"und";"57f4dd3e5fef926e0f00000e";"";"57f4dd3e5fef926e0f00000e";"DTU Department of Civil and Mechanical Engineering";"sorbit";"sorbit";"Finite Element and Fatigue Analyses of a Wind Turbine Blade|Finite Element og Udmattelsesanalyser af en Vindmøllevinge"
"";"dtu|dtupub|third_party";"";"2022-01-03T13:06:46.789Z";"Vest, Mads Gotha";"";"2292737431";"";"dtu";"2015";"";"";"";"";"thesis";"dtu|dtu_electronic|dtupub_external";"";"";"";"";"";"";"";"";"";"";"";"";"";"Anvendt kemi|Master of Science in Advanced and Applied Chemistry|Master of Science in Engineering|kandidat";"Anvendt kemi|Master of Science in Advanced and Applied Chemistry|Master of Science in Engineering|kandidat";"Anvendt kemi|Master of Science in Advanced and Applied Chemistry|Master of Science in Engineering|kandidat";"und";"56d754babf194551020009c3";"";"56d754babf194551020009c3";"DTU Department of Chemical and Biochemical Engineering";"sorbit";"sorbit";"Polymers for Skin Friendly Adhesives|Polymerer til hudvenlige klæbere"
"";"dtu|dtupub|third_party";"";"2022-01-03T13:16:12.282Z";"Sonne, Nicolai";"";"2292735660";"";"dtu";"2015";"";"";"";"";"thesis";"dtu|dtu_electronic|dtupub|dtupub_electronic";"";"";"";"";"";"";"";"";"";"";"";"";"";"Informationstek.|Master of Science in Computer Science and Engineering|Master of Science in Engineering|kandidat";"Informationstek.|Master of Science in Computer Science and Engineering|Master of Science in Engineering|kandidat";"Informationstek.|Master of Science in Computer Science and Engineering|Master of Science in Engineering|kandidat";"und";"56d754b2bf1945510200049d";"";"56d754b2bf1945510200049d";"DTU Department of Applied Mathematics and Computer Science";"sorbit";"sorbit";"Optimizing food use and safety using business-to-consumer tracking|Optimering af fødevare forbrug og sikkerhed ved sporing fra produktion til forbruger"
"";"dtu|dtupub|third_party";"";"2022-01-03T13:15:52.370Z";"Grunnet-Lauridsen, Kristina";"";"2292737325";"";"dtu";"2015";"";"";"";"";"thesis";"dtu|dtu_electronic|dtupub|dtupub_electronic";"";"";"";"";"";"";"";"";"";"";"";"";"";"Bioteknologi|Master of Science in Biotechnology|Master of Science in Engineering|kandidat";"Bioteknologi|Master of Science in Biotechnology|Master of Science in Engineering|kandidat";"Bioteknologi|Master of Science in Biotechnology|Master of Science in Engineering|kandidat";"und";"56d754babf1945510200097a";"";"56d754babf1945510200097a";"DTU Department of Biotechnology and Biomedicine";"sorbit";"sorbit";"Comparing of cardiomyocytes derived from human embryonic stem cells with cardiomyocytes from human foetal hearts|Sammenligning af cardiomyocytter deriveret fra humane embryonale stamceller med cardiomyocytter fra humane føtale hjerter"
"";"dtu|dtupub|third_party";"";"2022-01-03T13:16:03.893Z";"Thedens, Paul";"";"2292735225";"";"dtu";"2015";"";"";"";"";"thesis";"dtu|dtu_electronic|dtupub|dtupub_electronic";"";"";"";"";"";"";"";"";"";"";"";"";"";"Master of Science in Engineering|Master of Science in Wind Energy|Vindenergi|kandidat";"Master of Science in Engineering|Master of Science in Wind Energy|Vindenergi|kandidat";"Master of Science in Engineering|Master of Science in Wind Energy|Vindenergi|kandidat";"und";"56d754afbf19455102000354";"";"56d754afbf19455102000354";"DTU Department of Civil and Mechanical Engineering";"sorbit";"sorbit";"Optimization of parafoil structures|Optimering af parafoil strukturer"
"";"dtu|dtupub|third_party";"";"2022-01-03T13:09:14.480Z";"Kopmann, Moritz";"";"2306921454";"";"dtu";"2016";"";"";"";"";"thesis";"dtu|dtu_electronic|dtupub|dtupub_electronic";"";"";"";"";"";"";"";"";"";"";"";"";"";"gæst udl.";"gæst udl.";"gæst udl.";"und";"579dda696bbf232e700015d2";"";"579dda696bbf232e700015d2";"DTU Department of Environmental and Resource Engineering";"sorbit";"sorbit";"Assessing the sustainability of the groundwater resource in Basanti, West Bengal|Bæredygtighedsvurdering af grundvandsressourcen i Basanti, Vestbengalen"
"";"dtu|dtupub|third_party";"";"2022-01-03T13:11:58.552Z";"Granados, Rafael Rodriguez";"";"2292735282";"";"dtu";"2015";"";"";"";"";"thesis";"dtu|dtu_electronic|dtupub|dtupub_electronic";"";"";"";"";"";"";"";"";"";"";"";"";"";"Bæredygtig energi|Master of Science in Engineering|Master of Science in Sustainable Energy|kandidat";"Bæredygtig energi|Master of Science in Engineering|Master of Science in Sustainable Energy|kandidat";"Bæredygtig energi|Master of Science in Engineering|Master of Science in Sustainable Energy|kandidat";"und";"56d754b0bf19455102000375";"";"56d754b0bf19455102000375";"DTU Department of Civil Engineering";"sorbit";"sorbit";"Dynamic Behaviour of Hydronic Radiators, and derived Best Control Strategies for Valve Actuators|Dynamisk respons af vandbarne radiatorer, og afledte bedste kontrolstrategier for ventilaktuatorer"
"";"dtu|dtupub|third_party";"";"2022-01-03T13:15:52.386Z";"Svendsen, Mathias";"";"2292735323";"";"dtu";"2015";"";"";"";"";"thesis";"dtu|dtu_electronic|dtupub|dtupub_electronic";"";"";"";"";"";"";"";"";"";"";"";"";"";"Elektrotek.|Master of Science in Electrical Engineering|Master of Science in Engineering|kandidat";"Elektrotek.|Master of Science in Electrical Engineering|Master of Science in Engineering|kandidat";"Elektrotek.|Master of Science in Electrical Engineering|Master of Science in Engineering|kandidat";"und";"56d754b0bf1945510200038c";"";"56d754b0bf1945510200038c";"DTU Department of Electrical and Photonics Engineering";"sorbit";"sorbit";"Structured light scanning using liquid lens|Struktureret lys scanning ved hjælp af flydende linse"
"";"dtu|dtupub|third_party";"";"2022-01-03T13:15:50.604Z";"Ashur, Hamdi Abdi|Seibert, Stephan Ludger";"";"2292735910";"";"dtu";"2015";"";"";"";"";"thesis";"dtu|dtu_electronic|dtupub_external";"";"";"";"";"";"";"";"";"";"";"";"";"";"Master of Science in Engineering|Master of Science in Environmental Engineering|Miljøteknologi|kandidat";"Master of Science in Engineering|Master of Science in Environmental Engineering|Miljøteknologi|kandidat";"Master of Science in Engineering|Master of Science in Environmental Engineering|Miljøteknologi|kandidat";"und";"56d754b4bf19455102000574";"";"56d754b4bf19455102000574";"DTU Department of Environmental and Resource Engineering";"sorbit";"sorbit";"Assessing the driving forces for TCE transport in a glacial-disturbed limestone aquifer|Vurdering af drivkræfterne bag TCE transport i et glacialt forstyrret kalk magasin"
"";"dtu|dtupub|third_party";"";"2022-01-03T13:15:25.205Z";"Fonseca, Joao Filipe Paiva";"";"2292737262";"";"dtu";"2015";"";"";"";"";"thesis";"dtu|dtu_electronic|dtupub|dtupub_electronic";"";"";"";"";"";"";"";"";"";"";"";"";"";"Master of Science in Engineering|Master of Science in Transportation and Logistics|Transp. og logistik|kandidat";"Master of Science in Engineering|Master of Science in Transportation and Logistics|Transp. og logistik|kandidat";"Master of Science in Engineering|Master of Science in Transportation and Logistics|Transp. og logistik|kandidat";"und";"56d754babf19455102000944";"";"56d754babf19455102000944";"DTU Department of Transport";"sorbit";"sorbit";"An heuristic approach to the Cargo Mix Problem|Heuristik for Cargo Mix"
"";"dtu|dtupub|third_party";"";"2022-01-03T13:15:35.766Z";"Zugravu, Alexandru";"";"2292736501";"";"dtu";"2015";"";"";"";"";"thesis";"dtu|dtu_electronic|dtupub|dtupub_electronic";"";"";"";"";"";"";"";"";"";"";"";"";"";"Byggetek.|Master of Science in Civil Engineering|Master of Science in Engineering|kandidat";"Byggetek.|Master of Science in Civil Engineering|Master of Science in Engineering|kandidat";"Byggetek.|Master of Science in Civil Engineering|Master of Science in Engineering|kandidat";"und";"56d754b7bf194551020006df";"";"56d754b7bf194551020006df";"DTU Department of Civil Engineering";"sorbit";"sorbit";"Dowel Joints in Tempered Glass - Enhancement of the Borehole Surface Quality by Post Drill Treatment|Dornsamlinger i hærdet glas - Forbedring af huloverflades kvalitet ved efterbehandling"
"";"dtu|dtupub|third_party";"";"2022-01-03T13:10:53.603Z";"Holtermann, Jens Skrumsager";"";"2292736314";"";"dtu";"2015";"";"";"";"";"thesis";"dtu|dtu_electronic|dtupub|dtupub_electronic";"";"";"";"";"";"";"";"";"";"";"";"";"";"Master of Science in Engineering|Master of Science in Mathematical Modelling and Computation|Mat. modellering|kandidat";"Master of Science in Engineering|Master of Science in Mathematical Modelling and Computation|Mat. modellering|kandidat";"Master of Science in Engineering|Master of Science in Mathematical Modelling and Computation|Mat. modellering|kandidat";"und";"56d754b6bf1945510200067e";"";"56d754b6bf1945510200067e";"DTU Department of Applied Mathematics and Computer Science";"sorbit";"sorbit";"Brain state monitoring based on EEG|Monitorering af hjernetilstande baseret pa EEG"
"";"dtu|dtupub|third_party";"";"2022-01-03T13:15:19.977Z";"Ausin, Daniel Sanz";"";"2292737658";"";"dtu";"2015";"";"";"";"";"thesis";"dtu|dtu_electronic|dtupub|dtupub_electronic";"";"";"";"";"";"";"";"";"";"";"";"";"";"Master of Science in Engineering|Master of Science in Telecommunication|Telekom.|gæst udl.|kandidat";"Master of Science in Engineering|Master of Science in Telecommunication|Telekom.|gæst udl.|kandidat";"Master of Science in Engineering|Master of Science in Telecommunication|Telekom.|gæst udl.|kandidat";"und";"56d754bbbf19455102000a99";"";"56d754bbbf19455102000a99";"DTU Department of Electrical Engineering";"sorbit";"sorbit";"Experimental investigation of loudspeaker power requirements|Eksperimentel undersøgelse af højttalers effektkrav"
"";"dtu|dtupub|third_party";"";"2022-01-03T13:15:49.205Z";"Jacobsen, Søren|Johnsen, Jannick Boese";"";"2292736257";"";"dtu";"2015";"";"";"";"";"thesis";"dtu|dtu_electronic|dtupub|dtupub_electronic";"";"";"";"";"";"";"";"";"";"";"";"";"";"Informationstek.|Master of Science in Computer Science and Engineering|Master of Science in Engineering|kandidat";"Informationstek.|Master of Science in Computer Science and Engineering|Master of Science in Engineering|kandidat";"Informationstek.|Master of Science in Computer Science and Engineering|Master of Science in Engineering|kandidat";"und";"56d754b6bf19455102000658";"";"56d754b6bf19455102000658";"DTU Department of Applied Mathematics and Computer Science";"sorbit";"sorbit";"Action Learning in Automated Planning|Læring af handlinger i automatiseret planlægning"
"";"dtu|dtupub|third_party";"";"2022-01-03T13:06:13.400Z";"Mortensen, Søren";"";"2306320405";"";"dtu";"2016";"";"";"";"";"thesis";"dtu|dtu_electronic|dtupub|dtupub_electronic";"";"";"";"";"";"";"";"";"";"";"";"";"";"Kemisk/biokemisk tek.|Master of Science in Chemical and Biochemical Engineering|Master of Science in Engineering|kandidat";"Kemisk/biokemisk tek.|Master of Science in Chemical and Biochemical Engineering|Master of Science in Engineering|kandidat";"Kemisk/biokemisk tek.|Master of Science in Chemical and Biochemical Engineering|Master of Science in Engineering|kandidat";"und";"577b934837562d157a000198";"";"577b934837562d157a000198";"DTU Department of Chemical and Biochemical Engineering";"sorbit";"sorbit";"Further development of the electrolyte equation of state for electrolyte systems|Videre udvikling af CPA modellen for elektrolyt blandinger"
"";"dtu|dtupub|third_party";"";"2022-01-03T13:16:26.228Z";"Conti, Saverio";"";"2292734877";"";"dtu";"2015";"";"";"";"";"thesis";"dtu|dtu_electronic|dtupub|dtupub_electronic";"";"";"";"";"";"";"";"";"";"";"";"";"";"gæst udl.|ph.d";"gæst udl.|ph.d";"gæst udl.|ph.d";"und";"56d754aebf19455102000271";"";"56d754aebf19455102000271";"DTU Department of Environmental and Resource Engineering";"sorbit";"sorbit";"Heterotrophic denitrification under different organic substrate availability – A study on N2O production and microbial characterization of biofilm|Heterotrof denitrification under forskellige tilgængeligheder af organisk substrat - En undersøgelse om lattergas produktion og mikrobiel karakterisering af biofilm"
"";"dtu|dtupub|third_party";"";"2022-01-03T13:12:32.587Z";"Dhaubanjar, Sanita";"";"2305633447";"";"dtu";"2016";"";"";"";"";"thesis";"dtu|dtu_electronic|dtupub|dtupub_electronic";"";"";"";"";"";"";"";"";"";"";"";"";"";"Master of Science in Engineering|Master of Science in Environmental Engineering|Miljøteknologi|kandidat";"Master of Science in Engineering|Master of Science in Environmental Engineering|Miljøteknologi|kandidat";"Master of Science in Engineering|Master of Science in Environmental Engineering|Miljøteknologi|kandidat";"und";"575ea724e6f951534a00eca8";"";"575ea724e6f951534a00eca8";"DTU Department of Environmental and Resource Engineering";"sorbit";"sorbit";"Multiobjective optimization for water resources management in Nepal|Multi-objektiv optimering af vandressourceforvaltning i Nepal"
"";"dtu|dtupub|third_party";"";"2022-01-03T13:12:20.428Z";"Johansen, Nicolai Frost-Jensen";"";"2305633433";"";"dtu";"2016";"";"";"";"";"thesis";"dtu|dtu_electronic|dtupub|dtupub_electronic";"";"";"";"";"";"";"";"";"";"";"";"";"";"Master of Science in Engineering|Master of Science in Materials and Manufacturing Engineering|Materialetek.|kandidat";"Master of Science in Engineering|Master of Science in Materials and Manufacturing Engineering|Materialetek.|kandidat";"Master of Science in Engineering|Master of Science in Materials and Manufacturing Engineering|Materialetek.|kandidat";"und";"575ea6ece6f951534a00e9dc";"";"575ea6ece6f951534a00e9dc";"DTU Department of Civil and Mechanical Engineering";"sorbit";"sorbit";"The anti-corrosive properties of vitreous enamel coatings in high demanding applications|De antikorrosive egenskaber af glas emaljer i høj korrosive miljøer"
"";"dtu|dtupub|third_party";"";"2022-01-11T08:43:32.169Z";"Andersen, Simon Grejs";"";"2305633340";"";"dtu";"2016";"";"";"";"";"thesis";"dtu|dtu_electronic|dtupub|dtupub_electronic";"";"";"";"";"";"";"";"";"";"";"";"";"";"Master of Science in Engineering|Master of Science in Mathematical Modelling and Computation|Master of science in Bioinformatics and Systems Biology|Mat. modellering|Systembiologi|kandidat";"Master of Science in Engineering|Master of Science in Mathematical Modelling and Computation|Master of science in Bioinformatics and Systems Biology|Mat. modellering|Systembiologi|kandidat";"Master of Science in Engineering|Master of Science in Mathematical Modelling and Computation|Master of science in Bioinformatics and Systems Biology|Mat. modellering|Systembiologi|kandidat";"und";"575ea5d7e6f951534a00dd5c";"";"575ea5d7e6f951534a00dd5c";"DTU Department of Applied Mathematics and Computer Science";"sorbit";"sorbit";"Reduction of dimension of non-linear dynamical systems|Dimensionsreduktion af ikke-lineære dynamiske systemer"
"";"dtu|dtupub|third_party";"";"2022-01-03T13:16:17.401Z";"Guo, Peili";"";"2292734755";"";"dtu";"2015";"";"";"";"";"thesis";"dtu|dtu_electronic|dtupub|dtupub_electronic";"";"";"";"";"";"";"";"";"";"";"";"";"";"Master of Science in Engineering|Master of Science in Environmental Engineering|Miljøteknologi|kandidat";"Master of Science in Engineering|Master of Science in Environmental Engineering|Miljøteknologi|kandidat";"Master of Science in Engineering|Master of Science in Environmental Engineering|Miljøteknologi|kandidat";"und";"56d754adbf1945510200021c";"";"56d754adbf1945510200021c";"DTU National Institute of Aquatic Resources";"sorbit";"sorbit";"Degradation fate of aquaculture disinfectants in constructed wetlands|Omsætning af hjælpestoffer i plantelaguner"
"";"dtu|dtupub|third_party";"";"2022-01-06T23:53:20.696Z";"Kristensen, Kristina Dalgaard";"";"2305633388";"";"dtu";"2016";"";"";"";"";"thesis";"dtu|dtu_electronic|dtupub|dtupub_electronic";"";"";"";"";"";"";"";"";"";"";"";"";"";"Master of Science in Engineering|Master of Science in Environmental Engineering|Miljøteknologi|kandidat";"Master of Science in Engineering|Master of Science in Environmental Engineering|Miljøteknologi|kandidat";"Master of Science in Engineering|Master of Science in Environmental Engineering|Miljøteknologi|kandidat";"und";"575ea690e6f951534a00e569";"";"575ea690e6f951534a00e569";"DTU Department of Environmental and Resource Engineering";"sorbit";"sorbit";"Ambient elemental carbon (EC) in a suburban area impacted by wood combustion|Brænderøgsrelateret elementært kulstof (EC) i PM2.5 i en forstad til Købehavn"
"";"dtu|dtupub|third_party";"";"2022-01-03T13:16:20.354Z";"Kirk, Mikkel Gudmand";"";"2305633399";"";"dtu";"2016";"";"";"";"";"thesis";"dtu|dtu_electronic|dtupub|dtupub_electronic";"";"";"";"";"";"";"";"";"";"";"";"";"";"Bygningsdesign|Master of Science in Engineering|Master og Science in Architectural Engineering|kandidat";"Bygningsdesign|Master of Science in Engineering|Master og Science in Architectural Engineering|kandidat";"Bygningsdesign|Master of Science in Engineering|Master og Science in Architectural Engineering|kandidat";"und";"575ea6b1e6f951534a00e707";"";"575ea6b1e6f951534a00e707";"DTU Department of Civil Engineering";"sorbit";"sorbit";"Thermal indoor environment and energy performance in refurbishment projects with alternative design solutions for heating and ventilation systems - Quantification of the effects of ventilation windows and thermoactive facade elements as alternative to conventional solutions, a case study of Højstrupparken|Termisk indeklima og energiforbrug for renoveringsprojekter med alternative designløsninger for opvarmnings- og ventilationssystemer - Bestemmelse af ydeevnen for ventilationsvinduer og ..."
"";"dtu|dtupub|third_party";"";"2022-01-03T13:16:01.685Z";"Necula, Adrian";"";"2292735341";"";"dtu";"2015";"";"";"";"";"thesis";"dtu|dtu_electronic|dtupub|dtupub_electronic";"";"";"";"";"";"";"";"";"";"";"";"";"";"Master of Science in Engineering|Master of Science in Wind Energy|Vindenergi|kandidat";"Master of Science in Engineering|Master of Science in Wind Energy|Vindenergi|kandidat";"Master of Science in Engineering|Master of Science in Wind Energy|Vindenergi|kandidat";"und";"56d754b0bf194551020003a0";"";"56d754b0bf194551020003a0";"DTU Department of Electrical Engineering";"sorbit";"sorbit";"Monitoring and control of the Aircon 10kW wind turbine|Overvagning og styring af Aircon 10kW vindmølle"
"";"dtu|dtupub|third_party";"";"2022-01-03T13:12:09.449Z";"Georgouli, Christina";"";"2292735342";"";"dtu";"2015";"";"";"";"";"thesis";"dtu|dtu_electronic|dtupub|dtupub_electronic";"";"";"";"";"";"";"";"";"";"";"";"";"";"Master of Science in Engineering|Master of Science in Transportation and Logistics|Transp. og logistik|kandidat";"Master of Science in Engineering|Master of Science in Transportation and Logistics|Transp. og logistik|kandidat";"Master of Science in Engineering|Master of Science in Transportation and Logistics|Transp. og logistik|kandidat";"und";"56d754b0bf194551020003a2";"";"56d754b0bf194551020003a2";"DTU Department of Transport";"sorbit";"sorbit";"Sustainable Urban Mobility Index - a case study on Copenhagen Municipality|Bæredygtighedsindex for mobilitet - med Københavns kommune som case studie"
"";"dtu|dtupub|third_party";"";"2022-01-03T13:16:01.309Z";"Graversen, Katrine";"";"2292735344";"";"dtu";"2015";"";"";"";"";"thesis";"dtu|dtu_electronic|dtupub_external";"";"";"";"";"";"";"";"";"";"";"";"";"";"Bioteknologi|Master of Science in Biotechnology|Master of Science in Engineering|kandidat";"Bioteknologi|Master of Science in Biotechnology|Master of Science in Engineering|kandidat";"Bioteknologi|Master of Science in Biotechnology|Master of Science in Engineering|kandidat";"und";"56d754b0bf194551020003a1";"";"56d754b0bf194551020003a1";"DTU DTU National Food Institute";"sorbit";"sorbit";"In vitro approaches to study the effects of probiotic bacteria on host intestinal barrier function and transcriptional response|In vitro strategier til at studere effekten af probiotika pa den humane tarmbarriere og dennes transkriptionelle respons"
"";"dtu|dtupub|third_party";"";"2022-01-03T13:12:03.808Z";"He, Ruilin";"";"2292735886";"";"dtu";"2015";"";"";"";"";"thesis";"dtu|dtu_electronic|dtupub|dtupub_electronic";"";"";"";"";"";"";"";"";"";"";"";"";"";"Master of Science in Engineering|Master of Science in Wind Energy|Vindenergi|kandidat";"Master of Science in Engineering|Master of Science in Wind Energy|Vindenergi|kandidat";"Master of Science in Engineering|Master of Science in Wind Energy|Vindenergi|kandidat";"und";"56d754b4bf19455102000562";"";"56d754b4bf19455102000562";"DTU Department of Electrical Engineering";"sorbit";"sorbit";"Stochastic unit commitment in a wind power system based on estimated power intervals|Stokastisk unit commitment i et vindkraft baseret system pa estimerede effekt intervaller"
"";"dtu|dtupub|third_party";"";"2022-01-03T13:12:06.356Z";"Vested, Malene Louise Hovgaard";"";"2292735939";"";"dtu";"2015";"";"";"";"";"thesis";"dtu|dtu_electronic|dtupub|dtupub_electronic";"";"";"";"";"";"";"";"";"";"";"";"";"";"Master of Science in Engineering|Master of Science in Wind Energy|Vindenergi|kandidat";"Master of Science in Engineering|Master of Science in Wind Energy|Vindenergi|kandidat";"Master of Science in Engineering|Master of Science in Wind Energy|Vindenergi|kandidat";"und";"56d754b4bf1945510200058f";"";"56d754b4bf1945510200058f";"DTU Department of Wind and Energy Systems";"sorbit";"sorbit";"Corrections of the BEM model|Korrektioner for BEM model"
"";"dtu|dtupub|third_party";"";"2022-01-03T13:15:53.757Z";"Kocaturk, Ahmet Selim";"";"2292735867";"";"dtu";"2015";"";"";"";"";"thesis";"dtu|dtu_electronic|dtupub|dtupub_electronic";"";"";"";"";"";"";"";"";"";"";"";"";"";"Master of Science in Engineering|Master of Science in Wind Energy|Vindenergi|kandidat";"Master of Science in Engineering|Master of Science in Wind Energy|Vindenergi|kandidat";"Master of Science in Engineering|Master of Science in Wind Energy|Vindenergi|kandidat";"und";"56d754b4bf19455102000552";"";"56d754b4bf19455102000552";"DTU Department of Wind and Energy Systems";"sorbit";"sorbit";"Numerical study of the DTU 10MW floating wind turbine on a TLP platform|Numerisk undersøgelse af DTU's 10 MW flydende vindmølle pa en TLP-platform"
"";"dtu|dtupub|third_party";"";"2022-01-03T13:12:44.237Z";"Min, Alessio De";"";"2292734050";"";"dtu";"2016";"";"";"";"";"thesis";"dtu|dtu_electronic|dtupub|dtupub_electronic";"";"";"";"";"";"";"";"";"";"";"";"";"";"gæst udl.";"gæst udl.";"gæst udl.";"und";"56d754a8bf19455102000042";"";"56d754a8bf19455102000042";"DTU Department of Civil and Mechanical Engineering";"sorbit";"sorbit";"Yearly analysis of CO2 refrigeration systems|Arsanalyse af CO2 baserede køleanlæg"
"";"dtu|dtupub|third_party";"";"2022-01-03T13:08:31.588Z";"Jensen, Ulf Aslak";"";"2307050952";"";"dtu";"2016";"";"";"";"";"thesis";"dtu|dtu_electronic|dtupub|dtupub_electronic";"";"";"";"";"";"";"";"";"";"";"";"";"";"Digitale medietek.|Master of Science in Digital Media Engineering|Master of Science in Engineering|kandidat";"Digitale medietek.|Master of Science in Digital Media Engineering|Master of Science in Engineering|kandidat";"Digitale medietek.|Master of Science in Digital Media Engineering|Master of Science in Engineering|kandidat";"und";"57a3206812855c654e000314";"";"57a3206812855c654e000314";"DTU Department of Applied Mathematics and Computer Science";"sorbit";"sorbit";"Pareto Optimality and the Geometry of Behavioral Phenotype Space|Pareto Optimality and the Geometry of Behavioral Phenotype Space"
"";"dtu|dtupub|third_party";"";"2022-01-11T08:43:39.850Z";"Liu, Yiqun|Wibowo, Ahmad Adyarso";"";"2307051291";"";"dtu";"2016";"";"";"";"";"thesis";"dtu|dtu_electronic|dtupub|dtupub_electronic";"";"";"";"";"";"";"";"";"";"";"";"";"";"Master of Science in Engineering|Master of Science in Petroleum Engineering|Olie- og gastek.|kandidat";"Master of Science in Engineering|Master of Science in Petroleum Engineering|Olie- og gastek.|kandidat";"Master of Science in Engineering|Master of Science in Petroleum Engineering|Olie- og gastek.|kandidat";"und";"57a3207612855c654e00039e";"";"57a3207612855c654e00039e";"DTU Department of Chemistry";"sorbit";"sorbit";"PVT study of model reservoir fluids at HPHT conditions|PVT studier af modelreservoirvæsker under HPHT forhold"
"";"dtu|dtupub|third_party";"";"2022-01-03T13:13:02.360Z";"Espenhein, Kasper";"";"2347719055";"";"dtu";"2016";"";"";"";"";"thesis";"dtu|dtu_electronic|dtupub|dtupub_electronic";"";"";"";"";"";"";"";"";"";"";"";"";"";"Bygningsdesign|Master of Science in Engineering|Master og Science in Architectural Engineering|kandidat";"Bygningsdesign|Master of Science in Engineering|Master og Science in Architectural Engineering|kandidat";"Bygningsdesign|Master of Science in Engineering|Master og Science in Architectural Engineering|kandidat";"und";"580c98470eaf79e53f0000a0";"";"580c98470eaf79e53f0000a0";"DTU Department of Civil Engineering";"sorbit";"sorbit";"Process optimisation of ambitious sustainability goals through the framework of DGNB|Procesoptimering af ambitiøs bæredygtighedstilgang igennem rammerne fra DGNB"
"";"dtu|dtupub|third_party";"";"2022-01-03T13:16:28.567Z";"Holm, Mathias Nordlund|Bundgaard, Andreas Sepstrup";"";"2306781484";"";"dtu";"2016";"";"";"";"";"thesis";"dtu|dtu_electronic|dtupub|dtupub_electronic";"";"";"";"";"";"";"";"";"";"";"";"";"";"Bygningsdesign|Master of Science in Engineering|Master og Science in Architectural Engineering|kandidat";"Bygningsdesign|Master of Science in Engineering|Master og Science in Architectural Engineering|kandidat";"Bygningsdesign|Master of Science in Engineering|Master og Science in Architectural Engineering|kandidat";"und";"5795f18c6bbf232e70000acc";"";"5795f18c6bbf232e70000acc";"DTU Department of Civil Engineering";"sorbit";"sorbit";"Rigid plastic modeling of beam-column connection|Ideal plastisk modellering af bjælke-søjlesamling"
"";"dtu|dtupub|third_party";"";"2022-01-03T13:15:21.168Z";"Seta, Angelo la";"";"2292737747";"";"dtu";"2015";"";"";"";"";"thesis";"dtu|dtu_electronic|dtupub|dtupub_electronic";"";"";"";"";"";"";"";"";"";"";"";"";"";"gæst udl.";"gæst udl.";"gæst udl.";"und";"56d754bcbf19455102000aee";"";"56d754bcbf19455102000aee";"DTU Department of Civil and Mechanical Engineering";"sorbit";"sorbit";"Analysis of organic Rankine cycles considering both expander and cycle performances|Analyse af organic Rankine cycles baseret pa ekspander- og cyklusvirkningsgrad"
"";"dtu|dtupub|third_party";"";"2022-01-06T23:53:20.203Z";"Jensen, Linn Elster";"";"2305633376";"";"dtu";"2016";"";"";"";"";"thesis";"dtu|dtu_electronic|dtupub|dtupub_electronic";"";"";"";"";"";"";"";"";"";"";"";"";"";"Design og inn.|Master of Science in Design and Innovation|Master of Science in Engineering|kandidat";"Design og inn.|Master of Science in Design and Innovation|Master of Science in Engineering|kandidat";"Design og inn.|Master of Science in Design and Innovation|Master of Science in Engineering|kandidat";"und";"575ea668e6f951534a00e3b4";"";"575ea668e6f951534a00e3b4";"DTU Department of Technology, Management and Economics";"sorbit";"sorbit";"Advancing co-creation processes through digital support for facilitation|Fremmelse af co-creation prosesser gennem digital-supporteret facilitering"
"";"dtu|dtupub|third_party";"";"2022-01-03T13:15:51.212Z";"Skov, Karen Guldhammer";"";"2292734066";"";"dtu";"2016";"";"";"";"";"thesis";"dtu|dtu_electronic|dtupub_external";"";"";"";"";"";"";"";"";"";"";"";"";"";"Bygningsdesign|Master of Science in Engineering|Master og Science in Architectural Engineering|kandidat";"Bygningsdesign|Master of Science in Engineering|Master og Science in Architectural Engineering|kandidat";"Bygningsdesign|Master of Science in Engineering|Master og Science in Architectural Engineering|kandidat";"und";"56d754a8bf19455102000053";"";"56d754a8bf19455102000053";"DTU Department of Civil Engineering";"sorbit";"sorbit";"Experimental study of smouldering combustion in stone wool products|Eksperimentelt studie af ulmebrand i stenuldprodukter"
"";"dtu|dtupub|third_party";"";"2022-01-03T13:11:38.830Z";"Brandani, Ranieri";"";"2292736792";"";"dtu";"2015";"";"";"";"";"thesis";"dtu|dtu_electronic|dtupub|dtupub_electronic";"";"";"";"";"";"";"";"";"";"";"";"";"";"Master of Science in Engineering|Master of Science in Transportation and Logistics|Transp. og logistik|kandidat";"Master of Science in Engineering|Master of Science in Transportation and Logistics|Transp. og logistik|kandidat";"Master of Science in Engineering|Master of Science in Transportation and Logistics|Transp. og logistik|kandidat";"und";"56d754b8bf19455102000797";"";"56d754b8bf19455102000797";"DTU Department of Transport";"sorbit";"sorbit";"Signaling Systems for Light Rail|Signalanlæg til letbane"
"";"dtu|dtupub|third_party";"";"2022-01-03T13:15:19.519Z";"Andersen, Simon Koefoed";"";"2292735765";"";"dtu";"2015";"";"";"";"";"thesis";"dtu|dtu_electronic|dtupub_external";"";"";"";"";"";"";"";"";"";"";"";"";"";"Kemisk/biokemisk tek.|Master of Science in Chemical and Biochemical Engineering|Master of Science in Engineering|kandidat";"Kemisk/biokemisk tek.|Master of Science in Chemical and Biochemical Engineering|Master of Science in Engineering|kandidat";"Kemisk/biokemisk tek.|Master of Science in Chemical and Biochemical Engineering|Master of Science in Engineering|kandidat";"und";"56d754b3bf194551020004f8";"";"56d754b3bf194551020004f8";"DTU Department of Chemical and Biochemical Engineering";"sorbit";"sorbit";"Kinetics for carbon formation in prereforming|Kinetik for kuldannelse i prereforming"
"";"dtu|dtupub|third_party";"";"2022-01-03T13:16:15.994Z";"Kepa, Katarzyna";"";"2292734808";"";"dtu";"2015";"";"";"";"";"thesis";"dtu|dtu_electronic|dtupub|dtupub_electronic";"";"";"";"";"";"";"";"";"";"";"";"";"";"Kemisk/biokemisk tek.|Master of Science in Chemical and Biochemical Engineering|Master of Science in Engineering|kandidat";"Kemisk/biokemisk tek.|Master of Science in Chemical and Biochemical Engineering|Master of Science in Engineering|kandidat";"Kemisk/biokemisk tek.|Master of Science in Chemical and Biochemical Engineering|Master of Science in Engineering|kandidat";"und";"56d754adbf19455102000245";"";"56d754adbf19455102000245";"DTU Department of Chemical and Biochemical Engineering";"sorbit";"sorbit";"Grafting of ionic monomers onto ePTFE for improvement of facial implants|Tilføjelse af ioniske monomerer til ePTFE til forbedring af ansigts-implantater"
"";"dtu|dtupub|third_party";"";"2022-01-03T13:15:41.613Z";"Strauch, Camilla Søborg";"";"2292737150";"";"dtu";"2015";"";"";"";"";"thesis";"dtu|dtu_electronic|dtupub_external";"";"";"";"";"";"";"";"";"";"";"";"";"";"Digitale medietek.|Master of Science in Digital Media Engineering|Master of Science in Engineering|kandidat";"Digitale medietek.|Master of Science in Digital Media Engineering|Master of Science in Engineering|kandidat";"Digitale medietek.|Master of Science in Digital Media Engineering|Master of Science in Engineering|kandidat";"und";"56d754b9bf194551020008d6";"";"56d754b9bf194551020008d6";"DTU Department of Technology, Management and Economics";"sorbit";"sorbit";"Crosscultural lean start-up model for matchmaking between Danish SMEs and Indian software vendors|Tværkulturel lean start-up model for matchmaking mellem danske SMV-ere og indiske software leverandører"
"";"dtu|dtupub|third_party";"";"2022-01-03T13:15:57.237Z";"Knutzen, Kim Bjørn";"";"2305633518";"";"dtu";"2016";"";"";"";"";"thesis";"dtu|dtu_electronic|dtupub|dtupub_electronic";"";"";"";"";"";"";"";"";"";"";"";"";"";"Informationstek.|Master of Science in Computer Science and Engineering|Master of Science in Engineering|kandidat";"Informationstek.|Master of Science in Computer Science and Engineering|Master of Science in Engineering|kandidat";"Informationstek.|Master of Science in Computer Science and Engineering|Master of Science in Engineering|kandidat";"und";"575ea7bbe6f951534a00f35f";"";"575ea7bbe6f951534a00f35f";"DTU Department of Applied Mathematics and Computer Science";"sorbit";"sorbit";"Location-aware invoicing|Lokationsbevidst fakturering"
"";"dtu|dtupub|third_party";"";"2022-01-03T13:15:47.711Z";"Øverli, Ida Ertsås";"";"2292735594";"";"dtu";"2015";"";"";"";"";"thesis";"dtu|dtu_electronic|dtupub_external";"";"";"";"";"";"";"";"";"";"";"";"";"";"Bygningsdesign|Master of Science in Engineering|Master og Science in Architectural Engineering|kandidat";"Bygningsdesign|Master of Science in Engineering|Master og Science in Architectural Engineering|kandidat";"Bygningsdesign|Master of Science in Engineering|Master og Science in Architectural Engineering|kandidat";"und";"56d754b2bf19455102000460";"";"56d754b2bf19455102000460";"DTU Department of Civil Engineering";"sorbit";"sorbit";"Performance of Diffuse Ceiling Ventilation with Acoustic Tiles|Effektivitet af ventilation med indblæsning gennem diffust akustikloft"
"";"dtu|dtupub|third_party";"";"2022-01-03T13:15:49.297Z";"Andersen, Nis Torgny Nonboe";"";"2292736236";"";"dtu";"2015";"";"";"";"";"thesis";"dtu|dtu_electronic|dtupub|dtupub_electronic";"";"";"";"";"";"";"";"";"";"";"";"";"";"Byggetek.|Master of Science in Civil Engineering|Master of Science in Engineering|kandidat";"Byggetek.|Master of Science in Civil Engineering|Master of Science in Engineering|kandidat";"Byggetek.|Master of Science in Civil Engineering|Master of Science in Engineering|kandidat";"und";"56d754b6bf1945510200064d";"";"56d754b6bf1945510200064d";"DTU Department of Civil Engineering";"sorbit";"sorbit";"Use of BIM in total Cost of Ownership including Operation and Maintenance|BIM i totaløkonomi samt drift og vedligehold"
"";"dtu|dtupub|third_party";"";"2022-01-03T13:12:13.065Z";"Lundberg, Alexander";"";"2292734851";"";"dtu";"2015";"";"";"";"";"thesis";"dtu|dtu_electronic|dtupub_external";"";"";"";"";"";"";"";"";"";"";"";"";"";"Anvendt kemi|Master of Science in Advanced and Applied Chemistry|Master of Science in Engineering|kandidat";"Anvendt kemi|Master of Science in Advanced and Applied Chemistry|Master of Science in Engineering|kandidat";"Anvendt kemi|Master of Science in Advanced and Applied Chemistry|Master of Science in Engineering|kandidat";"und";"56d754adbf19455102000262";"";"56d754adbf19455102000262";"DTU Department of Energy Conversion and Storage";"sorbit";"sorbit";"Carbon Nanotube based strain sensor|Carbon nanotube baseret kraftsensor"
"";"dtu|dtupub|third_party";"";"2022-01-03T13:11:44.954Z";"Kaperonis, Apostolos";"";"2292735132";"";"dtu";"2015";"";"";"";"";"thesis";"dtu|dtu_electronic|dtupub_external";"";"";"";"";"";"";"";"";"";"";"";"";"";"Farmateknologi|Master of Science in Engineering|Master of Science in Pharmaceutical Design and Engineering|kandidat";"Farmateknologi|Master of Science in Engineering|Master of Science in Pharmaceutical Design and Engineering|kandidat";"Farmateknologi|Master of Science in Engineering|Master of Science in Pharmaceutical Design and Engineering|kandidat";"und";"56d754afbf1945510200030f";"";"56d754afbf1945510200030f";"DTU Department of Chemical and Biochemical Engineering";"sorbit";"sorbit";"Holistic process Development - How QbD can find and help to resolve factors interacting across process steps|Holistisk procesudvikling - Hvordan kan QbD bidrage til at identificere faktorer der interagerer pa tværs af procestrin"
"";"dtu|dtupub|third_party";"";"2022-01-03T13:15:59Z";"Moinuddin, Abdullah";"";"2292736874";"";"dtu";"2015";"";"";"";"";"thesis";"dtu|dtu_electronic|dtupub|dtupub_electronic";"";"";"";"";"";"";"";"";"";"";"";"";"";"Bæredygtig energi|Master of Science in Engineering|Master of Science in Sustainable Energy|kandidat";"Bæredygtig energi|Master of Science in Engineering|Master of Science in Sustainable Energy|kandidat";"Bæredygtig energi|Master of Science in Engineering|Master of Science in Sustainable Energy|kandidat";"und";"56d754b8bf194551020007df";"";"56d754b8bf194551020007df";"DTU Department of Wind and Energy Systems";"sorbit";"sorbit";"Comparison of Code-to-Code and Code-to-Experiments Benchmarking between Different Aero Elastic Simulation Software for Analysis and Design of Wind Turbines|Sammenligning (kode-kode) af aeroelastiske programmer til beregning af vindmøllelaster"
"";"dtu|dtupub|third_party";"";"2022-01-03T13:15:18.187Z";"Bjørke, Ann-Sofie";"";"2292737215";"";"dtu";"2015";"";"";"";"";"thesis";"dtu|dtu_electronic|dtupub|dtupub_electronic";"";"";"";"";"";"";"";"";"";"";"";"";"";"Byggetek.|Master of Science in Civil Engineering|Master of Science in Engineering|kandidat";"Byggetek.|Master of Science in Civil Engineering|Master of Science in Engineering|kandidat";"Byggetek.|Master of Science in Civil Engineering|Master of Science in Engineering|kandidat";"und";"56d754babf19455102000916";"";"56d754babf19455102000916";"DTU Department of Civil and Mechanical Engineering";"sorbit";"sorbit";"Numerical study of hydrodynamic forces on complex structures with application to objects in moonpool|Numerisk undersøgelse af hydrodynamiske kræfter pa komplekse konstruktioner i moonpools"
"";"dtu|dtupub|third_party";"";"2022-01-03T13:08:16.313Z";"Hänninen, Ville-Veikko";"";"2305894133";"";"dtu";"2016";"";"";"";"";"thesis";"dtu|dtu_electronic|dtupub_external";"";"";"";"";"";"";"";"";"";"";"";"";"";"Informationstek.|Master of Science in Computer Science and Engineering|Master of Science in Engineering|kandidat";"Informationstek.|Master of Science in Computer Science and Engineering|Master of Science in Engineering|kandidat";"Informationstek.|Master of Science in Computer Science and Engineering|Master of Science in Engineering|kandidat";"und";"576529c68d9f5dc14f000050";"";"576529c68d9f5dc14f000050";"DTU Department of Applied Mathematics and Computer Science";"sorbit";"sorbit";"Identity and Access Management in Small and Medium-Sized Businesses|Identitets- og Adgangsstyring pa sma og Mellemstore Virksomheder"
"";"dtu|dtupub|third_party";"";"2022-01-03T13:07:27.969Z";"Gisladóttir, Ásdís Hrund";"";"2306789165";"";"dtu";"2016";"";"";"";"";"thesis";"dtu|dtu_electronic|dtupub_external";"";"";"";"";"";"";"";"";"";"";"";"";"";"Master of Science in Engineering|Master of Science in Engineering Management|Planl. innovation og led.|kandidat";"Master of Science in Engineering|Master of Science in Engineering Management|Planl. innovation og led.|kandidat";"Master of Science in Engineering|Master of Science in Engineering Management|Planl. innovation og led.|kandidat";"und";"579743626bbf232e70000daf";"";"579743626bbf232e70000daf";"DTU Department of Technology, Management and Economics";"sorbit";"sorbit";"Lean implementation in an insurance company|Lean implementering i et forsikringsselskab"
"";"dtu|dtupub|third_party";"";"2022-01-03T13:16:04.005Z";"Oduro, Alexander";"";"2292735751";"";"dtu";"2015";"";"";"";"";"thesis";"dtu|dtu_electronic|dtupub|dtupub_electronic";"";"";"";"";"";"";"";"";"";"";"";"";"";"Master of Science in Engineering|Master of Science in Petroleum Engineering|Olie- og gastek.|kandidat";"Master of Science in Engineering|Master of Science in Petroleum Engineering|Olie- og gastek.|kandidat";"Master of Science in Engineering|Master of Science in Petroleum Engineering|Olie- og gastek.|kandidat";"und";"56d754b3bf194551020004ec";"";"56d754b3bf194551020004ec";"DTU Department of Civil Engineering";"sorbit";"sorbit";"Log Interpretation of three Wells from Harald Field|Tolkning af logdata fra 3 brønde i Haraldfeltet"
"Cellulosic nanomaterials are a new family of renewable biomaterials that have the potential to widely expand the application range of cellulose fibres. For this reason, they have been under extensive research over the last decade. The purpose of this Master's thesis was to provide an outlook on the process optimization of mechanical processing of cellulose nanofibrils, focusing on the composition of the process medium. More precisely, the effects of the process medium on the energy efficiency and product quality of cellulose fibril production were studied. The effect of the process medium was studied by comparing the fibrillation of never-dried birch kraft pulp dispersed in reverse osmosis water, tap water and a 5 % dose of a green additive. Three additives were tested: glycerol, a Prosoft debonder solution and a choline chloride - glycerol (1:2) deep eutectic solvent (DES). Prior to processing, the pulp was ion-exchanged to the sodium counter-ion form with optimal swelling and fibrillation conditions. A Masuko friction grinder was used for the fibrillation. To assess the quality of the fibrillated materials, their properties were analysed with a combination of characterization methods chosen from literature. The results of the characterization methods were presented as a function of specific net energy consumption to illustrate the relation between energy efficiency and product quality for each sample. The results from the characterization methods consistently demonstrated that reverse osmosis water provided the best fibrillation results, especially at lower energy levels. The effect of glycerol was negligible, while the divalent cations in tap water disrupted the swelling of fibres and their subsequent fibrillation. The deep eutectic solvent behaved similarly as tap water, implying it does not retain its complex form in aqueous solutions but reverts to a halide salt and glycerol, the former of which disrupts the fibrillation similarly as the ions in tap water. The fibres dispersed in the debonder solution showed the weakest results overall, and their behaviour suggests the fibrils form flocks around the cationic polymers of the debonder solution, heavily disrupting their fibrillation and the formation of an interfibrillar network. Finally, the quality parameters of the fibrils peak between net energy levels 2 and 3 kWh/kg for all mediums except the debonder solution. This indicates that prolonged grinding reduces the aspect ratio of the fibrils, resulting in weakening of the fibril network.";"dtu|dtupub";"BA3503 High performance fibre products";"2022-03-28T07:12:17.471Z";"Rissanen, Ville";"";"2708546254";"";"dtu";"2016";"";"";"";"";"thesis";"dtu|dtu_electronic|dtupub|dtupub_electronic";"";"";"";"";"";"";"";"";"";"";"";"";"";"SDG 7 - Affordable and Clean Energy|energy efficiency|fibrilalted celluose|mechanical fibrillation|process medium";"SDG 7 - Affordable and Clean Energy|energy efficiency|fibrilalted celluose|mechanical fibrillation|process medium";"SDG 7 - Affordable and Clean Energy|energy efficiency|fibrilalted celluose|mechanical fibrillation|process medium";"eng";"6231fa05080914b6f3bac6ac";"";"6231fa05080914b6f3bac6ac";"Aalto University";"vtt";"vtt";"Process optimization of cellulose fibril production"
"";"dtu|dtupub|third_party";"";"2022-01-03T13:16:23.581Z";"Elbo, Mads";"";"2292734010";"";"dtu";"2016";"";"";"";"";"thesis";"dtu|dtu_electronic|dtupub|dtupub_electronic";"";"";"";"";"";"";"";"";"";"";"";"";"";"Elektrotek.|Master of Science in Electrical Engineering|Master of Science in Engineering|kandidat";"Elektrotek.|Master of Science in Electrical Engineering|Master of Science in Engineering|kandidat";"Elektrotek.|Master of Science in Electrical Engineering|Master of Science in Engineering|kandidat";"und";"56d754a8bf19455102000020";"";"56d754a8bf19455102000020";"DTU Department of Electrical Engineering";"sorbit";"sorbit";"High frequency bidirectional DC-DC converter with wide-bandgap devices|Højfrekvens Bidirektional DC-DC konverter med wide-bandgap komponenter"
"";"dtu|dtupub|third_party";"";"2022-01-03T13:12:58.090Z";"Mironovs, Deniss";"";"2306563426";"";"dtu";"2016";"";"";"";"";"thesis";"dtu|dtu_electronic|dtupub|dtupub_electronic";"";"";"";"";"";"";"";"";"";"";"";"";"";"Akustisk tek.|Master of Science in Engineering|Master of Science in Engineering Acoustics|kandidat";"Akustisk tek.|Master of Science in Engineering|Master of Science in Engineering Acoustics|kandidat";"Akustisk tek.|Master of Science in Engineering|Master of Science in Engineering Acoustics|kandidat";"und";"578a13c16bbf232e70000150";"";"578a13c16bbf232e70000150";"DTU Department of Electrical Engineering";"sorbit";"sorbit";"Estimation of global modal parameters in multi-patch Operational Modal Analysis|Estimering af globale modale parametre i multi-patch Operationel Modal Analyse"
"";"dtu|dtupub|third_party";"";"2022-01-03T13:07:31.946Z";"Olazabal, Unai Gaztelu";"";"2306791706";"";"dtu";"2016";"";"";"";"";"thesis";"dtu|dtu_electronic|dtupub|dtupub_electronic";"";"";"";"";"";"";"";"";"";"";"";"";"";"Master of Science in Engineering|Master of Science in Environmental Engineering|Miljøteknologi|kandidat";"Master of Science in Engineering|Master of Science in Environmental Engineering|Miljøteknologi|kandidat";"Master of Science in Engineering|Master of Science in Environmental Engineering|Miljøteknologi|kandidat";"und";"579743b66bbf232e70000f92";"";"579743b66bbf232e70000f92";"DTU Department of Technology, Management and Economics";"sorbit";"sorbit";"Transition to a circular economy of SME: alternatives, methodology and benefits|Omstilling til circulær økonomi i SMV'er: Alternativer, metoder og fordele"
"";"dtu|dtupub|third_party";"";"2022-01-03T13:08:04.521Z";"Psylla, Ioanna";"";"2342057157";"";"dtu";"2016";"";"";"";"";"thesis";"dtu|dtu_electronic|dtupub|dtupub_electronic";"";"";"";"";"";"";"";"";"";"";"";"";"";"Digitale medietek.|Master of Science in Digital Media Engineering|Master of Science in Engineering|kandidat";"Digitale medietek.|Master of Science in Digital Media Engineering|Master of Science in Engineering|kandidat";"Digitale medietek.|Master of Science in Digital Media Engineering|Master of Science in Engineering|kandidat";"und";"57becfcffebd22f3600001f3";"";"57becfcffebd22f3600001f3";"DTU Department of Applied Mathematics and Computer Science";"sorbit";"sorbit";"The Role of Gender in Social Network Organization|Strukturen af Mænd og Kvinders Sociale Netværk"
"";"dtu|dtupub|third_party";"";"2022-01-03T13:16:06.399Z";"Olesen, Jonas Lerche";"";"2292736065";"";"dtu";"2015";"";"";"";"";"thesis";"dtu|dtu_electronic|dtupub_external";"";"";"";"";"";"";"";"";"";"";"";"";"";"Konst. og mekanik|Master of Science in Engineering|Master of Science in Engineering Design and Applied Mechanics|kandidat";"Konst. og mekanik|Master of Science in Engineering|Master of Science in Engineering Design and Applied Mechanics|kandidat";"Konst. og mekanik|Master of Science in Engineering|Master of Science in Engineering Design and Applied Mechanics|kandidat";"und";"56d754b5bf194551020005de";"";"56d754b5bf194551020005de";"DTU Department of Civil and Mechanical Engineering";"sorbit";"sorbit";"Robust design of bearing interface in electrical motors|Robust design ved indbygning af lejer i elektriske motorer"
"";"dtu|dtupub|third_party";"";"2022-01-03T13:12:12.238Z";"Richard, Antoine Philippe André";"";"2292735772";"";"dtu";"2015";"";"";"";"";"thesis";"dtu|dtu_electronic|dtupub|dtupub_electronic";"";"";"";"";"";"";"";"";"";"";"";"";"";"Akustisk tek.|Master of Science in Engineering|Master of Science in Engineering Acoustics|kandidat";"Akustisk tek.|Master of Science in Engineering|Master of Science in Engineering Acoustics|kandidat";"Akustisk tek.|Master of Science in Engineering|Master of Science in Engineering Acoustics|kandidat";"und";"56d754b3bf194551020004ff";"";"56d754b3bf194551020004ff";"DTU Department of Electrical Engineering";"sorbit";"sorbit";"In-situ measurement of the acoustic properties of materials using a spherical array|In-situ-maling af de akustiske egenskaber af materialer med et sfærisk array"
"";"dtu|dtupub|third_party";"";"2022-01-03T13:07:20.084Z";"Rosenberg, Louise|Balbarini, Nicola";"";"2292734753";"";"dtu";"2016";"";"";"";"";"thesis";"dtu|dtu_electronic|dtupub_external";"";"";"";"";"";"";"";"";"";"";"";"";"";"Master of Science in Engineering|Master of Science in Environmental Engineering|Miljøteknologi|kandidat";"Master of Science in Engineering|Master of Science in Environmental Engineering|Miljøteknologi|kandidat";"Master of Science in Engineering|Master of Science in Environmental Engineering|Miljøteknologi|kandidat";"und";"56d754adbf1945510200021a";"";"56d754adbf1945510200021a";"DTU Department of Environmental and Resource Engineering";"sorbit";"sorbit";"Modelling of contaminant transport from a PCE source in a fractured limestone aquifer|Modelling of contaminant transport from a PCE source in a fractured limestone aquifer"
"";"dtu|dtupub|third_party";"";"2022-01-03T13:13:01.941Z";"Müller, Magnus Sundt|Gamst, Christian";"";"2306781284";"";"dtu";"2016";"";"";"";"";"thesis";"dtu|dtu_electronic|dtupub|dtupub_electronic";"";"";"";"";"";"";"";"";"";"";"";"";"";"Byggetek.|Master of Science in Civil Engineering|Master of Science in Engineering|kandidat";"Byggetek.|Master of Science in Civil Engineering|Master of Science in Engineering|kandidat";"Byggetek.|Master of Science in Civil Engineering|Master of Science in Engineering|kandidat";"und";"5795f1476bbf232e70000857";"";"5795f1476bbf232e70000857";"DTU Department of Civil Engineering";"sorbit";"sorbit";"Interaction of flexural buckling and lateral torsional buckling in beam columns|Interaction af søjlestabilitet og kipning i bjælkesøjler."
"";"dtu|dtupub|third_party";"";"2022-01-03T13:11:42.274Z";"Piccioni, Gaia";"";"2292735211";"";"dtu";"2015";"";"";"";"";"thesis";"dtu|dtu_electronic|dtupub|dtupub_electronic";"";"";"";"";"";"";"";"";"";"";"";"";"";"Geofysik og rumtek.|Master of Science in Earth and Space Physics and Engineering|Master of Science in Engineering|kandidat";"Geofysik og rumtek.|Master of Science in Earth and Space Physics and Engineering|Master of Science in Engineering|kandidat";"Geofysik og rumtek.|Master of Science in Earth and Space Physics and Engineering|Master of Science in Engineering|kandidat";"und";"56d754afbf1945510200034e";"";"56d754afbf1945510200034e";"DTU Department of Space Research and Space Technology";"sorbit";"sorbit";"Coastal and Arctic Sea Level from Cryosat-2 SAR-in|SAR-in til kystnært og Arktisk havniveau"
"";"dtu|dtupub|third_party";"";"2022-01-03T13:11:34.936Z";"Lotz, Mikkel Rønne";"";"2292735549";"";"dtu";"2015";"";"";"";"";"thesis";"dtu|dtu_electronic|dtupub_external";"";"";"";"";"";"";"";"";"";"";"";"";"";"Fysik og nanotek.|Master of Science in Engineering|Master of Science in Physics and Nanotechnology|kandidat";"Fysik og nanotek.|Master of Science in Engineering|Master of Science in Physics and Nanotechnology|kandidat";"Fysik og nanotek.|Master of Science in Engineering|Master of Science in Physics and Nanotechnology|kandidat";"und";"56d754b1bf19455102000434";"";"56d754b1bf19455102000434";"DTU Department of Micro- and Nanotechnology";"sorbit";"sorbit";"Ballistic Electron Transport in 2D materials|Ballistisk elektrontransport i 2D materialer"
"";"dtu|dtupub|third_party";"";"2022-01-03T13:11:37.066Z";"Kirkegaard, Morten Lange";"";"2292735806";"";"dtu";"2015";"";"";"";"";"thesis";"dtu|dtu_electronic|dtupub|dtupub_electronic";"";"";"";"";"";"";"";"";"";"";"";"";"";"Master of Science in Engineering|Master of Science in Mathematical Modelling and Computation|Mat. modellering|kandidat";"Master of Science in Engineering|Master of Science in Mathematical Modelling and Computation|Mat. modellering|kandidat";"Master of Science in Engineering|Master of Science in Mathematical Modelling and Computation|Mat. modellering|kandidat";"und";"56d754b3bf19455102000515";"";"56d754b3bf19455102000515";"DTU Department of Applied Mathematics and Computer Science";"sorbit";"sorbit";"Model Predictive Control and Image Analysis for Injection Molding Processes|Model prædiktiv regulering og billedanalyse til sprøjtestøbningsprocesser"
"";"dtu|dtupub|third_party";"";"2022-01-03T13:11:56.959Z";"Pedersen, Sigurd Rühlmann";"";"2292736162";"";"dtu";"2015";"";"";"";"";"thesis";"dtu|dtu_electronic|dtupub_external";"";"";"";"";"";"";"";"";"";"";"";"";"";"Bæredygtig energi|Master of Science in Engineering|Master of Science in Sustainable Energy|kandidat";"Bæredygtig energi|Master of Science in Engineering|Master of Science in Sustainable Energy|kandidat";"Bæredygtig energi|Master of Science in Engineering|Master of Science in Sustainable Energy|kandidat";"und";"56d754b5bf1945510200061f";"";"56d754b5bf1945510200061f";"DTU Department of Electrical Engineering";"sorbit";"sorbit";"Trading strategies for wind power producers in the British intraday market|Budstrategier for vindkraftproducenter pa det britiske intraday marked"
"";"dtu|dtupub|third_party";"";"2022-01-03T13:15:57.268Z";"Dagnæs-Hansen, Nikolaj Aleksander";"";"2292736433";"";"dtu";"2015";"";"";"";"";"thesis";"dtu|dtu_electronic|dtupub_external";"";"";"";"";"";"";"";"";"";"";"";"";"";"Konst. og mekanik|Master of Science in Engineering|Master of Science in Engineering Design and Applied Mechanics|kandidat";"Konst. og mekanik|Master of Science in Engineering|Master of Science in Engineering Design and Applied Mechanics|kandidat";"Konst. og mekanik|Master of Science in Engineering|Master of Science in Engineering Design and Applied Mechanics|kandidat";"und";"56d754b6bf194551020006b5";"";"56d754b6bf194551020006b5";"DTU Department of Civil and Mechanical Engineering";"sorbit";"sorbit";"Active Lubrication Applied to Two-Stroke Diesel Engine Cross-Head Bearing - Theoretical Investigation|Aktiv smøring anvendt pa 2-takts dieselmotors krydshovedleje - teoretisk undersøgelse"
"";"dtu|dtupub|third_party";"";"2022-01-03T13:15:56.224Z";"Kugendran, Sajithkumar";"";"2292736467";"";"dtu";"2015";"";"";"";"";"thesis";"dtu|dtu_electronic|dtupub|dtupub_electronic";"";"";"";"";"";"";"";"";"";"";"";"";"";"Bæredygtig energi|Master of Science in Engineering|Master of Science in Sustainable Energy|kandidat";"Bæredygtig energi|Master of Science in Engineering|Master of Science in Sustainable Energy|kandidat";"Bæredygtig energi|Master of Science in Engineering|Master of Science in Sustainable Energy|kandidat";"und";"56d754b7bf194551020006c5";"";"56d754b7bf194551020006c5";"DTU Department of Civil and Mechanical Engineering";"sorbit";"sorbit";"Integration of Geothermal Energy in District Heating|Integration af geotermisk energi i fjernvarme"
"";"dtu|dtupub|third_party";"";"2022-01-03T13:15:41.171Z";"Cavens, Wolf Dirk Kris";"";"2292736768";"";"dtu";"2015";"";"";"";"";"thesis";"dtu|dtu_electronic|dtupub|dtupub_electronic";"";"";"";"";"";"";"";"";"";"";"";"";"";"Master of Science in Engineering|Master of Science in Wind Energy|Vindenergi|kandidat";"Master of Science in Engineering|Master of Science in Wind Energy|Vindenergi|kandidat";"Master of Science in Engineering|Master of Science in Wind Energy|Vindenergi|kandidat";"und";"56d754b8bf1945510200078a";"";"56d754b8bf1945510200078a";"DTU Department of Wind and Energy Systems";"sorbit";"sorbit";"Design of a blade section featuring passive load alleviation capabilities|Design af vingeprofil med passiv aflastningsevner"
"";"dtu|dtupub|third_party";"";"2022-01-03T13:11:05.801Z";"Andersen, Kenneth Balsiger|Frøsig, Andreas";"";"2292737525";"";"dtu";"2015";"";"";"";"";"thesis";"dtu|dtu_electronic|dtupub|dtupub_electronic";"";"";"";"";"";"";"";"";"";"";"";"";"";"Informationstek.|Master of Science in Computer Science and Engineering|Master of Science in Engineering|kandidat";"Informationstek.|Master of Science in Computer Science and Engineering|Master of Science in Engineering|kandidat";"Informationstek.|Master of Science in Computer Science and Engineering|Master of Science in Engineering|kandidat";"und";"56d754bbbf19455102000a17";"";"56d754bbbf19455102000a17";"DTU Department of Applied Mathematics and Computer Science";"sorbit";"sorbit";"Organizing Heterogeneous Agents|Organisering af heterogene agenter"
"";"dtu|dtupub|third_party";"";"2022-01-03T13:11:34.571Z";"Daugbjerg, Jesper Thorgils";"";"2292736678";"";"dtu";"2015";"";"";"";"";"thesis";"dtu|dtu_electronic|dtupub_external";"";"";"";"";"";"";"";"";"";"";"";"";"";"Anvendt kemi|Master of Science in Advanced and Applied Chemistry|Master of Science in Engineering|kandidat";"Anvendt kemi|Master of Science in Advanced and Applied Chemistry|Master of Science in Engineering|kandidat";"Anvendt kemi|Master of Science in Advanced and Applied Chemistry|Master of Science in Engineering|kandidat";"und";"56d754b7bf19455102000756";"";"56d754b7bf19455102000756";"DTU Department of Chemical and Biochemical Engineering";"sorbit";"sorbit";"New Production Methods for Intermediates Used for the API Melitracene Hydrochloride|Nye produktionsmetoder for mellemprodukter af det aktive stof melitracin hydroklorid"
"";"dtu|dtupub|third_party";"";"2022-01-03T13:11:28.434Z";"Krishnamoorthy, Vignesh";"";"2292737015";"";"dtu";"2015";"";"";"";"";"thesis";"dtu|dtu_electronic|dtupub|dtupub_electronic";"";"";"";"";"";"";"";"";"";"";"";"";"";"Bæredygtig energi|Master of Science in Engineering|Master of Science in Sustainable Energy|kandidat";"Bæredygtig energi|Master of Science in Engineering|Master of Science in Sustainable Energy|kandidat";"Bæredygtig energi|Master of Science in Engineering|Master of Science in Sustainable Energy|kandidat";"und";"56d754b9bf1945510200085d";"";"56d754b9bf1945510200085d";"DTU Department of Civil and Mechanical Engineering";"sorbit";"sorbit";"From Home Garbage to Home CHP|Fra husholdningsaffald til bolig kraftvarmeværk"
"";"dtu|dtupub|third_party";"";"2022-01-03T13:11:34.687Z";"Banski, Michal Jan";"";"2292735569";"";"dtu";"2015";"";"";"";"";"thesis";"dtu|dtu_electronic|dtupub|dtupub_electronic";"";"";"";"";"";"";"";"";"";"";"";"";"";"Konst. og mekanik|Master of Science in Engineering|Master of Science in Engineering Design and Applied Mechanics|kandidat";"Konst. og mekanik|Master of Science in Engineering|Master of Science in Engineering Design and Applied Mechanics|kandidat";"Konst. og mekanik|Master of Science in Engineering|Master of Science in Engineering Design and Applied Mechanics|kandidat";"und";"56d754b1bf19455102000447";"";"56d754b1bf19455102000447";"DTU Department of Civil and Mechanical Engineering";"sorbit";"sorbit";"Joining of sheets by resistance projection welding|Sammenføjning af plader ved pressvejsning"
"";"dtu|dtupub|third_party";"";"2022-01-03T13:15:25.191Z";"Poulsen, Louis Quist";"";"2292737496";"";"dtu";"2015";"";"";"";"";"thesis";"dtu|dtu_electronic|dtupub|dtupub_electronic";"";"";"";"";"";"";"";"";"";"";"";"";"";"Byggetek.|Master of Science in Civil Engineering|Master of Science in Engineering|kandidat";"Byggetek.|Master of Science in Civil Engineering|Master of Science in Engineering|kandidat";"Byggetek.|Master of Science in Civil Engineering|Master of Science in Engineering|kandidat";"und";"56d754bbbf194551020009fa";"";"56d754bbbf194551020009fa";"DTU Department of Civil and Mechanical Engineering";"sorbit";"sorbit";"Flow and sediment transport in scour protection layers|Strømning og sedimenttransport i erosionsbeskyttelse lag"
"";"dtu|dtupub|third_party";"";"2022-01-03T13:06:43.092Z";"Ding, Li";"";"2306823525";"";"dtu";"2016";"";"";"";"";"thesis";"dtu|dtu_electronic|dtupub_external";"";"";"";"";"";"";"";"";"";"";"";"";"";"Konst. og mekanik|Master of Science in Engineering|Master of Science in Engineering Design and Applied Mechanics|kandidat";"Konst. og mekanik|Master of Science in Engineering|Master of Science in Engineering Design and Applied Mechanics|kandidat";"Konst. og mekanik|Master of Science in Engineering|Master of Science in Engineering Design and Applied Mechanics|kandidat";"und";"5798947b6bbf232e700011c6";"";"5798947b6bbf232e700011c6";"DTU Department of Civil and Mechanical Engineering";"sorbit";"sorbit";"Kalman filtering applied to wave spectrum estimation based on measured vessel responses|Kalman filtrering anvendt til bølgeestimering pa basis af malte skibsrespons"
"";"dtu|dtupub|third_party";"";"2022-01-03T13:16:03.820Z";"Haamann, Matthias Huygens";"";"2292734897";"";"dtu";"2015";"";"";"";"";"thesis";"dtu|dtu_electronic|dtupub|dtupub_electronic";"";"";"";"";"";"";"";"";"";"";"";"";"";"Informationstek.|Master of Science in Computer Science and Engineering|Master of Science in Engineering|kandidat";"Informationstek.|Master of Science in Computer Science and Engineering|Master of Science in Engineering|kandidat";"Informationstek.|Master of Science in Computer Science and Engineering|Master of Science in Engineering|kandidat";"und";"56d754aebf1945510200027e";"";"56d754aebf1945510200027e";"DTU Department of Applied Mathematics and Computer Science";"sorbit";"sorbit";"A proposal for a pluggable queuing system in the Open Source framework Drupal|Et forslag til et modulært køsystem for Open Source frameworket, Drupal"
"";"dtu|dtupub|third_party";"";"2022-01-03T13:15:46.530Z";"Maina, Lorenzo Ruggero";"";"2292736968";"";"dtu";"2015";"";"";"";"";"thesis";"dtu|dtu_electronic|dtupub|dtupub_electronic";"";"";"";"";"";"";"";"";"";"";"";"";"";"Bygningsdesign|Master of Science in Engineering|Master og Science in Architectural Engineering|kandidat";"Bygningsdesign|Master of Science in Engineering|Master og Science in Architectural Engineering|kandidat";"Bygningsdesign|Master of Science in Engineering|Master og Science in Architectural Engineering|kandidat";"und";"56d754b9bf19455102000835";"";"56d754b9bf19455102000835";"DTU Department of Civil Engineering";"sorbit";"sorbit";"A Holistic Method for Renovation of a Historical Building in the centre of Turin, Italy based on a Case Study|En holistisk metode til renovering af en historisk bygning i centrum af Torino, Italien baseret pa et casestudie"
"";"dtu|dtupub|third_party";"";"2022-01-03T13:07:15.169Z";"Larsen, Dennis Øland";"";"2292737178";"";"dtu";"2015";"";"";"";"";"thesis";"dtu|dtu_electronic|dtupub_external";"";"";"";"";"";"";"";"";"";"";"";"";"";"Elektrotek.|Master of Science in Electrical Engineering|Master of Science in Engineering|kandidat";"Elektrotek.|Master of Science in Electrical Engineering|Master of Science in Engineering|kandidat";"Elektrotek.|Master of Science in Electrical Engineering|Master of Science in Engineering|kandidat";"und";"56d754b9bf194551020008f0";"";"56d754b9bf194551020008f0";"DTU Department of Electrical Engineering";"sorbit";"sorbit";"Design of DC/DC converter for Li-Ion batteries in a Hearing Aid|Design af DC/DC konverter til Li-Ion batterier i høreapparater"
"";"dtu|dtupub|third_party";"";"2022-01-03T13:08:04.508Z";"Rasmussen, Anna Li";"";"2349391989";"";"dtu";"2016";"";"";"";"";"thesis";"dtu|dtu_electronic|dtupub_external";"";"";"";"";"";"";"";"";"";"";"";"";"";"Master of Science in Engineering|Master of Science in Medicine and Technology|Medicin og tek.|kandidat";"Master of Science in Engineering|Master of Science in Medicine and Technology|Medicin og tek.|kandidat";"Master of Science in Engineering|Master of Science in Medicine and Technology|Medicin og tek.|kandidat";"und";"584162527f9c2b212d00001e";"";"584162527f9c2b212d00001e";"DTU Department of Micro- and Nanotechnology";"sorbit";"sorbit";"Reversible Hydrogel Coating of Microfluidic Channel Walls|Reversibel hydrogelbelægning af mikrofluide kanalvægge"
"";"dtu|dtupub|third_party";"";"2022-01-03T13:08:09.775Z";"Bülow, Christian Alexander Køhl";"";"2313645716";"";"dtu";"2016";"";"";"";"";"thesis";"dtu|dtu_electronic|dtupub_external";"";"";"";"";"";"";"";"";"";"";"";"";"";"Bioteknologi|Master of Science in Biotechnology|Master of Science in Engineering|kandidat";"Bioteknologi|Master of Science in Biotechnology|Master of Science in Engineering|kandidat";"Bioteknologi|Master of Science in Biotechnology|Master of Science in Engineering|kandidat";"und";"57ab095d3fec415c3b000201";"";"57ab095d3fec415c3b000201";"DTU Department of Biotechnology and Biomedicine";"sorbit";"sorbit";"Identification of genes involved in liver development in zebrafish|Identifikation af gener involveret i leverudkvikling i zebrafisk"
"";"dtu|dtupub|third_party";"";"2022-01-03T13:15:58.999Z";"Kuijken, Lukas";"";"2292737520";"";"dtu";"2015";"";"";"";"";"thesis";"dtu|dtu_electronic|dtupub_external";"";"";"";"";"";"";"";"";"";"";"";"";"";"Master of Science in Engineering|Master of Science in Wind Energy|Vindenergi|kandidat";"Master of Science in Engineering|Master of Science in Wind Energy|Vindenergi|kandidat";"Master of Science in Engineering|Master of Science in Wind Energy|Vindenergi|kandidat";"und";"56d754bbbf19455102000a11";"";"56d754bbbf19455102000a11";"DTU Department of Wind and Energy Systems";"sorbit";"sorbit";"Single Blade Installation for Large Wind Turbines in Extreme Wind Conditions. A Quasi-Steady Aerolasticity Study in High Wind Speeds under Different Inflow Angles|Enkeltvingeinstallation for store offshore vindmøller. Kvasistationær analyse for forskellige vindretninger"
"";"dtu|dtupub|third_party";"";"2022-01-03T13:15:16.034Z";"Berdowski, Thomas Jan";"";"2292736956";"";"dtu";"2015";"";"";"";"";"thesis";"dtu|dtu_electronic|dtupub|dtupub_electronic";"";"";"";"";"";"";"";"";"";"";"";"";"";"Master of Science in Engineering|Master of Science in Wind Energy|Vindenergi|kandidat";"Master of Science in Engineering|Master of Science in Wind Energy|Vindenergi|kandidat";"Master of Science in Engineering|Master of Science in Wind Energy|Vindenergi|kandidat";"und";"56d754b8bf19455102000829";"";"56d754b8bf19455102000829";"DTU Department of Civil and Mechanical Engineering";"sorbit";"sorbit";"3D particle FMM method for wind energy simulations|3D partikel FMM metode for vind energi beregninger"
"";"dtu|dtupub|third_party";"";"2022-01-03T13:16:01.697Z";"Topcu, Gørkem";"";"2292734756";"";"dtu";"2016";"";"";"";"";"thesis";"dtu|dtu_electronic|dtupub_external";"";"";"";"";"";"";"";"";"";"";"";"";"";"Byggetek.|Master of Science in Civil Engineering|Master of Science in Engineering|kandidat";"Byggetek.|Master of Science in Civil Engineering|Master of Science in Engineering|kandidat";"Byggetek.|Master of Science in Civil Engineering|Master of Science in Engineering|kandidat";"und";"56d754adbf1945510200021e";"";"56d754adbf1945510200021e";"DTU Department of Civil and Mechanical Engineering";"sorbit";"sorbit";"Design and structural optimization of a large trailer deck for an innovative RoRo vessel|Design og styrkeoptimering af stort skibsdæk til lastbiler"
"";"dtu|dtupub|third_party";"";"2022-01-06T23:53:47.410Z";"Schmidt, Ricky Daniel";"";"2305633360";"";"dtu";"2016";"";"";"";"";"thesis";"dtu|dtu_electronic|dtupub_external";"";"";"";"";"";"";"";"";"";"";"";"";"";"Anvendt kemi|Master of Science in Advanced and Applied Chemistry|Master of Science in Engineering|kandidat";"Anvendt kemi|Master of Science in Advanced and Applied Chemistry|Master of Science in Engineering|kandidat";"Anvendt kemi|Master of Science in Advanced and Applied Chemistry|Master of Science in Engineering|kandidat";"und";"575ea624e6f951534a00e0a1";"";"575ea624e6f951534a00e0a1";"DTU Department of Chemical and Biochemical Engineering";"sorbit";"sorbit";"Polymeric materials for medical applications|Polymermaterialer til medicinske anvendelse."
"";"dtu|dtupub|third_party";"";"2022-01-03T13:16:21.059Z";"Hanusarson, Tummas Pauli";"";"2305633418";"";"dtu";"2016";"";"";"";"";"thesis";"dtu|dtu_electronic|dtupub|dtupub_electronic";"";"";"";"";"";"";"";"";"";"";"";"";"";"Master of Science in Engineering|Master of Science in Petroleum Engineering|Olie- og gastek.|kandidat";"Master of Science in Engineering|Master of Science in Petroleum Engineering|Olie- og gastek.|kandidat";"Master of Science in Engineering|Master of Science in Petroleum Engineering|Olie- og gastek.|kandidat";"und";"575ea6dae6f951534a00e91a";"";"575ea6dae6f951534a00e91a";"DTU Department of Civil Engineering";"sorbit";"sorbit";"Rate-dependent compaction of chalk and porefluid influence|Rateafhængig kompaktion af kridt og porevæskens indflydelse"
"";"dtu|dtupub|third_party";"";"2022-01-03T13:09:02.958Z";"Rønnow, Sarah";"";"2306921144";"";"dtu";"2016";"";"";"";"";"thesis";"dtu|dtu_electronic|dtupub_external";"";"";"";"";"";"";"";"";"";"";"";"";"";"Farmateknologi|Master of Science in Engineering|Master of Science in Pharmaceutical Design and Engineering|kandidat";"Farmateknologi|Master of Science in Engineering|Master of Science in Pharmaceutical Design and Engineering|kandidat";"Farmateknologi|Master of Science in Engineering|Master of Science in Pharmaceutical Design and Engineering|kandidat";"und";"579dda426bbf232e7000149f";"";"579dda426bbf232e7000149f";"DTU National Veterinary Institute";"sorbit";"sorbit";"Optimization and validation of an ex vivo rat model for the screening of novel treatments for idiopathic pulmonary fibrosis|Optimering og validering af en ex vivo rottemodel for screening af nye behandlingsmetoder for idiopatisk lungefibrose."
"";"dtu|dtupub|third_party";"";"2022-01-03T13:07:54.793Z";"Nielsen, Marie Rugholm";"";"2347254804";"";"dtu";"2016";"";"";"";"";"thesis";"dtu|dtu_electronic|dtupub|dtupub_electronic";"";"";"";"";"";"";"";"";"";"";"";"";"";"Bygningsdesign|Master of Science in Engineering|Master og Science in Architectural Engineering|kandidat";"Bygningsdesign|Master of Science in Engineering|Master og Science in Architectural Engineering|kandidat";"Bygningsdesign|Master of Science in Engineering|Master og Science in Architectural Engineering|kandidat";"und";"57ff693f7029475979000006";"";"57ff693f7029475979000006";"DTU Department of Civil Engineering";"sorbit";"sorbit";"Modelling and performance of self-regulating hydronic heating and cooling systems|Selv-regulerende vandbarne varme og kølesystemer - modellering og performance"
"";"dtu|dtupub|third_party";"";"2022-01-03T13:12:51.824Z";"Greve, Anna Maria";"";"2347739245";"";"dtu";"2016";"";"";"";"";"thesis";"dtu|dtu_electronic|dtupub_external";"";"";"";"";"";"";"";"";"";"";"";"";"";"Master of Science in Engineering|Master of Science in Engineering Management|Planl. innovation og led.|kandidat";"Master of Science in Engineering|Master of Science in Engineering Management|Planl. innovation og led.|kandidat";"Master of Science in Engineering|Master of Science in Engineering Management|Planl. innovation og led.|kandidat";"und";"580f3b3e5262fa0f0e000000";"";"580f3b3e5262fa0f0e000000";"DTU Department of Technology, Management and Economics";"sorbit";"sorbit";"A case analysis of IT implementation in a manufacturing company|En case analyse af IT implementering i en produktionsvirksomhed"
"";"dtu|dtupub|third_party";"";"2022-01-03T13:11:34.820Z";"Sanchez, Pablo Martinez";"";"2292737127";"";"dtu";"2015";"";"";"";"";"thesis";"dtu|dtu_electronic|dtupub_external";"";"";"";"";"";"";"";"";"";"";"";"";"";"Elektrotek.|Master of Science in Electrical Engineering|Master of Science in Engineering|kandidat";"Elektrotek.|Master of Science in Electrical Engineering|Master of Science in Engineering|kandidat";"Elektrotek.|Master of Science in Electrical Engineering|Master of Science in Engineering|kandidat";"und";"56d754b9bf194551020008bf";"";"56d754b9bf194551020008bf";"DTU Department of Electrical Engineering";"sorbit";"sorbit";"Reactive power regulation for solar PV integration at LV grid|Styring af reaktiv effekt for Solceller tilsluttet lavspændingsnettet"
"";"dtu|dtupub|third_party";"";"2022-01-03T13:09:06.889Z";"Esposito, Angelo";"";"2346378780";"";"dtu";"2016";"";"";"";"";"thesis";"dtu|dtu_electronic|dtupub|dtupub_electronic";"";"";"";"";"";"";"";"";"";"";"";"";"";"gæst udl.";"gæst udl.";"gæst udl.";"und";"57f38bc15fef926e0f000007";"";"57f38bc15fef926e0f000007";"DTU Department of Applied Mathematics and Computer Science";"sorbit";"sorbit";"Audio Signal Processing Applications by Dynamically-Loaded Hardware Library (HLL) on Reconfigurable System-on-Chips|Audio-signal behandlende applikation med dynamisk loadet hardware library (HLL) for rekonfigurerbare System-on-Chips"
"";"dtu|dtupub|third_party";"";"2022-01-03T13:15:49.275Z";"Jelver, Line";"";"2292736761";"";"dtu";"2015";"";"";"";"";"thesis";"dtu|dtu_electronic|dtupub|dtupub_electronic";"";"";"";"";"";"";"";"";"";"";"";"";"";"Fysik og nanotek.|Master of Science in Engineering|Master of Science in Physics and Nanotechnology|kandidat";"Fysik og nanotek.|Master of Science in Engineering|Master of Science in Physics and Nanotechnology|kandidat";"Fysik og nanotek.|Master of Science in Engineering|Master of Science in Physics and Nanotechnology|kandidat";"und";"56d754b8bf19455102000786";"";"56d754b8bf19455102000786";"DTU Department of Physics";"sorbit";"sorbit";"Plasmons on the edge of MoS2 nano structures|Plasmoner pa kanten af MoS2 nanostrukturer"
"";"dtu|dtupub|third_party";"";"2022-01-11T08:43:41.451Z";"Troelsen, Karen Marie Frost";"";"2305907514";"";"dtu";"2016";"";"";"";"";"thesis";"dtu|dtu_electronic|dtupub_external";"";"";"";"";"";"";"";"";"";"";"";"";"";"åben udd.";"åben udd.";"åben udd.";"und";"57667b438d9f5dc14f000088";"";"57667b438d9f5dc14f000088";"DTU Department of Technology, Management and Economics";"sorbit";"sorbit";"APV og Trivselsmåling med udgangspunkt i kerneopgaven|APV og Trivselsmaling med udgangspunkt i kerneopgaven"
"";"dtu|dtupub|third_party";"";"2022-01-03T13:15:24.961Z";"Christoffersen, Mathias";"";"2292737517";"";"dtu";"2015";"";"";"";"";"thesis";"dtu|dtu_electronic|dtupub|dtupub_electronic";"";"";"";"";"";"";"";"";"";"";"";"";"";"Elektrotek.|Master of Science in Electrical Engineering|Master of Science in Engineering|kandidat";"Elektrotek.|Master of Science in Electrical Engineering|Master of Science in Engineering|kandidat";"Elektrotek.|Master of Science in Electrical Engineering|Master of Science in Engineering|kandidat";"und";"56d754bbbf19455102000a0f";"";"56d754bbbf19455102000a0f";"DTU Department of Electrical Engineering";"sorbit";"sorbit";"Grid Planning of Low Voltage Feeder Lines with Residential Heat Pump Loads|Netplanlægning af lavspændingsradialer i boligomrader med varmepumpebelastninger"
"";"dtu|dtupub|third_party";"";"2022-01-03T13:15:32.822Z";"Nemli, Ibrahim";"";"2292737510";"";"dtu";"2015";"";"";"";"";"thesis";"dtu|dtu_electronic|dtupub|dtupub_electronic";"";"";"";"";"";"";"";"";"";"";"";"";"";"Informationstek.|Master of Science in Computer Science and Engineering|Master of Science in Engineering|kandidat";"Informationstek.|Master of Science in Computer Science and Engineering|Master of Science in Engineering|kandidat";"Informationstek.|Master of Science in Computer Science and Engineering|Master of Science in Engineering|kandidat";"und";"56d754bbbf19455102000a08";"";"56d754bbbf19455102000a08";"DTU Department of Applied Mathematics and Computer Science";"sorbit";"sorbit";"Generating LTS for insider attack|Generering af LTS for insider-angreb"
"";"dtu|dtupub|third_party";"";"2022-01-03T13:15:54.581Z";"Kjær, Jacob";"";"2292735277";"";"dtu";"2015";"";"";"";"";"thesis";"dtu|dtu_electronic|dtupub_external";"";"";"";"";"";"";"";"";"";"";"";"";"";"Digitale medietek.|Master of Science in Digital Media Engineering|Master of Science in Engineering|kandidat";"Digitale medietek.|Master of Science in Digital Media Engineering|Master of Science in Engineering|kandidat";"Digitale medietek.|Master of Science in Digital Media Engineering|Master of Science in Engineering|kandidat";"und";"56d754b0bf19455102000373";"";"56d754b0bf19455102000373";"DTU Department of Applied Mathematics and Computer Science";"sorbit";"sorbit";"Systems Architecture Design and Narration Tools for Social Turn Based Games|Design af system arkitektur og fortælle værktøjer til tur baserede spil"
"";"dtu|dtupub|third_party";"";"2022-01-03T13:15:50.786Z";"Oikonomidis, Ioannis";"";"2292735585";"";"dtu";"2015";"";"";"";"";"thesis";"dtu|dtu_electronic|dtupub|dtupub_electronic";"";"";"";"";"";"";"";"";"";"";"";"";"";"Informationstek.|Master of Science in Computer Science and Engineering|Master of Science in Engineering|kandidat";"Informationstek.|Master of Science in Computer Science and Engineering|Master of Science in Engineering|kandidat";"Informationstek.|Master of Science in Computer Science and Engineering|Master of Science in Engineering|kandidat";"und";"56d754b2bf19455102000457";"";"56d754b2bf19455102000457";"DTU Department of Applied Mathematics and Computer Science";"sorbit";"sorbit";"RedCloud - Cooperative Requirements Specification in the Cloud|RedCloud - Kooperativ Kravspecifikation i skyen"
"";"dtu|dtupub|third_party";"";"2022-01-03T13:16:22.213Z";"Ansarishirvan, Reza";"";"2292734008";"";"dtu";"2016";"";"";"";"";"thesis";"dtu|dtu_electronic|dtupub_external";"";"";"";"";"";"";"";"";"";"";"";"";"";"Konst. og mekanik|Master of Science in Engineering|Master of Science in Engineering Design and Applied Mechanics|kandidat";"Konst. og mekanik|Master of Science in Engineering|Master of Science in Engineering Design and Applied Mechanics|kandidat";"Konst. og mekanik|Master of Science in Engineering|Master of Science in Engineering Design and Applied Mechanics|kandidat";"und";"56d754a8bf1945510200001e";"";"56d754a8bf1945510200001e";"DTU Department of Civil and Mechanical Engineering";"sorbit";"sorbit";"numerical simulation of multiphase flow in nozzles|numerisk beregning af multifase stroemninger i dyser"
"";"dtu|dtupub|third_party";"";"2022-01-03T13:08:15.080Z";"Bienvenu, Frederic Mathieu";"";"2307114857";"";"dtu";"2016";"";"";"";"";"thesis";"dtu|dtu_electronic|dtupub|dtupub_electronic";"";"";"";"";"";"";"";"";"";"";"";"";"";"Bæredygtig energi|Master of Science in Engineering|Master of Science in Sustainable Energy|kandidat";"Bæredygtig energi|Master of Science in Engineering|Master of Science in Sustainable Energy|kandidat";"Bæredygtig energi|Master of Science in Engineering|Master of Science in Sustainable Energy|kandidat";"und";"57a714be12855c654e000400";"";"57a714be12855c654e000400";"DTU Department of Electrical Engineering";"sorbit";"sorbit";"DEVELOPMENT OF A NETWORK STUDY METHOD USING PROBABILISTIC LOAD FLOW|Udvikling af et netværk analyser metode med probabilistiske load flow"
"";"dtu|dtupub|third_party";"";"2022-01-03T13:16:13.037Z";"Rasmussen, Christine Winkel";"";"2305633341";"";"dtu";"2016";"";"";"";"";"thesis";"dtu|dtu_electronic|dtupub|dtupub_electronic";"";"";"";"";"";"";"";"";"";"";"";"";"";"Fødevareteknologi|Master of Science in Engineering|Master of Science in Food Technology|kandidat";"Fødevareteknologi|Master of Science in Engineering|Master of Science in Food Technology|kandidat";"Fødevareteknologi|Master of Science in Engineering|Master of Science in Food Technology|kandidat";"und";"575ea5d9e6f951534a00dd67";"";"575ea5d9e6f951534a00dd67";"DTU DTU National Food Institute";"sorbit";"sorbit";"Studies on the effect of polysaccharides on the quality and functional properties of soft drink concentrates|Polysakkariders effekt pa funktionelle egenskaber og kvaliteten af juice koncentrater"
"";"dtu|dtupub|third_party";"";"2022-01-03T13:16:11.770Z";"Torres, Ana Alexandrina";"";"2292735426";"";"dtu";"2015";"";"";"";"";"thesis";"dtu|dtu_electronic|dtupub|dtupub_electronic";"";"";"";"";"";"";"";"";"";"";"";"";"";"gæst udl.";"gæst udl.";"gæst udl.";"und";"56d754b0bf194551020003bf";"";"56d754b0bf194551020003bf";"DTU Department of Electrical Engineering";"sorbit";"sorbit";"Effects of specimen mounting and diffuser configurations on sound absorption measurements in reverberation chambers|Virkninger af prøvemontering og diffuser-konfigurationer pa lydabsorptionsmalinger i efterklangsrum"
"";"dtu|dtupub|third_party";"";"2022-01-03T13:12:20.454Z";"Hári, Kristóf Miklós";"";"2305633429";"";"dtu";"2016";"";"";"";"";"thesis";"dtu|dtu_electronic|dtupub_external";"";"";"";"";"";"";"";"";"";"";"";"";"";"Konst. og mekanik|Master of Science in Engineering|Master of Science in Engineering Design and Applied Mechanics|kandidat";"Konst. og mekanik|Master of Science in Engineering|Master of Science in Engineering Design and Applied Mechanics|kandidat";"Konst. og mekanik|Master of Science in Engineering|Master of Science in Engineering Design and Applied Mechanics|kandidat";"und";"575ea6e2e6f951534a00e975";"";"575ea6e2e6f951534a00e975";"DTU Department of Civil and Mechanical Engineering";"sorbit";"sorbit";"Aerodynamics of rotating passenger car wheels - Identification of drag and lift causing phenomena around the wheels and in the wheel houses by CFD|Aerodynamik af roterende hjul paa passagerbil - identifikation af faenomener som resulterer i lift og drag vha CFD"
"";"dtu|dtupub|third_party";"";"2022-01-03T13:12:52.961Z";"Makita, Tomonori";"";"2292734094";"";"dtu";"2016";"";"";"";"";"thesis";"dtu|dtu_electronic|dtupub|dtupub_electronic";"";"";"";"";"";"";"";"";"";"";"";"";"";"Bygningsdesign|Master of Science in Engineering|Master og Science in Architectural Engineering|kandidat";"Bygningsdesign|Master of Science in Engineering|Master og Science in Architectural Engineering|kandidat";"Bygningsdesign|Master of Science in Engineering|Master og Science in Architectural Engineering|kandidat";"und";"56d754a9bf1945510200006b";"";"56d754a9bf1945510200006b";"DTU Department of Civil Engineering";"sorbit";"sorbit";"Building optimisation using cross checking method with future weather data and the impact on Lyngby StoreCentre|Bygningsoptimering ved brug af kros check metoden med fremtidige vejrdata and dets indflydelse pa Lyngby Stor Center"
"";"dtu|dtupub|third_party";"";"2022-01-03T13:16:14.868Z";"Neerup, Randi";"";"2292734106";"";"dtu";"2016";"";"";"";"";"thesis";"dtu|dtu_electronic|dtupub|dtupub_electronic";"";"";"";"";"";"";"";"";"";"";"";"";"";"Kemisk/biokemisk tek.|Master of Science in Chemical and Biochemical Engineering|Master of Science in Engineering|kandidat";"Kemisk/biokemisk tek.|Master of Science in Chemical and Biochemical Engineering|Master of Science in Engineering|kandidat";"Kemisk/biokemisk tek.|Master of Science in Chemical and Biochemical Engineering|Master of Science in Engineering|kandidat";"und";"56d754a9bf19455102000076";"";"56d754a9bf19455102000076";"DTU Department of Chemical and Biochemical Engineering";"sorbit";"sorbit";"Kinetics of enzyme-enhanced CO2 capture|Reaktionskinetik for CO2 capture med enzymer."
"";"dtu|dtupub|third_party";"";"2022-01-06T23:53:27.689Z";"Thomsen, Søren Møller";"";"2307050745";"";"dtu";"2016";"";"";"";"";"thesis";"dtu|dtu_electronic|dtupub|dtupub_electronic";"";"";"";"";"";"";"";"";"";"";"";"";"";"Bæredygtig energi|Master of Science in Engineering|Master of Science in Sustainable Energy|kandidat";"Bæredygtig energi|Master of Science in Engineering|Master of Science in Sustainable Energy|kandidat";"Bæredygtig energi|Master of Science in Engineering|Master of Science in Sustainable Energy|kandidat";"und";"57a3204f12855c654e00029f";"";"57a3204f12855c654e00029f";"DTU Department of Electrical Engineering";"sorbit";"sorbit";"Revenue Adequacy and the Missing Money Problem in Highly Renewable Electricity Systems|Hensigtsmæssig indtjening og de manglende penge i elektriske energisystemer med høj integration af vedvarende energi"
"";"dtu|dtupub|third_party";"";"2022-01-11T08:43:35.515Z";"Simioni, Edoardo";"";"2307050749";"";"dtu";"2016";"";"";"";"";"thesis";"dtu|dtu_electronic|dtupub|dtupub_electronic";"";"";"";"";"";"";"";"";"";"";"";"";"";"Bæredygtig energi|Master of Science in Engineering|Master of Science in Sustainable Energy|kandidat";"Bæredygtig energi|Master of Science in Engineering|Master of Science in Sustainable Energy|kandidat";"Bæredygtig energi|Master of Science in Engineering|Master of Science in Sustainable Energy|kandidat";"und";"57a3205012855c654e0002a4";"";"57a3205012855c654e0002a4";"DTU Department of Civil and Mechanical Engineering";"sorbit";"sorbit";"Analysis of a new thermal electricity storage concept|Analyse af nyt termisk ellagringskoncept"
"";"dtu|dtupub|third_party";"";"2022-01-03T13:07:15.948Z";"Goyal, Rohit";"";"2306781435";"";"dtu";"2016";"";"";"";"";"thesis";"dtu|dtu_electronic|dtupub|dtupub_electronic";"";"";"";"";"";"";"";"";"";"";"";"";"";"Informationstek.|Master of Science in Computer Science and Engineering|Master of Science in Engineering|kandidat";"Informationstek.|Master of Science in Computer Science and Engineering|Master of Science in Engineering|kandidat";"Informationstek.|Master of Science in Computer Science and Engineering|Master of Science in Engineering|kandidat";"und";"5795f17d6bbf232e70000a71";"";"5795f17d6bbf232e70000a71";"DTU Department of Applied Mathematics and Computer Science";"sorbit";"sorbit";"Android Malware Detection Using Static and Dynamic Analysis Techniques|Android Malware Afsløring Hjælp Statiske og Dynamiske Analyseteknikker"
"";"dtu|dtupub|third_party";"";"2022-01-03T13:08:15.281Z";"Kyriakaki, Athanasia";"";"2342447837";"";"dtu";"2016";"";"";"";"";"thesis";"dtu|dtu_electronic|dtupub|dtupub_electronic";"";"";"";"";"";"";"";"";"";"";"";"";"";"gæst udl.";"gæst udl.";"gæst udl.";"und";"57c6b8ceabd78127210000c7";"";"57c6b8ceabd78127210000c7";"DTU Department of Environmental and Resource Engineering";"sorbit";"sorbit";"Biogas production influenced by substrate C:N ratio and biodegradability|Biogasproduktion pavirket af substrat C: N-forhold og bionedbrydelighed"
"";"dtu|dtupub|third_party";"";"2022-01-03T13:07:55.303Z";"Poryzala, Tomek";"";"2342447835";"";"dtu";"2016";"";"";"";"";"thesis";"dtu|dtu_electronic|dtupub|dtupub_electronic";"";"";"";"";"";"";"";"";"";"";"";"";"";"Master of Science in Engineering|Master of Science in Wind Energy|Vindenergi|kandidat";"Master of Science in Engineering|Master of Science in Wind Energy|Vindenergi|kandidat";"Master of Science in Engineering|Master of Science in Wind Energy|Vindenergi|kandidat";"und";"57c6b8ceabd78127210000c3";"";"57c6b8ceabd78127210000c3";"DTU Department of Wind and Energy Systems";"sorbit";"sorbit";"Design and Analysis of a Mechanical Passive Pitch Control System for a Small HAWT|Design og analyse af et mekanisk passivt pitch kontrolsystem for en lille vindmølle"
"";"dtu|dtupub|third_party";"";"2022-01-03T13:07:55.010Z";"Hansen, Sebastian Ro Toft";"";"2347254805";"";"dtu";"2016";"";"";"";"";"thesis";"dtu|dtu_electronic|dtupub_external";"";"";"";"";"";"";"";"";"";"";"";"";"";"Bioteknologi|Master of Science in Biotechnology|Master of Science in Engineering|kandidat";"Bioteknologi|Master of Science in Biotechnology|Master of Science in Engineering|kandidat";"Bioteknologi|Master of Science in Biotechnology|Master of Science in Engineering|kandidat";"und";"57ff693f7029475979000007";"";"57ff693f7029475979000007";"DTU Department of Biotechnology and Biomedicine";"sorbit";"sorbit";"13C metabolic flux analysis of a Resveratrol producing Saccharomyces cerevisiae strain in a fed-batch simulating chemostat process|13C metabolisk flux analyse af en Resveratrol producerende Saccharomyces cerevisiae stamme i en fed-batch simulerende chemostat proces"
"";"dtu|dtupub|third_party";"";"2022-01-03T13:06:53.312Z";"Jensen, Simon";"";"2347591461";"";"dtu";"2016";"";"";"";"";"thesis";"dtu|dtu_electronic|dtupub|dtupub_electronic";"";"";"";"";"";"";"";"";"";"";"";"";"";"Informationstek.|Master of Science in Computer Science and Engineering|Master of Science in Engineering|kandidat";"Informationstek.|Master of Science in Computer Science and Engineering|Master of Science in Engineering|kandidat";"Informationstek.|Master of Science in Computer Science and Engineering|Master of Science in Engineering|kandidat";"und";"5804af3f2f2c96d43a000015";"";"5804af3f2f2c96d43a000015";"DTU Department of Applied Mathematics and Computer Science";"sorbit";"sorbit";"Proximity Door Locking|Nærhedsbaseret kontrol af dørlase."
"";"dtu|dtupub|third_party";"";"2022-01-03T13:11:40.320Z";"Jacobsen, Magnus Lynge";"";"2292736503";"";"dtu";"2015";"";"";"";"";"thesis";"dtu|dtu_electronic|dtupub_external";"";"";"";"";"";"";"";"";"";"";"";"";"";"Master of Science in Engineering|Master of Science in Medicine and Technology|Medicin og tek.|kandidat";"Master of Science in Engineering|Master of Science in Medicine and Technology|Medicin og tek.|kandidat";"Master of Science in Engineering|Master of Science in Medicine and Technology|Medicin og tek.|kandidat";"und";"56d754b7bf194551020006e3";"";"56d754b7bf194551020006e3";"DTU Department of Micro- and Nanotechnology";"sorbit";"sorbit";"Point of Care Hemolysis Detection|Point of care hæmolyse detektion"
"";"dtu|dtupub|third_party";"";"2022-01-03T13:15:46.650Z";"Pedersen, Jes Bandsberg";"";"2292736291";"";"dtu";"2015";"";"";"";"";"thesis";"dtu|dtu_electronic|dtupub_external";"";"";"";"";"";"";"";"";"";"";"";"";"";"Master of Science in Engineering|Master of Science in Materials and Manufacturing Engineering|Materialetek.|kandidat";"Master of Science in Engineering|Master of Science in Materials and Manufacturing Engineering|Materialetek.|kandidat";"Master of Science in Engineering|Master of Science in Materials and Manufacturing Engineering|Materialetek.|kandidat";"und";"56d754b6bf1945510200066f";"";"56d754b6bf1945510200066f";"DTU Department of Civil and Mechanical Engineering";"sorbit";"sorbit";"Thermoreactive diffusion treatment of cast iron|Termoreaktiv diffusion til behandling af støbejern"
"";"dtu|dtupub|third_party";"";"2022-01-03T13:15:57.414Z";"Petersen, Kristian Skovmark";"";"2292736421";"";"dtu";"2015";"";"";"";"";"thesis";"dtu|dtu_electronic|dtupub|dtupub_electronic";"";"";"";"";"";"";"";"";"";"";"";"";"";"Elektrotek.|Master of Science in Electrical Engineering|Master of Science in Engineering|kandidat";"Elektrotek.|Master of Science in Electrical Engineering|Master of Science in Engineering|kandidat";"Elektrotek.|Master of Science in Electrical Engineering|Master of Science in Engineering|kandidat";"und";"56d754b6bf194551020006b3";"";"56d754b6bf194551020006b3";"DTU Department of Space Research and Space Technology";"sorbit";"sorbit";"Optimal pose and position estimator for precision formation flying spacecraft|Positions og attitude estimator for formationsflyvnings rumfartøjer"
"";"dtu|dtupub|third_party";"";"2022-01-03T13:15:53.409Z";"Jespersen, Christian Pilegaard";"";"2292735613";"";"dtu";"2015";"";"";"";"";"thesis";"dtu|dtu_electronic|dtupub_external";"";"";"";"";"";"";"";"";"";"";"";"";"";"Master of Science in Engineering|Master of Science in Environmental Engineering|Miljøteknologi|kandidat";"Master of Science in Engineering|Master of Science in Environmental Engineering|Miljøteknologi|kandidat";"Master of Science in Engineering|Master of Science in Environmental Engineering|Miljøteknologi|kandidat";"und";"56d754b2bf19455102000473";"";"56d754b2bf19455102000473";"DTU Department of Technology, Management and Economics";"sorbit";"sorbit";"Comparative sustainability assessment of shelf systems made from virgin and recycled materials with focus on application of the most recent waste scenarios|Komparativ bæredytighedsvurdering af reolsystemer lavet af nye og genanvendte materialer med fokus pa anvendelse af nyere affaldsscenarier"
"";"dtu|dtupub|third_party";"";"2022-01-03T13:15:26.205Z";"Stathopoulos, Georgios";"";"2292737181";"";"dtu";"2015";"";"";"";"";"thesis";"dtu|dtu_electronic|dtupub|dtupub_electronic";"";"";"";"";"";"";"";"";"";"";"";"";"";"Akustisk tek.|Master of Science in Engineering|Master of Science in Engineering Acoustics|kandidat";"Akustisk tek.|Master of Science in Engineering|Master of Science in Engineering Acoustics|kandidat";"Akustisk tek.|Master of Science in Engineering|Master of Science in Engineering Acoustics|kandidat";"und";"56d754b9bf194551020008f3";"";"56d754b9bf194551020008f3";"DTU Department of Electrical Engineering";"sorbit";"sorbit";"Investigation of the sound scattering coefficient in diffuse and non-diffuse conditions|Undersøgelse af lydspredningskoefficienten under diffuse og ikke-diffuse forhold"
"";"dtu|dtupub|third_party";"";"2022-01-03T13:15:24.597Z";"Mølgaard, Mathias Johannes Grøndahl";"";"2292737283";"";"dtu";"2015";"";"";"";"";"thesis";"dtu|dtu_electronic|dtupub|dtupub_electronic";"";"";"";"";"";"";"";"";"";"";"";"";"";"Fysik og nanotek.|Master of Science in Engineering|Master of Science in Physics and Nanotechnology|kandidat";"Fysik og nanotek.|Master of Science in Engineering|Master of Science in Physics and Nanotechnology|kandidat";"Fysik og nanotek.|Master of Science in Engineering|Master of Science in Physics and Nanotechnology|kandidat";"und";"56d754babf1945510200095a";"";"56d754babf1945510200095a";"DTU Department of Micro- and Nanotechnology";"sorbit";"sorbit";"Capacitive Micromachined Ultrasonic Transducers for Tissue Harmonic Imaging|Kapacitive mikrofremstillede ultralydstransducere til tissue harmonic imaging"
"";"dtu|dtupub|third_party";"";"2022-01-03T13:11:52.660Z";"Jensen, Pernille Rehné";"";"2292736215";"";"dtu";"2015";"";"";"";"";"thesis";"dtu|dtu_electronic|dtupub|dtupub_electronic";"";"";"";"";"";"";"";"";"";"";"";"";"";"Master of Science in Engineering|Master of Science in Environmental Engineering|Miljøteknologi|kandidat";"Master of Science in Engineering|Master of Science in Environmental Engineering|Miljøteknologi|kandidat";"Master of Science in Engineering|Master of Science in Environmental Engineering|Miljøteknologi|kandidat";"und";"56d754b5bf19455102000643";"";"56d754b5bf19455102000643";"DTU Department of Environmental and Resource Engineering";"sorbit";"sorbit";"Micro- and nanoplastics - an environmental problem?|Mikro- og nanoplastik - et miljøproblem?"
"";"dtu|dtupub|third_party";"";"2022-01-03T13:15:47.754Z";"Gade, Carsten Bjerre";"";"2292735714";"";"dtu";"2015";"";"";"";"";"thesis";"dtu|dtu_electronic|dtupub|dtupub_electronic";"";"";"";"";"";"";"";"";"";"";"";"";"";"Fysik og nanotek.|Master of Science in Engineering|Master of Science in Physics and Nanotechnology|kandidat";"Fysik og nanotek.|Master of Science in Engineering|Master of Science in Physics and Nanotechnology|kandidat";"Fysik og nanotek.|Master of Science in Engineering|Master of Science in Physics and Nanotechnology|kandidat";"und";"56d754b3bf194551020004d3";"";"56d754b3bf194551020004d3";"DTU Department of Micro- and Nanotechnology";"sorbit";"sorbit";"MEMS Heater Platform for in-situ TEM Research of 2D Materials: Fabrication, Simulation, and Characterisation|MEMS varmeplade til in-situ TEM forskning af 2D materialer: Fabrikation, simulering og karakterisering"
"";"dtu|dtupub|third_party";"";"2022-01-03T13:15:18.166Z";"Voss, Susanne";"";"2292737580";"";"dtu";"2015";"";"";"";"";"thesis";"dtu|dtu_electronic|dtupub|dtupub_electronic";"";"";"";"";"";"";"";"";"";"";"";"";"";"Anvendt kemi|Master of Science in Advanced and Applied Chemistry|Master of Science in Engineering|kandidat";"Anvendt kemi|Master of Science in Advanced and Applied Chemistry|Master of Science in Engineering|kandidat";"Anvendt kemi|Master of Science in Advanced and Applied Chemistry|Master of Science in Engineering|kandidat";"und";"56d754bbbf19455102000a4f";"";"56d754bbbf19455102000a4f";"DTU Department of Chemistry";"sorbit";"sorbit";"Experimental determination of fetal hemoglobin in the blood|Eksperimentel bestemmelse af føtal hæmoglobin i blodprøver"
"";"dtu|dtupub|third_party";"";"2022-01-03T13:16:02.445Z";"Dagorn, Anne-Charlotte Clémence|Tiercelin, Antoine";"";"2292736105";"";"dtu";"2015";"";"";"";"";"thesis";"dtu|dtu_electronic|dtupub_external";"";"";"";"";"";"";"";"";"";"";"";"";"";"Master of Science in Engineering|Master of Science in Engineering Management|Planl. innovation og led.|kandidat";"Master of Science in Engineering|Master of Science in Engineering Management|Planl. innovation og led.|kandidat";"Master of Science in Engineering|Master of Science in Engineering Management|Planl. innovation og led.|kandidat";"und";"56d754b5bf194551020005f8";"";"56d754b5bf194551020005f8";"DTU Department of Technology, Management and Economics";"sorbit";"sorbit";"Creating Economic and Social Value in a Developing Economy context|Skabe økonomisk og social værdi i en udviklingsøkonomi"
"";"dtu|dtupub|third_party";"";"2022-01-03T13:15:53.407Z";"Mieritz, Andreas Falkenstrøm";"";"2292735329";"";"dtu";"2015";"";"";"";"";"thesis";"dtu|dtu_electronic|dtupub|dtupub_electronic";"";"";"";"";"";"";"";"";"";"";"";"";"";"Master of Science in Engineering|Master of Science in Mathematical Modelling and Computation|Mat. modellering|kandidat";"Master of Science in Engineering|Master of Science in Mathematical Modelling and Computation|Mat. modellering|kandidat";"Master of Science in Engineering|Master of Science in Mathematical Modelling and Computation|Mat. modellering|kandidat";"und";"56d754b0bf19455102000391";"";"56d754b0bf19455102000391";"DTU Department of Applied Mathematics and Computer Science";"sorbit";"sorbit";"Robust massively parallel free surface simulation using the Spectral Element Method|Robust massivt parallel fri overflade løser med Spektral Element metoden"
"";"dtu|dtupub|third_party";"";"2022-01-03T13:15:27.463Z";"Pavic, Stefan Alexander|Madsen, Jonathan";"";"2292737294";"";"dtu";"2015";"";"";"";"";"thesis";"dtu|dtu_electronic|dtupub|dtupub_electronic";"";"";"";"";"";"";"";"";"";"";"";"";"";"Bygningsdesign|Master of Science in Engineering|Master og Science in Architectural Engineering|kandidat";"Bygningsdesign|Master of Science in Engineering|Master og Science in Architectural Engineering|kandidat";"Bygningsdesign|Master of Science in Engineering|Master og Science in Architectural Engineering|kandidat";"und";"56d754babf19455102000966";"";"56d754babf19455102000966";"DTU Department of Civil Engineering";"sorbit";"sorbit";"The Future of IDM in BIM and Lighting Design|Fremtidens IDM i BIM og belysningsdesign"
"";"dtu|dtupub|third_party";"";"2022-01-03T13:15:13.310Z";"Lund, Stine Rosenqvist";"";"2292737291";"";"dtu";"2015";"";"";"";"";"thesis";"dtu|dtu_electronic|dtupub|dtupub_electronic";"";"";"";"";"";"";"";"";"";"";"";"";"";"Master of Science in Engineering|civil 5-årig";"Master of Science in Engineering|civil 5-årig";"Master of Science in Engineering|civil 5-årig";"und";"56d754babf1945510200095b";"";"56d754babf1945510200095b";"DTU National Veterinary Institute";"sorbit";"sorbit";"Stability and functionality of synthetic HLA-DQ complexes|Stabilitet og funktionalitetstest af syntetiske HLA-DQ komplekser."
"";"dtu|dtupub|third_party";"";"2022-01-03T13:07:59.100Z";"Bompou, Evangelia";"";"2342992396";"";"dtu";"2016";"";"";"";"";"thesis";"dtu|dtu_electronic|dtupub_external";"";"";"";"";"";"";"";"";"";"";"";"";"";"Bæredygtig energi|Master of Science in Engineering|Master of Science in Sustainable Energy|kandidat";"Bæredygtig energi|Master of Science in Engineering|Master of Science in Sustainable Energy|kandidat";"Bæredygtig energi|Master of Science in Engineering|Master of Science in Sustainable Energy|kandidat";"und";"57d2963f2993be9573000004";"";"57d2963f2993be9573000004";"DTU Department of Electrical Engineering";"sorbit";"sorbit";"Modelling of losses in the steel armour in submarine cables|Modellering af tabene i stalarmeringen i et søkabel"
"";"dtu|dtupub|third_party";"";"2022-01-06T23:53:47.491Z";"Henriksen, Jesper Jæger";"";"2305633465";"";"dtu";"2016";"";"";"";"";"thesis";"dtu|dtu_electronic|dtupub|dtupub_electronic";"";"";"";"";"";"";"";"";"";"";"";"";"";"Master of Science in Engineering|Master of Science in Mathematical Modelling and Computation|Mat. modellering|kandidat";"Master of Science in Engineering|Master of Science in Mathematical Modelling and Computation|Mat. modellering|kandidat";"Master of Science in Engineering|Master of Science in Mathematical Modelling and Computation|Mat. modellering|kandidat";"und";"575ea76be6f951534a00efe0";"";"575ea76be6f951534a00efe0";"DTU Department of Technology, Management and Economics";"sorbit";"sorbit";"Check-in counter allocation at Copenhagen Airport|Check-in skranke allokering i Københavns Lufthavn"
"";"dtu|dtupub";"BA1508 Cyber security";"2022-03-28T07:13:24.440Z";"Latvala, Outi-Marja";"";"2708546316";"";"dtu";"2015";"";"";"";"";"thesis";"dtu|dtu_electronic|dtupub|dtupub_electronic";"";"";"";"";"";"";"";"";"";"";"";"";"";"";"";"";"eng";"6231fa05ebf679b6f3dff4ed";"";"6231fa05ebf679b6f3dff4ed";"University of Oulu";"vtt";"vtt";"Visualizing security metrics with the MVS"
"";"dtu|dtupub|third_party";"";"2022-01-03T13:13:04.441Z";"Knjazeva, Heret";"";"2307020211";"";"dtu";"2016";"";"";"";"";"thesis";"dtu|dtu_electronic|dtupub|dtupub_electronic";"";"";"";"";"";"";"";"";"";"";"";"";"";"Master of Science in Engineering|Master of Science in Transportation and Logistics|Transp. og logistik|kandidat";"Master of Science in Engineering|Master of Science in Transportation and Logistics|Transp. og logistik|kandidat";"Master of Science in Engineering|Master of Science in Transportation and Logistics|Transp. og logistik|kandidat";"und";"57a1ceed12855c654e0001f2";"";"57a1ceed12855c654e0001f2";"DTU Department of Transport";"sorbit";"sorbit";"Workplace mobility management: travel behaviour and travel plan initiatives in a university campus|Mobilitetsmanagment pa arbejdsplads: trafikadfærd og travel plan initiativer i et universitetsomrade"
"";"dtu|dtupub|third_party";"";"2022-01-03T13:11:06.552Z";"Bækbo, Martin Jesper";"";"2292737782";"";"dtu";"2015";"";"";"";"";"thesis";"dtu|dtu_electronic|dtupub|dtupub_electronic";"";"";"";"";"";"";"";"";"";"";"";"";"";"Fysik og nanotek.|Master of Science in Engineering|Master of Science in Physics and Nanotechnology|kandidat";"Fysik og nanotek.|Master of Science in Engineering|Master of Science in Physics and Nanotechnology|kandidat";"Fysik og nanotek.|Master of Science in Engineering|Master of Science in Physics and Nanotechnology|kandidat";"und";"56d754bcbf19455102000b12";"";"56d754bcbf19455102000b12";"DTU Department of Physics";"sorbit";"sorbit";"Fabrication of perovskite tandem solar cells for photocatalytic water splitting|Fremstilling af perovskit-baserede tandem solceller til fotokatalytisk spaltning af vand"
"";"dtu|dtupub|third_party";"";"2022-01-03T13:16:35.555Z";"Udodi, Obianuju Akuabia";"";"2319852129";"";"dtu";"2016";"";"";"";"";"thesis";"dtu|dtu_electronic|dtupub|dtupub_electronic";"";"";"";"";"";"";"";"";"";"";"";"";"";"Master of Science in Engineering|Master of Science in Environmental Engineering|Miljøteknologi|kandidat";"Master of Science in Engineering|Master of Science in Environmental Engineering|Miljøteknologi|kandidat";"Master of Science in Engineering|Master of Science in Environmental Engineering|Miljøteknologi|kandidat";"und";"57b04f589baf2b177e000215";"";"57b04f589baf2b177e000215";"DTU Department of Environmental and Resource Engineering";"sorbit";"sorbit";"LCA of landfill mining from old Danish landfills|LCA af opgravning og udnyttelse af gamle danske deponier"
"";"dtu|dtupub|third_party";"";"2022-01-06T23:53:20.827Z";"Wanke, Gesine";"";"2305633500";"";"dtu";"2016";"";"";"";"";"thesis";"dtu|dtu_electronic|dtupub|dtupub_electronic";"";"";"";"";"";"";"";"";"";"";"";"";"";"Master of Science in Engineering|Master of Science in Wind Energy|Vindenergi|kandidat";"Master of Science in Engineering|Master of Science in Wind Energy|Vindenergi|kandidat";"Master of Science in Engineering|Master of Science in Wind Energy|Vindenergi|kandidat";"und";"575ea7a0e6f951534a00f237";"";"575ea7a0e6f951534a00f237";"DTU Department of Wind and Energy Systems";"sorbit";"sorbit";"Vibration analysis and comparison of two and three bladed wind turbines|Vibrationsanalyse og sammenligning af to og tre bladet vindmøller"
"";"dtu|dtupub|third_party";"";"2022-01-03T13:16:18.755Z";"Sørensen, Sidsel Klarskov";"";"2305633457";"";"dtu";"2016";"";"";"";"";"thesis";"dtu|dtu_electronic|dtupub|dtupub_electronic";"";"";"";"";"";"";"";"";"";"";"";"";"";"Master of Science in Engineering|Master of Science in Mathematical Modelling and Computation|Mat. modellering|kandidat";"Master of Science in Engineering|Master of Science in Mathematical Modelling and Computation|Mat. modellering|kandidat";"Master of Science in Engineering|Master of Science in Mathematical Modelling and Computation|Mat. modellering|kandidat";"und";"575ea74ee6f951534a00eea3";"";"575ea74ee6f951534a00eea3";"DTU Department of Applied Mathematics and Computer Science";"sorbit";"sorbit";"Mathematical modelling of rolling friction|Matematisk modellering af rullemodstand"
"";"dtu|dtupub|third_party";"";"2022-01-03T13:07:31.859Z";"Vidstrup, Daniel Dannerfjord";"";"2306782514";"";"dtu";"2016";"";"";"";"";"thesis";"dtu|dtu_electronic|dtupub|dtupub_electronic";"";"";"";"";"";"";"";"";"";"";"";"";"";"Byggetek.|Master of Science in Civil Engineering|Master of Science in Engineering|kandidat";"Byggetek.|Master of Science in Civil Engineering|Master of Science in Engineering|kandidat";"Byggetek.|Master of Science in Civil Engineering|Master of Science in Engineering|kandidat";"und";"5795f1d56bbf232e70000d2e";"";"5795f1d56bbf232e70000d2e";"DTU Department of Civil Engineering";"sorbit";"sorbit";"Integrated beam slab|Integreret bjælkeplade"
"";"dtu|dtupub|third_party";"";"2022-01-03T13:15:28.055Z";"Kjeld, Nadja Gad";"";"2292737270";"";"dtu";"2015";"";"";"";"";"thesis";"dtu|dtu_electronic|dtupub_external";"";"";"";"";"";"";"";"";"";"";"";"";"";"Farmateknologi|Master of Science in Engineering|Master of Science in Pharmaceutical Design and Engineering|kandidat";"Farmateknologi|Master of Science in Engineering|Master of Science in Pharmaceutical Design and Engineering|kandidat";"Farmateknologi|Master of Science in Engineering|Master of Science in Pharmaceutical Design and Engineering|kandidat";"und";"56d754babf1945510200094d";"";"56d754babf1945510200094d";"DTU National Veterinary Institute";"sorbit";"sorbit";"Assessment of hemophilic arthropathy through development of a biomarker and ex-vivo model|Undersøgelse af hæmofili artropati gennem udvikling af en biomarkør og en ex-vivo model"
"";"dtu|dtupub|third_party";"";"2022-01-03T13:13:04.967Z";"Sigaard, Morten Krarup";"";"2328004454";"";"dtu";"2016";"";"";"";"";"thesis";"dtu|dtu_electronic|dtupub|dtupub_electronic";"";"";"";"";"";"";"";"";"";"";"";"";"";"Informationstek.|Master of Science in Computer Science and Engineering|Master of Science in Engineering|kandidat";"Informationstek.|Master of Science in Computer Science and Engineering|Master of Science in Engineering|kandidat";"Informationstek.|Master of Science in Computer Science and Engineering|Master of Science in Engineering|kandidat";"und";"57b2f24f272bfcc230000082";"";"57b2f24f272bfcc230000082";"DTU Department of Applied Mathematics and Computer Science";"sorbit";"sorbit";"Multimodal Biometric Authentication on Smartphone|Multimodal biometrisk autentifikation pa smartphone"
"";"dtu|dtupub|third_party";"";"2022-01-03T13:06:26.173Z";"Innvær, Malin Laurhammer";"";"2306489921";"";"dtu";"2016";"";"";"";"";"thesis";"dtu|dtu_electronic|dtupub|dtupub_electronic";"";"";"";"";"";"";"";"";"";"";"";"";"";"Elektrotek.|Master of Science in Electrical Engineering|Master of Science in Engineering|kandidat";"Elektrotek.|Master of Science in Electrical Engineering|Master of Science in Engineering|kandidat";"Elektrotek.|Master of Science in Electrical Engineering|Master of Science in Engineering|kandidat";"und";"57861f456bbf232e70000049";"";"57861f456bbf232e70000049";"DTU Department of Electrical Engineering";"sorbit";"sorbit";"Broad band characteristics of high voltage CTs and VTs|Bredbandskarakteristikker for HV strøm- og spændingstransformere"
"";"dtu|dtupub|third_party";"";"2022-01-03T13:16:25.228Z";"Svanholm, Bent";"";"2292734859";"";"dtu";"2015";"";"";"";"";"thesis";"dtu|dtu_electronic|dtupub_external";"";"";"";"";"";"";"";"";"";"";"";"";"";"åben udd.";"åben udd.";"åben udd.";"und";"56d754adbf19455102000267";"";"56d754adbf19455102000267";"DTU Department of Chemical and Biochemical Engineering";"sorbit";"sorbit";"Using advanced software to exploit online analyzers for more advanced fermentation control|Brug af avanceret software til at udnytte online analyzere til mere avanceret styring af fermenteringsprocesser"
"";"dtu|dtupub|third_party";"";"2022-01-03T13:05:11.457Z";"Drastrup, Ellen Marie";"";"2346530063";"";"dtu";"2016";"";"";"";"";"thesis";"dtu|dtu_electronic|dtupub|dtupub_electronic";"";"";"";"";"";"";"";"";"";"";"";"";"";"Master of Science in Engineering|Master of Science in Environmental Engineering|Miljøteknologi|kandidat";"Master of Science in Engineering|Master of Science in Environmental Engineering|Miljøteknologi|kandidat";"Master of Science in Engineering|Master of Science in Environmental Engineering|Miljøteknologi|kandidat";"und";"57f4dd435fef926e0f000033";"";"57f4dd435fef926e0f000033";"DTU Department of Environmental and Resource Engineering";"sorbit";"sorbit";"Flue gas cleaning from Wood stoves|Rensning af røg fra brændeovne"
"";"dtu|dtupub|third_party";"";"2022-01-03T13:11:34.891Z";"Lejre, Kasper Hartvig";"";"2292735257";"";"dtu";"2015";"";"";"";"";"thesis";"dtu|dtu_electronic|dtupub|dtupub_electronic";"";"";"";"";"";"";"";"";"";"";"";"";"";"Kemisk/biokemisk tek.|Master of Science in Chemical and Biochemical Engineering|Master of Science in Engineering|kandidat";"Kemisk/biokemisk tek.|Master of Science in Chemical and Biochemical Engineering|Master of Science in Engineering|kandidat";"Kemisk/biokemisk tek.|Master of Science in Chemical and Biochemical Engineering|Master of Science in Engineering|kandidat";"und";"56d754b0bf19455102000368";"";"56d754b0bf19455102000368";"DTU Department of Chemical and Biochemical Engineering";"sorbit";"sorbit";"Thermal dissociation of H2SO4|Termisk dekomponering af H2SO4"
"";"dtu|dtupub|third_party";"";"2022-01-03T13:15:54.622Z";"Álvarez, Jorge Nájera";"";"2292736486";"";"dtu";"2015";"";"";"";"";"thesis";"dtu|dtu_electronic|dtupub|dtupub_electronic";"";"";"";"";"";"";"";"";"";"";"";"";"";"gæst udl.";"gæst udl.";"gæst udl.";"und";"56d754b7bf194551020006d3";"";"56d754b7bf194551020006d3";"DTU Department of Electrical Engineering";"sorbit";"sorbit";"Single phase analysis of an active LV grid with congestion management provided by the electric vehicles|Analyse af aktiv enkel-fase LV net med overbelastningsregulering fra elbiler"
"";"dtu|dtupub|third_party";"";"2022-01-03T13:15:52.379Z";"Abbes, Aghilas|Nasman, Björn Mattias";"";"2292735180";"";"dtu";"2015";"";"";"";"";"thesis";"dtu|dtu_electronic|dtupub|dtupub_electronic";"";"";"";"";"";"";"";"";"";"";"";"";"";"Elektrotek.|Master of Science in Electrical Engineering|Master of Science in Engineering|kandidat";"Elektrotek.|Master of Science in Electrical Engineering|Master of Science in Engineering|kandidat";"Elektrotek.|Master of Science in Electrical Engineering|Master of Science in Engineering|kandidat";"und";"56d754afbf19455102000339";"";"56d754afbf19455102000339";"DTU Department of Electrical Engineering";"sorbit";"sorbit";"Off-board Vision Assisted Navigation for Fault-tolerant Control of VTOL UAV|Fejltolerant regulering af VTOL UAV med navigering baseret pa eksternt kamera"
"";"dtu|dtupub|third_party";"";"2022-01-03T13:12:02.356Z";"Carvajal, Juan Camilo Gil";"";"2292735199";"";"dtu";"2015";"";"";"";"";"thesis";"dtu|dtu_electronic|dtupub|dtupub_electronic";"";"";"";"";"";"";"";"";"";"";"";"";"";"Akustisk tek.|Master of Science in Engineering|Master of Science in Engineering Acoustics|kandidat";"Akustisk tek.|Master of Science in Engineering|Master of Science in Engineering Acoustics|kandidat";"Akustisk tek.|Master of Science in Engineering|Master of Science in Engineering Acoustics|kandidat";"und";"56d754afbf19455102000347";"";"56d754afbf19455102000347";"DTU Department of Electrical Engineering";"sorbit";"sorbit";"The influence of visual cues on sound externalization|Pavirkningen af visuel information pa eksternalisering af lyd"
"";"dtu|dtupub|third_party";"";"2022-01-03T13:15:57.650Z";"Pedersen, Einar Bjarni|Herbertsson, Hannes Rúnar";"";"2292736410";"";"dtu";"2015";"";"";"";"";"thesis";"dtu|dtu_electronic|dtupub|dtupub_electronic";"";"";"";"";"";"";"";"";"";"";"";"";"";"Elektrotek.|Master of Science in Electrical Engineering|Master of Science in Engineering|kandidat";"Elektrotek.|Master of Science in Electrical Engineering|Master of Science in Engineering|kandidat";"Elektrotek.|Master of Science in Electrical Engineering|Master of Science in Engineering|kandidat";"und";"56d754b6bf194551020006ab";"";"56d754b6bf194551020006ab";"DTU Department of Electrical Engineering";"sorbit";"sorbit";"Modelling and control of a sewer network|Modellering og regulering af et afløbssystem"
"";"dtu|dtupub|third_party";"";"2022-01-03T13:15:58.549Z";"Jensen, Peter Jonatan Bernhardt";"";"2292735196";"";"dtu";"2015";"";"";"";"";"thesis";"dtu|dtu_electronic|dtupub|dtupub_electronic";"";"";"";"";"";"";"";"";"";"";"";"";"";"Master of Science in Engineering|Master of Science in Materials and Manufacturing Engineering|Materialetek.|kandidat";"Master of Science in Engineering|Master of Science in Materials and Manufacturing Engineering|Materialetek.|kandidat";"Master of Science in Engineering|Master of Science in Materials and Manufacturing Engineering|Materialetek.|kandidat";"und";"56d754afbf19455102000345";"";"56d754afbf19455102000345";"DTU Department of Civil and Mechanical Engineering";"sorbit";"sorbit";"Controlled biodegradation of magnesium using surface treatments|Kontrolleret nedbrydning af magnesium i biologiske systemer ved hjælp af overfladebehandling"
"";"dtu|dtupub|third_party";"";"2022-01-03T13:11:40.072Z";"Hansen, Sigurd Jervelund|Herløw, Lasse Robert";"";"2292736176";"";"dtu";"2015";"";"";"";"";"thesis";"dtu|dtu_electronic|dtupub|dtupub_electronic";"";"";"";"";"";"";"";"";"";"";"";"";"";"Informationstek.|Master of Science in Computer Science and Engineering|Master of Science in Engineering|kandidat";"Informationstek.|Master of Science in Computer Science and Engineering|Master of Science in Engineering|kandidat";"Informationstek.|Master of Science in Computer Science and Engineering|Master of Science in Engineering|kandidat";"und";"56d754b5bf1945510200062d";"";"56d754b5bf1945510200062d";"DTU Department of Applied Mathematics and Computer Science";"sorbit";"sorbit";"A Study in Detection and Prevention of Advanced Persistent Threats|En undersøgelse af detekstion og afværgelse af ""Advanced Persistent Threats"""
"";"dtu|dtupub|third_party";"";"2022-01-03T13:16:05.047Z";"Salomonsen, Stig";"";"2292734937";"";"dtu";"2015";"";"";"";"";"thesis";"dtu|dtu_electronic|dtupub|dtupub_electronic";"";"";"";"";"";"";"";"";"";"";"";"";"";"Fysik og nanotek.|Master of Science in Engineering|Master of Science in Physics and Nanotechnology|kandidat";"Fysik og nanotek.|Master of Science in Engineering|Master of Science in Physics and Nanotechnology|kandidat";"Fysik og nanotek.|Master of Science in Engineering|Master of Science in Physics and Nanotechnology|kandidat";"und";"56d754aebf19455102000293";"";"56d754aebf19455102000293";"DTU Department of Electrical and Photonics Engineering";"sorbit";"sorbit";"Modelling of noise in supercontinuum lasers|Modellering af støj i superkontinuum lasere"
"";"dtu|dtupub|third_party";"";"2022-01-03T13:13:05.632Z";"Nissen, Emil";"";"2328004663";"";"dtu";"2016";"";"";"";"";"thesis";"dtu|dtu_electronic|dtupub|dtupub_electronic";"";"";"";"";"";"";"";"";"";"";"";"";"";"Master of Science in Engineering|Master of Science in Environmental Engineering|Miljøteknologi|kandidat";"Master of Science in Engineering|Master of Science in Environmental Engineering|Miljøteknologi|kandidat";"Master of Science in Engineering|Master of Science in Environmental Engineering|Miljøteknologi|kandidat";"und";"57b2f252272bfcc2300000a1";"";"57b2f252272bfcc2300000a1";"DTU Department of Environmental and Resource Engineering";"sorbit";"sorbit";"Investigation of infiltration on pervious urban areas and its importance for urban runoff and flood simulations|Undersøgelse af infiltration pa urbane ubefæstede overflader og dennes betydning for modelleret overfladeafstrømning og oversvømmelser."
"";"dtu|dtupub|third_party";"";"2022-01-03T13:07:18.601Z";"Gravesen, Thomas Mols";"";"2347739268";"";"dtu";"2016";"";"";"";"";"thesis";"dtu|dtu_electronic|dtupub|dtupub_electronic";"";"";"";"";"";"";"";"";"";"";"";"";"";"Byggetek.|Master of Science in Civil Engineering|Master of Science in Engineering|kandidat";"Byggetek.|Master of Science in Civil Engineering|Master of Science in Engineering|kandidat";"Byggetek.|Master of Science in Civil Engineering|Master of Science in Engineering|kandidat";"und";"580f3b405262fa0f0e00000f";"";"580f3b405262fa0f0e00000f";"DTU Department of Civil Engineering";"sorbit";"sorbit";"Cooling of buildings|Køling af bygninger"
"";"dtu|dtupub|third_party";"";"2022-01-03T13:07:16.284Z";"Jensen, Emina Sisic";"";"2343456291";"";"dtu";"2016";"";"";"";"";"thesis";"dtu|dtu_electronic|dtupub_external";"";"";"";"";"";"";"";"";"";"";"";"";"";"Bioteknologi|Master of Science in Biotechnology|Master of Science in Engineering|kandidat";"Bioteknologi|Master of Science in Biotechnology|Master of Science in Engineering|kandidat";"Bioteknologi|Master of Science in Biotechnology|Master of Science in Engineering|kandidat";"und";"57da7f412993be95730000c2";"";"57da7f412993be95730000c2";"DTU Department of Biotechnology and Biomedicine";"sorbit";"sorbit";"Characterization of exopolysaccharide production in Streptococcus thermophilus|Karakterisering af exoplysaccharide produktion i Streptococcus thermophilus"
"";"dtu|dtupub|third_party";"";"2022-01-03T13:11:37.300Z";"Ølund, Michael|Johnsen, Lasse Emil";"";"2292737005";"";"dtu";"2015";"";"";"";"";"thesis";"dtu|dtu_electronic|dtupub_external";"";"";"";"";"";"";"";"";"";"";"";"";"";"Master of Science in Engineering|Master of Science in Engineering Management|Planl. innovation og led.|kandidat";"Master of Science in Engineering|Master of Science in Engineering Management|Planl. innovation og led.|kandidat";"Master of Science in Engineering|Master of Science in Engineering Management|Planl. innovation og led.|kandidat";"und";"56d754b9bf19455102000859";"";"56d754b9bf19455102000859";"DTU Department of Electrical and Photonics Engineering";"sorbit";"sorbit";"Creating a university spin-out based on polymer-fiber sensor systems - an innovation case on bringing high-tech research, from DTU Photonics, to the market|Skabelse af et universitets spin-out selskab baseret pa polymer-fiber sensor systemer - et innovations studie i at bringe højteknologisk forskning fra DTU Fotonik til markedet"
"";"dtu|dtupub|third_party";"";"2022-01-03T13:11:36.245Z";"Svejgaard, Jacob";"";"2292735646";"";"dtu";"2015";"";"";"";"";"thesis";"dtu|dtu_electronic|dtupub|dtupub_electronic";"";"";"";"";"";"";"";"";"";"";"";"";"";"Byggetek.|Master of Science in Civil Engineering|Master of Science in Engineering|kandidat";"Byggetek.|Master of Science in Civil Engineering|Master of Science in Engineering|kandidat";"Byggetek.|Master of Science in Civil Engineering|Master of Science in Engineering|kandidat";"und";"56d754b2bf1945510200048d";"";"56d754b2bf1945510200048d";"DTU Department of Civil Engineering";"sorbit";"sorbit";"Test and Analysis of Keyed Shear Joints between Precast Concrete Walls - Influence of Indent area on the Load Bearing Capacity|Test og analyse af fortandede forskydningssamlinger mellem betonelementer - Indflydelse af tandarealet pa bæreevnen"
"";"dtu|dtupub|third_party";"";"2022-01-03T13:06:58.657Z";"Andersen, Martin Emil";"";"2292737856";"";"dtu";"2015";"";"";"";"";"thesis";"dtu|dtu_electronic|dtupub_external";"";"";"";"";"";"";"";"";"";"";"";"";"";"Master of Science in Engineering|Master of Science in Materials and Manufacturing Engineering|Materialetek.|kandidat";"Master of Science in Engineering|Master of Science in Materials and Manufacturing Engineering|Materialetek.|kandidat";"Master of Science in Engineering|Master of Science in Materials and Manufacturing Engineering|Materialetek.|kandidat";"und";"56d754bcbf19455102000b58";"";"56d754bcbf19455102000b58";"DTU Department of Civil and Mechanical Engineering";"sorbit";"sorbit";"High Temperature Steel For Fuel Cell Casing|Højtemperatur stal til brug for fuel cell casing"
"";"dtu|dtupub|third_party";"";"2022-01-11T08:43:40.197Z";"Nemming, Louise Kjer";"";"2319852118";"";"dtu";"2016";"";"";"";"";"thesis";"dtu|dtu_electronic|dtupub_external";"";"";"";"";"";"";"";"";"";"";"";"";"";"Master of Science in Engineering|Master of Science in Environmental Engineering|Miljøteknologi|kandidat";"Master of Science in Engineering|Master of Science in Environmental Engineering|Miljøteknologi|kandidat";"Master of Science in Engineering|Master of Science in Environmental Engineering|Miljøteknologi|kandidat";"und";"57b04f569baf2b177e0001f8";"";"57b04f569baf2b177e0001f8";"DTU Department of Chemical and Biochemical Engineering";"sorbit";"sorbit";"Biogas production in fixed filter fixed film reactor systems|Biogasproduktion i fixed filter fixed film reaktor systemer"
"";"dtu|dtupub|third_party";"";"2022-01-03T13:06:18.411Z";"Heresanu, Iulia";"";"2306881873";"";"dtu";"2016";"";"";"";"";"thesis";"dtu|dtu_electronic|dtupub_external";"";"";"";"";"";"";"";"";"";"";"";"";"";"Geofysik og rumtek.|Master of Science in Earth and Space Physics and Engineering|Master of Science in Engineering|kandidat";"Geofysik og rumtek.|Master of Science in Earth and Space Physics and Engineering|Master of Science in Engineering|kandidat";"Geofysik og rumtek.|Master of Science in Earth and Space Physics and Engineering|Master of Science in Engineering|kandidat";"und";"579b37406bbf232e70001238";"";"579b37406bbf232e70001238";"DTU Department of Space Research and Space Technology";"sorbit";"sorbit";"Mapping and visualization of diabetic patients activities and health parameters towards better treatments|Kortlægning og visualisering af diabetespatienters aktiviteter og sundhedsparametre mod bedre behandlinger"
"";"dtu|dtupub|third_party";"";"2022-01-03T13:08:13.053Z";"Meyer, Rachel Elizabeth";"";"2306463892";"";"dtu";"2016";"";"";"";"";"thesis";"dtu|dtu_electronic|dtupub|dtupub_electronic";"";"";"";"";"";"";"";"";"";"";"";"";"";"Master of Science in Engineering|Master of Science in Wind Energy|Vindenergi|kandidat";"Master of Science in Engineering|Master of Science in Wind Energy|Vindenergi|kandidat";"Master of Science in Engineering|Master of Science in Wind Energy|Vindenergi|kandidat";"und";"57837c525f18475061000084";"";"57837c525f18475061000084";"DTU Department of Wind and Energy Systems";"sorbit";"sorbit";"Stability Analysis of Multi-Megawatt Daerrieus-Type Floating Vertical Axis Wind Turbines|Stabilitetsanalyse af flydende offshore Multi-MW Darrieus vindmøller"
"";"dtu|dtupub|third_party";"";"2022-01-03T13:13:04.749Z";"Tarasaitis, Mindaugas";"";"2347931721";"";"dtu";"2016";"";"";"";"";"thesis";"dtu|dtu_electronic|dtupub_external";"";"";"";"";"";"";"";"";"";"";"";"";"";"Byggetek.|Master of Science in Civil Engineering|Master of Science in Engineering|kandidat";"Byggetek.|Master of Science in Civil Engineering|Master of Science in Engineering|kandidat";"Byggetek.|Master of Science in Civil Engineering|Master of Science in Engineering|kandidat";"und";"5811de45029d16f850000000";"";"5811de45029d16f850000000";"DTU Department of Civil Engineering";"sorbit";"sorbit";"Multilevel damping device for vibration control of a tall building|Multilevel-damper til kontrol og reduktion af højhussvingninger"
"";"dtu|dtupub|third_party";"";"2022-01-03T13:06:49.098Z";"Ejlertsen, Marina Leisner|Christensen, Martin Pasfall";"";"2342524061";"";"dtu";"2016";"";"";"";"";"thesis";"dtu|dtu_electronic|dtupub|dtupub_electronic";"";"";"";"";"";"";"";"";"";"";"";"";"";"Design og inn.|Master of Science in Design and Innovation|Master of Science in Engineering|kandidat";"Design og inn.|Master of Science in Design and Innovation|Master of Science in Engineering|kandidat";"Design og inn.|Master of Science in Design and Innovation|Master of Science in Engineering|kandidat";"und";"57c80a50abd7812721000100";"";"57c80a50abd7812721000100";"DTU Department of Technology, Management and Economics";"sorbit";"sorbit";"Design for Technology Adoption|Design for Teknologi Adoption"
"";"dtu|dtupub|third_party";"";"2022-01-03T13:06:07.647Z";"Thrane, Jakob|Wass, Jesper";"";"2313645679";"";"dtu";"2016";"";"";"";"";"thesis";"dtu|dtu_electronic|dtupub|dtupub_electronic";"";"";"";"";"";"";"";"";"";"";"";"";"";"Master of Science in Engineering|Master of Science in Telecommunication|Telekom.|kandidat";"Master of Science in Engineering|Master of Science in Telecommunication|Telekom.|kandidat";"Master of Science in Engineering|Master of Science in Telecommunication|Telekom.|kandidat";"und";"57ab09593fec415c3b0001cc";"";"57ab09593fec415c3b0001cc";"DTU Department of Electrical and Photonics Engineering";"sorbit";"sorbit";"Application of machine learning techniques for optical communication system performance monitoring|Application of machine learning techniques for optical communication system performance monitoring Project (english):"
"";"dtu|dtupub|third_party";"";"2022-01-03T13:07:31.909Z";"Carnoy, Matthias Florentin";"";"2306791751";"";"dtu";"2016";"";"";"";"";"thesis";"dtu|dtu_electronic|dtupub|dtupub_electronic";"";"";"";"";"";"";"";"";"";"";"";"";"";"Fysik og nanotek.|Master of Science in Engineering|Master of Science in Physics and Nanotechnology|kandidat";"Fysik og nanotek.|Master of Science in Engineering|Master of Science in Physics and Nanotechnology|kandidat";"Fysik og nanotek.|Master of Science in Engineering|Master of Science in Physics and Nanotechnology|kandidat";"und";"579743e06bbf232e700010d9";"";"579743e06bbf232e700010d9";"DTU Department of Micro- and Nanotechnology";"sorbit";"sorbit";"Developing Grid Membrane Resonators for Photothermal IR Spectroscopy of Nanoparticulate Samples|Udvikling af Gitter Membrane Resonatorer for Fototermisk IR Spektroskopi af Nanopartikler"
"";"dtu|dtupub|third_party";"";"2022-01-03T13:07:31.993Z";"Jensen, Kamilla Kjærgaard";"";"2306791746";"";"dtu";"2016";"";"";"";"";"thesis";"dtu|dtu_electronic|dtupub|dtupub_electronic";"";"";"";"";"";"";"";"";"";"";"";"";"";"Bioteknologi|Master of Science in Biotechnology|Master of Science in Engineering|kandidat";"Bioteknologi|Master of Science in Biotechnology|Master of Science in Engineering|kandidat";"Bioteknologi|Master of Science in Biotechnology|Master of Science in Engineering|kandidat";"und";"579743dc6bbf232e700010a7";"";"579743dc6bbf232e700010a7";"DTU Department of Biotechnology and Biomedicine";"sorbit";"sorbit";"Including antibody sequence and structure information in epitope prediction|Brugen af antistofsekvenser og strukturel information til epitopforudsigelser"
"";"dtu|dtupub|third_party";"";"2022-01-03T13:08:16.322Z";"Jóhannsson, Hektor Már";"";"2349391987";"";"dtu";"2016";"";"";"";"";"thesis";"dtu|dtu_electronic|dtupub|dtupub_electronic";"";"";"";"";"";"";"";"";"";"";"";"";"";"Master of Science in Engineering|Master of Science in Engineering Management|Planl. innovation og led.|kandidat";"Master of Science in Engineering|Master of Science in Engineering Management|Planl. innovation og led.|kandidat";"Master of Science in Engineering|Master of Science in Engineering Management|Planl. innovation og led.|kandidat";"und";"584162527f9c2b212d00001d";"";"584162527f9c2b212d00001d";"DTU Department of Technology, Management and Economics";"sorbit";"sorbit";"Breki dried fish chips; Icelandic dried fish reimagined for the local and international consumer|Breki dried fish chips; Icelandic dried fish reimagined for the local and international consumer"
"";"dtu|dtupub|third_party";"";"2022-01-06T23:53:58.493Z";"Jørgensen, Pernille Hartmund";"";"2307051004";"";"dtu";"2016";"";"";"";"";"thesis";"dtu|dtu_electronic|dtupub|dtupub_electronic";"";"";"";"";"";"";"";"";"";"";"";"";"";"Bæredygtig energi|Master of Science in Engineering|Master of Science in Sustainable Energy|kandidat";"Bæredygtig energi|Master of Science in Engineering|Master of Science in Sustainable Energy|kandidat";"Bæredygtig energi|Master of Science in Engineering|Master of Science in Sustainable Energy|kandidat";"und";"57a3206c12855c654e000341";"";"57a3206c12855c654e000341";"DTU Department of Civil and Mechanical Engineering";"sorbit";"sorbit";"Energy optimization by utilizing heat pumps in the dairy industry|Energioptimering ved anvendelse af varmepumper i mejerier"
"In this thesis, the applicability of the homogeneous mixture model of FINFLO for the free surface problem is studied. The free surface problem is fundamental in marine hydrodynamics, and a special case in two-phase flows. The work explores the basis of this type of modelling from mathematical and numerical viewpoints, and verifies the mixture model for the problem. The mathematical background of the problem is presented, together with the nature of it from the perspective of marine hydrodynamics. The bulk flow equations are usually averaged conditionally such that the governing equations of the multiphase model are formally the same as in the case of single-phase flow. It can be shown that one additional equation suffices for the description of the segregated phases. Here, the convection equation of the void fraction is utilized. The void fraction equation is derived in conservative form based on the incompressibility constraint of the individual phases. The convection of the void fraction corresponds to the so-called Riemann problem. This is studied thoroughly by developing a two-dimensional solver for the comparison of some well-known schemes for the spatial discretization of the convective quantity. This solver is applied to the convection of a discontinuous distribution of the void fraction. In addition, the so-called SUPERBEE limiter is implemented to the FINFLO code for the extrapolation of the convective void fraction. The numerical solution of the Navier-Stokes equations for simulations of two-phase flows is covered comprehensively. The code YAFFA, developed at the Aalto University, has a modern VOF model implemented, and for this reason, it is here used as a reference code. The solution algorithms, the computation of the convective quantities, the pressure correction stages as well as the treatment of the segregated phases in both of the codes are discussed in detail. The two-phase flow over a submerged ground elevation is computed using the codes FINFLO and YAFFA, and the forming free surface wave is compared to the corresponding results found from the literature. The aim of this thesis is to get acquainted with the nature of the problem in conjunction with the specific methodology used to solve such flows. This is done in order to understand the requirements and possible modifications needed for the model when we wish to accurately predict ship flow phenomena that are not solvable using the traditional free surface tracking strategies. This way, the verification of the mixture model of FINFLO is achieved.";"dtu|dtupub";"BA2703 Ship and arctic technology";"2022-03-28T07:08:53.875Z";"Viitanen, Ville";"";"2708546057";"";"dtu";"2015";"";"";"";"";"thesis";"dtu|dtu_electronic|dtupub|dtupub_electronic";"";"";"9513883159|9513883167|9789513883157|9789513883164";"";"";"";"";"";"";"";"";"";"";"CFD|FINFLO|SDG 14 - Life Below Water|VOF|YAFFA|convection|free surface|hydrodynamics|interface capturing|numerical modelling|two-phase flow";"CFD|FINFLO|SDG 14 - Life Below Water|VOF|YAFFA|convection|free surface|hydrodynamics|interface capturing|numerical modelling|two-phase flow";"CFD|FINFLO|SDG 14 - Life Below Water|VOF|YAFFA|convection|free surface|hydrodynamics|interface capturing|numerical modelling|two-phase flow";"eng";"6231fa022b9a3ab6f3999b0f";"";"6231fa022b9a3ab6f3999b0f";"VTT Technical Research Centre of Finland";"vtt";"vtt";"Verification of a homogeneous micture model for the free surface problem"
"";"dtu|dtupub|third_party";"";"2022-01-03T13:08:11.558Z";"Gormsen, Peter";"";"2341803057";"";"dtu";"2016";"";"";"";"";"thesis";"dtu|dtu_electronic|dtupub|dtupub_electronic";"";"";"";"";"";"";"";"";"";"";"";"";"";"Akustisk tek.|Master of Science in Engineering|Master of Science in Engineering Acoustics|kandidat";"Akustisk tek.|Master of Science in Engineering|Master of Science in Engineering Acoustics|kandidat";"Akustisk tek.|Master of Science in Engineering|Master of Science in Engineering Acoustics|kandidat";"und";"57badb493e47d6ad770000cd";"";"57badb493e47d6ad770000cd";"DTU Department of Electrical Engineering";"sorbit";"sorbit";"Acoustic focusing using beamforming for augmented sensing|Akustisk fokusering ved beamforming for augmenteret sansning"
"";"dtu|dtupub|third_party";"";"2022-01-03T13:15:27.431Z";"Andreasen, Mie Scharff";"";"2292737511";"";"dtu";"2015";"";"";"";"";"thesis";"dtu|dtu_electronic|dtupub|dtupub_electronic";"";"";"";"";"";"";"";"";"";"";"";"";"";"Fødevareteknologi|Master of Science in Engineering|Master of Science in Food Technology|kandidat";"Fødevareteknologi|Master of Science in Engineering|Master of Science in Food Technology|kandidat";"Fødevareteknologi|Master of Science in Engineering|Master of Science in Food Technology|kandidat";"und";"56d754bbbf19455102000a06";"";"56d754bbbf19455102000a06";"DTU DTU National Food Institute";"sorbit";"sorbit";"Detection and exposure evaluation of four carcinogenic Polycyclic Aromatic Hydrocarbons in tea and coffee by GC-QTOF-MS and SERS|Detektion med GC-TOF-MS og SERS samt risikovurdering af 4 PAH’er i te og kaffe."
"";"dtu|dtupub|third_party";"";"2022-01-03T13:15:29.034Z";"Boll, Knud";"";"2292737157";"";"dtu";"2015";"";"";"";"";"thesis";"dtu|dtu_electronic|dtupub|dtupub_electronic";"";"";"";"";"";"";"";"";"";"";"";"";"";"Elektrotek.|Master of Science in Electrical Engineering|Master of Science in Engineering|kandidat";"Elektrotek.|Master of Science in Electrical Engineering|Master of Science in Engineering|kandidat";"Elektrotek.|Master of Science in Electrical Engineering|Master of Science in Engineering|kandidat";"und";"56d754b9bf194551020008dd";"";"56d754b9bf194551020008dd";"DTU Department of Electrical Engineering";"sorbit";"sorbit";"Synchronous rectifier for LLC converter|Synkronensretter til LLC konverter"
"";"dtu|dtupub|third_party";"";"2022-01-03T13:11:28.127Z";"Gan, Daqian";"";"2292737223";"";"dtu";"2015";"";"";"";"";"thesis";"dtu|dtu_electronic|dtupub_external";"";"";"";"";"";"";"";"";"";"";"";"";"";"Master of Science in Engineering|Master of Science in Engineering Management|Planl. innovation og led.|kandidat";"Master of Science in Engineering|Master of Science in Engineering Management|Planl. innovation og led.|kandidat";"Master of Science in Engineering|Master of Science in Engineering Management|Planl. innovation og led.|kandidat";"und";"56d754babf1945510200091f";"";"56d754babf1945510200091f";"DTU Department of Technology, Management and Economics";"sorbit";"sorbit";"Forecast Simulation at Radiometer A/S|Forecast simulering hos Radiometer A/S"
"";"dtu|dtupub|third_party";"";"2022-01-03T13:11:34.681Z";"Overgaard, Hannibal Christian";"";"2292734979";"";"dtu";"2015";"";"";"";"";"thesis";"dtu|dtu_electronic|dtupub_external";"";"";"";"";"";"";"";"";"";"";"";"";"";"Konst. og mekanik|Master of Science in Engineering|Master of Science in Engineering Design and Applied Mechanics|kandidat";"Konst. og mekanik|Master of Science in Engineering|Master of Science in Engineering Design and Applied Mechanics|kandidat";"Konst. og mekanik|Master of Science in Engineering|Master of Science in Engineering Design and Applied Mechanics|kandidat";"und";"56d754aebf194551020002ac";"";"56d754aebf194551020002ac";"DTU Department of Civil and Mechanical Engineering";"sorbit";"sorbit";"Determination of the Heat Balance for a Two-Stroke Marine Diesel Engine|Bestemmelse af varmebalance for en totakts skibsdieselmotor"
"";"dtu|dtupub|third_party";"";"2022-01-03T13:06:32.042Z";"Diaz, Kevin Julio Milla";"";"2306921143";"";"dtu";"2016";"";"";"";"";"thesis";"dtu|dtu_electronic|dtupub_external";"";"";"";"";"";"";"";"";"";"";"";"";"";"Kemisk/biokemisk tek.|Master of Science in Chemical and Biochemical Engineering|Master of Science in Engineering|kandidat";"Kemisk/biokemisk tek.|Master of Science in Chemical and Biochemical Engineering|Master of Science in Engineering|kandidat";"Kemisk/biokemisk tek.|Master of Science in Chemical and Biochemical Engineering|Master of Science in Engineering|kandidat";"und";"579dda426bbf232e7000149e";"";"579dda426bbf232e7000149e";"DTU Department of Chemical and Biochemical Engineering";"sorbit";"sorbit";"Simulation of enzyme-based biogas upgrading|Enzym baseret simulering af biogas upgradering"
"";"dtu|dtupub|third_party";"";"2022-01-03T13:11:47.531Z";"Wehnert, Simone Halskov";"";"2292735869";"";"dtu";"2015";"";"";"";"";"thesis";"dtu|dtu_electronic|dtupub_external";"";"";"";"";"";"";"";"";"";"";"";"";"";"Bioteknologi|Master of Science in Biotechnology|Master of Science in Engineering|kandidat";"Bioteknologi|Master of Science in Biotechnology|Master of Science in Engineering|kandidat";"Bioteknologi|Master of Science in Biotechnology|Master of Science in Engineering|kandidat";"und";"56d754b4bf19455102000550";"";"56d754b4bf19455102000550";"DTU DTU National Food Institute";"sorbit";"sorbit";"Growth and growth boundary models for spoilage microorganisms in natural color food ingredients|Vækst- og vækstgrænse-modeller for fordærvelsesmikroorganismer i naturlige farvestoffer til fødevarer"
"";"dtu|dtupub|third_party";"";"2022-01-03T13:15:50.553Z";"Karlsson, Jonas";"";"2292734844";"";"dtu";"2015";"";"";"";"";"thesis";"dtu|dtu_electronic|dtupub|dtupub_electronic";"";"";"";"";"";"";"";"";"";"";"";"";"";"åben udd.";"åben udd.";"åben udd.";"und";"56d754adbf1945510200025f";"";"56d754adbf1945510200025f";"DTU Department of Electrical Engineering";"sorbit";"sorbit";"Realization of a distributed modular robotic system for advanced secondary education|Realisering af et distribueret modulært robot system til undervisningsbrug"
"";"dtu|dtupub|third_party";"";"2022-01-03T13:13:07.098Z";"Thomsen, Jes Bøgeskov";"";"2348405414";"";"dtu";"2016";"";"";"";"";"thesis";"dtu|dtu_electronic|dtupub|dtupub_electronic";"";"";"";"";"";"";"";"";"";"";"";"";"";"Elektrotek.|Master of Science in Electrical Engineering|Master of Science in Engineering|kandidat";"Elektrotek.|Master of Science in Electrical Engineering|Master of Science in Engineering|kandidat";"Elektrotek.|Master of Science in Electrical Engineering|Master of Science in Engineering|kandidat";"und";"58173250997447ae7f00000f";"";"58173250997447ae7f00000f";"DTU Department of Electrical Engineering";"sorbit";"sorbit";"Electromagnetic Radiation from Non-Ideal Active Coated Nano-Particles|Elektromagnetisk Udstraling fra Ikke-Ideelle Aktive Belagte Nano-Partikler"
"";"dtu|dtupub|third_party";"";"2022-01-11T08:43:41.781Z";"Petræus, Carina";"";"2351661152";"";"dtu";"2016";"";"";"";"";"thesis";"dtu|dtu_electronic|dtupub|dtupub_electronic";"";"";"";"";"";"";"";"";"";"";"";"";"";"Farmateknologi|Master of Science in Engineering|Master of Science in Pharmaceutical Design and Engineering|kandidat";"Farmateknologi|Master of Science in Engineering|Master of Science in Pharmaceutical Design and Engineering|kandidat";"Farmateknologi|Master of Science in Engineering|Master of Science in Pharmaceutical Design and Engineering|kandidat";"und";"589045735460241149000039";"";"589045735460241149000039";"DTU National Veterinary Institute";"sorbit";"sorbit";"Validation of existing stem-cell based model for Alzheimer's Disease|Validering af eksisterende stamcelle-baseret model for Alzheimers sygdom"
"";"dtu|dtupub|third_party";"";"2022-01-03T13:06:23.386Z";"Heuchel, Franz Maria";"";"2306881867";"";"dtu";"2016";"";"";"";"";"thesis";"dtu|dtu_electronic|dtupub_external";"";"";"";"";"";"";"";"";"";"";"";"";"";"Akustisk tek.|Master of Science in Engineering|Master of Science in Engineering Acoustics|kandidat";"Akustisk tek.|Master of Science in Engineering|Master of Science in Engineering Acoustics|kandidat";"Akustisk tek.|Master of Science in Engineering|Master of Science in Engineering Acoustics|kandidat";"und";"579b37406bbf232e70001237";"";"579b37406bbf232e70001237";"DTU Department of Electrical Engineering";"sorbit";"sorbit";"Placement of subwoofers in indoor venues for optimal distribution of sound|Optimering af subwoofere placering i indendørs spillesteder."
"";"dtu|dtupub|third_party";"";"2022-01-03T13:16:10.773Z";"Kristiansen, Lasse Flindt";"";"2292735059";"";"dtu";"2015";"";"";"";"";"thesis";"dtu|dtu_electronic|dtupub|dtupub_electronic";"";"";"";"";"";"";"";"";"";"";"";"";"";"Master of Science in Engineering|Master of Science in Petroleum Engineering|Olie- og gastek.|kandidat";"Master of Science in Engineering|Master of Science in Petroleum Engineering|Olie- og gastek.|kandidat";"Master of Science in Engineering|Master of Science in Petroleum Engineering|Olie- og gastek.|kandidat";"und";"56d754aebf194551020002e1";"";"56d754aebf194551020002e1";"DTU Department of Civil Engineering";"sorbit";"sorbit";"Geomechanical modelling of Shale overburden in the Danish North Sea|Geomekanisk modellering af lerskifer i den danske Nordsø"
"";"dtu|dtupub|third_party";"";"2022-01-03T13:08:16.626Z";"Simonsen, Morten Ankjær";"";"2307020146";"";"dtu";"2016";"";"";"";"";"thesis";"dtu|dtu_electronic|dtupub|dtupub_electronic";"";"";"";"";"";"";"";"";"";"";"";"";"";"Konst. og mekanik|Master of Science in Engineering|Master of Science in Engineering Design and Applied Mechanics|kandidat";"Konst. og mekanik|Master of Science in Engineering|Master of Science in Engineering Design and Applied Mechanics|kandidat";"Konst. og mekanik|Master of Science in Engineering|Master of Science in Engineering Design and Applied Mechanics|kandidat";"und";"57a1cee412855c654e000185";"";"57a1cee412855c654e000185";"DTU Department of Civil and Mechanical Engineering";"sorbit";"sorbit";"Experimental Modal Analysis applied to Flexible Rotors Supported By Oil Lubricated Bearings|Eksperimentel modalanalyse i fleksible rotorer støttet af hydrodynamiske lejer"
"";"dtu|dtupub|third_party";"";"2022-01-03T13:12:04.898Z";"Berthing, Ditte Renner|Michailidou, Ifigeneia";"";"2292736393";"";"dtu";"2015";"";"";"";"";"thesis";"dtu|dtu_electronic|dtupub_external";"";"";"";"";"";"";"";"";"";"";"";"";"";"Design og inn.|Master of Science in Design and Innovation|Master of Science in Engineering|Master of Science in Engineering Management|Planl. innovation og led.|kandidat";"Design og inn.|Master of Science in Design and Innovation|Master of Science in Engineering|Master of Science in Engineering Management|Planl. innovation og led.|kandidat";"Design og inn.|Master of Science in Design and Innovation|Master of Science in Engineering|Master of Science in Engineering Management|Planl. innovation og led.|kandidat";"und";"56d754b6bf194551020006a4";"";"56d754b6bf194551020006a4";"DTU Department of Civil and Mechanical Engineering";"sorbit";"sorbit";"Performance and cost in New Product Architecture Development at Radiometer Medical ApS|Performance og kompleksitetsomkostninger ved udvikling af ny produktarkitektur ved Radiometer Medical ApS."
"";"dtu|dtupub|third_party";"";"2022-01-03T13:15:59.833Z";"Miskinis, Tomas";"";"2292735984";"";"dtu";"2015";"";"";"";"";"thesis";"dtu|dtu_electronic|dtupub|dtupub_electronic";"";"";"";"";"";"";"";"";"";"";"";"";"";"Byggetek.|Master of Science in Civil Engineering|Master of Science in Engineering|kandidat";"Byggetek.|Master of Science in Civil Engineering|Master of Science in Engineering|kandidat";"Byggetek.|Master of Science in Civil Engineering|Master of Science in Engineering|kandidat";"und";"56d754b4bf194551020005ae";"";"56d754b4bf194551020005ae";"DTU Department of Technology, Management and Economics";"sorbit";"sorbit";"Information Flow and Decision Making in Construction Using BIM|Information Flow and Decision Making in Construction Using BIM"
"";"dtu|dtupub|third_party";"";"2022-01-03T13:16:11.834Z";"Amponsah, Lydia Otoo";"";"2292734523";"";"dtu";"2016";"";"";"";"";"thesis";"dtu|dtu_electronic|dtupub|dtupub_electronic";"";"";"";"";"";"";"";"";"";"";"";"";"";"Master of Science in Engineering|Master of Science in Environmental Engineering|Miljøteknologi|kandidat";"Master of Science in Engineering|Master of Science in Environmental Engineering|Miljøteknologi|kandidat";"Master of Science in Engineering|Master of Science in Environmental Engineering|Miljøteknologi|kandidat";"und";"56d754abbf19455102000172";"";"56d754abbf19455102000172";"DTU Department of Environmental and Resource Engineering";"sorbit";"sorbit";"Experimental assessments to analyse performance of a full-scale BioDenipho WWTP and calibration of a BioDenipho process mode|Eksperimentelle evalueringer for at analysere resultater af et fuldskala BioDenipho Renseanlæg og kalibrering af en BioDenipho procesmodel"
"";"dtu|dtupub|third_party";"";"2022-01-03T13:16:15.553Z";"Lund, Gustav";"";"2305633421";"";"dtu";"2016";"";"";"";"";"thesis";"dtu|dtu_electronic|dtupub_external";"";"";"";"";"";"";"";"";"";"";"";"";"";"Digitale medietek.|Master of Science in Digital Media Engineering|Master of Science in Engineering|kandidat";"Digitale medietek.|Master of Science in Digital Media Engineering|Master of Science in Engineering|kandidat";"Digitale medietek.|Master of Science in Digital Media Engineering|Master of Science in Engineering|kandidat";"und";"575ea6dde6f951534a00e937";"";"575ea6dde6f951534a00e937";"DTU Department of Applied Mathematics and Computer Science";"sorbit";"sorbit";"Automatic Identification and Characterization of the Thyroid Gland|Automatisk Identificering og Karakterisering af Skjoldbruskkirtlen"
"";"dtu|dtupub|third_party";"";"2022-01-06T23:53:50.891Z";"Gustafsson, Egil Göran Ragnar";"";"2306789548";"";"dtu";"2016";"";"";"";"";"thesis";"dtu|dtu_electronic|dtupub|dtupub_electronic";"";"";"";"";"";"";"";"";"";"";"";"";"";"Konst. og mekanik|Master of Science in Engineering|Master of Science in Engineering Design and Applied Mechanics|kandidat";"Konst. og mekanik|Master of Science in Engineering|Master of Science in Engineering Design and Applied Mechanics|kandidat";"Konst. og mekanik|Master of Science in Engineering|Master of Science in Engineering Design and Applied Mechanics|kandidat";"und";"5797436c6bbf232e70000de2";"";"5797436c6bbf232e70000de2";"DTU Department of Civil and Mechanical Engineering";"sorbit";"sorbit";"Extreme loading and fatigue analysis of a wave energy device|Analyse af design og udmattelseslaster pa en bølgeenergi anlæg"
"";"dtu|dtupub|third_party";"";"2022-01-06T23:53:34.946Z";"Gustavsen, Ann-Elise dos Santos";"";"2306616341";"";"dtu";"2016";"";"";"";"";"thesis";"dtu|dtu_electronic|dtupub|dtupub_electronic";"";"";"";"";"";"";"";"";"";"";"";"";"";"Master of Science in Engineering|Master of Science in Engineering Management|Planl. innovation og led.|kandidat";"Master of Science in Engineering|Master of Science in Engineering Management|Planl. innovation og led.|kandidat";"Master of Science in Engineering|Master of Science in Engineering Management|Planl. innovation og led.|kandidat";"und";"578e08416bbf232e70000272";"";"578e08416bbf232e70000272";"DTU Department of Technology, Management and Economics";"sorbit";"sorbit";"Planning Processes of Car Free Cities - Oslo version 2.0|Planlægningsprocesser af bilfrie byer - Oslo version 2.0"
"";"dtu|dtupub|third_party";"";"2022-01-03T13:12:56.653Z";"Lochner, Jonas Daniel";"";"2306320270";"";"dtu";"2016";"";"";"";"";"thesis";"dtu|dtu_electronic|dtupub|dtupub_electronic";"";"";"";"";"";"";"";"";"";"";"";"";"";"Akustisk tek.|Master of Science in Engineering|Master of Science in Engineering Acoustics|kandidat";"Akustisk tek.|Master of Science in Engineering|Master of Science in Engineering Acoustics|kandidat";"Akustisk tek.|Master of Science in Engineering|Master of Science in Engineering Acoustics|kandidat";"und";"577b934237562d157a00014e";"";"577b934237562d157a00014e";"DTU Department of Electrical Engineering";"sorbit";"sorbit";"Effect of low-frequency gain on speech intelligibility in hearing-impaired listeners|Betydningen af lavfrekvens forstærkning for taleforstaelighed hos hørehæmmede"
"";"dtu|dtupub|third_party";"";"2022-01-03T13:11:32.027Z";"Radivojsa, Vladimir";"";"2292737366";"";"dtu";"2015";"";"";"";"";"thesis";"dtu|dtu_electronic|dtupub|dtupub_electronic";"";"";"";"";"";"";"";"";"";"";"";"";"";"Bioteknologi|Master of Science in Biotechnology|Master of Science in Engineering|kandidat";"Bioteknologi|Master of Science in Biotechnology|Master of Science in Engineering|kandidat";"Bioteknologi|Master of Science in Biotechnology|Master of Science in Engineering|kandidat";"und";"56d754babf19455102000993";"";"56d754babf19455102000993";"DTU Department of Biotechnology and Biomedicine";"sorbit";"sorbit";"Production of the polyketides 6-methyl salicylic acid and 5-methyl orsellinic acid in three different strains of Saccharomyces cerevisiae|Produktion af polyketiderne 6-methylsalicylsyre og 5-metylorsellinsyre i tre forskellige Saccharomyces cerevisiae stammer"
"";"dtu|dtupub|third_party";"";"2022-01-03T13:15:48.354Z";"Hoang, Cathrine Le Thao Nhi";"";"2292736517";"";"dtu";"2015";"";"";"";"";"thesis";"dtu|dtu_electronic|dtupub_external";"";"";"";"";"";"";"";"";"";"";"";"";"";"Kemisk/biokemisk tek.|Master of Science in Chemical and Biochemical Engineering|Master of Science in Engineering|kandidat";"Kemisk/biokemisk tek.|Master of Science in Chemical and Biochemical Engineering|Master of Science in Engineering|kandidat";"Kemisk/biokemisk tek.|Master of Science in Chemical and Biochemical Engineering|Master of Science in Engineering|kandidat";"und";"56d754b7bf194551020006f1";"";"56d754b7bf194551020006f1";"DTU Department of Chemical and Biochemical Engineering";"sorbit";"sorbit";"HC1 emissions from Cement Plants|HC1 emissioner fra cementproduktion"
"";"dtu|dtupub|third_party";"";"2022-01-03T13:15:48.235Z";"Held, Dominique Philipp";"";"2292735592";"";"dtu";"2015";"";"";"";"";"thesis";"dtu|dtu_electronic|dtupub|dtupub_electronic";"";"";"";"";"";"";"";"";"";"";"";"";"";"Master of Science in Engineering|Master of Science in Wind Energy|Vindenergi|kandidat";"Master of Science in Engineering|Master of Science in Wind Energy|Vindenergi|kandidat";"Master of Science in Engineering|Master of Science in Wind Energy|Vindenergi|kandidat";"und";"56d754b2bf1945510200045f";"";"56d754b2bf1945510200045f";"DTU Department of Wind and Energy Systems";"sorbit";"sorbit";"Load reduction potential of a traditional pitch controller assisted by a four beam LiDAR system|Last reduktionspotentialet for en traditionel pitch kontroller assisteret af et fire stralet LiDAR system"
"";"dtu|dtupub|third_party";"";"2022-01-03T13:15:27.278Z";"Freltoft, Alexandra Rohde O'Sullivan";"";"2292737552";"";"dtu";"2015";"";"";"";"";"thesis";"dtu|dtu_electronic|dtupub|dtupub_electronic";"";"";"";"";"";"";"";"";"";"";"";"";"";"Master of Science in Engineering|Master of Science in Mathematical Modelling and Computation|Mat. modellering|kandidat";"Master of Science in Engineering|Master of Science in Mathematical Modelling and Computation|Mat. modellering|kandidat";"Master of Science in Engineering|Master of Science in Mathematical Modelling and Computation|Mat. modellering|kandidat";"und";"56d754bbbf19455102000a31";"";"56d754bbbf19455102000a31";"DTU Department of Applied Mathematics and Computer Science";"sorbit";"sorbit";"Dynamics of Pedestrian Flows|Dynamics of Pedestrian Flows"
"";"dtu|dtupub|third_party";"";"2022-01-03T13:11:44.972Z";"Jensen, Martin Czicky|Sancho, Laura Ramos";"";"2292735300";"";"dtu";"2015";"";"";"";"";"thesis";"dtu|dtu_electronic|dtupub_external";"";"";"";"";"";"";"";"";"";"";"";"";"";"Master of Science in Engineering|Master of Science in Engineering Management|Planl. innovation og led.|kandidat";"Master of Science in Engineering|Master of Science in Engineering Management|Planl. innovation og led.|kandidat";"Master of Science in Engineering|Master of Science in Engineering Management|Planl. innovation og led.|kandidat";"und";"56d754b0bf19455102000380";"";"56d754b0bf19455102000380";"DTU Department of Technology, Management and Economics";"sorbit";"sorbit";"Inventory Management at ROCKWOOL International|Lagerstyring hos ROCKWOOL International"
"";"dtu|dtupub|third_party";"";"2022-01-03T13:07:32.051Z";"Paulsen, Mads";"";"2306791772";"";"dtu";"2016";"";"";"";"";"thesis";"dtu|dtu_electronic|dtupub|dtupub_electronic";"";"";"";"";"";"";"";"";"";"";"";"";"";"Master of Science in Engineering|Master of Science in Transportation and Logistics|Transp. og logistik|kandidat";"Master of Science in Engineering|Master of Science in Transportation and Logistics|Transp. og logistik|kandidat";"Master of Science in Engineering|Master of Science in Transportation and Logistics|Transp. og logistik|kandidat";"und";"579743f46bbf232e70001142";"";"579743f46bbf232e70001142";"DTU Department of Transport";"sorbit";"sorbit";"Bus and Passenger Micro-Simulation within a Combined Agent-Based Multi-Modal Assignment Model|Mikrosimulering af busser og passagerer i en kombineret agentbaseret multimodal netudlægningsmodel"
"";"dtu|dtupub|third_party";"";"2022-01-03T13:16:27.768Z";"Bohnes, Florence Alexia";"";"2306781500";"";"dtu";"2016";"";"";"";"";"thesis";"dtu|dtu_electronic|dtupub|dtupub_electronic";"";"";"";"";"";"";"";"";"";"";"";"";"";"Master of Science in Engineering|Master of Science in Environmental Engineering|Miljøteknologi|kandidat";"Master of Science in Engineering|Master of Science in Environmental Engineering|Miljøteknologi|kandidat";"Master of Science in Engineering|Master of Science in Environmental Engineering|Miljøteknologi|kandidat";"und";"5795f1936bbf232e70000ae5";"";"5795f1936bbf232e70000ae5";"DTU Department of Technology, Management and Economics";"sorbit";"sorbit";"Life cycle assessment of electric vehicle deployment in cities from a systemic perspective|Livscyklusvurdering af elektriske køretøjer i byer fra et systemisk perspektiv"
"";"dtu|dtupub|third_party";"";"2022-01-03T13:08:17.867Z";"Urban, Albert Meseguer";"";"2306823507";"";"dtu";"2016";"";"";"";"";"thesis";"dtu|dtu_electronic|dtupub_external";"";"";"";"";"";"";"";"";"";"";"";"";"";"Master of Science in Engineering|Master of Science in Wind Energy|Vindenergi|kandidat";"Master of Science in Engineering|Master of Science in Wind Energy|Vindenergi|kandidat";"Master of Science in Engineering|Master of Science in Wind Energy|Vindenergi|kandidat";"und";"579894756bbf232e700011c5";"";"579894756bbf232e700011c5";"DTU Department of Wind and Energy Systems";"sorbit";"sorbit";"Modelling and analysis of nacelle vibrations during a short-circuit test|Modellering og analyse af nacelle vibrationer under en kortslutningstest"
"";"dtu|dtupub|third_party";"";"2022-01-06T23:53:49.321Z";"Wismann, Sebastian Thor";"";"2306791690";"";"dtu";"2016";"";"";"";"";"thesis";"dtu|dtu_electronic|dtupub|dtupub_electronic";"";"";"";"";"";"";"";"";"";"";"";"";"";"Anvendt kemi|Master of Science in Advanced and Applied Chemistry|Master of Science in Engineering|kandidat";"Anvendt kemi|Master of Science in Advanced and Applied Chemistry|Master of Science in Engineering|kandidat";"Anvendt kemi|Master of Science in Advanced and Applied Chemistry|Master of Science in Engineering|kandidat";"und";"579743a96bbf232e70000f35";"";"579743a96bbf232e70000f35";"DTU Department of Energy Conversion and Storage";"sorbit";"sorbit";"Electrochemical impedance of ion intercalation electrodes and batteries|Elektrokemisk impedans af ion interkalations elektroder og batterier"
"";"dtu|dtupub|third_party";"";"2022-01-03T13:05:10.688Z";"Weber, Simon Charles Gerard";"";"2307114865";"";"dtu";"2016";"";"";"";"";"thesis";"dtu|dtu_electronic|dtupub|dtupub_electronic";"";"";"";"";"";"";"";"";"";"";"";"";"";"Bæredygtig energi|Master of Science in Engineering|Master of Science in Sustainable Energy|kandidat";"Bæredygtig energi|Master of Science in Engineering|Master of Science in Sustainable Energy|kandidat";"Bæredygtig energi|Master of Science in Engineering|Master of Science in Sustainable Energy|kandidat";"und";"57a714bf12855c654e00040d";"";"57a714bf12855c654e00040d";"DTU Department of Civil Engineering";"sorbit";"sorbit";"Thermal and statistical analysis of district heating pipe leakage|Thermal and statistical analysis of district heating pipe leakage"
"";"dtu|dtupub|third_party";"";"2022-01-03T13:06:05.189Z";"Nielsen, Johan Braüner";"";"2342057129";"";"dtu";"2016";"";"";"";"";"thesis";"dtu|dtu_electronic|dtupub_external";"";"";"";"";"";"";"";"";"";"";"";"";"";"Master of Science in Engineering|Master of Science in Materials and Manufacturing Engineering|Materialetek.|kandidat";"Master of Science in Engineering|Master of Science in Materials and Manufacturing Engineering|Materialetek.|kandidat";"Master of Science in Engineering|Master of Science in Materials and Manufacturing Engineering|Materialetek.|kandidat";"und";"57becfc8febd22f360000195";"";"57becfc8febd22f360000195";"DTU Department of Civil and Mechanical Engineering";"sorbit";"sorbit";"Effect of zinc dust particle size and shape on the anticorrosive properties of zinc rich epoxies|Effekten a zink partikelstørrelse og form, hvad angar antikorrosive egenskaber af zink epoxy malinger"
"";"dtu|dtupub|third_party";"";"2022-01-03T13:08:04.420Z";"Pjetursson, Ólafur Hafstein";"";"2342447799";"";"dtu";"2016";"";"";"";"";"thesis";"dtu|dtu_electronic|dtupub|dtupub_electronic";"";"";"";"";"";"";"";"";"";"";"";"";"";"Byggetek.|Master of Science in Civil Engineering|Master of Science in Engineering|kandidat";"Byggetek.|Master of Science in Civil Engineering|Master of Science in Engineering|kandidat";"Byggetek.|Master of Science in Civil Engineering|Master of Science in Engineering|kandidat";"und";"57c6b8c5abd781272100004d";"";"57c6b8c5abd781272100004d";"DTU Department of Electrical Engineering";"sorbit";"sorbit";"The Integration of Acoustic Simulations into the Parametric Design Process|Integrering af akustiske simuleringer i den parametriske designproces"
"";"dtu|dtupub|third_party";"";"2022-01-03T13:06:42.636Z";"Kajberg, Rasmus Bo|Dessau, Lasse";"";"2313645567";"";"dtu";"2016";"";"";"";"";"thesis";"dtu|dtu_electronic|dtupub|dtupub_electronic";"";"";"";"";"";"";"";"";"";"";"";"";"";"Informationstek.|Master of Science in Computer Science and Engineering|Master of Science in Engineering|kandidat";"Informationstek.|Master of Science in Computer Science and Engineering|Master of Science in Engineering|kandidat";"Informationstek.|Master of Science in Computer Science and Engineering|Master of Science in Engineering|kandidat";"und";"57ab09503fec415c3b00014e";"";"57ab09503fec415c3b00014e";"DTU Department of Applied Mathematics and Computer Science";"sorbit";"sorbit";"An Analysis of x86 Single-Instruction Compiling as an Obfuscation Technique|En undersøgelse af x86 enkeltinstruktion oversættelse som en maskeringsteknik"
"";"dtu|dtupub|third_party";"";"2022-01-03T13:16:18.778Z";"Stroe, Laura-Ariadna";"";"2524896215";"";"dtu";"2016";"";"";"";"";"thesis";"dtu|dtu_electronic|dtupub|dtupub_electronic";"";"";"";"";"";"";"";"";"";"";"";"";"";"Informationstek.|Master of Science in Computer Science and Engineering|Master of Science in Engineering|kandidat";"Informationstek.|Master of Science in Computer Science and Engineering|Master of Science in Engineering|kandidat";"Informationstek.|Master of Science in Computer Science and Engineering|Master of Science in Engineering|kandidat";"und";"56d754a9bf1945510200008c";"";"56d754a9bf1945510200008c";"DTU Department of Applied Mathematics and Computer Science";"sorbit";"sorbit";"Multi-Agent Programming in GOAL|Multiagentprogrammering i GOAL"
"";"dtu|dtupub|third_party";"";"2022-01-03T13:15:24.671Z";"Stoynev, Gabriel Emilov";"";"2292737741";"";"dtu";"2015";"";"";"";"";"thesis";"dtu|dtu_electronic|dtupub|dtupub_electronic";"";"";"";"";"";"";"";"";"";"";"";"";"";"Master of Science in Engineering|Master of Science in Telecommunication|Telekom.|kandidat";"Master of Science in Engineering|Master of Science in Telecommunication|Telekom.|kandidat";"Master of Science in Engineering|Master of Science in Telecommunication|Telekom.|kandidat";"und";"56d754bcbf19455102000ae8";"";"56d754bcbf19455102000ae8";"DTU Department of Electrical and Photonics Engineering";"sorbit";"sorbit";"Network Virtualisation|Netværks Virtualisering"
"";"dtu|dtupub|third_party";"";"2022-01-03T13:15:27.747Z";"Lien, Martin Priisholm";"";"2292737281";"";"dtu";"2015";"";"";"";"";"thesis";"dtu|dtu_electronic|dtupub_external";"";"";"";"";"";"";"";"";"";"";"";"";"";"Master of Science in Engineering|Master of Science in Engineering Management|Planl. innovation og led.|kandidat";"Master of Science in Engineering|Master of Science in Engineering Management|Planl. innovation og led.|kandidat";"Master of Science in Engineering|Master of Science in Engineering Management|Planl. innovation og led.|kandidat";"und";"56d754babf19455102000959";"";"56d754babf19455102000959";"DTU Department of Technology, Management and Economics";"sorbit";"sorbit";"Optimization of the Logistic Flow at Alfa Laval A/S|Optimering af det logistiske flow hos Alfa Laval A/S"
"";"dtu|dtupub|third_party";"";"2022-01-03T13:12:52.817Z";"Schulte, Lars";"";"2305633568";"";"dtu";"2016";"";"";"";"";"thesis";"dtu|dtu_electronic|dtupub|dtupub_electronic";"";"";"";"";"";"";"";"";"";"";"";"";"";"åben udd.";"åben udd.";"åben udd.";"und";"575ea7f4e6f951534a00f629";"";"575ea7f4e6f951534a00f629";"DTU Department of Micro- and Nanotechnology";"sorbit";"sorbit";"Master in Polymers for Nanotechnology|Master i Polymerer for Nanoteknologi"
"";"dtu|dtupub|third_party";"";"2022-01-03T13:14:51.045Z";"Razzaq, Fatima";"";"2292737081";"";"dtu";"2015";"";"";"";"";"thesis";"dtu|dtu_electronic|dtupub_external";"";"";"";"";"";"";"";"";"";"";"";"";"";"Bioteknologi|Master of Science in Biotechnology|Master of Science in Engineering|kandidat";"Bioteknologi|Master of Science in Biotechnology|Master of Science in Engineering|kandidat";"Bioteknologi|Master of Science in Biotechnology|Master of Science in Engineering|kandidat";"und";"56d754b9bf19455102000890";"";"56d754b9bf19455102000890";"DTU National Veterinary Institute";"sorbit";"sorbit";"Optimizing FVIII expression by hydrodynamic gene transfer in haemophilic mice|Optimering af FVIII ekspressionen ved hydrodynamisk genoverførsel i hæmofile mus"
"";"dtu|dtupub|third_party";"";"2022-01-03T13:16:13.001Z";"Nielsen, Bjarke Fuglsang";"";"2305633517";"";"dtu";"2016";"";"";"";"";"thesis";"dtu|dtu_electronic|dtupub|dtupub_electronic";"";"";"";"";"";"";"";"";"";"";"";"";"";"Konst. og mekanik|Master of Science in Engineering|Master of Science in Engineering Design and Applied Mechanics|kandidat";"Konst. og mekanik|Master of Science in Engineering|Master of Science in Engineering Design and Applied Mechanics|kandidat";"Konst. og mekanik|Master of Science in Engineering|Master of Science in Engineering Design and Applied Mechanics|kandidat";"und";"575ea7b9e6f951534a00f34c";"";"575ea7b9e6f951534a00f34c";"DTU Department of Wind and Energy Systems";"sorbit";"sorbit";"Guyed tower design for offshore wind turbines|Design af havvindmølle med barduner"
"";"dtu|dtupub|third_party";"";"2022-01-06T23:53:27.734Z";"Akbari, Vahab";"";"2345155085";"";"dtu";"2016";"";"";"";"";"thesis";"dtu|dtu_electronic|dtupub|dtupub_electronic";"";"";"";"";"";"";"";"";"";"";"";"";"";"Bæredygtig energi|Master of Science in Engineering|Master of Science in Sustainable Energy|kandidat";"Bæredygtig energi|Master of Science in Engineering|Master of Science in Sustainable Energy|kandidat";"Bæredygtig energi|Master of Science in Engineering|Master of Science in Sustainable Energy|kandidat";"und";"57e26842bf85a91076000008";"";"57e26842bf85a91076000008";"DTU Department of Civil Engineering";"sorbit";"sorbit";"Optimizing radiant system for energy efficiency and comfort|Optimering af stralings varme-kølesystemer med hensyn til energieffektivitet og komfort"
"";"dtu|dtupub|third_party";"";"2022-01-06T23:53:21.942Z";"Kulikova, Nataliia";"";"2306781422";"";"dtu";"2016";"";"";"";"";"thesis";"dtu|dtu_electronic|dtupub_external";"";"";"";"";"";"";"";"";"";"";"";"";"";"Master of Science in Engineering|Master of Science in Engineering Management|Planl. innovation og led.|kandidat";"Master of Science in Engineering|Master of Science in Engineering Management|Planl. innovation og led.|kandidat";"Master of Science in Engineering|Master of Science in Engineering Management|Planl. innovation og led.|kandidat";"und";"5795f16e6bbf232e700009fb";"";"5795f16e6bbf232e700009fb";"DTU Department of Technology, Management and Economics";"sorbit";"sorbit";"Managing risks in large engineering projects: tools, standards and practices|Risikostyringen af store ingeniørprojekter: værktøjer, standarter og praksisser"
"";"dtu|dtupub|third_party";"";"2022-01-03T13:07:31.920Z";"Holm, Dennis Søren";"";"2306791638";"";"dtu";"2016";"";"";"";"";"thesis";"dtu|dtu_electronic|dtupub|dtupub_electronic";"";"";"";"";"";"";"";"";"";"";"";"";"";"Master of Science in Engineering|Master of Science in Mathematical Modelling and Computation|Mat. modellering|kandidat";"Master of Science in Engineering|Master of Science in Mathematical Modelling and Computation|Mat. modellering|kandidat";"Master of Science in Engineering|Master of Science in Mathematical Modelling and Computation|Mat. modellering|kandidat";"und";"579743986bbf232e70000eca";"";"579743986bbf232e70000eca";"DTU Department of Technology, Management and Economics";"sorbit";"sorbit";"A new column generation-based heuristic for the 3D bin-packing problem|A new column generation-based heuristic for the 3D bin-packing problem"
"";"dtu|dtupub|third_party";"";"2022-01-03T13:12:54.515Z";"Miklos, Robert";"";"2306320547";"";"dtu";"2016";"";"";"";"";"thesis";"dtu|dtu_electronic|dtupub_external";"";"";"";"";"";"";"";"";"";"";"";"";"";"Elektrotek.|Master of Science in Electrical Engineering|Master of Science in Engineering|kandidat";"Elektrotek.|Master of Science in Electrical Engineering|Master of Science in Engineering|kandidat";"Elektrotek.|Master of Science in Electrical Engineering|Master of Science in Engineering|kandidat";"und";"577b935137562d157a0001fe";"";"577b935137562d157a0001fe";"DTU Department of Electrical Engineering";"sorbit";"sorbit";"Model predictive control of a spray dryer|Model prædiktiv regulering af en spraytørrer"
"";"dtu|dtupub|third_party";"";"2022-01-03T13:16:28.483Z";"Meyer, Kristian";"";"2307020181";"";"dtu";"2016";"";"";"";"";"thesis";"dtu|dtu_electronic|dtupub|dtupub_electronic";"";"";"";"";"";"";"";"";"";"";"";"";"";"Kemisk/biokemisk tek.|Master of Science in Chemical and Biochemical Engineering|Master of Science in Engineering|kandidat";"Kemisk/biokemisk tek.|Master of Science in Chemical and Biochemical Engineering|Master of Science in Engineering|kandidat";"Kemisk/biokemisk tek.|Master of Science in Chemical and Biochemical Engineering|Master of Science in Engineering|kandidat";"und";"57a1ceeb12855c654e0001c3";"";"57a1ceeb12855c654e0001c3";"DTU Department of Chemical and Biochemical Engineering";"sorbit";"sorbit";"Simulation tool development and control study of heat integrated distillation|Udvikling af processimulator og reguleringsstudie af varmeintegreret destillation."
"";"dtu|dtupub|third_party";"";"2022-01-03T13:08:59.750Z";"Svith, Casper Stryhn";"";"2306320412";"";"dtu";"2016";"";"";"";"";"thesis";"dtu|dtu_electronic|dtupub|dtupub_electronic";"";"";"";"";"";"";"";"";"";"";"";"";"";"Kemisk/biokemisk tek.|Master of Science in Chemical and Biochemical Engineering|Master of Science in Engineering|kandidat";"Kemisk/biokemisk tek.|Master of Science in Chemical and Biochemical Engineering|Master of Science in Engineering|kandidat";"Kemisk/biokemisk tek.|Master of Science in Chemical and Biochemical Engineering|Master of Science in Engineering|kandidat";"und";"577b934937562d157a00019e";"";"577b934937562d157a00019e";"DTU Department of Chemical and Biochemical Engineering";"sorbit";"sorbit";"Single particle modeling of RDF combustion|Modellering af enkelte partikler i affaldsforbrænding (RDF)"
"";"dtu|dtupub|third_party";"";"2022-01-03T13:07:31.987Z";"Kristensen, Claes Hammer";"";"2306791730";"";"dtu";"2016";"";"";"";"";"thesis";"dtu|dtu_electronic|dtupub|dtupub_electronic";"";"";"";"";"";"";"";"";"";"";"";"";"";"Design og inn.|Master of Science in Design and Innovation|Master of Science in Engineering|kandidat";"Design og inn.|Master of Science in Design and Innovation|Master of Science in Engineering|kandidat";"Design og inn.|Master of Science in Design and Innovation|Master of Science in Engineering|kandidat";"und";"579743d06bbf232e70001049";"";"579743d06bbf232e70001049";"DTU Department of Technology, Management and Economics";"sorbit";"sorbit";"Facilitation of healthcare data|Facilitering af data i sundhedsvæsnet"
"";"dtu|dtupub|third_party";"";"2022-01-06T23:53:58.906Z";"Kirchhübel, Denis";"";"2307019609";"";"dtu";"2016";"";"";"";"";"thesis";"dtu|dtu_electronic|dtupub|dtupub_electronic";"";"";"";"";"";"";"";"";"";"";"";"";"";"Elektrotek.|Master of Science in Electrical Engineering|Master of Science in Engineering|kandidat";"Elektrotek.|Master of Science in Electrical Engineering|Master of Science in Engineering|kandidat";"Elektrotek.|Master of Science in Electrical Engineering|Master of Science in Engineering|kandidat";"und";"57a1cebe12855c654e000007";"";"57a1cebe12855c654e000007";"DTU Department of Electrical Engineering";"sorbit";"sorbit";"Operational modes in Multilevel-Flow-Modeling|Operational modes i Multilevel-Flow-Modelering"
"";"dtu|dtupub|third_party";"";"2022-01-03T13:16:25.178Z";"Kollsker, Torkil|Wiboe, Martin Casper";"";"2305633473";"";"dtu";"2016";"";"";"";"";"thesis";"dtu|dtu_electronic|dtupub_external";"";"";"";"";"";"";"";"";"";"";"";"";"";"Master of Science in Engineering|Master of Science in Engineering Management|Master of Science in Mathematical Modelling and Computation|Mat. modellering|Planl. innovation og led.|kandidat";"Master of Science in Engineering|Master of Science in Engineering Management|Master of Science in Mathematical Modelling and Computation|Mat. modellering|Planl. innovation og led.|kandidat";"Master of Science in Engineering|Master of Science in Engineering Management|Master of Science in Mathematical Modelling and Computation|Mat. modellering|Planl. innovation og led.|kandidat";"und";"575ea777e6f951534a00f060";"";"575ea777e6f951534a00f060";"DTU Department of Technology, Management and Economics";"sorbit";"sorbit";"Algorithms For Optimized LEGO Sculpture Planning|Algoritmer til Optimeret LEGO Skulptur Planlægning"
"";"dtu|dtupub|third_party";"";"2022-01-03T13:16:31.393Z";"Hilmarsdóttir, Gudrún Svana";"";"2306791756";"";"dtu";"2016";"";"";"";"";"thesis";"dtu|dtu_electronic|dtupub_external";"";"";"";"";"";"";"";"";"";"";"";"";"";"Fødevareteknologi|Master of Science in Engineering|Master of Science in Food Technology|kandidat";"Fødevareteknologi|Master of Science in Engineering|Master of Science in Food Technology|kandidat";"Fødevareteknologi|Master of Science in Engineering|Master of Science in Food Technology|kandidat";"und";"579743e26bbf232e700010f0";"";"579743e26bbf232e700010f0";"DTU National Institute of Aquatic Resources";"sorbit";"sorbit";"Impact of broodstock diet on reproductive performance of male European eel|Effekt af opdrætsfoder pa fertiliteten hos hanner af Europæisk al"
"";"dtu|dtupub|third_party";"";"2022-01-03T13:16:39.155Z";"Andersen, Frederik Overgaard Allan|Breddam, Henrik Nissen";"";"2306782165";"";"dtu";"2016";"";"";"";"";"thesis";"dtu|dtu_electronic|dtupub_external";"";"";"";"";"";"";"";"";"";"";"";"";"";"Master of Science in Engineering|Master of Science in Engineering Management|Planl. innovation og led.|kandidat";"Master of Science in Engineering|Master of Science in Engineering Management|Planl. innovation og led.|kandidat";"Master of Science in Engineering|Master of Science in Engineering Management|Planl. innovation og led.|kandidat";"und";"5795f1c36bbf232e70000c53";"";"5795f1c36bbf232e70000c53";"DTU Department of Technology, Management and Economics";"sorbit";"sorbit";"Implementation of Decision Support Systems for Advanced Planning|Implementering af beslutningsstøttesystemer til avanceret planlægning"
"";"dtu|dtupub|third_party";"";"2022-01-03T13:08:41.065Z";"Meyer, Mette Marie|Borkhardt, Sarah";"";"2306782069";"";"dtu";"2016";"";"";"";"";"thesis";"dtu|dtu_electronic|dtupub|dtupub_electronic";"";"";"";"";"";"";"";"";"";"";"";"";"";"Design og inn.|Master of Science in Design and Innovation|Master of Science in Engineering|kandidat";"Design og inn.|Master of Science in Design and Innovation|Master of Science in Engineering|kandidat";"Design og inn.|Master of Science in Design and Innovation|Master of Science in Engineering|kandidat";"und";"5795f1be6bbf232e70000c38";"";"5795f1be6bbf232e70000c38";"DTU Department of Civil and Mechanical Engineering";"sorbit";"sorbit";"Development of a concept for flexible home offices|Udvikling af et koncept til fleksible hjemmearbejdspladser."
"";"dtu|dtupub|third_party";"";"2022-01-03T13:11:56.985Z";"Buchardt, Jens Christian";"";"2292735172";"";"dtu";"2015";"";"";"";"";"thesis";"dtu|dtu_electronic|dtupub|dtupub_electronic";"";"";"";"";"";"";"";"";"";"";"";"";"";"Byggetek.|Master of Science in Civil Engineering|Master of Science in Engineering|kandidat";"Byggetek.|Master of Science in Civil Engineering|Master of Science in Engineering|kandidat";"Byggetek.|Master of Science in Civil Engineering|Master of Science in Engineering|kandidat";"und";"56d754afbf19455102000338";"";"56d754afbf19455102000338";"DTU Department of Civil Engineering";"sorbit";"sorbit";"Face pressure management and Settlement Control during TBM Excavation|Gavltryk og sætninger under TBM udgravning"
"";"dtu|dtupub|third_party";"";"2022-01-03T13:15:25.891Z";"Wendt-Larsen, Mads Bjørn";"";"2292737372";"";"dtu";"2015";"";"";"";"";"thesis";"dtu|dtu_electronic|dtupub|dtupub_electronic";"";"";"";"";"";"";"";"";"";"";"";"";"";"Byggetek.|Master of Science in Civil Engineering|Master of Science in Engineering|kandidat";"Byggetek.|Master of Science in Civil Engineering|Master of Science in Engineering|kandidat";"Byggetek.|Master of Science in Civil Engineering|Master of Science in Engineering|kandidat";"und";"56d754babf1945510200099b";"";"56d754babf1945510200099b";"DTU Department of Civil Engineering";"sorbit";"sorbit";"Inverse Analysis for obtaining the ""true"" Stress-strain Relation in materials with Plastic Behaviour using simplified tests|Inverse analysis for obtaining the ""true"" stress-strain relation in materials with plastic behaviour using simplified tests"
"";"dtu|dtupub|third_party";"";"2022-01-03T13:15:53.768Z";"Jensen, Rasmus Hilbert";"";"2292736130";"";"dtu";"2015";"";"";"";"";"thesis";"dtu|dtu_electronic|dtupub_external";"";"";"";"";"";"";"";"";"";"";"";"";"";"Bioteknologi|Master of Science in Biotechnology|Master of Science in Engineering|kandidat";"Bioteknologi|Master of Science in Biotechnology|Master of Science in Engineering|kandidat";"Bioteknologi|Master of Science in Biotechnology|Master of Science in Engineering|kandidat";"und";"56d754b5bf1945510200060c";"";"56d754b5bf1945510200060c";"DTU Department of Biotechnology and Biomedicine";"sorbit";"sorbit";"Investigation of Streptococcus thermophilus Nitrogen Metabolism in pH Controlled Fermentation|Undersøgelse af nitrogenmetabolisme i Streptococcus thermophilus"
"";"dtu|dtupub|third_party";"";"2022-01-03T13:16:05.353Z";"Hofer, Louise Hededal";"";"2292735005";"";"dtu";"2015";"";"";"";"";"thesis";"dtu|dtu_electronic|dtupub|dtupub_electronic";"";"";"";"";"";"";"";"";"";"";"";"";"";"Fødevareteknologi|Master of Science in Engineering|Master of Science in Food Technology|kandidat";"Fødevareteknologi|Master of Science in Engineering|Master of Science in Food Technology|kandidat";"Fødevareteknologi|Master of Science in Engineering|Master of Science in Food Technology|kandidat";"und";"56d754aebf194551020002bb";"";"56d754aebf194551020002bb";"DTU DTU National Food Institute";"sorbit";"sorbit";"Stability of different pork cuts packed in modified atmospehere|Stabilitet af forskellige svinekøds udskæringer pakket i modificeret atmosfære"
"";"dtu|dtupub|third_party";"";"2022-01-03T13:16:17.020Z";"Madsen, Line Riis";"";"2292734168";"";"dtu";"2016";"";"";"";"";"thesis";"dtu|dtu_electronic|dtupub|dtupub_electronic";"";"";"";"";"";"";"";"";"";"";"";"";"";"Kemisk/biokemisk tek.|Master of Science in Chemical and Biochemical Engineering|Master of Science in Engineering|kandidat";"Kemisk/biokemisk tek.|Master of Science in Chemical and Biochemical Engineering|Master of Science in Engineering|kandidat";"Kemisk/biokemisk tek.|Master of Science in Chemical and Biochemical Engineering|Master of Science in Engineering|kandidat";"und";"56d754a9bf1945510200009a";"";"56d754a9bf1945510200009a";"DTU Department of Chemical and Biochemical Engineering";"sorbit";"sorbit";"The effect of entrapped air on drying droplets in a spray dryers|Indflydelse af medrevet luft pa drabers tørreforløb ved forstøvningstørring"
"";"dtu|dtupub|third_party";"";"2022-01-11T08:43:41.734Z";"Petersen, Christian Vitrup Rosé";"";"2306921493";"";"dtu";"2016";"";"";"";"";"thesis";"dtu|dtu_electronic|dtupub_external";"";"";"";"";"";"";"";"";"";"";"";"";"";"Bygningsdesign|Master of Science in Engineering|Master og Science in Architectural Engineering|kandidat";"Bygningsdesign|Master of Science in Engineering|Master og Science in Architectural Engineering|kandidat";"Bygningsdesign|Master of Science in Engineering|Master og Science in Architectural Engineering|kandidat";"und";"579dda7b6bbf232e7000169b";"";"579dda7b6bbf232e7000169b";"DTU Department of Civil Engineering";"sorbit";"sorbit";"Dimensioned indoor environment vs. measurements and investigation of how the quality of dynamic indoor environment simulations can be optimized|Dimensioneret indeklima vs. malinger og undersøgelse af hvordan kvaliteten af dynamiske indeklima simuleringer kan optimeres."
"";"dtu|dtupub|third_party";"";"2022-01-03T13:07:31.974Z";"Brøgger, David Jens Svane";"";"2306791720";"";"dtu";"2016";"";"";"";"";"thesis";"dtu|dtu_electronic|dtupub|dtupub_electronic";"";"";"";"";"";"";"";"";"";"";"";"";"";"Konst. og mekanik|Master of Science in Engineering|Master of Science in Engineering Design and Applied Mechanics|kandidat";"Konst. og mekanik|Master of Science in Engineering|Master of Science in Engineering Design and Applied Mechanics|kandidat";"Konst. og mekanik|Master of Science in Engineering|Master of Science in Engineering Design and Applied Mechanics|kandidat";"und";"579743c86bbf232e70001010";"";"579743c86bbf232e70001010";"DTU Department of Civil and Mechanical Engineering";"sorbit";"sorbit";"Topology optimization of Micro Electro Mechanical Systems (MEMS)|Topologioptimering af mikroelektromekaniske systemer (MEMS)"
"";"dtu|dtupub|third_party";"";"2022-01-03T13:09:01Z";"Dalegaard, Lasse Bang";"";"2343401644";"";"dtu";"2016";"";"";"";"";"thesis";"dtu|dtu_electronic|dtupub|dtupub_electronic";"";"";"";"";"";"";"";"";"";"";"";"";"";"Informationstek.|Master of Science in Computer Science and Engineering|Master of Science in Engineering|kandidat";"Informationstek.|Master of Science in Computer Science and Engineering|Master of Science in Engineering|kandidat";"Informationstek.|Master of Science in Computer Science and Engineering|Master of Science in Engineering|kandidat";"und";"57d92e392993be95730000ae";"";"57d92e392993be95730000ae";"DTU Department of Applied Mathematics and Computer Science";"sorbit";"sorbit";"Systematic problem detection in an ISP network|Systematisk fejldetektering i et ISP netværk"
"";"dtu|dtupub|third_party";"";"2022-01-03T13:12:17.550Z";"Lydom, Simon Ingvardt";"";"2292734464";"";"dtu";"2016";"";"";"";"";"thesis";"dtu|dtu_electronic|dtupub_external";"";"";"";"";"";"";"";"";"";"";"";"";"";"Kemisk/biokemisk tek.|Master of Science in Chemical and Biochemical Engineering|Master of Science in Engineering|kandidat";"Kemisk/biokemisk tek.|Master of Science in Chemical and Biochemical Engineering|Master of Science in Engineering|kandidat";"Kemisk/biokemisk tek.|Master of Science in Chemical and Biochemical Engineering|Master of Science in Engineering|kandidat";"und";"56d754abbf19455102000147";"";"56d754abbf19455102000147";"DTU Department of Chemical and Biochemical Engineering";"sorbit";"sorbit";"Emissions from Cement Production|Emission fra cement produktion"
"";"dtu|dtupub|third_party";"";"2022-01-03T13:11:34.623Z";"Pelivani, Jasmina";"";"2292736944";"";"dtu";"2015";"";"";"";"";"thesis";"dtu|dtu_electronic|dtupub|dtupub_electronic";"";"";"";"";"";"";"";"";"";"";"";"";"";"Informationstek.|Master of Science in Computer Science and Engineering|Master of Science in Engineering|kandidat";"Informationstek.|Master of Science in Computer Science and Engineering|Master of Science in Engineering|kandidat";"Informationstek.|Master of Science in Computer Science and Engineering|Master of Science in Engineering|kandidat";"und";"56d754b8bf1945510200081f";"";"56d754b8bf1945510200081f";"DTU Department of Applied Mathematics and Computer Science";"sorbit";"sorbit";"Focus Bracketing for Robust Visible Iris Recognition on Smartphones|Robust iris genkendelse med smart phones"
"";"dtu|dtupub|third_party";"";"2022-01-03T13:11:42.453Z";"Tsanaktsidou, Evgenia";"";"2292736999";"";"dtu";"2015";"";"";"";"";"thesis";"dtu|dtu_electronic|dtupub|dtupub_electronic";"";"";"";"";"";"";"";"";"";"";"";"";"";"Farmateknologi|Master of Science in Engineering|Master of Science in Pharmaceutical Design and Engineering|kandidat";"Farmateknologi|Master of Science in Engineering|Master of Science in Pharmaceutical Design and Engineering|kandidat";"Farmateknologi|Master of Science in Engineering|Master of Science in Pharmaceutical Design and Engineering|kandidat";"und";"56d754b9bf19455102000852";"";"56d754b9bf19455102000852";"DTU Department of Biotechnology and Biomedicine";"sorbit";"sorbit";"Discovery of bioactive microbial natural products|Opdagelse af bioaktive naturstoffer fra mikroorganismer"
"";"dtu|dtupub|third_party";"";"2022-01-06T23:53:47.431Z";"Bergstrand-Poulsen, Sanne";"";"2305633424";"";"dtu";"2016";"";"";"";"";"thesis";"dtu|dtu_electronic|dtupub|dtupub_electronic";"";"";"";"";"";"";"";"";"";"";"";"";"";"Master of Science in Engineering|Master of Science in Mathematical Modelling and Computation|Mat. modellering|kandidat";"Master of Science in Engineering|Master of Science in Mathematical Modelling and Computation|Mat. modellering|kandidat";"Master of Science in Engineering|Master of Science in Mathematical Modelling and Computation|Mat. modellering|kandidat";"und";"575ea6e0e6f951534a00e95b";"";"575ea6e0e6f951534a00e95b";"DTU Department of Applied Mathematics and Computer Science";"sorbit";"sorbit";"Refining protein homology models integrating coevolutional information and molecular dynamics|Brug af information fra koevolution og molekylær dynamik til forbedring af homologimodeller for proteiner"
"";"dtu|dtupub|third_party";"";"2022-01-03T13:15:25.041Z";"Hansen, Thomas Harries";"";"2292737522";"";"dtu";"2015";"";"";"";"";"thesis";"dtu|dtu_electronic|dtupub_external";"";"";"";"";"";"";"";"";"";"";"";"";"";"Elektrotek.|Master of Science in Electrical Engineering|Master of Science in Engineering|kandidat";"Elektrotek.|Master of Science in Electrical Engineering|Master of Science in Engineering|kandidat";"Elektrotek.|Master of Science in Electrical Engineering|Master of Science in Engineering|kandidat";"und";"56d754bbbf19455102000a0e";"";"56d754bbbf19455102000a0e";"DTU Department of Space Research and Space Technology";"sorbit";"sorbit";"Harmonic noise reduction in Doppler radar systems|Reducering af harmonisk støj i Doppler radar systemer"
"";"dtu|dtupub|third_party";"";"2022-01-03T13:12:23.301Z";"Ferfecki, Artur";"";"2292734633";"";"dtu";"2016";"";"";"";"";"thesis";"dtu|dtu_electronic|dtupub|dtupub_electronic";"";"";"";"";"";"";"";"";"";"";"";"";"";"Master of Science in Engineering|Master of Science in Materials and Manufacturing Engineering|Materialetek.|kandidat";"Master of Science in Engineering|Master of Science in Materials and Manufacturing Engineering|Materialetek.|kandidat";"Master of Science in Engineering|Master of Science in Materials and Manufacturing Engineering|Materialetek.|kandidat";"und";"56d754acbf194551020001af";"";"56d754acbf194551020001af";"DTU Department of Civil and Mechanical Engineering";"sorbit";"sorbit";"Surface asperity deformation at different levels of bulk deformation|Hyppedeformation ved forskellig grad af deformation under overfladen"
"";"dtu|dtupub|third_party";"";"2022-01-03T13:16:19.707Z";"Christensen, Erik Nicolai";"";"2305633373";"";"dtu";"2016";"";"";"";"";"thesis";"dtu|dtu_electronic|dtupub|dtupub_electronic";"";"";"";"";"";"";"";"";"";"";"";"";"";"Fysik og nanotek.|Master of Science in Engineering|Master of Science in Physics and Nanotechnology|kandidat";"Fysik og nanotek.|Master of Science in Engineering|Master of Science in Physics and Nanotechnology|kandidat";"Fysik og nanotek.|Master of Science in Engineering|Master of Science in Physics and Nanotechnology|kandidat";"und";"575ea65ee6f951534a00e343";"";"575ea65ee6f951534a00e343";"DTU Department of Electrical and Photonics Engineering";"sorbit";"sorbit";"Heralded single photon source using four-wave mixing|Styret enkelt fotons kilde ved fire bølge blanding"
"";"dtu|dtupub|third_party";"";"2022-01-03T13:11:38.798Z";"Esen, Osman";"";"2292735532";"";"dtu";"2015";"";"";"";"";"thesis";"dtu|dtu_electronic|dtupub|dtupub_electronic";"";"";"";"";"";"";"";"";"";"";"";"";"";"Master of Science in Engineering|Master of Science in Telecommunication|Telekom.|kandidat";"Master of Science in Engineering|Master of Science in Telecommunication|Telekom.|kandidat";"Master of Science in Engineering|Master of Science in Telecommunication|Telekom.|kandidat";"und";"56d754b1bf19455102000424";"";"56d754b1bf19455102000424";"DTU Department of Electrical and Photonics Engineering";"sorbit";"sorbit";"Indoor monitoring and localization tracking platform|Indendørs overvagning og lokalisationsbestemmelses platform"
"";"dtu|dtupub|third_party";"";"2022-01-03T13:11:37.527Z";"Shaker, Mustafa Nabil";"";"2292736970";"";"dtu";"2015";"";"";"";"";"thesis";"dtu|dtu_electronic|dtupub|dtupub_electronic";"";"";"";"";"";"";"";"";"";"";"";"";"";"Byggetek.|Master of Science in Civil Engineering|Master of Science in Engineering|kandidat";"Byggetek.|Master of Science in Civil Engineering|Master of Science in Engineering|kandidat";"Byggetek.|Master of Science in Civil Engineering|Master of Science in Engineering|kandidat";"und";"56d754b9bf19455102000837";"";"56d754b9bf19455102000837";"DTU Department of Civil Engineering";"sorbit";"sorbit";"Slotted Cold-formed Steel Members|Slidsede tyndvæggede stalprofiler"
"";"dtu|dtupub|third_party";"";"2022-01-03T13:11:42.723Z";"Liisberg, Jon Anders Reichert";"";"2292735475";"";"dtu";"2015";"";"";"";"";"thesis";"dtu|dtu_electronic|dtupub|dtupub_electronic";"";"";"";"";"";"";"";"";"";"";"";"";"";"Master of Science in Engineering|Master of Science in Mathematical Modelling and Computation|Mat. modellering|kandidat";"Master of Science in Engineering|Master of Science in Mathematical Modelling and Computation|Mat. modellering|kandidat";"Master of Science in Engineering|Master of Science in Mathematical Modelling and Computation|Mat. modellering|kandidat";"und";"56d754b1bf194551020003ec";"";"56d754b1bf194551020003ec";"DTU Department of Applied Mathematics and Computer Science";"sorbit";"sorbit";"Stochastic models for occupancy behavior|Stokastiske modeller for beboer adfærd"
"";"dtu|dtupub|third_party";"";"2022-01-03T13:15:47.692Z";"Salcuni, Gabriele";"";"2292735727";"";"dtu";"2015";"";"";"";"";"thesis";"dtu|dtu_electronic|dtupub|dtupub_electronic";"";"";"";"";"";"";"";"";"";"";"";"";"";"Bæredygtig energi|Master of Science in Engineering|Master of Science in Sustainable Energy|kandidat";"Bæredygtig energi|Master of Science in Engineering|Master of Science in Sustainable Energy|kandidat";"Bæredygtig energi|Master of Science in Engineering|Master of Science in Sustainable Energy|kandidat";"und";"56d754b3bf194551020004da";"";"56d754b3bf194551020004da";"DTU Department of Wind and Energy Systems";"sorbit";"sorbit";"Voltage stability support from wind and PV plants in power systems with high penetration of renewable generation|Spænding stabilitet støtte fra vind og solcelleanlæg i elsystemer med høj penetration af vedvarende generation"
"";"dtu|dtupub|third_party";"";"2022-01-03T13:16:03.874Z";"Aguilera, Lev Martinez";"";"2292735159";"";"dtu";"2015";"";"";"";"";"thesis";"dtu|dtu_electronic|dtupub|dtupub_electronic";"";"";"";"";"";"";"";"";"";"";"";"";"";"Bæredygtig energi|Master of Science in Engineering|Master of Science in Sustainable Energy|kandidat";"Bæredygtig energi|Master of Science in Engineering|Master of Science in Sustainable Energy|kandidat";"Bæredygtig energi|Master of Science in Engineering|Master of Science in Sustainable Energy|kandidat";"und";"56d754afbf19455102000329";"";"56d754afbf19455102000329";"DTU Department of Energy Conversion and Storage";"sorbit";"sorbit";"Electrochemical properties of mixed ionic-electronic conducting thin-film electrodes for solid oxide cells|Elektrokemiske egenskaber af tyndfilms elektroder lavet af blandede elektronisk-ionisk ledere anvendt til faststof oxid brændselsceller"
"";"dtu|dtupub|third_party";"";"2022-01-03T13:12:08.333Z";"Seridou, Petroula";"";"2292735121";"";"dtu";"2015";"";"";"";"";"thesis";"dtu|dtu_electronic|dtupub|dtupub_electronic";"";"";"";"";"";"";"";"";"";"";"";"";"";"Master of Science in Engineering|Master of Science in Environmental Engineering|Miljøteknologi|kandidat";"Master of Science in Engineering|Master of Science in Environmental Engineering|Miljøteknologi|kandidat";"Master of Science in Engineering|Master of Science in Environmental Engineering|Miljøteknologi|kandidat";"und";"56d754afbf19455102000309";"";"56d754afbf19455102000309";"DTU Department of Environmental and Resource Engineering";"sorbit";"sorbit";"Modelling primary and secondary metabolism in denitrifying moving bed biofilm reactors (MBBRs)|Modellering primær og sekundær metabolisme i denitrificerende moving bed biofilm reaktorer (MBBR)"
"";"dtu|dtupub|third_party";"";"2022-01-03T13:16:03.760Z";"Chen, Shiyu";"";"2292735254";"";"dtu";"2015";"";"";"";"";"thesis";"dtu|dtu_electronic|dtupub|dtupub_electronic";"";"";"";"";"";"";"";"";"";"";"";"";"";"Elektrotek.|Master of Science in Electrical Engineering|Master of Science in Engineering|kandidat";"Elektrotek.|Master of Science in Electrical Engineering|Master of Science in Engineering|kandidat";"Elektrotek.|Master of Science in Electrical Engineering|Master of Science in Engineering|kandidat";"und";"56d754b0bf19455102000366";"";"56d754b0bf19455102000366";"DTU Department of Electrical Engineering";"sorbit";"sorbit";"Evaluation of the impact of full converter wind turbine during faults on grid protections|Evaluering af indflydelsen af fuld-skala konverter vindmøller pa netværk beskyttelsen ved fejl"
"";"dtu|dtupub|third_party";"";"2022-01-03T13:15:49.284Z";"Stefanakis, Athanasios";"";"2292735527";"";"dtu";"2015";"";"";"";"";"thesis";"dtu|dtu_electronic|dtupub|dtupub_electronic";"";"";"";"";"";"";"";"";"";"";"";"";"";"Master of Science in Engineering|Master of Science in Petroleum Engineering|Olie- og gastek.|kandidat";"Master of Science in Engineering|Master of Science in Petroleum Engineering|Olie- og gastek.|kandidat";"Master of Science in Engineering|Master of Science in Petroleum Engineering|Olie- og gastek.|kandidat";"und";"56d754b1bf1945510200041d";"";"56d754b1bf1945510200041d";"DTU Department of Chemistry";"sorbit";"sorbit";"PVT in Shale Gas Production: Modelling and Simulation|PVT forhold i skifergasproduktion: Modellering og simulering"
"";"dtu|dtupub|third_party";"";"2022-01-03T13:15:55.978Z";"Yüksel, Serkan";"";"2292735080";"";"dtu";"2015";"";"";"";"";"thesis";"dtu|dtu_electronic|dtupub_external";"";"";"";"";"";"";"";"";"";"";"";"";"";"Master of Science in Engineering|Master of Science in Materials and Manufacturing Engineering|Materialetek.|kandidat";"Master of Science in Engineering|Master of Science in Materials and Manufacturing Engineering|Materialetek.|kandidat";"Master of Science in Engineering|Master of Science in Materials and Manufacturing Engineering|Materialetek.|kandidat";"und";"56d754afbf194551020002f0";"";"56d754afbf194551020002f0";"DTU Department of Civil and Mechanical Engineering";"sorbit";"sorbit";"Characterization of microstructure, mechanical, and corrosion properties of Al-TiO2 composites|Karakterisering af mikrostruktur, mekaniske, og korrosion egenskaber af Al-TiO2 kompositer"
"";"dtu|dtupub|third_party";"";"2022-01-03T13:16:01.643Z";"Jonas, Daniel";"";"2292735686";"";"dtu";"2015";"";"";"";"";"thesis";"dtu|dtu_electronic|dtupub_external";"";"";"";"";"";"";"";"";"";"";"";"";"";"Master of Science in Engineering|Master of Science in Petroleum Engineering|Olie- og gastek.|kandidat";"Master of Science in Engineering|Master of Science in Petroleum Engineering|Olie- og gastek.|kandidat";"Master of Science in Engineering|Master of Science in Petroleum Engineering|Olie- og gastek.|kandidat";"und";"56d754b2bf194551020004b7";"";"56d754b2bf194551020004b7";"DTU Department of Civil Engineering";"sorbit";"sorbit";"Combined interpretation of NMR Core and Logging data|Kombineret tolkning af NMR kerne- og loggingdata"
"";"dtu|dtupub|third_party";"";"2022-01-03T13:15:25.982Z";"Rasmussen, Patrick Bull Richmann";"";"2292737441";"";"dtu";"2015";"";"";"";"";"thesis";"dtu|dtu_electronic|dtupub|dtupub_electronic";"";"";"";"";"";"";"";"";"";"";"";"";"";"Anvendt kemi|Master of Science in Advanced and Applied Chemistry|Master of Science in Engineering|kandidat";"Anvendt kemi|Master of Science in Advanced and Applied Chemistry|Master of Science in Engineering|kandidat";"Anvendt kemi|Master of Science in Advanced and Applied Chemistry|Master of Science in Engineering|kandidat";"und";"56d754babf194551020009ce";"";"56d754babf194551020009ce";"DTU DTU National Food Institute";"sorbit";"sorbit";"Arsenic speciation in Italian mussels using HPLC-ICPMS|Arsen speciering i italienske muslinger ved brug af HPLC-ICPMS"
"";"dtu|dtupub|third_party";"";"2022-01-03T13:11:09.455Z";"Frimand, Emily Lise";"";"2292737667";"";"dtu";"2015";"";"";"";"";"thesis";"dtu|dtu_electronic|dtupub|dtupub_electronic";"";"";"";"";"";"";"";"";"";"";"";"";"";"Design og inn.|Master of Science in Design and Innovation|Master of Science in Engineering|kandidat";"Design og inn.|Master of Science in Design and Innovation|Master of Science in Engineering|kandidat";"Design og inn.|Master of Science in Design and Innovation|Master of Science in Engineering|kandidat";"und";"56d754bbbf19455102000aa4";"";"56d754bbbf19455102000aa4";"DTU Department of Applied Mathematics and Computer Science";"sorbit";"sorbit";"Eye tracking in the 3D scene - estimating user engagement|Eye tracking i 3D scener - estimering af bruger engagement"
"";"dtu|dtupub|third_party";"";"2022-01-03T13:15:54.902Z";"Baldursdóttir, Harpa";"";"2292735317";"";"dtu";"2015";"";"";"";"";"thesis";"dtu|dtu_electronic|dtupub|dtupub_electronic";"";"";"";"";"";"";"";"";"";"";"";"";"";"Master of Science in Engineering|Master of Science in Mathematical Modelling and Computation|Mat. modellering|kandidat";"Master of Science in Engineering|Master of Science in Mathematical Modelling and Computation|Mat. modellering|kandidat";"Master of Science in Engineering|Master of Science in Mathematical Modelling and Computation|Mat. modellering|kandidat";"und";"56d754b0bf19455102000389";"";"56d754b0bf19455102000389";"DTU Department of Technology, Management and Economics";"sorbit";"sorbit";"Liner Shipping Network Design|Liner shipping network design"
"";"dtu|dtupub|third_party";"";"2022-01-03T13:15:53.883Z";"Bjerg, Julie Evald";"";"2292735611";"";"dtu";"2015";"";"";"";"";"thesis";"dtu|dtu_electronic|dtupub|dtupub_electronic";"";"";"";"";"";"";"";"";"";"";"";"";"";"Master of Science in Engineering|Master of Science in Environmental Engineering|Miljøteknologi|kandidat";"Master of Science in Engineering|Master of Science in Environmental Engineering|Miljøteknologi|kandidat";"Master of Science in Engineering|Master of Science in Environmental Engineering|Miljøteknologi|kandidat";"und";"56d754b2bf19455102000472";"";"56d754b2bf19455102000472";"DTU Department of Environmental and Resource Engineering";"sorbit";"sorbit";"Coupling of weather forecasts and Smart-Grid Control of Wastewater Flow to Kolding Central WWTP|Koblingen af vejr prognose og SMART GRID-Styring af spildevandsflowet til Kolding Centrale Renseanlæg"
"";"dtu|dtupub|third_party";"";"2022-01-03T13:15:52.261Z";"Manez, Kevin Tomas";"";"2292735612";"";"dtu";"2015";"";"";"";"";"thesis";"dtu|dtu_electronic|dtupub|dtupub_electronic";"";"";"";"";"";"";"";"";"";"";"";"";"";"Elektrotek.|Master of Science in Electrical Engineering|Master of Science in Engineering|kandidat";"Elektrotek.|Master of Science in Electrical Engineering|Master of Science in Engineering|kandidat";"Elektrotek.|Master of Science in Electrical Engineering|Master of Science in Engineering|kandidat";"und";"56d754b2bf19455102000474";"";"56d754b2bf19455102000474";"DTU Department of Electrical Engineering";"sorbit";"sorbit";"High efficiency and low cost power converter for a doubly-fed SOEC/SOFC system|Højeffektiv, lavpris strømforsyning til en dobbelt-fed SOEC/SOFC-system"
"";"dtu|dtupub|third_party";"";"2022-01-03T13:16:19.811Z";"Shirvan, Farhad Hagh Panah";"";"2292734971";"";"dtu";"2015";"";"";"";"";"thesis";"dtu|dtu_electronic|dtupub|dtupub_electronic";"";"";"";"";"";"";"";"";"";"";"";"";"";"Master of Science in Engineering|Master of Science in Telecommunication|Telekom.|kandidat";"Master of Science in Engineering|Master of Science in Telecommunication|Telekom.|kandidat";"Master of Science in Engineering|Master of Science in Telecommunication|Telekom.|kandidat";"und";"56d754aebf194551020002a6";"";"56d754aebf194551020002a6";"DTU Department of Electrical and Photonics Engineering";"sorbit";"sorbit";"Radio over Fiber Fronthaul design for 5G mobile networks|Radio over Fiber Fronthaul design til 5G mobilnet"
"";"dtu|dtupub|third_party";"";"2022-01-03T13:12:16.665Z";"Ertem, Sercan";"";"2292735113";"";"dtu";"2015";"";"";"";"";"thesis";"dtu|dtu_electronic|dtupub|dtupub_electronic";"";"";"";"";"";"";"";"";"";"";"";"";"";"Master of Science in Engineering|Master of Science in Wind Energy|Vindenergi|kandidat";"Master of Science in Engineering|Master of Science in Wind Energy|Vindenergi|kandidat";"Master of Science in Engineering|Master of Science in Wind Energy|Vindenergi|kandidat";"und";"56d754afbf19455102000304";"";"56d754afbf19455102000304";"DTU Department of Wind and Energy Systems";"sorbit";"sorbit";"Design of Vertical Axis Wind Turbine Airfoils with Flaps|Design af vingeprofiler med bagkantsflapper til vertikalaksede møller"
"";"dtu|dtupub|third_party";"";"2022-01-03T13:16:17.079Z";"Jensen, Asbjørn Kirk";"";"2305633344";"";"dtu";"2016";"";"";"";"";"thesis";"dtu|dtu_electronic|dtupub|dtupub_electronic";"";"";"";"";"";"";"";"";"";"";"";"";"";"Byggetek.|Master of Science in Civil Engineering|Master of Science in Engineering|kandidat";"Byggetek.|Master of Science in Civil Engineering|Master of Science in Engineering|kandidat";"Byggetek.|Master of Science in Civil Engineering|Master of Science in Engineering|kandidat";"und";"575ea5ede6f951534a00de43";"";"575ea5ede6f951534a00de43";"DTU Department of Civil Engineering";"sorbit";"sorbit";"Compression Strength of Reinforced Concrete Disks Pre-cracked in the Transverse Direction|Trykstyrken af revnede betonskiver"
"";"dtu|dtupub|third_party";"";"2022-01-03T13:12:47.407Z";"Zaatari, Ahmad Daniel";"";"2305633509";"";"dtu";"2016";"";"";"";"";"thesis";"dtu|dtu_electronic|dtupub|dtupub_electronic";"";"";"";"";"";"";"";"";"";"";"";"";"";"Byggetek.|Master of Science in Civil Engineering|Master of Science in Engineering|kandidat";"Byggetek.|Master of Science in Civil Engineering|Master of Science in Engineering|kandidat";"Byggetek.|Master of Science in Civil Engineering|Master of Science in Engineering|kandidat";"und";"575ea7aee6f951534a00f2ce";"";"575ea7aee6f951534a00f2ce";"DTU Department of Civil Engineering";"sorbit";"sorbit";"Structural design of Axelborg High--rise|Structural design of Axelborg High--rise"
"";"dtu|dtupub|third_party";"";"2022-01-03T13:12:06.256Z";"Andersen, Lærke|Larsen, Nanna Brøgger";"";"2292736368";"";"dtu";"2015";"";"";"";"";"thesis";"dtu|dtu_electronic|dtupub|dtupub_electronic";"";"";"";"";"";"";"";"";"";"";"";"";"";"Bygningsdesign|Master of Science in Engineering|Master og Science in Architectural Engineering|kandidat";"Bygningsdesign|Master of Science in Engineering|Master og Science in Architectural Engineering|kandidat";"Bygningsdesign|Master of Science in Engineering|Master og Science in Architectural Engineering|kandidat";"und";"56d754b6bf19455102000698";"";"56d754b6bf19455102000698";"DTU Department of Civil Engineering";"sorbit";"sorbit";"Evaluation of Indoor Climate in Danish Schools|Vurdering af indeklima i danske folkeskoler"
"";"dtu|dtupub|third_party";"";"2022-01-03T13:15:26.194Z";"Gade, Kasper Hindborg";"";"2292737556";"";"dtu";"2015";"";"";"";"";"thesis";"dtu|dtu_electronic|dtupub|dtupub_electronic";"";"";"";"";"";"";"";"";"";"";"";"";"";"Konst. og mekanik|Master of Science in Engineering|Master of Science in Engineering Design and Applied Mechanics|kandidat";"Konst. og mekanik|Master of Science in Engineering|Master of Science in Engineering Design and Applied Mechanics|kandidat";"Konst. og mekanik|Master of Science in Engineering|Master of Science in Engineering Design and Applied Mechanics|kandidat";"und";"56d754bbbf19455102000a34";"";"56d754bbbf19455102000a34";"DTU Department of Civil and Mechanical Engineering";"sorbit";"sorbit";"Design of Turbo-Expander Supported by Active Magnetic Bearings|Design af Turbo-Expander Understøttet af Aktiv Magnet Leje"
"";"dtu|dtupub|third_party";"";"2022-01-03T13:15:45.210Z";"Nonu, Nicolae Rares";"";"2292737216";"";"dtu";"2015";"";"";"";"";"thesis";"dtu|dtu_electronic|dtupub_external";"";"";"";"";"";"";"";"";"";"";"";"";"";"Byggetek.|Master of Science in Civil Engineering|Master of Science in Engineering|kandidat";"Byggetek.|Master of Science in Civil Engineering|Master of Science in Engineering|kandidat";"Byggetek.|Master of Science in Civil Engineering|Master of Science in Engineering|kandidat";"und";"56d754babf19455102000917";"";"56d754babf19455102000917";"DTU Department of Civil Engineering";"sorbit";"sorbit";"Odense Koncert & Theater Hall, Structural Design|Odense musik- og teaterhus; statik"
"";"dtu|dtupub|third_party";"";"2022-01-03T13:15:45.711Z";"Nissen, Casper Aas";"";"2292737229";"";"dtu";"2015";"";"";"";"";"thesis";"dtu|dtu_electronic|dtupub|dtupub_electronic";"";"";"";"";"";"";"";"";"";"";"";"";"";"Bygningsdesign|Master of Science in Engineering|Master og Science in Architectural Engineering|kandidat";"Bygningsdesign|Master of Science in Engineering|Master og Science in Architectural Engineering|kandidat";"Bygningsdesign|Master of Science in Engineering|Master og Science in Architectural Engineering|kandidat";"und";"56d754babf19455102000925";"";"56d754babf19455102000925";"DTU Department of Civil Engineering";"sorbit";"sorbit";"Analysis of Rockwool Sandwich Construction System|Analyse af Rockwool sandwich byggesystem"
"";"dtu|dtupub|third_party";"";"2022-01-03T13:15:43.978Z";"Thomsen, Maria Eckhart";"";"2292735435";"";"dtu";"2015";"";"";"";"";"thesis";"dtu|dtu_electronic|dtupub|dtupub_electronic";"";"";"";"";"";"";"";"";"";"";"";"";"";"Farmateknologi|Master of Science in Engineering|Master of Science in Pharmaceutical Design and Engineering|kandidat";"Farmateknologi|Master of Science in Engineering|Master of Science in Pharmaceutical Design and Engineering|kandidat";"Farmateknologi|Master of Science in Engineering|Master of Science in Pharmaceutical Design and Engineering|kandidat";"und";"56d754b0bf194551020003c9";"";"56d754b0bf194551020003c9";"DTU National Veterinary Institute";"sorbit";"sorbit";"Development of ligand-based luminescent oxygen channeling immunoassay (LOCI) for quantification of C reactive protein|Development of ligand-based luminescent oxygen channeling immunoassay (LOCI) for quantification of C reactive protein"
"";"dtu|dtupub|third_party";"";"2022-01-03T13:11:10.930Z";"Carvalho, Nuno Josué Ribeiro Dias Feliciano de";"";"2292735782";"";"dtu";"2015";"";"";"";"";"thesis";"dtu|dtu_electronic|dtupub_external";"";"";"";"";"";"";"";"";"";"";"";"";"";"Elektrotek.|Master of Science in Electrical Engineering|Master of Science in Engineering|kandidat";"Elektrotek.|Master of Science in Electrical Engineering|Master of Science in Engineering|kandidat";"Elektrotek.|Master of Science in Electrical Engineering|Master of Science in Engineering|kandidat";"und";"56d754b3bf19455102000508";"";"56d754b3bf19455102000508";"DTU Department of Electrical Engineering";"sorbit";"sorbit";"A benchmark study to evaluate local voltage regulation solutions|Et benchmark studie for evaluering af løsninger til lokal spændingsregulering"
"";"dtu|dtupub|third_party";"";"2022-01-03T13:16:18.377Z";"Thomsen, Kristian Ryder";"";"2292734031";"";"dtu";"2016";"";"";"";"";"thesis";"dtu|dtu_electronic|dtupub|dtupub_electronic";"";"";"";"";"";"";"";"";"";"";"";"";"";"Master of Science in Engineering|Master of Science in Mathematical Modelling and Computation|Mat. modellering|kandidat";"Master of Science in Engineering|Master of Science in Mathematical Modelling and Computation|Mat. modellering|kandidat";"Master of Science in Engineering|Master of Science in Mathematical Modelling and Computation|Mat. modellering|kandidat";"und";"56d754a8bf19455102000032";"";"56d754a8bf19455102000032";"DTU Department of Applied Mathematics and Computer Science";"sorbit";"sorbit";"Combined 3D, multispectral, and fluorescence imaging through design of an integrated structural light scanner|Kombineret 3D, multispectral, og fluorescens billeddannelse via design af en struktureret lys skanner"
"";"dtu|dtupub|third_party";"";"2022-01-03T13:16:19.799Z";"Scott, Søren Bertelsen";"";"2305633385";"";"dtu";"2016";"";"";"";"";"thesis";"dtu|dtu_electronic|dtupub|dtupub_electronic";"";"";"";"";"";"";"";"";"";"";"";"";"";"Kemisk/biokemisk tek.|Master of Science in Chemical and Biochemical Engineering|Master of Science in Engineering|kandidat";"Kemisk/biokemisk tek.|Master of Science in Chemical and Biochemical Engineering|Master of Science in Engineering|kandidat";"Kemisk/biokemisk tek.|Master of Science in Chemical and Biochemical Engineering|Master of Science in Engineering|kandidat";"und";"575ea67ce6f951534a00e494";"";"575ea67ce6f951534a00e494";"DTU Department of Physics";"sorbit";"sorbit";"Investigating the electrocatalytic reduction of carbon dioxide using in situ mass spectrometry|Anvendelse af in situ massespektrometri til undersøgelse af elektrokatalytisk reduktion af kuldioxid"
"";"dtu|dtupub|third_party";"";"2022-01-03T13:12:28.434Z";"Zdyb, Franciszek Olaf";"";"2305633391";"";"dtu";"2016";"";"";"";"";"thesis";"dtu|dtu_electronic|dtupub|dtupub_electronic";"";"";"";"";"";"";"";"";"";"";"";"";"";"Master of Science in Engineering|Master of Science in Mathematical Modelling and Computation|Mat. modellering|kandidat";"Master of Science in Engineering|Master of Science in Mathematical Modelling and Computation|Mat. modellering|kandidat";"Master of Science in Engineering|Master of Science in Mathematical Modelling and Computation|Mat. modellering|kandidat";"und";"575ea697e6f951534a00e5bb";"";"575ea697e6f951534a00e5bb";"DTU Department of Applied Mathematics and Computer Science";"sorbit";"sorbit";"Machine learning for analysis of EEG signals|Machine learning til fortolkning af EEG signaler"
"";"dtu|dtupub|third_party";"";"2022-01-03T13:15:53.462Z";"Li, Baolong";"";"2292735284";"";"dtu";"2015";"";"";"";"";"thesis";"dtu|dtu_electronic|dtupub_external";"";"";"";"";"";"";"";"";"";"";"";"";"";"Elektrotek.|Master of Science in Electrical Engineering|Master of Science in Engineering|kandidat";"Elektrotek.|Master of Science in Electrical Engineering|Master of Science in Engineering|kandidat";"Elektrotek.|Master of Science in Electrical Engineering|Master of Science in Engineering|kandidat";"und";"56d754b0bf19455102000378";"";"56d754b0bf19455102000378";"DTU Department of Electrical Engineering";"sorbit";"sorbit";"Design of an Integrated Power Amplfier in HBT Technology for Handsets|Design af en integreret effektforstærker i HBT teknologi til handholdte enheder"
"";"dtu|dtupub|third_party";"";"2022-01-03T13:12:16.664Z";"Miesner, Anna Katharina";"";"2292735079";"";"dtu";"2015";"";"";"";"";"thesis";"dtu|dtu_electronic|dtupub|dtupub_electronic";"";"";"";"";"";"";"";"";"";"";"";"";"";"Akvatisk teknologi|Master in Science in Aquatic Science and Technology|Master of Science in Engineering|kandidat";"Akvatisk teknologi|Master in Science in Aquatic Science and Technology|Master of Science in Engineering|kandidat";"Akvatisk teknologi|Master in Science in Aquatic Science and Technology|Master of Science in Engineering|kandidat";"und";"56d754afbf194551020002ef";"";"56d754afbf194551020002ef";"DTU National Institute of Aquatic Resources";"sorbit";"sorbit";"Environmental determinates of blue whiting (Micromesistius poutassou) spawning distributions|Faktorer som bestemmer bla hviling (Micromesistius poutassou) gydeomrader"
"";"dtu|dtupub|third_party";"";"2022-01-03T13:06:38.899Z";"Petersen, Jón Koytu";"";"2306906869";"";"dtu";"2016";"";"";"";"";"thesis";"dtu|dtu_electronic|dtupub_external";"";"";"";"";"";"";"";"";"";"";"";"";"";"Byggetek.|Master of Science in Civil Engineering|Master of Science in Engineering|kandidat";"Byggetek.|Master of Science in Civil Engineering|Master of Science in Engineering|kandidat";"Byggetek.|Master of Science in Civil Engineering|Master of Science in Engineering|kandidat";"und";"579c88c16bbf232e7000125f";"";"579c88c16bbf232e7000125f";"DTU Department of Civil Engineering";"sorbit";"sorbit";"Use of photogrammetry to register the air void structure in concrete|Brug af fotogrammetri til maling af betons luftporestruktur"
"";"dtu|dtupub|third_party";"";"2022-01-03T13:08:05.736Z";"Charalampidis, Angelos";"";"2328003923";"";"dtu";"2016";"";"";"";"";"thesis";"dtu|dtu_electronic|dtupub|dtupub_electronic";"";"";"";"";"";"";"";"";"";"";"";"";"";"Bioteknologi|Master of Science in Biotechnology|Master of Science in Engineering|kandidat";"Bioteknologi|Master of Science in Biotechnology|Master of Science in Engineering|kandidat";"Bioteknologi|Master of Science in Biotechnology|Master of Science in Engineering|kandidat";"und";"57b2f23e272bfcc230000005";"";"57b2f23e272bfcc230000005";"DTU DTU National Food Institute";"sorbit";"sorbit";"Separation of protein from brewers spent grains|Oprensning af proteiner fra mask"
"";"dtu|dtupub|third_party";"";"2022-01-03T13:07:26.536Z";"Honore, Rasmus Emil";"";"2306791763";"";"dtu";"2016";"";"";"";"";"thesis";"dtu|dtu_electronic|dtupub_external";"";"";"";"";"";"";"";"";"";"";"";"";"";"Master of Science in Engineering|Master of Science in Telecommunication|Telekom.|kandidat";"Master of Science in Engineering|Master of Science in Telecommunication|Telekom.|kandidat";"Master of Science in Engineering|Master of Science in Telecommunication|Telekom.|kandidat";"und";"579743e76bbf232e70001115";"";"579743e76bbf232e70001115";"DTU Department of Electrical and Photonics Engineering";"sorbit";"sorbit";"Optical Receivers with Avalanche Photodiodes|Optiske modtagere med avalanche fotodioder"
"";"dtu|dtupub|third_party";"";"2022-01-03T13:13:01.960Z";"Tauby, Christina|Heigren, Lasse";"";"2306782151";"";"dtu";"2016";"";"";"";"";"thesis";"dtu|dtu_electronic|dtupub_external";"";"";"";"";"";"";"";"";"";"";"";"";"";"Design og inn.|Master of Science in Design and Innovation|Master of Science in Engineering|kandidat";"Design og inn.|Master of Science in Design and Innovation|Master of Science in Engineering|kandidat";"Design og inn.|Master of Science in Design and Innovation|Master of Science in Engineering|kandidat";"und";"5795f1c26bbf232e70000c46";"";"5795f1c26bbf232e70000c46";"DTU Department of Civil and Mechanical Engineering";"sorbit";"sorbit";"Development of a new medical architecture at Labflex A/S|Udvikling af ny medico-arkitektur ved Labflex A/S"
"";"dtu|dtupub|third_party";"";"2022-01-03T13:07:20.189Z";"Chatzidiakos, Angelos";"";"2306781439";"";"dtu";"2016";"";"";"";"";"thesis";"dtu|dtu_electronic|dtupub|dtupub_electronic";"";"";"";"";"";"";"";"";"";"";"";"";"";"Bæredygtig energi|Master of Science in Engineering|Master of Science in Sustainable Energy|kandidat";"Bæredygtig energi|Master of Science in Engineering|Master of Science in Sustainable Energy|kandidat";"Bæredygtig energi|Master of Science in Engineering|Master of Science in Sustainable Energy|kandidat";"und";"5795f1806bbf232e70000a80";"";"5795f1806bbf232e70000a80";"DTU Department of Civil Engineering";"sorbit";"sorbit";"CFD calculations for solar water pond heat storages|CFD beregninger vedrørende damvarmelagre for solvarmecentraler"
"";"dtu|dtupub|third_party";"";"2022-01-03T13:16:14.450Z";"Nielsen, Jacob Obitsø";"";"2305633453";"";"dtu";"2016";"";"";"";"";"thesis";"dtu|dtu_electronic|dtupub|dtupub_electronic";"";"";"";"";"";"";"";"";"";"";"";"";"";"Master of Science in Engineering|Master of Science in Materials and Manufacturing Engineering|Materialetek.|kandidat";"Master of Science in Engineering|Master of Science in Materials and Manufacturing Engineering|Materialetek.|kandidat";"Master of Science in Engineering|Master of Science in Materials and Manufacturing Engineering|Materialetek.|kandidat";"und";"575ea738e6f951534a00edad";"";"575ea738e6f951534a00edad";"DTU Department of Civil and Mechanical Engineering";"sorbit";"sorbit";"Material characterization of electroplated steel coatings|Materialekarakterisering af elektrolytisk forstalede overflader"
"";"dtu|dtupub|third_party";"";"2022-01-03T13:08:17.619Z";"Katsaros, Anastasios";"";"2306781413";"";"dtu";"2016";"";"";"";"";"thesis";"dtu|dtu_electronic|dtupub|dtupub_electronic";"";"";"";"";"";"";"";"";"";"";"";"";"";"Bæredygtig energi|Master of Science in Engineering|Master of Science in Sustainable Energy|kandidat";"Bæredygtig energi|Master of Science in Engineering|Master of Science in Sustainable Energy|kandidat";"Bæredygtig energi|Master of Science in Engineering|Master of Science in Sustainable Energy|kandidat";"und";"5795f1656bbf232e70000995";"";"5795f1656bbf232e70000995";"DTU Department of Civil and Mechanical Engineering";"sorbit";"sorbit";"Heat pump cycle configuration for seawater source|Proceskonfiguration for varmepumper med havvand som varmekilde"
"";"dtu|dtupub|third_party";"";"2022-01-03T13:12:56.713Z";"Rasmussen, Jeppe Bredahl|Svarrer, Rasmus Fiil";"";"2306312381";"";"dtu";"2016";"";"";"";"";"thesis";"dtu|dtu_electronic|dtupub_external";"";"";"";"";"";"";"";"";"";"";"";"";"";"Design og inn.|Master of Science in Design and Innovation|Master of Science in Engineering|kandidat";"Design og inn.|Master of Science in Design and Innovation|Master of Science in Engineering|kandidat";"Design og inn.|Master of Science in Design and Innovation|Master of Science in Engineering|kandidat";"und";"577a423c37562d157a0000f3";"";"577a423c37562d157a0000f3";"DTU Department of Technology, Management and Economics";"sorbit";"sorbit";"Product Configuration in altan.dk|Produktkonfigurering i altan.dk"
"";"dtu|dtupub|third_party";"";"2022-01-03T13:11:51.829Z";"Nielsen, Philip Rønne|Jensen, Mikael";"";"2292736212";"";"dtu";"2015";"";"";"";"";"thesis";"dtu|dtu_electronic|dtupub_external";"";"";"";"";"";"";"";"";"";"";"";"";"";"Master of Science in Engineering|Master of Science in Engineering Management|Planl. innovation og led.|kandidat";"Master of Science in Engineering|Master of Science in Engineering Management|Planl. innovation og led.|kandidat";"Master of Science in Engineering|Master of Science in Engineering Management|Planl. innovation og led.|kandidat";"und";"56d754b5bf19455102000641";"";"56d754b5bf19455102000641";"DTU Department of Technology, Management and Economics";"sorbit";"sorbit";"Economical Factors for Quality Control in a Product Flow|Økonomiske faktorer vedr. kvalitetskontrol I et vareflow"
"";"dtu|dtupub|third_party";"";"2022-01-03T13:15:58.531Z";"Rasmussen, Rasmus Mathias Fisker|Strøm, Simon Fisker";"";"2292736391";"";"dtu";"2015";"";"";"";"";"thesis";"dtu|dtu_electronic|dtupub_external";"";"";"";"";"";"";"";"";"";"";"";"";"";"Design og inn.|Master of Science in Design and Innovation|Master of Science in Engineering|kandidat";"Design og inn.|Master of Science in Design and Innovation|Master of Science in Engineering|kandidat";"Design og inn.|Master of Science in Design and Innovation|Master of Science in Engineering|kandidat";"und";"56d754b6bf194551020006a3";"";"56d754b6bf194551020006a3";"DTU Department of Civil and Mechanical Engineering";"sorbit";"sorbit";"Development of Platform-based Architecture for Medical Devices at Kivex Biotech A/S|Udvikling af ny platforms-baseret arkitektur for medicinsk udstyr ved Kirvex Biotech A/S"
"";"dtu|dtupub|third_party";"";"2022-01-03T13:12:12.041Z";"Ramirez, Pablo Juan Spiegelberg";"";"2292735168";"";"dtu";"2015";"";"";"";"";"thesis";"dtu|dtu_electronic|dtupub|dtupub_electronic";"";"";"";"";"";"";"";"";"";"";"";"";"";"gæst udl.";"gæst udl.";"gæst udl.";"und";"56d754afbf19455102000332";"";"56d754afbf19455102000332";"DTU Department of Electrical Engineering";"sorbit";"sorbit";"Automation of Honey Production|Automatisering af honningproduktion"
"";"dtu|dtupub|third_party";"";"2022-01-03T13:08:52.525Z";"Jørgensen, Stine Louise";"";"2292737796";"";"dtu";"2015";"";"";"";"";"thesis";"dtu|dtu_electronic|dtupub_external";"";"";"";"";"";"";"";"";"";"";"";"";"";"Bioteknologi|Master of Science in Biotechnology|Master of Science in Engineering|kandidat";"Bioteknologi|Master of Science in Biotechnology|Master of Science in Engineering|kandidat";"Bioteknologi|Master of Science in Biotechnology|Master of Science in Engineering|kandidat";"und";"56d754bcbf19455102000b20";"";"56d754bcbf19455102000b20";"DTU Department of Chemical and Biochemical Engineering";"sorbit";"sorbit";"Characterization of pretreatment liquor oligosaccharides|Karakterisering af pretreatment liquor oligosakkarider"
"";"dtu|dtupub|third_party";"";"2022-01-03T13:08:06.719Z";"Perez, Jose Antonio";"";"2350330254";"";"dtu";"2016";"";"";"";"";"thesis";"dtu|dtu_electronic|dtupub_external";"";"";"";"";"";"";"";"";"";"";"";"";"";"Master of Science in Engineering|Master of Science in Petroleum Engineering|Olie- og gastek.|kandidat";"Master of Science in Engineering|Master of Science in Petroleum Engineering|Olie- og gastek.|kandidat";"Master of Science in Engineering|Master of Science in Petroleum Engineering|Olie- og gastek.|kandidat";"und";"58679dd3517181c45e000026";"";"58679dd3517181c45e000026";"DTU Department of Civil and Mechanical Engineering";"sorbit";"sorbit";"Measurement of loads on a cased string during horizontal drilling - design of a drifting measuring tool|Maling af mekaniske belastninger pa boreværktøj under horisontal boring - design af fleksibelt maleværktøj"
"";"dtu|dtupub|third_party";"";"2022-01-03T13:16:33.468Z";"Hlásková, Zuzana";"";"2306782604";"";"dtu";"2016";"";"";"";"";"thesis";"dtu|dtu_electronic|dtupub|dtupub_electronic";"";"";"";"";"";"";"";"";"";"";"";"";"";"Anvendt kemi|Master of Science in Advanced and Applied Chemistry|Master of Science in Engineering|kandidat";"Anvendt kemi|Master of Science in Advanced and Applied Chemistry|Master of Science in Engineering|kandidat";"Anvendt kemi|Master of Science in Advanced and Applied Chemistry|Master of Science in Engineering|kandidat";"und";"5795f1da6bbf232e70000d5f";"";"5795f1da6bbf232e70000d5f";"DTU Department of Micro- and Nanotechnology";"sorbit";"sorbit";"Formulation of Antibiotics using Bioresponsive Liposomes|Formulering af antibiotika i bioresponsive liposomer"
"";"dtu|dtupub|third_party";"";"2022-01-03T13:06:23.780Z";"Kostakis, Vaios";"";"2341518534";"";"dtu";"2016";"";"";"";"";"thesis";"dtu|dtu_electronic|dtupub|dtupub_electronic";"";"";"";"";"";"";"";"";"";"";"";"";"";"Akustisk tek.|Master of Science in Engineering|Master of Science in Engineering Acoustics|kandidat";"Akustisk tek.|Master of Science in Engineering|Master of Science in Engineering Acoustics|kandidat";"Akustisk tek.|Master of Science in Engineering|Master of Science in Engineering Acoustics|kandidat";"und";"57b6e6c23e47d6ad77000021";"";"57b6e6c23e47d6ad77000021";"DTU Department of Electrical Engineering";"sorbit";"sorbit";"Spherical array processing for sound field rendering|Sfærisk array signalbehandling til reproduktion of lydfelter"
"";"dtu|dtupub|third_party";"";"2022-01-06T23:53:52.779Z";"Friis, Mads Radmer|Bommersholdt, Jakob Ladefoged";"";"2351661158";"";"dtu";"2016";"";"";"";"";"thesis";"dtu|dtu_electronic|dtupub|dtupub_electronic";"";"";"";"";"";"";"";"";"";"";"";"";"";"Master of Science in Engineering|Master of Science in Transportation and Logistics|Transp. og logistik|kandidat";"Master of Science in Engineering|Master of Science in Transportation and Logistics|Transp. og logistik|kandidat";"Master of Science in Engineering|Master of Science in Transportation and Logistics|Transp. og logistik|kandidat";"und";"589045795460241149000084";"";"589045795460241149000084";"DTU Department of Technology, Management and Economics";"sorbit";"sorbit";"Decision making tool for future sustainable bicycle friendly cities|Beslutningsværktøj til fremtidens bæredygtige cykelbyer"
"";"dtu|dtupub|third_party";"";"2022-01-03T13:07:31.951Z";"Svendsen, Daniel Heestermans";"";"2306791705";"";"dtu";"2016";"";"";"";"";"thesis";"dtu|dtu_electronic|dtupub|dtupub_electronic";"";"";"";"";"";"";"";"";"";"";"";"";"";"Master of Science in Engineering|Master of Science in Mathematical Modelling and Computation|Mat. modellering|kandidat";"Master of Science in Engineering|Master of Science in Mathematical Modelling and Computation|Mat. modellering|kandidat";"Master of Science in Engineering|Master of Science in Mathematical Modelling and Computation|Mat. modellering|kandidat";"und";"579743b36bbf232e70000f5c";"";"579743b36bbf232e70000f5c";"DTU Department of Applied Mathematics and Computer Science";"sorbit";"sorbit";"Modeling Dynamic Communities in Complex Networks|Modellering af Dynamiske Communities i Komplekse Netværk"
"";"dtu|dtupub|third_party";"";"2022-01-03T13:07:18.442Z";"Danielsen, Christian de Fries|Joensen, Rói Dam";"";"2313645349";"";"dtu";"2016";"";"";"";"";"thesis";"dtu|dtu_electronic|dtupub_external";"";"";"";"";"";"";"";"";"";"";"";"";"";"Informationstek.|Master of Science in Computer Science and Engineering|Master of Science in Engineering|kandidat";"Informationstek.|Master of Science in Computer Science and Engineering|Master of Science in Engineering|kandidat";"Informationstek.|Master of Science in Computer Science and Engineering|Master of Science in Engineering|kandidat";"und";"57ab09423fec415c3b000088";"";"57ab09423fec415c3b000088";"DTU Department of Applied Mathematics and Computer Science";"sorbit";"sorbit";"Human Mobility Patterns at Large-scale Events|Analyse af Menneskers Kollektive Bevægelsesmønstre."
"";"dtu|dtupub|third_party";"";"2022-01-03T13:08:05.769Z";"Mondet, Boris Jean-Francois";"";"2343401657";"";"dtu";"2016";"";"";"";"";"thesis";"dtu|dtu_electronic|dtupub|dtupub_electronic";"";"";"";"";"";"";"";"";"";"";"";"";"";"Akustisk tek.|Master of Science in Engineering|Master of Science in Engineering Acoustics|kandidat";"Akustisk tek.|Master of Science in Engineering|Master of Science in Engineering Acoustics|kandidat";"Akustisk tek.|Master of Science in Engineering|Master of Science in Engineering Acoustics|kandidat";"und";"57d92e3a2993be95730000b7";"";"57d92e3a2993be95730000b7";"DTU Department of Electrical Engineering";"sorbit";"sorbit";"Optimization of well-based diffuser design|Optimering af brønd-baserede diffuser design"
"";"dtu|dtupub|third_party";"";"2022-01-03T13:12:24.755Z";"Jensen, Christian Kjær";"";"2305633437";"";"dtu";"2016";"";"";"";"";"thesis";"dtu|dtu_electronic|dtupub|dtupub_electronic";"";"";"";"";"";"";"";"";"";"";"";"";"";"Master of Science in Engineering|Master of Science in Environmental Engineering|Miljøteknologi|kandidat";"Master of Science in Engineering|Master of Science in Environmental Engineering|Miljøteknologi|kandidat";"Master of Science in Engineering|Master of Science in Environmental Engineering|Miljøteknologi|kandidat";"und";"575ea6f7e6f951534a00ea67";"";"575ea6f7e6f951534a00ea67";"DTU Department of Environmental and Resource Engineering";"sorbit";"sorbit";"Assessing the applicability of low-cost electrochemical gas sensors for urban air quality monitoring|Test og vurdering af lavpris elektrokemiske gassensorer for urban luftkvalitetsmonitorering"
"";"dtu|dtupub|third_party";"";"2022-01-03T13:08:09.776Z";"Khoury, Edgard Rudy";"";"2349023002";"";"dtu";"2016";"";"";"";"";"thesis";"dtu|dtu_electronic|dtupub|dtupub_electronic";"";"";"";"";"";"";"";"";"";"";"";"";"";"Design og inn.|Master of Science in Design and Innovation|Master of Science in Engineering|kandidat";"Design og inn.|Master of Science in Design and Innovation|Master of Science in Engineering|kandidat";"Design og inn.|Master of Science in Design and Innovation|Master of Science in Engineering|kandidat";"und";"582eed5213270e8a3e000019";"";"582eed5213270e8a3e000019";"DTU Department of Technology, Management and Economics";"sorbit";"sorbit";"Designing and implementing a new business model to facilitate successful change|Designe og implementere en ny forretningsmodel for at lette vellykket forandring"
"";"dtu|dtupub|third_party";"";"2022-01-03T13:16:27.229Z";"Timshel, Pascal";"";"2292734960";"";"dtu";"2015";"";"";"";"";"thesis";"dtu|dtu_electronic|dtupub|dtupub_electronic";"";"";"";"";"";"";"";"";"";"";"";"";"";"Master of Science in Engineering|Master of science in Bioinformatics and Systems Biology|Systembiologi|kandidat";"Master of Science in Engineering|Master of science in Bioinformatics and Systems Biology|Systembiologi|kandidat";"Master of Science in Engineering|Master of science in Bioinformatics and Systems Biology|Systembiologi|kandidat";"und";"56d754aebf194551020002a1";"";"56d754aebf194551020002a1";"DTU Department of Biotechnology and Biomedicine";"sorbit";"sorbit";"Spatial and Genetic Interactions Influencing Human Gene Expression|Spatiale- og genetiske interaktioners indflydelse pa human genekspression"
"";"dtu|dtupub|third_party";"";"2022-01-03T13:06:10.186Z";"Johansen, Alexander Rosenberg";"";"2524896205";"";"dtu";"2016";"";"";"";"";"thesis";"dtu|dtu_electronic|dtupub|dtupub_electronic";"";"";"";"";"";"";"";"";"";"";"";"";"";"Master of Science in Engineering|Master of Science in Mathematical Modelling and Computation|Mat. modellering|kandidat";"Master of Science in Engineering|Master of Science in Mathematical Modelling and Computation|Mat. modellering|kandidat";"Master of Science in Engineering|Master of Science in Mathematical Modelling and Computation|Mat. modellering|kandidat";"und";"57da7f452993be95730000fb";"";"57da7f452993be95730000fb";"DTU Department of Applied Mathematics and Computer Science";"sorbit";"sorbit";"Character-level semi-supervised machine translation|Karakterniveau semi-superviseret maskinoversættelse"
"";"dtu|dtupub|third_party";"";"2022-01-03T13:12:54.515Z";"Cesari, Matteo";"";"2306312385";"";"dtu";"2016";"";"";"";"";"thesis";"dtu|dtu_electronic|dtupub_external";"";"";"";"";"";"";"";"";"";"";"";"";"";"Master of Science in Engineering|Master of Science in Medicine and Technology|Medicin og tek.|kandidat";"Master of Science in Engineering|Master of Science in Medicine and Technology|Medicin og tek.|kandidat";"Master of Science in Engineering|Master of Science in Medicine and Technology|Medicin og tek.|kandidat";"und";"577a423c37562d157a0000f4";"";"577a423c37562d157a0000f4";"DTU Department of Electrical Engineering";"sorbit";"sorbit";"ECG fiducial points delineation and T-wave interpretation as a marker of the innervation of the myocardium|EKG fiducial punkt delineation og T-bølge fortolkning som en markør for inervering af myocardium"
"";"dtu|dtupub|third_party";"";"2022-01-06T23:53:49.281Z";"Olsen, Christian Bang";"";"2306781425";"";"dtu";"2016";"";"";"";"";"thesis";"dtu|dtu_electronic|dtupub_external";"";"";"";"";"";"";"";"";"";"";"";"";"";"Master of Science in Engineering|Master of Science in Materials and Manufacturing Engineering|Materialetek.|kandidat";"Master of Science in Engineering|Master of Science in Materials and Manufacturing Engineering|Materialetek.|kandidat";"Master of Science in Engineering|Master of Science in Materials and Manufacturing Engineering|Materialetek.|kandidat";"und";"5795f16f6bbf232e70000a01";"";"5795f16f6bbf232e70000a01";"DTU Department of Civil and Mechanical Engineering";"sorbit";"sorbit";"Metal Ion Release and Colorimetric Detection|Metal frigivelse og farve detektion"
"";"dtu|dtupub|third_party";"";"2022-01-03T13:16:28.535Z";"Bjarnadottir, Kolbrun Birna";"";"2306791727";"";"dtu";"2016";"";"";"";"";"thesis";"dtu|dtu_electronic|dtupub|dtupub_electronic";"";"";"";"";"";"";"";"";"";"";"";"";"";"Design og inn.|Master of Science in Design and Innovation|Master of Science in Engineering|kandidat";"Design og inn.|Master of Science in Design and Innovation|Master of Science in Engineering|kandidat";"Design og inn.|Master of Science in Design and Innovation|Master of Science in Engineering|kandidat";"und";"579743cc6bbf232e7000102f";"";"579743cc6bbf232e7000102f";"DTU Department of Civil and Mechanical Engineering";"sorbit";"sorbit";"Development of Airport Security Platform|Udvikling af Airport Security Platform"
"";"dtu|dtupub|third_party";"";"2022-01-03T13:15:58.536Z";"Andersen, Christian";"";"2305633358";"";"dtu";"2016";"";"";"";"";"thesis";"dtu|dtu_electronic|dtupub_external";"";"";"";"";"";"";"";"";"";"";"";"";"";"Anvendt kemi|Master of Science in Advanced and Applied Chemistry|Master of Science in Engineering|kandidat";"Anvendt kemi|Master of Science in Advanced and Applied Chemistry|Master of Science in Engineering|kandidat";"Anvendt kemi|Master of Science in Advanced and Applied Chemistry|Master of Science in Engineering|kandidat";"und";"575ea619e6f951534a00e048";"";"575ea619e6f951534a00e048";"DTU Department of Chemical and Biochemical Engineering";"sorbit";"sorbit";"Preparation of bio-based polymers by enzymatic polymerization|Fremstilling af biobaserede polymerer ved enzymatisk polymerisation"
"";"dtu|dtupub|third_party";"";"2022-01-03T13:07:32.036Z";"Jørgensen, Simon West";"";"2306791753";"";"dtu";"2016";"";"";"";"";"thesis";"dtu|dtu_electronic|dtupub_external";"";"";"";"";"";"";"";"";"";"";"";"";"";"Digitale medietek.|Master of Science in Digital Media Engineering|Master of Science in Engineering|kandidat";"Digitale medietek.|Master of Science in Digital Media Engineering|Master of Science in Engineering|kandidat";"Digitale medietek.|Master of Science in Digital Media Engineering|Master of Science in Engineering|kandidat";"und";"579743e16bbf232e700010e0";"";"579743e16bbf232e700010e0";"DTU Department of Applied Mathematics and Computer Science";"sorbit";"sorbit";"Assisted skin care for bone anchored hearing implant patients|Modeler til monitorering af hud hos benforankrede høreapparatspatienter"
"";"dtu|dtupub|third_party";"";"2022-01-03T13:08:11.421Z";"Wojciechowski, Wiktor Jan";"";"2306781410";"";"dtu";"2016";"";"";"";"";"thesis";"dtu|dtu_electronic|dtupub|dtupub_electronic";"";"";"";"";"";"";"";"";"";"";"";"";"";"Byggetek.|Master of Science in Civil Engineering|Master of Science in Engineering|kandidat";"Byggetek.|Master of Science in Civil Engineering|Master of Science in Engineering|kandidat";"Byggetek.|Master of Science in Civil Engineering|Master of Science in Engineering|kandidat";"und";"5795f1596bbf232e70000933";"";"5795f1596bbf232e70000933";"DTU Department of Civil Engineering";"sorbit";"sorbit";"Risk assessment of aerodynamic instability of bridge stay cables due to atmospheric icing|Risikoanalyse af aerodynamisk instabilitet af brokabler pa grund af atmosfærisk isdannelse"
"";"dtu|dtupub|third_party";"";"2022-01-03T13:16:26.312Z";"Menezes, Joào Maria de Almeida Cardoso de";"";"2305633492";"";"dtu";"2016";"";"";"";"";"thesis";"dtu|dtu_electronic|dtupub_external";"";"";"";"";"";"";"";"";"";"";"";"";"";"Master of Science in Engineering|Master of Science in Engineering Management|Planl. innovation og led.|kandidat";"Master of Science in Engineering|Master of Science in Engineering Management|Planl. innovation og led.|kandidat";"Master of Science in Engineering|Master of Science in Engineering Management|Planl. innovation og led.|kandidat";"und";"575ea795e6f951534a00f1b3";"";"575ea795e6f951534a00f1b3";"DTU Department of Technology, Management and Economics";"sorbit";"sorbit";"Improving operating room planning and scheduling|Forbedring af planlægning og schedulering af operationsstuer"
"";"dtu|dtupub|third_party";"";"2022-01-06T23:53:50.867Z";"Petridis, Ioannis";"";"2306791758";"";"dtu";"2016";"";"";"";"";"thesis";"dtu|dtu_electronic|dtupub|dtupub_electronic";"";"";"";"";"";"";"";"";"";"";"";"";"";"Elektrotek.|Master of Science in Electrical Engineering|Master of Science in Engineering|kandidat";"Elektrotek.|Master of Science in Electrical Engineering|Master of Science in Engineering|kandidat";"Elektrotek.|Master of Science in Electrical Engineering|Master of Science in Engineering|kandidat";"und";"579743e66bbf232e70001100";"";"579743e66bbf232e70001100";"DTU Department of Electrical Engineering";"sorbit";"sorbit";"Manoeuvring and Diving Control of a Remotely Operated Underwater Vehicle|Regulering af et fjernbetjent undervandsfartøj"
"";"dtu|dtupub|third_party";"";"2022-01-03T13:06:26.191Z";"Alvarez, Hugo Amor";"";"2307050915";"";"dtu";"2016";"";"";"";"";"thesis";"dtu|dtu_electronic|dtupub|dtupub_electronic";"";"";"";"";"";"";"";"";"";"";"";"";"";"Master of Science in Engineering|Master of Science in Petroleum Engineering|Olie- og gastek.|kandidat";"Master of Science in Engineering|Master of Science in Petroleum Engineering|Olie- og gastek.|kandidat";"Master of Science in Engineering|Master of Science in Petroleum Engineering|Olie- og gastek.|kandidat";"und";"57a3206512855c654e00030a";"";"57a3206512855c654e00030a";"DTU Department of Civil and Mechanical Engineering";"sorbit";"sorbit";"Proactive well workover & maintenance model|Proaktiv oliebrønds ""workover"" og vedligeholdelsesmodel"
"";"dtu|dtupub|third_party";"";"2022-01-03T13:09:05.830Z";"Hansen, Henrik Brun";"";"2292737230";"";"dtu";"2015";"";"";"";"";"thesis";"dtu|dtu_electronic|dtupub|dtupub_electronic";"";"";"";"";"";"";"";"";"";"";"";"";"";"Konst. og mekanik|Master of Science in Engineering|Master of Science in Engineering Design and Applied Mechanics|kandidat";"Konst. og mekanik|Master of Science in Engineering|Master of Science in Engineering Design and Applied Mechanics|kandidat";"Konst. og mekanik|Master of Science in Engineering|Master of Science in Engineering Design and Applied Mechanics|kandidat";"und";"56d754babf19455102000924";"";"56d754babf19455102000924";"DTU Department of Civil and Mechanical Engineering";"sorbit";"sorbit";"CFD Modelling Of Particle Transport In Air Pollution Control Equipment|CFD modellering af partikeltransport i udstyr til forureningskontrol"
"";"dtu|dtupub|third_party";"";"2022-01-06T23:53:52.416Z";"Stempen, Aleksi";"";"2307051283";"";"dtu";"2016";"";"";"";"";"thesis";"dtu|dtu_electronic|dtupub|dtupub_electronic";"";"";"";"";"";"";"";"";"";"";"";"";"";"Master of Science in Engineering|Master of Science in Transportation and Logistics|Transp. og logistik|kandidat";"Master of Science in Engineering|Master of Science in Transportation and Logistics|Transp. og logistik|kandidat";"Master of Science in Engineering|Master of Science in Transportation and Logistics|Transp. og logistik|kandidat";"und";"57a3207412855c654e000394";"";"57a3207412855c654e000394";"DTU Department of Transport";"sorbit";"sorbit";"Cost and Benefit Analysis of Track Maintenance Automation|Costbenefit analyse af sporautomatiseringsvedligeholdelse"
"";"dtu|dtupub|third_party";"";"2022-01-03T13:12:07.942Z";"Szlarski, Piotr Marek";"";"2292735421";"";"dtu";"2015";"";"";"";"";"thesis";"dtu|dtu_electronic|dtupub_external";"";"";"";"";"";"";"";"";"";"";"";"";"";"Bioteknologi|Master of Science in Biotechnology|Master of Science in Engineering|kandidat";"Bioteknologi|Master of Science in Biotechnology|Master of Science in Engineering|kandidat";"Bioteknologi|Master of Science in Biotechnology|Master of Science in Engineering|kandidat";"und";"56d754b0bf194551020003ba";"";"56d754b0bf194551020003ba";"DTU Department of Biotechnology and Biomedicine";"sorbit";"sorbit";"Improving production characteristics of the Drosophila S2 cells line|Forbedring af produktivitetskarakteristika af Drosophila S2 cellelinien"
"";"dtu|dtupub|third_party";"";"2022-01-03T13:10:54.966Z";"Curcanu, Dorian-Florin";"";"2292737367";"";"dtu";"2015";"";"";"";"";"thesis";"dtu|dtu_electronic|dtupub_external";"";"";"";"";"";"";"";"";"";"";"";"";"";"Byggetek.|Master of Science in Civil Engineering|Master of Science in Engineering|kandidat";"Byggetek.|Master of Science in Civil Engineering|Master of Science in Engineering|kandidat";"Byggetek.|Master of Science in Civil Engineering|Master of Science in Engineering|kandidat";"und";"56d754babf19455102000996";"";"56d754babf19455102000996";"DTU Department of Civil Engineering";"sorbit";"sorbit";"Integrated Energy Retrofitting|Integrated energy retrofitting"
"";"dtu|dtupub|third_party";"";"2022-01-03T13:06:20.513Z";"Calvera, Cristina Plaza";"";"2306921174";"";"dtu";"2016";"";"";"";"";"thesis";"dtu|dtu_electronic|dtupub|dtupub_electronic";"";"";"";"";"";"";"";"";"";"";"";"";"";"Kemisk/biokemisk tek.|Master of Science in Chemical and Biochemical Engineering|Master of Science in Engineering|kandidat";"Kemisk/biokemisk tek.|Master of Science in Chemical and Biochemical Engineering|Master of Science in Engineering|kandidat";"Kemisk/biokemisk tek.|Master of Science in Chemical and Biochemical Engineering|Master of Science in Engineering|kandidat";"und";"579dda456bbf232e700014bb";"";"579dda456bbf232e700014bb";"DTU Department of Chemical and Biochemical Engineering";"sorbit";"sorbit";"Sustainable CO2 Capture and Conversion Process Design|Bæredygtig CO2 opsamling og konvertering proces design"
"";"dtu|dtupub|third_party";"";"2022-01-03T13:06:39.011Z";"Regi, Francesco";"";"2313645277";"";"dtu";"2016";"";"";"";"";"thesis";"dtu|dtu_electronic|dtupub_external";"";"";"";"";"";"";"";"";"";"";"";"";"";"Master of Science in Engineering|Master of Science in Materials and Manufacturing Engineering|Materialetek.|kandidat";"Master of Science in Engineering|Master of Science in Materials and Manufacturing Engineering|Materialetek.|kandidat";"Master of Science in Engineering|Master of Science in Materials and Manufacturing Engineering|Materialetek.|kandidat";"und";"57ab093f3fec415c3b000082";"";"57ab093f3fec415c3b000082";"DTU Department of Civil and Mechanical Engineering";"sorbit";"sorbit";"Three-dimensional Simulations of Hesitation and inertial Effects during the Filling Phase of the Injection Moulding Process|Tredimensionale simulationer af tøven og inertien under fyldning fase af sprøjtestøbeprocessen"
"";"dtu|dtupub|third_party";"";"2022-01-03T13:16:27.752Z";"Greve, Marie Albertha Jensen";"";"2306312252";"";"dtu";"2016";"";"";"";"";"thesis";"dtu|dtu_electronic|dtupub|dtupub_electronic";"";"";"";"";"";"";"";"";"";"";"";"";"";"Master of Science in Engineering|Master of Science in Environmental Engineering|Miljøteknologi|kandidat";"Master of Science in Engineering|Master of Science in Environmental Engineering|Miljøteknologi|kandidat";"Master of Science in Engineering|Master of Science in Environmental Engineering|Miljøteknologi|kandidat";"und";"577a423a37562d157a0000dc";"";"577a423a37562d157a0000dc";"DTU Department of Environmental and Resource Engineering";"sorbit";"sorbit";"Growth of plants in harbor sludge and uptake of pollutants|Undersøgelse af udvalgte planters evne til at vokse i saltholdigt havneslam og optagelse af forurenende stoffer"
"";"dtu|dtupub|third_party";"";"2022-01-03T13:06:49.100Z";"Blådal-Hansen, Nicki Christian";"";"2343121560";"";"dtu";"2016";"";"";"";"";"thesis";"dtu|dtu_electronic|dtupub|dtupub_electronic";"";"";"";"";"";"";"";"";"";"";"";"";"";"Master of Science in Engineering|Master of Science in Petroleum Engineering|Olie- og gastek.|kandidat";"Master of Science in Engineering|Master of Science in Petroleum Engineering|Olie- og gastek.|kandidat";"Master of Science in Engineering|Master of Science in Petroleum Engineering|Olie- og gastek.|kandidat";"und";"57d5393e2993be9573000040";"";"57d5393e2993be9573000040";"DTU Department of Technology, Management and Economics";"sorbit";"sorbit";"Analysis of Human Error in Oil and Gas Drilling|Analyse af Menneskelige Fejl i Olie og Gas Boring"
"";"dtu|dtupub|third_party";"";"2022-01-03T13:08:04.091Z";"Bozik, Simon";"";"2524896201";"";"dtu";"2016";"";"";"";"";"thesis";"dtu|dtu_electronic|dtupub|dtupub_electronic";"";"";"";"";"";"";"";"";"";"";"";"";"";"Byggetek.|Master of Science in Civil Engineering|Master of Science in Engineering|kandidat";"Byggetek.|Master of Science in Civil Engineering|Master of Science in Engineering|kandidat";"Byggetek.|Master of Science in Civil Engineering|Master of Science in Engineering|kandidat";"und";"57e65cc0bf85a91076000033";"";"57e65cc0bf85a91076000033";"DTU Department of Civil Engineering";"sorbit";"sorbit";"Single fiber pullout of steel fibers from concrete|Enkelt fiber tilbagetrækningen af stalfibre fra beton"
"";"dtu|dtupub|third_party";"";"2022-01-06T23:53:27.723Z";"Mercadal, Ignasi Taltavull";"";"2307114877";"";"dtu";"2016";"";"";"";"";"thesis";"dtu|dtu_electronic|dtupub_external";"";"";"";"";"";"";"";"";"";"";"";"";"";"gæst udl.";"gæst udl.";"gæst udl.";"und";"57a714bf12855c654e000410";"";"57a714bf12855c654e000410";"DTU Department of Technology, Management and Economics";"sorbit";"sorbit";"Planlægning af operationsstuer på Rigshospitalet|Planning of operation rooms at the Danish National Hospital"
"";"dtu|dtupub|third_party";"";"2022-01-03T13:16:39.022Z";"Nozal, Diego Caviedes";"";"2313645385";"";"dtu";"2016";"";"";"";"";"thesis";"dtu|dtu_electronic|dtupub|dtupub_electronic";"";"";"";"";"";"";"";"";"";"";"";"";"";"Akustisk tek.|Master of Science in Engineering|Master of Science in Engineering Acoustics|kandidat";"Akustisk tek.|Master of Science in Engineering|Master of Science in Engineering Acoustics|kandidat";"Akustisk tek.|Master of Science in Engineering|Master of Science in Engineering Acoustics|kandidat";"und";"57ab09453fec415c3b0000b4";"";"57ab09453fec415c3b0000b4";"DTU Department of Electrical Engineering";"sorbit";"sorbit";"Experimental in-situ estimation of room surface properties; system design and development|Experimentel in-situ estimering af overfladeegenskaber i rum; systemdesign og udvikling"
"";"dtu|dtupub|third_party";"";"2022-01-03T13:13:06.057Z";"Arroyo, Pablo Vega";"";"2342813544";"";"dtu";"2016";"";"";"";"";"thesis";"dtu|dtu_electronic|dtupub|dtupub_electronic";"";"";"";"";"";"";"";"";"";"";"";"";"";"Fysik og nanotek.|Master of Science in Engineering|Master of Science in Physics and Nanotechnology|kandidat";"Fysik og nanotek.|Master of Science in Engineering|Master of Science in Physics and Nanotechnology|kandidat";"Fysik og nanotek.|Master of Science in Engineering|Master of Science in Physics and Nanotechnology|kandidat";"und";"57cea1c1abd7812721000157";"";"57cea1c1abd7812721000157";"DTU Department of Electrical and Photonics Engineering";"sorbit";"sorbit";"Design and characterization of nanopillar GaAsP solar cells|Design og karakterisering af GaAsP nanosøjle solceller"
"";"dtu|dtupub|third_party";"";"2022-01-11T08:43:39.840Z";"Bjargmundsdottir, Kolbrun";"";"2306791755";"";"dtu";"2016";"";"";"";"";"thesis";"dtu|dtu_electronic|dtupub|dtupub_electronic";"";"";"";"";"";"";"";"";"";"";"";"";"";"Fødevareteknologi|Master of Science in Engineering|Master of Science in Food Technology|kandidat";"Fødevareteknologi|Master of Science in Engineering|Master of Science in Food Technology|kandidat";"Fødevareteknologi|Master of Science in Engineering|Master of Science in Food Technology|kandidat";"und";"579743e26bbf232e700010ef";"";"579743e26bbf232e700010ef";"DTU National Institute of Aquatic Resources";"sorbit";"sorbit";"Impacts of water quality and disinfection regime on embryonic survival of European eel|Effekter af vandkvalitet og desinfektion for overlevelse og udvikling af Europæiske alelarver"
"";"dtu|dtupub|third_party";"";"2022-01-06T23:53:54.579Z";"Arasanz, Ana Maria Cosculluela";"";"2342855461";"";"dtu";"2016";"";"";"";"";"thesis";"dtu|dtu_electronic|dtupub|dtupub_electronic";"";"";"";"";"";"";"";"";"";"";"";"";"";"Bæredygtig energi|Master of Science in Engineering|Master of Science in Sustainable Energy|kandidat";"Bæredygtig energi|Master of Science in Engineering|Master of Science in Sustainable Energy|kandidat";"Bæredygtig energi|Master of Science in Engineering|Master of Science in Sustainable Energy|kandidat";"und";"57cff34009d7e82e03000014";"";"57cff34009d7e82e03000014";"DTU Department of Wind and Energy Systems";"sorbit";"sorbit";"Development of wind farms in complex terrain with icing in Bosnia-Herzegovina|Udvikling af vindmølleparker i komplekst terræn med risiko for isdannelse i Bosnien-Herzegovina"
"";"dtu|dtupub|third_party";"";"2022-01-03T13:15:59.096Z";"Nielsen, Agnes Martine";"";"2292736361";"";"dtu";"2015";"";"";"";"";"thesis";"dtu|dtu_electronic|dtupub|dtupub_electronic";"";"";"";"";"";"";"";"";"";"";"";"";"";"Master of Science in Engineering|Master of Science in Mathematical Modelling and Computation|Mat. modellering|kandidat";"Master of Science in Engineering|Master of Science in Mathematical Modelling and Computation|Mat. modellering|kandidat";"Master of Science in Engineering|Master of Science in Mathematical Modelling and Computation|Mat. modellering|kandidat";"und";"56d754b6bf19455102000693";"";"56d754b6bf19455102000693";"DTU Department of Applied Mathematics and Computer Science";"sorbit";"sorbit";"Application of machine learning on a genome-wide association studies dataset|Anvendelse af machine learning pa et genome-wide association studies datasæt"
"";"dtu|dtupub|third_party";"";"2022-01-03T13:16:18.327Z";"Ravn, Anker Bergholt";"";"2292734083";"";"dtu";"2016";"";"";"";"";"thesis";"dtu|dtu_electronic|dtupub|dtupub_electronic";"";"";"";"";"";"";"";"";"";"";"";"";"";"Konst. og mekanik|Master of Science in Engineering|Master of Science in Engineering Design and Applied Mechanics|kandidat";"Konst. og mekanik|Master of Science in Engineering|Master of Science in Engineering Design and Applied Mechanics|kandidat";"Konst. og mekanik|Master of Science in Engineering|Master of Science in Engineering Design and Applied Mechanics|kandidat";"und";"56d754a9bf19455102000064";"";"56d754a9bf19455102000064";"DTU Department of Civil and Mechanical Engineering";"sorbit";"sorbit";"CFD modeling of formation and condensation of sulphuric acid in large two-stroke marine diesel engines|CFD modellering af formation og kondensering af svovlsyre i store to-takts marine dieselmotorer"
"";"dtu|dtupub|third_party";"";"2022-01-03T13:12:24.787Z";"Gamme, Simon";"";"2292734725";"";"dtu";"2015";"";"";"";"";"thesis";"dtu|dtu_electronic|dtupub|dtupub_electronic";"";"";"";"";"";"";"";"";"";"";"";"";"";"Master of Science in Engineering|Master of Science in Wind Energy|Vindenergi|kandidat";"Master of Science in Engineering|Master of Science in Wind Energy|Vindenergi|kandidat";"Master of Science in Engineering|Master of Science in Wind Energy|Vindenergi|kandidat";"und";"56d754adbf194551020001fe";"";"56d754adbf194551020001fe";"DTU Department of Wind and Energy Systems";"sorbit";"sorbit";"Vortex-wing interaction using a viscous-inviscid vortex-panel code|Vortex/vinge vekselvirkning ved hjælp af en vortex-panel kode"
"";"dtu|dtupub|third_party";"";"2022-01-03T13:16:19.804Z";"Jessen, Lasse Schmidt";"";"2524896210";"";"dtu";"2016";"";"";"";"";"thesis";"dtu|dtu_electronic|dtupub|dtupub_electronic";"";"";"";"";"";"";"";"";"";"";"";"";"";"Byggetek.|Master of Science in Civil Engineering|Master of Science in Engineering|kandidat";"Byggetek.|Master of Science in Civil Engineering|Master of Science in Engineering|kandidat";"Byggetek.|Master of Science in Civil Engineering|Master of Science in Engineering|kandidat";"und";"575ea677e6f951534a00e455";"";"575ea677e6f951534a00e455";"DTU Department of Civil Engineering";"sorbit";"sorbit";"Welding Residual Stresses in Supersize Monopiles for Offshore Steel Structures|Welding Residual Stresses in Supersize Monopiles for Offshore Steel Structures"
"";"dtu|dtupub|third_party";"";"2022-01-03T13:16:18.751Z";"Fratila, Claudiu Sorin";"";"2292735054";"";"dtu";"2015";"";"";"";"";"thesis";"dtu|dtu_electronic|dtupub|dtupub_electronic";"";"";"";"";"";"";"";"";"";"";"";"";"";"Master of Science in Engineering|Master of Science in Telecommunication|Telekom.|kandidat";"Master of Science in Engineering|Master of Science in Telecommunication|Telekom.|kandidat";"Master of Science in Engineering|Master of Science in Telecommunication|Telekom.|kandidat";"und";"56d754aebf194551020002de";"";"56d754aebf194551020002de";"DTU Department of Electrical and Photonics Engineering";"sorbit";"sorbit";"Sensing and controlling the environment using mobile network based Raspberry Pis|Maling og styring af omgivelserne vha mobilnetbaserede Raspberry Pi"
"";"dtu|dtupub|third_party";"";"2022-01-03T13:16:06.659Z";"Schlichtkrull, Anders";"";"2292735008";"";"dtu";"2015";"";"";"";"";"thesis";"dtu|dtu_electronic|dtupub|dtupub_electronic";"";"";"";"";"";"";"";"";"";"";"";"";"";"Informationstek.|Master of Science in Computer Science and Engineering|Master of Science in Engineering|kandidat";"Informationstek.|Master of Science in Computer Science and Engineering|Master of Science in Engineering|kandidat";"Informationstek.|Master of Science in Computer Science and Engineering|Master of Science in Engineering|kandidat";"und";"56d754aebf194551020002bc";"";"56d754aebf194551020002bc";"DTU Department of Applied Mathematics and Computer Science";"sorbit";"sorbit";"Formalization of Resolution Calculus in Isabelle|Formalisering af resolutionskalkyle i Isabelle"
"";"dtu|dtupub|third_party";"";"2022-01-03T13:12:09.492Z";"Bergamini, Riccardo";"";"2292735677";"";"dtu";"2015";"";"";"";"";"thesis";"dtu|dtu_electronic|dtupub|dtupub_electronic";"";"";"";"";"";"";"";"";"";"";"";"";"";"Bæredygtig energi|Master of Science in Engineering|Master of Science in Sustainable Energy|kandidat";"Bæredygtig energi|Master of Science in Engineering|Master of Science in Sustainable Energy|kandidat";"Bæredygtig energi|Master of Science in Engineering|Master of Science in Sustainable Energy|kandidat";"und";"56d754b2bf194551020004b0";"";"56d754b2bf194551020004b0";"DTU Department of Civil and Mechanical Engineering";"sorbit";"sorbit";"Application and Development of Process Integration Methodologies in Dairy Industries|Anvendelse og udvikling af procesintegrationsmetoder til mejeriindustrien"
"";"dtu|dtupub|third_party";"";"2022-01-03T13:12:31.168Z";"Hinrich, Jesper Løve";"";"2292734098";"";"dtu";"2016";"";"";"";"";"thesis";"dtu|dtu_electronic|dtupub|dtupub_electronic";"";"";"";"";"";"";"";"";"";"";"";"";"";"Master of Science in Engineering|Master of Science in Mathematical Modelling and Computation|Mat. modellering|kandidat";"Master of Science in Engineering|Master of Science in Mathematical Modelling and Computation|Mat. modellering|kandidat";"Master of Science in Engineering|Master of Science in Mathematical Modelling and Computation|Mat. modellering|kandidat";"und";"56d754a9bf19455102000074";"";"56d754a9bf19455102000074";"DTU Department of Applied Mathematics and Computer Science";"sorbit";"sorbit";"Large Scale Latent Variable Modelling of Neuroimaging Data|Stor-skala-modellering af latente variable i hjerneskanningsdata"
"";"dtu|dtupub|third_party";"";"2022-01-03T13:15:51.139Z";"Sørensen, Mads Krabbe";"";"2292736178";"";"dtu";"2015";"";"";"";"";"thesis";"dtu|dtu_electronic|dtupub_external";"";"";"";"";"";"";"";"";"";"";"";"";"";"Konst. og mekanik|Master of Science in Engineering|Master of Science in Engineering Design and Applied Mechanics|kandidat";"Konst. og mekanik|Master of Science in Engineering|Master of Science in Engineering Design and Applied Mechanics|kandidat";"Konst. og mekanik|Master of Science in Engineering|Master of Science in Engineering Design and Applied Mechanics|kandidat";"und";"56d754b5bf1945510200062e";"";"56d754b5bf1945510200062e";"DTU Department of Civil and Mechanical Engineering";"sorbit";"sorbit";"Conceptual development and design of ammonia dosing component|Konceptuel udvikling og design af en amoniakdoseringsenhed"
"";"dtu|dtupub|third_party";"";"2022-01-03T13:11:35.972Z";"Ghoochan, Shahab Mostajaboldaveh";"";"2292737067";"";"dtu";"2015";"";"";"";"";"thesis";"dtu|dtu_electronic|dtupub_external";"";"";"";"";"";"";"";"";"";"";"";"";"";"Master of Science in Engineering|Master of Science in Medicine and Technology|Medicin og tek.|kandidat";"Master of Science in Engineering|Master of Science in Medicine and Technology|Medicin og tek.|kandidat";"Master of Science in Engineering|Master of Science in Medicine and Technology|Medicin og tek.|kandidat";"und";"56d754b9bf19455102000883";"";"56d754b9bf19455102000883";"DTU Department of Micro- and Nanotechnology";"sorbit";"sorbit";"Development of a Photoplethysmography Device: An Optimization of the Sensor-skin Interface|Udvikling af et malesystem baseret pa photoplethysmografi: Optimering af grænsefladen mellem sensor og hud"
"";"dtu|dtupub|third_party";"";"2022-01-03T13:15:47.752Z";"Efstratiou, Aikaterini";"";"2292736169";"";"dtu";"2015";"";"";"";"";"thesis";"dtu|dtu_electronic|dtupub|dtupub_electronic";"";"";"";"";"";"";"";"";"";"";"";"";"";"Master of Science in Engineering|Master of Science in Mathematical Modelling and Computation|Mat. modellering|kandidat";"Master of Science in Engineering|Master of Science in Mathematical Modelling and Computation|Mat. modellering|kandidat";"Master of Science in Engineering|Master of Science in Mathematical Modelling and Computation|Mat. modellering|kandidat";"und";"56d754b5bf19455102000626";"";"56d754b5bf19455102000626";"DTU National Institute of Aquatic Resources";"sorbit";"sorbit";"3d reconstruction of Stokes flow around aquatic microorganisms from particle image velocimetry|3d rekonstruktion af Stokes flow om akvatiske mikrooganismer fra particle image velocimetry"
"";"dtu|dtupub|third_party";"";"2022-01-03T13:15:47.782Z";"Roulund, Simon";"";"2292735560";"";"dtu";"2015";"";"";"";"";"thesis";"dtu|dtu_electronic|dtupub|dtupub_electronic";"";"";"";"";"";"";"";"";"";"";"";"";"";"Konst. og mekanik|Master of Science in Engineering|Master of Science in Engineering Design and Applied Mechanics|kandidat";"Konst. og mekanik|Master of Science in Engineering|Master of Science in Engineering Design and Applied Mechanics|kandidat";"Konst. og mekanik|Master of Science in Engineering|Master of Science in Engineering Design and Applied Mechanics|kandidat";"und";"56d754b1bf19455102000440";"";"56d754b1bf19455102000440";"DTU Department of Civil and Mechanical Engineering";"sorbit";"sorbit";"Model Updating Using Frequency Response Functions - Theory & Experiment|Modelopdatering ved hjælp af Overføringsfunktioner i frekvensdomæne - teori og eksperiment"
"";"dtu|dtupub|third_party";"";"2022-01-03T13:16:21.056Z";"Hansen, Christine Collin";"";"2305633415";"";"dtu";"2016";"";"";"";"";"thesis";"dtu|dtu_electronic|dtupub|dtupub_electronic";"";"";"";"";"";"";"";"";"";"";"";"";"";"Bygningsdesign|Master of Science in Engineering|Master og Science in Architectural Engineering|kandidat";"Bygningsdesign|Master of Science in Engineering|Master og Science in Architectural Engineering|kandidat";"Bygningsdesign|Master of Science in Engineering|Master og Science in Architectural Engineering|kandidat";"und";"575ea6d2e6f951534a00e8a6";"";"575ea6d2e6f951534a00e8a6";"DTU Department of Civil Engineering";"sorbit";"sorbit";"Structural Design in a LCA perspective|Konstruktionsdesign i LCA perspektiv"
"";"dtu|dtupub|third_party";"";"2022-01-03T13:13:09.772Z";"Herskind, Mathies|Breinholt, Christian";"";"2351661166";"";"dtu";"2016";"";"";"";"";"thesis";"dtu|dtu_electronic|dtupub_external";"";"";"";"";"";"";"";"";"";"";"";"";"";"Design og inn.|Master of Science in Design and Innovation|Master of Science in Engineering|kandidat";"Design og inn.|Master of Science in Design and Innovation|Master of Science in Engineering|kandidat";"Design og inn.|Master of Science in Design and Innovation|Master of Science in Engineering|kandidat";"und";"5890457e54602411490000e8";"";"5890457e54602411490000e8";"DTU Department of Civil and Mechanical Engineering";"sorbit";"sorbit";"Design for Internet of Things and Industry 4.0|Design for Internet of Things og Industry 4.0"
"";"dtu|dtupub|third_party";"";"2022-01-03T13:13:04.838Z";"Lessis, Vasileios";"";"2319752059";"";"dtu";"2016";"";"";"";"";"thesis";"dtu|dtu_electronic|dtupub|dtupub_electronic";"";"";"";"";"";"";"";"";"";"";"";"";"";"Master of Science in Engineering|Master of Science in Engineering Management|Planl. innovation og led.|kandidat";"Master of Science in Engineering|Master of Science in Engineering Management|Planl. innovation og led.|kandidat";"Master of Science in Engineering|Master of Science in Engineering Management|Planl. innovation og led.|kandidat";"und";"57ac5ac19baf2b177e000032";"";"57ac5ac19baf2b177e000032";"DTU Department of Technology, Management and Economics";"sorbit";"sorbit";"Risks from new communication technologies in safety-critical domains|Risici fra nye kommunikationsteknologier i sikkerhedskritiske domæner"
"";"dtu|dtupub|third_party";"";"2022-01-03T13:15:27.712Z";"Jenrich, Franciska Maria";"";"2292737435";"";"dtu";"2015";"";"";"";"";"thesis";"dtu|dtu_electronic|dtupub|dtupub_electronic";"";"";"";"";"";"";"";"";"";"";"";"";"";"Master of Science in Engineering|Master of Science in Mathematical Modelling and Computation|Mat. modellering|kandidat";"Master of Science in Engineering|Master of Science in Mathematical Modelling and Computation|Mat. modellering|kandidat";"Master of Science in Engineering|Master of Science in Mathematical Modelling and Computation|Mat. modellering|kandidat";"und";"56d754babf194551020009c8";"";"56d754babf194551020009c8";"DTU Department of Technology, Management and Economics";"sorbit";"sorbit";"Planning of replacement buses in case of disruptions in passenger railway operations|Planlægning af erstatningsbusser ved afbrydelser i passagertogdrift"
"";"dtu|dtupub|third_party";"";"2022-01-06T23:53:54.306Z";"Knutsson, Line";"";"2341715970";"";"dtu";"2016";"";"";"";"";"thesis";"dtu|dtu_electronic|dtupub|dtupub_electronic";"";"";"";"";"";"";"";"";"";"";"";"";"";"Fødevareteknologi|Master of Science in Engineering|Master of Science in Food Technology|kandidat";"Fødevareteknologi|Master of Science in Engineering|Master of Science in Food Technology|kandidat";"Fødevareteknologi|Master of Science in Engineering|Master of Science in Food Technology|kandidat";"und";"57b989c03e47d6ad77000051";"";"57b989c03e47d6ad77000051";"DTU DTU National Food Institute";"sorbit";"sorbit";"Coffee and milk - Effects of feeding on milk flavour and lipid composition in order to optimize flavour synergy between coffee and milk|Kaffe og mælk"
"";"dtu|dtupub|third_party";"";"2022-01-03T13:15:49.439Z";"Kjemtrup, Lars";"";"2292735210";"";"dtu";"2015";"";"";"";"";"thesis";"dtu|dtu_electronic|dtupub|dtupub_electronic";"";"";"";"";"";"";"";"";"";"";"";"";"";"Konst. og mekanik|Master of Science in Engineering|Master of Science in Engineering Design and Applied Mechanics|kandidat";"Konst. og mekanik|Master of Science in Engineering|Master of Science in Engineering Design and Applied Mechanics|kandidat";"Konst. og mekanik|Master of Science in Engineering|Master of Science in Engineering Design and Applied Mechanics|kandidat";"und";"56d754afbf1945510200034b";"";"56d754afbf1945510200034b";"DTU Department of Civil and Mechanical Engineering";"sorbit";"sorbit";"Experimental Investigation of SI Engine Performance with Ammonia-Gasoline Blend as Fuel|Eksperimentel undersøgelse af benzinmotors ydeevne ved anvendelse af benzin-ammoniak blanding som brændstof"
"";"dtu|dtupub|third_party";"";"2022-01-03T13:12:44.092Z";"Olesen, Brian Vig";"";"2305633483";"";"dtu";"2016";"";"";"";"";"thesis";"dtu|dtu_electronic|dtupub|dtupub_electronic";"";"";"";"";"";"";"";"";"";"";"";"";"";"Master of Science in Engineering|Master of Science in Transportation and Logistics|Transp. og logistik|kandidat";"Master of Science in Engineering|Master of Science in Transportation and Logistics|Transp. og logistik|kandidat";"Master of Science in Engineering|Master of Science in Transportation and Logistics|Transp. og logistik|kandidat";"und";"575ea785e6f951534a00f107";"";"575ea785e6f951534a00f107";"DTU Department of Transport";"sorbit";"sorbit";"Continuous supervision of overhead catenary system|Kontinuert overvagning af køreledningsanlæg"
"";"dtu|dtupub|third_party";"";"2022-01-11T08:43:36.380Z";"Moret, Fabio";"";"2307020165";"";"dtu";"2016";"";"";"";"";"thesis";"dtu|dtu_electronic|dtupub|dtupub_electronic";"";"";"";"";"";"";"";"";"";"";"";"";"";"Bæredygtig energi|Master of Science in Engineering|Master of Science in Sustainable Energy|kandidat";"Bæredygtig energi|Master of Science in Engineering|Master of Science in Sustainable Energy|kandidat";"Bæredygtig energi|Master of Science in Engineering|Master of Science in Sustainable Energy|kandidat";"und";"57a1cee612855c654e000198";"";"57a1cee612855c654e000198";"DTU Department of Electrical Engineering";"sorbit";"sorbit";"Analytics of flexible electric consumption|Analytics of flexible electric consumption"
"";"dtu|dtupub|third_party";"";"2022-01-03T13:16:15.550Z";"Kastoft, Andreas";"";"2292734087";"";"dtu";"2016";"";"";"";"";"thesis";"dtu|dtu_electronic|dtupub_external";"";"";"";"";"";"";"";"";"";"";"";"";"";"Elektrotek.|Master of Science in Electrical Engineering|Master of Science in Engineering|kandidat";"Elektrotek.|Master of Science in Electrical Engineering|Master of Science in Engineering|kandidat";"Elektrotek.|Master of Science in Electrical Engineering|Master of Science in Engineering|kandidat";"und";"56d754a9bf19455102000069";"";"56d754a9bf19455102000069";"DTU Department of Electrical Engineering";"sorbit";"sorbit";"X-band CW Transponder|X-bands CW transponder"
"";"dtu|dtupub|third_party";"";"2022-01-03T13:15:17.165Z";"Laier, Christoffer von Halling";"";"2292737002";"";"dtu";"2015";"";"";"";"";"thesis";"dtu|dtu_electronic|dtupub_external";"";"";"";"";"";"";"";"";"";"";"";"";"";"Master of Science in Engineering|Master of Science in Medicine and Technology|Medicin og tek.|kandidat";"Master of Science in Engineering|Master of Science in Medicine and Technology|Medicin og tek.|kandidat";"Master of Science in Engineering|Master of Science in Medicine and Technology|Medicin og tek.|kandidat";"und";"56d754b9bf19455102000856";"";"56d754b9bf19455102000856";"DTU Department of Micro- and Nanotechnology";"sorbit";"sorbit";"Detection of Molecular Blood Analytes with Minimal Cellular Interference|Maling af molekylære analytter i blod med minimal cellulær interferens"
"";"dtu|dtupub|third_party";"";"2022-01-03T13:11:57.459Z";"Magri, Valeria";"";"2292734961";"";"dtu";"2015";"";"";"";"";"thesis";"dtu|dtu_electronic|dtupub|dtupub_electronic";"";"";"";"";"";"";"";"";"";"";"";"";"";"gæst udl.";"gæst udl.";"gæst udl.";"und";"56d754aebf1945510200029f";"";"56d754aebf1945510200029f";"DTU Department of Physics";"sorbit";"sorbit";"Photocatalytic reactions in micro-reactors|Fotokatalytiske reaktioner i mikroreaktorer"
"";"dtu|dtupub|third_party";"";"2022-01-03T13:13:03.629Z";"Salgueiro, Sergi Genis";"";"2306946190";"";"dtu";"2016";"";"";"";"";"thesis";"dtu|dtu_electronic|dtupub|dtupub_electronic";"";"";"";"";"";"";"";"";"";"";"";"";"";"Elektrotek.|Master of Science in Electrical Engineering|Master of Science in Engineering|kandidat";"Elektrotek.|Master of Science in Electrical Engineering|Master of Science in Engineering|kandidat";"Elektrotek.|Master of Science in Electrical Engineering|Master of Science in Engineering|kandidat";"und";"579f2cb46bbf232e700019b2";"";"579f2cb46bbf232e700019b2";"DTU Department of Electrical Engineering";"sorbit";"sorbit";"Object Recognition for Outdoor Mobile Robot Navigation|Objektgenkendelse til navigation af udendørs mobile robotter"
"";"dtu|dtupub|third_party";"";"2022-01-03T13:16:23.528Z";"Nielsen, Nikolaj Laurentzius Arnskov";"";"2305633455";"";"dtu";"2016";"";"";"";"";"thesis";"dtu|dtu_electronic|dtupub|dtupub_electronic";"";"";"";"";"";"";"";"";"";"";"";"";"";"Bygningsdesign|Master of Science in Engineering|Master og Science in Architectural Engineering|kandidat";"Bygningsdesign|Master of Science in Engineering|Master og Science in Architectural Engineering|kandidat";"Bygningsdesign|Master of Science in Engineering|Master og Science in Architectural Engineering|kandidat";"und";"575ea74ae6f951534a00ee79";"";"575ea74ae6f951534a00ee79";"DTU Department of Civil Engineering";"sorbit";"sorbit";"Evaluation and recommendations for the Danish ICT-requirements|Evaluering og anbefalinger for den danske IKT-betænkning"
"";"dtu|dtupub|third_party";"";"2022-01-03T13:08:05.296Z";"Schwebe, Tjark Tilman";"";"2306823670";"";"dtu";"2016";"";"";"";"";"thesis";"dtu|dtu_electronic|dtupub|dtupub_electronic";"";"";"";"";"";"";"";"";"";"";"";"";"";"Konst. og mekanik|Master of Science in Engineering|Master of Science in Engineering Design and Applied Mechanics|kandidat";"Konst. og mekanik|Master of Science in Engineering|Master of Science in Engineering Design and Applied Mechanics|kandidat";"Konst. og mekanik|Master of Science in Engineering|Master of Science in Engineering Design and Applied Mechanics|kandidat";"und";"5798948e6bbf232e700011eb";"";"5798948e6bbf232e700011eb";"DTU Department of Civil and Mechanical Engineering";"sorbit";"sorbit";"Dynamic collapse of the hull girder in a container ship in waves|Dynamisk sammenbrud af et skibsskrog under bølgebelastninger"
"";"dtu|dtupub|third_party";"";"2022-01-03T13:15:58.470Z";"Abdel-Razzak, Ali Omar";"";"2292736401";"";"dtu";"2015";"";"";"";"";"thesis";"dtu|dtu_electronic|dtupub|dtupub_electronic";"";"";"";"";"";"";"";"";"";"";"";"";"";"Master of Science in Engineering|Master of Science in Engineering Management|Planl. innovation og led.|kandidat";"Master of Science in Engineering|Master of Science in Engineering Management|Planl. innovation og led.|kandidat";"Master of Science in Engineering|Master of Science in Engineering Management|Planl. innovation og led.|kandidat";"und";"56d754b6bf194551020006a8";"";"56d754b6bf194551020006a8";"DTU Department of Technology, Management and Economics";"sorbit";"sorbit";"Developing Sustainability Indicators for the Transition of Albertslund’s Heating System Towards Carbon Neutrality|Udvikling af bæredygtighedsindikatorer for at ændre Albertlund's fjernvarme system til carbon neutralitet"
"";"dtu|dtupub|third_party";"";"2022-01-03T13:12:28.981Z";"Lütken, Cecilie Krosby";"";"2292734124";"";"dtu";"2016";"";"";"";"";"thesis";"dtu|dtu_electronic|dtupub|dtupub_electronic";"";"";"";"";"";"";"";"";"";"";"";"";"";"Design og inn.|Master of Science in Design and Innovation|Master of Science in Engineering|kandidat";"Design og inn.|Master of Science in Design and Innovation|Master of Science in Engineering|kandidat";"Design og inn.|Master of Science in Design and Innovation|Master of Science in Engineering|kandidat";"und";"56d754a9bf19455102000080";"";"56d754a9bf19455102000080";"DTU Department of Civil and Mechanical Engineering";"sorbit";"sorbit";"Development of Furniture Concepts for Families with Small Children|Udvikling af møbelkoncepter for familier med sma børn."
"";"dtu|dtupub|third_party";"";"2022-01-03T13:12:19.025Z";"Stausgaard, Kasper";"";"2305633462";"";"dtu";"2016";"";"";"";"";"thesis";"dtu|dtu_electronic|dtupub_external";"";"";"";"";"";"";"";"";"";"";"";"";"";"Master of Science in Engineering|Master of Science in Mathematical Modelling and Computation|Mat. modellering|kandidat";"Master of Science in Engineering|Master of Science in Mathematical Modelling and Computation|Mat. modellering|kandidat";"Master of Science in Engineering|Master of Science in Mathematical Modelling and Computation|Mat. modellering|kandidat";"und";"575ea765e6f951534a00efa2";"";"575ea765e6f951534a00efa2";"DTU Department of Applied Mathematics and Computer Science";"sorbit";"sorbit";"Cavity pressure substitution of Q-measure on injection molded parts by statistical modeling|Kavitetstryk til at substituere Q-maling af sprøjtestøbte emner ved statistisk modellering"
"";"dtu|dtupub|third_party";"";"2022-01-03T13:16:04.121Z";"Hamdan, Sebastian Jan";"";"2292735267";"";"dtu";"2015";"";"";"";"";"thesis";"dtu|dtu_electronic|dtupub_external";"";"";"";"";"";"";"";"";"";"";"";"";"";"Master of Science in Engineering|Master of Science in Materials and Manufacturing Engineering|Materialetek.|kandidat";"Master of Science in Engineering|Master of Science in Materials and Manufacturing Engineering|Materialetek.|kandidat";"Master of Science in Engineering|Master of Science in Materials and Manufacturing Engineering|Materialetek.|kandidat";"und";"56d754b0bf1945510200036c";"";"56d754b0bf1945510200036c";"DTU Department of Civil and Mechanical Engineering";"sorbit";"sorbit";"Investigation and Optimization of Microstructure and Mechanical Properties of Grey Cast Iron in Large Casting for Marine Application|Undersøgelse og optimering af mekaniske egenskaber af og mikrostruktur i store emner i grat støbejern"
"";"dtu|dtupub|third_party";"";"2022-01-03T13:16:39.699Z";"Viklund, Ingrid Amanda Victoria";"";"2307020646";"";"dtu";"2016";"";"";"";"";"thesis";"dtu|dtu_electronic|dtupub|dtupub_electronic";"";"";"";"";"";"";"";"";"";"";"";"";"";"Master of Science in Engineering|Master of Science in Engineering Management|Planl. innovation og led.|kandidat";"Master of Science in Engineering|Master of Science in Engineering Management|Planl. innovation og led.|kandidat";"Master of Science in Engineering|Master of Science in Engineering Management|Planl. innovation og led.|kandidat";"und";"57a1cf7912855c654e000208";"";"57a1cf7912855c654e000208";"DTU Department of Technology, Management and Economics";"sorbit";"sorbit";"Sustainability Appraisal in Infrastructure development Projects – Applying Certification and MCDA on the Fehmarn Belt Railway Extension|Bæredygtighedsvurdering pa infrastruktur projekter – anvendelse af certificering og MCDA pa Femern Bælt jernbaneforbindelsen"
"";"dtu|dtupub|third_party";"";"2022-01-03T13:07:09.104Z";"Carlsson, Fredrik Inge";"";"2307102005";"";"dtu";"2016";"";"";"";"";"thesis";"dtu|dtu_electronic|dtupub|dtupub_electronic";"";"";"";"";"";"";"";"";"";"";"";"";"";"Byggetek.|Master of Science in Civil Engineering|Master of Science in Engineering|kandidat";"Byggetek.|Master of Science in Civil Engineering|Master of Science in Engineering|kandidat";"Byggetek.|Master of Science in Civil Engineering|Master of Science in Engineering|kandidat";"und";"57a5c34012855c654e0003e3";"";"57a5c34012855c654e0003e3";"DTU Department of Civil Engineering";"sorbit";"sorbit";"Evaluating p-y curves for non-slender monopiles from cone penetration tests|Evaluering af p-y-kurver for monopæle baseret pa cone penetration test"
"";"dtu|dtupub|third_party";"";"2022-01-03T13:08:39.806Z";"Gu, Min";"";"2306781824";"";"dtu";"2016";"";"";"";"";"thesis";"dtu|dtu_electronic|dtupub|dtupub_electronic";"";"";"";"";"";"";"";"";"";"";"";"";"";"Informationstek.|Master of Science in Computer Science and Engineering|Master of Science in Engineering|kandidat";"Informationstek.|Master of Science in Computer Science and Engineering|Master of Science in Engineering|kandidat";"Informationstek.|Master of Science in Computer Science and Engineering|Master of Science in Engineering|kandidat";"und";"5795f1b56bbf232e70000bfd";"";"5795f1b56bbf232e70000bfd";"DTU Department of Applied Mathematics and Computer Science";"sorbit";"sorbit";"Access control extension of system models|Udvidelse af adgangskontrol af systemmodeller"
"";"dtu|dtupub|third_party";"";"2022-01-03T13:16:18.314Z";"Lodberg, Anders";"";"2292734156";"";"dtu";"2016";"";"";"";"";"thesis";"dtu|dtu_electronic|dtupub|dtupub_electronic";"";"";"";"";"";"";"";"";"";"";"";"";"";"Kemisk/biokemisk tek.|Master of Science in Chemical and Biochemical Engineering|Master of Science in Engineering|kandidat";"Kemisk/biokemisk tek.|Master of Science in Chemical and Biochemical Engineering|Master of Science in Engineering|kandidat";"Kemisk/biokemisk tek.|Master of Science in Chemical and Biochemical Engineering|Master of Science in Engineering|kandidat";"und";"56d754a9bf19455102000093";"";"56d754a9bf19455102000093";"DTU Department of Chemical and Biochemical Engineering";"sorbit";"sorbit";"Modeling and experiments for recycling of phosphorus|Modellering og eksperimenter for genanvendelse af fosfor"
"";"dtu|dtupub|third_party";"";"2022-01-06T23:53:28.045Z";"Nielsen, Mette Joan";"";"2307357286";"";"dtu";"2016";"";"";"";"";"thesis";"dtu|dtu_electronic|dtupub|dtupub_electronic";"";"";"";"";"";"";"";"";"";"";"";"";"";"Kemisk/biokemisk tek.|Master of Science in Chemical and Biochemical Engineering|Master of Science in Engineering|kandidat";"Kemisk/biokemisk tek.|Master of Science in Chemical and Biochemical Engineering|Master of Science in Engineering|kandidat";"Kemisk/biokemisk tek.|Master of Science in Chemical and Biochemical Engineering|Master of Science in Engineering|kandidat";"und";"57a9b7c53fec415c3b000069";"";"57a9b7c53fec415c3b000069";"DTU Department of Chemical and Biochemical Engineering";"sorbit";"sorbit";"Concentration of liquid from pre-treated sugar beets by using membrane technology|Opkoncentrering af væske fra forbehandlet sukkerroer med membranteknologi"
"";"dtu|dtupub|third_party";"";"2022-01-03T13:06:22.282Z";"Xufre, Elisabete Vieira";"";"2306907396";"";"dtu";"2016";"";"";"";"";"thesis";"dtu|dtu_electronic|dtupub|dtupub_electronic";"";"";"";"";"";"";"";"";"";"";"";"";"";"gæst udl.";"gæst udl.";"gæst udl.";"und";"579c88e26bbf232e70001443";"";"579c88e26bbf232e70001443";"DTU Department of Biotechnology and Biomedicine";"sorbit";"sorbit";"Developing quantitative mass spectrometry workflows for global identification and characterisation of post-translationally modified proteins|Udvikling af kvantitative massespektrometri arbejdsgange til global identifikation og karakterisering af post-translationelt modificerede proteiner"
"";"dtu|dtupub|third_party";"";"2022-01-06T23:53:52.364Z";"Manikarnika, Kiran";"";"2344805490";"";"dtu";"2016";"";"";"";"";"thesis";"dtu|dtu_electronic|dtupub|dtupub_electronic";"";"";"";"";"";"";"";"";"";"";"";"";"";"Master of Science in Engineering|Master of Science in Wind Energy|Vindenergi|kandidat";"Master of Science in Engineering|Master of Science in Wind Energy|Vindenergi|kandidat";"Master of Science in Engineering|Master of Science in Wind Energy|Vindenergi|kandidat";"und";"57dbd0c41f4bfa107d000006";"";"57dbd0c41f4bfa107d000006";"DTU Department of Wind and Energy Systems";"sorbit";"sorbit";"Compression Strength of Wrinkled Composite Laminate|Indflydelse af buler pa kompressionsstyrken af kompositlaminater"
"";"dtu|dtupub|third_party";"";"2022-01-11T08:43:41.650Z";"Kurz, Dorothee Luise";"";"2307114885";"";"dtu";"2016";"";"";"";"";"thesis";"dtu|dtu_electronic|dtupub_external";"";"";"";"";"";"";"";"";"";"";"";"";"";"Kemisk/biokemisk tek.|Master of Science in Chemical and Biochemical Engineering|Master of Science in Engineering|kandidat";"Kemisk/biokemisk tek.|Master of Science in Chemical and Biochemical Engineering|Master of Science in Engineering|kandidat";"Kemisk/biokemisk tek.|Master of Science in Chemical and Biochemical Engineering|Master of Science in Engineering|kandidat";"und";"57a714bf12855c654e00041b";"";"57a714bf12855c654e00041b";"DTU Department of Chemical and Biochemical Engineering";"sorbit";"sorbit";"Microbial diversity in a fast anaerobic biofilm digestion biogas system|Undersøgelse af mikrobiel diversitet i et anaerobisk biofilm system til biogas produktion"
"";"dtu|dtupub|third_party";"";"2022-01-03T13:11:40.157Z";"Bech, Rasmus";"";"2292736497";"";"dtu";"2015";"";"";"";"";"thesis";"dtu|dtu_electronic|dtupub_external";"";"";"";"";"";"";"";"";"";"";"";"";"";"Bioteknologi|Master of Science in Biotechnology|Master of Science in Engineering|kandidat";"Bioteknologi|Master of Science in Biotechnology|Master of Science in Engineering|kandidat";"Bioteknologi|Master of Science in Biotechnology|Master of Science in Engineering|kandidat";"und";"56d754b7bf194551020006dc";"";"56d754b7bf194551020006dc";"DTU Department of Biotechnology and Biomedicine";"sorbit";"sorbit";"Design and Construction of a genetic Circuit for high-throughput discovery of kinase inhitors in metagenomic libraries|Design og konstruktion af et genetisk kredsløb til high-throughput opdagelse af kinaseinhibiotorer i metagenom biblioteker."
"";"dtu|dtupub|third_party";"";"2022-01-03T13:16:19.717Z";"Pieper, Henrik";"";"2292734137";"";"dtu";"2016";"";"";"";"";"thesis";"dtu|dtu_electronic|dtupub|dtupub_electronic";"";"";"";"";"";"";"";"";"";"";"";"";"";"Bæredygtig energi|Master of Science in Engineering|Master of Science in Sustainable Energy|kandidat";"Bæredygtig energi|Master of Science in Engineering|Master of Science in Sustainable Energy|kandidat";"Bæredygtig energi|Master of Science in Engineering|Master of Science in Sustainable Energy|kandidat";"und";"56d754a9bf19455102000088";"";"56d754a9bf19455102000088";"DTU Department of Civil and Mechanical Engineering";"sorbit";"sorbit";"Modeling, Analysis and Prediction of Solar Heating Plant Performance|Modellering, analyse og prædiktion af ydelse af solvarmeanlæg"
"";"dtu|dtupub|third_party";"";"2022-01-03T13:12:23.426Z";"Rygaard, Anita Mac";"";"2305633402";"";"dtu";"2016";"";"";"";"";"thesis";"dtu|dtu_electronic|dtupub|dtupub_electronic";"";"";"";"";"";"";"";"";"";"";"";"";"";"Bioteknologi|Master of Science in Biotechnology|Master of Science in Engineering|kandidat";"Bioteknologi|Master of Science in Biotechnology|Master of Science in Engineering|kandidat";"Bioteknologi|Master of Science in Biotechnology|Master of Science in Engineering|kandidat";"und";"575ea6b7e6f951534a00e752";"";"575ea6b7e6f951534a00e752";"DTU Department of Biotechnology and Biomedicine";"sorbit";"sorbit";"Improved cultivation efficiency of marine bacteria|Forbedret dyrkbarhed af marine bakterier"
"";"dtu|dtupub|third_party";"";"2022-01-03T13:13:01.943Z";"Janus, Pawel Igor";"";"2306782242";"";"dtu";"2016";"";"";"";"";"thesis";"dtu|dtu_electronic|dtupub|dtupub_electronic";"";"";"";"";"";"";"";"";"";"";"";"";"";"Master of Science in Engineering|Master of Science in Petroleum Engineering|Olie- og gastek.|kandidat";"Master of Science in Engineering|Master of Science in Petroleum Engineering|Olie- og gastek.|kandidat";"Master of Science in Engineering|Master of Science in Petroleum Engineering|Olie- og gastek.|kandidat";"und";"5795f1c86bbf232e70000c79";"";"5795f1c86bbf232e70000c79";"DTU Department of Civil Engineering";"sorbit";"sorbit";"anisotropy of plastic clays|plastisk lers anisotropi"
"";"dtu|dtupub|third_party";"";"2022-01-03T13:05:10.785Z";"Hemmingsen, Simon Bøge|Jørgensen, Rasmus Krøyer";"";"2313645623";"";"dtu";"2016";"";"";"";"";"thesis";"dtu|dtu_electronic|dtupub|dtupub_electronic";"";"";"";"";"";"";"";"";"";"";"";"";"";"Digitale medietek.|Master of Science in Digital Media Engineering|Master of Science in Engineering|kandidat";"Digitale medietek.|Master of Science in Digital Media Engineering|Master of Science in Engineering|kandidat";"Digitale medietek.|Master of Science in Digital Media Engineering|Master of Science in Engineering|kandidat";"und";"57ab09543fec415c3b00018a";"";"57ab09543fec415c3b00018a";"DTU Department of Applied Mathematics and Computer Science";"sorbit";"sorbit";"Improving game design with eye tracking|Berigelse af spildesign ved hjælp af øjensporing"
"";"dtu|dtupub|third_party";"";"2022-01-03T13:16:39.771Z";"Mahmood, Faran";"";"2347513143";"";"dtu";"2016";"";"";"";"";"thesis";"dtu|dtu_electronic|dtupub|dtupub_electronic";"";"";"";"";"";"";"";"";"";"";"";"";"";"Master of Science in Engineering|Master of Science in Transportation and Logistics|Transp. og logistik|kandidat";"Master of Science in Engineering|Master of Science in Transportation and Logistics|Transp. og logistik|kandidat";"Master of Science in Engineering|Master of Science in Transportation and Logistics|Transp. og logistik|kandidat";"und";"58020c402f2c96d43a00000b";"";"58020c402f2c96d43a00000b";"DTU Department of Technology, Management and Economics";"sorbit";"sorbit";"The impact of time window sizes in the Danish model for Demand Responsive Transport|Effekt af størrelsen pa tidsvinduer i den danske model for behovsstyret transport"
"";"dtu|dtupub|third_party";"";"2022-01-03T13:12:55.447Z";"Rodriguez, Beatriz Callejo";"";"2342367045";"";"dtu";"2016";"";"";"";"";"thesis";"dtu|dtu_electronic|dtupub|dtupub_electronic";"";"";"";"";"";"";"";"";"";"";"";"";"";"Elektrotek.|Master of Science in Electrical Engineering|Master of Science in Engineering|kandidat";"Elektrotek.|Master of Science in Electrical Engineering|Master of Science in Engineering|kandidat";"Elektrotek.|Master of Science in Electrical Engineering|Master of Science in Engineering|kandidat";"und";"57c5674a8784c77e700000d5";"";"57c5674a8784c77e700000d5";"DTU Department of Electrical Engineering";"sorbit";"sorbit";"Sustainable Energy Supply Concept for a Residential Area in Sisimiut|Vedvarende energikoncept for boligblokke i Sisimiut."
"";"dtu|dtupub|third_party";"";"2022-01-03T13:08:41.081Z";"Jespersen, Martin Closter";"";"2307020648";"";"dtu";"2016";"";"";"";"";"thesis";"dtu|dtu_electronic|dtupub|dtupub_electronic";"";"";"";"";"";"";"";"";"";"";"";"";"";"Master of Science in Engineering|Master of science in Bioinformatics and Systems Biology|Systembiologi|kandidat";"Master of Science in Engineering|Master of science in Bioinformatics and Systems Biology|Systembiologi|kandidat";"Master of Science in Engineering|Master of science in Bioinformatics and Systems Biology|Systembiologi|kandidat";"und";"57a1cf7a12855c654e000213";"";"57a1cf7a12855c654e000213";"DTU Department of Biotechnology and Biomedicine";"sorbit";"sorbit";"Prediction of B cell epitopes using antigen and antibody sequence information|Forudsigelse af B-celle epitoper ved brug af antigen og antistof sekvensinformation"
"";"dtu|dtupub|third_party";"";"2022-01-03T13:12:13.404Z";"Pakbeen, Siavash";"";"2292735754";"";"dtu";"2015";"";"";"";"";"thesis";"dtu|dtu_electronic|dtupub|dtupub_electronic";"";"";"";"";"";"";"";"";"";"";"";"";"";"Elektrotek.|Master of Science in Electrical Engineering|Master of Science in Engineering|kandidat";"Elektrotek.|Master of Science in Electrical Engineering|Master of Science in Engineering|kandidat";"Elektrotek.|Master of Science in Electrical Engineering|Master of Science in Engineering|kandidat";"und";"56d754b3bf194551020004ee";"";"56d754b3bf194551020004ee";"DTU Department of Electrical Engineering";"sorbit";"sorbit";"Design of a Millimeter-Wave Balanced Power Amplifier|Design af en millimeterbølge balanceret effektforstærker"
"";"dtu|dtupub|third_party";"";"2022-01-06T23:53:43.311Z";"Brandt-Olsen, Cecilie Søs";"";"2306320585";"";"dtu";"2016";"";"";"";"";"thesis";"dtu|dtu_electronic|dtupub|dtupub_electronic";"";"";"";"";"";"";"";"";"";"";"";"";"";"Bygningsdesign|Master of Science in Engineering|Master og Science in Architectural Engineering|kandidat";"Bygningsdesign|Master of Science in Engineering|Master og Science in Architectural Engineering|kandidat";"Bygningsdesign|Master of Science in Engineering|Master og Science in Architectural Engineering|kandidat";"und";"577b935337562d157a00021a";"";"577b935337562d157a00021a";"DTU Department of Civil Engineering";"sorbit";"sorbit";"Calibrated modelling of form-active structures|Kalibreret modellering af form-aktive konstruktioner"
"";"dtu|dtupub|third_party";"";"2022-01-03T13:16:39.796Z";"Claramunt, Mireia Blasco";"";"2351104791";"";"dtu";"2016";"";"";"";"";"thesis";"dtu|dtu_electronic|dtupub|dtupub_electronic";"";"";"";"";"";"";"";"";"";"";"";"";"";"Bæredygtig energi|Master of Science in Engineering|Master of Science in Sustainable Energy|kandidat";"Bæredygtig energi|Master of Science in Engineering|Master of Science in Sustainable Energy|kandidat";"Bæredygtig energi|Master of Science in Engineering|Master of Science in Sustainable Energy|kandidat";"und";"587a12d0a2fc5a437a000044";"";"587a12d0a2fc5a437a000044";"DTU Department of Technology, Management and Economics";"sorbit";"sorbit";"Tariff framework for an intensified flexibility of combined heat and power and electric boilers in district heating|Tariffer for øget fleksibilitet fra kraftvarmeværker og elkedler i fjernvarmesystemet"
"";"dtu|dtupub|third_party";"";"2022-01-03T13:15:24.576Z";"Andreassen, Pipaluk Nynne Skamris";"";"2292737780";"";"dtu";"2015";"";"";"";"";"thesis";"dtu|dtu_electronic|dtupub|dtupub_electronic";"";"";"";"";"";"";"";"";"";"";"";"";"";"gæst dk";"gæst dk";"gæst dk";"und";"56d754bcbf19455102000b10";"";"56d754bcbf19455102000b10";"DTU National Veterinary Institute";"sorbit";"sorbit";"A retrospective cohort study of helminth infections in arctic fox (Vulpes lagopus) in Northeastern Greenland|Helmint infektioner hos arktisk ræv (Vulpes lagopus) i nordøst Grønland - et retrospektivt kohorte-studie"
"";"dtu|dtupub|third_party";"";"2022-01-03T13:15:58.703Z";"Boelskifte, Anton";"";"2292736374";"";"dtu";"2015";"";"";"";"";"thesis";"dtu|dtu_electronic|dtupub|dtupub_electronic";"";"";"";"";"";"";"";"";"";"";"";"";"";"Master of Science in Engineering|Master of Science in Transportation and Logistics|Transp. og logistik|kandidat";"Master of Science in Engineering|Master of Science in Transportation and Logistics|Transp. og logistik|kandidat";"Master of Science in Engineering|Master of Science in Transportation and Logistics|Transp. og logistik|kandidat";"und";"56d754b6bf1945510200069b";"";"56d754b6bf1945510200069b";"DTU Department of Transport";"sorbit";"sorbit";"Optimization of the ship loading problem|Optimering af lastning og losning af skibe"
"";"dtu|dtupub|third_party";"";"2022-01-03T13:12:17.877Z";"Böning, Georg Martin";"";"2292734811";"";"dtu";"2015";"";"";"";"";"thesis";"dtu|dtu_electronic|dtupub|dtupub_electronic";"";"";"";"";"";"";"";"";"";"";"";"";"";"gæst udl.";"gæst udl.";"gæst udl.";"und";"56d754adbf19455102000246";"";"56d754adbf19455102000246";"DTU Department of Electrical Engineering";"sorbit";"sorbit";"Model Predictive Control (MPC) -based energy management of smart buildings|Modelprædiktiv kontrol baseret energistyring af smartbygninger"
"";"dtu|dtupub|third_party";"";"2022-01-03T13:12:17.733Z";"Rossi, Marco";"";"2292735139";"";"dtu";"2015";"";"";"";"";"thesis";"dtu|dtu_electronic|dtupub|dtupub_electronic";"";"";"";"";"";"";"";"";"";"";"";"";"";"gæst udl.";"gæst udl.";"gæst udl.";"und";"56d754afbf19455102000313";"";"56d754afbf19455102000313";"DTU Department of Civil Engineering";"sorbit";"sorbit";"Pearl-chain Arch Bridges above Electric Railways|Perlekæde buebroer over elektrificerede jernbaner"
"";"dtu|dtupub|third_party";"";"2022-01-06T23:53:33.753Z";"Gallemi, Aleix Pinyol";"";"2305633461";"";"dtu";"2016";"";"";"";"";"thesis";"dtu|dtu_electronic|dtupub|dtupub_electronic";"";"";"";"";"";"";"";"";"";"";"";"";"";"Akvatisk teknologi|Master in Science in Aquatic Science and Technology|Master of Science in Engineering|kandidat";"Akvatisk teknologi|Master in Science in Aquatic Science and Technology|Master of Science in Engineering|kandidat";"Akvatisk teknologi|Master in Science in Aquatic Science and Technology|Master of Science in Engineering|kandidat";"und";"575ea753e6f951534a00eed7";"";"575ea753e6f951534a00eed7";"DTU National Institute of Aquatic Resources";"sorbit";"sorbit";"Testing biological methods to control harmful algae blooms in RAS|Testing biological methods to control harmful algae blooms in RAS."
"";"dtu|dtupub|third_party";"";"2022-01-03T13:15:48.373Z";"Jensen, Mathilde Dyrholm";"";"2292736261";"";"dtu";"2015";"";"";"";"";"thesis";"dtu|dtu_electronic|dtupub|dtupub_electronic";"";"";"";"";"";"";"";"";"";"";"";"";"";"gæst dk";"gæst dk";"gæst dk";"und";"56d754b6bf1945510200065a";"";"56d754b6bf1945510200065a";"DTU Department of Applied Mathematics and Computer Science";"sorbit";"sorbit";"3D measurements of endoscopic procedures for training and evaluation|3D malinger af endoskopi procedurer til træning og evaluering"
"";"dtu|dtupub|third_party";"";"2022-01-03T13:15:30.097Z";"Andersen, Stine Renberg|Rasmussen, David Wiese Nothlev";"";"2292737218";"";"dtu";"2015";"";"";"";"";"thesis";"dtu|dtu_electronic|dtupub_external";"";"";"";"";"";"";"";"";"";"";"";"";"";"Design og inn.|Master of Science in Design and Innovation|Master of Science in Engineering|kandidat";"Design og inn.|Master of Science in Design and Innovation|Master of Science in Engineering|kandidat";"Design og inn.|Master of Science in Design and Innovation|Master of Science in Engineering|kandidat";"und";"56d754babf19455102000918";"";"56d754babf19455102000918";"DTU Department of Civil and Mechanical Engineering";"sorbit";"sorbit";"Redesign of BK Medical's rectal scanner|Redesign af BK Medicals rectal scanner"
"";"dtu|dtupub|third_party";"";"2022-01-03T13:11:08.027Z";"Bertelsen, Ida Maria Gieysztor";"";"2292737499";"";"dtu";"2015";"";"";"";"";"thesis";"dtu|dtu_electronic|dtupub|dtupub_electronic";"";"";"";"";"";"";"";"";"";"";"";"";"";"Byggetek.|Master of Science in Civil Engineering|Master of Science in Engineering|kandidat";"Byggetek.|Master of Science in Civil Engineering|Master of Science in Engineering|kandidat";"Byggetek.|Master of Science in Civil Engineering|Master of Science in Engineering|kandidat";"und";"56d754bbbf194551020009fd";"";"56d754bbbf194551020009fd";"DTU Department of Civil Engineering";"sorbit";"sorbit";"Properties of Bricks produced from Greenlandic Clay|Properties of bricks produced from Greenlandic clay"
"";"dtu|dtupub|third_party";"";"2022-01-06T23:53:34.965Z";"Meyer-Brunswick, Sven Christian";"";"2306921192";"";"dtu";"2016";"";"";"";"";"thesis";"dtu|dtu_electronic|dtupub_external";"";"";"";"";"";"";"";"";"";"";"";"";"";"Fotonik|Master of Science in Engineering|Master of Science in Photonics Engineering|kandidat";"Fotonik|Master of Science in Engineering|Master of Science in Photonics Engineering|kandidat";"Fotonik|Master of Science in Engineering|Master of Science in Photonics Engineering|kandidat";"und";"579dda466bbf232e700014bc";"";"579dda466bbf232e700014bc";"DTU Department of Electrical and Photonics Engineering";"sorbit";"sorbit";"DWDM Structures for Aerial Free-Space Optical Communication Systems|DWDM strukturer til atmosfærisk frit rums optiske kommunikations systemer"
"";"dtu|dtupub|third_party";"";"2022-01-03T13:16:27.837Z";"Rajmohan, Rajath Sathyadev";"";"2307077450";"";"dtu";"2016";"";"";"";"";"thesis";"dtu|dtu_electronic|dtupub|dtupub_electronic";"";"";"";"";"";"";"";"";"";"";"";"";"";"Master of Science in Engineering|Master of Science in Environmental Engineering|Miljøteknologi|kandidat";"Master of Science in Engineering|Master of Science in Environmental Engineering|Miljøteknologi|kandidat";"Master of Science in Engineering|Master of Science in Environmental Engineering|Miljøteknologi|kandidat";"und";"57a471c612855c654e0003ca";"";"57a471c612855c654e0003ca";"DTU Department of Environmental and Resource Engineering";"sorbit";"sorbit";"Forward osmosis membrane based water extraction from anaerobic effluents|Vandekstraktion via direkte osmose membraner anvendt pa anaerobisk effluenter"
"";"dtu|dtupub|third_party";"";"2022-01-03T13:06:51.005Z";"Andreasen, Maria Natascha Vallentin|Larsen, Chalotte";"";"2307019782";"";"dtu";"2016";"";"";"";"";"thesis";"dtu|dtu_electronic|dtupub|dtupub_electronic";"";"";"";"";"";"";"";"";"";"";"";"";"";"Bygningsdesign|Master of Science in Engineering|Master og Science in Architectural Engineering|kandidat";"Bygningsdesign|Master of Science in Engineering|Master og Science in Architectural Engineering|kandidat";"Bygningsdesign|Master of Science in Engineering|Master og Science in Architectural Engineering|kandidat";"und";"57a1cece12855c654e0000a1";"";"57a1cece12855c654e0000a1";"DTU Department of Civil Engineering";"sorbit";"sorbit";"Indoor climate in Danish elementary schools|Indeklima i danske folkeskoler"
"";"dtu|dtupub|third_party";"";"2022-01-06T23:53:43.247Z";"Geertsen, Karl-Søren";"";"2342057119";"";"dtu";"2016";"";"";"";"";"thesis";"dtu|dtu_electronic|dtupub|dtupub_electronic";"";"";"";"";"";"";"";"";"";"";"";"";"";"Akvatisk teknologi|Master in Science in Aquatic Science and Technology|Master of Science in Engineering|kandidat";"Akvatisk teknologi|Master in Science in Aquatic Science and Technology|Master of Science in Engineering|kandidat";"Akvatisk teknologi|Master in Science in Aquatic Science and Technology|Master of Science in Engineering|kandidat";"und";"57becfc6febd22f360000194";"";"57becfc6febd22f360000194";"DTU National Institute of Aquatic Resources";"sorbit";"sorbit";"Numerical investigations of artificial surf reef|Numerical investigations of artificial surf reef"
"";"dtu|dtupub|third_party";"";"2022-01-03T13:11:52.952Z";"Tsouknidas, Christos";"";"2292735905";"";"dtu";"2015";"";"";"";"";"thesis";"dtu|dtu_electronic|dtupub|dtupub_electronic";"";"";"";"";"";"";"";"";"";"";"";"";"";"Master of Science in Engineering|Master of Science in Wind Energy|Vindenergi|kandidat";"Master of Science in Engineering|Master of Science in Wind Energy|Vindenergi|kandidat";"Master of Science in Engineering|Master of Science in Wind Energy|Vindenergi|kandidat";"und";"56d754b4bf19455102000572";"";"56d754b4bf19455102000572";"DTU Department of Wind and Energy Systems";"sorbit";"sorbit";"Control of a wind turbine in wake|Styring af en vindmølle i wake"
"";"dtu|dtupub|third_party";"";"2022-01-03T13:11:58.872Z";"Heebøll, Anna";"";"2292735895";"";"dtu";"2015";"";"";"";"";"thesis";"dtu|dtu_electronic|dtupub|dtupub_electronic";"";"";"";"";"";"";"";"";"";"";"";"";"";"Bygningsdesign|Master of Science in Engineering|Master og Science in Architectural Engineering|kandidat";"Bygningsdesign|Master of Science in Engineering|Master og Science in Architectural Engineering|kandidat";"Bygningsdesign|Master of Science in Engineering|Master og Science in Architectural Engineering|kandidat";"und";"56d754b4bf1945510200056c";"";"56d754b4bf1945510200056c";"DTU Department of Civil Engineering";"sorbit";"sorbit";"Evaluation of Indoor Climate in Renovated Primary Schools|Evaluering af indeklima i renoverede folkeskoler"
"";"dtu|dtupub|third_party";"";"2022-01-03T13:15:54.832Z";"Rashid, Rami El";"";"2292735896";"";"dtu";"2015";"";"";"";"";"thesis";"dtu|dtu_electronic|dtupub_external";"";"";"";"";"";"";"";"";"";"";"";"";"";"Master of Science in Engineering|Master of Science in Mathematical Modelling and Computation|Mat. modellering|kandidat";"Master of Science in Engineering|Master of Science in Mathematical Modelling and Computation|Mat. modellering|kandidat";"Master of Science in Engineering|Master of Science in Mathematical Modelling and Computation|Mat. modellering|kandidat";"und";"56d754b4bf1945510200056f";"";"56d754b4bf1945510200056f";"DTU Department of Applied Mathematics and Computer Science";"sorbit";"sorbit";"Modeling uncertainty in power price forecasting|Modellering af usikkerhed i el-pris forudsigelser"
"";"dtu|dtupub|third_party";"";"2022-01-03T13:12:56.884Z";"Rabøl, Mads Peter";"";"2306320315";"";"dtu";"2016";"";"";"";"";"thesis";"dtu|dtu_electronic|dtupub_external";"";"";"";"";"";"";"";"";"";"";"";"";"";"Master of Science in Engineering|Master of Science in Medicine and Technology|Medicin og tek.|kandidat";"Master of Science in Engineering|Master of Science in Medicine and Technology|Medicin og tek.|kandidat";"Master of Science in Engineering|Master of Science in Medicine and Technology|Medicin og tek.|kandidat";"und";"577b934437562d157a000157";"";"577b934437562d157a000157";"DTU Department of Applied Mathematics and Computer Science";"sorbit";"sorbit";"Optimisation of biodevice production|Optimering af biodevice produktion"
"Faba bean (Vicia Faba L.) is a nutritious high protein crop widely cultivated for uses of both food and feed. Its use has limited due to presence of anti-nutritional factors, including phytic acid, bitter taste and poor technological functionality. Phytic acid is the major storage of phosphorus in cereals and legumes lowering the bioavailability of proteins and micronutrients. The aim of this master's thesis was to study the impacts of bioprocessing with enzymes and lactic acid bacteria on both nutritional and textural value of faba bean flour. Food-grade phytase was applied for degradation of phytic acid in faba bean matrix. Fermentation technology with lactic acid bacteria was studied in aim to improve both technological and nutritional quality of faba bean. The specific objective studied with the aim of improving the technological properties of faba bean matrix with in situ exopolysaccharide, dextran production. The final step was to study the functionality of bioprocessed faba bean ingredients in extrusion. Extrusion process is a high-temperature short-time, modern and versatile operation widely used commercially to produce high-value expanded breakfast and snack foods based on cereals. Enzyme treatments were performed with food-grade phytase with three different enzyme activity doses (2, 10 and 20 U) and three treatment times (1, 2 and 4 h). Lactic acid bacteria fermentation was performed with <i>Weissella confusa</i> VTT E-143403, <i>Leuconostoc lactis</i> VTT E-032298 and <i>Lactobacillus plantarum</i> VTT E-78076. Fermentations were carried in small (0.5 kg) and in large (10-15 kg) scale. Extrusion was performed with twin-screw extruder using the bioprocessed faba bean as a raw material. Raw a material was mixed with rice flour (100 %, 50 % and 25 % addition levels of faba bean). Bioprocessing modified the nutritional value and texture of faba bean flour. Phytase treatment reduced phytic acid over 80 % improving also mineral and amino acid profile of faba bean. Faba bean flour was an excellent material for <i>in situ</i> dextran production. With <i>W. confusa</i>, 6.5 % dextran yield was achieved. Fermentation reduced the flatulence causing oligosaccharides and improved the amino acid and mineral composition. Bioprocessed faba bean flour showed moderate improvement on mechanical properties of extrudates. Maillard reactions caused challenge in extrusions with protein-rich material, especially in fermented samples with in situ produced dextran. However, fermentation with L. plantarum gave 55 % increase in crispiness index and reduced hardness 45 % at addition level of 25 %.";"dtu|dtupub";"VTT (former employee or external)";"2022-03-28T07:11:25.811Z";"Karsma, Anni";"";"2708546365";"";"dtu";"2015";"";"";"";"";"thesis";"dtu|dtu_electronic|dtupub|dtupub_electronic";"";"";"";"";"";"";"";"";"";"";"";"";"";"anti-nutritive factors|dextran|exopolysaccharide|extrusion cooking|faba bean (Vicia faba L.)|lactic acid bacteria fermentation|phytase|phytic acid";"anti-nutritive factors|dextran|exopolysaccharide|extrusion cooking|faba bean (Vicia faba L.)|lactic acid bacteria fermentation|phytase|phytic acid";"anti-nutritive factors|dextran|exopolysaccharide|extrusion cooking|faba bean (Vicia faba L.)|lactic acid bacteria fermentation|phytase|phytic acid";"eng";"6231fa062535aab6f3fe7d80";"";"6231fa062535aab6f3fe7d80";"Aalto University";"vtt";"vtt";"Bioprocessing with enzymes and lactic acid bacteria for production of new functional faba bean ingredients"
"";"dtu|dtupub|third_party";"";"2022-01-03T13:09:08.398Z";"Afriyie, Elvis";"";"2343121561";"";"dtu";"2016";"";"";"";"";"thesis";"dtu|dtu_electronic|dtupub_external";"";"";"";"";"";"";"";"";"";"";"";"";"";"Fødevareteknologi|Master of Science in Engineering|Master of Science in Food Technology|kandidat";"Fødevareteknologi|Master of Science in Engineering|Master of Science in Food Technology|kandidat";"Fødevareteknologi|Master of Science in Engineering|Master of Science in Food Technology|kandidat";"und";"57d5393e2993be9573000041";"";"57d5393e2993be9573000041";"DTU DTU National Food Institute";"sorbit";"sorbit";"Optimization of ion exchange step in tobramycin purification involving replacement of resin and substitution of buffer|Optimering af ionbytning for oprensning af tobramycin"
"";"dtu|dtupub|third_party";"";"2022-01-06T23:53:51.199Z";"Lochner, Tim Manuel";"";"2306945771";"";"dtu";"2016";"";"";"";"";"thesis";"dtu|dtu_electronic|dtupub_external";"";"";"";"";"";"";"";"";"";"";"";"";"";"Bæredygtig energi|Master of Science in Engineering|Master of Science in Sustainable Energy|kandidat";"Bæredygtig energi|Master of Science in Engineering|Master of Science in Sustainable Energy|kandidat";"Bæredygtig energi|Master of Science in Engineering|Master of Science in Sustainable Energy|kandidat";"und";"579f2c946bbf232e700018f8";"";"579f2c946bbf232e700018f8";"DTU Department of Energy Conversion and Storage";"sorbit";"sorbit";"Degradation analysis of high temperature PEM fuel cells|Degraderingsanalyse af højtemperatur PEM brændselsceller"
"";"dtu|dtupub|third_party";"";"2022-01-03T13:07:16.003Z";"Weissenborn, Marc";"";"2349116310";"";"dtu";"2016";"";"";"";"";"thesis";"dtu|dtu_electronic|dtupub_external";"";"";"";"";"";"";"";"";"";"";"";"";"";"Master of Science in Engineering|Master of Science in Wind Energy|Vindenergi|kandidat";"Master of Science in Engineering|Master of Science in Wind Energy|Vindenergi|kandidat";"Master of Science in Engineering|Master of Science in Wind Energy|Vindenergi|kandidat";"und";"5834335113270e8a3e000027";"";"5834335113270e8a3e000027";"DTU Department of Wind and Energy Systems";"sorbit";"sorbit";"Verification of Structural Integrity after Design Life for Wind Energy Turbines|Verification of Structural Integrity after Design Life for Wind Energy Turbines"
"";"dtu|dtupub|third_party";"";"2022-01-06T23:53:26.408Z";"Björnsson, Jóhann Björn";"";"2306781586";"";"dtu";"2016";"";"";"";"";"thesis";"dtu|dtu_electronic|dtupub|dtupub_electronic";"";"";"";"";"";"";"";"";"";"";"";"";"";"Informationstek.|Master of Science in Computer Science and Engineering|Master of Science in Engineering|kandidat";"Informationstek.|Master of Science in Computer Science and Engineering|Master of Science in Engineering|kandidat";"Informationstek.|Master of Science in Computer Science and Engineering|Master of Science in Engineering|kandidat";"und";"5795f1a66bbf232e70000b91";"";"5795f1a66bbf232e70000b91";"DTU Department of Applied Mathematics and Computer Science";"sorbit";"sorbit";"API-AnB: extending Alice and Bob notation for security APIs|API-AnB: at udvide Alice og Bob notationen til sikkerheds-API'er"
"";"dtu|dtupub|third_party";"";"2022-01-03T13:12:54.452Z";"Daul, Lucile";"";"2306206277";"";"dtu";"2016";"";"";"";"";"thesis";"dtu|dtu_electronic|dtupub_external";"";"";"";"";"";"";"";"";"";"";"";"";"";"Konst. og mekanik|Master of Science in Engineering|Master of Science in Engineering Design and Applied Mechanics|kandidat";"Konst. og mekanik|Master of Science in Engineering|Master of Science in Engineering Design and Applied Mechanics|kandidat";"Konst. og mekanik|Master of Science in Engineering|Master of Science in Engineering Design and Applied Mechanics|kandidat";"und";"57764d4237562d157a000058";"";"57764d4237562d157a000058";"DTU Department of Civil and Mechanical Engineering";"sorbit";"sorbit";"Design of a spine for a mobile island for laboratories|Design af struktur og function for en mobil laboratorie platform"
"";"dtu|dtupub|third_party";"";"2022-01-03T13:11:27.022Z";"Purk, Elisabeth Aloisia";"";"2292737184";"";"dtu";"2015";"";"";"";"";"thesis";"dtu|dtu_electronic|dtupub_external";"";"";"";"";"";"";"";"";"";"";"";"";"";"Bæredygtig energi|Master of Science in Engineering|Master of Science in Sustainable Energy|kandidat";"Bæredygtig energi|Master of Science in Engineering|Master of Science in Sustainable Energy|kandidat";"Bæredygtig energi|Master of Science in Engineering|Master of Science in Sustainable Energy|kandidat";"und";"56d754b9bf194551020008f6";"";"56d754b9bf194551020008f6";"DTU Department of Technology, Management and Economics";"sorbit";"sorbit";"Determination of failure rates and their business case impact for major electrical components in offshore wind turbines|Sandsynligheder for nedbrud af elektriske komponenter i hav-vindmøller og deres effekt pa business cases for vind parker"
"";"dtu|dtupub|third_party";"";"2022-01-03T13:11:25.712Z";"Casares, Beatriz Revilla";"";"2292736782";"";"dtu";"2015";"";"";"";"";"thesis";"dtu|dtu_electronic|dtupub_external";"";"";"";"";"";"";"";"";"";"";"";"";"";"Bygningsdesign|Master of Science in Engineering|Master og Science in Architectural Engineering|kandidat";"Bygningsdesign|Master of Science in Engineering|Master og Science in Architectural Engineering|kandidat";"Bygningsdesign|Master of Science in Engineering|Master og Science in Architectural Engineering|kandidat";"und";"56d754b8bf19455102000792";"";"56d754b8bf19455102000792";"DTU Department of Civil Engineering";"sorbit";"sorbit";"Optimization of the Design of current new Office Buildings to fulfill the future Energy Requirements in a Cost-effective way|Rentabel optimisering af eksisterende nye kontorbygninger til opfyldning af fremtidige krav til energiforbrug"
"";"dtu|dtupub|third_party";"";"2022-01-03T13:06:43.100Z";"Mathiesen, Kristoffer Skaftved";"";"2328004140";"";"dtu";"2016";"";"";"";"";"thesis";"dtu|dtu_electronic|dtupub|dtupub_electronic";"";"";"";"";"";"";"";"";"";"";"";"";"";"Fysik og nanotek.|Master of Science in Engineering|Master of Science in Physics and Nanotechnology|kandidat";"Fysik og nanotek.|Master of Science in Engineering|Master of Science in Physics and Nanotechnology|kandidat";"Fysik og nanotek.|Master of Science in Engineering|Master of Science in Physics and Nanotechnology|kandidat";"und";"57b2f24b272bfcc230000069";"";"57b2f24b272bfcc230000069";"DTU Department of Electrical and Photonics Engineering";"sorbit";"sorbit";"Fabrication and characterization of graphene nanostructures for plasmonic applications|Fabrikation og karakterisering af plasmoniske grafen nanostrukturer"
"";"dtu|dtupub|third_party";"";"2022-01-06T23:53:58.834Z";"Harksen, Tina Moikjær";"";"2307357323";"";"dtu";"2016";"";"";"";"";"thesis";"dtu|dtu_electronic|dtupub|dtupub_electronic";"";"";"";"";"";"";"";"";"";"";"";"";"";"Bygningsdesign|Master of Science in Engineering|Master og Science in Architectural Engineering|kandidat";"Bygningsdesign|Master of Science in Engineering|Master og Science in Architectural Engineering|kandidat";"Bygningsdesign|Master of Science in Engineering|Master og Science in Architectural Engineering|kandidat";"und";"57a9b7c73fec415c3b000080";"";"57a9b7c73fec415c3b000080";"DTU Department of Civil Engineering";"sorbit";"sorbit";"Implementation of Finite Element Analysis in the Parametric Design of a Shell Structure with Openings|Implementering af Finite Element analyse i parametrisk design af skalkonstruktion med abninger"
"";"dtu|dtupub|third_party";"";"2022-01-03T13:06:52.909Z";"Christ, Jasper Fabian";"";"2342524077";"";"dtu";"2016";"";"";"";"";"thesis";"dtu|dtu_electronic|dtupub_external";"";"";"";"";"";"";"";"";"";"";"";"";"";"Master of Science in Engineering|Master of Science in Engineering Management|Planl. innovation og led.|kandidat";"Master of Science in Engineering|Master of Science in Engineering Management|Planl. innovation og led.|kandidat";"Master of Science in Engineering|Master of Science in Engineering Management|Planl. innovation og led.|kandidat";"und";"57c80a51abd7812721000106";"";"57c80a51abd7812721000106";"DTU Department of Technology, Management and Economics";"sorbit";"sorbit";"Communicating for motivation in organisational change management|Kommunikation for motivation i organisatorisk forandringsledelse"
"";"dtu|dtupub|third_party";"";"2022-01-03T13:16:19.775Z";"Bangsrud, David Kristian Achen";"";"2292734081";"";"dtu";"2016";"";"";"";"";"thesis";"dtu|dtu_electronic|dtupub|dtupub_electronic";"";"";"";"";"";"";"";"";"";"";"";"";"";"Byggetek.|Master of Science in Civil Engineering|Master of Science in Engineering|kandidat";"Byggetek.|Master of Science in Civil Engineering|Master of Science in Engineering|kandidat";"Byggetek.|Master of Science in Civil Engineering|Master of Science in Engineering|kandidat";"und";"56d754a9bf19455102000063";"";"56d754a9bf19455102000063";"DTU Department of Civil Engineering";"sorbit";"sorbit";"A new durability strategy by application of surface treatment of concrete|En ny holdbarhedsstrategi med brug af overfladebehandling af beton"
"";"dtu|dtupub|third_party";"";"2022-01-03T13:08:47.758Z";"Segalina, Federico";"";"2306958725";"";"dtu";"2016";"";"";"";"";"thesis";"dtu|dtu_electronic|dtupub|dtupub_electronic";"";"";"";"";"";"";"";"";"";"";"";"";"";"Master of Science in Engineering|Master of Science in Materials and Manufacturing Engineering|Materialetek.|kandidat";"Master of Science in Engineering|Master of Science in Materials and Manufacturing Engineering|Materialetek.|kandidat";"Master of Science in Engineering|Master of Science in Materials and Manufacturing Engineering|Materialetek.|kandidat";"und";"57a07d466bbf232e700019e9";"";"57a07d466bbf232e700019e9";"DTU Department of Civil and Mechanical Engineering";"sorbit";"sorbit";"Modeling of chip formation|Modellering af spandannelse"
"";"dtu|dtupub|third_party";"";"2022-01-03T13:15:27.380Z";"Brzezinski, Pawel";"";"2292737244";"";"dtu";"2015";"";"";"";"";"thesis";"dtu|dtu_electronic|dtupub|dtupub_electronic";"";"";"";"";"";"";"";"";"";"";"";"";"";"Digitale medietek.|Master of Science in Digital Media Engineering|Master of Science in Engineering|kandidat";"Digitale medietek.|Master of Science in Digital Media Engineering|Master of Science in Engineering|kandidat";"Digitale medietek.|Master of Science in Digital Media Engineering|Master of Science in Engineering|kandidat";"und";"56d754babf19455102000931";"";"56d754babf19455102000931";"DTU Department of Applied Mathematics and Computer Science";"sorbit";"sorbit";"Analysis and Comparison of Low Level Graphics APIs|Analyse og sammenligning af lavniveau grafik APIer"
"";"dtu|dtupub|third_party";"";"2022-01-03T13:15:56.049Z";"Fournais, Mik";"";"2292735088";"";"dtu";"2015";"";"";"";"";"thesis";"dtu|dtu_electronic|dtupub|dtupub_electronic";"";"";"";"";"";"";"";"";"";"";"";"";"";"Master of Science in Engineering|Master of Science in Petroleum Engineering|Olie- og gastek.|kandidat";"Master of Science in Engineering|Master of Science in Petroleum Engineering|Olie- og gastek.|kandidat";"Master of Science in Engineering|Master of Science in Petroleum Engineering|Olie- og gastek.|kandidat";"und";"56d754afbf194551020002f6";"";"56d754afbf194551020002f6";"DTU Department of Civil Engineering";"sorbit";"sorbit";"Influecne by Porefluid on Rate-dependent Deformation of Chalk|Indflydelse af porevæske pa rateafhængig deformation af kridt"
"";"dtu|dtupub|third_party";"";"2022-01-03T13:07:22.400Z";"Viig, Oliver Johannes";"";"2306769377";"";"dtu";"2016";"";"";"";"";"thesis";"dtu|dtu_electronic|dtupub|dtupub_electronic";"";"";"";"";"";"";"";"";"";"";"";"";"";"Byggetek.|Master of Science in Civil Engineering|Master of Science in Engineering|kandidat";"Byggetek.|Master of Science in Civil Engineering|Master of Science in Engineering|kandidat";"Byggetek.|Master of Science in Civil Engineering|Master of Science in Engineering|kandidat";"und";"57949fcf6bbf232e70000527";"";"57949fcf6bbf232e70000527";"DTU Department of Technology, Management and Economics";"sorbit";"sorbit";"Nye BIM værktøjer som en integrerende tilgang til projektledelse|New BIM tools as an Integrative Project Management Approach"
"";"dtu|dtupub|third_party";"";"2022-01-03T13:12:23.223Z";"Osmanski, Alexander Sebastian von";"";"2292734161";"";"dtu";"2016";"";"";"";"";"thesis";"dtu|dtu_electronic|dtupub|dtupub_electronic";"";"";"";"";"";"";"";"";"";"";"";"";"";"Konst. og mekanik|Master of Science in Engineering|Master of Science in Engineering Design and Applied Mechanics|kandidat";"Konst. og mekanik|Master of Science in Engineering|Master of Science in Engineering Design and Applied Mechanics|kandidat";"Konst. og mekanik|Master of Science in Engineering|Master of Science in Engineering Design and Applied Mechanics|kandidat";"und";"56d754a9bf19455102000091";"";"56d754a9bf19455102000091";"DTU Department of Civil and Mechanical Engineering";"sorbit";"sorbit";"Linking the Aerodynamics of Compressible Fluid Films to Compliant Corrugated Structures of Foil Bearings - A Holistic Multphysic Approach|Dynamisk kobling mellem den kompressible luftfilm og den fleksible bølgestruktur i folielejer - en holistisk multfysisk tilgang"
"";"dtu|dtupub|third_party";"";"2022-01-03T13:16:34.091Z";"Ivanov, Lyubomir Yordanov";"";"2321128316";"";"dtu";"2016";"";"";"";"";"thesis";"dtu|dtu_electronic|dtupub|dtupub_electronic";"";"";"";"";"";"";"";"";"";"";"";"";"";"Informationstek.|Master of Science in Computer Science and Engineering|Master of Science in Engineering|kandidat";"Informationstek.|Master of Science in Computer Science and Engineering|Master of Science in Engineering|kandidat";"Informationstek.|Master of Science in Computer Science and Engineering|Master of Science in Engineering|kandidat";"und";"57b1a0d69baf2b177e000396";"";"57b1a0d69baf2b177e000396";"DTU Department of Applied Mathematics and Computer Science";"sorbit";"sorbit";"Application Level Defense Mechanism Against Denial of Service Attacks on Cloud-Based Services|Programorienteret Forsvar Imod Denial of Service (DoS) Angreb pa Cloud-Baserede Tjenester"
"";"dtu|dtupub|third_party";"";"2022-01-03T13:07:20.115Z";"Sigvardsen, Nina Marie";"";"2307019679";"";"dtu";"2016";"";"";"";"";"thesis";"dtu|dtu_electronic|dtupub|dtupub_electronic";"";"";"";"";"";"";"";"";"";"";"";"";"";"Byggetek.|Master of Science in Civil Engineering|Master of Science in Engineering|kandidat";"Byggetek.|Master of Science in Civil Engineering|Master of Science in Engineering|kandidat";"Byggetek.|Master of Science in Civil Engineering|Master of Science in Engineering|kandidat";"und";"57a1cec512855c654e000053";"";"57a1cec512855c654e000053";"DTU Department of Civil Engineering";"sorbit";"sorbit";"properties of concrete with co-combustion ash from coal and wood|Egenskaber for beton med samfyringsaske fra træ og kul"
"";"dtu|dtupub|third_party";"";"2022-01-03T13:09:16.391Z";"Andreasen, Jeppe Søbye";"";"2306206265";"";"dtu";"2016";"";"";"";"";"thesis";"dtu|dtu_electronic|dtupub|dtupub_electronic";"";"";"";"";"";"";"";"";"";"";"";"";"";"Byggetek.|Master of Science in Civil Engineering|Master of Science in Engineering|kandidat";"Byggetek.|Master of Science in Civil Engineering|Master of Science in Engineering|kandidat";"Byggetek.|Master of Science in Civil Engineering|Master of Science in Engineering|kandidat";"und";"57764d4237562d157a000057";"";"57764d4237562d157a000057";"DTU Department of Civil Engineering";"sorbit";"sorbit";"The function of air voids in concrete exposed to frost|Luftporenes funktion i beton, der udsættes for frost"
"";"dtu|dtupub|third_party";"";"2022-01-03T13:15:46.641Z";"Kiil, Anne Sofie";"";"2292735091";"";"dtu";"2015";"";"";"";"";"thesis";"dtu|dtu_electronic|dtupub|dtupub_electronic";"";"";"";"";"";"";"";"";"";"";"";"";"";"gæst dk";"gæst dk";"gæst dk";"und";"56d754afbf194551020002f7";"";"56d754afbf194551020002f7";"DTU Department of Environmental and Resource Engineering";"sorbit";"sorbit";"Operation of sequencing batch reactors and investigation of their microbial communities for high-performance nitritation with low N2O production|Operation af SBR (Sequencing Batch Reactors) og undersøgelse af deres mikrobielle samfund, under højtydende NH4+ --> NO2- forhold og lav N2O produktion"
"";"dtu|dtupub|third_party";"";"2022-01-03T13:15:46.546Z";"Izaga, Miriam Martinez|Larsen, Bjarke Damgaard";"";"2292735478";"";"dtu";"2015";"";"";"";"";"thesis";"dtu|dtu_electronic|dtupub|dtupub_electronic";"";"";"";"";"";"";"";"";"";"";"";"";"";"Design og inn.|Master of Science in Design and Innovation|Master of Science in Engineering|kandidat";"Design og inn.|Master of Science in Design and Innovation|Master of Science in Engineering|kandidat";"Design og inn.|Master of Science in Design and Innovation|Master of Science in Engineering|kandidat";"und";"56d754b1bf194551020003ef";"";"56d754b1bf194551020003ef";"DTU Department of Technology, Management and Economics";"sorbit";"sorbit";"Strategies for Global Product Development: The Chinese perspective|Strategier for global produktudvikling: Det kinesiske perspektiv"
"";"dtu|dtupub|third_party";"";"2022-01-03T13:15:43.039Z";"Olesen, Sita Vaag";"";"2292735573";"";"dtu";"2015";"";"";"";"";"thesis";"dtu|dtu_electronic|dtupub_external";"";"";"";"";"";"";"";"";"";"";"";"";"";"Anvendt kemi|Master of Science in Advanced and Applied Chemistry|Master of Science in Engineering|kandidat";"Anvendt kemi|Master of Science in Advanced and Applied Chemistry|Master of Science in Engineering|kandidat";"Anvendt kemi|Master of Science in Advanced and Applied Chemistry|Master of Science in Engineering|kandidat";"und";"56d754b1bf1945510200044c";"";"56d754b1bf1945510200044c";"DTU Department of Biotechnology and Biomedicine";"sorbit";"sorbit";"Biochemical characterisation of structural integrity and function of variants of inhibitor of starch debranching enzymes generated by computational protein redesign|Biokemisk karakterisering af strukturintegritet og funktion for varianter af proteinhæmmere af stivelsesafgrenende enzymer genereret ved hjælp af computerbaseret protein-redesign"
"";"dtu|dtupub|third_party";"";"2022-01-03T13:12:58.237Z";"Garcia, Juan Manuel Valladolid";"";"2346232583";"";"dtu";"2016";"";"";"";"";"thesis";"dtu|dtu_electronic|dtupub|dtupub_electronic";"";"";"";"";"";"";"";"";"";"";"";"";"";"Digitale medietek.|Master of Science in Digital Media Engineering|Master of Science in Engineering|kandidat";"Digitale medietek.|Master of Science in Digital Media Engineering|Master of Science in Engineering|kandidat";"Digitale medietek.|Master of Science in Digital Media Engineering|Master of Science in Engineering|kandidat";"und";"57ef9744ad6a549d0700007e";"";"57ef9744ad6a549d0700007e";"DTU Department of Applied Mathematics and Computer Science";"sorbit";"sorbit";"Rule based algorithm solution for treatment of heart failure patients|Regelbaseret algoritmisk løsning til behandling af hjertepatienter"
"";"dtu|dtupub|third_party";"";"2022-01-11T08:43:40.133Z";"Bærentsen, Maria";"";"2345803608";"";"dtu";"2016";"";"";"";"";"thesis";"dtu|dtu_electronic|dtupub_external";"";"";"";"";"";"";"";"";"";"";"";"";"";"Bioteknologi|Master of Science in Biotechnology|Master of Science in Engineering|kandidat";"Bioteknologi|Master of Science in Biotechnology|Master of Science in Engineering|kandidat";"Bioteknologi|Master of Science in Biotechnology|Master of Science in Engineering|kandidat";"und";"57e7ae3dbf85a91076000045";"";"57e7ae3dbf85a91076000045";"DTU National Veterinary Institute";"sorbit";"sorbit";"miRNA profiles in serum as markers for influenza vaccine response|miRNA profiler i serum som markør for influenza vaccine respons"
"";"dtu|dtupub|third_party";"";"2022-01-06T23:53:35.048Z";"Delsoglio, Marta";"";"2307114871";"";"dtu";"2016";"";"";"";"";"thesis";"dtu|dtu_electronic|dtupub_external";"";"";"";"";"";"";"";"";"";"";"";"";"";"gæst udl.";"gæst udl.";"gæst udl.";"und";"57a714bf12855c654e00040f";"";"57a714bf12855c654e00040f";"DTU Department of Biotechnology and Biomedicine";"sorbit";"sorbit";"Differential proteome analysis of interactions between probiotics and plant phenolics|Differentiel proteomanalyse af interaktioner mellem probiotika og plantefenoler"
"";"dtu|dtupub|third_party";"";"2022-01-03T13:16:27.619Z";"Jørgensen, Leander";"";"2306586886";"";"dtu";"2016";"";"";"";"";"thesis";"dtu|dtu_electronic|dtupub|dtupub_electronic";"";"";"";"";"";"";"";"";"";"";"";"";"";"Byggetek.|Master of Science in Civil Engineering|Master of Science in Engineering|kandidat";"Byggetek.|Master of Science in Civil Engineering|Master of Science in Engineering|kandidat";"Byggetek.|Master of Science in Civil Engineering|Master of Science in Engineering|kandidat";"und";"578cb6c16bbf232e70000208";"";"578cb6c16bbf232e70000208";"DTU Department of Civil Engineering";"sorbit";"sorbit";"Crushed concrete as internal Water reservoir in high strength concrete|Nedknust beton som internt vandreservoir i højstyrkebeton"
"";"dtu|dtupub|third_party";"";"2022-01-03T13:13:05.802Z";"Barnhoorn, Jeroen Gerard";"";"2328004863";"";"dtu";"2016";"";"";"";"";"thesis";"dtu|dtu_electronic|dtupub|dtupub_electronic";"";"";"";"";"";"";"";"";"";"";"";"";"";"Master of Science in Engineering|Master of Science in Wind Energy|Vindenergi|kandidat";"Master of Science in Engineering|Master of Science in Wind Energy|Vindenergi|kandidat";"Master of Science in Engineering|Master of Science in Wind Energy|Vindenergi|kandidat";"und";"57b2f254272bfcc2300000a8";"";"57b2f254272bfcc2300000a8";"DTU Department of Wind and Energy Systems";"sorbit";"sorbit";"Turbulence estimation from a continuous-wave scanning lidar (SpinnerLidar)|Maling af turbulens med en scanning continuous wave vind lidar (SpinnerLidar)"
"";"dtu|dtupub|third_party";"";"2022-01-03T13:07:49.821Z";"Davidsdottir, Edda|Johannsdottir, Gudrun Maria";"";"2342523984";"";"dtu";"2016";"";"";"";"";"thesis";"dtu|dtu_electronic|dtupub|dtupub_electronic";"";"";"";"";"";"";"";"";"";"";"";"";"";"Master of Science in Engineering|Master of Science in Engineering Management|Planl. innovation og led.|kandidat";"Master of Science in Engineering|Master of Science in Engineering Management|Planl. innovation og led.|kandidat";"Master of Science in Engineering|Master of Science in Engineering Management|Planl. innovation og led.|kandidat";"und";"57c80a4cabd78127210000f1";"";"57c80a4cabd78127210000f1";"DTU Department of Technology, Management and Economics";"sorbit";"sorbit";"Supply Chains in the Maritime Industry with a Moving Destination Point|Forsyningskæder i den maritime industri med et flytbart destinationspunkt"
"";"dtu|dtupub|third_party";"";"2022-01-03T13:16:27.839Z";"Tzamouranis, Nikolaos";"";"2307050831";"";"dtu";"2016";"";"";"";"";"thesis";"dtu|dtu_electronic|dtupub|dtupub_electronic";"";"";"";"";"";"";"";"";"";"";"";"";"";"Akvatisk teknologi|Master in Science in Aquatic Science and Technology|Master of Science in Engineering|kandidat";"Akvatisk teknologi|Master in Science in Aquatic Science and Technology|Master of Science in Engineering|kandidat";"Akvatisk teknologi|Master in Science in Aquatic Science and Technology|Master of Science in Engineering|kandidat";"und";"57a3205f12855c654e0002de";"";"57a3205f12855c654e0002de";"DTU National Institute of Aquatic Resources";"sorbit";"sorbit";"Fine scale mapping of cod aggregations using high resolution fisheries data|Kortlægning af torskens rumlige finskalafordeling udfra fiskeridata med høj geografisk og tidsmæssig opløsning"
"";"dtu|dtupub|third_party";"";"2022-01-03T13:09:23.457Z";"Jørgensen, Leif Thorbjørn";"";"2306791709";"";"dtu";"2016";"";"";"";"";"thesis";"dtu|dtu_electronic|dtupub|dtupub_electronic";"";"";"";"";"";"";"";"";"";"";"";"";"";"Bygningsdesign|Master of Science in Engineering|Master og Science in Architectural Engineering|kandidat";"Bygningsdesign|Master of Science in Engineering|Master og Science in Architectural Engineering|kandidat";"Bygningsdesign|Master of Science in Engineering|Master og Science in Architectural Engineering|kandidat";"und";"579743b96bbf232e70000fad";"";"579743b96bbf232e70000fad";"DTU Department of Civil Engineering";"sorbit";"sorbit";"Digital Registration of Buildings for Renovation|Digital Registrering af bygninger til renovering"
"";"dtu|dtupub|third_party";"";"2022-01-03T13:16:28.545Z";"Payet-burin, Raphaël";"";"2319852092";"";"dtu";"2016";"";"";"";"";"thesis";"dtu|dtu_electronic|dtupub|dtupub_electronic";"";"";"";"";"";"";"";"";"";"";"";"";"";"gæst udl.";"gæst udl.";"gæst udl.";"und";"57b04f539baf2b177e0001d4";"";"57b04f539baf2b177e0001d4";"DTU Department of Environmental and Resource Engineering";"sorbit";"sorbit";"Stochastic optimization of regional water - power systems under cooling constraints|Stochastisk optimering af regionale koblede vand- og energisystemer under hensyntagen til behovet for kølevand"
"";"dtu|dtupub|third_party";"";"2022-01-03T13:06:59.927Z";"Nerenst, Tim Brix";"";"2341981699";"";"dtu";"2016";"";"";"";"";"thesis";"dtu|dtu_electronic|dtupub|dtupub_electronic";"";"";"";"";"";"";"";"";"";"";"";"";"";"Konst. og mekanik|Master of Science in Engineering|Master of Science in Engineering Design and Applied Mechanics|kandidat";"Konst. og mekanik|Master of Science in Engineering|Master of Science in Engineering Design and Applied Mechanics|kandidat";"Konst. og mekanik|Master of Science in Engineering|Master of Science in Engineering Design and Applied Mechanics|kandidat";"und";"57bd7e76febd22f360000110";"";"57bd7e76febd22f360000110";"DTU Department of Civil and Mechanical Engineering";"sorbit";"sorbit";"Robust design investigation of fretting phenomena in large 2-stroke engines at MAN Diesel & Turbo|En robust design undersøgelse af slidfænomener i store 2-takts motorer hos MAN Diesel and Turbo"
"";"dtu|dtupub|third_party";"";"2022-01-03T13:12:53.301Z";"Witzansky, Simone Henriette";"";"2346232409";"";"dtu";"2016";"";"";"";"";"thesis";"dtu|dtu_electronic|dtupub_external";"";"";"";"";"";"";"";"";"";"";"";"";"";"Bioteknologi|Master of Science in Biotechnology|Master of Science in Engineering|kandidat";"Bioteknologi|Master of Science in Biotechnology|Master of Science in Engineering|kandidat";"Bioteknologi|Master of Science in Biotechnology|Master of Science in Engineering|kandidat";"und";"57ef973fad6a549d07000062";"";"57ef973fad6a549d07000062";"DTU Department of Biotechnology and Biomedicine";"sorbit";"sorbit";"Roles of lipids in type 2 diabetes remission after bariatric surgery|Lipiders rolle ved type 2 diabetes remission efter bariatric surgery"
"";"dtu|dtupub|third_party";"";"2022-01-03T13:08:16.362Z";"Jensen, Pernille|Gianelli, Carsten Gregers";"";"2305907512";"";"dtu";"2016";"";"";"";"";"thesis";"dtu|dtu_electronic|dtupub|dtupub_electronic";"";"";"";"";"";"";"";"";"";"";"";"";"";"åben udd.";"åben udd.";"åben udd.";"und";"57667b438d9f5dc14f000086";"";"57667b438d9f5dc14f000086";"DTU Department of Technology, Management and Economics";"sorbit";"sorbit";"Markedsregulering af HSSE-forhold i retailsektoren - Arbejdsmiljø på forpladser|Markedsregulering af HSSE-forhold i retailsektoren - Arbejdsmiljø pa forpladser"
"";"dtu|dtupub|third_party";"";"2022-01-03T13:12:24.357Z";"Larsen, Peter Sandvad";"";"2292734628";"";"dtu";"2016";"";"";"";"";"thesis";"dtu|dtu_electronic|dtupub|dtupub_electronic";"";"";"";"";"";"";"";"";"";"";"";"";"";"Digitale medietek.|Master of Science in Digital Media Engineering|Master of Science in Engineering|kandidat";"Digitale medietek.|Master of Science in Digital Media Engineering|Master of Science in Engineering|kandidat";"Digitale medietek.|Master of Science in Digital Media Engineering|Master of Science in Engineering|kandidat";"und";"56d754acbf194551020001ab";"";"56d754acbf194551020001ab";"DTU Department of Applied Mathematics and Computer Science";"sorbit";"sorbit";"Incorporating eye tracking in development of games design|Integrering af eye tracking data til udvikling af spil design"
"";"dtu|dtupub|third_party";"";"2022-01-03T13:16:17.406Z";"Kragesteen, Tróndur Jónsson";"";"2305633350";"";"dtu";"2016";"";"";"";"";"thesis";"dtu|dtu_electronic|dtupub|dtupub_electronic";"";"";"";"";"";"";"";"";"";"";"";"";"";"Akvatisk teknologi|Master in Science in Aquatic Science and Technology|Master of Science in Engineering|kandidat";"Akvatisk teknologi|Master in Science in Aquatic Science and Technology|Master of Science in Engineering|kandidat";"Akvatisk teknologi|Master in Science in Aquatic Science and Technology|Master of Science in Engineering|kandidat";"und";"575ea605e6f951534a00df6d";"";"575ea605e6f951534a00df6d";"DTU National Institute of Aquatic Resources";"sorbit";"sorbit";"Modelling dispersal of salmon lice in a tidal energetic island system: Faroe Islands|Modellering af dispersion af lakselus i et tidevandsdomineret system: Færøerne"
"";"dtu|dtupub|third_party";"";"2022-01-03T13:12:29.919Z";"Tzannes, Eleftherios Marios Kotsonis";"";"2292734839";"";"dtu";"2015";"";"";"";"";"thesis";"dtu|dtu_electronic|dtupub|dtupub_electronic";"";"";"";"";"";"";"";"";"";"";"";"";"";"Akustisk tek.|Master of Science in Engineering|Master of Science in Engineering Acoustics|kandidat";"Akustisk tek.|Master of Science in Engineering|Master of Science in Engineering Acoustics|kandidat";"Akustisk tek.|Master of Science in Engineering|Master of Science in Engineering Acoustics|kandidat";"und";"56d754adbf1945510200025b";"";"56d754adbf1945510200025b";"DTU Department of Electrical Engineering";"sorbit";"sorbit";"Evaluating non-ideal speech segregation systems using automatic speech recognition|Evaluering af ikke-ideelle taleadskillelse systemer ved hjælp af automatisk talegenkendelse"
"";"dtu|dtupub|third_party";"";"2022-01-03T13:15:37.564Z";"Nour, Nazer";"";"2292737336";"";"dtu";"2015";"";"";"";"";"thesis";"dtu|dtu_electronic|dtupub|dtupub_electronic";"";"";"";"";"";"";"";"";"";"";"";"";"";"Byggetek.|Master of Science in Civil Engineering|Master of Science in Engineering|kandidat";"Byggetek.|Master of Science in Civil Engineering|Master of Science in Engineering|kandidat";"Byggetek.|Master of Science in Civil Engineering|Master of Science in Engineering|kandidat";"und";"56d754babf19455102000981";"";"56d754babf19455102000981";"DTU Department of Civil Engineering";"sorbit";"sorbit";"Design of Light Concrete Bridge|Projektering af letbeton vejbro"
"";"dtu|dtupub|third_party";"";"2022-01-03T13:15:54.055Z";"Belando, Alejandro Gimenez";"";"2292736119";"";"dtu";"2015";"";"";"";"";"thesis";"dtu|dtu_electronic|dtupub|dtupub_electronic";"";"";"";"";"";"";"";"";"";"";"";"";"";"Elektrotek.|Master of Science in Electrical Engineering|Master of Science in Engineering|kandidat";"Elektrotek.|Master of Science in Electrical Engineering|Master of Science in Engineering|kandidat";"Elektrotek.|Master of Science in Electrical Engineering|Master of Science in Engineering|kandidat";"und";"56d754b5bf19455102000603";"";"56d754b5bf19455102000603";"DTU Department of Electrical Engineering";"sorbit";"sorbit";"Actuator Fault Diagnosis for Rotary-wing UAV|Fejldiagnose af aktuatorer for en ubemandet hexacopter"
"";"dtu|dtupub|third_party";"";"2022-01-03T13:11:42.282Z";"Zbib, Hani";"";"2292735466";"";"dtu";"2015";"";"";"";"";"thesis";"dtu|dtu_electronic|dtupub|dtupub_electronic";"";"";"";"";"";"";"";"";"";"";"";"";"";"Master of Science in Engineering|Master of Science in Transportation and Logistics|Transp. og logistik|kandidat";"Master of Science in Engineering|Master of Science in Transportation and Logistics|Transp. og logistik|kandidat";"Master of Science in Engineering|Master of Science in Transportation and Logistics|Transp. og logistik|kandidat";"und";"56d754b1bf194551020003e7";"";"56d754b1bf194551020003e7";"DTU Department of Transport";"sorbit";"sorbit";"Optimizing Street Cleaning: The Case of Copenhagen|Optimering af gadefejning: Case study for København"
"";"dtu|dtupub|third_party";"";"2022-01-03T13:15:57.601Z";"Hall, Stephen Francois Marcel";"";"2292735309";"";"dtu";"2015";"";"";"";"";"thesis";"dtu|dtu_electronic|dtupub_external";"";"";"";"";"";"";"";"";"";"";"";"";"";"Master of Science in Engineering|Master of Science in Mathematical Modelling and Computation|Mat. modellering|kandidat";"Master of Science in Engineering|Master of Science in Mathematical Modelling and Computation|Mat. modellering|kandidat";"Master of Science in Engineering|Master of Science in Mathematical Modelling and Computation|Mat. modellering|kandidat";"und";"56d754b0bf19455102000384";"";"56d754b0bf19455102000384";"DTU Department of Electrical Engineering";"sorbit";"sorbit";"Comparison of approaches to the unit commitment optimization under uncertainty of a co-generation energy plant|Sammenligning af tilgange optimering under usikkerhed af enhedsengagement for et kraftvarmeværk"
"";"dtu|dtupub|third_party";"";"2022-01-03T13:11:16.079Z";"Andersen, Anders Christian";"";"2292737470";"";"dtu";"2015";"";"";"";"";"thesis";"dtu|dtu_electronic|dtupub_external";"";"";"";"";"";"";"";"";"";"";"";"";"";"Master of Science in Engineering|Master of Science in Mathematical Modelling and Computation|Mat. modellering|kandidat";"Master of Science in Engineering|Master of Science in Mathematical Modelling and Computation|Mat. modellering|kandidat";"Master of Science in Engineering|Master of Science in Mathematical Modelling and Computation|Mat. modellering|kandidat";"und";"56d754bbbf194551020009ea";"";"56d754bbbf194551020009ea";"DTU Department of Technology, Management and Economics";"sorbit";"sorbit";"A Math Heuristic Algorithm for Optimal Wealth Planning of Individuals|En math-heuristisk algoritme for optimal formueplanlægning for private"
"";"dtu|dtupub|third_party";"";"2022-01-03T13:15:29.085Z";"Frie, Dennis Grøndahl";"";"2292737513";"";"dtu";"2015";"";"";"";"";"thesis";"dtu|dtu_electronic|dtupub_external";"";"";"";"";"";"";"";"";"";"";"";"";"";"Elektrotek.|Master of Science in Electrical Engineering|Master of Science in Engineering|kandidat";"Elektrotek.|Master of Science in Electrical Engineering|Master of Science in Engineering|kandidat";"Elektrotek.|Master of Science in Electrical Engineering|Master of Science in Engineering|kandidat";"und";"56d754bbbf19455102000a05";"";"56d754bbbf19455102000a05";"DTU Department of Electrical Engineering";"sorbit";"sorbit";"Efficiency optimzed flyback converter with power factor correction for audio power amplifier applications based on new control algorithms|Effiktivitets optimeret flyback omformer med power faktor korrektion til audio effekt forstærker anvendelser baseret pa nye kontrol algorithmer"
"";"dtu|dtupub|third_party";"";"2022-01-03T13:08:16.575Z";"Østergaard, Anders Christian Drivsholm";"";"2306445510";"";"dtu";"2016";"";"";"";"";"thesis";"dtu|dtu_electronic|dtupub_external";"";"";"";"";"";"";"";"";"";"";"";"";"";"Master of Science in Engineering|Master of Science in Engineering Management|Planl. innovation og led.|kandidat";"Master of Science in Engineering|Master of Science in Engineering Management|Planl. innovation og led.|kandidat";"Master of Science in Engineering|Master of Science in Engineering Management|Planl. innovation og led.|kandidat";"und";"57822acec34db37569000186";"";"57822acec34db37569000186";"DTU Department of Technology, Management and Economics";"sorbit";"sorbit";"Stochastic Tonnage Demand Modelling in Tanker Shipping|Stokastisk modellering af efterspørgsel for tankskibsmarkedet"
"";"dtu|dtupub|third_party";"";"2022-01-06T23:53:28.179Z";"Kittel, Cecile Marie Margaretha";"";"2350717227";"";"dtu";"2016";"";"";"";"";"thesis";"dtu|dtu_electronic|dtupub|dtupub_electronic";"";"";"";"";"";"";"";"";"";"";"";"";"";"Master of Science in Engineering|Master of Science in Environmental Engineering|Miljøteknologi|kandidat";"Master of Science in Engineering|Master of Science in Environmental Engineering|Miljøteknologi|kandidat";"Master of Science in Engineering|Master of Science in Environmental Engineering|Miljøteknologi|kandidat";"und";"586f86d1ab66ae9d32000022";"";"586f86d1ab66ae9d32000022";"DTU Department of Environmental and Resource Engineering";"sorbit";"sorbit";"Informing hydrological models with multi-mission remote sensing data|Multi-mission remote sensing data som input til hydrologiske modeller"
"";"dtu|dtupub|third_party";"";"2022-01-03T13:11:14.851Z";"Ewertsen, Mikkel Korner";"";"2292737562";"";"dtu";"2015";"";"";"";"";"thesis";"dtu|dtu_electronic|dtupub|dtupub_electronic";"";"";"";"";"";"";"";"";"";"";"";"";"";"Bygningsdesign|Master of Science in Engineering|Master og Science in Architectural Engineering|kandidat";"Bygningsdesign|Master of Science in Engineering|Master og Science in Architectural Engineering|kandidat";"Bygningsdesign|Master of Science in Engineering|Master og Science in Architectural Engineering|kandidat";"und";"56d754bbbf19455102000a3a";"";"56d754bbbf19455102000a3a";"DTU Department of Civil Engineering";"sorbit";"sorbit";"Simulation-based assessment and design of Enhanced Daylight Quality and its Impact on Thermal Indoor Environment and Energy Consumption, performed on different Housing Units in a Brickwork Apartment Block from the 1950's: Højstrupparken in Odense|Simulation-based assessment and design of enhanced daylight quality and its impact on thermal indoor environment and energy consumption, performed on different housing units in a brickwork ..."
"";"dtu|dtupub|third_party";"";"2022-01-06T23:53:20.055Z";"Klejs, Frederik";"";"2342304564";"";"dtu";"2016";"";"";"";"";"thesis";"dtu|dtu_electronic|dtupub|dtupub_electronic";"";"";"";"";"";"";"";"";"";"";"";"";"";"Fotonik|Master of Science in Engineering|Master of Science in Photonics Engineering|kandidat";"Fotonik|Master of Science in Engineering|Master of Science in Photonics Engineering|kandidat";"Fotonik|Master of Science in Engineering|Master of Science in Photonics Engineering|kandidat";"und";"57c2c4408784c77e7000005e";"";"57c2c4408784c77e7000005e";"DTU Department of Electrical and Photonics Engineering";"sorbit";"sorbit";"Ytterbium optical fiber amplifier|Ytterbium optisk fiberforstærker"
"";"dtu|dtupub|third_party";"";"2022-01-03T13:12:09.047Z";"Gavor, Kwaku Mensah";"";"2292735690";"";"dtu";"2015";"";"";"";"";"thesis";"dtu|dtu_electronic|dtupub|dtupub_electronic";"";"";"";"";"";"";"";"";"";"";"";"";"";"Konst. og mekanik|Master of Science in Engineering|Master of Science in Engineering Design and Applied Mechanics|kandidat";"Konst. og mekanik|Master of Science in Engineering|Master of Science in Engineering Design and Applied Mechanics|kandidat";"Konst. og mekanik|Master of Science in Engineering|Master of Science in Engineering Design and Applied Mechanics|kandidat";"und";"56d754b2bf194551020004bc";"";"56d754b2bf194551020004bc";"DTU Department of Civil and Mechanical Engineering";"sorbit";"sorbit";"Design of radar level gauge in LNG tank by looking at vibrations from propulsion systems|Design af højdemaler til LNG tanke ud fra vibrationskrav"
"";"dtu|dtupub|third_party";"";"2022-01-03T13:13:07.076Z";"Bachmann, Thomas Børgesen";"";"2351661168";"";"dtu";"2016";"";"";"";"";"thesis";"dtu|dtu_electronic|dtupub_external";"";"";"";"";"";"";"";"";"";"";"";"";"";"Master of Science in Engineering|Master of Science in Engineering Management|Planl. innovation og led.|kandidat";"Master of Science in Engineering|Master of Science in Engineering Management|Planl. innovation og led.|kandidat";"Master of Science in Engineering|Master of Science in Engineering Management|Planl. innovation og led.|kandidat";"und";"5890457e54602411490000ea";"";"5890457e54602411490000ea";"DTU Department of Technology, Management and Economics";"sorbit";"sorbit";"Resource Allocation in Regulatory Affairs|Tildeling af resourcer i Regulatory Affairs"
"";"dtu|dtupub|third_party";"";"2022-01-03T13:11:16.093Z";"Hansen, Sine Thrane";"";"2292735077";"";"dtu";"2015";"";"";"";"";"thesis";"dtu|dtu_electronic|dtupub|dtupub_electronic";"";"";"";"";"";"";"";"";"";"";"";"";"";"gæst dk";"gæst dk";"gæst dk";"und";"56d754afbf194551020002f1";"";"56d754afbf194551020002f1";"DTU Department of Environmental and Resource Engineering";"sorbit";"sorbit";"Mixture toxicity of biosolids: Algal growth inhibition test in direct contact exposure setup|Mixture toxicity of biosolids: Algal growth inhibition test in direct contact exposure setup"
"";"dtu|dtupub|third_party";"";"2022-01-03T13:11:16.673Z";"Hansen, Jacob Bøgelund";"";"2292737374";"";"dtu";"2015";"";"";"";"";"thesis";"dtu|dtu_electronic|dtupub|dtupub_electronic";"";"";"";"";"";"";"";"";"";"";"";"";"";"Informationstek.|Master of Science in Computer Science and Engineering|Master of Science in Engineering|kandidat";"Informationstek.|Master of Science in Computer Science and Engineering|Master of Science in Engineering|kandidat";"Informationstek.|Master of Science in Computer Science and Engineering|Master of Science in Engineering|kandidat";"und";"56d754babf1945510200099a";"";"56d754babf1945510200099a";"DTU Department of Applied Mathematics and Computer Science";"sorbit";"sorbit";"A Formal Specification Language for Generic Railway Control Systems|Et Formelt Specificationssprog for Generiske Jernbane-sikringsanlæg"
"";"dtu|dtupub|third_party";"";"2022-01-03T13:15:48.286Z";"Munch-Petersen, Gitte Normann";"";"2292735708";"";"dtu";"2015";"";"";"";"";"thesis";"dtu|dtu_electronic|dtupub_external";"";"";"";"";"";"";"";"";"";"";"";"";"";"åben udd.";"åben udd.";"åben udd.";"und";"56d754b3bf194551020004cf";"";"56d754b3bf194551020004cf";"DTU Department of Civil Engineering";"sorbit";"sorbit";"Analysis of Concrete in Lillebæltsbroen|Analyse af Lillebæltsbroens beton"
"";"dtu|dtupub|third_party";"";"2022-01-03T13:15:45.256Z";"Christiansen, Andreas Moesgaard";"";"2292735501";"";"dtu";"2015";"";"";"";"";"thesis";"dtu|dtu_electronic|dtupub|dtupub_electronic";"";"";"";"";"";"";"";"";"";"";"";"";"";"Anvendt kemi|Master of Science in Advanced and Applied Chemistry|Master of Science in Engineering|kandidat";"Anvendt kemi|Master of Science in Advanced and Applied Chemistry|Master of Science in Engineering|kandidat";"Anvendt kemi|Master of Science in Advanced and Applied Chemistry|Master of Science in Engineering|kandidat";"und";"56d754b1bf19455102000405";"";"56d754b1bf19455102000405";"DTU Department of Chemistry";"sorbit";"sorbit";"Methods to functionalize beta-peptoid helices|Metoder til funktionalisering af beta-peptoid helixer"
"";"dtu|dtupub|third_party";"";"2022-01-03T13:15:23.416Z";"Gebski, Bartlomiej Krzysztof";"";"2292735902";"";"dtu";"2015";"";"";"";"";"thesis";"dtu|dtu_electronic|dtupub_external";"";"";"";"";"";"";"";"";"";"";"";"";"";"Informationstek.|Master of Science in Computer Science and Engineering|Master of Science in Engineering|kandidat";"Informationstek.|Master of Science in Computer Science and Engineering|Master of Science in Engineering|kandidat";"Informationstek.|Master of Science in Computer Science and Engineering|Master of Science in Engineering|kandidat";"und";"56d754b4bf19455102000571";"";"56d754b4bf19455102000571";"DTU Department of Applied Mathematics and Computer Science";"sorbit";"sorbit";"Modeling in Distributed Collaboration Software Systems|Modellering i Distributed Collaboration Software Systemer"
"";"dtu|dtupub|third_party";"";"2022-01-03T13:08:04.132Z";"Nielsen, Magnus Bjarke Bang";"";"2346074481";"";"dtu";"2016";"";"";"";"";"thesis";"dtu|dtu_electronic|dtupub|dtupub_electronic";"";"";"";"";"";"";"";"";"";"";"";"";"";"Informationstek.|Master of Science in Computer Science and Engineering|Master of Science in Engineering|kandidat";"Informationstek.|Master of Science in Computer Science and Engineering|Master of Science in Engineering|kandidat";"Informationstek.|Master of Science in Computer Science and Engineering|Master of Science in Engineering|kandidat";"und";"57ecf447ad6a549d07000039";"";"57ecf447ad6a549d07000039";"DTU Department of Applied Mathematics and Computer Science";"sorbit";"sorbit";"iBeacons application in the registration and processing of user data|iBeacons anvendelser indenfor registrering og behandling af bruger-data"
"";"dtu|dtupub|third_party";"";"2022-01-03T13:13:21.812Z";"Nader, Joe Abi";"";"2305633514";"";"dtu";"2016";"";"";"";"";"thesis";"dtu|dtu_electronic|dtupub_external";"";"";"";"";"";"";"";"";"";"";"";"";"";"Master of Science in Engineering|Master of Science in Mathematical Modelling and Computation|Mat. modellering|kandidat";"Master of Science in Engineering|Master of Science in Mathematical Modelling and Computation|Mat. modellering|kandidat";"Master of Science in Engineering|Master of Science in Mathematical Modelling and Computation|Mat. modellering|kandidat";"und";"575ea7b2e6f951534a00f2fa";"";"575ea7b2e6f951534a00f2fa";"DTU Department of Technology, Management and Economics";"sorbit";"sorbit";"Portfolio Optimization and Asset Management|Portefølje optimering og Asset Management."
"";"dtu|dtupub|third_party";"";"2022-01-03T13:12:23.464Z";"Nielsen, Andreas Nexmann";"";"2292734145";"";"dtu";"2016";"";"";"";"";"thesis";"dtu|dtu_electronic|dtupub|dtupub_electronic";"";"";"";"";"";"";"";"";"";"";"";"";"";"Master of Science in Engineering|Master of Science in Medicine and Technology|Medicin og tek.|kandidat";"Master of Science in Engineering|Master of Science in Medicine and Technology|Medicin og tek.|kandidat";"Master of Science in Engineering|Master of Science in Medicine and Technology|Medicin og tek.|kandidat";"und";"56d754a9bf1945510200008d";"";"56d754a9bf1945510200008d";"DTU Department of Electrical Engineering";"sorbit";"sorbit";"Optimization of gradient trajectories for fast spectroscopic magnetic resonance imaging|Optimering af gradientanvendelse for hurtig spektroskopisk magnetisk resonans skanning"
"";"dtu|dtupub|third_party";"";"2022-01-03T13:15:58.526Z";"Krishna, Vinay Belathur";"";"2292736397";"";"dtu";"2015";"";"";"";"";"thesis";"dtu|dtu_electronic|dtupub_external";"";"";"";"";"";"";"";"";"";"";"";"";"";"Master of Science in Engineering|Master of Science in Wind Energy|Vindenergi|kandidat";"Master of Science in Engineering|Master of Science in Wind Energy|Vindenergi|kandidat";"Master of Science in Engineering|Master of Science in Wind Energy|Vindenergi|kandidat";"und";"56d754b6bf194551020006a5";"";"56d754b6bf194551020006a5";"DTU Department of Wind and Energy Systems";"sorbit";"sorbit";"Self-consistency check for nacelle transfer function (NTF) using the nacelle power curve (NPC) and risk assessment for implementing the IEC-61400-12-2 standard|Verifikation af nacelle transformation funktion (NTF) for en nacelle baseret effektkurve (NPC) og risiko vurdering ved indførelse af IEC 61400-12-2 standarden"
"";"dtu|dtupub|third_party";"";"2022-01-03T13:06:13.408Z";"Egilsson, Pétur Ingi";"";"2341622219";"";"dtu";"2016";"";"";"";"";"thesis";"dtu|dtu_electronic|dtupub|dtupub_electronic";"";"";"";"";"";"";"";"";"";"";"";"";"";"Informationstek.|Master of Science in Computer Science and Engineering|Master of Science in Engineering|kandidat";"Informationstek.|Master of Science in Computer Science and Engineering|Master of Science in Engineering|kandidat";"Informationstek.|Master of Science in Computer Science and Engineering|Master of Science in Engineering|kandidat";"und";"57b8383f3e47d6ad7700002d";"";"57b8383f3e47d6ad7700002d";"DTU Department of Applied Mathematics and Computer Science";"sorbit";"sorbit";"Model-based Software Validation: Validating Distributed Systems against ECNO Specifications|Model-baseret Software Validering: Validering af distribuerede systemer i forhold til ECNO-specifikationer"
"";"dtu|dtupub|third_party";"";"2022-01-03T13:12:21.820Z";"Østerlund, Mark Thomas";"";"2292734822";"";"dtu";"2015";"";"";"";"";"thesis";"dtu|dtu_electronic|dtupub|dtupub_electronic";"";"";"";"";"";"";"";"";"";"";"";"";"";"Master of Science in Engineering|Master of science in Bioinformatics and Systems Biology|Systembiologi|kandidat";"Master of Science in Engineering|Master of science in Bioinformatics and Systems Biology|Systembiologi|kandidat";"Master of Science in Engineering|Master of science in Bioinformatics and Systems Biology|Systembiologi|kandidat";"und";"56d754adbf1945510200024c";"";"56d754adbf1945510200024c";"DTU Department of Biotechnology and Biomedicine";"sorbit";"sorbit";"Selection of 16S rRNA variable regions to optimise precision and recall when mapping reads|Udvælgelse af 16S rRNA variable regioner til optimering af precision og recall ved mapping af reads"
"";"dtu|dtupub|third_party";"";"2022-01-03T13:15:59.027Z";"Lazar, Bogdan Mihai";"";"2292735434";"";"dtu";"2015";"";"";"";"";"thesis";"dtu|dtu_electronic|dtupub|dtupub_electronic";"";"";"";"";"";"";"";"";"";"";"";"";"";"Master of Science in Engineering|Master of Science in Engineering Management|Planl. innovation og led.|kandidat";"Master of Science in Engineering|Master of Science in Engineering Management|Planl. innovation og led.|kandidat";"Master of Science in Engineering|Master of Science in Engineering Management|Planl. innovation og led.|kandidat";"und";"56d754b0bf194551020003c6";"";"56d754b0bf194551020003c6";"DTU Department of Technology, Management and Economics";"sorbit";"sorbit";"Metaheuristics for the Dynamic Patient Admission Scheduling Problem|Metaheuristics for the Dynamic Patient Admission Scheduling Problem"
"";"dtu|dtupub|third_party";"";"2022-01-03T13:13:05.950Z";"Sigurjónsson, Bjarki";"";"2342057199";"";"dtu";"2016";"";"";"";"";"thesis";"dtu|dtu_electronic|dtupub|dtupub_electronic";"";"";"";"";"";"";"";"";"";"";"";"";"";"Master of Science in Engineering|Master of science in Bioinformatics and Systems Biology|Systembiologi|kandidat";"Master of Science in Engineering|Master of science in Bioinformatics and Systems Biology|Systembiologi|kandidat";"Master of Science in Engineering|Master of science in Bioinformatics and Systems Biology|Systembiologi|kandidat";"und";"57becfdbfebd22f36000021f";"";"57becfdbfebd22f36000021f";"DTU Department of Biotechnology and Biomedicine";"sorbit";"sorbit";"Genome-wide survey of potential tumor-specific epitopes|Genom-undersøgelse af potentielle tumorspecifikke epitoper"
"";"dtu|dtupub|third_party";"";"2022-01-03T13:13:03.657Z";"Zaffaroni, Giorgio Giovanni Battista";"";"2306946210";"";"dtu";"2016";"";"";"";"";"thesis";"dtu|dtu_electronic|dtupub_external";"";"";"";"";"";"";"";"";"";"";"";"";"";"Master of Science in Engineering|Master of Science in Materials and Manufacturing Engineering|Materialetek.|kandidat";"Master of Science in Engineering|Master of Science in Materials and Manufacturing Engineering|Materialetek.|kandidat";"Master of Science in Engineering|Master of Science in Materials and Manufacturing Engineering|Materialetek.|kandidat";"und";"579f2cb46bbf232e700019b3";"";"579f2cb46bbf232e700019b3";"DTU Department of Civil and Mechanical Engineering";"sorbit";"sorbit";"Impact of embossing process on finished welded tubes: Microstructural and Corrosion issues|Mikrostruktur og korrosion af svejsede rør"
"";"dtu|dtupub|third_party";"";"2022-01-03T13:15:42.808Z";"Hedegaard, Jens";"";"2292736961";"";"dtu";"2015";"";"";"";"";"thesis";"dtu|dtu_electronic|dtupub_external";"";"";"";"";"";"";"";"";"";"";"";"";"";"Master of Science in Engineering|Master of Science in Petroleum Engineering|Olie- og gastek.|kandidat";"Master of Science in Engineering|Master of Science in Petroleum Engineering|Olie- og gastek.|kandidat";"Master of Science in Engineering|Master of Science in Petroleum Engineering|Olie- og gastek.|kandidat";"und";"56d754b8bf1945510200082f";"";"56d754b8bf1945510200082f";"DTU Department of Civil Engineering";"sorbit";"sorbit";"Dispersion of Elastic Waves in Shale|Dispersion af elastiske bølger i lerskifer"
"";"dtu|dtupub|third_party";"";"2022-01-03T13:15:53.406Z";"Frøhlich, Jacob";"";"2292734833";"";"dtu";"2015";"";"";"";"";"thesis";"dtu|dtu_electronic|dtupub_external";"";"";"";"";"";"";"";"";"";"";"";"";"";"Design og inn.|Master of Science in Design and Innovation|Master of Science in Engineering|kandidat";"Design og inn.|Master of Science in Design and Innovation|Master of Science in Engineering|kandidat";"Design og inn.|Master of Science in Design and Innovation|Master of Science in Engineering|kandidat";"und";"56d754adbf19455102000256";"";"56d754adbf19455102000256";"DTU Department of Civil and Mechanical Engineering";"sorbit";"sorbit";"Futuristic passenger ships between Copenhagen and Oslo|Futuristiske færger mellem København og Oslo"
"";"dtu|dtupub";"BA3601 Renewable Energy Processes";"2022-03-28T07:10:24.669Z";"Thomasson, Tomi";"";"2708546118";"";"dtu";"2016";"";"";"";"";"thesis";"dtu|dtu_electronic|dtupub|dtupub_electronic";"";"";"";"";"";"";"";"";"";"";"";"";"";"CAES|compressed air energy storage|dynamic model|energy storage";"CAES|compressed air energy storage|dynamic model|energy storage";"CAES|compressed air energy storage|dynamic model|energy storage";"eng";"6231fa02764a54b6f37be94b";"";"6231fa02764a54b6f37be94b";"Lappeenranta University of Technology";"vtt";"vtt";"Dynamic Model Development of Adiabatic Compressed Air Energy Storage"
"";"dtu|dtupub|third_party";"";"2022-01-03T13:12:57.798Z";"Darket, Mie Juul";"";"2306463860";"";"dtu";"2016";"";"";"";"";"thesis";"dtu|dtu_electronic|dtupub_external";"";"";"";"";"";"";"";"";"";"";"";"";"";"Bioteknologi|Master of Science in Biotechnology|Master of Science in Engineering|kandidat";"Bioteknologi|Master of Science in Biotechnology|Master of Science in Engineering|kandidat";"Bioteknologi|Master of Science in Biotechnology|Master of Science in Engineering|kandidat";"und";"57837c3f5f18475061000004";"";"57837c3f5f18475061000004";"DTU DTU National Food Institute";"sorbit";"sorbit";"Bacterial resistance mechanisms towards glyphosate within the human gut microbiota|Bakterielle resistensmekanismer mod glyphosat i den menneskelige tarmmikrobiota"
"";"dtu|dtupub|third_party";"";"2022-01-03T13:06:07.914Z";"Hansen, Martin Møller";"";"2306340739";"";"dtu";"2016";"";"";"";"";"thesis";"dtu|dtu_electronic|dtupub_external";"";"";"";"";"";"";"";"";"";"";"";"";"";"Kemisk/biokemisk tek.|Master of Science in Chemical and Biochemical Engineering|Master of Science in Engineering|kandidat";"Kemisk/biokemisk tek.|Master of Science in Chemical and Biochemical Engineering|Master of Science in Engineering|kandidat";"Kemisk/biokemisk tek.|Master of Science in Chemical and Biochemical Engineering|Master of Science in Engineering|kandidat";"und";"577ce4ce37562d157a00023f";"";"577ce4ce37562d157a00023f";"DTU Department of Chemical and Biochemical Engineering";"sorbit";"sorbit";"Upscaling of catalytic fixed bed reactors|Opskalering af katalytiske fixed bed reaktorer"
"";"dtu|dtupub|third_party";"";"2022-01-06T23:53:52.670Z";"Seybold, Daniel|Minge, Benedikt";"";"2306791667";"";"dtu";"2016";"";"";"";"";"thesis";"dtu|dtu_electronic|dtupub|dtupub_electronic";"";"";"";"";"";"";"";"";"";"";"";"";"";"gæst udl.";"gæst udl.";"gæst udl.";"und";"579743a76bbf232e70000f2d";"";"579743a76bbf232e70000f2d";"DTU Department of Environmental and Resource Engineering";"sorbit";"sorbit";"Optimal operation of a pump-storage plant in the German 15-min intraday power market|Optimal drift af et pumpekraftværk i det tyske 15-min intraday-marked"
"";"dtu|dtupub|third_party";"";"2022-01-03T13:16:05.041Z";"Moesgaard, Christian Wichmann";"";"2292735108";"";"dtu";"2015";"";"";"";"";"thesis";"dtu|dtu_electronic|dtupub|dtupub_electronic";"";"";"";"";"";"";"";"";"";"";"";"";"";"Master of Science in Engineering|Master of Science in Mathematical Modelling and Computation|Mat. modellering|kandidat";"Master of Science in Engineering|Master of Science in Mathematical Modelling and Computation|Mat. modellering|kandidat";"Master of Science in Engineering|Master of Science in Mathematical Modelling and Computation|Mat. modellering|kandidat";"und";"56d754afbf194551020002ff";"";"56d754afbf194551020002ff";"DTU Department of Applied Mathematics and Computer Science";"sorbit";"sorbit";"Massively Parallel Nonlinear Multigrid on Modern Architectures|Massivt parallel Ikke-linear multigrid pa moderne arkitekturer"
"";"dtu|dtupub|third_party";"";"2022-01-06T23:53:36.858Z";"Rogovin, Lise Mélanie";"";"2342057085";"";"dtu";"2016";"";"";"";"";"thesis";"dtu|dtu_electronic|dtupub_external";"";"";"";"";"";"";"";"";"";"";"";"";"";"Master of Science in Engineering|Master of Science in Engineering Management|Planl. innovation og led.|kandidat";"Master of Science in Engineering|Master of Science in Engineering Management|Planl. innovation og led.|kandidat";"Master of Science in Engineering|Master of Science in Engineering Management|Planl. innovation og led.|kandidat";"und";"57becfbdfebd22f360000142";"";"57becfbdfebd22f360000142";"DTU Department of Technology, Management and Economics";"sorbit";"sorbit";"Complexity Factor Analysis|Complexity Factor Analysis"
"";"dtu|dtupub|third_party";"";"2022-01-03T13:07:15.188Z";"Kalbarczyk, Karolina Joanna";"";"2341802786";"";"dtu";"2016";"";"";"";"";"thesis";"dtu|dtu_electronic|dtupub_external";"";"";"";"";"";"";"";"";"";"";"";"";"";"Farmateknologi|Master of Science in Engineering|Master of Science in Pharmaceutical Design and Engineering|kandidat";"Farmateknologi|Master of Science in Engineering|Master of Science in Pharmaceutical Design and Engineering|kandidat";"Farmateknologi|Master of Science in Engineering|Master of Science in Pharmaceutical Design and Engineering|kandidat";"und";"57badb3f3e47d6ad77000056";"";"57badb3f3e47d6ad77000056";"DTU Department of Biotechnology and Biomedicine";"sorbit";"sorbit";"Development of a novel assay for antibiotic discovery using synthetic biology|Udvikling af et nyt assay til opdagelse af antibiotika ved brug af syntetisk biologi"
"";"dtu|dtupub|third_party";"";"2022-01-03T13:13:05.679Z";"Otovic, Aleksander Probst";"";"2328005080";"";"dtu";"2016";"";"";"";"";"thesis";"dtu|dtu_electronic|dtupub|dtupub_electronic";"";"";"";"";"";"";"";"";"";"";"";"";"";"Bygningsdesign|Master of Science in Engineering|Master og Science in Architectural Engineering|kandidat";"Bygningsdesign|Master of Science in Engineering|Master og Science in Architectural Engineering|kandidat";"Bygningsdesign|Master of Science in Engineering|Master og Science in Architectural Engineering|kandidat";"und";"57b2f25a272bfcc2300000e5";"";"57b2f25a272bfcc2300000e5";"DTU Department of Civil Engineering";"sorbit";"sorbit";"Designing Social Sustainability: Towards an operationalization of social sustainability concepts in an integrated design process|Designing Social Sustainability: Towards an operationalization of social sustainability concepts in an integrated design process."
"";"dtu|dtupub|third_party";"";"2022-01-03T13:15:31.415Z";"Petersen, Søren Dalsgård";"";"2292737646";"";"dtu";"2015";"";"";"";"";"thesis";"dtu|dtu_electronic|dtupub_external";"";"";"";"";"";"";"";"";"";"";"";"";"";"Bioteknologi|Master of Science in Biotechnology|Master of Science in Engineering|kandidat";"Bioteknologi|Master of Science in Biotechnology|Master of Science in Engineering|kandidat";"Bioteknologi|Master of Science in Biotechnology|Master of Science in Engineering|kandidat";"und";"56d754bbbf19455102000a8e";"";"56d754bbbf19455102000a8e";"DTU Department of Biotechnology and Biomedicine";"sorbit";"sorbit";"Development of a thiamin cell factory|Udvikling af en thiamin cellefabrik"
"";"dtu|dtupub|third_party";"";"2022-01-03T13:16:14.418Z";"Gemert, Rob Van";"";"2292735607";"";"dtu";"2015";"";"";"";"";"thesis";"dtu|dtu_electronic|dtupub|dtupub_electronic";"";"";"";"";"";"";"";"";"";"";"";"";"";"gæst udl.";"gæst udl.";"gæst udl.";"und";"56d754b2bf1945510200046e";"";"56d754b2bf1945510200046e";"DTU National Institute of Aquatic Resources";"sorbit";"sorbit";"Fisheries selectivity and balanced harvesting|Fisheries selectivity and balanced harvesting"
"";"dtu|dtupub|third_party";"";"2022-01-03T13:11:56.991Z";"Rytter, Nis Peter Klauman";"";"2292734924";"";"dtu";"2015";"";"";"";"";"thesis";"dtu|dtu_electronic|dtupub_external";"";"";"";"";"";"";"";"";"";"";"";"";"";"Akustisk tek.|Master of Science in Engineering|Master of Science in Engineering Acoustics|kandidat";"Akustisk tek.|Master of Science in Engineering|Master of Science in Engineering Acoustics|kandidat";"Akustisk tek.|Master of Science in Engineering|Master of Science in Engineering Acoustics|kandidat";"und";"56d754aebf1945510200028c";"";"56d754aebf1945510200028c";"DTU Department of Applied Mathematics and Computer Science";"sorbit";"sorbit";"Digital Signal Processing for Reducing Wind Noise in Microphones|Digital signalbehandling til reduktion af vindstøj fra mikrofoner"
"";"dtu|dtupub|third_party";"";"2022-01-03T13:06:15.755Z";"Nielsen, Alexander Uhde";"";"2342057210";"";"dtu";"2016";"";"";"";"";"thesis";"dtu|dtu_electronic|dtupub|dtupub_electronic";"";"";"";"";"";"";"";"";"";"";"";"";"";"Fotonik|Master of Science in Engineering|Master of Science in Photonics Engineering|kandidat";"Fotonik|Master of Science in Engineering|Master of Science in Photonics Engineering|kandidat";"Fotonik|Master of Science in Engineering|Master of Science in Photonics Engineering|kandidat";"und";"57becfdefebd22f36000022b";"";"57becfdefebd22f36000022b";"DTU Department of Electrical and Photonics Engineering";"sorbit";"sorbit";"Investigation and characterization of Pr:YLF laser|Undersøgelse og karakterisering af Pr:YLF laser"
"";"dtu|dtupub|third_party";"";"2022-01-06T23:53:52.843Z";"Kontou, Eftychia Eva";"";"2342992402";"";"dtu";"2016";"";"";"";"";"thesis";"dtu|dtu_electronic|dtupub|dtupub_electronic";"";"";"";"";"";"";"";"";"";"";"";"";"";"Bioteknologi|Master of Science in Biotechnology|Master of Science in Engineering|kandidat";"Bioteknologi|Master of Science in Biotechnology|Master of Science in Engineering|kandidat";"Bioteknologi|Master of Science in Biotechnology|Master of Science in Engineering|kandidat";"und";"57d296452993be957300002b";"";"57d296452993be957300002b";"DTU Department of Biotechnology and Biomedicine";"sorbit";"sorbit";"Biosynthetic investigations of polyketides in Aspergillus|Polyketid biosyntese i Aspergillus"
"";"dtu|dtupub|third_party";"";"2022-01-03T13:07:49.732Z";"Polack, Nicolai Vindahl";"";"2307114883";"";"dtu";"2016";"";"";"";"";"thesis";"dtu|dtu_electronic|dtupub|dtupub_electronic";"";"";"";"";"";"";"";"";"";"";"";"";"";"Informationstek.|Master of Science in Computer Science and Engineering|Master of Science in Engineering|kandidat";"Informationstek.|Master of Science in Computer Science and Engineering|Master of Science in Engineering|kandidat";"Informationstek.|Master of Science in Computer Science and Engineering|Master of Science in Engineering|kandidat";"und";"57a714bf12855c654e00041a";"";"57a714bf12855c654e00041a";"DTU Department of Applied Mathematics and Computer Science";"sorbit";"sorbit";"Tool-based analysis of a GEZEL-based language|Værktøjsbaseret analyse af et GEZEL-baseret sprog"
"";"dtu|dtupub|third_party";"";"2022-01-06T23:53:49.205Z";"Emamjomeh, Mina";"";"2307019684";"";"dtu";"2016";"";"";"";"";"thesis";"dtu|dtu_electronic|dtupub_external";"";"";"";"";"";"";"";"";"";"";"";"";"";"Elektrotek.|Master of Science in Electrical Engineering|Master of Science in Engineering|kandidat";"Elektrotek.|Master of Science in Electrical Engineering|Master of Science in Engineering|kandidat";"Elektrotek.|Master of Science in Electrical Engineering|Master of Science in Engineering|kandidat";"und";"57a1cec512855c654e000055";"";"57a1cec512855c654e000055";"DTU Department of Electrical Engineering";"sorbit";"sorbit";"In the Ear Pulse Measurement, -Analysis and -Interpretation|I Øre Puls Maling, -Analyse og -Fortolkning"
"";"dtu|dtupub|third_party";"";"2022-01-06T23:53:21.584Z";"Kalmus, Thomas";"";"2306320298";"";"dtu";"2016";"";"";"";"";"thesis";"dtu|dtu_electronic|dtupub|dtupub_electronic";"";"";"";"";"";"";"";"";"";"";"";"";"";"Master of Science in Engineering|Master of Science in Telecommunication|Telekom.|kandidat";"Master of Science in Engineering|Master of Science in Telecommunication|Telekom.|kandidat";"Master of Science in Engineering|Master of Science in Telecommunication|Telekom.|kandidat";"und";"577b934437562d157a000155";"";"577b934437562d157a000155";"DTU Department of Electrical and Photonics Engineering";"sorbit";"sorbit";"QoS aware protocols for 5G mobile networks|Tjenestekvalitetsbevidste protokoller til 5G mobilnet"
"";"dtu|dtupub";"Not published at VTT";"2023-02-03T01:09:29.735Z";"Koppolu, Rajesh";"";"2718449568";"";"dtu";"2016";"";"";"";"";"thesis";"dtu|dtu_electronic|dtupub|dtupub_electronic";"";"";"";"";"";"";"";"";"";"";"";"";"";"";"";"";"eng";"63dc5ec58732521f77265458";"";"63dc5ec58732521f77265458";"Åbo Akademi";"vtt";"vtt";"Sequential water absorption into linerboard"
"";"dtu|dtupub|third_party";"";"2022-01-03T13:15:56.276Z";"Salaga, Jacek";"";"2305633494";"";"dtu";"2016";"";"";"";"";"thesis";"dtu|dtu_electronic|dtupub_external";"";"";"";"";"";"";"";"";"";"";"";"";"";"Master of Science in Engineering|Master of Science in Materials and Manufacturing Engineering|Materialetek.|kandidat";"Master of Science in Engineering|Master of Science in Materials and Manufacturing Engineering|Materialetek.|kandidat";"Master of Science in Engineering|Master of Science in Materials and Manufacturing Engineering|Materialetek.|kandidat";"und";"575ea795e6f951534a00f1b9";"";"575ea795e6f951534a00f1b9";"DTU Department of Civil and Mechanical Engineering";"sorbit";"sorbit";"Dimensional and Surface Micro/Nano Metrology for Precision Moulding Technology|Dimensionel og overflade mikro/nano metrologi for præcision sprøjtestøbning teknologi"
"";"dtu|dtupub|third_party";"";"2022-01-03T13:07:02.415Z";"Nielsen, Rasmus von Wurstemberger";"";"2306781417";"";"dtu";"2016";"";"";"";"";"thesis";"dtu|dtu_electronic|dtupub|dtupub_electronic";"";"";"";"";"";"";"";"";"";"";"";"";"";"Bygningsdesign|Master of Science in Engineering|Master og Science in Architectural Engineering|kandidat";"Bygningsdesign|Master of Science in Engineering|Master og Science in Architectural Engineering|kandidat";"Bygningsdesign|Master of Science in Engineering|Master og Science in Architectural Engineering|kandidat";"und";"5795f16a6bbf232e700009d1";"";"5795f16a6bbf232e700009d1";"DTU Department of Civil Engineering";"sorbit";"sorbit";"Investigations of a simple TABS (Thermally Activated Building System) installed in a refurbished office building|Undersøgelser af et simpelt TABS anlæg i en energirenoveret bygning"
"";"dtu|dtupub|third_party";"";"2022-01-03T13:15:47.723Z";"Müggler, Jeppe Panduro";"";"2292736288";"";"dtu";"2015";"";"";"";"";"thesis";"dtu|dtu_electronic|dtupub_external";"";"";"";"";"";"";"";"";"";"";"";"";"";"Master of Science in Engineering|Master of Science in Engineering Management|Planl. innovation og led.|kandidat";"Master of Science in Engineering|Master of Science in Engineering Management|Planl. innovation og led.|kandidat";"Master of Science in Engineering|Master of Science in Engineering Management|Planl. innovation og led.|kandidat";"und";"56d754b6bf1945510200066d";"";"56d754b6bf1945510200066d";"DTU Department of Technology, Management and Economics";"sorbit";"sorbit";"Suggestions for increasing organisational transparency by improving performance management practices through a case study of Novo Nordisk A/S - Regulatory Affairs CMC Insulins|Forslag til at øge organisatorisk transparens ved at forbedre performance management praksis gennem et feltstudie af Novo Nordisk A/S - Regulatory Affairs CMC Insulins"
"";"dtu|dtupub|third_party";"";"2022-01-03T13:15:45.536Z";"Nørregaard, Jacob Stilling|Jensen, Mathias";"";"2292735215";"";"dtu";"2015";"";"";"";"";"thesis";"dtu|dtu_electronic|dtupub|dtupub_electronic";"";"";"";"";"";"";"";"";"";"";"";"";"";"Byggetek.|Master of Science in Civil Engineering|Master of Science in Engineering|kandidat";"Byggetek.|Master of Science in Civil Engineering|Master of Science in Engineering|kandidat";"Byggetek.|Master of Science in Civil Engineering|Master of Science in Engineering|kandidat";"und";"56d754afbf1945510200034f";"";"56d754afbf1945510200034f";"DTU Department of Civil Engineering";"sorbit";"sorbit";"Membrane action in Restrained RC and FRC Beams|Membranvirkning i indspændte bjælker af slapt-armerede og fibre-armerede beton"
"";"dtu|dtupub|third_party";"";"2022-01-03T13:11:36.255Z";"Stan, Tudor-Christian|Larsen, Oskar Hausgaard";"";"2292736519";"";"dtu";"2015";"";"";"";"";"thesis";"dtu|dtu_electronic|dtupub|dtupub_electronic";"";"";"";"";"";"";"";"";"";"";"";"";"";"Byggetek.|Master of Science in Civil Engineering|Master of Science in Engineering|kandidat";"Byggetek.|Master of Science in Civil Engineering|Master of Science in Engineering|kandidat";"Byggetek.|Master of Science in Civil Engineering|Master of Science in Engineering|kandidat";"und";"56d754b7bf194551020006ee";"";"56d754b7bf194551020006ee";"DTU Department of Civil Engineering";"sorbit";"sorbit";"Columns Loaded in Bending|Bøjningspavirkede søjler"
"";"dtu|dtupub|third_party";"";"2022-01-03T13:12:18.664Z";"Horst, Sander van der";"";"2292734910";"";"dtu";"2015";"";"";"";"";"thesis";"dtu|dtu_electronic|dtupub|dtupub_electronic";"";"";"";"";"";"";"";"";"";"";"";"";"";"Master of Science in Engineering|Master of Science in Wind Energy|Vindenergi|kandidat";"Master of Science in Engineering|Master of Science in Wind Energy|Vindenergi|kandidat";"Master of Science in Engineering|Master of Science in Wind Energy|Vindenergi|kandidat";"und";"56d754aebf19455102000285";"";"56d754aebf19455102000285";"DTU Department of Wind and Energy Systems";"sorbit";"sorbit";"Airfoil design for VAWT, including correct simulation of flow curvature effects|Design af VAWT vingeprofil, herunder korrekt simulering af flow krumning"
"";"dtu|dtupub|third_party";"";"2022-01-03T13:12:18.788Z";"Hertel, Jens Christian";"";"2292735124";"";"dtu";"2015";"";"";"";"";"thesis";"dtu|dtu_electronic|dtupub|dtupub_electronic";"";"";"";"";"";"";"";"";"";"";"";"";"";"Elektrotek.|Master of Science in Electrical Engineering|Master of Science in Engineering|kandidat";"Elektrotek.|Master of Science in Electrical Engineering|Master of Science in Engineering|kandidat";"Elektrotek.|Master of Science in Electrical Engineering|Master of Science in Engineering|kandidat";"und";"56d754afbf19455102000307";"";"56d754afbf19455102000307";"DTU Department of Electrical Engineering";"sorbit";"sorbit";"Integrated switch-mode DC/DC converter for mobile audio application|Integreret switch-mode DC/DC konverter til mobile audio applikationer"
"";"dtu|dtupub|third_party";"";"2022-01-03T13:15:40.315Z";"Eysturskard, Pætur";"";"2292737123";"";"dtu";"2015";"";"";"";"";"thesis";"dtu|dtu_electronic|dtupub|dtupub_electronic";"";"";"";"";"";"";"";"";"";"";"";"";"";"Elektrotek.|Master of Science in Electrical Engineering|Master of Science in Engineering|kandidat";"Elektrotek.|Master of Science in Electrical Engineering|Master of Science in Engineering|kandidat";"Elektrotek.|Master of Science in Electrical Engineering|Master of Science in Engineering|kandidat";"und";"56d754b9bf194551020008ba";"";"56d754b9bf194551020008ba";"DTU Department of Electrical Engineering";"sorbit";"sorbit";"AUV – Localizing, Locomotion and Docking|AUV – Lokalisering, locomotion og dokning"
"";"dtu|dtupub|third_party";"";"2022-01-03T13:15:28.200Z";"Jensen, Annemette Bøgedal|Munch, Natasja Kofod";"";"2292737299";"";"dtu";"2015";"";"";"";"";"thesis";"dtu|dtu_electronic|dtupub_external";"";"";"";"";"";"";"";"";"";"";"";"";"";"Design og inn.|Konst. og mekanik|Master of Science in Design and Innovation|Master of Science in Engineering|Master of Science in Engineering Design and Applied Mechanics|kandidat";"Design og inn.|Konst. og mekanik|Master of Science in Design and Innovation|Master of Science in Engineering|Master of Science in Engineering Design and Applied Mechanics|kandidat";"Design og inn.|Konst. og mekanik|Master of Science in Design and Innovation|Master of Science in Engineering|Master of Science in Engineering Design and Applied Mechanics|kandidat";"und";"56d754babf1945510200096b";"";"56d754babf1945510200096b";"DTU Department of Civil and Mechanical Engineering";"sorbit";"sorbit";"Mechanical Design for Sound|Mekanisk design for lyd"
"";"dtu|dtupub|third_party";"";"2022-07-01T08:47:20.733Z";"Lindbladh, Maja Korsgaard|Schiolborg, Katrine Bækmark";"";"2712358479";"";"dtu";"2016";"";"";"";"";"thesis";"dtu|dtu_electronic|dtupub|dtupub_electronic";"";"";"";"";"";"";"";"";"";"";"";"";"";"Master of Science in Engineering|Master of Science in Environmental Engineering|Miljøteknologi|kandidat";"Master of Science in Engineering|Master of Science in Environmental Engineering|Miljøteknologi|kandidat";"Master of Science in Engineering|Master of Science in Environmental Engineering|Miljøteknologi|kandidat";"und";"62beb49887b30b250ad110aa";"";"62beb49887b30b250ad110aa";"DTU Department of Environmental and Resource Engineering";"sorbit";"sorbit";"Assessing the Hydrological Impact of Bioretention Units in Residential Areas using SWMM, MIKE URBAN and the Simplified WSUD-Potential Tool|Vurdering af den hydrologiske effekt af regnhaver i forstadsomrader ved brug af SWMM, MIKE URBAN og det forenklede LAR-potentiale værktøj"
"";"dtu|dtupub|third_party";"";"2022-01-03T13:12:31.237Z";"Rasiah, Dinesan Mahalingam|Kaysen, Amalie";"";"2292734020";"";"dtu";"2016";"";"";"";"";"thesis";"dtu|dtu_electronic|dtupub_external";"";"";"";"";"";"";"";"";"";"";"";"";"";"Design og inn.|Master of Science in Design and Innovation|Master of Science in Engineering|Master of Science in Engineering Management|Planl. innovation og led.|kandidat";"Design og inn.|Master of Science in Design and Innovation|Master of Science in Engineering|Master of Science in Engineering Management|Planl. innovation og led.|kandidat";"Design og inn.|Master of Science in Design and Innovation|Master of Science in Engineering|Master of Science in Engineering Management|Planl. innovation og led.|kandidat";"und";"56d754a8bf19455102000029";"";"56d754a8bf19455102000029";"DTU Department of Technology, Management and Economics";"sorbit";"sorbit";"Implementing an iterative, user-oriented front-end innovation process|Implementering af en iterativ, bruger-orienteret front-end innovations process"
"";"dtu|dtupub|third_party";"";"2022-01-03T13:16:25.187Z";"Krøjer, Michelle Andreasen";"";"2306789378";"";"dtu";"2016";"";"";"";"";"thesis";"dtu|dtu_electronic|dtupub|dtupub_electronic";"";"";"";"";"";"";"";"";"";"";"";"";"";"Bioteknologi|Master of Science in Biotechnology|Master of Science in Engineering|kandidat";"Bioteknologi|Master of Science in Biotechnology|Master of Science in Engineering|kandidat";"Bioteknologi|Master of Science in Biotechnology|Master of Science in Engineering|kandidat";"und";"579743686bbf232e70000dc6";"";"579743686bbf232e70000dc6";"DTU National Veterinary Institute";"sorbit";"sorbit";"Genomic analysis of endogenous gamma delta T cell receptor ligands in pigs versus humans|Genomisk analyse af endogene ligander for gamma delta T celle receptorer i svin og menneske"
"";"dtu|dtupub|third_party";"";"2022-01-03T13:15:58.537Z";"Bech, Andreas Henrik|Varslev-Pedersen, Charlotte Krag";"";"2292736388";"";"dtu";"2015";"";"";"";"";"thesis";"dtu|dtu_electronic|dtupub_external";"";"";"";"";"";"";"";"";"";"";"";"";"";"Design og inn.|Master of Science in Design and Innovation|Master of Science in Engineering|kandidat";"Design og inn.|Master of Science in Design and Innovation|Master of Science in Engineering|kandidat";"Design og inn.|Master of Science in Design and Innovation|Master of Science in Engineering|kandidat";"und";"56d754b6bf194551020006a2";"";"56d754b6bf194551020006a2";"DTU Department of Civil and Mechanical Engineering";"sorbit";"sorbit";"Product Architecture Development for New Medical Devices at LiNA Medical ApS|Udvikling af produktarkitektur for fremtidig medicinsk udstyr ved LiNA Medical ApS"
"";"dtu|dtupub|third_party";"";"2022-01-03T13:11:21.449Z";"Lim, Stanley Yong Cheng";"";"2292735408";"";"dtu";"2015";"";"";"";"";"thesis";"dtu|dtu_electronic|dtupub_external";"";"";"";"";"";"";"";"";"";"";"";"";"";"Master of Science in Engineering|Master of Science in Telecommunication|Telekom.|kandidat";"Master of Science in Engineering|Master of Science in Telecommunication|Telekom.|kandidat";"Master of Science in Engineering|Master of Science in Telecommunication|Telekom.|kandidat";"und";"56d754b0bf194551020003ae";"";"56d754b0bf194551020003ae";"DTU Department of Electrical and Photonics Engineering";"sorbit";"sorbit";"Nano light-emitting diodes|Nano lysdiode"
"";"dtu|dtupub|third_party";"";"2022-01-03T13:16:14.476Z";"Hammershøj, Rikke Høst";"";"2292734108";"";"dtu";"2016";"";"";"";"";"thesis";"dtu|dtu_electronic|dtupub|dtupub_electronic";"";"";"";"";"";"";"";"";"";"";"";"";"";"Master of Science in Engineering|Master of Science in Environmental Engineering|Miljøteknologi|kandidat";"Master of Science in Engineering|Master of Science in Environmental Engineering|Miljøteknologi|kandidat";"Master of Science in Engineering|Master of Science in Environmental Engineering|Miljøteknologi|kandidat";"und";"56d754a9bf1945510200007a";"";"56d754a9bf1945510200007a";"DTU Department of Environmental and Resource Engineering";"sorbit";"sorbit";"Primary biodegradation of hydrophobic organic substances in surface waters - Simulation tests using partitioning based methods|Primær bionedbrydning af hydrofobe organiske stoffer i overfladevand - Simuleringstest vha. ""partitioning based methods"""
"";"dtu|dtupub|third_party";"";"2022-01-03T13:12:25.571Z";"Saounde, Jean Ghislain";"";"2292734485";"";"dtu";"2016";"";"";"";"";"thesis";"dtu|dtu_electronic|dtupub|dtupub_electronic";"";"";"";"";"";"";"";"";"";"";"";"";"";"-|Electronics and Computer Engineering|Elektronik|Elektrotek.|Master of Science in Electrical Engineering|Master of Science in Engineering|kandidat";"-|Electronics and Computer Engineering|Elektronik|Elektrotek.|Master of Science in Electrical Engineering|Master of Science in Engineering|kandidat";"-|Electronics and Computer Engineering|Elektronik|Elektrotek.|Master of Science in Electrical Engineering|Master of Science in Engineering|kandidat";"und";"56d754abbf1945510200015b";"";"56d754abbf1945510200015b";"DTU Department of Electrical Engineering";"sorbit";"sorbit";"Grid-connected photovoltaic inverter for local energy storage systems|Nettilsluttet solcelleenergi konverter til lokale energilagringssystemer"
"";"dtu|dtupub|third_party";"";"2022-01-06T23:53:33.728Z";"Nørgaard, Daniel Stender";"";"2305633400";"";"dtu";"2016";"";"";"";"";"thesis";"dtu|dtu_electronic|dtupub|dtupub_electronic";"";"";"";"";"";"";"";"";"";"";"";"";"";"Fødevareteknologi|Master of Science in Engineering|Master of Science in Food Technology|kandidat";"Fødevareteknologi|Master of Science in Engineering|Master of Science in Food Technology|kandidat";"Fødevareteknologi|Master of Science in Engineering|Master of Science in Food Technology|kandidat";"und";"575ea6b2e6f951534a00e70d";"";"575ea6b2e6f951534a00e70d";"DTU DTU National Food Institute";"sorbit";"sorbit";"Spent grain as a feedstock for protein production and its potential use as food ingredient|Mask som fødestrøm for protein produktion og potentiel anvendelse som fødevareingrediens"
"";"dtu|dtupub|third_party";"";"2022-01-03T13:06:05.179Z";"Silvestre, Chantal";"";"2343456310";"";"dtu";"2016";"";"";"";"";"thesis";"dtu|dtu_electronic|dtupub|dtupub_electronic";"";"";"";"";"";"";"";"";"";"";"";"";"";"Fysik og nanotek.|Master of Science in Engineering|Master of Science in Physics and Nanotechnology|kandidat";"Fysik og nanotek.|Master of Science in Engineering|Master of Science in Physics and Nanotechnology|kandidat";"Fysik og nanotek.|Master of Science in Engineering|Master of Science in Physics and Nanotechnology|kandidat";"und";"57da7f442993be95730000ea";"";"57da7f442993be95730000ea";"DTU Department of Micro- and Nanotechnology";"sorbit";"sorbit";"Development and Micro-fabrication of a BCB Polymer (Benzocyclobutene) based CMUT|Udvikling af en BCB polymer (Benzocyclobutene) baseret CMUT"
"";"dtu|dtupub|third_party";"";"2022-01-03T13:09:15.807Z";"Vila, Laura Fernandez";"";"2307051252";"";"dtu";"2016";"";"";"";"";"thesis";"dtu|dtu_electronic|dtupub|dtupub_electronic";"";"";"";"";"";"";"";"";"";"";"";"";"";"Bygningsdesign|Master of Science in Engineering|Master og Science in Architectural Engineering|kandidat";"Bygningsdesign|Master of Science in Engineering|Master og Science in Architectural Engineering|kandidat";"Bygningsdesign|Master of Science in Engineering|Master og Science in Architectural Engineering|kandidat";"und";"57a3207212855c654e00037d";"";"57a3207212855c654e00037d";"DTU Department of Civil Engineering";"sorbit";"sorbit";"Optimization of structural geometry using Revit Dynamo|Optimering af konstruktioners geometri med brug af Revit Dynamo"
"";"dtu|dtupub|third_party";"";"2022-01-03T13:08:37.183Z";"Zeimpeki, Alexandra";"";"2345513569";"";"dtu";"2016";"";"";"";"";"thesis";"dtu|dtu_electronic|dtupub|dtupub_electronic";"";"";"";"";"";"";"";"";"";"";"";"";"";"Master of Science in Engineering|Master of Science in Telecommunication|Telekom.|kandidat";"Master of Science in Engineering|Master of Science in Telecommunication|Telekom.|kandidat";"Master of Science in Engineering|Master of Science in Telecommunication|Telekom.|kandidat";"und";"57e3b9c4bf85a91076000024";"";"57e3b9c4bf85a91076000024";"DTU Department of Electrical and Photonics Engineering";"sorbit";"sorbit";"Optical Datacenter Networks|Optiske datacenter netværk"
"";"dtu|dtupub|third_party";"";"2022-01-06T23:53:38.414Z";"Nielsen, Michel Bøje Randahl";"";"2349110637";"";"dtu";"2016";"";"";"";"";"thesis";"dtu|dtu_electronic|dtupub|dtupub_electronic";"";"";"";"";"";"";"";"";"";"";"";"";"";"Informationstek.|Master of Science in Computer Science and Engineering|Master of Science in Engineering|kandidat";"Informationstek.|Master of Science in Computer Science and Engineering|Master of Science in Engineering|kandidat";"Informationstek.|Master of Science in Computer Science and Engineering|Master of Science in Engineering|kandidat";"und";"5832e1d213270e8a3e000025";"";"5832e1d213270e8a3e000025";"DTU Department of Applied Mathematics and Computer Science";"sorbit";"sorbit";"Model Checking Distributed Railway Control Systems|Modeltjeking af Distribuerede Jernbanestyresystemer"
"";"dtu|dtupub|third_party";"";"2022-01-03T13:13:03.648Z";"Nes, Helene";"";"2347666588";"";"dtu";"2016";"";"";"";"";"thesis";"dtu|dtu_electronic|dtupub|dtupub_electronic";"";"";"";"";"";"";"";"";"";"";"";"";"";"gæst udl.";"gæst udl.";"gæst udl.";"und";"5808a3bf0eaf79e53f00000f";"";"5808a3bf0eaf79e53f00000f";"DTU Department of Civil Engineering";"sorbit";"sorbit";"Handling of sludge from a chemical mechanical waste water treatment plant in a cold climate region|Handtering af slam fra et kemisk-mekanisk spildevandshandteringsanlæg i koldt klima"
"";"dtu|dtupub|third_party";"";"2022-01-06T23:53:49.247Z";"Soendoro, David";"";"2306782012";"";"dtu";"2016";"";"";"";"";"thesis";"dtu|dtu_electronic|dtupub|dtupub_electronic";"";"";"";"";"";"";"";"";"";"";"";"";"";"Informationstek.|Master of Science in Computer Science and Engineering|Master of Science in Engineering|kandidat";"Informationstek.|Master of Science in Computer Science and Engineering|Master of Science in Engineering|kandidat";"Informationstek.|Master of Science in Computer Science and Engineering|Master of Science in Engineering|kandidat";"und";"5795f1bd6bbf232e70000c2a";"";"5795f1bd6bbf232e70000c2a";"DTU Department of Applied Mathematics and Computer Science";"sorbit";"sorbit";"Intrusion Detection and Mitigation in Deterministic Ethernet with Computer Intelligence Approach|Intrusion Detection og Mitigation i Deterministisk Ethernet med Computer Intelligence Approach"
"";"dtu|dtupub|third_party";"";"2022-01-03T13:15:50.667Z";"Andersen, Ane Manon Nilsson";"";"2292736196";"";"dtu";"2015";"";"";"";"";"thesis";"dtu|dtu_electronic|dtupub|dtupub_electronic";"";"";"";"";"";"";"";"";"";"";"";"";"";"Bygningsdesign|Master of Science in Engineering|Master og Science in Architectural Engineering|kandidat";"Bygningsdesign|Master of Science in Engineering|Master og Science in Architectural Engineering|kandidat";"Bygningsdesign|Master of Science in Engineering|Master og Science in Architectural Engineering|kandidat";"und";"56d754b5bf19455102000638";"";"56d754b5bf19455102000638";"DTU Department of Civil Engineering";"sorbit";"sorbit";"Planning of Economically optimal Energy Renovation of Single Family Houses|Planlægning af økonomisk optimal energirenovering af parcelhuse"
"";"dtu|dtupub|third_party";"";"2022-01-03T13:16:18.397Z";"Ahrens, Esben";"";"2292735064";"";"dtu";"2015";"";"";"";"";"thesis";"dtu|dtu_electronic|dtupub_external";"";"";"";"";"";"";"";"";"";"";"";"";"";"Master of Science in Engineering|Master of Science in Medicine and Technology|Medicin og tek.|kandidat";"Master of Science in Engineering|Master of Science in Medicine and Technology|Medicin og tek.|kandidat";"Master of Science in Engineering|Master of Science in Medicine and Technology|Medicin og tek.|kandidat";"und";"56d754aebf194551020002e4";"";"56d754aebf194551020002e4";"DTU Department of Electrical Engineering";"sorbit";"sorbit";"Investigation of the Minimum Conditions for Reliable HRV Analysis|Undersøgelse af minimumsbetingelser for palidelig HRV analyse"
"";"dtu|dtupub|third_party";"";"2022-01-03T13:15:56.275Z";"Cantó, Álvaro Monreal";"";"2292736453";"";"dtu";"2015";"";"";"";"";"thesis";"dtu|dtu_electronic|dtupub_external";"";"";"";"";"";"";"";"";"";"";"";"";"";"Elektrotek.|Master of Science in Electrical Engineering|Master of Science in Engineering|kandidat";"Elektrotek.|Master of Science in Electrical Engineering|Master of Science in Engineering|kandidat";"Elektrotek.|Master of Science in Electrical Engineering|Master of Science in Engineering|kandidat";"und";"56d754b6bf194551020006c3";"";"56d754b6bf194551020006c3";"DTU Department of Electrical Engineering";"sorbit";"sorbit";"Subjective and objective assessment of vehicle audio systems|Subjektiv og objektiv vurdering af lydanlæg til biler"
"";"dtu|dtupub|third_party";"";"2022-01-03T13:16:22.215Z";"Becker, Isabel Josephine Aidt";"";"2305633425";"";"dtu";"2016";"";"";"";"";"thesis";"dtu|dtu_electronic|dtupub_external";"";"";"";"";"";"";"";"";"";"";"";"";"";"Byggetek.|Master of Science in Civil Engineering|Master of Science in Engineering|kandidat";"Byggetek.|Master of Science in Civil Engineering|Master of Science in Engineering|kandidat";"Byggetek.|Master of Science in Civil Engineering|Master of Science in Engineering|kandidat";"und";"575ea6e0e6f951534a00e95c";"";"575ea6e0e6f951534a00e95c";"DTU Department of Civil Engineering";"sorbit";"sorbit";"The impact of deep excavations on adjacent structures in an urban environment|Dybe udgravningers indflydelse pa nærliggende konstruktioner i byomrader"
"";"dtu|dtupub|third_party";"";"2022-01-03T13:09:01.715Z";"Tzanetis, Tryfon";"";"2343401630";"";"dtu";"2016";"";"";"";"";"thesis";"dtu|dtu_electronic|dtupub_external";"";"";"";"";"";"";"";"";"";"";"";"";"";"Informationstek.|Master of Science in Computer Science and Engineering|Master of Science in Engineering|kandidat";"Informationstek.|Master of Science in Computer Science and Engineering|Master of Science in Engineering|kandidat";"Informationstek.|Master of Science in Computer Science and Engineering|Master of Science in Engineering|kandidat";"und";"57d92e362993be957300009c";"";"57d92e362993be957300009c";"DTU Department of Applied Mathematics and Computer Science";"sorbit";"sorbit";"Integrating Customer Apps with ERP Systems: Bridging the Gap between Idea and Realization|Integrere kundernes applikationer med ERP systemer: Om at lukke hullet imellem ide og realisering"
"";"dtu|dtupub|third_party";"";"2022-01-03T13:07:11.166Z";"Huai, Yi";"";"2306791774";"";"dtu";"2016";"";"";"";"";"thesis";"dtu|dtu_electronic|dtupub_external";"";"";"";"";"";"";"";"";"";"";"";"";"";"Master of Science in Engineering|Master of Science in Transportation and Logistics|Transp. og logistik|kandidat";"Master of Science in Engineering|Master of Science in Transportation and Logistics|Transp. og logistik|kandidat";"Master of Science in Engineering|Master of Science in Transportation and Logistics|Transp. og logistik|kandidat";"und";"579743f46bbf232e70001144";"";"579743f46bbf232e70001144";"DTU Department of Transport";"sorbit";"sorbit";"Intentions to use an advanced bike-share system in China|Brugeres intentioner om anvendelse af smart bikes i Kina"
"";"dtu|dtupub|third_party";"";"2022-01-03T13:07:31.929Z";"Pekopoulos, Christos";"";"2306791665";"";"dtu";"2016";"";"";"";"";"thesis";"dtu|dtu_electronic|dtupub|dtupub_electronic";"";"";"";"";"";"";"";"";"";"";"";"";"";"Bygningsdesign|Master of Science in Engineering|Master og Science in Architectural Engineering|kandidat";"Bygningsdesign|Master of Science in Engineering|Master og Science in Architectural Engineering|kandidat";"Bygningsdesign|Master of Science in Engineering|Master og Science in Architectural Engineering|kandidat";"und";"579743a46bbf232e70000f11";"";"579743a46bbf232e70000f11";"DTU Department of Civil Engineering";"sorbit";"sorbit";"Prefabrication and BIM|Præfabrikation og BIM"
"";"dtu|dtupub|third_party";"";"2022-01-03T13:08:04.504Z";"Hahmann, Manuel";"";"2306823462";"";"dtu";"2016";"";"";"";"";"thesis";"dtu|dtu_electronic|dtupub_external";"";"";"";"";"";"";"";"";"";"";"";"";"";"Akustisk tek.|Master of Science in Engineering|Master of Science in Engineering Acoustics|kandidat";"Akustisk tek.|Master of Science in Engineering|Master of Science in Engineering Acoustics|kandidat";"Akustisk tek.|Master of Science in Engineering|Master of Science in Engineering Acoustics|kandidat";"und";"579894606bbf232e70001181";"";"579894606bbf232e70001181";"DTU Department of Electrical Engineering";"sorbit";"sorbit";"System identification of nonlinear electrodynamic loudspeakers|System identifikation af unlineære højttalere"
"";"dtu|dtupub|third_party";"";"2022-01-06T23:54:00.025Z";"Ørgaard, Lærke Karoline Frier";"";"2334961903";"";"dtu";"2016";"";"";"";"";"thesis";"dtu|dtu_electronic|dtupub_external";"";"";"";"";"";"";"";"";"";"";"";"";"";"Bygningsdesign|Master of Science in Engineering|Master og Science in Architectural Engineering|kandidat";"Bygningsdesign|Master of Science in Engineering|Master og Science in Architectural Engineering|kandidat";"Bygningsdesign|Master of Science in Engineering|Master og Science in Architectural Engineering|kandidat";"und";"57b443c0ade085665b000000";"";"57b443c0ade085665b000000";"DTU Department of Technology, Management and Economics";"sorbit";"sorbit";"Knowledge based design of urban space in a people perspective: Klampenborg road as case|Vidensbaseret byrumsdesign for mennesker: Klampenborgvej som case"
"";"dtu|dtupub|third_party";"";"2022-01-03T13:13:03.603Z";"Klubien, Jonathan Aske Jensen";"";"2306946035";"";"dtu";"2016";"";"";"";"";"thesis";"dtu|dtu_electronic|dtupub|dtupub_electronic";"";"";"";"";"";"";"";"";"";"";"";"";"";"Digitale medietek.|Master of Science in Digital Media Engineering|Master of Science in Engineering|kandidat";"Digitale medietek.|Master of Science in Digital Media Engineering|Master of Science in Engineering|kandidat";"Digitale medietek.|Master of Science in Digital Media Engineering|Master of Science in Engineering|kandidat";"und";"579f2cae6bbf232e70001989";"";"579f2cae6bbf232e70001989";"DTU Department of Applied Mathematics and Computer Science";"sorbit";"sorbit";"Personalizing hearing care by adapting devices to the mobile context|Personalisering af høreapparater ved at adaptere indstillinger udfra mobil kontekst"
"";"dtu|dtupub|third_party";"";"2022-01-03T13:07:31.924Z";"Fosso, Kjersti";"";"2306791656";"";"dtu";"2016";"";"";"";"";"thesis";"dtu|dtu_electronic|dtupub|dtupub_electronic";"";"";"";"";"";"";"";"";"";"";"";"";"";"Bygningsdesign|Master of Science in Engineering|Master og Science in Architectural Engineering|kandidat";"Bygningsdesign|Master of Science in Engineering|Master og Science in Architectural Engineering|kandidat";"Bygningsdesign|Master of Science in Engineering|Master og Science in Architectural Engineering|kandidat";"und";"5797439e6bbf232e70000f06";"";"5797439e6bbf232e70000f06";"DTU Department of Civil Engineering";"sorbit";"sorbit";"Internal facade insulation with active moisture control|Indvendig facadeisolering med aktiv fugtkontrol"
"";"dtu|dtupub|third_party";"";"2022-01-03T13:16:28.575Z";"Cholakov, Asen";"";"2524896214";"";"dtu";"2016";"";"";"";"";"thesis";"dtu|dtu_electronic|dtupub|dtupub_electronic";"";"";"";"";"";"";"";"";"";"";"";"";"";"Bygningsdesign|Master of Science in Engineering|Master og Science in Architectural Engineering|kandidat";"Bygningsdesign|Master of Science in Engineering|Master og Science in Architectural Engineering|kandidat";"Bygningsdesign|Master of Science in Engineering|Master og Science in Architectural Engineering|kandidat";"und";"56d754a9bf1945510200006a";"";"56d754a9bf1945510200006a";"DTU Department of Civil Engineering";"sorbit";"sorbit";"Strategies for energy and indoor air quality optimization of Lyngby Store center|Strategier for optimerings af energi og indeklimakvalitet af Lyngby Storcenter"
"";"dtu|dtupub|third_party";"";"2022-01-03T13:16:27.814Z";"Tisov, Ana";"";"2306320434";"";"dtu";"2016";"";"";"";"";"thesis";"dtu|dtu_electronic|dtupub|dtupub_electronic";"";"";"";"";"";"";"";"";"";"";"";"";"";"Bygningsdesign|Master of Science in Engineering|Master og Science in Architectural Engineering|kandidat";"Bygningsdesign|Master of Science in Engineering|Master og Science in Architectural Engineering|kandidat";"Bygningsdesign|Master of Science in Engineering|Master og Science in Architectural Engineering|kandidat";"und";"577b934b37562d157a0001b6";"";"577b934b37562d157a0001b6";"DTU Department of Civil Engineering";"sorbit";"sorbit";"A tradeoff between indoor environmental quality and energy consumption in modern buildings – identification of performance indicators and evaluation of data collected in existing buildings|Afvejning mellem indeklima og energiforbrug i moderne bygninger - identifikation af relevante nøgletal og analyse af malinger fra eksisterende bygninger"
"";"dtu|dtupub|third_party";"";"2022-01-03T13:16:27.225Z";"Kim, Miseong";"";"2305633513";"";"dtu";"2016";"";"";"";"";"thesis";"dtu|dtu_electronic|dtupub|dtupub_electronic";"";"";"";"";"";"";"";"";"";"";"";"";"";"Akustisk tek.|Master of Science in Engineering|Master of Science in Engineering Acoustics|kandidat";"Akustisk tek.|Master of Science in Engineering|Master of Science in Engineering Acoustics|kandidat";"Akustisk tek.|Master of Science in Engineering|Master of Science in Engineering Acoustics|kandidat";"und";"575ea7b1e6f951534a00f2ed";"";"575ea7b1e6f951534a00f2ed";"DTU Department of Electrical Engineering";"sorbit";"sorbit";"Black-hole effects in vibrating plates|Sort-hul fænomener i vibrerende plader."
"";"dtu|dtupub|third_party";"";"2022-01-03T13:11:26.998Z";"Sonnenschein, Mikkel Biering";"";"2292737131";"";"dtu";"2015";"";"";"";"";"thesis";"dtu|dtu_electronic|dtupub|dtupub_electronic";"";"";"";"";"";"";"";"";"";"";"";"";"";"Design og inn.|Master of Science in Design and Innovation|Master of Science in Engineering|kandidat";"Design og inn.|Master of Science in Design and Innovation|Master of Science in Engineering|kandidat";"Design og inn.|Master of Science in Design and Innovation|Master of Science in Engineering|kandidat";"und";"56d754b9bf194551020008c2";"";"56d754b9bf194551020008c2";"DTU Department of Civil and Mechanical Engineering";"sorbit";"sorbit";"Design of an Exhibition Installation from a User Experience Perspective|Udvikling af en udstillings-installation i et brugeroplevelses perspektiv"
"";"dtu|dtupub|third_party";"";"2022-01-03T13:12:20.487Z";"Svensen, Jan Lorenz";"";"2292734466";"";"dtu";"2016";"";"";"";"";"thesis";"dtu|dtu_electronic|dtupub|dtupub_electronic";"";"";"";"";"";"";"";"";"";"";"";"";"";"Elektrotek.|Master of Science in Electrical Engineering|Master of Science in Engineering|kandidat";"Elektrotek.|Master of Science in Electrical Engineering|Master of Science in Engineering|kandidat";"Elektrotek.|Master of Science in Electrical Engineering|Master of Science in Engineering|kandidat";"und";"56d754abbf19455102000146";"";"56d754abbf19455102000146";"DTU Department of Electrical Engineering";"sorbit";"sorbit";"3Dimensional Biped Walking with Hip Rotation|3Dimensionel tobenet gang med hofterotation"
"";"dtu|dtupub|third_party";"";"2022-01-03T13:12:14.948Z";"Jacobsen, Peter Sally Munch";"";"2292735427";"";"dtu";"2015";"";"";"";"";"thesis";"dtu|dtu_electronic|dtupub|dtupub_electronic";"";"";"";"";"";"";"";"";"";"";"";"";"";"Master of Science in Engineering|Master of Science in Petroleum Engineering|Olie- og gastek.|kandidat";"Master of Science in Engineering|Master of Science in Petroleum Engineering|Olie- og gastek.|kandidat";"Master of Science in Engineering|Master of Science in Petroleum Engineering|Olie- og gastek.|kandidat";"und";"56d754b0bf194551020003c1";"";"56d754b0bf194551020003c1";"DTU Department of Civil Engineering";"sorbit";"sorbit";"Geochemical Modelling of Heat Treated Sandstone|Geokemisk modellering af varmebehandlet sandsten"
"";"dtu|dtupub|third_party";"";"2022-01-06T23:53:52.653Z";"Schadegg, Christina Rasch Jensen";"";"2346606309";"";"dtu";"2016";"";"";"";"";"thesis";"dtu|dtu_electronic|dtupub|dtupub_electronic";"";"";"";"";"";"";"";"";"";"";"";"";"";"Bioteknologi|Master of Science in Biotechnology|Master of Science in Engineering|kandidat";"Bioteknologi|Master of Science in Biotechnology|Master of Science in Engineering|kandidat";"Bioteknologi|Master of Science in Biotechnology|Master of Science in Engineering|kandidat";"und";"57f62ec3e6fd4e3451000015";"";"57f62ec3e6fd4e3451000015";"DTU Department of Biotechnology and Biomedicine";"sorbit";"sorbit";"Clinical aspects of Staphylococcus aureus|Kliniske asperkter af Staphylococcus aureus infektioner"
"";"dtu|dtupub|third_party";"";"2022-01-03T13:15:57.639Z";"Gebalska, Bogna Anna";"";"2292736408";"";"dtu";"2015";"";"";"";"";"thesis";"dtu|dtu_electronic|dtupub|dtupub_electronic";"";"";"";"";"";"";"";"";"";"";"";"";"";"Master of Science in Engineering|Master of Science in Engineering Management|Planl. innovation og led.|kandidat";"Master of Science in Engineering|Master of Science in Engineering Management|Planl. innovation og led.|kandidat";"Master of Science in Engineering|Master of Science in Engineering Management|Planl. innovation og led.|kandidat";"und";"56d754b6bf194551020006ac";"";"56d754b6bf194551020006ac";"DTU Department of Technology, Management and Economics";"sorbit";"sorbit";"Catalysts for City Transition - Global Trends and Migration Patterns|Katalysatorer for by transition - globale tendenser of migrations mønstre"
"";"dtu|dtupub|third_party";"";"2022-01-03T13:16:26.222Z";"Heuvel, Jurgen Hendrikus Franciscus van den";"";"2305633484";"";"dtu";"2016";"";"";"";"";"thesis";"dtu|dtu_electronic|dtupub|dtupub_electronic";"";"";"";"";"";"";"";"";"";"";"";"";"";"Master of Science in Engineering|Master of Science in Transportation and Logistics|Transp. og logistik|kandidat";"Master of Science in Engineering|Master of Science in Transportation and Logistics|Transp. og logistik|kandidat";"Master of Science in Engineering|Master of Science in Transportation and Logistics|Transp. og logistik|kandidat";"und";"575ea785e6f951534a00f10b";"";"575ea785e6f951534a00f10b";"DTU Department of Transport";"sorbit";"sorbit";"Towards an integration of line planning and timetabling|En delvis integration af linjeplanlægning og køreplanlægning"
"";"dtu|dtupub|third_party";"";"2022-01-03T13:15:44.435Z";"Jensen, Thomas Westerby";"";"2292736955";"";"dtu";"2015";"";"";"";"";"thesis";"dtu|dtu_electronic|dtupub|dtupub_electronic";"";"";"";"";"";"";"";"";"";"";"";"";"";"Bygningsdesign|Master of Science in Engineering|Master og Science in Architectural Engineering|kandidat";"Bygningsdesign|Master of Science in Engineering|Master og Science in Architectural Engineering|kandidat";"Bygningsdesign|Master of Science in Engineering|Master og Science in Architectural Engineering|kandidat";"und";"56d754b8bf19455102000828";"";"56d754b8bf19455102000828";"DTU Department of Civil Engineering";"sorbit";"sorbit";"Examination of how the New Danish Reference year influences the requirements for HVAC systems and the energy frame, of office buildings in Denmark|Undersøgelse af, hvordan det nye reference ar pavirker kravene til HVAC-systemer og energirammen, af kontorbygninger i Danmark."
"";"dtu|dtupub|third_party";"";"2022-01-03T13:16:01.663Z";"Maleki, Amir Shantia";"";"2292734173";"";"dtu";"2016";"";"";"";"";"thesis";"dtu|dtu_electronic|dtupub|dtupub_electronic";"";"";"";"";"";"";"";"";"";"";"";"";"";"Konst. og mekanik|Master of Science in Engineering|Master of Science in Engineering Design and Applied Mechanics|kandidat";"Konst. og mekanik|Master of Science in Engineering|Master of Science in Engineering Design and Applied Mechanics|kandidat";"Konst. og mekanik|Master of Science in Engineering|Master of Science in Engineering Design and Applied Mechanics|kandidat";"und";"56d754a9bf1945510200009b";"";"56d754a9bf1945510200009b";"DTU Department of Civil and Mechanical Engineering";"sorbit";"sorbit";"Investigation of drone technology and development of concepts|Undersøgelse af droneteknologi og udvikling af koncepter"
"";"dtu|dtupub|third_party";"";"2022-01-06T23:53:33.736Z";"Anyaogu, Michael David";"";"2305633427";"";"dtu";"2016";"";"";"";"";"thesis";"dtu|dtu_electronic|dtupub|dtupub_electronic";"";"";"";"";"";"";"";"";"";"";"";"";"";"Informationstek.|Master of Science in Computer Science and Engineering|Master of Science in Engineering|kandidat";"Informationstek.|Master of Science in Computer Science and Engineering|Master of Science in Engineering|kandidat";"Informationstek.|Master of Science in Computer Science and Engineering|Master of Science in Engineering|kandidat";"und";"575ea6e2e6f951534a00e969";"";"575ea6e2e6f951534a00e969";"DTU Department of Applied Mathematics and Computer Science";"sorbit";"sorbit";"Model checking socio-technical systems|Model tjek af socio-tekniske systemer"
"";"dtu|dtupub|third_party";"";"2022-01-03T13:15:43.099Z";"Salviato, Marco";"";"2292735571";"";"dtu";"2015";"";"";"";"";"thesis";"dtu|dtu_electronic|dtupub|dtupub_electronic";"";"";"";"";"";"";"";"";"";"";"";"";"";"Konst. og mekanik|Master of Science in Engineering|Master of Science in Engineering Design and Applied Mechanics|kandidat";"Konst. og mekanik|Master of Science in Engineering|Master of Science in Engineering Design and Applied Mechanics|kandidat";"Konst. og mekanik|Master of Science in Engineering|Master of Science in Engineering Design and Applied Mechanics|kandidat";"und";"56d754b1bf1945510200044b";"";"56d754b1bf1945510200044b";"DTU Department of Wind and Energy Systems";"sorbit";"sorbit";"Strain gauge grid design for fiber reinforced polymers|Strain gauge grid design for fiber forstærkede polymerer"
"";"dtu|dtupub|third_party";"";"2022-01-03T13:14:39.798Z";"Bundgaard, Cecilie Højbjerg";"";"2292735813";"";"dtu";"2015";"";"";"";"";"thesis";"dtu|dtu_electronic|dtupub_external";"";"";"";"";"";"";"";"";"";"";"";"";"";"Master of Science in Engineering|Master of Science in Medicine and Technology|Medicin og tek.|kandidat";"Master of Science in Engineering|Master of Science in Medicine and Technology|Medicin og tek.|kandidat";"Master of Science in Engineering|Master of Science in Medicine and Technology|Medicin og tek.|kandidat";"und";"56d754b3bf1945510200051b";"";"56d754b3bf1945510200051b";"DTU Department of Electrical Engineering";"sorbit";"sorbit";"Advanced electrophysiological analysis of connectivity in rats during cognitive tasks|Avancerede elektrofysiologisk analyse af konnektivitet i rotter under kognitive eksperimenter"
"";"dtu|dtupub|third_party";"";"2022-01-03T13:06:37.249Z";"Clemmensen-Rotne, Kristine Maria";"";"2328004352";"";"dtu";"2016";"";"";"";"";"thesis";"dtu|dtu_electronic|dtupub|dtupub_electronic";"";"";"";"";"";"";"";"";"";"";"";"";"";"Master of Science in Engineering|Master of Science in Engineering Management|Planl. innovation og led.|kandidat";"Master of Science in Engineering|Master of Science in Engineering Management|Planl. innovation og led.|kandidat";"Master of Science in Engineering|Master of Science in Engineering Management|Planl. innovation og led.|kandidat";"und";"57b2f24d272bfcc230000073";"";"57b2f24d272bfcc230000073";"DTU Department of Technology, Management and Economics";"sorbit";"sorbit";"Unraveling the decision making processes in projects|Udredning af beslutningsprocesserne i projekter."
"";"dtu|dtupub|third_party";"";"2022-01-03T13:08:32.218Z";"Girotto, Giacomo";"";"2307019999";"";"dtu";"2016";"";"";"";"";"thesis";"dtu|dtu_electronic|dtupub|dtupub_electronic";"";"";"";"";"";"";"";"";"";"";"";"";"";"Bæredygtig energi|Master of Science in Engineering|Master of Science in Sustainable Energy|kandidat";"Bæredygtig energi|Master of Science in Engineering|Master of Science in Sustainable Energy|kandidat";"Bæredygtig energi|Master of Science in Engineering|Master of Science in Sustainable Energy|kandidat";"und";"57a1ced812855c654e000107";"";"57a1ced812855c654e000107";"DTU Department of Civil Engineering";"sorbit";"sorbit";"Development of a model for forecasting of energy consumption and costs in buildings based on Enerlutec data platform|Udvikling af model til estimering af energiforbrug og omkostninger i bygninger baseret pa data fra Enerlutec facility management platform"
"";"dtu|dtupub|third_party";"";"2022-01-03T13:16:39.747Z";"Andersen, Natalia Havelund";"";"2319852126";"";"dtu";"2016";"";"";"";"";"thesis";"dtu|dtu_electronic|dtupub|dtupub_electronic";"";"";"";"";"";"";"";"";"";"";"";"";"";"Geofysik og rumtek.|Master of Science in Earth and Space Physics and Engineering|Master of Science in Engineering|kandidat";"Geofysik og rumtek.|Master of Science in Earth and Space Physics and Engineering|Master of Science in Engineering|kandidat";"Geofysik og rumtek.|Master of Science in Earth and Space Physics and Engineering|Master of Science in Engineering|kandidat";"und";"57b04f589baf2b177e00020e";"";"57b04f589baf2b177e00020e";"DTU Department of Space Research and Space Technology";"sorbit";"sorbit";"Changes in the Northeast Greenland Ice Stream through the last 40 years based on geophysical measurements|Ændringer i den Nordøst-Grønlandske Isstrøm gennem de sidste 40 ar, baseret pa geofysiske malinger"
"";"dtu|dtupub|third_party";"";"2022-01-03T13:08:05.275Z";"Dejak, Marek Mikolaj";"";"2351661164";"";"dtu";"2016";"";"";"";"";"thesis";"dtu|dtu_electronic|dtupub|dtupub_electronic";"";"";"";"";"";"";"";"";"";"";"";"";"";"Digitale medietek.|Master of Science in Digital Media Engineering|Master of Science in Engineering|kandidat";"Digitale medietek.|Master of Science in Digital Media Engineering|Master of Science in Engineering|kandidat";"Digitale medietek.|Master of Science in Digital Media Engineering|Master of Science in Engineering|kandidat";"und";"5890457d54602411490000c7";"";"5890457d54602411490000c7";"DTU Department of Applied Mathematics and Computer Science";"sorbit";"sorbit";"Real-Time Shadows from Area Lights|Realtidsskygger fra areallyskilder"
"";"dtu|dtupub|third_party";"";"2022-01-03T13:06:45.257Z";"Peprah, Blissbern Owusu";"";"2306791148";"";"dtu";"2016";"";"";"";"";"thesis";"dtu|dtu_electronic|dtupub|dtupub_electronic";"";"";"";"";"";"";"";"";"";"";"";"";"";"Master of Science in Engineering|Master of Science in Environmental Engineering|Miljøteknologi|kandidat";"Master of Science in Engineering|Master of Science in Environmental Engineering|Miljøteknologi|kandidat";"Master of Science in Engineering|Master of Science in Environmental Engineering|Miljøteknologi|kandidat";"und";"5797438d6bbf232e70000e79";"";"5797438d6bbf232e70000e79";"DTU Department of Environmental and Resource Engineering";"sorbit";"sorbit";"Mitigation of methane emissions from landfills in Ghana by the biocover technology|Imødegaelse af metanudslippet fra lossepladser i Ghana ved hjælp af biocoverteknologien"
"";"dtu|dtupub|third_party";"";"2022-01-06T23:53:26.436Z";"Granja, Angel Blanco";"";"2306881835";"";"dtu";"2016";"";"";"";"";"thesis";"dtu|dtu_electronic|dtupub_external";"";"";"";"";"";"";"";"";"";"";"";"";"";"Master of Science in Engineering|Master of Science in Telecommunication|Telekom.|kandidat";"Master of Science in Engineering|Master of Science in Telecommunication|Telekom.|kandidat";"Master of Science in Engineering|Master of Science in Telecommunication|Telekom.|kandidat";"und";"579b373d6bbf232e70001236";"";"579b373d6bbf232e70001236";"DTU Department of Electrical and Photonics Engineering";"sorbit";"sorbit";"Technologies for Next Generation Optical Fiber Access Networks|Teknologier til Næste Generation Fiberoptiske Accesnet"
"";"dtu|dtupub|third_party";"";"2022-01-03T13:15:53.407Z";"Pedersen, Thomas Bjarne Stigsberg";"";"2292735135";"";"dtu";"2015";"";"";"";"";"thesis";"dtu|dtu_electronic|dtupub|dtupub_electronic";"";"";"";"";"";"";"";"";"";"";"";"";"";"Master of Science in Engineering|Master of Science in Wind Energy|Vindenergi|kandidat";"Master of Science in Engineering|Master of Science in Wind Energy|Vindenergi|kandidat";"Master of Science in Engineering|Master of Science in Wind Energy|Vindenergi|kandidat";"und";"56d754afbf19455102000311";"";"56d754afbf19455102000311";"DTU Department of Electrical Engineering";"sorbit";"sorbit";"Reuseability of rare earth permanent magnets intended for direct drive wind turbines generators|Genbrugspotentiale af permanente magneter beregnet til gearkasse-fri vindmøllegeneratorer"
"";"dtu|dtupub|third_party";"";"2022-01-03T13:11:37.067Z";"Christensen, Steen Müller";"";"2292735320";"";"dtu";"2015";"";"";"";"";"thesis";"dtu|dtu_electronic|dtupub_external";"";"";"";"";"";"";"";"";"";"";"";"";"";"Kemisk/biokemisk tek.|Master of Science in Chemical and Biochemical Engineering|Master of Science in Engineering|kandidat";"Kemisk/biokemisk tek.|Master of Science in Chemical and Biochemical Engineering|Master of Science in Engineering|kandidat";"Kemisk/biokemisk tek.|Master of Science in Chemical and Biochemical Engineering|Master of Science in Engineering|kandidat";"und";"56d754b0bf1945510200038a";"";"56d754b0bf1945510200038a";"DTU Department of Chemical and Biochemical Engineering";"sorbit";"sorbit";"Performance of combined diesel particulate filter and SCR|Performance af kombineret dieselpartikelfilter og SCR katalysator"
"";"dtu|dtupub|third_party";"";"2022-01-03T13:12:21.497Z";"Saupstad, Stian";"";"2292734089";"";"dtu";"2016";"";"";"";"";"thesis";"dtu|dtu_electronic|dtupub|dtupub_electronic";"";"";"";"";"";"";"";"";"";"";"";"";"";"Bygningsdesign|Master of Science in Engineering|Master og Science in Architectural Engineering|kandidat";"Bygningsdesign|Master of Science in Engineering|Master og Science in Architectural Engineering|kandidat";"Bygningsdesign|Master of Science in Engineering|Master og Science in Architectural Engineering|kandidat";"und";"56d754a9bf19455102000068";"";"56d754a9bf19455102000068";"DTU Department of Civil Engineering";"sorbit";"sorbit";"Welding Residual Stresses in Offshore Steel Structures|Welding Residual Stresses in Offshore Steel Structures"
"";"dtu|dtupub|third_party";"";"2022-01-03T13:15:57.669Z";"Su, Yixi";"";"2292735050";"";"dtu";"2015";"";"";"";"";"thesis";"dtu|dtu_electronic|dtupub|dtupub_electronic";"";"";"";"";"";"";"";"";"";"";"";"";"";"Bioteknologi|Master of Science in Biotechnology|Master of Science in Engineering|kandidat";"Bioteknologi|Master of Science in Biotechnology|Master of Science in Engineering|kandidat";"Bioteknologi|Master of Science in Biotechnology|Master of Science in Engineering|kandidat";"und";"56d754aebf194551020002db";"";"56d754aebf194551020002db";"DTU Department of Environmental and Resource Engineering";"sorbit";"sorbit";"Evaluation of algae production coupled with wastewater treatment|Evaluering af algeproduktion kombineret med spildevandsrensning"
"";"dtu|dtupub|third_party";"";"2022-01-03T13:12:17.244Z";"Kinyage, John Peter Hewa";"";"2292735262";"";"dtu";"2015";"";"";"";"";"thesis";"dtu|dtu_electronic|dtupub|dtupub_electronic";"";"";"";"";"";"";"";"";"";"";"";"";"";"Akvatisk teknologi|Master in Science in Aquatic Science and Technology|Master of Science in Engineering|kandidat";"Akvatisk teknologi|Master in Science in Aquatic Science and Technology|Master of Science in Engineering|kandidat";"Akvatisk teknologi|Master in Science in Aquatic Science and Technology|Master of Science in Engineering|kandidat";"und";"56d754b0bf1945510200036a";"";"56d754b0bf1945510200036a";"DTU National Institute of Aquatic Resources";"sorbit";"sorbit";"Effect of Temperature on biofilter nitrification performance in recirculating aquaculture systems|Effekt af temperatur pa kvælstofomsætning i biofiltre i recirkulerede akvakultur anlæg."
"";"dtu|dtupub|third_party";"";"2022-01-03T13:16:10.838Z";"Lai, Shengling";"";"2292735664";"";"dtu";"2015";"";"";"";"";"thesis";"dtu|dtu_electronic|dtupub|dtupub_electronic";"";"";"";"";"";"";"";"";"";"";"";"";"";"Master of Science in Engineering|Master of Science in Wind Energy|Vindenergi|kandidat";"Master of Science in Engineering|Master of Science in Wind Energy|Vindenergi|kandidat";"Master of Science in Engineering|Master of Science in Wind Energy|Vindenergi|kandidat";"und";"56d754b2bf194551020004a1";"";"56d754b2bf194551020004a1";"DTU Department of Wind and Energy Systems";"sorbit";"sorbit";"A numerical investigation of using flap control on VAWT´s|En numerisk undersøgelse af flapkontrol anvendt pa VAWT´s"
"";"dtu|dtupub|third_party";"";"2022-01-03T13:13:21.811Z";"Bardenfleth, Sophia Elizabeth";"";"2292734197";"";"dtu";"2016";"";"";"";"";"thesis";"dtu|dtu_electronic|dtupub|dtupub_electronic";"";"";"";"";"";"";"";"";"";"";"";"";"";"Master of Science in Engineering|Master of Science in Mathematical Modelling and Computation|Mat. modellering|kandidat";"Master of Science in Engineering|Master of Science in Mathematical Modelling and Computation|Mat. modellering|kandidat";"Master of Science in Engineering|Master of Science in Mathematical Modelling and Computation|Mat. modellering|kandidat";"und";"56d754aabf194551020000a7";"";"56d754aabf194551020000a7";"DTU Department of Applied Mathematics and Computer Science";"sorbit";"sorbit";"3D head shape modelling using embedded deformation|Modellering af 3D hovedform ved brug af indlejrede deformationer"
"";"dtu|dtupub|third_party";"";"2022-01-03T13:16:26.360Z";"Brämer, Daniel Mathias";"";"2305633499";"";"dtu";"2016";"";"";"";"";"thesis";"dtu|dtu_electronic|dtupub|dtupub_electronic";"";"";"";"";"";"";"";"";"";"";"";"";"";"Master of Science in Engineering|Master of Science in Wind Energy|Vindenergi|kandidat";"Master of Science in Engineering|Master of Science in Wind Energy|Vindenergi|kandidat";"Master of Science in Engineering|Master of Science in Wind Energy|Vindenergi|kandidat";"und";"575ea79fe6f951534a00f22d";"";"575ea79fe6f951534a00f22d";"DTU Department of Wind and Energy Systems";"sorbit";"sorbit";"Novel Concept for Lifetime Extension of an Offshore Wind Turbine Monopile Foundation|Undersøgelse af nyt koncept til livstidsforlængelse af et monopæls fundament til vindmøller"
"";"dtu|dtupub|third_party";"";"2022-01-03T13:16:20.322Z";"Christensen, Simon Aagaard|Hansen, Jakob Thorup";"";"2292734115";"";"dtu";"2016";"";"";"";"";"thesis";"dtu|dtu_electronic|dtupub_external";"";"";"";"";"";"";"";"";"";"";"";"";"";"Master of Science in Engineering|Master of Science in Engineering Management|Planl. innovation og led.|kandidat";"Master of Science in Engineering|Master of Science in Engineering Management|Planl. innovation og led.|kandidat";"Master of Science in Engineering|Master of Science in Engineering Management|Planl. innovation og led.|kandidat";"und";"56d754a9bf1945510200007d";"";"56d754a9bf1945510200007d";"DTU Department of Technology, Management and Economics";"sorbit";"sorbit";"Rapid Methods for Manufacturing Optimization|Hurtige metoder til produktionsoptimering"
"";"dtu|dtupub|third_party";"";"2022-01-03T13:11:47.645Z";"Madsen, Anne|Hansen, Marlene Mia Westmose";"";"2292735145";"";"dtu";"2015";"";"";"";"";"thesis";"dtu|dtu_electronic|dtupub|dtupub_electronic";"";"";"";"";"";"";"";"";"";"";"";"";"";"Byggetek.|Master of Science in Civil Engineering|Master of Science in Engineering|kandidat";"Byggetek.|Master of Science in Civil Engineering|Master of Science in Engineering|kandidat";"Byggetek.|Master of Science in Civil Engineering|Master of Science in Engineering|kandidat";"und";"56d754afbf1945510200031b";"";"56d754afbf1945510200031b";"DTU Department of Civil Engineering";"sorbit";"sorbit";"The effect of Alcohol related Impairment on Evacuation Characteristics|Effekten af alkoholrelateret funktionsnedsættelse pa evakueringsegenskaber"
"";"dtu|dtupub|third_party";"";"2022-01-03T13:15:50.589Z";"Laursen, Kasper";"";"2292735584";"";"dtu";"2015";"";"";"";"";"thesis";"dtu|dtu_electronic|dtupub|dtupub_electronic";"";"";"";"";"";"";"";"";"";"";"";"";"";"Informationstek.|Master of Science in Computer Science and Engineering|Master of Science in Engineering|kandidat";"Informationstek.|Master of Science in Computer Science and Engineering|Master of Science in Engineering|kandidat";"Informationstek.|Master of Science in Computer Science and Engineering|Master of Science in Engineering|kandidat";"und";"56d754b2bf19455102000458";"";"56d754b2bf19455102000458";"DTU Department of Applied Mathematics and Computer Science";"sorbit";"sorbit";"A type system for checking information flows in distributed systems|Et type system for check af informations flow i distributive systemer"
"";"dtu|dtupub|third_party";"";"2022-01-06T23:53:47.436Z";"Pedersen, Christian Søndergaard";"";"2305633440";"";"dtu";"2016";"";"";"";"";"thesis";"dtu|dtu_electronic|dtupub|dtupub_electronic";"";"";"";"";"";"";"";"";"";"";"";"";"";"Fysik og nanotek.|Master of Science in Engineering|Master of Science in Physics and Nanotechnology|kandidat";"Fysik og nanotek.|Master of Science in Engineering|Master of Science in Physics and Nanotechnology|kandidat";"Fysik og nanotek.|Master of Science in Engineering|Master of Science in Physics and Nanotechnology|kandidat";"und";"575ea70be6f951534a00eb5f";"";"575ea70be6f951534a00eb5f";"DTU Department of Micro- and Nanotechnology";"sorbit";"sorbit";"Transport Calculations of Metal-Graphene Contacts|Transport beregninger af metal-grafen kontakter"
"";"dtu|dtupub|third_party";"";"2022-01-03T13:16:22.240Z";"Barrett, Kristian";"";"2305633431";"";"dtu";"2016";"";"";"";"";"thesis";"dtu|dtu_electronic|dtupub_external";"";"";"";"";"";"";"";"";"";"";"";"";"";"Bioteknologi|Master of Science in Biotechnology|Master of Science in Engineering|kandidat";"Bioteknologi|Master of Science in Biotechnology|Master of Science in Engineering|kandidat";"Bioteknologi|Master of Science in Biotechnology|Master of Science in Engineering|kandidat";"und";"575ea6e3e6f951534a00e97c";"";"575ea6e3e6f951534a00e97c";"DTU Department of Chemical and Biochemical Engineering";"sorbit";"sorbit";"Seaweed fingerprinting for ID and bioprocessing|DNA baseret identifikation af tang og bioraffinering"
"";"dtu|dtupub|third_party";"";"2022-01-03T13:07:19.831Z";"Malmskov, Lasse Sebastian";"";"2349527747";"";"dtu";"2016";"";"";"";"";"thesis";"dtu|dtu_electronic|dtupub|dtupub_electronic";"";"";"";"";"";"";"";"";"";"";"";"";"";"Byggetek.|Master of Science in Civil Engineering|Master of Science in Engineering|kandidat";"Byggetek.|Master of Science in Civil Engineering|Master of Science in Engineering|kandidat";"Byggetek.|Master of Science in Civil Engineering|Master of Science in Engineering|kandidat";"und";"5847f9d47f9c2b212d000040";"";"5847f9d47f9c2b212d000040";"DTU Department of Civil Engineering";"sorbit";"sorbit";"Indoor climate during the heating season and renovation initiatives in Danish public schools|Indeklima i opvarmningssæsonen og renoveringstiltag i danske folkeskoler"
"";"dtu|dtupub|third_party";"";"2022-01-03T13:07:27.405Z";"Gulomar, Qader";"";"2328005642";"";"dtu";"2016";"";"";"";"";"thesis";"dtu|dtu_electronic|dtupub|dtupub_electronic";"";"";"";"";"";"";"";"";"";"";"";"";"";"Byggetek.|Master of Science in Civil Engineering|Master of Science in Engineering|kandidat";"Byggetek.|Master of Science in Civil Engineering|Master of Science in Engineering|kandidat";"Byggetek.|Master of Science in Civil Engineering|Master of Science in Engineering|kandidat";"und";"57b2f266272bfcc230000107";"";"57b2f266272bfcc230000107";"DTU Department of Civil Engineering";"sorbit";"sorbit";"High-rise building light house design calculations with concrete and composite- elements and connections|Projektering af Lighthouse højhuset i Arhus"
"";"dtu|dtupub|third_party";"";"2022-01-03T13:12:43.179Z";"Andersen, Maibrit Serup|Askhøj, Christoffer";"";"2305633558";"";"dtu";"2016";"";"";"";"";"thesis";"dtu|dtu_electronic|dtupub_external";"";"";"";"";"";"";"";"";"";"";"";"";"";"Design og inn.|Konst. og mekanik|Master of Science in Design and Innovation|Master of Science in Engineering|Master of Science in Engineering Design and Applied Mechanics|kandidat";"Design og inn.|Konst. og mekanik|Master of Science in Design and Innovation|Master of Science in Engineering|Master of Science in Engineering Design and Applied Mechanics|kandidat";"Design og inn.|Konst. og mekanik|Master of Science in Design and Innovation|Master of Science in Engineering|Master of Science in Engineering Design and Applied Mechanics|kandidat";"und";"575ea7e7e6f951534a00f596";"";"575ea7e7e6f951534a00f596";"DTU Department of Civil and Mechanical Engineering";"sorbit";"sorbit";"Development of new product architecture at Hounö A/S|Udvikling af ny produktarkitektur ved Houno A/S"
"";"dtu|dtupub|third_party";"";"2022-01-03T13:13:02.005Z";"Schillebeeckx, David Chris J";"";"2306782164";"";"dtu";"2016";"";"";"";"";"thesis";"dtu|dtu_electronic|dtupub|dtupub_electronic";"";"";"";"";"";"";"";"";"";"";"";"";"";"Master of Science in Engineering|Master of Science in Wind Energy|Vindenergi|kandidat";"Master of Science in Engineering|Master of Science in Wind Energy|Vindenergi|kandidat";"Master of Science in Engineering|Master of Science in Wind Energy|Vindenergi|kandidat";"und";"5795f1c36bbf232e70000c52";"";"5795f1c36bbf232e70000c52";"DTU Department of Wind and Energy Systems";"sorbit";"sorbit";"Sensitivity testing and technical implementation of mesoscale generalisation procedure for the WRF model|Sensitivitets analyse og teknisk implementering af procedure til mesoskala generalisering i WRF modellen"
"";"dtu|dtupub|third_party";"";"2022-01-06T23:53:41.582Z";"Tsikos, Marios";"";"2306791703";"";"dtu";"2016";"";"";"";"";"thesis";"dtu|dtu_electronic|dtupub|dtupub_electronic";"";"";"";"";"";"";"";"";"";"";"";"";"";"Bygningsdesign|Master of Science in Engineering|Master og Science in Architectural Engineering|kandidat";"Bygningsdesign|Master of Science in Engineering|Master og Science in Architectural Engineering|kandidat";"Bygningsdesign|Master of Science in Engineering|Master og Science in Architectural Engineering|kandidat";"und";"579743b06bbf232e70000f4f";"";"579743b06bbf232e70000f4f";"DTU Department of Civil Engineering";"sorbit";"sorbit";"Sustainable design with respect to LCA using parametric design and BIM tools|Udvikling af nye designprocesser med i relation til parametrisk design, LCA og BIM."
"";"dtu|dtupub|third_party";"";"2022-01-03T13:07:31.930Z";"Pedersen, Mikkel Maag";"";"2306791695";"";"dtu";"2016";"";"";"";"";"thesis";"dtu|dtu_electronic|dtupub|dtupub_electronic";"";"";"";"";"";"";"";"";"";"";"";"";"";"Fysik og nanotek.|Master of Science in Engineering|Master of Science in Physics and Nanotechnology|kandidat";"Fysik og nanotek.|Master of Science in Engineering|Master of Science in Physics and Nanotechnology|kandidat";"Fysik og nanotek.|Master of Science in Engineering|Master of Science in Physics and Nanotechnology|kandidat";"und";"579743a96bbf232e70000f3b";"";"579743a96bbf232e70000f3b";"DTU Department of Physics";"sorbit";"sorbit";"Characterization of laser frequency stability for quantum cryptography|Karakterisering af laserfrekvensstabilitet for kvantekryptografi"
"";"dtu|dtupub|third_party";"";"2022-01-03T13:07:20.132Z";"Dumenil, Arnaud Jean Frederic";"";"2342855422";"";"dtu";"2016";"";"";"";"";"thesis";"dtu|dtu_electronic|dtupub_external";"";"";"";"";"";"";"";"";"";"";"";"";"";"Master of Science in Engineering|Master of Science in Telecommunication|Telekom.|kandidat";"Master of Science in Engineering|Master of Science in Telecommunication|Telekom.|kandidat";"Master of Science in Engineering|Master of Science in Telecommunication|Telekom.|kandidat";"und";"57cff33e09d7e82e03000000";"";"57cff33e09d7e82e03000000";"DTU Department of Electrical and Photonics Engineering";"sorbit";"sorbit";"Coding and modulation: system optimization for optical communications|Coding and modulation: system optimization for optical communications"
"";"dtu|dtupub|third_party";"";"2022-01-03T13:16:28.579Z";"Lyneborg, Karina Sieron";"";"2341486488";"";"dtu";"2016";"";"";"";"";"thesis";"dtu|dtu_electronic|dtupub|dtupub_electronic";"";"";"";"";"";"";"";"";"";"";"";"";"";"Fødevareteknologi|Master of Science in Engineering|Master of Science in Food Technology|kandidat";"Fødevareteknologi|Master of Science in Engineering|Master of Science in Food Technology|kandidat";"Fødevareteknologi|Master of Science in Engineering|Master of Science in Food Technology|kandidat";"und";"57b59544ade085665b0000cb";"";"57b59544ade085665b0000cb";"DTU DTU National Food Institute";"sorbit";"sorbit";"Correlation betweeen sensory properties and content of volatile oxidation products in vegetable oils|Korrelation mellem sensoriske egenskaber og indhold af flygtige oxidationsprodukter i vegetabilske olier"
"";"dtu|dtupub|third_party";"";"2022-01-03T13:16:39.981Z";"Nielsen, Lin Flemming";"";"2351661165";"";"dtu";"2016";"";"";"";"";"thesis";"dtu|dtu_electronic|dtupub|dtupub_electronic";"";"";"";"";"";"";"";"";"";"";"";"";"";"Byggetek.|Master of Science in Civil Engineering|Master of Science in Engineering|kandidat";"Byggetek.|Master of Science in Civil Engineering|Master of Science in Engineering|kandidat";"Byggetek.|Master of Science in Civil Engineering|Master of Science in Engineering|kandidat";"und";"5890457e54602411490000e7";"";"5890457e54602411490000e7";"DTU Department of Civil Engineering";"sorbit";"sorbit";"Energy and indoor environment comparison of conventional and novel cooling systems in buildings|Sammenligning af energi og indeklima for konventionelle og nye kølesystemer i bygninger."
"";"dtu|dtupub|third_party";"";"2022-01-03T13:06:10.181Z";"Arnason, Hlynur";"";"2342304561";"";"dtu";"2016";"";"";"";"";"thesis";"dtu|dtu_electronic|dtupub|dtupub_electronic";"";"";"";"";"";"";"";"";"";"";"";"";"";"Anvendt kemi|Master of Science in Advanced and Applied Chemistry|Master of Science in Engineering|kandidat";"Anvendt kemi|Master of Science in Advanced and Applied Chemistry|Master of Science in Engineering|kandidat";"Anvendt kemi|Master of Science in Advanced and Applied Chemistry|Master of Science in Engineering|kandidat";"und";"57c2c43e8784c77e70000048";"";"57c2c43e8784c77e70000048";"DTU DTU National Food Institute";"sorbit";"sorbit";"Improving high gravity fermentations|Forbedring af high gravity fermentering"
"";"dtu|dtupub|third_party";"";"2022-01-03T13:07:31.907Z";"Borup, Rasmus";"";"2306791623";"";"dtu";"2016";"";"";"";"";"thesis";"dtu|dtu_electronic|dtupub|dtupub_electronic";"";"";"";"";"";"";"";"";"";"";"";"";"";"Konst. og mekanik|Master of Science in Engineering|Master of Science in Engineering Design and Applied Mechanics|kandidat";"Konst. og mekanik|Master of Science in Engineering|Master of Science in Engineering Design and Applied Mechanics|kandidat";"Konst. og mekanik|Master of Science in Engineering|Master of Science in Engineering Design and Applied Mechanics|kandidat";"und";"579743976bbf232e70000ec0";"";"579743976bbf232e70000ec0";"DTU Department of Civil and Mechanical Engineering";"sorbit";"sorbit";"Experimental investigation of ejector based expansion in small CO2 refrigeration systems|Eksperimentel undersøgelse af ejektor baseret ekspansion i sma CO2 køleanlæg"
"";"dtu|dtupub|third_party";"";"2022-01-03T13:16:28.508Z";"Righetti, Francesco|Rozario, Thomas Gottschau";"";"2306943782";"";"dtu";"2016";"";"";"";"";"thesis";"dtu|dtu_electronic|dtupub|dtupub_electronic";"";"";"";"";"";"";"";"";"";"";"";"";"";"Master of Science in Engineering|Master of Science in Environmental Engineering|Miljøteknologi|kandidat";"Master of Science in Engineering|Master of Science in Environmental Engineering|Miljøteknologi|kandidat";"Master of Science in Engineering|Master of Science in Environmental Engineering|Miljøteknologi|kandidat";"und";"579f2bcd6bbf232e70001715";"";"579f2bcd6bbf232e70001715";"DTU Department of Environmental and Resource Engineering";"sorbit";"sorbit";"Modelling of climate change adaptation for an urban area in Copenhagen: Benefits of combining LIDs and cloudburst solutions|Modellering af klimatilpasning i en bydel i København: fordele ved at kombinere LAR og skybrudsinfrastruktur"
"";"dtu|dtupub|third_party";"";"2022-01-03T13:07:15.952Z";"Walldorf, Nicklas";"";"2342057153";"";"dtu";"2016";"";"";"";"";"thesis";"dtu|dtu_electronic|dtupub|dtupub_electronic";"";"";"";"";"";"";"";"";"";"";"";"";"";"Fysik og nanotek.|Master of Science in Engineering|Master of Science in Physics and Nanotechnology|kandidat";"Fysik og nanotek.|Master of Science in Engineering|Master of Science in Physics and Nanotechnology|kandidat";"Fysik og nanotek.|Master of Science in Engineering|Master of Science in Physics and Nanotechnology|kandidat";"und";"57becfcdfebd22f3600001ef";"";"57becfcdfebd22f3600001ef";"DTU Department of Micro- and Nanotechnology";"sorbit";"sorbit";"Thermoelectric Effects in Capacitively Coupled Quantum Dots|Termoelektriske effekter i kapacitivt koblede kvantedots"
"";"dtu|dtupub|third_party";"";"2022-01-03T13:15:43.979Z";"Lester, Catherine Lee";"";"2292736807";"";"dtu";"2015";"";"";"";"";"thesis";"dtu|dtu_electronic|dtupub|dtupub_electronic";"";"";"";"";"";"";"";"";"";"";"";"";"";"Master of Science in Engineering|Master of Science in Wind Energy|Vindenergi|kandidat";"Master of Science in Engineering|Master of Science in Wind Energy|Vindenergi|kandidat";"Master of Science in Engineering|Master of Science in Wind Energy|Vindenergi|kandidat";"und";"56d754b8bf194551020007a2";"";"56d754b8bf194551020007a2";"DTU Department of Wind and Energy Systems";"sorbit";"sorbit";"Natural fiber defects: quantification using image analysis and effect on mechanical properties|Skader i naturfibre: kvantificering ved brug af billedbehandling, og indflydelse pa mekaniske egenskaber"
"";"dtu|dtupub|third_party";"";"2022-01-03T13:15:46.555Z";"Schroll-Fleischer, Johan|Tulinius, Nikolaj Frederiksen";"";"2292737034";"";"dtu";"2015";"";"";"";"";"thesis";"dtu|dtu_electronic|dtupub|dtupub_electronic";"";"";"";"";"";"";"";"";"";"";"";"";"";"Konst. og mekanik|Master of Science in Engineering|Master of Science in Engineering Design and Applied Mechanics|kandidat";"Konst. og mekanik|Master of Science in Engineering|Master of Science in Engineering Design and Applied Mechanics|kandidat";"Konst. og mekanik|Master of Science in Engineering|Master of Science in Engineering Design and Applied Mechanics|kandidat";"und";"56d754b9bf1945510200086c";"";"56d754b9bf1945510200086c";"DTU Department of Electrical Engineering";"sorbit";"sorbit";"Experimental analysis and finite element model of the vibration sensitivity in hearing aid microphones|Eksperimentel undersøgelse og finite element model af vibrationsfølsomheden i mikrofoner til høreapparater"
"";"dtu|dtupub|third_party";"";"2022-01-03T13:15:23.565Z";"Iñigo, Ignacio Blanco";"";"2292737192";"";"dtu";"2015";"";"";"";"";"thesis";"dtu|dtu_electronic|dtupub|dtupub_electronic";"";"";"";"";"";"";"";"";"";"";"";"";"";"gæst udl.";"gæst udl.";"gæst udl.";"und";"56d754b9bf19455102000900";"";"56d754b9bf19455102000900";"DTU Department of Applied Mathematics and Computer Science";"sorbit";"sorbit";"Power System Dispatch Combining Stochastic Programming and Robust Optimization|Drift af elsystemer ved kombination af stokastisk programmering og robust optimering"
"";"dtu|dtupub|third_party";"";"2022-01-03T13:15:25.972Z";"Sinding, Claus Due";"";"2292737272";"";"dtu";"2015";"";"";"";"";"thesis";"dtu|dtu_electronic|dtupub_external";"";"";"";"";"";"";"";"";"";"";"";"";"";"Fysik og nanotek.|Master of Science in Engineering|Master of Science in Physics and Nanotechnology|kandidat";"Fysik og nanotek.|Master of Science in Engineering|Master of Science in Physics and Nanotechnology|kandidat";"Fysik og nanotek.|Master of Science in Engineering|Master of Science in Physics and Nanotechnology|kandidat";"und";"56d754babf1945510200094f";"";"56d754babf1945510200094f";"DTU Department of Energy Conversion and Storage";"sorbit";"sorbit";"Nano-structured coatings for high performance metal supported solid oxide fuel cell|Nano-strukturerede belægninger til højtydende metal-supporterede fastoxidbrændselscelle"
"";"dtu|dtupub|third_party";"";"2022-01-03T13:15:28.038Z";"Zachariasen, Mia";"";"2292737202";"";"dtu";"2015";"";"";"";"";"thesis";"dtu|dtu_electronic|dtupub|dtupub_electronic";"";"";"";"";"";"";"";"";"";"";"";"";"";"Master of Science in Engineering|Master of science in Bioinformatics and Systems Biology|Systembiologi|kandidat";"Master of Science in Engineering|Master of science in Bioinformatics and Systems Biology|Systembiologi|kandidat";"Master of Science in Engineering|Master of science in Bioinformatics and Systems Biology|Systembiologi|kandidat";"und";"56d754b9bf19455102000909";"";"56d754b9bf19455102000909";"DTU Department of Biotechnology and Biomedicine";"sorbit";"sorbit";"De novo assembly of human HLA in the Danish pangenome|De novo assemby af human HLA i det danske pangenom"
"";"dtu|dtupub|third_party";"";"2022-01-03T13:15:43.852Z";"Kristensen, Allan Nørgaard";"";"2292737043";"";"dtu";"2015";"";"";"";"";"thesis";"dtu|dtu_electronic|dtupub|dtupub_electronic";"";"";"";"";"";"";"";"";"";"";"";"";"";"Elektrotek.|Master of Science in Electrical Engineering|Master of Science in Engineering|kandidat";"Elektrotek.|Master of Science in Electrical Engineering|Master of Science in Engineering|kandidat";"Elektrotek.|Master of Science in Electrical Engineering|Master of Science in Engineering|kandidat";"und";"56d754b9bf19455102000871";"";"56d754b9bf19455102000871";"DTU Department of Electrical Engineering";"sorbit";"sorbit";"Vision Based Navigation for Autonomous Drones|Visionbaseret navigation til autonome droner"
"";"dtu|dtupub|third_party";"";"2022-01-03T13:15:34.381Z";"Bohøj, Søren";"";"2292737194";"";"dtu";"2015";"";"";"";"";"thesis";"dtu|dtu_electronic|dtupub|dtupub_electronic";"";"";"";"";"";"";"";"";"";"";"";"";"";"Master of Science in Engineering|Master of Science in Medicine and Technology|Medicin og tek.|kandidat";"Master of Science in Engineering|Master of Science in Medicine and Technology|Medicin og tek.|kandidat";"Master of Science in Engineering|Master of Science in Medicine and Technology|Medicin og tek.|kandidat";"und";"56d754b9bf19455102000901";"";"56d754b9bf19455102000901";"DTU Department of Electrical Engineering";"sorbit";"sorbit";"Use of EEG hood for motion tracking and correction during MRI|Brug af EEG hætte til bevægelsesmonitorering og -korrektion ved MR-skanning"
"";"dtu|dtupub|third_party";"";"2022-01-03T13:09:03.002Z";"Zhang, di";"";"2342950958";"";"dtu";"2016";"";"";"";"";"thesis";"dtu|dtu_electronic|dtupub_external";"";"";"";"";"";"";"";"";"";"";"";"";"";"Master of Science in Engineering|Master of Science in Wind Energy|Vindenergi|kandidat";"Master of Science in Engineering|Master of Science in Wind Energy|Vindenergi|kandidat";"Master of Science in Engineering|Master of Science in Wind Energy|Vindenergi|kandidat";"und";"57d147692993be9573000000";"";"57d147692993be9573000000";"DTU Department of Wind and Energy Systems";"sorbit";"sorbit";"Delamination Growth Predictions of Non-Uniform Sandwich Details|Vækst af delamineringer bevirket af inhomogene sandwich detaljer"
"";"dtu|dtupub|third_party";"";"2022-01-03T13:15:57.501Z";"Fort, Valentin Ange";"";"2292735197";"";"dtu";"2015";"";"";"";"";"thesis";"dtu|dtu_electronic|dtupub_external";"";"";"";"";"";"";"";"";"";"";"";"";"";"Master of Science in Engineering|Master of Science in Engineering Management|Planl. innovation og led.|kandidat";"Master of Science in Engineering|Master of Science in Engineering Management|Planl. innovation og led.|kandidat";"Master of Science in Engineering|Master of Science in Engineering Management|Planl. innovation og led.|kandidat";"und";"56d754afbf19455102000346";"";"56d754afbf19455102000346";"DTU Department of Technology, Management and Economics";"sorbit";"sorbit";"Identification and development of best practices for portfolio resource management|Identification and development of best practices for portfolio resource management"
"";"dtu|dtupub|third_party";"";"2022-01-11T08:43:37.024Z";"Marke, Henrik Sander";"";"2306823460";"";"dtu";"2016";"";"";"";"";"thesis";"dtu|dtu_electronic|dtupub_external";"";"";"";"";"";"";"";"";"";"";"";"";"";"Kemisk/biokemisk tek.|Master of Science in Chemical and Biochemical Engineering|Master of Science in Engineering|kandidat";"Kemisk/biokemisk tek.|Master of Science in Chemical and Biochemical Engineering|Master of Science in Engineering|kandidat";"Kemisk/biokemisk tek.|Master of Science in Chemical and Biochemical Engineering|Master of Science in Engineering|kandidat";"und";"5798945e6bbf232e70001174";"";"5798945e6bbf232e70001174";"DTU Department of Chemical and Biochemical Engineering";"sorbit";"sorbit";"Modelling of a microfiltration recovery process|Modellering af en mikrofiltrering oprensningsproces"
"";"dtu|dtupub|third_party";"";"2022-01-03T13:07:32.030Z";"Safeldt, Mads Gylling";"";"2306791725";"";"dtu";"2016";"";"";"";"";"thesis";"dtu|dtu_electronic|dtupub|dtupub_electronic";"";"";"";"";"";"";"";"";"";"";"";"";"";"Master of Science in Engineering|Master of Science in Medicine and Technology|Medicin og tek.|kandidat";"Master of Science in Engineering|Master of Science in Medicine and Technology|Medicin og tek.|kandidat";"Master of Science in Engineering|Master of Science in Medicine and Technology|Medicin og tek.|kandidat";"und";"579743cb6bbf232e70001025";"";"579743cb6bbf232e70001025";"DTU Department of Applied Mathematics and Computer Science";"sorbit";"sorbit";"Neurofeedback Controlled Transcranial Magnetic Stimulation|Neurofeedback for Kontrol af Transcraniel Magnetisk Stimulation"
"";"dtu|dtupub|third_party";"";"2022-01-03T13:09:13.725Z";"Bauge, Kjartan";"";"2306206385";"";"dtu";"2016";"";"";"";"";"thesis";"dtu|dtu_electronic|dtupub|dtupub_electronic";"";"";"";"";"";"";"";"";"";"";"";"";"";"Konst. og mekanik|Master of Science in Engineering|Master of Science in Engineering Design and Applied Mechanics|kandidat";"Konst. og mekanik|Master of Science in Engineering|Master of Science in Engineering Design and Applied Mechanics|kandidat";"Konst. og mekanik|Master of Science in Engineering|Master of Science in Engineering Design and Applied Mechanics|kandidat";"und";"57764d4637562d157a000075";"";"57764d4637562d157a000075";"DTU Department of Civil and Mechanical Engineering";"sorbit";"sorbit";"Development and design of a ship model for Chalmers University for use in research and education|Udvikling og konstruktion af en skibsmodel til Chalmers tekniska hogskola til brug for forskning og uddannelse"
"";"dtu|dtupub|third_party";"";"2022-01-03T13:15:28.018Z";"Kristensen, Katrine Højholt";"";"2292737073";"";"dtu";"2015";"";"";"";"";"thesis";"dtu|dtu_electronic|dtupub|dtupub_electronic";"";"";"";"";"";"";"";"";"";"";"";"";"";"Master of Science in Engineering|Master of science in Bioinformatics and Systems Biology|Systembiologi|kandidat";"Master of Science in Engineering|Master of science in Bioinformatics and Systems Biology|Systembiologi|kandidat";"Master of Science in Engineering|Master of science in Bioinformatics and Systems Biology|Systembiologi|kandidat";"und";"56d754b9bf19455102000888";"";"56d754b9bf19455102000888";"DTU Department of Biotechnology and Biomedicine";"sorbit";"sorbit";"Identification of virulence factors and resistance genes in whole genomes of Streptococci causing endocarditis|Identifikation af virulens faktorer og resistens gener i hele streptokok genomer som forarsager endocarditis"
"";"dtu|dtupub|third_party";"";"2022-01-03T13:11:38.467Z";"Marcussen, Mikkel";"";"2292737041";"";"dtu";"2015";"";"";"";"";"thesis";"dtu|dtu_electronic|dtupub|dtupub_electronic";"";"";"";"";"";"";"";"";"";"";"";"";"";"Master of Science in Engineering|Master of Science in Medicine and Technology|Medicin og tek.|kandidat";"Master of Science in Engineering|Master of Science in Medicine and Technology|Medicin og tek.|kandidat";"Master of Science in Engineering|Master of Science in Medicine and Technology|Medicin og tek.|kandidat";"und";"56d754b9bf1945510200086f";"";"56d754b9bf1945510200086f";"DTU Department of Electrical Engineering";"sorbit";"sorbit";"Shaping of the point spread function for fast spectroscopic magnetic resonance imaging|Design af punktspredningsfunktionen for spektroskopisk magnetisk resonans billeddannelse"
"";"dtu|dtupub|third_party";"";"2022-01-03T13:11:21.478Z";"Iwersen, Marco Bargum";"";"2292737508";"";"dtu";"2015";"";"";"";"";"thesis";"dtu|dtu_electronic|dtupub_external";"";"";"";"";"";"";"";"";"";"";"";"";"";"Master of Science in Engineering|Master of Science in Medicine and Technology|Medicin og tek.|kandidat";"Master of Science in Engineering|Master of Science in Medicine and Technology|Medicin og tek.|kandidat";"Master of Science in Engineering|Master of Science in Medicine and Technology|Medicin og tek.|kandidat";"und";"56d754bbbf19455102000a0a";"";"56d754bbbf19455102000a0a";"DTU Department of Micro- and Nanotechnology";"sorbit";"sorbit";"Investigation of Bioabsorbable Polymers under Static and Cyclic Stress|Undersøgelser af bioabsorbable polymerer under statisk og cyklisk spænding"
"";"dtu|dtupub|third_party";"";"2022-01-03T13:12:12.163Z";"Nielsen, Michael Schmidt";"";"2292735266";"";"dtu";"2015";"";"";"";"";"thesis";"dtu|dtu_electronic|dtupub|dtupub_electronic";"";"";"";"";"";"";"";"";"";"";"";"";"";"Elektrotek.|Master of Science in Electrical Engineering|Master of Science in Engineering|kandidat";"Elektrotek.|Master of Science in Electrical Engineering|Master of Science in Engineering|kandidat";"Elektrotek.|Master of Science in Electrical Engineering|Master of Science in Engineering|kandidat";"und";"56d754b0bf1945510200036e";"";"56d754b0bf1945510200036e";"DTU Department of Electrical Engineering";"sorbit";"sorbit";"Allocation of synchronous condensers for low inertia systems|Placering af synkronkompensatorer for lav inerti systemer"
"";"dtu|dtupub|third_party";"";"2022-01-03T13:15:26.123Z";"Kiss, Domonkos Andras";"";"2292737267";"";"dtu";"2015";"";"";"";"";"thesis";"dtu|dtu_electronic|dtupub_external";"";"";"";"";"";"";"";"";"";"";"";"";"";"Informationstek.|Master of Science in Computer Science and Engineering|Master of Science in Engineering|kandidat";"Informationstek.|Master of Science in Computer Science and Engineering|Master of Science in Engineering|kandidat";"Informationstek.|Master of Science in Computer Science and Engineering|Master of Science in Engineering|kandidat";"und";"56d754babf1945510200094b";"";"56d754babf1945510200094b";"DTU Department of Applied Mathematics and Computer Science";"sorbit";"sorbit";"Designing the Brunata Smart Metering Network Architecture|Designing the Brunata Smart Metering Network Architecture"
"";"dtu|dtupub|third_party";"";"2022-01-03T13:13:03.583Z";"Aalykke, Alexander Houmann";"";"2306946073";"";"dtu";"2016";"";"";"";"";"thesis";"dtu|dtu_electronic|dtupub|dtupub_electronic";"";"";"";"";"";"";"";"";"";"";"";"";"";"Informationstek.|Master of Science in Computer Science and Engineering|Master of Science in Engineering|kandidat";"Informationstek.|Master of Science in Computer Science and Engineering|Master of Science in Engineering|kandidat";"Informationstek.|Master of Science in Computer Science and Engineering|Master of Science in Engineering|kandidat";"und";"579f2caf6bbf232e70001994";"";"579f2caf6bbf232e70001994";"DTU Department of Applied Mathematics and Computer Science";"sorbit";"sorbit";"Efficient Plagiarism Detection for Large Document Collections|Effektiv Plagiatkontrol for Store Dokumentsamlinger"
"";"dtu|dtupub|third_party";"";"2022-01-03T13:16:20.220Z";"Brock, Andreas Libonati";"";"2292734828";"";"dtu";"2015";"";"";"";"";"thesis";"dtu|dtu_electronic|dtupub|dtupub_electronic";"";"";"";"";"";"";"";"";"";"";"";"";"";"Master of Science in Engineering|Master of Science in Environmental Engineering|Miljøteknologi|kandidat";"Master of Science in Engineering|Master of Science in Environmental Engineering|Miljøteknologi|kandidat";"Master of Science in Engineering|Master of Science in Environmental Engineering|Miljøteknologi|kandidat";"und";"56d754adbf19455102000252";"";"56d754adbf19455102000252";"DTU Department of Environmental and Resource Engineering";"sorbit";"sorbit";"Fate of drug biomarkers in laboratory-scale sewage bioreactors: experimental and modelling assessment|Transformation og distribution af biomarkører i laboratorieskala spildevand bioreaktorer: modellering og eksperimentiel evaluering."
"";"dtu|dtupub|third_party";"";"2022-01-03T13:15:43.848Z";"Bjerre, Thomas Nymark";"";"2292735931";"";"dtu";"2015";"";"";"";"";"thesis";"dtu|dtu_electronic|dtupub_external";"";"";"";"";"";"";"";"";"";"";"";"";"";"Elektrotek.|Master of Science in Electrical Engineering|Master of Science in Engineering|kandidat";"Elektrotek.|Master of Science in Electrical Engineering|Master of Science in Engineering|kandidat";"Elektrotek.|Master of Science in Electrical Engineering|Master of Science in Engineering|kandidat";"und";"56d754b4bf19455102000585";"";"56d754b4bf19455102000585";"DTU Department of Electrical Engineering";"sorbit";"sorbit";"Constitutive Parameter Measurement System|Konstitutiveparametermalesystem"
"";"dtu|dtupub|third_party";"";"2022-01-03T13:16:27.740Z";"Vinther, Martin";"";"2342057112";"";"dtu";"2016";"";"";"";"";"thesis";"dtu|dtu_electronic|dtupub|dtupub_electronic";"";"";"";"";"";"";"";"";"";"";"";"";"";"Fysik og nanotek.|Master of Science in Engineering|Master of Science in Physics and Nanotechnology|kandidat";"Fysik og nanotek.|Master of Science in Engineering|Master of Science in Physics and Nanotechnology|kandidat";"Fysik og nanotek.|Master of Science in Engineering|Master of Science in Physics and Nanotechnology|kandidat";"und";"57becfc4febd22f360000178";"";"57becfc4febd22f360000178";"DTU Department of Physics";"sorbit";"sorbit";"Molecular dynamics simulations of explosives for security applications|Molekyldynamiksimuleringer af flydende eksplosiver for sikkerhedsanvendelser"
"";"dtu|dtupub|third_party";"";"2022-01-03T13:12:02.897Z";"Dømler, Lasse Wilken";"";"2305633538";"";"dtu";"2016";"";"";"";"";"thesis";"dtu|dtu_electronic|dtupub_external";"";"";"";"";"";"";"";"";"";"";"";"";"";"Elektrotek.|Master of Science in Electrical Engineering|Master of Science in Engineering|kandidat";"Elektrotek.|Master of Science in Electrical Engineering|Master of Science in Engineering|kandidat";"Elektrotek.|Master of Science in Electrical Engineering|Master of Science in Engineering|kandidat";"und";"575ea7d8e6f951534a00f4bf";"";"575ea7d8e6f951534a00f4bf";"DTU Department of Space Research and Space Technology";"sorbit";"sorbit";"Modular Robotics - Interactive Building Blocks|Modulære Robotter - Interaktive Byggeklodser"
"";"dtu|dtupub|third_party";"";"2022-01-03T13:12:24.827Z";"Feld, Thomas";"";"2292734136";"";"dtu";"2016";"";"";"";"";"thesis";"dtu|dtu_electronic|dtupub|dtupub_electronic";"";"";"";"";"";"";"";"";"";"";"";"";"";"Informationstek.|Master of Science in Computer Science and Engineering|Master of Science in Engineering|kandidat";"Informationstek.|Master of Science in Computer Science and Engineering|Master of Science in Engineering|kandidat";"Informationstek.|Master of Science in Computer Science and Engineering|Master of Science in Engineering|kandidat";"und";"56d754a9bf19455102000087";"";"56d754a9bf19455102000087";"DTU Department of Applied Mathematics and Computer Science";"sorbit";"sorbit";"Development of a framework for the experimental analysis of Evolutionary Algorithms on pseudo-boolean problems|Udvikling af et framework til den eksperimentelle analyse af evolutionære algoritmer pa pseudo-boolske problemer"
"";"dtu|dtupub|third_party";"";"2022-01-03T13:12:24.267Z";"Joensen, Niklas Rogvi";"";"2292734281";"";"dtu";"2016";"";"";"";"";"thesis";"dtu|dtu_electronic|dtupub|dtupub_electronic";"";"";"";"";"";"";"";"";"";"";"";"";"";"Digitale medietek.|Master of Science in Digital Media Engineering|Master of Science in Engineering|kandidat";"Digitale medietek.|Master of Science in Digital Media Engineering|Master of Science in Engineering|kandidat";"Digitale medietek.|Master of Science in Digital Media Engineering|Master of Science in Engineering|kandidat";"und";"56d754aabf194551020000da";"";"56d754aabf194551020000da";"DTU Department of Applied Mathematics and Computer Science";"sorbit";"sorbit";"Eye tracking and facial expressions in affective computing|Eye tracking og ansigtsudtryk i affective computing"
"";"dtu|dtupub|third_party";"";"2022-01-03T13:16:11.729Z";"Hansen, Anne Sofie Lærke";"";"2305633407";"";"dtu";"2016";"";"";"";"";"thesis";"dtu|dtu_electronic|dtupub_external";"";"";"";"";"";"";"";"";"";"";"";"";"";"Bioteknologi|Master of Science in Biotechnology|Master of Science in Engineering|kandidat";"Bioteknologi|Master of Science in Biotechnology|Master of Science in Engineering|kandidat";"Bioteknologi|Master of Science in Biotechnology|Master of Science in Engineering|kandidat";"und";"575ea6c2e6f951534a00e7cd";"";"575ea6c2e6f951534a00e7cd";"DTU Department of Biotechnology and Biomedicine";"sorbit";"sorbit";"Model-guided optimisation of NADPH regeneration in Saccharomyces cerevisiae through multiplex genome editing|Model-guidet optimering af NADPH regenerering i Saccharomyces cerevisiae via multipleks genom-redigering"
"";"dtu|dtupub|third_party";"";"2022-01-03T13:12:23.425Z";"Katkjær, Rasmus";"";"2305633362";"";"dtu";"2016";"";"";"";"";"thesis";"dtu|dtu_electronic|dtupub|dtupub_electronic";"";"";"";"";"";"";"";"";"";"";"";"";"";"Konst. og mekanik|Master of Science in Engineering|Master of Science in Engineering Design and Applied Mechanics|kandidat";"Konst. og mekanik|Master of Science in Engineering|Master of Science in Engineering Design and Applied Mechanics|kandidat";"Konst. og mekanik|Master of Science in Engineering|Master of Science in Engineering Design and Applied Mechanics|kandidat";"und";"575ea636e6f951534a00e169";"";"575ea636e6f951534a00e169";"DTU Department of Civil and Mechanical Engineering";"sorbit";"sorbit";"Measurement of turbulence in a CFR engine with hot-wire anemometry|Maling af turbulensforhold i en CFR motor med hot-wire anemometry"
"";"dtu|dtupub|third_party";"";"2022-01-03T13:08:25.638Z";"Støme, Audun";"";"2306781451";"";"dtu";"2016";"";"";"";"";"thesis";"dtu|dtu_electronic|dtupub_external";"";"";"";"";"";"";"";"";"";"";"";"";"";"Konst. og mekanik|Master of Science in Engineering|Master of Science in Engineering Design and Applied Mechanics|kandidat";"Konst. og mekanik|Master of Science in Engineering|Master of Science in Engineering Design and Applied Mechanics|kandidat";"Konst. og mekanik|Master of Science in Engineering|Master of Science in Engineering Design and Applied Mechanics|kandidat";"und";"5795f1846bbf232e70000a8d";"";"5795f1846bbf232e70000a8d";"DTU Department of Civil and Mechanical Engineering";"sorbit";"sorbit";"Dynamical experimental coupling using superelements|Dynamisk eksperimentel kobling ved brug af superelementer"
"";"dtu|dtupub|third_party";"";"2022-01-03T13:08:16.391Z";"Champeri, Georgia";"";"2306668010";"";"dtu";"2016";"";"";"";"";"thesis";"dtu|dtu_electronic|dtupub|dtupub_electronic";"";"";"";"";"";"";"";"";"";"";"";"";"";"Bæredygtig energi|Master of Science in Engineering|Master of Science in Sustainable Energy|kandidat";"Bæredygtig energi|Master of Science in Engineering|Master of Science in Sustainable Energy|kandidat";"Bæredygtig energi|Master of Science in Engineering|Master of Science in Sustainable Energy|kandidat";"und";"578f59ce6bbf232e700002eb";"";"578f59ce6bbf232e700002eb";"DTU Department of Electrical Engineering";"sorbit";"sorbit";"Trading strategy of a wind power producer in both futures and day-ahead markets|Trading strategy of a wind power producer in both futures and day-ahead markets"
"";"dtu|dtupub|third_party";"";"2022-01-03T13:12:56.965Z";"Zederkof, Diana Bregenholt";"";"2306320465";"";"dtu";"2016";"";"";"";"";"thesis";"dtu|dtu_electronic|dtupub|dtupub_electronic";"";"";"";"";"";"";"";"";"";"";"";"";"";"Anvendt kemi|Master of Science in Advanced and Applied Chemistry|Master of Science in Engineering|kandidat";"Anvendt kemi|Master of Science in Advanced and Applied Chemistry|Master of Science in Engineering|kandidat";"Anvendt kemi|Master of Science in Advanced and Applied Chemistry|Master of Science in Engineering|kandidat";"und";"577b934d37562d157a0001da";"";"577b934d37562d157a0001da";"DTU Department of Physics";"sorbit";"sorbit";"Analysis of Ru(bpy)3 data from XFEL experiments|Analyse af Ru(bpy)3 data fra XFEL eksperimenter"
"";"dtu|dtupub|third_party";"";"2022-01-03T13:08:00.477Z";"Møller, Michael Holm|Volpin, Federico";"";"2307050789";"";"dtu";"2016";"";"";"";"";"thesis";"dtu|dtu_electronic|dtupub_external";"";"";"";"";"";"";"";"";"";"";"";"";"";"Master of Science in Engineering|Master of Science in Environmental Engineering|Miljøteknologi|kandidat";"Master of Science in Engineering|Master of Science in Environmental Engineering|Miljøteknologi|kandidat";"Master of Science in Engineering|Master of Science in Environmental Engineering|Miljøteknologi|kandidat";"und";"57a3205512855c654e0002a5";"";"57a3205512855c654e0002a5";"DTU Department of Environmental and Resource Engineering";"sorbit";"sorbit";"Fertilizer drawn forward osmosis for Water reuse in green house applications|Gødningsbaseret direkte osmose til vandgeninvinding i drivhuse"
"";"dtu|dtupub|third_party";"";"2022-01-03T13:08:44.055Z";"Mancini, Enrico";"";"2343456280";"";"dtu";"2016";"";"";"";"";"thesis";"dtu|dtu_electronic|dtupub|dtupub_electronic";"";"";"";"";"";"";"";"";"";"";"";"";"";"Master of Science in Engineering|Master of Science in Environmental Engineering|Miljøteknologi|kandidat";"Master of Science in Engineering|Master of Science in Environmental Engineering|Miljøteknologi|kandidat";"Master of Science in Engineering|Master of Science in Environmental Engineering|Miljøteknologi|kandidat";"und";"57da7f412993be95730000c0";"";"57da7f412993be95730000c0";"DTU Department of Environmental and Resource Engineering";"sorbit";"sorbit";"Acclimation processes of ammonia tolerant methanogenic consortia used as bioaugmentation inocula|Akklimatisering processer ammoniak tolerante metanogene konsortier anvendes som bioaugmentation inokula"
"";"dtu|dtupub|third_party";"";"2022-01-03T13:16:27.800Z";"Eilersen, Esben Christian Refsgaard|Krintel, Christian Herløv";"";"2306791143";"";"dtu";"2016";"";"";"";"";"thesis";"dtu|dtu_electronic|dtupub|dtupub_electronic";"";"";"";"";"";"";"";"";"";"";"";"";"";"Byggetek.|Master of Science in Civil Engineering|Master of Science in Engineering|kandidat";"Byggetek.|Master of Science in Civil Engineering|Master of Science in Engineering|kandidat";"Byggetek.|Master of Science in Civil Engineering|Master of Science in Engineering|kandidat";"und";"579743866bbf232e70000e2e";"";"579743866bbf232e70000e2e";"DTU Department of Civil Engineering";"sorbit";"sorbit";"Development of a simplified method for designing office buildings with a PCM-enhanced suspended ceiling|Udvikling af en forenklet metode til at designe kontorbygninger med et faseskiftende nedhængt loft"
"";"dtu|dtupub|third_party";"";"2022-01-03T13:08:05.701Z";"Poltavtsev, Sergey";"";"2306320504";"";"dtu";"2016";"";"";"";"";"thesis";"dtu|dtu_electronic|dtupub|dtupub_electronic";"";"";"";"";"";"";"";"";"";"";"";"";"";"Informationstek.|Master of Science in Computer Science and Engineering|Master of Science in Engineering|kandidat";"Informationstek.|Master of Science in Computer Science and Engineering|Master of Science in Engineering|kandidat";"Informationstek.|Master of Science in Computer Science and Engineering|Master of Science in Engineering|kandidat";"und";"577b934f37562d157a0001ea";"";"577b934f37562d157a0001ea";"DTU Department of Applied Mathematics and Computer Science";"sorbit";"sorbit";"Deep audio signal processing|Dyb audio signalbehandling"
"";"dtu|dtupub|third_party";"";"2022-01-03T13:06:20.499Z";"Scamozzi, Marta";"";"2306781427";"";"dtu";"2016";"";"";"";"";"thesis";"dtu|dtu_electronic|dtupub|dtupub_electronic";"";"";"";"";"";"";"";"";"";"";"";"";"";"Bæredygtig energi|Master of Science in Engineering|Master of Science in Sustainable Energy|kandidat";"Bæredygtig energi|Master of Science in Engineering|Master of Science in Sustainable Energy|kandidat";"Bæredygtig energi|Master of Science in Engineering|Master of Science in Sustainable Energy|kandidat";"und";"5795f1736bbf232e70000a2e";"";"5795f1736bbf232e70000a2e";"DTU Department of Wind and Energy Systems";"sorbit";"sorbit";"Sensitivity analyses for nacelle-lidar calibration|Følsomhedsanalyser for nacelle - LIDAR kalibrering"
"";"dtu|dtupub|third_party";"";"2022-01-03T13:16:03.867Z";"Reventlow, Ditlev Otto Juel";"";"2292735165";"";"dtu";"2015";"";"";"";"";"thesis";"dtu|dtu_electronic|dtupub|dtupub_electronic";"";"";"";"";"";"";"";"";"";"";"";"";"";"Master of Science in Engineering|Master of Science in Environmental Engineering|Miljøteknologi|kandidat";"Master of Science in Engineering|Master of Science in Environmental Engineering|Miljøteknologi|kandidat";"Master of Science in Engineering|Master of Science in Environmental Engineering|Miljøteknologi|kandidat";"und";"56d754afbf1945510200032f";"";"56d754afbf1945510200032f";"DTU Department of Environmental and Resource Engineering";"sorbit";"sorbit";"CO2-emissions and effects on water resources from global land-use changes|CO2-udledning og effekter pa vandressourcer ved globale ændringer i arealanvendelse"
"";"dtu|dtupub|third_party";"";"2022-01-03T13:16:22.238Z";"Jensen, Anders";"";"2292734251";"";"dtu";"2016";"";"";"";"";"thesis";"dtu|dtu_electronic|dtupub|dtupub_electronic";"";"";"";"";"";"";"";"";"";"";"";"";"";"Informationstek.|Master of Science in Computer Science and Engineering|Master of Science in Engineering|kandidat";"Informationstek.|Master of Science in Computer Science and Engineering|Master of Science in Engineering|kandidat";"Informationstek.|Master of Science in Computer Science and Engineering|Master of Science in Engineering|kandidat";"und";"56d754aabf194551020000cd";"";"56d754aabf194551020000cd";"DTU Department of Applied Mathematics and Computer Science";"sorbit";"sorbit";"Cloud Architecture for Smart Homes - an Implementation for the HOMER Platform|Cloud arkitektur til Smart Homes - en implementation til HOMER platformen"
"";"dtu|dtupub|third_party";"";"2022-01-03T13:16:22.249Z";"Sdun, Ida Anna Regitze";"";"2305633434";"";"dtu";"2016";"";"";"";"";"thesis";"dtu|dtu_electronic|dtupub|dtupub_electronic";"";"";"";"";"";"";"";"";"";"";"";"";"";"Master of Science in Engineering|Master of Science in Mathematical Modelling and Computation|Mat. modellering|kandidat";"Master of Science in Engineering|Master of Science in Mathematical Modelling and Computation|Mat. modellering|kandidat";"Master of Science in Engineering|Master of Science in Mathematical Modelling and Computation|Mat. modellering|kandidat";"und";"575ea6f5e6f951534a00ea4c";"";"575ea6f5e6f951534a00ea4c";"DTU Department of Applied Mathematics and Computer Science";"sorbit";"sorbit";"Unsupervised machine learning of food images|Ikke-superviseret machine learning af fødevarebilleder"
"";"dtu|dtupub|third_party";"";"2022-01-03T13:15:54.551Z";"King, Alexander Weider";"";"2292736488";"";"dtu";"2015";"";"";"";"";"thesis";"dtu|dtu_electronic|dtupub|dtupub_electronic";"";"";"";"";"";"";"";"";"";"";"";"";"";"Akustisk tek.|Master of Science in Engineering|Master of Science in Engineering Acoustics|kandidat";"Akustisk tek.|Master of Science in Engineering|Master of Science in Engineering Acoustics|kandidat";"Akustisk tek.|Master of Science in Engineering|Master of Science in Engineering Acoustics|kandidat";"und";"56d754b7bf194551020006d4";"";"56d754b7bf194551020006d4";"DTU Department of Electrical Engineering";"sorbit";"sorbit";"Loudspeaker models using fractional derivatives|Højttaleren modeller med ikke heltallige afledte"
"";"dtu|dtupub|third_party";"";"2022-01-03T13:11:55.552Z";"Birch, Thomas Haagen";"";"2292735200";"";"dtu";"2015";"";"";"";"";"thesis";"dtu|dtu_electronic|dtupub|dtupub_electronic";"";"";"";"";"";"";"";"";"";"";"";"";"";"Elektrotek.|Master of Science in Electrical Engineering|Master of Science in Engineering|kandidat";"Elektrotek.|Master of Science in Electrical Engineering|Master of Science in Engineering|kandidat";"Elektrotek.|Master of Science in Electrical Engineering|Master of Science in Engineering|kandidat";"und";"56d754afbf19455102000349";"";"56d754afbf19455102000349";"DTU Department of Electrical Engineering";"sorbit";"sorbit";"Analytic description and implementation of resonant converters|Analytisk beskrivelse og implementering af resonans konverter"
"";"dtu|dtupub|third_party";"";"2022-01-03T13:15:57.505Z";"Pichler, Andreas";"";"2292735013";"";"dtu";"2015";"";"";"";"";"thesis";"dtu|dtu_electronic|dtupub_external";"";"";"";"";"";"";"";"";"";"";"";"";"";"Bioteknologi|Master of Science in Biotechnology|Master of Science in Engineering|kandidat";"Bioteknologi|Master of Science in Biotechnology|Master of Science in Engineering|kandidat";"Bioteknologi|Master of Science in Biotechnology|Master of Science in Engineering|kandidat";"und";"56d754aebf194551020002c0";"";"56d754aebf194551020002c0";"DTU Department of Chemical and Biochemical Engineering";"sorbit";"sorbit";"Measurement and modelling of mass transfer in the presence of substrate gradients|Maling og modellering af massetransport i nærvær af substratgradienter"
"";"dtu|dtupub|third_party";"";"2022-01-03T13:11:42.251Z";"Morshedzadeh, Mohammad Amin";"";"2292735279";"";"dtu";"2015";"";"";"";"";"thesis";"dtu|dtu_electronic|dtupub_external";"";"";"";"";"";"";"";"";"";"";"";"";"";"Master of Science in Engineering|Master of Science in Telecommunication|Telekom.|kandidat";"Master of Science in Engineering|Master of Science in Telecommunication|Telekom.|kandidat";"Master of Science in Engineering|Master of Science in Telecommunication|Telekom.|kandidat";"und";"56d754b0bf19455102000374";"";"56d754b0bf19455102000374";"DTU Department of Electrical and Photonics Engineering";"sorbit";"sorbit";"E2E efficient In-building mobile network Solution based on distributed antenna systems|Indendørs mobilnet baseret pa dsitribuerede antenner"
"";"dtu|dtupub|third_party";"";"2022-01-03T13:15:47.739Z";"Sødahl, Jakob Wagner";"";"2292735917";"";"dtu";"2015";"";"";"";"";"thesis";"dtu|dtu_electronic|dtupub|dtupub_electronic";"";"";"";"";"";"";"";"";"";"";"";"";"";"Elektrotek.|Master of Science in Electrical Engineering|Master of Science in Engineering|kandidat";"Elektrotek.|Master of Science in Electrical Engineering|Master of Science in Engineering|kandidat";"Elektrotek.|Master of Science in Electrical Engineering|Master of Science in Engineering|kandidat";"und";"56d754b4bf19455102000576";"";"56d754b4bf19455102000576";"DTU Department of Electrical Engineering";"sorbit";"sorbit";"Design of a Permanent Magnet Rotational Energy Harvester for Body Motion|Design af en permanent magnet roterende energihøster til kroppen."
"";"dtu|dtupub|third_party";"";"2022-01-03T13:12:01.250Z";"Jama, Stanislaw Maciej";"";"2292735832";"";"dtu";"2015";"";"";"";"";"thesis";"dtu|dtu_electronic|dtupub_external";"";"";"";"";"";"";"";"";"";"";"";"";"";"Elektrotek.|Master of Science in Electrical Engineering|Master of Science in Engineering|kandidat";"Elektrotek.|Master of Science in Electrical Engineering|Master of Science in Engineering|kandidat";"Elektrotek.|Master of Science in Electrical Engineering|Master of Science in Engineering|kandidat";"und";"56d754b3bf1945510200052e";"";"56d754b3bf1945510200052e";"DTU Department of Electrical Engineering";"sorbit";"sorbit";"ISM E-band Doppler Radar for Golf Applications|ISM E-bands dopplerradar til golfbrug"
"";"dtu|dtupub|third_party";"";"2022-01-03T13:06:50.964Z";"Lundgaard, Christian";"";"2292737516";"";"dtu";"2015";"";"";"";"";"thesis";"dtu|dtu_electronic|dtupub|dtupub_electronic";"";"";"";"";"";"";"";"";"";"";"";"";"";"Konst. og mekanik|Master of Science in Engineering|Master of Science in Engineering Design and Applied Mechanics|kandidat";"Konst. og mekanik|Master of Science in Engineering|Master of Science in Engineering Design and Applied Mechanics|kandidat";"Konst. og mekanik|Master of Science in Engineering|Master of Science in Engineering Design and Applied Mechanics|kandidat";"und";"56d754bbbf19455102000a10";"";"56d754bbbf19455102000a10";"DTU Department of Civil and Mechanical Engineering";"sorbit";"sorbit";"Topology Optimization of Fluid-Structure-Interaction Problems|Topologioptimering af fluid-struktur-interaktionsproblemer"
"";"dtu|dtupub|third_party";"";"2022-01-03T13:11:50.590Z";"Klafke, Richard";"";"2292736223";"";"dtu";"2015";"";"";"";"";"thesis";"dtu|dtu_electronic|dtupub|dtupub_electronic";"";"";"";"";"";"";"";"";"";"";"";"";"";"Bæredygtig energi|Master of Science in Engineering|Master of Science in Sustainable Energy|kandidat";"Bæredygtig energi|Master of Science in Engineering|Master of Science in Sustainable Energy|kandidat";"Bæredygtig energi|Master of Science in Engineering|Master of Science in Sustainable Energy|kandidat";"und";"56d754b5bf19455102000647";"";"56d754b5bf19455102000647";"DTU Department of Electrical Engineering";"sorbit";"sorbit";"ATCs and dynamic zoning in markets with high penetration of renewable energies|ATCs og dynamisk zoneopdeling i markeder med høj udbredelse af vedvarende energi"
"";"dtu|dtupub|third_party";"";"2022-01-03T13:11:46.262Z";"Kentis, Angelos Mimidis";"";"2292736783";"";"dtu";"2015";"";"";"";"";"thesis";"dtu|dtu_electronic|dtupub|dtupub_electronic";"";"";"";"";"";"";"";"";"";"";"";"";"";"Master of Science in Engineering|Master of Science in Telecommunication|Telekom.|kandidat";"Master of Science in Engineering|Master of Science in Telecommunication|Telekom.|kandidat";"Master of Science in Engineering|Master of Science in Telecommunication|Telekom.|kandidat";"und";"56d754b8bf1945510200078f";"";"56d754b8bf1945510200078f";"DTU Department of Electrical and Photonics Engineering";"sorbit";"sorbit";"SDN-based traffic agregation strategies for mobile backhaul networks|SDN -baserede trafik sammenlægning strategier for mobile backhaul -net"
"";"dtu|dtupub|third_party";"";"2022-01-03T13:11:48.876Z";"Friis, Andreas Peter Skou|Larsen, Alexander Kruse";"";"2292735587";"";"dtu";"2015";"";"";"";"";"thesis";"dtu|dtu_electronic|dtupub|dtupub_electronic";"";"";"";"";"";"";"";"";"";"";"";"";"";"Byggetek.|Master of Science in Civil Engineering|Master of Science in Engineering|kandidat";"Byggetek.|Master of Science in Civil Engineering|Master of Science in Engineering|kandidat";"Byggetek.|Master of Science in Civil Engineering|Master of Science in Engineering|kandidat";"und";"56d754b2bf19455102000459";"";"56d754b2bf19455102000459";"DTU Department of Civil and Mechanical Engineering";"sorbit";"sorbit";"Analysis of floating breakwaters|Analyse af flydende bølgebrydere"
"";"dtu|dtupub|third_party";"";"2022-01-03T13:11:25.435Z";"Aslani, Arta|Chaudhry, Saima Sharif";"";"2292736923";"";"dtu";"2015";"";"";"";"";"thesis";"dtu|dtu_electronic|dtupub_external";"";"";"";"";"";"";"";"";"";"";"";"";"";"Farmateknologi|Master of Science in Engineering|Master of Science in Pharmaceutical Design and Engineering|kandidat";"Farmateknologi|Master of Science in Engineering|Master of Science in Pharmaceutical Design and Engineering|kandidat";"Farmateknologi|Master of Science in Engineering|Master of Science in Pharmaceutical Design and Engineering|kandidat";"und";"56d754b8bf19455102000809";"";"56d754b8bf19455102000809";"DTU Department of Chemistry";"sorbit";"sorbit";"Improving a PBPK model of the CYP3A4 inhibitor itraconazole by including the co-inhibitory metabolites hydroxy-itraconazole, keto-itraconazole and N-desalkyl-itraconazole|Forbedring af en PBPK model af CYP3A4-hæmmeren itraconazol ved at inkludere de co-hæmmende metabolitter hydroxy-itraconazol, keto-itraconazol og N-desalkyl-itraconazol"
"";"dtu|dtupub|third_party";"";"2022-01-03T13:15:39.853Z";"Larsen, Natashia Mai Yde";"";"2292736927";"";"dtu";"2015";"";"";"";"";"thesis";"dtu|dtu_electronic|dtupub_external";"";"";"";"";"";"";"";"";"";"";"";"";"";"Bioteknologi|Master of Science in Biotechnology|Master of Science in Engineering|kandidat";"Bioteknologi|Master of Science in Biotechnology|Master of Science in Engineering|kandidat";"Bioteknologi|Master of Science in Biotechnology|Master of Science in Engineering|kandidat";"und";"56d754b8bf1945510200080c";"";"56d754b8bf1945510200080c";"DTU DTU National Food Institute";"sorbit";"sorbit";"Investigation of the cholesterol lowering properties of Lactobacillus and Bifidobacterium strains in vitro and in vivo|Undersøgelse af Lactobacillus og Bifidobacterium stammers kolesterolsænkende effekter in vitro og in vivo"
"";"dtu|dtupub|third_party";"";"2022-01-03T13:15:27.947Z";"Madsen, Ditte Villum";"";"2292737151";"";"dtu";"2015";"";"";"";"";"thesis";"dtu|dtu_electronic|dtupub_external";"";"";"";"";"";"";"";"";"";"";"";"";"";"Farmateknologi|Master of Science in Engineering|Master of Science in Pharmaceutical Design and Engineering|kandidat";"Farmateknologi|Master of Science in Engineering|Master of Science in Pharmaceutical Design and Engineering|kandidat";"Farmateknologi|Master of Science in Engineering|Master of Science in Pharmaceutical Design and Engineering|kandidat";"und";"56d754b9bf194551020008d4";"";"56d754b9bf194551020008d4";"DTU Department of Micro- and Nanotechnology";"sorbit";"sorbit";"Development of a Novel Cancer Immunotherapeutic Liposomal Drug Delivery System|Udvikling af et Nyt Cancer Immunterapeutisk Liposomalt Drug Delivery System"
"";"dtu|dtupub|third_party";"";"2022-01-03T13:15:24.617Z";"Brümmerstedt, Jan David";"";"2292737507";"";"dtu";"2015";"";"";"";"";"thesis";"dtu|dtu_electronic|dtupub|dtupub_electronic";"";"";"";"";"";"";"";"";"";"";"";"";"";"Master of Science in Engineering|Master of Science in Mathematical Modelling and Computation|Mat. modellering|kandidat";"Master of Science in Engineering|Master of Science in Mathematical Modelling and Computation|Mat. modellering|kandidat";"Master of Science in Engineering|Master of Science in Mathematical Modelling and Computation|Mat. modellering|kandidat";"und";"56d754bbbf19455102000a09";"";"56d754bbbf19455102000a09";"DTU Department of Electrical Engineering";"sorbit";"sorbit";"Analysis and synthesis of environmental sounds based on auditory processing principles|Analyse og syntese af naturlige lyde baseret pa hørelsens signalbehandling"
"";"dtu|dtupub|third_party";"";"2022-01-03T13:16:02.414Z";"Stefánsdóttir, Ólöf|Gudmundsson, Ólafur Helgi";"";"2292735972";"";"dtu";"2015";"";"";"";"";"thesis";"dtu|dtu_electronic|dtupub_external";"";"";"";"";"";"";"";"";"";"";"";"";"";"Master of Science in Engineering|Master of Science in Mathematical Modelling and Computation|Mat. modellering|kandidat";"Master of Science in Engineering|Master of Science in Mathematical Modelling and Computation|Mat. modellering|kandidat";"Master of Science in Engineering|Master of Science in Mathematical Modelling and Computation|Mat. modellering|kandidat";"und";"56d754b4bf194551020005a8";"";"56d754b4bf194551020005a8";"DTU Department of Technology, Management and Economics";"sorbit";"sorbit";"Aircraft recovery with crew guidance|Flyfladegenopretning med mandskabsregler"
"";"dtu|dtupub|third_party";"";"2022-01-03T13:15:25.078Z";"Hundevadt, Drude Hargbøl|Dam, Christoffer";"";"2292737495";"";"dtu";"2015";"";"";"";"";"thesis";"dtu|dtu_electronic|dtupub_external";"";"";"";"";"";"";"";"";"";"";"";"";"";"Konst. og mekanik|Master of Science in Engineering|Master of Science in Engineering Design and Applied Mechanics|kandidat";"Konst. og mekanik|Master of Science in Engineering|Master of Science in Engineering Design and Applied Mechanics|kandidat";"Konst. og mekanik|Master of Science in Engineering|Master of Science in Engineering Design and Applied Mechanics|kandidat";"und";"56d754bbbf194551020009fc";"";"56d754bbbf194551020009fc";"DTU Department of Civil and Mechanical Engineering";"sorbit";"sorbit";"Wave fatigue analysis in FPSOs and flexible riser system|Bølgeinduceret udmattelsesanalyse af FPSO koblet pa fleksible rørsystemer"
"";"dtu|dtupub|third_party";"";"2022-01-03T13:15:24.942Z";"Østerkryger, Andreas Dyhl";"";"2292737577";"";"dtu";"2015";"";"";"";"";"thesis";"dtu|dtu_electronic|dtupub|dtupub_electronic";"";"";"";"";"";"";"";"";"";"";"";"";"";"Fysik og nanotek.|Master of Science in Engineering|Master of Science in Physics and Nanotechnology|kandidat";"Fysik og nanotek.|Master of Science in Engineering|Master of Science in Physics and Nanotechnology|kandidat";"Fysik og nanotek.|Master of Science in Engineering|Master of Science in Physics and Nanotechnology|kandidat";"und";"56d754bbbf19455102000a49";"";"56d754bbbf19455102000a49";"DTU Department of Electrical and Photonics Engineering";"sorbit";"sorbit";"Optical properties of photonic crystal microcavities and waveguides|Optiske egenskaber af fotoniske krystal mikrokaviteter og bølgeledere"
"";"dtu|dtupub|third_party";"";"2022-01-03T13:09:15.789Z";"Tanev, Georgi Plamenov";"";"2306958881";"";"dtu";"2016";"";"";"";"";"thesis";"dtu|dtu_electronic|dtupub|dtupub_electronic";"";"";"";"";"";"";"";"";"";"";"";"";"";"Informationstek.|Master of Science in Computer Science and Engineering|Master of Science in Engineering|kandidat";"Informationstek.|Master of Science in Computer Science and Engineering|Master of Science in Engineering|kandidat";"Informationstek.|Master of Science in Computer Science and Engineering|Master of Science in Engineering|kandidat";"und";"57a07d686bbf232e70001a29";"";"57a07d686bbf232e70001a29";"DTU Department of Applied Mathematics and Computer Science";"sorbit";"sorbit";"Active paper-based microfluidic lab-on-chip|Aktiv papirbaseret mikrofluidisk lab-on-chip"
"";"dtu|dtupub|third_party";"";"2022-01-03T13:06:07.660Z";"Robertson, Owen";"";"2328005546";"";"dtu";"2016";"";"";"";"";"thesis";"dtu|dtu_electronic|dtupub|dtupub_electronic";"";"";"";"";"";"";"";"";"";"";"";"";"";"Akvatisk teknologi|Master in Science in Aquatic Science and Technology|Master of Science in Engineering|kandidat";"Akvatisk teknologi|Master in Science in Aquatic Science and Technology|Master of Science in Engineering|kandidat";"Akvatisk teknologi|Master in Science in Aquatic Science and Technology|Master of Science in Engineering|kandidat";"und";"57b2f264272bfcc2300000f2";"";"57b2f264272bfcc2300000f2";"DTU National Institute of Aquatic Resources";"sorbit";"sorbit";"Comparative study of pyrene tolerance between laboratory reared Calanus finmarchicus and the in situ population of origin|Sammenligning af pyren tolerance hos Calanus finmarchicus fra kulturer og felten."
"";"dtu|dtupub|third_party";"";"2022-01-03T13:12:50.443Z";"Koukos, Georgios";"";"2342813555";"";"dtu";"2016";"";"";"";"";"thesis";"dtu|dtu_electronic|dtupub|dtupub_electronic";"";"";"";"";"";"";"";"";"";"";"";"";"";"Fotonik|Master of Science in Engineering|Master of Science in Photonics Engineering|kandidat";"Fotonik|Master of Science in Engineering|Master of Science in Photonics Engineering|kandidat";"Fotonik|Master of Science in Engineering|Master of Science in Photonics Engineering|kandidat";"und";"57cea1c1abd7812721000160";"";"57cea1c1abd7812721000160";"DTU Department of Electrical and Photonics Engineering";"sorbit";"sorbit";"Light sources and Frequency Domain Optical Coherence Tomography|Lyskilder og Frekvensdomæne Optisk Kohærenstomografi"
"";"dtu|dtupub";"University of Oulu";"2022-06-06T11:10:10.464Z";"Heiskanen, Mikko";"";"2710562047";"";"dtu";"2016";"";"";"";"";"thesis";"dtu|dtu_electronic|dtupub|dtupub_electronic";"";"";"";"";"";"";"";"";"";"";"";"";"";"Innovaatiotoiminta|avoin innovaatio|tiedonhankinta|yhteistyö";"Innovaatiotoiminta|avoin innovaatio|tiedonhankinta|yhteistyö";"Innovaatiotoiminta|avoin innovaatio|tiedonhankinta|yhteistyö";"fin";"629de091a7c3041a6baedd98";"";"629de091a7c3041a6baedd98";"University of Oulu";"vtt";"vtt";"T&amp;K-toiminnan komplementaarisuudet yrityksen innovaatiostrategiassa"
"";"dtu|dtupub|third_party";"";"2022-01-03T13:16:17.406Z";"Rusu, Alexandru-Claudiu";"";"2292734139";"";"dtu";"2016";"";"";"";"";"thesis";"dtu|dtu_electronic|dtupub_external";"";"";"";"";"";"";"";"";"";"";"";"";"";"Informationstek.|Master of Science in Computer Science and Engineering|Master of Science in Engineering|kandidat";"Informationstek.|Master of Science in Computer Science and Engineering|Master of Science in Engineering|kandidat";"Informationstek.|Master of Science in Computer Science and Engineering|Master of Science in Engineering|kandidat";"und";"56d754a9bf1945510200008a";"";"56d754a9bf1945510200008a";"DTU Department of Applied Mathematics and Computer Science";"sorbit";"sorbit";"A flexible and customisable model editing and inspection tool|Et fleksibelt og configurerbart model-editerings- og -inspektions-værktøj"
"";"dtu|dtupub|third_party";"";"2022-01-03T13:13:04.492Z";"Huntley, Anders Kjær";"";"2346606507";"";"dtu";"2016";"";"";"";"";"thesis";"dtu|dtu_electronic|dtupub|dtupub_electronic";"";"";"";"";"";"";"";"";"";"";"";"";"";"Byggetek.|Master of Science in Civil Engineering|Master of Science in Engineering|kandidat";"Byggetek.|Master of Science in Civil Engineering|Master of Science in Engineering|kandidat";"Byggetek.|Master of Science in Civil Engineering|Master of Science in Engineering|kandidat";"und";"57f62ec7e6fd4e345100004c";"";"57f62ec7e6fd4e345100004c";"DTU Department of Civil Engineering";"sorbit";"sorbit";"Investigation of scaling issues of aerodynamic forces on circular cylinders|Undersøgelse af skaleringseffekter pa aerodynamiske kræfter pa cirkulære cylindre"
"";"dtu|dtupub|third_party";"";"2022-01-03T13:08:29.548Z";"Søgaard, Mia Louise";"";"2342855485";"";"dtu";"2016";"";"";"";"";"thesis";"dtu|dtu_electronic|dtupub|dtupub_electronic";"";"";"";"";"";"";"";"";"";"";"";"";"";"Digitale medietek.|Master of Science in Digital Media Engineering|Master of Science in Engineering|kandidat";"Digitale medietek.|Master of Science in Digital Media Engineering|Master of Science in Engineering|kandidat";"Digitale medietek.|Master of Science in Digital Media Engineering|Master of Science in Engineering|kandidat";"und";"57cff34309d7e82e03000031";"";"57cff34309d7e82e03000031";"DTU Department of Applied Mathematics and Computer Science";"sorbit";"sorbit";"Procedural Techniques Applied to Game Design|Procedural metoder anvendt til computerspil"
"";"dtu|dtupub|third_party";"";"2022-01-03T13:12:21.827Z";"Herrik, Emilia";"";"2292734063";"";"dtu";"2016";"";"";"";"";"thesis";"dtu|dtu_electronic|dtupub|dtupub_electronic";"";"";"";"";"";"";"";"";"";"";"";"";"";"Design og inn.|Master of Science in Design and Innovation|Master of Science in Engineering|kandidat";"Design og inn.|Master of Science in Design and Innovation|Master of Science in Engineering|kandidat";"Design og inn.|Master of Science in Design and Innovation|Master of Science in Engineering|kandidat";"und";"56d754a8bf19455102000050";"";"56d754a8bf19455102000050";"DTU Department of Technology, Management and Economics";"sorbit";"sorbit";"A study on how to include both end-user and societal interests in engineering development|Et studie af hvorledes slutbrugerens og samfundets interesser begge kan includes i ingeniørsudviklingsprocesser"
"";"dtu|dtupub|third_party";"";"2022-01-03T13:15:31.306Z";"Christensen, Rie Kjær";"";"2292737368";"";"dtu";"2015";"";"";"";"";"thesis";"dtu|dtu_electronic|dtupub_external";"";"";"";"";"";"";"";"";"";"";"";"";"";"Master of Science in Engineering|Master of Science in Medicine and Technology|Medicin og tek.|kandidat";"Master of Science in Engineering|Master of Science in Medicine and Technology|Medicin og tek.|kandidat";"Master of Science in Engineering|Master of Science in Medicine and Technology|Medicin og tek.|kandidat";"und";"56d754babf19455102000995";"";"56d754babf19455102000995";"DTU Department of Micro- and Nanotechnology";"sorbit";"sorbit";"Correlating Culture Fluid Mechanics to the Viability of Human Embryonic Stem Cell Suspension Cultures|Korrelering af fluidmekaniske egenskaber til levedygtighed af humane embryonale stamceller i suspensionskultur"
"";"dtu|dtupub|third_party";"";"2022-01-03T13:07:46.096Z";"Wiebe, Maria Meldgaard";"";"2292737695";"";"dtu";"2015";"";"";"";"";"thesis";"dtu|dtu_electronic|dtupub|dtupub_electronic";"";"";"";"";"";"";"";"";"";"";"";"";"";"Kemisk/biokemisk tek.|Master of Science in Chemical and Biochemical Engineering|Master of Science in Engineering|kandidat";"Kemisk/biokemisk tek.|Master of Science in Chemical and Biochemical Engineering|Master of Science in Engineering|kandidat";"Kemisk/biokemisk tek.|Master of Science in Chemical and Biochemical Engineering|Master of Science in Engineering|kandidat";"und";"56d754bcbf19455102000ac0";"";"56d754bcbf19455102000ac0";"DTU Department of Chemical and Biochemical Engineering";"sorbit";"sorbit";"Sustainable process design through process intensification|Sustainable process design through process intensification"
"";"dtu|dtupub|third_party";"";"2022-01-03T13:12:22.903Z";"Østergaard, Peter Holm";"";"2292734084";"";"dtu";"2016";"";"";"";"";"thesis";"dtu|dtu_electronic|dtupub|dtupub_electronic";"";"";"";"";"";"";"";"";"";"";"";"";"";"Informationstek.|Master of Science in Computer Science and Engineering|Master of Science in Engineering|kandidat";"Informationstek.|Master of Science in Computer Science and Engineering|Master of Science in Engineering|kandidat";"Informationstek.|Master of Science in Computer Science and Engineering|Master of Science in Engineering|kandidat";"und";"56d754a9bf19455102000065";"";"56d754a9bf19455102000065";"DTU Department of Applied Mathematics and Computer Science";"sorbit";"sorbit";"Bounded Model Checking for RSL using RT-Tester|Afgrænset Modeltjek for RSL under anvendelse af RT-Tester"
"";"dtu|dtupub|third_party";"";"2022-01-03T13:11:35.897Z";"Aarsheim, Vegard Eriksen";"";"2292736806";"";"dtu";"2015";"";"";"";"";"thesis";"dtu|dtu_electronic|dtupub|dtupub_electronic";"";"";"";"";"";"";"";"";"";"";"";"";"";"Master of Science in Engineering|Master of Science in Petroleum Engineering|Olie- og gastek.|kandidat";"Master of Science in Engineering|Master of Science in Petroleum Engineering|Olie- og gastek.|kandidat";"Master of Science in Engineering|Master of Science in Petroleum Engineering|Olie- og gastek.|kandidat";"und";"56d754b8bf194551020007a3";"";"56d754b8bf194551020007a3";"DTU Department of Chemical and Biochemical Engineering";"sorbit";"sorbit";"The effect of antiagglomerants on hydrate formation in real systems|Effekten af antiagglomeranter pa gashydratdannelse"
"";"dtu|dtupub|third_party";"";"2022-01-03T13:12:53.272Z";"Sørensen, Steffen Møller";"";"2305633579";"";"dtu";"2016";"";"";"";"";"thesis";"dtu|dtu_electronic|dtupub_external";"";"";"";"";"";"";"";"";"";"";"";"";"";"Master of Science in Engineering|Master of Science in Engineering Management|Planl. innovation og led.|kandidat";"Master of Science in Engineering|Master of Science in Engineering Management|Planl. innovation og led.|kandidat";"Master of Science in Engineering|Master of Science in Engineering Management|Planl. innovation og led.|kandidat";"und";"575ea7fae6f951534a00f66e";"";"575ea7fae6f951534a00f66e";"DTU Department of Technology, Management and Economics";"sorbit";"sorbit";"Complexity analysis of services at Dong Energy Wind Power Operations|Analyse af kompleksitet for services hos Dong Energy Wind Power Operations"
"";"dtu|dtupub|third_party";"";"2022-01-03T13:11:25.804Z";"Hussain, Kishwar Jabeen";"";"2292735601";"";"dtu";"2015";"";"";"";"";"thesis";"dtu|dtu_electronic|dtupub_external";"";"";"";"";"";"";"";"";"";"";"";"";"";"Bioteknologi|Master of Science in Biotechnology|Master of Science in Engineering|kandidat";"Bioteknologi|Master of Science in Biotechnology|Master of Science in Engineering|kandidat";"Bioteknologi|Master of Science in Biotechnology|Master of Science in Engineering|kandidat";"und";"56d754b2bf19455102000469";"";"56d754b2bf19455102000469";"DTU Department of Biotechnology and Biomedicine";"sorbit";"sorbit";"Test of two new tuberculosis vaccines and identification of their T cell epitope pattern|Afprøvning af to nye tuberkulose vacciner samt bestemmelse af deres T celle epitop mønster"
"";"dtu|dtupub|third_party";"";"2022-01-06T23:53:21.662Z";"Newcombe, Alexander Christian";"";"2306781418";"";"dtu";"2016";"";"";"";"";"thesis";"dtu|dtu_electronic|dtupub|dtupub_electronic";"";"";"";"";"";"";"";"";"";"";"";"";"";"Bæredygtig energi|Master of Science in Engineering|Master of Science in Sustainable Energy|kandidat";"Bæredygtig energi|Master of Science in Engineering|Master of Science in Sustainable Energy|kandidat";"Bæredygtig energi|Master of Science in Engineering|Master of Science in Sustainable Energy|kandidat";"und";"5795f16b6bbf232e700009d7";"";"5795f16b6bbf232e700009d7";"DTU Department of Electrical Engineering";"sorbit";"sorbit";"Modelling and analysis of flexible ramping products as a way to better integrate renewables into the Australian national electricity market|Modelling and analysis of flexible ramping products as a way to better integrate renewables into the Australian national electricity market"
"";"dtu|dtupub|third_party";"";"2022-01-03T13:16:18.446Z";"Kock, Fredrik Bror Gustav";"";"2305633363";"";"dtu";"2016";"";"";"";"";"thesis";"dtu|dtu_electronic|dtupub_external";"";"";"";"";"";"";"";"";"";"";"";"";"";"Digitale medietek.|Master of Science in Digital Media Engineering|Master of Science in Engineering|kandidat";"Digitale medietek.|Master of Science in Digital Media Engineering|Master of Science in Engineering|kandidat";"Digitale medietek.|Master of Science in Digital Media Engineering|Master of Science in Engineering|kandidat";"und";"575ea638e6f951534a00e182";"";"575ea638e6f951534a00e182";"DTU Department of Applied Mathematics and Computer Science";"sorbit";"sorbit";"Customer intelligence based on social media data analysis and visualization|Kundeindsigt baseret pa social medie data analyse og visualisering"
"";"dtu|dtupub|third_party";"";"2022-01-03T13:16:15.593Z";"Asmar, Dunea Fawaz Abdul-Rahman Saleh";"";"2292734825";"";"dtu";"2015";"";"";"";"";"thesis";"dtu|dtu_electronic|dtupub_external";"";"";"";"";"";"";"";"";"";"";"";"";"";"åben udd.";"åben udd.";"åben udd.";"und";"56d754adbf19455102000250";"";"56d754adbf19455102000250";"DTU Department of Chemical and Biochemical Engineering";"sorbit";"sorbit";"The use of Quantum Dots in optical sensor applications|Anvendelsen af Quantum dots i optiske sensorer"
"";"dtu|dtupub|third_party";"";"2022-01-03T13:16:02.751Z";"Vagkopoulos, Dimitrios";"";"2292735766";"";"dtu";"2015";"";"";"";"";"thesis";"dtu|dtu_electronic|dtupub|dtupub_electronic";"";"";"";"";"";"";"";"";"";"";"";"";"";"Master of Science in Engineering|Master of Science in Petroleum Engineering|Olie- og gastek.|kandidat";"Master of Science in Engineering|Master of Science in Petroleum Engineering|Olie- og gastek.|kandidat";"Master of Science in Engineering|Master of Science in Petroleum Engineering|Olie- og gastek.|kandidat";"und";"56d754b3bf194551020004fa";"";"56d754b3bf194551020004fa";"DTU Department of Civil Engineering";"sorbit";"sorbit";"An investigation of the Effect of Nanoparticle Additives in Drilling Fluids on Formation Damage and an Identification of the Optimal Operational Practices|Undersøgelse af nanopartikeltilsætningsstoffer i borevæsker og deres indvirkning pa formationsskader samt identifikation af optimale procedurer"
"";"dtu|dtupub|third_party";"";"2022-01-03T13:15:53.391Z";"Taraldsvik, Kristine";"";"2292736153";"";"dtu";"2015";"";"";"";"";"thesis";"dtu|dtu_electronic|dtupub_external";"";"";"";"";"";"";"";"";"";"";"";"";"";"Fødevareteknologi|Master of Science in Engineering|Master of Science in Food Technology|kandidat";"Fødevareteknologi|Master of Science in Engineering|Master of Science in Food Technology|kandidat";"Fødevareteknologi|Master of Science in Engineering|Master of Science in Food Technology|kandidat";"und";"56d754b5bf1945510200061a";"";"56d754b5bf1945510200061a";"DTU DTU National Food Institute";"sorbit";"sorbit";"Reduction of salt during marinating herring and effect on the stability of lipids|Reduktion af salt under marinering af sild og effekten heraf pa stabiliteten af lipider"
"";"dtu|dtupub|third_party";"";"2022-01-03T13:15:31.431Z";"Berthelsen, Zara Solsikke";"";"2292737166";"";"dtu";"2015";"";"";"";"";"thesis";"dtu|dtu_electronic|dtupub_external";"";"";"";"";"";"";"";"";"";"";"";"";"";"Master of Science in Engineering|Master of Science in Medicine and Technology|Medicin og tek.|kandidat";"Master of Science in Engineering|Master of Science in Medicine and Technology|Medicin og tek.|kandidat";"Master of Science in Engineering|Master of Science in Medicine and Technology|Medicin og tek.|kandidat";"und";"56d754b9bf194551020008e4";"";"56d754b9bf194551020008e4";"DTU Department of Micro- and Nanotechnology";"sorbit";"sorbit";"The Role of Skin Roughness in Medical Adhesives|Hudruheds betydning for medicinske klæbere."
"";"dtu|dtupub|third_party";"";"2022-01-03T13:06:26.948Z";"Li, Xiaoliu";"";"2341622733";"";"dtu";"2016";"";"";"";"";"thesis";"dtu|dtu_electronic|dtupub|dtupub_electronic";"";"";"";"";"";"";"";"";"";"";"";"";"";"Master of Science in Engineering|Master of Science in Materials and Manufacturing Engineering|Materialetek.|kandidat";"Master of Science in Engineering|Master of Science in Materials and Manufacturing Engineering|Materialetek.|kandidat";"Master of Science in Engineering|Master of Science in Materials and Manufacturing Engineering|Materialetek.|kandidat";"und";"57b838423e47d6ad77000038";"";"57b838423e47d6ad77000038";"DTU Department of Civil and Mechanical Engineering";"sorbit";"sorbit";"3D Simulation and Experimental Validation of Hearing Aid Shells with the Moldex 3D Simulation Software|3D simulering og eksperimentiel validering af høreapparat skaller via Moldex 3D simulation software"
"";"dtu|dtupub|third_party";"";"2022-01-03T13:15:54.066Z";"Herbo, Lise Dorph";"";"2292735321";"";"dtu";"2015";"";"";"";"";"thesis";"dtu|dtu_electronic|dtupub|dtupub_electronic";"";"";"";"";"";"";"";"";"";"";"";"";"";"Bygningsdesign|Master of Science in Engineering|Master og Science in Architectural Engineering|kandidat";"Bygningsdesign|Master of Science in Engineering|Master og Science in Architectural Engineering|kandidat";"Bygningsdesign|Master of Science in Engineering|Master og Science in Architectural Engineering|kandidat";"und";"56d754b0bf1945510200038d";"";"56d754b0bf1945510200038d";"DTU Department of Civil Engineering";"sorbit";"sorbit";"Parametric building design with respect to energy consumption and thermal indoor environment|Parametrisk bygningsdesign mht. energibehov og termisk indeklima"
"";"dtu|dtupub|third_party";"";"2022-01-03T13:05:10.584Z";"Nielsen, Hans Christian Bencard";"";"2306320395";"";"dtu";"2016";"";"";"";"";"thesis";"dtu|dtu_electronic|dtupub|dtupub_electronic";"";"";"";"";"";"";"";"";"";"";"";"";"";"Byggetek.|Master of Science in Civil Engineering|Master of Science in Engineering|kandidat";"Byggetek.|Master of Science in Civil Engineering|Master of Science in Engineering|kandidat";"Byggetek.|Master of Science in Civil Engineering|Master of Science in Engineering|kandidat";"und";"577b934737562d157a000190";"";"577b934737562d157a000190";"DTU Department of Civil and Mechanical Engineering";"sorbit";"sorbit";"Dynamic vessel response modelling for port design and operation|Dynamisk skibsbevægelsesmodellering til havnedesign og havneoperationer"
"In 2000s traditional shop-based retailing has had to adapt to competition created by internet-based e-commerce. As a distinction from traditional retail, e-commerce can gather unprecedented amount of information about its customers and their behaviour. To enable behaviour-based analysis in traditional retailing, the customers need to be tracked reliably through the store. One such tracking technology is depth camera people tracking system developed at VTT, Technical Research Centre of Finland Ltd. This study aims to use the aforementioned people tracking system's data to enable e-commerce style behavioural analysis in physical retail locations. This study is done following the design science research paradigm to construct a real-life artefact. The artefact designed and implemented is based on accumulated knowledge from a systematic literature review, application domain analysis and iterative software engineering practices. Systematic literature review is used to understand what kind of performance evaluation is done in retail. These metrics are then analysed in regards to people tracking technologies to propose a conceptual framework for customer tracking in retail. From this the artefact is designed, implemented and evaluated. Evaluation is done by combination of requirement validation, field experiments and three distinct real-life field studies. Literature review found that retailing uses traditionally easily available performance metrics such as sales and profit. It was also clear that movement data, apart from traffic calculation, has been unavailable for retail and thus is not often used as quantifiable performance metric. As a result this study presents one novel way to use customer movement as a store performance metric. The artefact constructed quantifies, visualises and analyses customer tracking data with the provided depth camera system, which is a new approach to people tracking domain. The evaluation with real-life cases concludes that the artefact can indeed find and classify interesting behavioural patterns from customer tracking data.";"dtu|dtupub";"BA1614 Wellness and living II";"2022-03-28T07:11:42.930Z";"Huotari, Ville";"";"2708546285";"";"dtu";"2015";"";"";"";"";"thesis";"dtu|dtu_electronic|dtupub|dtupub_electronic";"";"";"";"";"";"";"";"";"";"";"";"";"";"behavioural analysis|brick-and-mortar retail|data visualisation|depth sensors|dwell time|flow analysis|people tracking|point of interest analysis|traffic calculation";"behavioural analysis|brick-and-mortar retail|data visualisation|depth sensors|dwell time|flow analysis|people tracking|point of interest analysis|traffic calculation";"behavioural analysis|brick-and-mortar retail|data visualisation|depth sensors|dwell time|flow analysis|people tracking|point of interest analysis|traffic calculation";"eng";"6231fa0543e23bb6f3fc2b8f";"";"6231fa0543e23bb6f3fc2b8f";"University of Oulu";"vtt";"vtt";"Depth camera based customer behaviour analysis for retail"
"";"dtu|dtupub|third_party";"";"2022-01-03T13:16:22.201Z";"Szönyi, István";"";"2292734080";"";"dtu";"2016";"";"";"";"";"thesis";"dtu|dtu_electronic|dtupub|dtupub_electronic";"";"";"";"";"";"";"";"";"";"";"";"";"";"Informationstek.|Master of Science in Computer Science and Engineering|Master of Science in Engineering|kandidat";"Informationstek.|Master of Science in Computer Science and Engineering|Master of Science in Engineering|kandidat";"Informationstek.|Master of Science in Computer Science and Engineering|Master of Science in Engineering|kandidat";"und";"56d754a9bf19455102000060";"";"56d754a9bf19455102000060";"DTU Department of Applied Mathematics and Computer Science";"sorbit";"sorbit";"Hardware accelerators for the T-CREST multi-core platform|Hardware acceleratorer til T-CREST multi-core platformen."
"";"dtu|dtupub|third_party";"";"2022-01-03T13:12:30.243Z";"Dittmann, Karen Kiesbye";"";"2305633419";"";"dtu";"2016";"";"";"";"";"thesis";"dtu|dtu_electronic|dtupub_external";"";"";"";"";"";"";"";"";"";"";"";"";"";"Bioteknologi|Master of Science in Biotechnology|Master of Science in Engineering|kandidat";"Bioteknologi|Master of Science in Biotechnology|Master of Science in Engineering|kandidat";"Bioteknologi|Master of Science in Biotechnology|Master of Science in Engineering|kandidat";"und";"575ea6dbe6f951534a00e924";"";"575ea6dbe6f951534a00e924";"DTU Department of Biotechnology and Biomedicine";"sorbit";"sorbit";"Survival of food-derived Staphylococcus aureus in mixed microbial biofilms|Overlevelse af fødevare-isolater af Staphylococcus aureus i blandede mikrobielle biofilm"
"";"dtu|dtupub|third_party";"";"2022-01-03T13:15:24.640Z";"Pranjic, Emilio";"";"2292737671";"";"dtu";"2015";"";"";"";"";"thesis";"dtu|dtu_electronic|dtupub|dtupub_electronic";"";"";"";"";"";"";"";"";"";"";"";"";"";"Elektrotek.|Master of Science in Electrical Engineering|Master of Science in Engineering|kandidat";"Elektrotek.|Master of Science in Electrical Engineering|Master of Science in Engineering|kandidat";"Elektrotek.|Master of Science in Electrical Engineering|Master of Science in Engineering|kandidat";"und";"56d754bbbf19455102000aa6";"";"56d754bbbf19455102000aa6";"DTU Department of Electrical Engineering";"sorbit";"sorbit";"Improvement of loudspeaker performance using motional feedback|Forbedring af højtaler ydelse ved brug af bevægelses tilbagekobling"
"";"dtu|dtupub|third_party";"";"2022-01-03T13:15:24.934Z";"Andersen, Jesper Hyllekilde";"";"2292737264";"";"dtu";"2015";"";"";"";"";"thesis";"dtu|dtu_electronic|dtupub|dtupub_electronic";"";"";"";"";"";"";"";"";"";"";"";"";"";"Bygningsdesign|Master of Science in Engineering|Master og Science in Architectural Engineering|kandidat";"Bygningsdesign|Master of Science in Engineering|Master og Science in Architectural Engineering|kandidat";"Bygningsdesign|Master of Science in Engineering|Master og Science in Architectural Engineering|kandidat";"und";"56d754babf19455102000946";"";"56d754babf19455102000946";"DTU Department of Civil Engineering";"sorbit";"sorbit";"Experimental study of the Thermal Resistance of Intumescent Coatings exposed to different Fire Scenarios|Experimental study of the thermal resistance of intumescent coatings exposed to different fire scenarios"
"";"dtu|dtupub|third_party";"";"2022-01-03T13:16:28.475Z";"Lin, Yu-Huan";"";"2306769375";"";"dtu";"2016";"";"";"";"";"thesis";"dtu|dtu_electronic|dtupub|dtupub_electronic";"";"";"";"";"";"";"";"";"";"";"";"";"";"Master of Science in Engineering|Master of Science in Wind Energy|Vindenergi|kandidat";"Master of Science in Engineering|Master of Science in Wind Energy|Vindenergi|kandidat";"Master of Science in Engineering|Master of Science in Wind Energy|Vindenergi|kandidat";"und";"57949fcf6bbf232e70000522";"";"57949fcf6bbf232e70000522";"DTU Department of Wind and Energy Systems";"sorbit";"sorbit";"Structural design optimization of the controllable rubber trailing edge flap (CRTEF)|Strukturoptimering af den kontrollerbare bagkantsflap (CRTEF)"
"";"dtu|dtupub|third_party";"";"2022-01-06T23:53:52.405Z";"Bentzen, Jeppe Troelsgaard";"";"2306320509";"";"dtu";"2016";"";"";"";"";"thesis";"dtu|dtu_electronic|dtupub|dtupub_electronic";"";"";"";"";"";"";"";"";"";"";"";"";"";"Digitale medietek.|Master of Science in Digital Media Engineering|Master of Science in Engineering|kandidat";"Digitale medietek.|Master of Science in Digital Media Engineering|Master of Science in Engineering|kandidat";"Digitale medietek.|Master of Science in Digital Media Engineering|Master of Science in Engineering|kandidat";"und";"577b934f37562d157a0001ed";"";"577b934f37562d157a0001ed";"DTU Department of Applied Mathematics and Computer Science";"sorbit";"sorbit";"Fluid simulation based on the combination of particles and a deformable simplicial complex|Væskesimulering baseret pa en kombination af partikler og deformerbart simplex gitter."
"";"dtu|dtupub|third_party";"";"2022-01-03T13:06:10.124Z";"Philipsen, Lærke";"";"2306791651";"";"dtu";"2016";"";"";"";"";"thesis";"dtu|dtu_electronic|dtupub|dtupub_electronic";"";"";"";"";"";"";"";"";"";"";"";"";"";"Bygningsdesign|Master of Science in Engineering|Master og Science in Architectural Engineering|kandidat";"Bygningsdesign|Master of Science in Engineering|Master og Science in Architectural Engineering|kandidat";"Bygningsdesign|Master of Science in Engineering|Master og Science in Architectural Engineering|kandidat";"und";"5797439d6bbf232e70000efd";"";"5797439d6bbf232e70000efd";"DTU Department of Civil Engineering";"sorbit";"sorbit";"Integrated design process for urban water management|Integreret designproces for handtering af overfladevand i byrum."
"";"dtu|dtupub|third_party";"";"2022-01-03T13:06:43.103Z";"Nagy, Matteo";"";"2306921283";"";"dtu";"2016";"";"";"";"";"thesis";"dtu|dtu_electronic|dtupub|dtupub_electronic";"";"";"";"";"";"";"";"";"";"";"";"";"";"Bæredygtig energi|Master of Science in Engineering|Master of Science in Sustainable Energy|kandidat";"Bæredygtig energi|Master of Science in Engineering|Master of Science in Sustainable Energy|kandidat";"Bæredygtig energi|Master of Science in Engineering|Master of Science in Sustainable Energy|kandidat";"und";"579dda4b6bbf232e700014c9";"";"579dda4b6bbf232e700014c9";"DTU Department of Civil and Mechanical Engineering";"sorbit";"sorbit";"Techno-economic analysis of LNG production alternatives|Tekno-økonomisk analyse af processer til LNG produktion"
"";"dtu|dtupub|third_party";"";"2022-01-03T13:16:18.785Z";"Costa, Razvan-Ioan";"";"2292734069";"";"dtu";"2016";"";"";"";"";"thesis";"dtu|dtu_electronic|dtupub|dtupub_electronic";"";"";"";"";"";"";"";"";"";"";"";"";"";"Byggetek.|Master of Science in Civil Engineering|Master of Science in Engineering|kandidat";"Byggetek.|Master of Science in Civil Engineering|Master of Science in Engineering|kandidat";"Byggetek.|Master of Science in Civil Engineering|Master of Science in Engineering|kandidat";"und";"56d754a8bf19455102000055";"";"56d754a8bf19455102000055";"DTU Department of Civil Engineering";"sorbit";"sorbit";"Thermal resistance of steel profiles protected with intumescent coating|Varmemodstand af stalprofiler beskyttete med expanderende brandmaling"
"";"dtu|dtupub|third_party";"";"2022-01-03T13:06:05.304Z";"Mathiasen, Nikolaj Rytter|Skov, Thomas Holm";"";"2351661153";"";"dtu";"2016";"";"";"";"";"thesis";"dtu|dtu_electronic|dtupub|dtupub_electronic";"";"";"";"";"";"";"";"";"";"";"";"";"";"Byggetek.|Master of Science in Civil Engineering|Master of Science in Engineering|kandidat";"Byggetek.|Master of Science in Civil Engineering|Master of Science in Engineering|kandidat";"Byggetek.|Master of Science in Civil Engineering|Master of Science in Engineering|kandidat";"und";"589045755460241149000053";"";"589045755460241149000053";"DTU Department of Civil Engineering";"sorbit";"sorbit";"Frost resistance of internally cured concrete|Betons frostbestandighed og hvordan den pavirkes af intern curing"
"";"dtu|dtupub|third_party";"";"2022-01-03T13:08:42.694Z";"Lange, Simon Lehnskov";"";"2313645701";"";"dtu";"2016";"";"";"";"";"thesis";"dtu|dtu_electronic|dtupub|dtupub_electronic";"";"";"";"";"";"";"";"";"";"";"";"";"";"Fotonik|Master of Science in Engineering|Master of Science in Photonics Engineering|kandidat";"Fotonik|Master of Science in Engineering|Master of Science in Photonics Engineering|kandidat";"Fotonik|Master of Science in Engineering|Master of Science in Photonics Engineering|kandidat";"und";"57ab095b3fec415c3b0001fa";"";"57ab095b3fec415c3b0001fa";"DTU Department of Electrical and Photonics Engineering";"sorbit";"sorbit";"Development of terahertz field detectors|Udvikling af terahertz felt-detektorer"
"";"dtu|dtupub|third_party";"";"2022-01-03T13:09:14.848Z";"Koch, Jonas";"";"2306921462";"";"dtu";"2016";"";"";"";"";"thesis";"dtu|dtu_electronic|dtupub|dtupub_electronic";"";"";"";"";"";"";"";"";"";"";"";"";"";"Bæredygtig energi|Master of Science in Engineering|Master of Science in Sustainable Energy|kandidat";"Bæredygtig energi|Master of Science in Engineering|Master of Science in Sustainable Energy|kandidat";"Bæredygtig energi|Master of Science in Engineering|Master of Science in Sustainable Energy|kandidat";"und";"579dda6c6bbf232e70001605";"";"579dda6c6bbf232e70001605";"DTU Department of Wind and Energy Systems";"sorbit";"sorbit";"Scale dependent verification of wind power forecasts|Skala afhængig verification af vindkraft forudsigelser"
"";"dtu|dtupub|third_party";"";"2022-01-03T13:13:03.672Z";"Vlaikidis, Marios";"";"2306946222";"";"dtu";"2016";"";"";"";"";"thesis";"dtu|dtu_electronic|dtupub|dtupub_electronic";"";"";"";"";"";"";"";"";"";"";"";"";"";"Bæredygtig energi|Master of Science in Engineering|Master of Science in Sustainable Energy|kandidat";"Bæredygtig energi|Master of Science in Engineering|Master of Science in Sustainable Energy|kandidat";"Bæredygtig energi|Master of Science in Engineering|Master of Science in Sustainable Energy|kandidat";"und";"579f2cb46bbf232e700019b7";"";"579f2cb46bbf232e700019b7";"DTU Department of Civil and Mechanical Engineering";"sorbit";"sorbit";"Investigation of the heat storage potential in the District Heating of Copenhagen|Undersøgelse af potentialet for varmelagre i Københavns fjernvarme"
"";"dtu|dtupub|third_party";"";"2022-01-03T13:16:27.773Z";"Kravvaritis, Ilias|Sobeir, Hiba";"";"2346074382";"";"dtu";"2016";"";"";"";"";"thesis";"dtu|dtu_electronic|dtupub|dtupub_electronic";"";"";"";"";"";"";"";"";"";"";"";"";"";"Master of Science in Engineering|Master of Science in Petroleum Engineering|Olie- og gastek.|kandidat";"Master of Science in Engineering|Master of Science in Petroleum Engineering|Olie- og gastek.|kandidat";"Master of Science in Engineering|Master of Science in Petroleum Engineering|Olie- og gastek.|kandidat";"und";"57ecf445ad6a549d07000028";"";"57ecf445ad6a549d07000028";"DTU Department of Civil Engineering";"sorbit";"sorbit";"Wellbore stability and mud weight window of geothermal wells|Borehulsstabilitet og optimering af muddervægt i geotermiske boringer"
"";"dtu|dtupub|third_party";"";"2022-01-03T13:06:22.302Z";"Schmid, Achim";"";"2306781951";"";"dtu";"2016";"";"";"";"";"thesis";"dtu|dtu_electronic|dtupub|dtupub_electronic";"";"";"";"";"";"";"";"";"";"";"";"";"";"Elektrotek.|Master of Science in Electrical Engineering|Master of Science in Engineering|kandidat";"Elektrotek.|Master of Science in Electrical Engineering|Master of Science in Engineering|kandidat";"Elektrotek.|Master of Science in Electrical Engineering|Master of Science in Engineering|kandidat";"und";"5795f1bb6bbf232e70000c23";"";"5795f1bb6bbf232e70000c23";"DTU Department of Electrical Engineering";"sorbit";"sorbit";"Implementation of Biological-inspired Modular Robots to the Educational System|Implementering af biologisk-inspireret modulære robotter i undervisningssystemet"
"";"dtu|dtupub|third_party";"";"2022-01-03T13:15:15.843Z";"Nielsen, Henrik Lund";"";"2292737206";"";"dtu";"2015";"";"";"";"";"thesis";"dtu|dtu_electronic|dtupub|dtupub_electronic";"";"";"";"";"";"";"";"";"";"";"";"";"";"Kemisk/biokemisk tek.|Master of Science in Chemical and Biochemical Engineering|Master of Science in Engineering|kandidat";"Kemisk/biokemisk tek.|Master of Science in Chemical and Biochemical Engineering|Master of Science in Engineering|kandidat";"Kemisk/biokemisk tek.|Master of Science in Chemical and Biochemical Engineering|Master of Science in Engineering|kandidat";"und";"56d754b9bf1945510200090c";"";"56d754b9bf1945510200090c";"DTU Department of Chemical and Biochemical Engineering";"sorbit";"sorbit";"Rate based model development and simulation of CO2 absorption and desorption columns using piperazine promoted potassium carbonate|Hastighedsbaseret modeludvikling og simulering af CO2-absorptions- og desorptionskolonner ved brug af piperazin-katalyseret kaliumkarbonat"
"";"dtu|dtupub|third_party";"";"2022-01-03T13:15:46.612Z";"Valentin, Gruber";"";"2292735634";"";"dtu";"2015";"";"";"";"";"thesis";"dtu|dtu_electronic|dtupub|dtupub_electronic";"";"";"";"";"";"";"";"";"";"";"";"";"";"Byggetek.|Master of Science in Civil Engineering|Master of Science in Engineering|kandidat";"Byggetek.|Master of Science in Civil Engineering|Master of Science in Engineering|kandidat";"Byggetek.|Master of Science in Civil Engineering|Master of Science in Engineering|kandidat";"und";"56d754b2bf19455102000488";"";"56d754b2bf19455102000488";"DTU Department of Civil Engineering";"sorbit";"sorbit";"Dowel Joints in Tempered Glass - Long Term Behaviour|Dornsamlinger i hærdet glas - Langtidsegenskaber"
"";"dtu|dtupub|third_party";"";"2022-01-03T13:11:41.461Z";"Danese, Matteo";"";"2292735779";"";"dtu";"2015";"";"";"";"";"thesis";"dtu|dtu_electronic|dtupub|dtupub_electronic";"";"";"";"";"";"";"";"";"";"";"";"";"";"Bæredygtig energi|Master of Science in Engineering|Master of Science in Sustainable Energy|kandidat";"Bæredygtig energi|Master of Science in Engineering|Master of Science in Sustainable Energy|kandidat";"Bæredygtig energi|Master of Science in Engineering|Master of Science in Sustainable Energy|kandidat";"und";"56d754b3bf19455102000506";"";"56d754b3bf19455102000506";"DTU Department of Civil and Mechanical Engineering";"sorbit";"sorbit";"Modelling and optimization of domestic hot water heat pump|Modellering og optimering af husholdningsvarmepumpe til varmt vand"
"";"dtu|dtupub|third_party";"";"2022-01-03T13:16:02.608Z";"Hunner, Benjamin Aske|Martinsen, Grith";"";"2292735681";"";"dtu";"2015";"";"";"";"";"thesis";"dtu|dtu_electronic|dtupub|dtupub_electronic";"";"";"";"";"";"";"";"";"";"";"";"";"";"Master of Science in Engineering|Master of Science in Environmental Engineering|Miljøteknologi|kandidat";"Master of Science in Engineering|Master of Science in Environmental Engineering|Miljøteknologi|kandidat";"Master of Science in Engineering|Master of Science in Environmental Engineering|Miljøteknologi|kandidat";"und";"56d754b2bf194551020004b4";"";"56d754b2bf194551020004b4";"DTU Department of Environmental and Resource Engineering";"sorbit";"sorbit";"How to unify geological understanding and contaminant transport models in a fractured limestone aquifer|Hvordan geologisk viden oversættes til stoftransport modeller i en opsprækket kalk akvifer"
"";"dtu|dtupub|third_party";"";"2022-01-03T13:15:51.284Z";"Dyrberg, Mette Berner|Christensen, Charlotte Baastrup";"";"2292736172";"";"dtu";"2015";"";"";"";"";"thesis";"dtu|dtu_electronic|dtupub|dtupub_electronic";"";"";"";"";"";"";"";"";"";"";"";"";"";"Master of Science in Engineering|Master of Science in Transportation and Logistics|Transp. og logistik|kandidat";"Master of Science in Engineering|Master of Science in Transportation and Logistics|Transp. og logistik|kandidat";"Master of Science in Engineering|Master of Science in Transportation and Logistics|Transp. og logistik|kandidat";"und";"56d754b5bf1945510200062b";"";"56d754b5bf1945510200062b";"DTU Department of Transport";"sorbit";"sorbit";"Transfers in public transport route choice models|Skift i kollektive rutevalgsmodeller"
"";"dtu|dtupub|third_party";"";"2022-01-11T08:43:36.946Z";"Arnaiz, Eva Casado";"";"2306781428";"";"dtu";"2016";"";"";"";"";"thesis";"dtu|dtu_electronic|dtupub|dtupub_electronic";"";"";"";"";"";"";"";"";"";"";"";"";"";"gæst udl.";"gæst udl.";"gæst udl.";"und";"5795f1736bbf232e70000a33";"";"5795f1736bbf232e70000a33";"DTU Department of Applied Mathematics and Computer Science";"sorbit";"sorbit";"Extracting visual speech features from video recordings using Independent Component Analysis|Ekstraktion af artikulatoriske features fra video optagelser ved hjælp af Independent Component Analysis"
"";"dtu|dtupub|third_party";"";"2022-01-03T13:15:57.256Z";"Habib, Andrew Alkommos Mikhael";"";"2292735940";"";"dtu";"2015";"";"";"";"";"thesis";"dtu|dtu_electronic|dtupub|dtupub_electronic";"";"";"";"";"";"";"";"";"";"";"";"";"";"Master of Science in Engineering|Master of Science in Engineering, Security and Mobile Computing|Security and Mobile|kandidat";"Master of Science in Engineering|Master of Science in Engineering, Security and Mobile Computing|Security and Mobile|kandidat";"Master of Science in Engineering|Master of Science in Engineering, Security and Mobile Computing|Security and Mobile|kandidat";"und";"56d754b4bf19455102000592";"";"56d754b4bf19455102000592";"DTU Department of Applied Mathematics and Computer Science";"sorbit";"sorbit";"A Typing System for Set-based Abstraction in AIF|Et type-system for en mængde-baseret abstraktion i AIF"
"";"dtu|dtupub|third_party";"";"2022-01-03T13:15:25.089Z";"Stra, Shum Ivan Ingemann";"";"2292737740";"";"dtu";"2015";"";"";"";"";"thesis";"dtu|dtu_electronic|dtupub|dtupub_electronic";"";"";"";"";"";"";"";"";"";"";"";"";"";"Digitale medietek.|Master of Science in Digital Media Engineering|Master of Science in Engineering|kandidat";"Digitale medietek.|Master of Science in Digital Media Engineering|Master of Science in Engineering|kandidat";"Digitale medietek.|Master of Science in Digital Media Engineering|Master of Science in Engineering|kandidat";"und";"56d754bcbf19455102000ae7";"";"56d754bcbf19455102000ae7";"DTU Department of Applied Mathematics and Computer Science";"sorbit";"sorbit";"Concatenating dialogue with brands across social media|Konkatenering af dialog med brands pa tværs af sociale medier"
"";"dtu|dtupub|third_party";"";"2022-01-03T13:16:14.494Z";"Juul, Mikkel Hofstedt";"";"2292734654";"";"dtu";"2015";"";"";"";"";"thesis";"dtu|dtu_electronic|dtupub_external";"";"";"";"";"";"";"";"";"";"";"";"";"";"Fysik og nanotek.|Master of Science in Engineering|Master of Science in Physics and Nanotechnology|kandidat";"Fysik og nanotek.|Master of Science in Engineering|Master of Science in Physics and Nanotechnology|kandidat";"Fysik og nanotek.|Master of Science in Engineering|Master of Science in Physics and Nanotechnology|kandidat";"und";"56d754acbf194551020001c4";"";"56d754acbf194551020001c4";"DTU Department of Micro- and Nanotechnology";"sorbit";"sorbit";"Optimizing the Spatial Resolution of 3D Printed Hydrogels|Optimering af den rumlige opløsning ved 3D printning af hydrogeler"
"";"dtu|dtupub|third_party";"";"2022-01-03T13:07:22.375Z";"Giraldo, Daniel Barreneche";"";"2344805511";"";"dtu";"2016";"";"";"";"";"thesis";"dtu|dtu_electronic|dtupub|dtupub_electronic";"";"";"";"";"";"";"";"";"";"";"";"";"";"Design og inn.|Master of Science in Design and Innovation|Master of Science in Engineering|kandidat";"Design og inn.|Master of Science in Design and Innovation|Master of Science in Engineering|kandidat";"Design og inn.|Master of Science in Design and Innovation|Master of Science in Engineering|kandidat";"und";"57dbd0c51f4bfa107d000014";"";"57dbd0c51f4bfa107d000014";"DTU Department of Technology, Management and Economics";"sorbit";"sorbit";"Innovation game design|Innovation spildesign"
"";"dtu|dtupub|third_party";"";"2022-01-03T13:08:02.673Z";"Kirchhoff, Mads Egedal";"";"2342523927";"";"dtu";"2016";"";"";"";"";"thesis";"dtu|dtu_electronic|dtupub|dtupub_electronic";"";"";"";"";"";"";"";"";"";"";"";"";"";"Informationstek.|Master of Science in Computer Science and Engineering|Master of Science in Engineering|kandidat";"Informationstek.|Master of Science in Computer Science and Engineering|Master of Science in Engineering|kandidat";"Informationstek.|Master of Science in Computer Science and Engineering|Master of Science in Engineering|kandidat";"und";"57c80a47abd78127210000e4";"";"57c80a47abd78127210000e4";"DTU Department of Applied Mathematics and Computer Science";"sorbit";"sorbit";"Development and Visualisation of a Distributed Railway Control System|Udvikling og Visualisering at et Distribueret Jernbanesikringsanlæg"
"";"dtu|dtupub|third_party";"";"2022-01-03T13:14:39.879Z";"Myren, Karin Merethe Hemb";"";"2292737096";"";"dtu";"2015";"";"";"";"";"thesis";"dtu|dtu_electronic|dtupub_external";"";"";"";"";"";"";"";"";"";"";"";"";"";"Kemisk/biokemisk tek.|Master of Science in Chemical and Biochemical Engineering|Master of Science in Engineering|kandidat";"Kemisk/biokemisk tek.|Master of Science in Chemical and Biochemical Engineering|Master of Science in Engineering|kandidat";"Kemisk/biokemisk tek.|Master of Science in Chemical and Biochemical Engineering|Master of Science in Engineering|kandidat";"und";"56d754b9bf1945510200089f";"";"56d754b9bf1945510200089f";"DTU Department of Technology, Management and Economics";"sorbit";"sorbit";"Modelling the effect of water content on the flammability of petroleum jets|Modellering af vandindholdets effekt pa antændeligheden af petroleum jets"
"";"dtu|dtupub|third_party";"";"2022-01-03T13:12:13.035Z";"Echterhoff, Nils";"";"2305633436";"";"dtu";"2016";"";"";"";"";"thesis";"dtu|dtu_electronic|dtupub_external";"";"";"";"";"";"";"";"";"";"";"";"";"";"Master of Science in Engineering|Master of Science in Engineering Management|Planl. innovation og led.|kandidat";"Master of Science in Engineering|Master of Science in Engineering Management|Planl. innovation og led.|kandidat";"Master of Science in Engineering|Master of Science in Engineering Management|Planl. innovation og led.|kandidat";"und";"575ea6f7e6f951534a00ea5e";"";"575ea6f7e6f951534a00ea5e";"DTU Department of Technology, Management and Economics";"sorbit";"sorbit";"Portfolio Management at Nestlé Danmark A/S|Portfolio Management pa Nestle Danmark A/S"
"";"dtu|dtupub|third_party";"";"2022-01-03T13:08:40.973Z";"Rasmussen, Anne Marie-Louise Svensson";"";"2306781414";"";"dtu";"2016";"";"";"";"";"thesis";"dtu|dtu_electronic|dtupub|dtupub_electronic";"";"";"";"";"";"";"";"";"";"";"";"";"";"Design og inn.|Master of Science in Design and Innovation|Master of Science in Engineering|kandidat";"Design og inn.|Master of Science in Design and Innovation|Master of Science in Engineering|kandidat";"Design og inn.|Master of Science in Design and Innovation|Master of Science in Engineering|kandidat";"und";"5795f1686bbf232e700009b7";"";"5795f1686bbf232e700009b7";"DTU Department of Technology, Management and Economics";"sorbit";"sorbit";"Reducing Stress through Behavioural Design|Reduktion af stress igennem adfærdsdesign"
"";"dtu|dtupub|third_party";"";"2022-01-03T13:12:23.418Z";"Niels-Christiansen, Hans";"";"2292734026";"";"dtu";"2016";"";"";"";"";"thesis";"dtu|dtu_electronic|dtupub|dtupub_electronic";"";"";"";"";"";"";"";"";"";"";"";"";"";"Konst. og mekanik|Master of Science in Engineering|Master of Science in Engineering Design and Applied Mechanics|kandidat";"Konst. og mekanik|Master of Science in Engineering|Master of Science in Engineering Design and Applied Mechanics|kandidat";"Konst. og mekanik|Master of Science in Engineering|Master of Science in Engineering Design and Applied Mechanics|kandidat";"und";"56d754a8bf19455102000031";"";"56d754a8bf19455102000031";"DTU Department of Civil and Mechanical Engineering";"sorbit";"sorbit";"Investigation of the oil distribution on the cylinder liner of a two-stroke diesel engine|Undersøgelse af oliefordelingen pa cylindervæggen I en 2-takts dieselmotor"
"";"dtu|dtupub|third_party";"";"2022-01-03T13:12:29.167Z";"Vestergård, Astrid Enslev";"";"2292734079";"";"dtu";"2016";"";"";"";"";"thesis";"dtu|dtu_electronic|dtupub_external";"";"";"";"";"";"";"";"";"";"";"";"";"";"Master of Science in Engineering|Master of Science in Mathematical Modelling and Computation|Mat. modellering|kandidat";"Master of Science in Engineering|Master of Science in Mathematical Modelling and Computation|Mat. modellering|kandidat";"Master of Science in Engineering|Master of Science in Mathematical Modelling and Computation|Mat. modellering|kandidat";"und";"56d754a9bf19455102000061";"";"56d754a9bf19455102000061";"DTU Department of Applied Mathematics and Computer Science";"sorbit";"sorbit";"Machine learning models for financial data|Machine learning modeller til finansielle data"
"";"dtu|dtupub|third_party";"";"2022-01-03T13:12:24.360Z";"Møller, Nicklas";"";"2305633366";"";"dtu";"2016";"";"";"";"";"thesis";"dtu|dtu_electronic|dtupub_external";"";"";"";"";"";"";"";"";"";"";"";"";"";"Anvendt kemi|Master of Science in Advanced and Applied Chemistry|Master of Science in Engineering|kandidat";"Anvendt kemi|Master of Science in Advanced and Applied Chemistry|Master of Science in Engineering|kandidat";"Anvendt kemi|Master of Science in Advanced and Applied Chemistry|Master of Science in Engineering|kandidat";"und";"575ea640e6f951534a00e1d9";"";"575ea640e6f951534a00e1d9";"DTU Department of Chemistry";"sorbit";"sorbit";"Chemistry of various copper species in zeolites studied by EPR|Kemi af kobber species i zeolitter undersøgt ved EPR"
"";"dtu|dtupub|third_party";"";"2022-01-03T13:11:52.630Z";"Møller, Anders Fabricius";"";"2292735843";"";"dtu";"2015";"";"";"";"";"thesis";"dtu|dtu_electronic|dtupub|dtupub_electronic";"";"";"";"";"";"";"";"";"";"";"";"";"";"åben udd.";"åben udd.";"åben udd.";"und";"56d754b3bf19455102000539";"";"56d754b3bf19455102000539";"DTU Department of Civil Engineering";"sorbit";"sorbit";"Numerical modelling of fire in low-energy buildings|Numerisk brandmodellering i efterisolerede konstruktioner i beboelsesejendomme"
"";"dtu|dtupub|third_party";"";"2022-01-03T13:16:27.939Z";"Kirk, Jeanne Bjerre";"";"2307020170";"";"dtu";"2016";"";"";"";"";"thesis";"dtu|dtu_electronic|dtupub|dtupub_electronic";"";"";"";"";"";"";"";"";"";"";"";"";"";"Bygningsdesign|Master of Science in Engineering|Master og Science in Architectural Engineering|kandidat";"Bygningsdesign|Master of Science in Engineering|Master og Science in Architectural Engineering|kandidat";"Bygningsdesign|Master of Science in Engineering|Master og Science in Architectural Engineering|kandidat";"und";"57a1cee812855c654e0001a4";"";"57a1cee812855c654e0001a4";"DTU Department of Civil Engineering";"sorbit";"sorbit";"Parametric experimental and theoretical study of the influence of fire load on the person safety in evacuation pathways|Eksperimentelt og teoretisk studie af brandlastens inflydelse pa personsikkerheden i flugtveje"
"";"dtu|dtupub|third_party";"";"2022-01-03T13:12:13.050Z";"Debech, Hager";"";"2292735419";"";"dtu";"2015";"";"";"";"";"thesis";"dtu|dtu_electronic|dtupub|dtupub_electronic";"";"";"";"";"";"";"";"";"";"";"";"";"";"Master of Science in Engineering|Master of Science in Mathematical Modelling and Computation|Mat. modellering|kandidat";"Master of Science in Engineering|Master of Science in Mathematical Modelling and Computation|Mat. modellering|kandidat";"Master of Science in Engineering|Master of Science in Mathematical Modelling and Computation|Mat. modellering|kandidat";"und";"56d754b0bf194551020003b7";"";"56d754b0bf194551020003b7";"DTU Department of Applied Mathematics and Computer Science";"sorbit";"sorbit";"Hamiltonian Systems and Infinite Dimensional Hamiltonian Formalism for Equations Arising in the Mathematical Theory of Water Waves|Hamiltonske systemer og uendeligdimensionel Hamiltonsk formalisme for ligninger fra den matematiske teori om bølger i vand"
"";"dtu|dtupub|third_party";"";"2022-01-03T13:15:44.183Z";"Thorn, Jonas Hagel";"";"2292735407";"";"dtu";"2015";"";"";"";"";"thesis";"dtu|dtu_electronic|dtupub|dtupub_electronic";"";"";"";"";"";"";"";"";"";"";"";"";"";"Anvendt kemi|Master of Science in Advanced and Applied Chemistry|Master of Science in Engineering|kandidat";"Anvendt kemi|Master of Science in Advanced and Applied Chemistry|Master of Science in Engineering|kandidat";"Anvendt kemi|Master of Science in Advanced and Applied Chemistry|Master of Science in Engineering|kandidat";"und";"56d754b0bf194551020003ac";"";"56d754b0bf194551020003ac";"DTU Department of Chemistry";"sorbit";"sorbit";"Two-dimensional metal oxide and graphene nanocomposites for supercapacitor electrodes|To -dimensionelle metal oxide og graphene nanokompositter til supercapacitor elektroder"
"";"dtu|dtupub|third_party";"";"2022-01-03T13:15:50.580Z";"Laszczyk, Julia";"";"2292735128";"";"dtu";"2015";"";"";"";"";"thesis";"dtu|dtu_electronic|dtupub_external";"";"";"";"";"";"";"";"";"";"";"";"";"";"Design og inn.|Master of Science in Design and Innovation|Master of Science in Engineering|kandidat";"Design og inn.|Master of Science in Design and Innovation|Master of Science in Engineering|kandidat";"Design og inn.|Master of Science in Design and Innovation|Master of Science in Engineering|kandidat";"und";"56d754afbf1945510200030b";"";"56d754afbf1945510200030b";"DTU Department of Technology, Management and Economics";"sorbit";"sorbit";"A production company’s response to demand uncertainty in a B2B market: An analysis of vulnerable commercial artefacts|Et produktionsselskab svar at kræve usikkerhed pa et B2B marked: En analyse af sarbare kommercielle artefakter"
"";"dtu|dtupub|third_party";"";"2022-01-03T13:06:22.340Z";"Jeppesen, Sasja Juel";"";"2306172094";"";"dtu";"2016";"";"";"";"";"thesis";"dtu|dtu_electronic|dtupub|dtupub_electronic";"";"";"";"";"";"";"";"";"";"";"";"";"";"Byggetek.|Master of Science in Civil Engineering|Master of Science in Engineering|kandidat";"Byggetek.|Master of Science in Civil Engineering|Master of Science in Engineering|kandidat";"Byggetek.|Master of Science in Civil Engineering|Master of Science in Engineering|kandidat";"und";"5774fbc237562d157a000040";"";"5774fbc237562d157a000040";"DTU Department of Civil Engineering";"sorbit";"sorbit";"Antifreeze admixtures for winter concreting|Frysepunktssænkende tilsætningsstoffer til vinterstøbning af beton"
"";"dtu|dtupub|third_party";"";"2022-01-03T13:16:39.148Z";"Døi, Allan Ulrick";"";"2319826628";"";"dtu";"2016";"";"";"";"";"thesis";"dtu|dtu_electronic|dtupub|dtupub_electronic";"";"";"";"";"";"";"";"";"";"";"";"";"";"Bygningsdesign|Master of Science in Engineering|Master og Science in Architectural Engineering|kandidat";"Bygningsdesign|Master of Science in Engineering|Master og Science in Architectural Engineering|kandidat";"Bygningsdesign|Master of Science in Engineering|Master og Science in Architectural Engineering|kandidat";"und";"57aefdc09baf2b177e00007c";"";"57aefdc09baf2b177e00007c";"DTU Department of Civil Engineering";"sorbit";"sorbit";"Investigation of differences between design requirements and actual indoor environment in modern office buildings|Undersøgelse af modsætningsforhold mellem designkrav og reelle indeklimaforhold i moderne kontorbygninger"
"";"dtu|dtupub|third_party";"";"2022-01-03T13:12:05.408Z";"Willumsen, Tanja";"";"2292735025";"";"dtu";"2015";"";"";"";"";"thesis";"dtu|dtu_electronic|dtupub|dtupub_electronic";"";"";"";"";"";"";"";"";"";"";"";"";"";"Master of Science in Engineering|Master of Science in Environmental Engineering|Miljøteknologi|kandidat";"Master of Science in Engineering|Master of Science in Environmental Engineering|Miljøteknologi|kandidat";"Master of Science in Engineering|Master of Science in Environmental Engineering|Miljøteknologi|kandidat";"und";"56d754aebf194551020002c6";"";"56d754aebf194551020002c6";"DTU Department of Environmental and Resource Engineering";"sorbit";"sorbit";"Towards sustainable shipping: Analysis of legislative context, environmental aspects and key stakeholders|Mod bæredygtig skibsfart: Analyse af lovmæssig kontekst, miljømæssige aspekter og nøgleaktører"
"";"dtu|dtupub|third_party";"";"2022-01-03T13:12:07.055Z";"Friis, Joachim Kirkegaard";"";"2292735433";"";"dtu";"2015";"";"";"";"";"thesis";"dtu|dtu_electronic|dtupub|dtupub_electronic";"";"";"";"";"";"";"";"";"";"";"";"";"";"Informationstek.|Master of Science in Computer Science and Engineering|Master of Science in Engineering|kandidat";"Informationstek.|Master of Science in Computer Science and Engineering|Master of Science in Engineering|kandidat";"Informationstek.|Master of Science in Computer Science and Engineering|Master of Science in Engineering|kandidat";"und";"56d754b0bf194551020003c3";"";"56d754b0bf194551020003c3";"DTU Department of Applied Mathematics and Computer Science";"sorbit";"sorbit";"Modelling and Analyses for Synthetic Biology|Modellering og Analyser for Syntetisk Biologi"
"";"dtu|dtupub|third_party";"";"2022-01-03T13:16:19.735Z";"Krogh, Daniel Agervig";"";"2305633375";"";"dtu";"2016";"";"";"";"";"thesis";"dtu|dtu_electronic|dtupub|dtupub_electronic";"";"";"";"";"";"";"";"";"";"";"";"";"";"Master of Science in Engineering|Master of Science in Engineering Management|Planl. innovation og led.|kandidat";"Master of Science in Engineering|Master of Science in Engineering Management|Planl. innovation og led.|kandidat";"Master of Science in Engineering|Master of Science in Engineering Management|Planl. innovation og led.|kandidat";"und";"575ea662e6f951534a00e377";"";"575ea662e6f951534a00e377";"DTU Department of Technology, Management and Economics";"sorbit";"sorbit";"A Risk Assessment Approach to Commissioning New Construction|Risikovurdering i commissioning af nyt byggeri"
"";"dtu|dtupub|third_party";"";"2022-01-03T13:12:00.076Z";"Olsen, Jógvan Juul";"";"2292736462";"";"dtu";"2015";"";"";"";"";"thesis";"dtu|dtu_electronic|dtupub|dtupub_electronic";"";"";"";"";"";"";"";"";"";"";"";"";"";"Konst. og mekanik|Master of Science in Engineering|Master of Science in Engineering Design and Applied Mechanics|kandidat";"Konst. og mekanik|Master of Science in Engineering|Master of Science in Engineering Design and Applied Mechanics|kandidat";"Konst. og mekanik|Master of Science in Engineering|Master of Science in Engineering Design and Applied Mechanics|kandidat";"und";"56d754b7bf194551020006c9";"";"56d754b7bf194551020006c9";"DTU Department of Civil and Mechanical Engineering";"sorbit";"sorbit";"Single and Multi-Phase Simulations of Nozzle-based Inflow Control Devices|En- og Fler-fase Beregninger af Dyse Baserede ICDs"
"";"dtu|dtupub|third_party";"";"2022-01-03T13:15:41.166Z";"Baldini, Mattia|Richert, Thibaut Pierre";"";"2292735311";"";"dtu";"2015";"";"";"";"";"thesis";"dtu|dtu_electronic|dtupub|dtupub_electronic";"";"";"";"";"";"";"";"";"";"";"";"";"";"Bæredygtig energi|Master of Science in Engineering|Master of Science in Sustainable Energy|kandidat";"Bæredygtig energi|Master of Science in Engineering|Master of Science in Sustainable Energy|kandidat";"Bæredygtig energi|Master of Science in Engineering|Master of Science in Sustainable Energy|kandidat";"und";"56d754b0bf19455102000386";"";"56d754b0bf19455102000386";"DTU Department of Electrical Engineering";"sorbit";"sorbit";"Scandinavian power market modelling|Scandinavisk elmarked modellering"
"";"dtu|dtupub|third_party";"";"2022-01-03T13:05:03.667Z";"Lovring, Maite Monica";"";"2342304560";"";"dtu";"2016";"";"";"";"";"thesis";"dtu|dtu_electronic|dtupub|dtupub_electronic";"";"";"";"";"";"";"";"";"";"";"";"";"";"Master of Science in Engineering|Master of Science in Environmental Engineering|Miljøteknologi|kandidat";"Master of Science in Engineering|Master of Science in Environmental Engineering|Miljøteknologi|kandidat";"Master of Science in Engineering|Master of Science in Environmental Engineering|Miljøteknologi|kandidat";"und";"57c2c43d8784c77e70000043";"";"57c2c43d8784c77e70000043";"DTU Department of Environmental and Resource Engineering";"sorbit";"sorbit";"Comparison of rainfall forecasts and evaluation of flood predictions|Sammenligning af regn forecasts og evaluering af forudsigelser af oversvømmelser"
"";"dtu|dtupub|third_party";"";"2022-01-03T13:16:28.476Z";"Vaskantiras, Georgios";"";"2306791735";"";"dtu";"2016";"";"";"";"";"thesis";"dtu|dtu_electronic|dtupub|dtupub_electronic";"";"";"";"";"";"";"";"";"";"";"";"";"";"Bæredygtig energi|Master of Science in Engineering|Master of Science in Sustainable Energy|kandidat";"Bæredygtig energi|Master of Science in Engineering|Master of Science in Sustainable Energy|kandidat";"Bæredygtig energi|Master of Science in Engineering|Master of Science in Sustainable Energy|kandidat";"und";"579743d36bbf232e70001061";"";"579743d36bbf232e70001061";"DTU Department of Electrical Engineering";"sorbit";"sorbit";"Value Assessment of Network Reconfiguration for Power Distribution Systems|Værdi Vurdering af Netværk Rekonfiguration til Power Distribution Systems"
"";"dtu|dtupub|third_party";"";"2022-01-06T23:53:36.917Z";"Moreno, Antonio Lopez";"";"2345011631";"";"dtu";"2016";"";"";"";"";"thesis";"dtu|dtu_electronic|dtupub|dtupub_electronic";"";"";"";"";"";"";"";"";"";"";"";"";"";"Bæredygtig energi|Master of Science in Engineering|Master of Science in Sustainable Energy|kandidat";"Bæredygtig energi|Master of Science in Engineering|Master of Science in Sustainable Energy|kandidat";"Bæredygtig energi|Master of Science in Engineering|Master of Science in Sustainable Energy|kandidat";"und";"57de73be1f4bfa107d00002d";"";"57de73be1f4bfa107d00002d";"DTU Department of Wind and Energy Systems";"sorbit";"sorbit";"Accuracy of downscaling wind energ ressource from large-scale to microscale model|Nøjagtigheden af nedskalering af vindenergi ressource fra storskala til mikroskala model"
"";"dtu|dtupub|third_party";"";"2022-01-03T13:16:04.138Z";"Franck, Stephanie Linnea";"";"2292735454";"";"dtu";"2015";"";"";"";"";"thesis";"dtu|dtu_electronic|dtupub|dtupub_electronic";"";"";"";"";"";"";"";"";"";"";"";"";"";"Bioteknologi|Master of Science in Biotechnology|Master of Science in Engineering|kandidat";"Bioteknologi|Master of Science in Biotechnology|Master of Science in Engineering|kandidat";"Bioteknologi|Master of Science in Biotechnology|Master of Science in Engineering|kandidat";"und";"56d754b1bf194551020003da";"";"56d754b1bf194551020003da";"DTU Department of Environmental and Resource Engineering";"sorbit";"sorbit";"Does biofilm lifestyle protects bacterial populations from invasion from exogenous plasmids?|Beskytter EPS mod invasionen af udefrakommende plasmider i biofilm?"
"";"dtu|dtupub|third_party";"";"2022-01-03T13:16:04.154Z";"Pedersen, Rasmus Lyngbye";"";"2292735749";"";"dtu";"2015";"";"";"";"";"thesis";"dtu|dtu_electronic|dtupub|dtupub_electronic";"";"";"";"";"";"";"";"";"";"";"";"";"";"Fotonik|Master of Science in Engineering|Master of Science in Photonics Engineering|kandidat";"Fotonik|Master of Science in Engineering|Master of Science in Photonics Engineering|kandidat";"Fotonik|Master of Science in Engineering|Master of Science in Photonics Engineering|kandidat";"und";"56d754b3bf194551020004eb";"";"56d754b3bf194551020004eb";"DTU Department of Electrical and Photonics Engineering";"sorbit";"sorbit";"1.9 µm laser system for mid-IR upconversion detection|1.9 µm laser system til op-konverterings detektion"
"";"dtu|dtupub|third_party";"";"2022-01-03T13:13:07.088Z";"Gregersen, Nicklas Gregers";"";"2351661160";"";"dtu";"2016";"";"";"";"";"thesis";"dtu|dtu_electronic|dtupub_external";"";"";"";"";"";"";"";"";"";"";"";"";"";"Master of Science in Engineering|Master of Science in Engineering Management|Planl. innovation og led.|kandidat";"Master of Science in Engineering|Master of Science in Engineering Management|Planl. innovation og led.|kandidat";"Master of Science in Engineering|Master of Science in Engineering Management|Planl. innovation og led.|kandidat";"und";"589045795460241149000086";"";"589045795460241149000086";"DTU Department of Technology, Management and Economics";"sorbit";"sorbit";"Warehousing and inventory management of raw materials within the insulation industry|Opbevaring og lagerstyring af rastoffer indenfor isolerings industrien"
"";"dtu|dtupub|third_party";"";"2022-01-03T13:12:54.433Z";"Hansen, Mads Friis";"";"2345097826";"";"dtu";"2016";"";"";"";"";"thesis";"dtu|dtu_electronic|dtupub|dtupub_electronic";"";"";"";"";"";"";"";"";"";"";"";"";"";"Master of Science in Engineering|Master of Science in Mathematical Modelling and Computation|Mat. modellering|kandidat";"Master of Science in Engineering|Master of Science in Mathematical Modelling and Computation|Mat. modellering|kandidat";"Master of Science in Engineering|Master of Science in Mathematical Modelling and Computation|Mat. modellering|kandidat";"und";"57e116c50c4c14d827000051";"";"57e116c50c4c14d827000051";"DTU Department of Applied Mathematics and Computer Science";"sorbit";"sorbit";"Block-Iterative Tomography Reconstructions for High-Performance Computing|Block-iterative tomografi rekonstruktioner for high-performance computing"
"";"dtu|dtupub|third_party";"";"2022-01-03T13:15:38.457Z";"Rontogiannis, Sokratis";"";"2292736971";"";"dtu";"2015";"";"";"";"";"thesis";"dtu|dtu_electronic|dtupub|dtupub_electronic";"";"";"";"";"";"";"";"";"";"";"";"";"";"Fødevareteknologi|Master of Science in Engineering|Master of Science in Food Technology|kandidat";"Fødevareteknologi|Master of Science in Engineering|Master of Science in Food Technology|kandidat";"Fødevareteknologi|Master of Science in Engineering|Master of Science in Food Technology|kandidat";"und";"56d754b9bf19455102000838";"";"56d754b9bf19455102000838";"DTU DTU National Food Institute";"sorbit";"sorbit";"Food structural effetcs on bacterial heat tolerance|Fødevarestrukturelle effekter pa bakteriers varmetolerance"
"";"dtu|dtupub|third_party";"";"2022-01-03T13:12:24.834Z";"Bakardjiev, Martin Kostadinov";"";"2305633435";"";"dtu";"2016";"";"";"";"";"thesis";"dtu|dtu_electronic|dtupub|dtupub_electronic";"";"";"";"";"";"";"";"";"";"";"";"";"";"Bæredygtig energi|Master of Science in Engineering|Master of Science in Sustainable Energy|kandidat";"Bæredygtig energi|Master of Science in Engineering|Master of Science in Sustainable Energy|kandidat";"Bæredygtig energi|Master of Science in Engineering|Master of Science in Sustainable Energy|kandidat";"und";"575ea6f7e6f951534a00ea5d";"";"575ea6f7e6f951534a00ea5d";"DTU Department of Electrical Engineering";"sorbit";"sorbit";"Small signal stability of power systems with wind energy penetration|Smasignalstabilitet i elforsyningssystemer med vindenergi"
"";"dtu|dtupub|third_party";"";"2022-01-03T13:16:17.380Z";"Mathiasen, Estella Glintborg";"";"2292735815";"";"dtu";"2015";"";"";"";"";"thesis";"dtu|dtu_electronic|dtupub|dtupub_electronic";"";"";"";"";"";"";"";"";"";"";"";"";"";"Bioteknologi|Master of Science in Biotechnology|Master of Science in Engineering|kandidat";"Bioteknologi|Master of Science in Biotechnology|Master of Science in Engineering|kandidat";"Bioteknologi|Master of Science in Biotechnology|Master of Science in Engineering|kandidat";"und";"56d754b3bf1945510200051d";"";"56d754b3bf1945510200051d";"DTU Department of Biotechnology and Biomedicine";"sorbit";"sorbit";"Genetic and phenotypic studies of multidrug resistant Candida albicans isolates; Linking an ERG2 mutation to an altered sterol composition in the cells and consequently polyene resistance|Genetiske og fænotypiske studier i multiresitente Candida albicans isolater; Linket mellem ERG2, polyen resistens og ergosterol biosyntesen"
"";"dtu|dtupub|third_party";"";"2022-01-03T13:16:24.794Z";"Fyhr, Simon Husum|Bjørn, Jakob Aarøe";"";"2292733994";"";"dtu";"2016";"";"";"";"";"thesis";"dtu|dtu_electronic|dtupub_external";"";"";"";"";"";"";"";"";"";"";"";"";"";"Master of Science in Engineering|Master of Science in Engineering Management|Planl. innovation og led.|kandidat";"Master of Science in Engineering|Master of Science in Engineering Management|Planl. innovation og led.|kandidat";"Master of Science in Engineering|Master of Science in Engineering Management|Planl. innovation og led.|kandidat";"und";"56d754a8bf19455102000011";"";"56d754a8bf19455102000011";"DTU Department of Technology, Management and Economics";"sorbit";"sorbit";"Optimization of Project Portfolio Management in Nykredit|Optimering af Projektporteføljeledelse i Nykredit"
"";"dtu|dtupub|third_party";"";"2022-01-03T13:15:51.313Z";"Merino, Maria Egea";"";"2292736174";"";"dtu";"2015";"";"";"";"";"thesis";"dtu|dtu_electronic|dtupub|dtupub_electronic";"";"";"";"";"";"";"";"";"";"";"";"";"";"gæst udl.";"gæst udl.";"gæst udl.";"und";"56d754b5bf19455102000629";"";"56d754b5bf19455102000629";"DTU Department of Transport";"sorbit";"sorbit";"Route analysis for capturing the side-effects of stricter SOx emission legislation on Ro-Ro shipping in Northern Europe|Analyse af skibsruter til studie af afledede effekter af de strengere regler for udledning af SOx indenfor Ro-Ro skibsfart i Nordeuropa"
"";"dtu|dtupub|third_party";"";"2022-01-03T13:15:49.226Z";"Jensen, Emil Lykke";"";"2292736248";"";"dtu";"2015";"";"";"";"";"thesis";"dtu|dtu_electronic|dtupub_external";"";"";"";"";"";"";"";"";"";"";"";"";"";"Design og inn.|Master of Science in Design and Innovation|Master of Science in Engineering|kandidat";"Design og inn.|Master of Science in Design and Innovation|Master of Science in Engineering|kandidat";"Design og inn.|Master of Science in Design and Innovation|Master of Science in Engineering|kandidat";"und";"56d754b6bf19455102000654";"";"56d754b6bf19455102000654";"DTU Department of Technology, Management and Economics";"sorbit";"sorbit";"Information flow between NPD projects|Informationsstrøm mellem NPD projekter"
"";"dtu|dtupub|third_party";"";"2022-01-03T13:13:06.034Z";"Abdulla, Juan Sardar Mohamad|Pavlidi, Eleni";"";"2342367040";"";"dtu";"2016";"";"";"";"";"thesis";"dtu|dtu_electronic|dtupub|dtupub_electronic";"";"";"";"";"";"";"";"";"";"";"";"";"";"Bæredygtig energi|Master of Science in Engineering|Master of Science in Sustainable Energy|kandidat";"Bæredygtig energi|Master of Science in Engineering|Master of Science in Sustainable Energy|kandidat";"Bæredygtig energi|Master of Science in Engineering|Master of Science in Sustainable Energy|kandidat";"und";"57c567478784c77e700000a1";"";"57c567478784c77e700000a1";"DTU Department of Civil Engineering";"sorbit";"sorbit";"Optimization of the energy performance of residential blocks in Sisimiut with focus on renovating the building envelope and installation systems|Energiforbedring af boligblokke i Sisimiut med fokus pa renovering af klimaskærm og installationer."
"";"dtu|dtupub|third_party";"";"2022-01-11T08:43:40.184Z";"Cominelli, Cristina";"";"2328005823";"";"dtu";"2016";"";"";"";"";"thesis";"dtu|dtu_electronic|dtupub|dtupub_electronic";"";"";"";"";"";"";"";"";"";"";"";"";"";"Master of Science in Engineering|Master of Science in Environmental Engineering|Miljøteknologi|kandidat";"Master of Science in Engineering|Master of Science in Environmental Engineering|Miljøteknologi|kandidat";"Master of Science in Engineering|Master of Science in Environmental Engineering|Miljøteknologi|kandidat";"und";"57b2f26c272bfcc230000158";"";"57b2f26c272bfcc230000158";"DTU Department of Environmental and Resource Engineering";"sorbit";"sorbit";"Development of a water quality monitoring network for the Ayeyarwady and Chindwin rivers|Udvikling af et moniteringsnetværk for vandkvalitet in Ayeyarwady og Chindwin floderne"
"";"dtu|dtupub|third_party";"";"2022-01-03T13:07:31.873Z";"Hansen, Søren Kjer";"";"2306782767";"";"dtu";"2016";"";"";"";"";"thesis";"dtu|dtu_electronic|dtupub|dtupub_electronic";"";"";"";"";"";"";"";"";"";"";"";"";"";"Fysik og nanotek.|Master of Science in Engineering|Master of Science in Physics and Nanotechnology|kandidat";"Fysik og nanotek.|Master of Science in Engineering|Master of Science in Physics and Nanotechnology|kandidat";"Fysik og nanotek.|Master of Science in Engineering|Master of Science in Physics and Nanotechnology|kandidat";"und";"5795f1e36bbf232e70000d9c";"";"5795f1e36bbf232e70000d9c";"DTU Department of Physics";"sorbit";"sorbit";"Parametric Decay and Anomalous Scattering from Tokamak Plasmas|Parametrisk henfald og anomal spredning fra tokamak plasmaer"
"";"dtu|dtupub|third_party";"";"2022-01-06T23:53:47.405Z";"Bagger, Alexander";"";"2305633353";"";"dtu";"2016";"";"";"";"";"thesis";"dtu|dtu_electronic|dtupub_external";"";"";"";"";"";"";"";"";"";"";"";"";"";"Fysik og nanotek.|Master of Science in Engineering|Master of Science in Physics and Nanotechnology|kandidat";"Fysik og nanotek.|Master of Science in Engineering|Master of Science in Physics and Nanotechnology|kandidat";"Fysik og nanotek.|Master of Science in Engineering|Master of Science in Physics and Nanotechnology|kandidat";"und";"575ea608e6f951534a00df82";"";"575ea608e6f951534a00df82";"DTU Department of Physics";"sorbit";"sorbit";"Resonant Inelastic X-ray Scattering of Vanadium Oxides|Resonant Inelastisk X-ray Scattering pa Vanadiumoxider"
"";"dtu|dtupub|third_party";"";"2022-01-03T13:16:09.081Z";"Hansen, Pil Hagenbøl";"";"2292734616";"";"dtu";"2016";"";"";"";"";"thesis";"dtu|dtu_electronic|dtupub_external";"";"";"";"";"";"";"";"";"";"";"";"";"";"Akvatisk teknologi|Master in Science in Aquatic Science and Technology|Master of Science in Engineering|kandidat";"Akvatisk teknologi|Master in Science in Aquatic Science and Technology|Master of Science in Engineering|kandidat";"Akvatisk teknologi|Master in Science in Aquatic Science and Technology|Master of Science in Engineering|kandidat";"und";"56d754acbf194551020001a0";"";"56d754acbf194551020001a0";"DTU National Institute of Aquatic Resources";"sorbit";"sorbit";"Lethal and Sub Lethal Effects of Oil Spill Response Technologies on Calanus glacialis in Ice Covered Areas|Letale og subletale effekter af responsteknologier til olieudslip pa Calanus glacialis i isdækkede Arktis"
"";"dtu|dtupub|third_party";"";"2022-01-03T13:12:18.805Z";"Thomson, Majbritt";"";"2292736576";"";"dtu";"2015";"";"";"";"";"thesis";"dtu|dtu_electronic|dtupub|dtupub_electronic";"";"";"";"";"";"";"";"";"";"";"";"";"";"åben udd.";"åben udd.";"åben udd.";"und";"56d754b7bf1945510200071c";"";"56d754b7bf1945510200071c";"DTU Department of Technology, Management and Economics";"sorbit";"sorbit";"Social responsibility in SME - Are small and medium sized enterprises capable of contributing to social responsibility?|Samfundsansvar i SMV - Kan sma og mellemstore virksomheder bidrage til samfundsansvar?"
"";"dtu|dtupub|third_party";"";"2022-01-03T13:11:47.007Z";"Panton, Rasmus Nickolaj";"";"2292736276";"";"dtu";"2015";"";"";"";"";"thesis";"dtu|dtu_electronic|dtupub|dtupub_electronic";"";"";"";"";"";"";"";"";"";"";"";"";"";"Byggetek.|Master of Science in Civil Engineering|Master of Science in Engineering|kandidat";"Byggetek.|Master of Science in Civil Engineering|Master of Science in Engineering|kandidat";"Byggetek.|Master of Science in Civil Engineering|Master of Science in Engineering|kandidat";"und";"56d754b6bf19455102000663";"";"56d754b6bf19455102000663";"DTU Department of Civil and Mechanical Engineering";"sorbit";"sorbit";"Numerical and experimental analysis of power pylon composite structures|Numerisk og eksperimentel analyse af højspændingsmaster i fiberkomposit"
"";"dtu|dtupub|third_party";"";"2022-01-06T23:53:58.601Z";"Niss, Kristoffer";"";"2305633374";"";"dtu";"2016";"";"";"";"";"thesis";"dtu|dtu_electronic|dtupub|dtupub_electronic";"";"";"";"";"";"";"";"";"";"";"";"";"";"Master of Science in Engineering|Master of science in Bioinformatics and Systems Biology|Systembiologi|kandidat";"Master of Science in Engineering|Master of science in Bioinformatics and Systems Biology|Systembiologi|kandidat";"Master of Science in Engineering|Master of science in Bioinformatics and Systems Biology|Systembiologi|kandidat";"und";"575ea65fe6f951534a00e354";"";"575ea65fe6f951534a00e354";"DTU Department of Biotechnology and Biomedicine";"sorbit";"sorbit";"NGS analysis of the TCR repertoire in allergic individuals|NGS analyse af TCR repertoire i allergiske individer"
"";"dtu|dtupub|third_party";"";"2022-01-03T13:12:14.282Z";"Madsen, Sara Sommer";"";"2292734641";"";"dtu";"2016";"";"";"";"";"thesis";"dtu|dtu_electronic|dtupub_external";"";"";"";"";"";"";"";"";"";"";"";"";"";"Fødevareteknologi|Master of Science in Engineering|Master of Science in Food Technology|kandidat";"Fødevareteknologi|Master of Science in Engineering|Master of Science in Food Technology|kandidat";"Fødevareteknologi|Master of Science in Engineering|Master of Science in Food Technology|kandidat";"und";"56d754acbf194551020001b7";"";"56d754acbf194551020001b7";"DTU DTU National Food Institute";"sorbit";"sorbit";"Factors influencing the bake stability of pectin-based baking jam|Faktorer der pavirker bagestabiliteten af pektinbaseret bagemarmelade."
"";"dtu|dtupub|third_party";"";"2022-01-03T13:08:11.422Z";"Lindborg, Alma Cornelia";"";"2307137921";"";"dtu";"2016";"";"";"";"";"thesis";"dtu|dtu_electronic|dtupub|dtupub_electronic";"";"";"";"";"";"";"";"";"";"";"";"";"";"Master of Science in Engineering|Master of Science in Mathematical Modelling and Computation|Mat. modellering|kandidat";"Master of Science in Engineering|Master of Science in Mathematical Modelling and Computation|Mat. modellering|kandidat";"Master of Science in Engineering|Master of Science in Mathematical Modelling and Computation|Mat. modellering|kandidat";"und";"57a8664912855c654e000488";"";"57a8664912855c654e000488";"DTU Department of Applied Mathematics and Computer Science";"sorbit";"sorbit";"Models of audiovisual integration in speech perception|Modeller af audiovisuel integration i taleforstaelse"
"";"dtu|dtupub|third_party";"";"2022-01-06T23:53:22.044Z";"Lauridsen, Line Præst";"";"2306781510";"";"dtu";"2016";"";"";"";"";"thesis";"dtu|dtu_electronic|dtupub|dtupub_electronic";"";"";"";"";"";"";"";"";"";"";"";"";"";"Bioteknologi|Master of Science in Biotechnology|Master of Science in Engineering|kandidat";"Bioteknologi|Master of Science in Biotechnology|Master of Science in Engineering|kandidat";"Bioteknologi|Master of Science in Biotechnology|Master of Science in Engineering|kandidat";"und";"5795f1976bbf232e70000b14";"";"5795f1976bbf232e70000b14";"DTU Department of Biotechnology and Biomedicine";"sorbit";"sorbit";"Discovery of antitoxins for snake toxins|Opdagelse af antitoksiner til slangetoksiner"
"";"dtu|dtupub|third_party";"";"2022-01-06T23:53:33.789Z";"Angulo, Ana Carmona";"";"2319751952";"";"dtu";"2016";"";"";"";"";"thesis";"dtu|dtu_electronic|dtupub_external";"";"";"";"";"";"";"";"";"";"";"";"";"";"Informationstek.|Master of Science in Computer Science and Engineering|Master of Science in Engineering|kandidat";"Informationstek.|Master of Science in Computer Science and Engineering|Master of Science in Engineering|kandidat";"Informationstek.|Master of Science in Computer Science and Engineering|Master of Science in Engineering|kandidat";"und";"57ac5abd9baf2b177e000000";"";"57ac5abd9baf2b177e000000";"DTU Department of Applied Mathematics and Computer Science";"sorbit";"sorbit";"Management and Development of a Task Ordering System to Automate the Delivery and Handling of Solutions|Ledelse og udvikling af et Opgavebestillingssystem til automatisering af Levering og handtering af Løsninger"
"";"dtu|dtupub|third_party";"";"2022-01-03T13:12:55.592Z";"Afandi, Said Osama Kamal Nassar";"";"2346232411";"";"dtu";"2016";"";"";"";"";"thesis";"dtu|dtu_electronic|dtupub_external";"";"";"";"";"";"";"";"";"";"";"";"";"";"Master of Science in Engineering|Master of Science in Engineering Management|Planl. innovation og led.|kandidat";"Master of Science in Engineering|Master of Science in Engineering Management|Planl. innovation og led.|kandidat";"Master of Science in Engineering|Master of Science in Engineering Management|Planl. innovation og led.|kandidat";"und";"57ef973fad6a549d07000063";"";"57ef973fad6a549d07000063";"DTU Department of Technology, Management and Economics";"sorbit";"sorbit";"Complexity management in project organisations. A case study at Bila A/S|Kompleksitets ledelse i projektorganisationer: Et casestudie af Bila A / S"
"";"dtu|dtupub|third_party";"";"2022-01-06T23:54:00.004Z";"Volf, Verena";"";"2307020168";"";"dtu";"2016";"";"";"";"";"thesis";"dtu|dtu_electronic|dtupub|dtupub_electronic";"";"";"";"";"";"";"";"";"";"";"";"";"";"Bioteknologi|Master of Science in Biotechnology|Master of Science in Engineering|kandidat";"Bioteknologi|Master of Science in Biotechnology|Master of Science in Engineering|kandidat";"Bioteknologi|Master of Science in Biotechnology|Master of Science in Engineering|kandidat";"und";"57a1cee712855c654e00019c";"";"57a1cee712855c654e00019c";"DTU Department of Biotechnology and Biomedicine";"sorbit";"sorbit";"Rational Design of GH53 Endo-ß-1,4-Galactanases|Rationelt Design af GH53 Endo-ß-1,4-Galactanases"
"";"dtu|dtupub|third_party";"";"2022-01-03T13:07:20.035Z";"Raczak, Stephan Nils";"";"2347782978";"";"dtu";"2016";"";"";"";"";"thesis";"dtu|dtu_electronic|dtupub_external";"";"";"";"";"";"";"";"";"";"";"";"";"";"Master of Science in Engineering|Master of Science in Medicine and Technology|Medicin og tek.|kandidat";"Master of Science in Engineering|Master of Science in Medicine and Technology|Medicin og tek.|kandidat";"Master of Science in Engineering|Master of Science in Medicine and Technology|Medicin og tek.|kandidat";"und";"58108cc75262fa0f0e000085";"";"58108cc75262fa0f0e000085";"DTU Department of Electrical Engineering";"sorbit";"sorbit";"Machine Learning to Model Acute Stress Using Electroencephalogram (EEG) Signals|Machine Learning til Model Akut Stress Brug elektroencefalografi (EEG) Signaler"
"";"dtu|dtupub|third_party";"";"2022-01-03T13:16:19.822Z";"Mejsner, Michael Buch";"";"2305633458";"";"dtu";"2016";"";"";"";"";"thesis";"dtu|dtu_electronic|dtupub|dtupub_electronic";"";"";"";"";"";"";"";"";"";"";"";"";"";"Akustisk tek.|Master of Science in Engineering|Master of Science in Engineering Acoustics|kandidat";"Akustisk tek.|Master of Science in Engineering|Master of Science in Engineering Acoustics|kandidat";"Akustisk tek.|Master of Science in Engineering|Master of Science in Engineering Acoustics|kandidat";"und";"575ea750e6f951534a00eeb4";"";"575ea750e6f951534a00eeb4";"DTU Department of Electrical Engineering";"sorbit";"sorbit";"Objective evaluation of cochlear implant stimulation strategies|Objektiv evaluering af stimuleringsstrategier i cochlear implantater"
"";"dtu|dtupub|third_party";"";"2022-01-03T13:07:31.949Z";"Tonon, Davide";"";"2306791698";"";"dtu";"2016";"";"";"";"";"thesis";"dtu|dtu_electronic|dtupub|dtupub_electronic";"";"";"";"";"";"";"";"";"";"";"";"";"";"Master of Science in Engineering|Master of Science in Environmental Engineering|Miljøteknologi|kandidat";"Master of Science in Engineering|Master of Science in Environmental Engineering|Miljøteknologi|kandidat";"Master of Science in Engineering|Master of Science in Environmental Engineering|Miljøteknologi|kandidat";"und";"579743aa6bbf232e70000f41";"";"579743aa6bbf232e70000f41";"DTU Department of Environmental and Resource Engineering";"sorbit";"sorbit";"Life Cycle Assessment and optimization of the cabin waste management in Thomas Cook Airlines|Livscyklus vurdering og optimering af handtering af kabineaffald i Thomas Cook Airlines"
"";"dtu|dtupub|third_party";"";"2022-01-03T13:06:10.552Z";"Fianchisti, Luca";"";"2292737437";"";"dtu";"2015";"";"";"";"";"thesis";"dtu|dtu_electronic|dtupub|dtupub_electronic";"";"";"";"";"";"";"";"";"";"";"";"";"";"Byggetek.|Master of Science in Civil Engineering|Master of Science in Engineering|kandidat";"Byggetek.|Master of Science in Civil Engineering|Master of Science in Engineering|kandidat";"Byggetek.|Master of Science in Civil Engineering|Master of Science in Engineering|kandidat";"und";"56d754babf194551020009ca";"";"56d754babf194551020009ca";"DTU Department of Civil and Mechanical Engineering";"sorbit";"sorbit";"The stability of large-scale bed forms in the sea|Stabiliteten af store bundformer i havet"
"";"dtu|dtupub|third_party";"";"2022-01-03T13:11:50.279Z";"Molich, Ulf";"";"2292736224";"";"dtu";"2015";"";"";"";"";"thesis";"dtu|dtu_electronic|dtupub|dtupub_electronic";"";"";"";"";"";"";"";"";"";"";"";"";"";"Anvendt kemi|Master of Science in Advanced and Applied Chemistry|Master of Science in Engineering|kandidat";"Anvendt kemi|Master of Science in Advanced and Applied Chemistry|Master of Science in Engineering|kandidat";"Anvendt kemi|Master of Science in Advanced and Applied Chemistry|Master of Science in Engineering|kandidat";"und";"56d754b5bf19455102000649";"";"56d754b5bf19455102000649";"DTU Department of Chemistry";"sorbit";"sorbit";"X-ray Crystallography and Molecular Modelling – a Comparative Study Using OPRTase as Model System|Røntgenkrystallografi og molekylmodellering - et sammenlignende modelstudium af OPRTase."
"";"dtu|dtupub|third_party";"";"2022-01-03T13:15:48.347Z";"Garcia, Fabian Barrientos";"";"2292735290";"";"dtu";"2015";"";"";"";"";"thesis";"dtu|dtu_electronic|dtupub_external";"";"";"";"";"";"";"";"";"";"";"";"";"";"Anvendt kemi|Master of Science in Advanced and Applied Chemistry|Master of Science in Engineering|kandidat";"Anvendt kemi|Master of Science in Advanced and Applied Chemistry|Master of Science in Engineering|kandidat";"Anvendt kemi|Master of Science in Advanced and Applied Chemistry|Master of Science in Engineering|kandidat";"und";"56d754b0bf1945510200037c";"";"56d754b0bf1945510200037c";"DTU Department of Chemistry";"sorbit";"sorbit";"Pre-formulation and stability characterization of therapeutic peptides|Preformulering og stabilitetsstudier af terapeutiske peptider"
"";"dtu|dtupub|third_party";"";"2022-01-03T13:15:50.556Z";"Henriksen, Ole";"";"2292735536";"";"dtu";"2015";"";"";"";"";"thesis";"dtu|dtu_electronic|dtupub|dtupub_electronic";"";"";"";"";"";"";"";"";"";"";"";"";"";"Akvatisk teknologi|Master in Science in Aquatic Science and Technology|Master of Science in Engineering|kandidat";"Akvatisk teknologi|Master in Science in Aquatic Science and Technology|Master of Science in Engineering|kandidat";"Akvatisk teknologi|Master in Science in Aquatic Science and Technology|Master of Science in Engineering|kandidat";"und";"56d754b1bf19455102000426";"";"56d754b1bf19455102000426";"DTU National Institute of Aquatic Resources";"sorbit";"sorbit";"Population structure and insights into the phenotypic characteristics of inshore mixed stocks of Atlantic cod (Gadus morhua) in West Greenland|Populationsstrukturen og et indblik i fænotypiske karakteristika af kystnære bestande af Atlatisk torsk (Gadus morhua) i Vestgrønland"
"";"dtu|dtupub|third_party";"";"2022-01-03T13:15:51.125Z";"Bach-Pedersen, Mie";"";"2292735512";"";"dtu";"2015";"";"";"";"";"thesis";"dtu|dtu_electronic|dtupub|dtupub_electronic";"";"";"";"";"";"";"";"";"";"";"";"";"";"Master of Science in Engineering|Master of Science in Mathematical Modelling and Computation|Mat. modellering|kandidat";"Master of Science in Engineering|Master of Science in Mathematical Modelling and Computation|Mat. modellering|kandidat";"Master of Science in Engineering|Master of Science in Mathematical Modelling and Computation|Mat. modellering|kandidat";"und";"56d754b1bf19455102000413";"";"56d754b1bf19455102000413";"DTU Department of Applied Mathematics and Computer Science";"sorbit";"sorbit";"Computational Optimization in Finance|Numeriske metoder til finansiel optimering"
"";"dtu|dtupub|third_party";"";"2022-01-03T13:10:55.753Z";"Bizopoulos, Dimitrios";"";"2292737182";"";"dtu";"2015";"";"";"";"";"thesis";"dtu|dtu_electronic|dtupub|dtupub_electronic";"";"";"";"";"";"";"";"";"";"";"";"";"";"Master of Science in Engineering|Master of Science in Wind Energy|Vindenergi|kandidat";"Master of Science in Engineering|Master of Science in Wind Energy|Vindenergi|kandidat";"Master of Science in Engineering|Master of Science in Wind Energy|Vindenergi|kandidat";"und";"56d754b9bf194551020008f5";"";"56d754b9bf194551020008f5";"DTU Department of Wind and Energy Systems";"sorbit";"sorbit";"Aerodynamic modelling of a VAWT|Aerodynamisk modellering af en VAWT"
"";"dtu|dtupub|third_party";"";"2022-01-03T13:11:21.682Z";"Riddet, Mhairi Felicity";"";"2292736899";"";"dtu";"2015";"";"";"";"";"thesis";"dtu|dtu_electronic|dtupub|dtupub_electronic";"";"";"";"";"";"";"";"";"";"";"";"";"";"Akustisk tek.|Master of Science in Engineering|Master of Science in Engineering Acoustics|kandidat";"Akustisk tek.|Master of Science in Engineering|Master of Science in Engineering Acoustics|kandidat";"Akustisk tek.|Master of Science in Engineering|Master of Science in Engineering Acoustics|kandidat";"und";"56d754b8bf194551020007f5";"";"56d754b8bf194551020007f5";"DTU Department of Electrical Engineering";"sorbit";"sorbit";"Effect of cognitive load on auditory perception|Pavirkning af kognitive processer pa auditiv perception"
"";"dtu|dtupub|third_party";"";"2022-01-03T13:15:53.868Z";"Goßmann, Veit Lukas";"";"2292735281";"";"dtu";"2015";"";"";"";"";"thesis";"dtu|dtu_electronic|dtupub|dtupub_electronic";"";"";"";"";"";"";"";"";"";"";"";"";"";"Akustisk tek.|Master of Science in Engineering|Master of Science in Engineering Acoustics|kandidat";"Akustisk tek.|Master of Science in Engineering|Master of Science in Engineering Acoustics|kandidat";"Akustisk tek.|Master of Science in Engineering|Master of Science in Engineering Acoustics|kandidat";"und";"56d754b0bf19455102000376";"";"56d754b0bf19455102000376";"DTU Department of Electrical Engineering";"sorbit";"sorbit";"Teaching a cochlear implant how to speak Danish|Undervise et cochlea implantat, hvordan man taler dansk"
"";"dtu|dtupub|third_party";"";"2022-01-06T23:53:41.746Z";"Diraoui, Sara";"";"2306791722";"";"dtu";"2016";"";"";"";"";"thesis";"dtu|dtu_electronic|dtupub|dtupub_electronic";"";"";"";"";"";"";"";"";"";"";"";"";"";"Byggetek.|Master of Science in Civil Engineering|Master of Science in Engineering|kandidat";"Byggetek.|Master of Science in Civil Engineering|Master of Science in Engineering|kandidat";"Byggetek.|Master of Science in Civil Engineering|Master of Science in Engineering|kandidat";"und";"579743ca6bbf232e70001014";"";"579743ca6bbf232e70001014";"DTU Department of Civil Engineering";"sorbit";"sorbit";"Designing buildings for disassembly - Structural Design|Design af bygninger med henblik pa adskillelse - Statisk dokumentation"
"";"dtu|dtupub|third_party";"";"2022-01-03T13:13:05.948Z";"Rasmussen, Frederikke|Thomsen, Claus Stampe";"";"2342523869";"";"dtu";"2016";"";"";"";"";"thesis";"dtu|dtu_electronic|dtupub_external";"";"";"";"";"";"";"";"";"";"";"";"";"";"Elektrotek.|Master of Science in Electrical Engineering|Master of Science in Engineering|kandidat";"Elektrotek.|Master of Science in Electrical Engineering|Master of Science in Engineering|kandidat";"Elektrotek.|Master of Science in Electrical Engineering|Master of Science in Engineering|kandidat";"und";"57c80a44abd78127210000d6";"";"57c80a44abd78127210000d6";"DTU Department of Space Research and Space Technology";"sorbit";"sorbit";"X-band radar for detection of small maritime objects|X-bandsradar til detektion af sma maritime objekter"
"";"dtu|dtupub|third_party";"";"2022-01-03T13:12:28.446Z";"Sørensen, Cæcilie";"";"2305633395";"";"dtu";"2016";"";"";"";"";"thesis";"dtu|dtu_electronic|dtupub_external";"";"";"";"";"";"";"";"";"";"";"";"";"";"Master of Science in Engineering|Master of Science in Medicine and Technology|Medicin og tek.|kandidat";"Master of Science in Engineering|Master of Science in Medicine and Technology|Medicin og tek.|kandidat";"Master of Science in Engineering|Master of Science in Medicine and Technology|Medicin og tek.|kandidat";"und";"575ea69be6f951534a00e5ed";"";"575ea69be6f951534a00e5ed";"DTU Department of Electrical Engineering";"sorbit";"sorbit";"Investigation of capillary flow in channels mimicking skin in contact with skin friendly adhesives|Undersøgelse af kapillær flow i kanaler der efterligner hud i kontakt med en hudvenlig klæber"
"";"dtu|dtupub|third_party";"";"2022-01-06T23:53:38.428Z";"Saez, Ezequiel Fredes";"";"2349368914";"";"dtu";"2016";"";"";"";"";"thesis";"dtu|dtu_electronic|dtupub|dtupub_electronic";"";"";"";"";"";"";"";"";"";"";"";"";"";"Elektrotek.|Master of Science in Electrical Engineering|Master of Science in Engineering|kandidat";"Elektrotek.|Master of Science in Electrical Engineering|Master of Science in Engineering|kandidat";"Elektrotek.|Master of Science in Electrical Engineering|Master of Science in Engineering|kandidat";"und";"584010d07f9c2b212d000005";"";"584010d07f9c2b212d000005";"DTU Department of Electrical Engineering";"sorbit";"sorbit";"Investigation of Smart Grids scenarios by the use of co-simulation tools with a European low voltage test feeder and an optimal power flow solver|Undersøgelse af Smart Grids scenarier ved brug af co-simuleringsværktøjer med en europæisk lav spænding test feeder og en optimal power flow solver."
"";"dtu|dtupub|third_party";"";"2022-01-03T13:07:19.733Z";"Guerra, Alberto Prieto";"";"2307019680";"";"dtu";"2016";"";"";"";"";"thesis";"dtu|dtu_electronic|dtupub_external";"";"";"";"";"";"";"";"";"";"";"";"";"";"Konst. og mekanik|Master of Science in Engineering|Master of Science in Engineering Design and Applied Mechanics|kandidat";"Konst. og mekanik|Master of Science in Engineering|Master of Science in Engineering Design and Applied Mechanics|kandidat";"Konst. og mekanik|Master of Science in Engineering|Master of Science in Engineering Design and Applied Mechanics|kandidat";"und";"57a1cec512855c654e000054";"";"57a1cec512855c654e000054";"DTU Department of Civil and Mechanical Engineering";"sorbit";"sorbit";"Dynamic modelling of grate fired combined heat and power plant burning waste|Dynamisk modellering af et kraftvarmeværk med ristefyret affaldsforbrænding"
"";"dtu|dtupub|third_party";"";"2022-01-06T23:53:41.755Z";"Vener, Alexander Kauffmann";"";"2306822716";"";"dtu";"2016";"";"";"";"";"thesis";"dtu|dtu_electronic|dtupub_external";"";"";"";"";"";"";"";"";"";"";"";"";"";"Master of Science in Engineering|Master of Science in Engineering Management|Planl. innovation og led.|kandidat";"Master of Science in Engineering|Master of Science in Engineering Management|Planl. innovation og led.|kandidat";"Master of Science in Engineering|Master of Science in Engineering Management|Planl. innovation og led.|kandidat";"und";"579894406bbf232e7000115a";"";"579894406bbf232e7000115a";"DTU Department of Technology, Management and Economics";"sorbit";"sorbit";"Strategy Optimization in Offshore Drilling using Stochastic Programming and Scenario Planning|Strategi optimering af offshore olie boring ved brug af stokastisk programmering og scenarie analyse"
"";"dtu|dtupub|third_party";"";"2022-01-03T13:08:14.385Z";"Svensson, Simon Jacob";"";"2319826613";"";"dtu";"2016";"";"";"";"";"thesis";"dtu|dtu_electronic|dtupub|dtupub_electronic";"";"";"";"";"";"";"";"";"";"";"";"";"";"Byggetek.|Master of Science in Civil Engineering|Master of Science in Engineering|kandidat";"Byggetek.|Master of Science in Civil Engineering|Master of Science in Engineering|kandidat";"Byggetek.|Master of Science in Civil Engineering|Master of Science in Engineering|kandidat";"und";"57aefdbe9baf2b177e00006d";"";"57aefdbe9baf2b177e00006d";"DTU Department of Civil Engineering";"sorbit";"sorbit";"Methodoloty and testing of waste fishing net as fibre reinforcement in concrete|Metodeudvikling og test af affaldsfiskenet til fiberarmering af beton"
"";"dtu|dtupub|third_party";"";"2022-01-06T23:53:38.288Z";"Kieler, Charlie";"";"2343400256";"";"dtu";"2016";"";"";"";"";"thesis";"dtu|dtu_electronic|dtupub|dtupub_electronic";"";"";"";"";"";"";"";"";"";"";"";"";"";"Fysik og nanotek.|Master of Science in Engineering|Master of Science in Physics and Nanotechnology|kandidat";"Fysik og nanotek.|Master of Science in Engineering|Master of Science in Physics and Nanotechnology|kandidat";"Fysik og nanotek.|Master of Science in Engineering|Master of Science in Physics and Nanotechnology|kandidat";"und";"57d92dbf2993be957300009b";"";"57d92dbf2993be957300009b";"DTU Department of Physics";"sorbit";"sorbit";"Synthesis and characterization of doped molybdenum sulfides for catalysis|Syntese og karakterisering af dopet molybdænsulfid til katalyse"
"";"dtu|dtupub|third_party";"";"2022-01-03T13:13:01.948Z";"Iskau, Martin Riis|Nissen, Jonatan Stær";"";"2306781411";"";"dtu";"2016";"";"";"";"";"thesis";"dtu|dtu_electronic|dtupub|dtupub_electronic";"";"";"";"";"";"";"";"";"";"";"";"";"";"Byggetek.|Master of Science in Civil Engineering|Master of Science in Engineering|kandidat";"Byggetek.|Master of Science in Civil Engineering|Master of Science in Engineering|kandidat";"Byggetek.|Master of Science in Civil Engineering|Master of Science in Engineering|kandidat";"und";"5795f15e6bbf232e70000975";"";"5795f15e6bbf232e70000975";"DTU Department of Civil Engineering";"sorbit";"sorbit";"Design and Full-Scale Test of Integrated Beam in SL-decks|Design og fuldskala forsøg af integreret bjælke i SL-dæk"
"";"dtu|dtupub|third_party";"";"2022-01-03T13:15:57.491Z";"Yang, Jifeng";"";"2292735768";"";"dtu";"2015";"";"";"";"";"thesis";"dtu|dtu_electronic|dtupub_external";"";"";"";"";"";"";"";"";"";"";"";"";"";"Kemisk/biokemisk tek.|Master of Science in Chemical and Biochemical Engineering|Master of Science in Engineering|kandidat";"Kemisk/biokemisk tek.|Master of Science in Chemical and Biochemical Engineering|Master of Science in Engineering|kandidat";"Kemisk/biokemisk tek.|Master of Science in Chemical and Biochemical Engineering|Master of Science in Engineering|kandidat";"und";"56d754b3bf194551020004f9";"";"56d754b3bf194551020004f9";"DTU Department of Chemical and Biochemical Engineering";"sorbit";"sorbit";"Advanced modeling of bioreactors|Avanceret modelering af bioreaktorer"
"";"dtu|dtupub|third_party";"";"2022-01-06T23:53:47.568Z";"Sørensen, Søren Løgstrup";"";"2306667932";"";"dtu";"2016";"";"";"";"";"thesis";"dtu|dtu_electronic|dtupub|dtupub_electronic";"";"";"";"";"";"";"";"";"";"";"";"";"";"Byggetek.|Master of Science in Civil Engineering|Master of Science in Engineering|kandidat";"Byggetek.|Master of Science in Civil Engineering|Master of Science in Engineering|kandidat";"Byggetek.|Master of Science in Civil Engineering|Master of Science in Engineering|kandidat";"und";"578f59c26bbf232e700002a2";"";"578f59c26bbf232e700002a2";"DTU Department of Civil and Mechanical Engineering";"sorbit";"sorbit";"Influence of offshore windfarms on the morphology of large scale bedforms|Indflydelse af havvindmøller pa morfologi af store bundforms"
"";"dtu|dtupub|third_party";"";"2022-01-03T13:16:18.432Z";"Nielsen, Frederick Stappen";"";"2292735033";"";"dtu";"2015";"";"";"";"";"thesis";"dtu|dtu_electronic|dtupub|dtupub_electronic";"";"";"";"";"";"";"";"";"";"";"";"";"";"Anvendt kemi|Master of Science in Advanced and Applied Chemistry|Master of Science in Engineering|kandidat";"Anvendt kemi|Master of Science in Advanced and Applied Chemistry|Master of Science in Engineering|kandidat";"Anvendt kemi|Master of Science in Advanced and Applied Chemistry|Master of Science in Engineering|kandidat";"und";"56d754aebf194551020002cf";"";"56d754aebf194551020002cf";"DTU Department of Chemistry";"sorbit";"sorbit";"In-situ investigations of deactivation of DeNOx catalysts|In-situ undersøgelser af deaktivering af DeNOx katalysatorer"
"";"dtu|dtupub|third_party";"";"2022-01-03T13:16:28.487Z";"Garcia, Julian Martinez Villalba";"";"2306791637";"";"dtu";"2016";"";"";"";"";"thesis";"dtu|dtu_electronic|dtupub|dtupub_electronic";"";"";"";"";"";"";"";"";"";"";"";"";"";"Akustisk tek.|Master of Science in Engineering|Master of Science in Engineering Acoustics|kandidat";"Akustisk tek.|Master of Science in Engineering|Master of Science in Engineering Acoustics|kandidat";"Akustisk tek.|Master of Science in Engineering|Master of Science in Engineering Acoustics|kandidat";"und";"579743986bbf232e70000ec7";"";"579743986bbf232e70000ec7";"DTU Department of Electrical Engineering";"sorbit";"sorbit";"Perceptual Diffusivity in Music Halls|Perceptuel diffusion i koncertsale"
"";"dtu|dtupub|third_party";"";"2022-01-03T13:13:05.632Z";"Hansen, Esben Østergaard";"";"2328004322";"";"dtu";"2016";"";"";"";"";"thesis";"dtu|dtu_electronic|dtupub|dtupub_electronic";"";"";"";"";"";"";"";"";"";"";"";"";"";"Byggetek.|Master of Science in Civil Engineering|Master of Science in Engineering|kandidat";"Byggetek.|Master of Science in Civil Engineering|Master of Science in Engineering|kandidat";"Byggetek.|Master of Science in Civil Engineering|Master of Science in Engineering|kandidat";"und";"57b2f24d272bfcc23000006e";"";"57b2f24d272bfcc23000006e";"DTU Department of Civil Engineering";"sorbit";"sorbit";"Wood ash as a ressource in lightweight concrete blocks and thermal runway as a possible production method for lighweight aggregates|Træaske som ressource i letklinkerblokke og thermal runway som mulig produktionsmetode til letklinker"
"";"dtu|dtupub|third_party";"";"2022-01-03T13:06:46.804Z";"Kierkegaard, Steffen Lester";"";"2306616355";"";"dtu";"2016";"";"";"";"";"thesis";"dtu|dtu_electronic|dtupub_external";"";"";"";"";"";"";"";"";"";"";"";"";"";"Konst. og mekanik|Master of Science in Engineering|Master of Science in Engineering Design and Applied Mechanics|kandidat";"Konst. og mekanik|Master of Science in Engineering|Master of Science in Engineering Design and Applied Mechanics|kandidat";"Konst. og mekanik|Master of Science in Engineering|Master of Science in Engineering Design and Applied Mechanics|kandidat";"und";"578e08426bbf232e7000027d";"";"578e08426bbf232e7000027d";"DTU Department of Civil and Mechanical Engineering";"sorbit";"sorbit";"Robustness Verification and Comparing of quality consumer products|Verificering og sammenligning af kvalitets produkter ved brug af Robust design"
"";"dtu|dtupub|third_party";"";"2022-01-06T23:53:36.821Z";"Kristensen, Loke Bager";"";"2341981695";"";"dtu";"2016";"";"";"";"";"thesis";"dtu|dtu_electronic|dtupub|dtupub_electronic";"";"";"";"";"";"";"";"";"";"";"";"";"";"Master of Science in Engineering|Master of Science in Mathematical Modelling and Computation|Mat. modellering|kandidat";"Master of Science in Engineering|Master of Science in Mathematical Modelling and Computation|Mat. modellering|kandidat";"Master of Science in Engineering|Master of Science in Mathematical Modelling and Computation|Mat. modellering|kandidat";"und";"57bd7e6afebd22f360000053";"";"57bd7e6afebd22f360000053";"DTU Department of Applied Mathematics and Computer Science";"sorbit";"sorbit";"Video processing for traffic data collection and analysis|Dataopsamling og trafikanalyse ved hjælp af video processering"
"";"dtu|dtupub|third_party";"";"2022-01-03T13:11:10.594Z";"Bonde, Lars Holtse";"";"2292737117";"";"dtu";"2015";"";"";"";"";"thesis";"dtu|dtu_electronic|dtupub|dtupub_electronic";"";"";"";"";"";"";"";"";"";"";"";"";"";"Master of Science in Engineering|Master of Science in Mathematical Modelling and Computation|Mat. modellering|kandidat";"Master of Science in Engineering|Master of Science in Mathematical Modelling and Computation|Mat. modellering|kandidat";"Master of Science in Engineering|Master of Science in Mathematical Modelling and Computation|Mat. modellering|kandidat";"und";"56d754b9bf194551020008b6";"";"56d754b9bf194551020008b6";"DTU Department of Applied Mathematics and Computer Science";"sorbit";"sorbit";"Communication Between Brain Areas – Analyzing Neurodynamics on Single-Trial Level|Kommunikation mellem hjerneomrader – Analysering af neurodynamik pa enkelt-forsøgsniveau"
"";"dtu|dtupub|third_party";"";"2022-01-03T13:15:45.461Z";"Solanas, Jose Ignacio Busca";"";"2292737128";"";"dtu";"2015";"";"";"";"";"thesis";"dtu|dtu_electronic|dtupub_external";"";"";"";"";"";"";"";"";"";"";"";"";"";"Elektrotek.|Master of Science in Electrical Engineering|Master of Science in Engineering|kandidat";"Elektrotek.|Master of Science in Electrical Engineering|Master of Science in Engineering|kandidat";"Elektrotek.|Master of Science in Electrical Engineering|Master of Science in Engineering|kandidat";"und";"56d754b9bf194551020008bd";"";"56d754b9bf194551020008bd";"DTU Department of Electrical Engineering";"sorbit";"sorbit";"Optimal Voltage Control of Wind Power Plants|Optimal Spændingsregulering af Vindkraftværker"
"";"dtu|dtupub|third_party";"";"2022-01-03T13:11:36.144Z";"Sharma, Neha";"";"2292736947";"";"dtu";"2015";"";"";"";"";"thesis";"dtu|dtu_electronic|dtupub|dtupub_electronic";"";"";"";"";"";"";"";"";"";"";"";"";"";"Bioteknologi|Master of Science in Biotechnology|Master of Science in Engineering|kandidat";"Bioteknologi|Master of Science in Biotechnology|Master of Science in Engineering|kandidat";"Bioteknologi|Master of Science in Biotechnology|Master of Science in Engineering|kandidat";"und";"56d754b8bf19455102000822";"";"56d754b8bf19455102000822";"DTU Department of Biotechnology and Biomedicine";"sorbit";"sorbit";"Functional studies of bacterial peptide transporters|Funktionelle studier af bakterielle peptidtranspotører"
"";"dtu|dtupub|third_party";"";"2022-01-03T13:15:44.008Z";"Bertelsen, Tobias";"";"2292735043";"";"dtu";"2015";"";"";"";"";"thesis";"dtu|dtu_electronic|dtupub|dtupub_electronic";"";"";"";"";"";"";"";"";"";"";"";"";"";"Informationstek.|Master of Science in Computer Science and Engineering|Master of Science in Engineering|kandidat";"Informationstek.|Master of Science in Computer Science and Engineering|Master of Science in Engineering|kandidat";"Informationstek.|Master of Science in Computer Science and Engineering|Master of Science in Engineering|kandidat";"und";"56d754aebf194551020002d9";"";"56d754aebf194551020002d9";"DTU Department of Applied Mathematics and Computer Science";"sorbit";"sorbit";"Algorithms in Metagenomic Sequencing|Algoritmer Indenfor Metagenomisk Sekvensering"
"";"dtu|dtupub|third_party";"";"2022-01-03T13:15:51.994Z";"Kampmann, Henrik Hazard";"";"2292736168";"";"dtu";"2015";"";"";"";"";"thesis";"dtu|dtu_electronic|dtupub|dtupub_electronic";"";"";"";"";"";"";"";"";"";"";"";"";"";"Byggetek.|Master of Science in Civil Engineering|Master of Science in Engineering|kandidat";"Byggetek.|Master of Science in Civil Engineering|Master of Science in Engineering|kandidat";"Byggetek.|Master of Science in Civil Engineering|Master of Science in Engineering|kandidat";"und";"56d754b5bf19455102000627";"";"56d754b5bf19455102000627";"DTU Department of Technology, Management and Economics";"sorbit";"sorbit";"Partnering in the Construction Process - Challenges and Potentials|Partnering I byggeprocessen - udfordringer og muligheder"
"";"dtu|dtupub|third_party";"";"2022-01-03T13:15:28.739Z";"Aradóttir, Tinna Björk";"";"2292737205";"";"dtu";"2015";"";"";"";"";"thesis";"dtu|dtu_electronic|dtupub_external";"";"";"";"";"";"";"";"";"";"";"";"";"";"Master of Science in Engineering|Master of Science in Mathematical Modelling and Computation|Mat. modellering|kandidat";"Master of Science in Engineering|Master of Science in Mathematical Modelling and Computation|Mat. modellering|kandidat";"Master of Science in Engineering|Master of Science in Mathematical Modelling and Computation|Mat. modellering|kandidat";"und";"56d754b9bf1945510200090d";"";"56d754b9bf1945510200090d";"DTU Department of Applied Mathematics and Computer Science";"sorbit";"sorbit";"Parameter Estimation in Models for Glucose-Insulin Dynamics in People with Type 1 Diabetes|Parameterestimering i modeller for glukose-insulin dynamikken hos mennesker med type 1 diabetes"
"";"dtu|dtupub|third_party";"";"2022-01-03T13:11:05.749Z";"Nielsen, Daniel Vestergaard";"";"2292737504";"";"dtu";"2015";"";"";"";"";"thesis";"dtu|dtu_electronic|dtupub|dtupub_electronic";"";"";"";"";"";"";"";"";"";"";"";"";"";"Konst. og mekanik|Master of Science in Engineering|Master of Science in Engineering Design and Applied Mechanics|kandidat";"Konst. og mekanik|Master of Science in Engineering|Master of Science in Engineering Design and Applied Mechanics|kandidat";"Konst. og mekanik|Master of Science in Engineering|Master of Science in Engineering Design and Applied Mechanics|kandidat";"und";"56d754bbbf19455102000a00";"";"56d754bbbf19455102000a00";"DTU Department of Civil and Mechanical Engineering";"sorbit";"sorbit";"3d topology optimization of compliant mechanisms|3d topologioptimering af eftergivelige mekanismer"
"";"dtu|dtupub|third_party";"";"2022-01-03T13:15:58.929Z";"Velez, Alberto Santos";"";"2292735878";"";"dtu";"2015";"";"";"";"";"thesis";"dtu|dtu_electronic|dtupub|dtupub_electronic";"";"";"";"";"";"";"";"";"";"";"";"";"";"Bæredygtig energi|Master of Science in Engineering|Master of Science in Sustainable Energy|kandidat";"Bæredygtig energi|Master of Science in Engineering|Master of Science in Sustainable Energy|kandidat";"Bæredygtig energi|Master of Science in Engineering|Master of Science in Sustainable Energy|kandidat";"und";"56d754b4bf19455102000559";"";"56d754b4bf19455102000559";"DTU Department of Technology, Management and Economics";"sorbit";"sorbit";"Solar Photovoltaic and District Heating: Paradigm shift|Solar PV og fjernvarme - et paradigmeskift"
"";"dtu|dtupub|third_party";"";"2022-01-03T13:12:07.139Z";"Borch, Jimmie Louis";"";"2292735767";"";"dtu";"2015";"";"";"";"";"thesis";"dtu|dtu_electronic|dtupub_external";"";"";"";"";"";"";"";"";"";"";"";"";"";"Master of Science in Engineering|Master of Science in Mathematical Modelling and Computation|Mat. modellering|kandidat";"Master of Science in Engineering|Master of Science in Mathematical Modelling and Computation|Mat. modellering|kandidat";"Master of Science in Engineering|Master of Science in Mathematical Modelling and Computation|Mat. modellering|kandidat";"und";"56d754b3bf194551020004fb";"";"56d754b3bf194551020004fb";"DTU Department of Applied Mathematics and Computer Science";"sorbit";"sorbit";"Subsea navigation and 3D high resolution mapping|Undervandsnavigation og 3D højopløselig kortlægning"
"";"dtu|dtupub|third_party";"";"2022-01-03T13:13:06.038Z";"Dose, Marc";"";"2350348575";"";"dtu";"2016";"";"";"";"";"thesis";"dtu|dtu_electronic|dtupub_external";"";"";"";"";"";"";"";"";"";"";"";"";"";"Master of Science in Engineering|Master of Science in Engineering Management|Planl. innovation og led.|kandidat";"Master of Science in Engineering|Master of Science in Engineering Management|Planl. innovation og led.|kandidat";"Master of Science in Engineering|Master of Science in Engineering Management|Planl. innovation og led.|kandidat";"und";"5868ef53517181c45e000033";"";"5868ef53517181c45e000033";"DTU Department of Technology, Management and Economics";"sorbit";"sorbit";"Re-engineering the Value Proposition through Technology Innovation|Re-engineering Value Proposition gennem Teknologi Innovation"
"";"dtu|dtupub|third_party";"";"2022-01-03T13:08:06.988Z";"Khawajazada, Ayesha";"";"2341486519";"";"dtu";"2016";"";"";"";"";"thesis";"dtu|dtu_electronic|dtupub|dtupub_electronic";"";"";"";"";"";"";"";"";"";"";"";"";"";"Bioteknologi|Master of Science in Biotechnology|Master of Science in Engineering|kandidat";"Bioteknologi|Master of Science in Biotechnology|Master of Science in Engineering|kandidat";"Bioteknologi|Master of Science in Biotechnology|Master of Science in Engineering|kandidat";"und";"57b59546ade085665b0000d3";"";"57b59546ade085665b0000d3";"DTU National Veterinary Institute";"sorbit";"sorbit";"MicroRNAs in animal models of sepsis and infection|MikroRNA'er i dyremodeller for sepsis og infektion"
"";"dtu|dtupub|third_party";"";"2022-01-03T13:05:48.372Z";"Johnsen, Mathias Dahl";"";"2319852117";"";"dtu";"2016";"";"";"";"";"thesis";"dtu|dtu_electronic|dtupub|dtupub_electronic";"";"";"";"";"";"";"";"";"";"";"";"";"";"Fotonik|Master of Science in Engineering|Master of Science in Photonics Engineering|kandidat";"Fotonik|Master of Science in Engineering|Master of Science in Photonics Engineering|kandidat";"Fotonik|Master of Science in Engineering|Master of Science in Photonics Engineering|kandidat";"und";"57b04f569baf2b177e0001f7";"";"57b04f569baf2b177e0001f7";"DTU Department of Electrical and Photonics Engineering";"sorbit";"sorbit";"Modeling of second harmonic generation with arbitrary beams|Modellering af frekvensfordobling med arbitrære straler"
"";"dtu|dtupub|third_party";"";"2022-01-03T13:16:27.731Z";"Heesemann, Carola Elisa";"";"2342057106";"";"dtu";"2016";"";"";"";"";"thesis";"dtu|dtu_electronic|dtupub|dtupub_electronic";"";"";"";"";"";"";"";"";"";"";"";"";"";"Bioteknologi|Master of Science in Biotechnology|Master of Science in Engineering|kandidat";"Bioteknologi|Master of Science in Biotechnology|Master of Science in Engineering|kandidat";"Bioteknologi|Master of Science in Biotechnology|Master of Science in Engineering|kandidat";"und";"57becfc3febd22f360000169";"";"57becfc3febd22f360000169";"DTU DTU National Food Institute";"sorbit";"sorbit";"Development and application of molecular tools for assessment of bacterial growth in the intestinal environment|Udvikling og anvendelse af molekylære værktøjer til maling af bakterievækst in situ i tarmsystemet."
"";"dtu|dtupub|third_party";"";"2022-01-03T13:12:18.662Z";"Granberg, Mathilde";"";"2292734625";"";"dtu";"2016";"";"";"";"";"thesis";"dtu|dtu_electronic|dtupub|dtupub_electronic";"";"";"";"";"";"";"";"";"";"";"";"";"";"Master of Science in Engineering|Master of Science in Medicine and Technology|Medicin og tek.|kandidat";"Master of Science in Engineering|Master of Science in Medicine and Technology|Medicin og tek.|kandidat";"Master of Science in Engineering|Master of Science in Medicine and Technology|Medicin og tek.|kandidat";"und";"56d754acbf194551020001a5";"";"56d754acbf194551020001a5";"DTU Department of Micro- and Nanotechnology";"sorbit";"sorbit";"Development of Methods for Characterisation of Extracellular Vesicles|Udvikling af metoder til karakterisering af ekstracelluler vesikler"
"";"dtu|dtupub|third_party";"";"2022-01-03T13:12:27.398Z";"Sværke, Jakob";"";"2305633387";"";"dtu";"2016";"";"";"";"";"thesis";"dtu|dtu_electronic|dtupub|dtupub_electronic";"";"";"";"";"";"";"";"";"";"";"";"";"";"Anvendt kemi|Master of Science in Advanced and Applied Chemistry|Master of Science in Engineering|kandidat";"Anvendt kemi|Master of Science in Advanced and Applied Chemistry|Master of Science in Engineering|kandidat";"Anvendt kemi|Master of Science in Advanced and Applied Chemistry|Master of Science in Engineering|kandidat";"und";"575ea68be6f951534a00e546";"";"575ea68be6f951534a00e546";"DTU Department of Energy Conversion and Storage";"sorbit";"sorbit";"Synthesis and characterization of non-precious metal catalysts for fuel cells|Syntese og karakterisering af ikke-platin katalysatorer til brændselsceller"
"";"dtu|dtupub|third_party";"";"2022-01-06T23:53:47.423Z";"Walach, Anna Maria";"";"2305633398";"";"dtu";"2016";"";"";"";"";"thesis";"dtu|dtu_electronic|dtupub|dtupub_electronic";"";"";"";"";"";"";"";"";"";"";"";"";"";"Informationstek.|Master of Science in Computer Science and Engineering|Master of Science in Engineering|kandidat";"Informationstek.|Master of Science in Computer Science and Engineering|Master of Science in Engineering|kandidat";"Informationstek.|Master of Science in Computer Science and Engineering|Master of Science in Engineering|kandidat";"und";"575ea6a3e6f951534a00e647";"";"575ea6a3e6f951534a00e647";"DTU Department of Applied Mathematics and Computer Science";"sorbit";"sorbit";"Development of a game for hand- and eye coordination in children rehabilitation|Udvikling af et spil til genoptræning af børn via hand- og øje koordinering."
"";"dtu|dtupub|third_party";"";"2022-01-03T13:05:11.872Z";"Sandborg-Olsen, Filip";"";"2306064001";"";"dtu";"2016";"";"";"";"";"thesis";"dtu|dtu_electronic|dtupub|dtupub_electronic";"";"";"";"";"";"";"";"";"";"";"";"";"";"Fysik og nanotek.|Master of Science in Engineering|Master of Science in Physics and Nanotechnology|kandidat";"Fysik og nanotek.|Master of Science in Engineering|Master of Science in Physics and Nanotechnology|kandidat";"Fysik og nanotek.|Master of Science in Engineering|Master of Science in Physics and Nanotechnology|kandidat";"und";"576e644237562d157a000019";"";"576e644237562d157a000019";"DTU Department of Micro- and Nanotechnology";"sorbit";"sorbit";"Process Development for Micromachined Ultrasonic Transducers|Procesudvikling til Micromachined Ultrasonic Transducers"
"";"dtu|dtupub|third_party";"";"2022-01-03T13:12:26.984Z";"Sørensen, Nicklas Patrick";"";"2292734198";"";"dtu";"2016";"";"";"";"";"thesis";"dtu|dtu_electronic|dtupub|dtupub_electronic";"";"";"";"";"";"";"";"";"";"";"";"";"";"Master of Science in Engineering|Master of science in Bioinformatics and Systems Biology|Systembiologi|kandidat";"Master of Science in Engineering|Master of science in Bioinformatics and Systems Biology|Systembiologi|kandidat";"Master of Science in Engineering|Master of science in Bioinformatics and Systems Biology|Systembiologi|kandidat";"und";"56d754aabf194551020000aa";"";"56d754aabf194551020000aa";"DTU Department of Biotechnology and Biomedicine";"sorbit";"sorbit";"Measurements of endo-glucanase activity in natural fruit juice|Maling af endo-glucanase aktivitet i naturlig frugtjuice"
"";"dtu|dtupub|third_party";"";"2022-01-03T13:16:27.820Z";"Petersen, Susanne Bjerg|Konring, Andreas Sune";"";"2306320453";"";"dtu";"2016";"";"";"";"";"thesis";"dtu|dtu_electronic|dtupub|dtupub_electronic";"";"";"";"";"";"";"";"";"";"";"";"";"";"Master of Science in Engineering|Master of Science in Environmental Engineering|Miljøteknologi|kandidat";"Master of Science in Engineering|Master of Science in Environmental Engineering|Miljøteknologi|kandidat";"Master of Science in Engineering|Master of Science in Environmental Engineering|Miljøteknologi|kandidat";"und";"577b934c37562d157a0001ca";"";"577b934c37562d157a0001ca";"DTU Department of Technology, Management and Economics";"sorbit";"sorbit";"Effects of trees towards climate adaptation in Copenhagen|Effekten af træer som en del af klimatilpasningen i København"
"";"dtu|dtupub|third_party";"";"2022-01-03T13:13:01.978Z";"Tsitseli, Theodora";"";"2306781554";"";"dtu";"2016";"";"";"";"";"thesis";"dtu|dtu_electronic|dtupub|dtupub_electronic";"";"";"";"";"";"";"";"";"";"";"";"";"";"Master of Science in Engineering|Master of Science in Environmental Engineering|Miljøteknologi|kandidat";"Master of Science in Engineering|Master of Science in Environmental Engineering|Miljøteknologi|kandidat";"Master of Science in Engineering|Master of Science in Environmental Engineering|Miljøteknologi|kandidat";"und";"5795f1a16bbf232e70000b68";"";"5795f1a16bbf232e70000b68";"DTU Department of Environmental and Resource Engineering";"sorbit";"sorbit";"Conceptual understanding of the impacts of pumping on the distribution dynamics of PCE in limestone|Konceptuel forstaelse af effekten af pumpning pa fordelingsdynamik for PCE i kalk"
"";"dtu|dtupub|third_party";"";"2022-01-03T13:09:03.378Z";"Davidsen, Steffen";"";"2306781506";"";"dtu";"2016";"";"";"";"";"thesis";"dtu|dtu_electronic|dtupub|dtupub_electronic";"";"";"";"";"";"";"";"";"";"";"";"";"";"Master of Science in Engineering|Master of Science in Environmental Engineering|Miljøteknologi|kandidat";"Master of Science in Engineering|Master of Science in Environmental Engineering|Miljøteknologi|kandidat";"Master of Science in Engineering|Master of Science in Environmental Engineering|Miljøteknologi|kandidat";"und";"5795f1946bbf232e70000af8";"";"5795f1946bbf232e70000af8";"DTU Department of Environmental and Resource Engineering";"sorbit";"sorbit";"Simplifications of hydraulic network model in MIKE Flood for urban flood simulations|Simplificering af hydrauliske netværksmodeller i MIKE Flood til simulering af urbane oversvømmelsesmodeller"
"";"dtu|dtupub|third_party";"";"2022-01-03T13:12:20.505Z";"Labeau, Sophie";"";"2292734830";"";"dtu";"2015";"";"";"";"";"thesis";"dtu|dtu_electronic|dtupub|dtupub_electronic";"";"";"";"";"";"";"";"";"";"";"";"";"";"Master of Science in Engineering|Master of Science in Environmental Engineering|Miljøteknologi|kandidat";"Master of Science in Engineering|Master of Science in Environmental Engineering|Miljøteknologi|kandidat";"Master of Science in Engineering|Master of Science in Environmental Engineering|Miljøteknologi|kandidat";"und";"56d754adbf19455102000255";"";"56d754adbf19455102000255";"DTU Department of Environmental and Resource Engineering";"sorbit";"sorbit";"Estimation of greenhouse gas emissions from sludge treatment red beds focusing on seasonal variations|Estimering af drivhusgasemission fra biologiske slamanlæg med fokus pa arstidsvariation"
"";"dtu|dtupub|third_party";"";"2022-01-03T13:16:13.325Z";"Håland, Weronica";"";"2292735263";"";"dtu";"2015";"";"";"";"";"thesis";"dtu|dtu_electronic|dtupub|dtupub_electronic";"";"";"";"";"";"";"";"";"";"";"";"";"";"Anvendt kemi|Master of Science in Advanced and Applied Chemistry|Master of Science in Engineering|kandidat";"Anvendt kemi|Master of Science in Advanced and Applied Chemistry|Master of Science in Engineering|kandidat";"Anvendt kemi|Master of Science in Advanced and Applied Chemistry|Master of Science in Engineering|kandidat";"und";"56d754b0bf19455102000369";"";"56d754b0bf19455102000369";"DTU DTU National Food Institute";"sorbit";"sorbit";"Determination of toxic elements in salmon from a feeding trial by ICPMS - evaluation of seafood safety and toxicokinetic modelling|Bestemmelse af toksiske grundstoffer i laks fra et fodringsforsøg ved ICPMS - evaluering af fødevaresikkerheden og toksikokinetisk modellering"
"";"dtu|dtupub|third_party";"";"2022-01-03T13:12:22.872Z";"Al-Kufaishi, Sermed Adil Abed-Ali";"";"2292735516";"";"dtu";"2015";"";"";"";"";"thesis";"dtu|dtu_electronic|dtupub_external";"";"";"";"";"";"";"";"";"";"";"";"";"";"Master of Science in Engineering|Master of Science in Environmental Engineering|Miljøteknologi|kandidat";"Master of Science in Engineering|Master of Science in Environmental Engineering|Miljøteknologi|kandidat";"Master of Science in Engineering|Master of Science in Environmental Engineering|Miljøteknologi|kandidat";"und";"56d754b1bf19455102000416";"";"56d754b1bf19455102000416";"DTU Department of Environmental and Resource Engineering";"sorbit";"sorbit";"Detailed and simplified modelling of combined sewer overflow in a small urban catchment in Odensen using Mike Urban and WEST|Detaljeret og forenklet modellering af kloakoverløb i et mindre opland i Odense ved brug af Mike Urban og WEST"
"";"dtu|dtupub|third_party";"";"2022-01-03T13:07:14.154Z";"Henter, Balint";"";"2292737364";"";"dtu";"2015";"";"";"";"";"thesis";"dtu|dtu_electronic|dtupub|dtupub_electronic";"";"";"";"";"";"";"";"";"";"";"";"";"";"Byggetek.|Master of Science in Civil Engineering|Master of Science in Engineering|kandidat";"Byggetek.|Master of Science in Civil Engineering|Master of Science in Engineering|kandidat";"Byggetek.|Master of Science in Civil Engineering|Master of Science in Engineering|kandidat";"und";"56d754babf1945510200098f";"";"56d754babf1945510200098f";"DTU Department of Civil Engineering";"sorbit";"sorbit";"Block Tearing in Bolted Shear Connections - A Finite Element Investigation|Blokudrivning i boltede forskydningsforbindelser - En finit element undersøgelse"
"";"dtu|dtupub|third_party";"";"2022-01-03T13:16:02.748Z";"Muralidhara, Anitha";"";"2292735188";"";"dtu";"2015";"";"";"";"";"thesis";"dtu|dtu_electronic|dtupub|dtupub_electronic";"";"";"";"";"";"";"";"";"";"";"";"";"";"gæst udl.";"gæst udl.";"gæst udl.";"und";"56d754afbf1945510200033d";"";"56d754afbf1945510200033d";"DTU Department of Environmental and Resource Engineering";"sorbit";"sorbit";"Synergistic effect from co-digestion of different types of substrates in manure-based digester|Synergieffekt fra samudradning af forskellige typer substrater i biogasprocessen"
"";"dtu|dtupub|third_party";"";"2022-01-03T13:16:23.856Z";"Bording, Jonatan";"";"2292734004";"";"dtu";"2015";"";"";"";"";"thesis";"dtu|dtu_electronic|dtupub|dtupub_electronic";"";"";"";"";"";"";"";"";"";"";"";"";"";"Master of Science in Engineering|Master of Science in Mathematical Modelling and Computation|Mat. modellering|kandidat";"Master of Science in Engineering|Master of Science in Mathematical Modelling and Computation|Mat. modellering|kandidat";"Master of Science in Engineering|Master of Science in Mathematical Modelling and Computation|Mat. modellering|kandidat";"und";"56d754a8bf1945510200001a";"";"56d754a8bf1945510200001a";"DTU Department of Applied Mathematics and Computer Science";"sorbit";"sorbit";"Deep learning for information retrieval|Deep learning for tekstsøgning"
"";"dtu|dtupub|third_party";"";"2022-01-03T13:12:09.527Z";"Fricke-Pedersen, Niels Ulrich";"";"2292736114";"";"dtu";"2015";"";"";"";"";"thesis";"dtu|dtu_electronic|dtupub|dtupub_electronic";"";"";"";"";"";"";"";"";"";"";"";"";"";"Byggetek.|Master of Science in Civil Engineering|Master of Science in Engineering|kandidat";"Byggetek.|Master of Science in Civil Engineering|Master of Science in Engineering|kandidat";"Byggetek.|Master of Science in Civil Engineering|Master of Science in Engineering|kandidat";"und";"56d754b5bf194551020005ff";"";"56d754b5bf194551020005ff";"DTU Department of Civil Engineering";"sorbit";"sorbit";"Experimental determination of Wind Load on Lattice Steel Mast Segments|Eksperimentel bestemmelse af vindbelastning pa sektioner af stalgittemaster"
"";"dtu|dtupub|third_party";"";"2022-01-03T13:16:20.222Z";"Fogh, Maria Rose";"";"2305633396";"";"dtu";"2016";"";"";"";"";"thesis";"dtu|dtu_electronic|dtupub|dtupub_electronic";"";"";"";"";"";"";"";"";"";"";"";"";"";"Bioteknologi|Master of Science in Biotechnology|Master of Science in Engineering|kandidat";"Bioteknologi|Master of Science in Biotechnology|Master of Science in Engineering|kandidat";"Bioteknologi|Master of Science in Biotechnology|Master of Science in Engineering|kandidat";"und";"575ea69fe6f951534a00e60d";"";"575ea69fe6f951534a00e60d";"DTU Department of Biotechnology and Biomedicine";"sorbit";"sorbit";"Binding properties of Enteroaggregative Escherichia coli to extracellular matrix proteins|Enteroaggregative Escherichia colis bindingsegenskaber til ekstracellulære matrix proteiner"
"";"dtu|dtupub|third_party";"";"2022-01-03T13:16:20.358Z";"Skovbjerg, Christine Alexandra Egaa";"";"2292734117";"";"dtu";"2016";"";"";"";"";"thesis";"dtu|dtu_electronic|dtupub|dtupub_electronic";"";"";"";"";"";"";"";"";"";"";"";"";"";"Bioteknologi|Master of Science in Biotechnology|Master of Science in Engineering|kandidat";"Bioteknologi|Master of Science in Biotechnology|Master of Science in Engineering|kandidat";"Bioteknologi|Master of Science in Biotechnology|Master of Science in Engineering|kandidat";"und";"56d754a9bf1945510200007e";"";"56d754a9bf1945510200007e";"DTU Department of Biotechnology and Biomedicine";"sorbit";"sorbit";"Case studies of an uncharacterized type III PKS and Antibiotic Y production in Fusarium avenaceum|Casestudier om en ukarakteriseret type III PKS og Antibiotic Y produktion i Fusarium avenaceum"
"";"dtu|dtupub|third_party";"";"2022-01-06T23:53:51.295Z";"Pénzes, Bálint";"";"2307050805";"";"dtu";"2016";"";"";"";"";"thesis";"dtu|dtu_electronic|dtupub|dtupub_electronic";"";"";"";"";"";"";"";"";"";"";"";"";"";"Byggetek.|Master of Science in Civil Engineering|Master of Science in Engineering|kandidat";"Byggetek.|Master of Science in Civil Engineering|Master of Science in Engineering|kandidat";"Byggetek.|Master of Science in Civil Engineering|Master of Science in Engineering|kandidat";"und";"57a3205712855c654e0002c4";"";"57a3205712855c654e0002c4";"DTU Department of Civil Engineering";"sorbit";"sorbit";"Performance of flat anchor quay wall system in soft ground|Undersøgelse af gensidigt forankret kajkonstruktion med fladjernsankre i blødt ler"
"";"dtu|dtupub|third_party";"";"2022-01-03T13:09:06.891Z";"Donato, Anna Di";"";"2307020649";"";"dtu";"2016";"";"";"";"";"thesis";"dtu|dtu_electronic|dtupub|dtupub_electronic";"";"";"";"";"";"";"";"";"";"";"";"";"";"gæst udl.";"gæst udl.";"gæst udl.";"und";"57a1cf8112855c654e00024d";"";"57a1cf8112855c654e00024d";"DTU Department of Civil Engineering";"sorbit";"sorbit";"Interior insulation of concrete structures to improve the energy efficency of an old non-residential building|Indvendig efterisolering af betonkonstruktioner til at forbedre energieffektivitet af en ældre erhvervsejendom"
"";"dtu|dtupub|third_party";"";"2022-01-03T13:12:18.615Z";"Østerø, Rógvi";"";"2292734995";"";"dtu";"2015";"";"";"";"";"thesis";"dtu|dtu_electronic|dtupub_external";"";"";"";"";"";"";"";"";"";"";"";"";"";"Elektrotek.|Master of Science in Electrical Engineering|Master of Science in Engineering|kandidat";"Elektrotek.|Master of Science in Electrical Engineering|Master of Science in Engineering|kandidat";"Elektrotek.|Master of Science in Electrical Engineering|Master of Science in Engineering|kandidat";"und";"56d754aebf194551020002b3";"";"56d754aebf194551020002b3";"DTU Department of Electrical Engineering";"sorbit";"sorbit";"Induced Voltages and Screen Factor in Transmission Cable Systems with Sheath Bonding|Inducerede spændinger og skærmfaktor i kabelsystemer med skærmkoblinger i transmissionsnettet"
"";"dtu|dtupub|third_party";"";"2022-01-03T13:15:47.793Z";"Cooper, Keahi Paul";"";"2292736285";"";"dtu";"2015";"";"";"";"";"thesis";"dtu|dtu_electronic|dtupub|dtupub_electronic";"";"";"";"";"";"";"";"";"";"";"";"";"";"Master of Science in Engineering|Master of Science in Engineering, Security and Mobile Computing|Security and Mobile|kandidat";"Master of Science in Engineering|Master of Science in Engineering, Security and Mobile Computing|Security and Mobile|kandidat";"Master of Science in Engineering|Master of Science in Engineering, Security and Mobile Computing|Security and Mobile|kandidat";"und";"56d754b6bf19455102000669";"";"56d754b6bf19455102000669";"DTU Department of Applied Mathematics and Computer Science";"sorbit";"sorbit";"Security for the Internet of Things|Sikkerhed for Internet of Things"
"";"dtu|dtupub|third_party";"";"2022-01-03T13:07:22.421Z";"Hastrup-Nielsen, Franz";"";"2306791144";"";"dtu";"2016";"";"";"";"";"thesis";"dtu|dtu_electronic|dtupub_external";"";"";"";"";"";"";"";"";"";"";"";"";"";"Konst. og mekanik|Master of Science in Engineering|Master of Science in Engineering Design and Applied Mechanics|kandidat";"Konst. og mekanik|Master of Science in Engineering|Master of Science in Engineering Design and Applied Mechanics|kandidat";"Konst. og mekanik|Master of Science in Engineering|Master of Science in Engineering Design and Applied Mechanics|kandidat";"und";"579743866bbf232e70000e2f";"";"579743866bbf232e70000e2f";"DTU Department of Civil and Mechanical Engineering";"sorbit";"sorbit";"Propulsion models for vessel performance analysis|Modellering af skibets fremdrivning i forbindelse med sejladsanalyse."
"";"dtu|dtupub|third_party";"";"2022-01-03T13:09:13.664Z";"Bjerregaard, Ruben";"";"2306823464";"";"dtu";"2016";"";"";"";"";"thesis";"dtu|dtu_electronic|dtupub_external";"";"";"";"";"";"";"";"";"";"";"";"";"";"Elektrotek.|Master of Science in Electrical Engineering|Master of Science in Engineering|kandidat";"Elektrotek.|Master of Science in Electrical Engineering|Master of Science in Engineering|kandidat";"Elektrotek.|Master of Science in Electrical Engineering|Master of Science in Engineering|kandidat";"und";"579894676bbf232e70001182";"";"579894676bbf232e70001182";"DTU Department of Electrical Engineering";"sorbit";"sorbit";"System identification of loudspeakers for use in nonlinear compensation|System identifikation af højttalere i forbindelse med ikke lineær kompensering"
"";"dtu|dtupub|third_party";"";"2022-01-03T13:15:52.254Z";"Ottosen, Astrid Langhorn";"";"2292734111";"";"dtu";"2016";"";"";"";"";"thesis";"dtu|dtu_electronic|dtupub_external";"";"";"";"";"";"";"";"";"";"";"";"";"";"Master of Science in Engineering|Master of Science in Medicine and Technology|Medicin og tek.|kandidat";"Master of Science in Engineering|Master of Science in Medicine and Technology|Medicin og tek.|kandidat";"Master of Science in Engineering|Master of Science in Medicine and Technology|Medicin og tek.|kandidat";"und";"56d754a9bf1945510200007b";"";"56d754a9bf1945510200007b";"DTU Department of Applied Mathematics and Computer Science";"sorbit";"sorbit";"Automated image based detection of white blood cell types and platelets in a blood smear sample|Billedbaseret automatisk detektion af hvide blodcelletyper og blodplader i en blod smear sample"
"";"dtu|dtupub|third_party";"";"2022-01-03T13:15:45.564Z";"Larsen, Jacob Søgaard";"";"2292734888";"";"dtu";"2015";"";"";"";"";"thesis";"dtu|dtu_electronic|dtupub|dtupub_electronic";"";"";"";"";"";"";"";"";"";"";"";"";"";"Master of Science in Engineering|Master of Science in Mathematical Modelling and Computation|Mat. modellering|kandidat";"Master of Science in Engineering|Master of Science in Mathematical Modelling and Computation|Mat. modellering|kandidat";"Master of Science in Engineering|Master of Science in Mathematical Modelling and Computation|Mat. modellering|kandidat";"und";"56d754aebf19455102000279";"";"56d754aebf19455102000279";"DTU Department of Applied Mathematics and Computer Science";"sorbit";"sorbit";"Uncovering perceived quality of educators - Mining student comments and ratings|Afdækning af den oplevede kvalitet af undervisere - Mining af studerendes kommentarer og vurderinger"
"";"dtu|dtupub|third_party";"";"2022-01-03T13:15:48.213Z";"Vidiella, Joan Carrasco";"";"2292736275";"";"dtu";"2015";"";"";"";"";"thesis";"dtu|dtu_electronic|dtupub|dtupub_electronic";"";"";"";"";"";"";"";"";"";"";"";"";"";"Bioteknologi|Master of Science in Biotechnology|Master of Science in Engineering|kandidat";"Bioteknologi|Master of Science in Biotechnology|Master of Science in Engineering|kandidat";"Bioteknologi|Master of Science in Biotechnology|Master of Science in Engineering|kandidat";"und";"56d754b6bf19455102000664";"";"56d754b6bf19455102000664";"DTU Department of Chemical and Biochemical Engineering";"sorbit";"sorbit";"Enzymatic biodiesel processing|Enzymatisk biodiesel behandling"
"";"dtu|dtupub|third_party";"";"2022-01-03T13:16:18.360Z";"Ro-Poulsen, Joakim";"";"2292734780";"";"dtu";"2015";"";"";"";"";"thesis";"dtu|dtu_electronic|dtupub_external";"";"";"";"";"";"";"";"";"";"";"";"";"";"Farmateknologi|Master of Science in Engineering|Master of Science in Pharmaceutical Design and Engineering|kandidat";"Farmateknologi|Master of Science in Engineering|Master of Science in Pharmaceutical Design and Engineering|kandidat";"Farmateknologi|Master of Science in Engineering|Master of Science in Pharmaceutical Design and Engineering|kandidat";"und";"56d754adbf19455102000231";"";"56d754adbf19455102000231";"DTU National Veterinary Institute";"sorbit";"sorbit";"Analysis of enzyme impurities in modified factor IX preparations|Analyse af enzymurenheder i præparationer af modificeret faktor IX"
"";"dtu|dtupub|third_party";"";"2022-01-03T13:15:19.513Z";"Rasul, Liza";"";"2292735405";"";"dtu";"2015";"";"";"";"";"thesis";"dtu|dtu_electronic|dtupub|dtupub_electronic";"";"";"";"";"";"";"";"";"";"";"";"";"";"Bioteknologi|Master of Science in Biotechnology|Master of Science in Engineering|kandidat";"Bioteknologi|Master of Science in Biotechnology|Master of Science in Engineering|kandidat";"Bioteknologi|Master of Science in Biotechnology|Master of Science in Engineering|kandidat";"und";"56d754b0bf194551020003a9";"";"56d754b0bf194551020003a9";"DTU Department of Biotechnology and Biomedicine";"sorbit";"sorbit";"Enteroaggregative E.coli – EAEC|Enteroaggregativ E.coli – EAEC"
"";"dtu|dtupub|third_party";"";"2022-01-06T23:53:50.937Z";"Garcia, Marta Gonzalez";"";"2306906883";"";"dtu";"2016";"";"";"";"";"thesis";"dtu|dtu_electronic|dtupub|dtupub_electronic";"";"";"";"";"";"";"";"";"";"";"";"";"";"Kemisk/biokemisk tek.|Master of Science in Chemical and Biochemical Engineering|Master of Science in Engineering|kandidat";"Kemisk/biokemisk tek.|Master of Science in Chemical and Biochemical Engineering|Master of Science in Engineering|kandidat";"Kemisk/biokemisk tek.|Master of Science in Chemical and Biochemical Engineering|Master of Science in Engineering|kandidat";"und";"579c88c26bbf232e70001265";"";"579c88c26bbf232e70001265";"DTU Department of Chemical and Biochemical Engineering";"sorbit";"sorbit";"Solvent Based Separation of Azeotropic Mixtures|Opløsningsmiddelbaseret sepration af azeotrope blandinger"
"";"dtu|dtupub|third_party";"";"2022-01-03T13:09:23.450Z";"Bortei-Doku, Shaun Borketey";"";"2307020196";"";"dtu";"2016";"";"";"";"";"thesis";"dtu|dtu_electronic|dtupub|dtupub_electronic";"";"";"";"";"";"";"";"";"";"";"";"";"";"Master of Science in Engineering|Master of Science in Transportation and Logistics|Transp. og logistik|kandidat";"Master of Science in Engineering|Master of Science in Transportation and Logistics|Transp. og logistik|kandidat";"Master of Science in Engineering|Master of Science in Transportation and Logistics|Transp. og logistik|kandidat";"und";"57a1ceed12855c654e0001e5";"";"57a1ceed12855c654e0001e5";"DTU Department of Transport";"sorbit";"sorbit";"The role of information provision in perceived traffic safety|Betydningen af informationsformidling for den oplevede trafiksikkerhed"
"";"dtu|dtupub|third_party";"";"2022-01-03T13:16:04.990Z";"Jokandan, Maryam Sami";"";"2305633539";"";"dtu";"2016";"";"";"";"";"thesis";"dtu|dtu_electronic|dtupub|dtupub_electronic";"";"";"";"";"";"";"";"";"";"";"";"";"";"Master of Science in Engineering|Master of Science in Medicine and Technology|Medicin og tek.|kandidat";"Master of Science in Engineering|Master of Science in Medicine and Technology|Medicin og tek.|kandidat";"Master of Science in Engineering|Master of Science in Medicine and Technology|Medicin og tek.|kandidat";"und";"575ea7d9e6f951534a00f4c7";"";"575ea7d9e6f951534a00f4c7";"DTU Department of Micro- and Nanotechnology";"sorbit";"sorbit";"Endothelialization of synthetic micro-vasculature|Endotealisering af syntetisk mikrovaskulatur"
"";"dtu|dtupub|third_party";"";"2022-01-03T13:15:44.660Z";"Brusen, René Kim";"";"2292735479";"";"dtu";"2015";"";"";"";"";"thesis";"dtu|dtu_electronic|dtupub|dtupub_electronic";"";"";"";"";"";"";"";"";"";"";"";"";"";"Konst. og mekanik|Master of Science in Engineering|Master of Science in Engineering Design and Applied Mechanics|kandidat";"Konst. og mekanik|Master of Science in Engineering|Master of Science in Engineering Design and Applied Mechanics|kandidat";"Konst. og mekanik|Master of Science in Engineering|Master of Science in Engineering Design and Applied Mechanics|kandidat";"und";"56d754b1bf194551020003f1";"";"56d754b1bf194551020003f1";"DTU Department of Civil and Mechanical Engineering";"sorbit";"sorbit";"Swept frequency vibration absorbers|Vibrationsdæmpere med frekvens-sweep"
"";"dtu|dtupub|third_party";"";"2022-01-03T13:16:19.817Z";"Knudsen, Anders Grøndahl";"";"2305633405";"";"dtu";"2016";"";"";"";"";"thesis";"dtu|dtu_electronic|dtupub|dtupub_electronic";"";"";"";"";"";"";"";"";"";"";"";"";"";"Byggetek.|Master of Science in Civil Engineering|Master of Science in Engineering|kandidat";"Byggetek.|Master of Science in Civil Engineering|Master of Science in Engineering|kandidat";"Byggetek.|Master of Science in Civil Engineering|Master of Science in Engineering|kandidat";"und";"575ea6bce6f951534a00e790";"";"575ea6bce6f951534a00e790";"DTU Department of Civil Engineering";"sorbit";"sorbit";"Design of SL-Decks with major openings for susceptible equipment|Design of SL-Decks with major openings for susceptible equipment"
"";"dtu|dtupub|third_party";"";"2022-01-03T13:06:05.347Z";"Kamber, Johannes Engell";"";"2342057211";"";"dtu";"2016";"";"";"";"";"thesis";"dtu|dtu_electronic|dtupub_external";"";"";"";"";"";"";"";"";"";"";"";"";"";"Akustisk tek.|Master of Science in Engineering|Master of Science in Engineering Acoustics|kandidat";"Akustisk tek.|Master of Science in Engineering|Master of Science in Engineering Acoustics|kandidat";"Akustisk tek.|Master of Science in Engineering|Master of Science in Engineering Acoustics|kandidat";"und";"57becfdefebd22f36000022c";"";"57becfdefebd22f36000022c";"DTU Department of Applied Mathematics and Computer Science";"sorbit";"sorbit";"Optimizing Cochlear Implant Modeling Methods|Optimering af Cochlear Implantat Modellering"
"";"dtu|dtupub|third_party";"";"2022-01-03T13:12:17.193Z";"Woller, Øyvind Grønland";"";"2292734014";"";"dtu";"2016";"";"";"";"";"thesis";"dtu|dtu_electronic|dtupub|dtupub_electronic";"";"";"";"";"";"";"";"";"";"";"";"";"";"Informationstek.|Master of Science in Computer Science and Engineering|Master of Science in Engineering|kandidat";"Informationstek.|Master of Science in Computer Science and Engineering|Master of Science in Engineering|kandidat";"Informationstek.|Master of Science in Computer Science and Engineering|Master of Science in Engineering|kandidat";"und";"56d754a8bf19455102000025";"";"56d754a8bf19455102000025";"DTU Department of Applied Mathematics and Computer Science";"sorbit";"sorbit";"Combination of supervised and unsupervised learning|Kombination af supervised og unsupervised læring"
"";"dtu|dtupub|third_party";"";"2022-01-03T13:16:03.847Z";"Bathke, Jenny Kim";"";"2292735487";"";"dtu";"2015";"";"";"";"";"thesis";"dtu|dtu_electronic|dtupub_external";"";"";"";"";"";"";"";"";"";"";"";"";"";"Bioteknologi|Master of Science in Biotechnology|Master of Science in Engineering|kandidat";"Bioteknologi|Master of Science in Biotechnology|Master of Science in Engineering|kandidat";"Bioteknologi|Master of Science in Biotechnology|Master of Science in Engineering|kandidat";"und";"56d754b1bf194551020003f8";"";"56d754b1bf194551020003f8";"DTU Department of Chemistry";"sorbit";"sorbit";"Effects of the linker on the adsorption and catalytic properties of the Cellulases Cel6A and Cel7A from Trichoderma reesei|Linkerens betydning for adsorptionen og aktiviteten af cellulaserne Cel6a og Cel7a fra Trichoderma reesei"
"";"dtu|dtupub|third_party";"";"2022-01-03T13:16:26.329Z";"Messell, Michael";"";"2305633496";"";"dtu";"2016";"";"";"";"";"thesis";"dtu|dtu_electronic|dtupub|dtupub_electronic";"";"";"";"";"";"";"";"";"";"";"";"";"";"Informationstek.|Master of Science in Computer Science and Engineering|Master of Science in Engineering|kandidat";"Informationstek.|Master of Science in Computer Science and Engineering|Master of Science in Engineering|kandidat";"Informationstek.|Master of Science in Computer Science and Engineering|Master of Science in Engineering|kandidat";"und";"575ea798e6f951534a00f1da";"";"575ea798e6f951534a00f1da";"DTU Department of Applied Mathematics and Computer Science";"sorbit";"sorbit";"Secure communication for IP-devices on LAN with focus on confidentiality and integrity|Sikker kommunikation for IP-enheder pa LAN med fokus pa fortrolighed og integritet"
"";"dtu|dtupub|third_party";"";"2022-01-03T13:12:40.353Z";"Ramos, Horacio Emmanuel Najar";"";"2305633470";"";"dtu";"2016";"";"";"";"";"thesis";"dtu|dtu_electronic|dtupub|dtupub_electronic";"";"";"";"";"";"";"";"";"";"";"";"";"";"Master of Science in Engineering|Master of Science in Transportation and Logistics|Transp. og logistik|kandidat";"Master of Science in Engineering|Master of Science in Transportation and Logistics|Transp. og logistik|kandidat";"Master of Science in Engineering|Master of Science in Transportation and Logistics|Transp. og logistik|kandidat";"und";"575ea772e6f951534a00f023";"";"575ea772e6f951534a00f023";"DTU Department of Transport";"sorbit";"sorbit";"The Wait4me Strategy - A Bidirectional Communication System for Improving Passengers' Waiting Time through ITS|Wait4me-strategi – et tovejskommunikationssystem til forbedring af passagerers ventetid ved hjælp af ITS"
"";"dtu|dtupub|third_party";"";"2022-01-03T13:11:06.579Z";"Kalhauge, Christian Gram";"";"2292737745";"";"dtu";"2015";"";"";"";"";"thesis";"dtu|dtu_electronic|dtupub|dtupub_electronic";"";"";"";"";"";"";"";"";"";"";"";"";"";"Informationstek.|Master of Science in Computer Science and Engineering|Master of Science in Engineering|kandidat";"Informationstek.|Master of Science in Computer Science and Engineering|Master of Science in Engineering|kandidat";"Informationstek.|Master of Science in Computer Science and Engineering|Master of Science in Engineering|kandidat";"und";"56d754bcbf19455102000aec";"";"56d754bcbf19455102000aec";"DTU Department of Applied Mathematics and Computer Science";"sorbit";"sorbit";"Finding concurrency bugs in Java programs|Opdagelse af fejl i parallelle Java programmer"
"";"dtu|dtupub|third_party";"";"2022-01-03T13:07:31.875Z";"Garg, Nipun";"";"2306791145";"";"dtu";"2016";"";"";"";"";"thesis";"dtu|dtu_electronic|dtupub|dtupub_electronic";"";"";"";"";"";"";"";"";"";"";"";"";"";"Master of Science in Engineering|Master of Science in Petroleum Engineering|Olie- og gastek.|kandidat";"Master of Science in Engineering|Master of Science in Petroleum Engineering|Olie- og gastek.|kandidat";"Master of Science in Engineering|Master of Science in Petroleum Engineering|Olie- og gastek.|kandidat";"und";"579743886bbf232e70000e37";"";"579743886bbf232e70000e37";"DTU Department of Chemical and Biochemical Engineering";"sorbit";"sorbit";"Fines formation during CO2 low salinity WAG (CO2LSWAG) EOR|Dannelse af fine partikler under CO2 low salinity WAG (CO2LSWAG) EOR"
"";"dtu|dtupub|third_party";"";"2022-01-03T13:11:58.665Z";"Bansal, Dheeraj Kumar";"";"2292736482";"";"dtu";"2015";"";"";"";"";"thesis";"dtu|dtu_electronic|dtupub|dtupub_electronic";"";"";"";"";"";"";"";"";"";"";"";"";"";"Master of Science in Engineering|Master of Science in Engineering, Security and Mobile Computing|Security and Mobile|kandidat";"Master of Science in Engineering|Master of Science in Engineering, Security and Mobile Computing|Security and Mobile|kandidat";"Master of Science in Engineering|Master of Science in Engineering, Security and Mobile Computing|Security and Mobile|kandidat";"und";"56d754b7bf194551020006d0";"";"56d754b7bf194551020006d0";"DTU Department of Applied Mathematics and Computer Science";"sorbit";"sorbit";"Non-identifying Data Management Systems|Ikke identificerende elektroniske data behandlingssystemer"
"";"dtu|dtupub|third_party";"";"2022-01-03T13:11:50.720Z";"Eberlei, Geske Linnea";"";"2292734927";"";"dtu";"2015";"";"";"";"";"thesis";"dtu|dtu_electronic|dtupub|dtupub_electronic";"";"";"";"";"";"";"";"";"";"";"";"";"";"Akustisk tek.|Master of Science in Engineering|Master of Science in Engineering Acoustics|kandidat";"Akustisk tek.|Master of Science in Engineering|Master of Science in Engineering Acoustics|kandidat";"Akustisk tek.|Master of Science in Engineering|Master of Science in Engineering Acoustics|kandidat";"und";"56d754aebf1945510200028e";"";"56d754aebf1945510200028e";"DTU Department of Electrical Engineering";"sorbit";"sorbit";"Variable acoustic systems of a typical gym hall for classical music|Variable akustiske systemer i en typisk gymnastik hal for klassisk musik"
"";"dtu|dtupub|third_party";"";"2022-01-03T13:11:33.293Z";"Jakobsen, Aske Bay";"";"2292737089";"";"dtu";"2015";"";"";"";"";"thesis";"dtu|dtu_electronic|dtupub|dtupub_electronic";"";"";"";"";"";"";"";"";"";"";"";"";"";"Elektrotek.|Master of Science in Electrical Engineering|Master of Science in Engineering|kandidat";"Elektrotek.|Master of Science in Electrical Engineering|Master of Science in Engineering|kandidat";"Elektrotek.|Master of Science in Electrical Engineering|Master of Science in Engineering|kandidat";"und";"56d754b9bf19455102000896";"";"56d754b9bf19455102000896";"DTU Department of Electrical Engineering";"sorbit";"sorbit";"Crop row navigation for autonomous field robot|Navigation i rækkeafgrøde med autonom markrobot"
"";"dtu|dtupub|third_party";"";"2022-01-03T13:12:12.330Z";"Leth-Espensen, Anna";"";"2305633336";"";"dtu";"2016";"";"";"";"";"thesis";"dtu|dtu_electronic|dtupub_external";"";"";"";"";"";"";"";"";"";"";"";"";"";"Kemisk/biokemisk tek.|Master of Science in Chemical and Biochemical Engineering|Master of Science in Engineering|kandidat";"Kemisk/biokemisk tek.|Master of Science in Chemical and Biochemical Engineering|Master of Science in Engineering|kandidat";"Kemisk/biokemisk tek.|Master of Science in Chemical and Biochemical Engineering|Master of Science in Engineering|kandidat";"und";"575ea59de6f951534a00dac1";"";"575ea59de6f951534a00dac1";"DTU Department of Chemical and Biochemical Engineering";"sorbit";"sorbit";"Mathematical Modeling of Coffee Extraction in Packed Beds|Matematisk modellering af kaffeekstraktion i pakkede kolonner"
"";"dtu|dtupub|third_party";"";"2022-01-03T13:11:49.353Z";"Chew, Chia Weei";"";"2292735565";"";"dtu";"2015";"";"";"";"";"thesis";"dtu|dtu_electronic|dtupub|dtupub_electronic";"";"";"";"";"";"";"";"";"";"";"";"";"";"Master of Science in Engineering|Master of Science in Environmental Engineering|Miljøteknologi|kandidat";"Master of Science in Engineering|Master of Science in Environmental Engineering|Miljøteknologi|kandidat";"Master of Science in Engineering|Master of Science in Environmental Engineering|Miljøteknologi|kandidat";"und";"56d754b1bf19455102000443";"";"56d754b1bf19455102000443";"DTU Department of Environmental and Resource Engineering";"sorbit";"sorbit";"LCA of alternative treatment options for organic waste in Singapore|LCA af alternative behandlingsmuligheder for organisk affald i Singapore"
"";"dtu|dtupub|third_party";"";"2022-01-03T13:06:07.601Z";"Sørensen, Nicolaj Yde";"";"2307020020";"";"dtu";"2016";"";"";"";"";"thesis";"dtu|dtu_electronic|dtupub|dtupub_electronic";"";"";"";"";"";"";"";"";"";"";"";"";"";"Bæredygtig energi|Master of Science in Engineering|Master of Science in Sustainable Energy|kandidat";"Bæredygtig energi|Master of Science in Engineering|Master of Science in Sustainable Energy|kandidat";"Bæredygtig energi|Master of Science in Engineering|Master of Science in Sustainable Energy|kandidat";"und";"57a1cedb12855c654e000129";"";"57a1cedb12855c654e000129";"DTU Department of Civil Engineering";"sorbit";"sorbit";"Analysis and optimisation of indoor climate in Energi Fyn's domicile in Odense|Analyse og optimering af indeklima i Energi Fyns domicil i Odense"
"";"dtu|dtupub|third_party";"";"2022-01-03T13:16:03.884Z";"Lopez, Raul Sanchez";"";"2292734945";"";"dtu";"2015";"";"";"";"";"thesis";"dtu|dtu_electronic|dtupub_external";"";"";"";"";"";"";"";"";"";"";"";"";"";"Akustisk tek.|Master of Science in Engineering|Master of Science in Engineering Acoustics|kandidat";"Akustisk tek.|Master of Science in Engineering|Master of Science in Engineering Acoustics|kandidat";"Akustisk tek.|Master of Science in Engineering|Master of Science in Engineering Acoustics|kandidat";"und";"56d754aebf19455102000298";"";"56d754aebf19455102000298";"DTU Department of Electrical Engineering";"sorbit";"sorbit";"Hearing-aid settings in relation to profiles of functional hearing|Optimering af høreapparatparametrene i forhold til høreprofilen"
"";"dtu|dtupub|third_party";"";"2022-01-03T13:16:03.800Z";"Høgmo, Bjørn Harald";"";"2292735142";"";"dtu";"2015";"";"";"";"";"thesis";"dtu|dtu_electronic|dtupub_external";"";"";"";"";"";"";"";"";"";"";"";"";"";"Master of Science in Engineering|Master of Science in Petroleum Engineering|Olie- og gastek.|kandidat";"Master of Science in Engineering|Master of Science in Petroleum Engineering|Olie- og gastek.|kandidat";"Master of Science in Engineering|Master of Science in Petroleum Engineering|Olie- og gastek.|kandidat";"und";"56d754afbf19455102000317";"";"56d754afbf19455102000317";"DTU Department of Civil Engineering";"sorbit";"sorbit";"Challenges and techniques related to drilling through carbonate formations and conceptual well design|Udfordringer og teknikker ved boring gennem karbonatformationer og konceptuelt brønddesign"
"";"dtu|dtupub|third_party";"";"2022-01-03T13:16:18.428Z";"Jørgensen, Isabella Friis";"";"2355401403";"";"dtu";"2016";"";"";"";"";"thesis";"dtu|dtu_electronic|dtupub|dtupub_electronic";"";"";"";"";"";"";"";"";"";"";"";"";"";"Master of Science in Engineering|Master of science in Bioinformatics and Systems Biology|Systembiologi|kandidat";"Master of Science in Engineering|Master of science in Bioinformatics and Systems Biology|Systembiologi|kandidat";"Master of Science in Engineering|Master of science in Bioinformatics and Systems Biology|Systembiologi|kandidat";"und";"575ea627e6f951534a00e0bb";"";"575ea627e6f951534a00e0bb";"DTU Department of Biotechnology and Biomedicine";"sorbit";"sorbit";"The impact of genomic variation on cancer cell line drug response|Betydningen af genomisk variation pa cancer celle linjers respons pa lægemidler"
"";"dtu|dtupub|third_party";"";"2022-01-03T13:16:20.009Z";"Strandby, Kristine";"";"2292734114";"";"dtu";"2016";"";"";"";"";"thesis";"dtu|dtu_electronic|dtupub|dtupub_electronic";"";"";"";"";"";"";"";"";"";"";"";"";"";"Informationstek.|Master of Science in Computer Science and Engineering|Master of Science in Engineering|kandidat";"Informationstek.|Master of Science in Computer Science and Engineering|Master of Science in Engineering|kandidat";"Informationstek.|Master of Science in Computer Science and Engineering|Master of Science in Engineering|kandidat";"und";"56d754a9bf19455102000079";"";"56d754a9bf19455102000079";"DTU Department of Applied Mathematics and Computer Science";"sorbit";"sorbit";"Artificial Intelligence for 2048 and Threes|Kunstig intelligens til 2048 og Threes"
"";"dtu|dtupub|third_party";"";"2022-01-03T13:15:32.726Z";"Perumal, Shyam Sundar Govinda Raja";"";"2292736265";"";"dtu";"2015";"";"";"";"";"thesis";"dtu|dtu_electronic|dtupub_external";"";"";"";"";"";"";"";"";"";"";"";"";"";"Master of Science in Engineering|Master of Science in Engineering Management|Planl. innovation og led.|kandidat";"Master of Science in Engineering|Master of Science in Engineering Management|Planl. innovation og led.|kandidat";"Master of Science in Engineering|Master of Science in Engineering Management|Planl. innovation og led.|kandidat";"und";"56d754b6bf1945510200065c";"";"56d754b6bf1945510200065c";"DTU Department of Technology, Management and Economics";"sorbit";"sorbit";"Scheduling of Railway Infrastructure Projects at Banedanmark|Planlægning af jernbaneinfrastrukturprojekter for Banedanmark"
"";"dtu|dtupub|third_party";"";"2022-01-03T13:16:01.649Z";"Coman, Andreea-Monica";"";"2292735575";"";"dtu";"2015";"";"";"";"";"thesis";"dtu|dtu_electronic|dtupub|dtupub_electronic";"";"";"";"";"";"";"";"";"";"";"";"";"";"Digitale medietek.|Master of Science in Digital Media Engineering|Master of Science in Engineering|kandidat";"Digitale medietek.|Master of Science in Digital Media Engineering|Master of Science in Engineering|kandidat";"Digitale medietek.|Master of Science in Digital Media Engineering|Master of Science in Engineering|kandidat";"und";"56d754b1bf1945510200044f";"";"56d754b1bf1945510200044f";"DTU Department of Applied Mathematics and Computer Science";"sorbit";"sorbit";"Supporting Awareness of Availability through Mobile Devices|Supporting Awareness of Availability through Mobile Devices"
"";"dtu|dtupub|third_party";"";"2022-01-03T13:11:25.358Z";"Gjertsen, Caroline Andrea";"";"2292737461";"";"dtu";"2015";"";"";"";"";"thesis";"dtu|dtu_electronic|dtupub|dtupub_electronic";"";"";"";"";"";"";"";"";"";"";"";"";"";"Master of Science in Engineering|Master of Science in Wind Energy|Vindenergi|kandidat";"Master of Science in Engineering|Master of Science in Wind Energy|Vindenergi|kandidat";"Master of Science in Engineering|Master of Science in Wind Energy|Vindenergi|kandidat";"und";"56d754babf194551020009dc";"";"56d754babf194551020009dc";"DTU Department of Wind and Energy Systems";"sorbit";"sorbit";"Validation of wind turbine wake models for offshore wind farms|Validering af vindmølleskyggemodeller for havplacerede mølleparker."
"";"dtu|dtupub|third_party";"";"2022-01-03T13:12:07.301Z";"Girou, David";"";"2292734959";"";"dtu";"2015";"";"";"";"";"thesis";"dtu|dtu_electronic|dtupub|dtupub_electronic";"";"";"";"";"";"";"";"";"";"";"";"";"";"Geofysik og rumtek.|Master of Science in Earth and Space Physics and Engineering|Master of Science in Engineering|kandidat";"Geofysik og rumtek.|Master of Science in Earth and Space Physics and Engineering|Master of Science in Engineering|kandidat";"Geofysik og rumtek.|Master of Science in Earth and Space Physics and Engineering|Master of Science in Engineering|kandidat";"und";"56d754aebf1945510200029e";"";"56d754aebf1945510200029e";"DTU Department of Space Research and Space Technology";"sorbit";"sorbit";"Investigation of Ni based Multilayers for hard X-ray mirrors for high energy Astrophysics telescopes|Undersøgelse af Nikkel baserede multilag til høj energi teleskoper til Astrofysik"
"";"dtu|dtupub|third_party";"";"2022-01-03T13:15:58.994Z";"Ullvius, Nicolás Cobos";"";"2292735131";"";"dtu";"2015";"";"";"";"";"thesis";"dtu|dtu_electronic|dtupub|dtupub_electronic";"";"";"";"";"";"";"";"";"";"";"";"";"";"Bæredygtig energi|Master of Science in Engineering|Master of Science in Sustainable Energy|kandidat";"Bæredygtig energi|Master of Science in Engineering|Master of Science in Sustainable Energy|kandidat";"Bæredygtig energi|Master of Science in Engineering|Master of Science in Sustainable Energy|kandidat";"und";"56d754afbf1945510200030d";"";"56d754afbf1945510200030d";"DTU Department of Civil and Mechanical Engineering";"sorbit";"sorbit";"Design of polygeneration system based on solar power and solid oxide cells|Design af multigeneration kraftværk baseret pa solenergi og fasteoxidceller"
"";"dtu|dtupub|third_party";"";"2022-01-03T13:07:20.163Z";"Kramarczyk, Michal Jan";"";"2319852136";"";"dtu";"2016";"";"";"";"";"thesis";"dtu|dtu_electronic|dtupub|dtupub_electronic";"";"";"";"";"";"";"";"";"";"";"";"";"";"Elektrotek.|Master of Science in Electrical Engineering|Master of Science in Engineering|kandidat";"Elektrotek.|Master of Science in Electrical Engineering|Master of Science in Engineering|kandidat";"Elektrotek.|Master of Science in Electrical Engineering|Master of Science in Engineering|kandidat";"und";"57b04f5a9baf2b177e000222";"";"57b04f5a9baf2b177e000222";"DTU Department of Electrical Engineering";"sorbit";"sorbit";"Analysis and feasibility of delta type leg for a biped robot|Analyse og brugbarhed af delta ben til en tobenet robot"
"";"dtu|dtupub|third_party";"";"2022-01-03T13:15:38.956Z";"Kopytko, Magnus";"";"2292736268";"";"dtu";"2015";"";"";"";"";"thesis";"dtu|dtu_electronic|dtupub_external";"";"";"";"";"";"";"";"";"";"";"";"";"";"Bæredygtig energi|Master of Science in Engineering|Master of Science in Sustainable Energy|kandidat";"Bæredygtig energi|Master of Science in Engineering|Master of Science in Sustainable Energy|kandidat";"Bæredygtig energi|Master of Science in Engineering|Master of Science in Sustainable Energy|kandidat";"und";"56d754b6bf19455102000660";"";"56d754b6bf19455102000660";"DTU Department of Wind and Energy Systems";"sorbit";"sorbit";"Maintenance strategy of main components of an Offshore Wind Farm based on risk/reliability analysis|Vedligeholdelses strategi af hovedkomponenter pa en Hav Vindmølle Park baseret pa en risiko/palideligheds analyse"
"";"dtu|dtupub|third_party";"";"2022-01-03T13:11:46.324Z";"Ginty, David John|Nielsen, Tobias Alban";"";"2292735711";"";"dtu";"2015";"";"";"";"";"thesis";"dtu|dtu_electronic|dtupub|dtupub_electronic";"";"";"";"";"";"";"";"";"";"";"";"";"";"Design og inn.|Master of Science in Design and Innovation|Master of Science in Engineering|kandidat";"Design og inn.|Master of Science in Design and Innovation|Master of Science in Engineering|kandidat";"Design og inn.|Master of Science in Design and Innovation|Master of Science in Engineering|kandidat";"und";"56d754b3bf194551020004d1";"";"56d754b3bf194551020004d1";"DTU Department of Technology, Management and Economics";"sorbit";"sorbit";"Behavioural design for back health|Adfærdsdesign for rygpatienter"
"";"dtu|dtupub|third_party";"";"2022-01-03T13:15:50.595Z";"Kallasse, Maarja-Helena";"";"2292735534";"";"dtu";"2015";"";"";"";"";"thesis";"dtu|dtu_electronic|dtupub|dtupub_electronic";"";"";"";"";"";"";"";"";"";"";"";"";"";"Master of Science in Engineering|Master of Science in Materials and Manufacturing Engineering|Materialetek.|kandidat";"Master of Science in Engineering|Master of Science in Materials and Manufacturing Engineering|Materialetek.|kandidat";"Master of Science in Engineering|Master of Science in Materials and Manufacturing Engineering|Materialetek.|kandidat";"und";"56d754b1bf19455102000425";"";"56d754b1bf19455102000425";"DTU Department of Civil and Mechanical Engineering";"sorbit";"sorbit";"Accuracy of Computed Tomography for multi-material assemblies|Præcision af CT skanning pa multimaterialer"
"";"dtu|dtupub|third_party";"";"2022-01-03T13:15:54.966Z";"Kantsø, Jacob Agerbæk";"";"2292735246";"";"dtu";"2015";"";"";"";"";"thesis";"dtu|dtu_electronic|dtupub|dtupub_electronic";"";"";"";"";"";"";"";"";"";"";"";"";"";"Bæredygtig energi|Master of Science in Engineering|Master of Science in Sustainable Energy|kandidat";"Bæredygtig energi|Master of Science in Engineering|Master of Science in Sustainable Energy|kandidat";"Bæredygtig energi|Master of Science in Engineering|Master of Science in Sustainable Energy|kandidat";"und";"56d754b0bf19455102000360";"";"56d754b0bf19455102000360";"DTU Department of Civil and Mechanical Engineering";"sorbit";"sorbit";"Experimental analysis of heat transfer in pulsating refrigerant flow|Eksperimentel undersøgelse af varmeoverføring i pulserende kølemiddelstrøm"
"";"dtu|dtupub|third_party";"";"2022-01-03T13:15:53.429Z";"Li, Jin Ri";"";"2292735545";"";"dtu";"2015";"";"";"";"";"thesis";"dtu|dtu_electronic|dtupub|dtupub_electronic";"";"";"";"";"";"";"";"";"";"";"";"";"";"Master of Science in Engineering|Master of Science in Engineering Management|Planl. innovation og led.|kandidat";"Master of Science in Engineering|Master of Science in Engineering Management|Planl. innovation og led.|kandidat";"Master of Science in Engineering|Master of Science in Engineering Management|Planl. innovation og led.|kandidat";"und";"56d754b1bf19455102000430";"";"56d754b1bf19455102000430";"DTU Department of Technology, Management and Economics";"sorbit";"sorbit";"Compartive sustainability assessment of shelf systems made from virgin and recycled materials as well and the market for furniture made from recycled materials|Komparativ bæredygtighedsvurdering af reolsystemer lavet af nye og genanvendte materialer samt markedet for møbler lavet af genbrugsmaterialer"
"";"dtu|dtupub|third_party";"";"2022-01-03T13:11:38.480Z";"Vromans, Michiel Hendricus Johannes";"";"2292735837";"";"dtu";"2015";"";"";"";"";"thesis";"dtu|dtu_electronic|dtupub_external";"";"";"";"";"";"";"";"";"";"";"";"";"";"Bæredygtig energi|Master of Science in Engineering|Master of Science in Sustainable Energy|kandidat";"Bæredygtig energi|Master of Science in Engineering|Master of Science in Sustainable Energy|kandidat";"Bæredygtig energi|Master of Science in Engineering|Master of Science in Sustainable Energy|kandidat";"und";"56d754b3bf19455102000532";"";"56d754b3bf19455102000532";"DTU Department of Civil and Mechanical Engineering";"sorbit";"sorbit";"Thermodynamic evaluation of a novel gas turbine concept for solar thermal power plants|Termodynamisk evaluering af et innovativt gasturbinekoncept til solkraftværker"
"";"dtu|dtupub|third_party";"";"2022-01-03T13:16:24.982Z";"Opøien, Elisabeth|Andersen, Jakob Hildebrandt";"";"2292735069";"";"dtu";"2015";"";"";"";"";"thesis";"dtu|dtu_electronic|dtupub|dtupub_electronic";"";"";"";"";"";"";"";"";"";"";"";"";"";"Master of Science in Engineering|Master of Science in Engineering Management|Planl. innovation og led.|kandidat";"Master of Science in Engineering|Master of Science in Engineering Management|Planl. innovation og led.|kandidat";"Master of Science in Engineering|Master of Science in Engineering Management|Planl. innovation og led.|kandidat";"und";"56d754afbf194551020002e8";"";"56d754afbf194551020002e8";"DTU Department of Electrical and Photonics Engineering";"sorbit";"sorbit";"Healthy light – An opportunity for innovation|Sundt lys - En mulighed for innovation"
"";"dtu|dtupub|third_party";"";"2022-01-03T13:16:19.738Z";"Bunk, Emil";"";"2292734627";"";"dtu";"2016";"";"";"";"";"thesis";"dtu|dtu_electronic|dtupub|dtupub_electronic";"";"";"";"";"";"";"";"";"";"";"";"";"";"Digitale medietek.|Master of Science in Digital Media Engineering|Master of Science in Engineering|kandidat";"Digitale medietek.|Master of Science in Digital Media Engineering|Master of Science in Engineering|kandidat";"Digitale medietek.|Master of Science in Digital Media Engineering|Master of Science in Engineering|kandidat";"und";"56d754acbf194551020001a7";"";"56d754acbf194551020001a7";"DTU Department of Applied Mathematics and Computer Science";"sorbit";"sorbit";"The influence of mental state on eye movements|Den mentale tilstands indflydelse pa øjenbevægelser"
"";"dtu|dtupub|third_party";"";"2022-01-03T13:12:14.268Z";"Jensen, Camilla Damsgaard";"";"2292735335";"";"dtu";"2015";"";"";"";"";"thesis";"dtu|dtu_electronic|dtupub_external";"";"";"";"";"";"";"";"";"";"";"";"";"";"Farmateknologi|Master of Science in Engineering|Master of Science in Pharmaceutical Design and Engineering|kandidat";"Farmateknologi|Master of Science in Engineering|Master of Science in Pharmaceutical Design and Engineering|kandidat";"Farmateknologi|Master of Science in Engineering|Master of Science in Pharmaceutical Design and Engineering|kandidat";"und";"56d754b0bf1945510200039a";"";"56d754b0bf1945510200039a";"DTU Department of Biotechnology and Biomedicine";"sorbit";"sorbit";"Relations between CD4 T cell recall responses in allergic patients and their HLA haplotype, considering predicted HLA binding of tested epitopes|Relationer mellem CD4 T celle genkaldelses responser i allergiske patienter og deres HLA haplotype, ved at forudsige HLA binding af testede epitoper"
"";"dtu|dtupub|third_party";"";"2022-01-03T13:15:51.284Z";"Ahlmann-Ohlsen, Elisabeth";"";"2292735541";"";"dtu";"2015";"";"";"";"";"thesis";"dtu|dtu_electronic|dtupub|dtupub_electronic";"";"";"";"";"";"";"";"";"";"";"";"";"";"Farmateknologi|Master of Science in Engineering|Master of Science in Pharmaceutical Design and Engineering|kandidat";"Farmateknologi|Master of Science in Engineering|Master of Science in Pharmaceutical Design and Engineering|kandidat";"Farmateknologi|Master of Science in Engineering|Master of Science in Pharmaceutical Design and Engineering|kandidat";"und";"56d754b1bf1945510200042c";"";"56d754b1bf1945510200042c";"DTU Department of Chemical and Biochemical Engineering";"sorbit";"sorbit";"Enzymatic degradation of tattoo inks|Enzymatisk nedbrydning af tatoveringsfarver"
"";"dtu|dtupub|third_party";"";"2022-01-03T13:15:41.782Z";"Nielsen, Jesper Emil";"";"2292737153";"";"dtu";"2015";"";"";"";"";"thesis";"dtu|dtu_electronic|dtupub|dtupub_electronic";"";"";"";"";"";"";"";"";"";"";"";"";"";"Bioteknologi|Master of Science in Biotechnology|Master of Science in Engineering|kandidat";"Bioteknologi|Master of Science in Biotechnology|Master of Science in Engineering|kandidat";"Bioteknologi|Master of Science in Biotechnology|Master of Science in Engineering|kandidat";"und";"56d754b9bf194551020008da";"";"56d754b9bf194551020008da";"DTU Department of Biotechnology and Biomedicine";"sorbit";"sorbit";"Optimizing the genetic background of the yeast Saccharomyces cerevisiae for vanillin glucoside production|Optimering af den genetiske baggrund i gær Saccharomyces cerevisiae for produktion af vanillin glykosid"
"";"dtu|dtupub|third_party";"";"2022-01-03T13:15:37.172Z";"Molas, Anna Maria Boleda";"";"2292737337";"";"dtu";"2015";"";"";"";"";"thesis";"dtu|dtu_electronic|dtupub_external";"";"";"";"";"";"";"";"";"";"";"";"";"";"Master of Science in Engineering|Master of Science in Transportation and Logistics|Transp. og logistik|kandidat";"Master of Science in Engineering|Master of Science in Transportation and Logistics|Transp. og logistik|kandidat";"Master of Science in Engineering|Master of Science in Transportation and Logistics|Transp. og logistik|kandidat";"und";"56d754babf19455102000982";"";"56d754babf19455102000982";"DTU Department of Technology, Management and Economics";"sorbit";"sorbit";"Maritime infrastructure optimization|Optimering af maritim infrastruktur"
"";"dtu|dtupub|third_party";"";"2022-01-03T13:12:08.991Z";"Traustason, Elvar Steinn";"";"2292736347";"";"dtu";"2015";"";"";"";"";"thesis";"dtu|dtu_electronic|dtupub|dtupub_electronic";"";"";"";"";"";"";"";"";"";"";"";"";"";"Fødevareteknologi|Master of Science in Engineering|Master of Science in Food Technology|kandidat";"Fødevareteknologi|Master of Science in Engineering|Master of Science in Food Technology|kandidat";"Fødevareteknologi|Master of Science in Engineering|Master of Science in Food Technology|kandidat";"und";"56d754b6bf1945510200068d";"";"56d754b6bf1945510200068d";"DTU DTU National Food Institute";"sorbit";"sorbit";"Comparing the effect of catching methods on the quality of filleted Atlantic cod|Sammenligning af effekten af fangstmetoder pa kvaliteten af fileteret Atlantisk torsk"
"";"dtu|dtupub|third_party";"";"2022-01-06T23:53:58.575Z";"Jacobsen, Martin";"";"2313645415";"";"dtu";"2016";"";"";"";"";"thesis";"dtu|dtu_electronic|dtupub|dtupub_electronic";"";"";"";"";"";"";"";"";"";"";"";"";"";"Master of Science in Engineering|Master of Science in Engineering Management|Planl. innovation og led.|kandidat";"Master of Science in Engineering|Master of Science in Engineering Management|Planl. innovation og led.|kandidat";"Master of Science in Engineering|Master of Science in Engineering Management|Planl. innovation og led.|kandidat";"und";"57ab09463fec415c3b0000bf";"";"57ab09463fec415c3b0000bf";"DTU Department of Technology, Management and Economics";"sorbit";"sorbit";"How Cognitive Biases can Lead to Irrational Decisions in Projects, and How to Avoid Making Them|Hvordan kognitive biaser kan lede til irrationelle beslutninger i projekter og hvordan disse kan undgas"
"";"dtu|dtupub|third_party";"";"2022-01-03T13:07:16.008Z";"Dsouza, Jim Aldon";"";"2342367035";"";"dtu";"2016";"";"";"";"";"thesis";"dtu|dtu_electronic|dtupub|dtupub_electronic";"";"";"";"";"";"";"";"";"";"";"";"";"";"Elektrotek.|Master of Science in Electrical Engineering|Master of Science in Engineering|kandidat";"Elektrotek.|Master of Science in Electrical Engineering|Master of Science in Engineering|kandidat";"Elektrotek.|Master of Science in Electrical Engineering|Master of Science in Engineering|kandidat";"und";"57c567468784c77e70000094";"";"57c567468784c77e70000094";"DTU Department of Electrical Engineering";"sorbit";"sorbit";"Mapping and Navigation for Space Robot System|Kortlægning og navigation til rumrobot-system"
"";"dtu|dtupub|third_party";"";"2022-01-03T13:16:27.800Z";"Sasivarevic, Damir";"";"2306791640";"";"dtu";"2016";"";"";"";"";"thesis";"dtu|dtu_electronic|dtupub_external";"";"";"";"";"";"";"";"";"";"";"";"";"";"Digitale medietek.|Master of Science in Digital Media Engineering|Master of Science in Engineering|kandidat";"Digitale medietek.|Master of Science in Digital Media Engineering|Master of Science in Engineering|kandidat";"Digitale medietek.|Master of Science in Digital Media Engineering|Master of Science in Engineering|kandidat";"und";"579743996bbf232e70000ecf";"";"579743996bbf232e70000ecf";"DTU Department of Applied Mathematics and Computer Science";"sorbit";"sorbit";"Machine learning for exercise management|Machine learning til planlægning af fysisk træning"
"";"dtu|dtupub|third_party";"";"2022-01-03T13:08:09.774Z";"Bodvarsdottir, Elin Bjørk";"";"2321127642";"";"dtu";"2016";"";"";"";"";"thesis";"dtu|dtu_electronic|dtupub|dtupub_electronic";"";"";"";"";"";"";"";"";"";"";"";"";"";"Master of Science in Engineering|Master of Science in Engineering Management|Planl. innovation og led.|kandidat";"Master of Science in Engineering|Master of Science in Engineering Management|Planl. innovation og led.|kandidat";"Master of Science in Engineering|Master of Science in Engineering Management|Planl. innovation og led.|kandidat";"und";"57b1a0c59baf2b177e00029c";"";"57b1a0c59baf2b177e00029c";"DTU Department of Technology, Management and Economics";"sorbit";"sorbit";"Nurse Rostering in the Emergency Department|Sygeplejerske vagtplanlægning"
"";"dtu|dtupub|third_party";"";"2022-01-03T13:07:33.155Z";"Jensen, Rasmus|Wessberg, Anders";"";"2306791775";"";"dtu";"2016";"";"";"";"";"thesis";"dtu|dtu_electronic|dtupub|dtupub_electronic";"";"";"";"";"";"";"";"";"";"";"";"";"";"Digitale medietek.|Master of Science in Digital Media Engineering|Master of Science in Engineering|kandidat";"Digitale medietek.|Master of Science in Digital Media Engineering|Master of Science in Engineering|kandidat";"Digitale medietek.|Master of Science in Digital Media Engineering|Master of Science in Engineering|kandidat";"und";"579743f86bbf232e70001152";"";"579743f86bbf232e70001152";"DTU Department of Applied Mathematics and Computer Science";"sorbit";"sorbit";"Eye Tracking and AI as a Game Mechanic|Øjen-sporing og AI som spil mekanik"
"";"dtu|dtupub|third_party";"";"2022-01-03T13:16:39.757Z";"Mikkelsen, Henrik|Steffensen, Mads Lund";"";"2307020651";"";"dtu";"2016";"";"";"";"";"thesis";"dtu|dtu_electronic|dtupub|dtupub_electronic";"";"";"";"";"";"";"";"";"";"";"";"";"";"Konst. og mekanik|Master of Science in Engineering|Master of Science in Engineering Design and Applied Mechanics|kandidat";"Konst. og mekanik|Master of Science in Engineering|Master of Science in Engineering Design and Applied Mechanics|kandidat";"Konst. og mekanik|Master of Science in Engineering|Master of Science in Engineering Design and Applied Mechanics|kandidat";"und";"57a1cf8212855c654e000256";"";"57a1cf8212855c654e000256";"DTU Department of Civil and Mechanical Engineering";"sorbit";"sorbit";"Full scale validation of CFD model of self-propelled ship|Fuldskala validering af CFD model af et selvfremdrevet skib"
"";"dtu|dtupub|third_party";"";"2022-01-03T13:07:53.542Z";"Hansen, Anna Louise";"";"2306668005";"";"dtu";"2016";"";"";"";"";"thesis";"dtu|dtu_electronic|dtupub|dtupub_electronic";"";"";"";"";"";"";"";"";"";"";"";"";"";"Akvatisk teknologi|Master in Science in Aquatic Science and Technology|Master of Science in Engineering|kandidat";"Akvatisk teknologi|Master in Science in Aquatic Science and Technology|Master of Science in Engineering|kandidat";"Akvatisk teknologi|Master in Science in Aquatic Science and Technology|Master of Science in Engineering|kandidat";"und";"578f59ce6bbf232e700002e7";"";"578f59ce6bbf232e700002e7";"DTU National Institute of Aquatic Resources";"sorbit";"sorbit";"Population structure amongst roach populations, historical and present effects|Populations struktur hos skallen, historiske og nutidige effekter."
"";"dtu|dtupub|third_party";"";"2022-01-03T13:16:22.258Z";"Jacobsen, Christian Herschend|Hartmann-Petersen, Adam Egelund";"";"2292734241";"";"dtu";"2016";"";"";"";"";"thesis";"dtu|dtu_electronic|dtupub_external";"";"";"";"";"";"";"";"";"";"";"";"";"";"Design og inn.|Master of Science in Design and Innovation|Master of Science in Engineering|kandidat";"Design og inn.|Master of Science in Design and Innovation|Master of Science in Engineering|kandidat";"Design og inn.|Master of Science in Design and Innovation|Master of Science in Engineering|kandidat";"und";"56d754aabf194551020000c9";"";"56d754aabf194551020000c9";"DTU Department of Technology, Management and Economics";"sorbit";"sorbit";"Configuration of in door climate at NCC|konfigurering af indeklima hos NCC"
"";"dtu|dtupub|third_party";"";"2022-01-03T13:16:22.312Z";"Rosenstrøm, Minette Louise Geleff";"";"2305633448";"";"dtu";"2016";"";"";"";"";"thesis";"dtu|dtu_electronic|dtupub|dtupub_electronic";"";"";"";"";"";"";"";"";"";"";"";"";"";"Bioteknologi|Master of Science in Biotechnology|Master of Science in Engineering|kandidat";"Bioteknologi|Master of Science in Biotechnology|Master of Science in Engineering|kandidat";"Bioteknologi|Master of Science in Biotechnology|Master of Science in Engineering|kandidat";"und";"575ea725e6f951534a00ecae";"";"575ea725e6f951534a00ecae";"DTU National Veterinary Institute";"sorbit";"sorbit";"Consequences of antibiotic combination therapy on resistance evolution|Konsekvenserne af antibiotika kombinationsterapi pa resistans evolution"
"";"dtu|dtupub|third_party";"";"2022-01-03T13:16:24.845Z";"Jacyno, Tomasz Krzysztof";"";"2305633466";"";"dtu";"2016";"";"";"";"";"thesis";"dtu|dtu_electronic|dtupub|dtupub_electronic";"";"";"";"";"";"";"";"";"";"";"";"";"";"Master of Science in Engineering|Master of Science in Petroleum Engineering|Olie- og gastek.|kandidat";"Master of Science in Engineering|Master of Science in Petroleum Engineering|Olie- og gastek.|kandidat";"Master of Science in Engineering|Master of Science in Petroleum Engineering|Olie- og gastek.|kandidat";"und";"575ea76ce6f951534a00efe7";"";"575ea76ce6f951534a00efe7";"DTU Department of Civil Engineering";"sorbit";"sorbit";"Permeability and elasticity of Polish Palaeozoic shale|Permeabilitet og elasticitet af en Palæozoisk lerskifer fra Polen"
"";"dtu|dtupub|third_party";"";"2022-01-03T13:15:27.266Z";"Grauballe, Mikkel Winsløw";"";"2292737152";"";"dtu";"2015";"";"";"";"";"thesis";"dtu|dtu_electronic|dtupub|dtupub_electronic";"";"";"";"";"";"";"";"";"";"";"";"";"";"Konst. og mekanik|Master of Science in Engineering|Master of Science in Engineering Design and Applied Mechanics|kandidat";"Konst. og mekanik|Master of Science in Engineering|Master of Science in Engineering Design and Applied Mechanics|kandidat";"Konst. og mekanik|Master of Science in Engineering|Master of Science in Engineering Design and Applied Mechanics|kandidat";"und";"56d754b9bf194551020008d7";"";"56d754b9bf194551020008d7";"DTU Department of Civil and Mechanical Engineering";"sorbit";"sorbit";"Dynamic Modeling of Annular Seals for Predicting Lateral Rotor Dynamic Stability|Dynamisk modellering af tætninger til forudsigelse af rotordynamisk stabilitet"
"";"dtu|dtupub|third_party";"";"2022-01-03T13:15:22.114Z";"Østergaard, Thomas";"";"2292737533";"";"dtu";"2015";"";"";"";"";"thesis";"dtu|dtu_electronic|dtupub|dtupub_electronic";"";"";"";"";"";"";"";"";"";"";"";"";"";"Fysik og nanotek.|Master of Science in Engineering|Master of Science in Physics and Nanotechnology|kandidat";"Fysik og nanotek.|Master of Science in Engineering|Master of Science in Physics and Nanotechnology|kandidat";"Fysik og nanotek.|Master of Science in Engineering|Master of Science in Physics and Nanotechnology|kandidat";"und";"56d754bbbf19455102000a1c";"";"56d754bbbf19455102000a1c";"DTU Department of Environmental and Resource Engineering";"sorbit";"sorbit";"Density Functional Theory calculations on phosphate binding peptides|Density Functional Theory beregninger pa fosfatbindende peptider"
"";"dtu|dtupub|third_party";"";"2022-01-03T13:12:18.664Z";"Jespersen, Sebastian Pirel Fredsgaard";"";"2305633347";"";"dtu";"2016";"";"";"";"";"thesis";"dtu|dtu_electronic|dtupub_external";"";"";"";"";"";"";"";"";"";"";"";"";"";"Fysik og nanotek.|Master of Science in Engineering|Master of Science in Physics and Nanotechnology|kandidat";"Fysik og nanotek.|Master of Science in Engineering|Master of Science in Physics and Nanotechnology|kandidat";"Fysik og nanotek.|Master of Science in Engineering|Master of Science in Physics and Nanotechnology|kandidat";"und";"575ea5fce6f951534a00def8";"";"575ea5fce6f951534a00def8";"DTU Department of Physics";"sorbit";"sorbit";"Resolution and sensitivity in electron microscopy for in situ studies in catalysis|Opløsning og følsomhed af elektronmikroskopi til in situ studier af katalysatorer"
"";"dtu|dtupub|third_party";"";"2022-01-03T13:16:25.187Z";"Gunnarsson, Egil";"";"2305856906";"";"dtu";"2016";"";"";"";"";"thesis";"dtu|dtu_electronic|dtupub|dtupub_electronic";"";"";"";"";"";"";"";"";"";"";"";"";"";"Konst. og mekanik|Master of Science in Engineering|Master of Science in Engineering Design and Applied Mechanics|kandidat";"Konst. og mekanik|Master of Science in Engineering|Master of Science in Engineering Design and Applied Mechanics|kandidat";"Konst. og mekanik|Master of Science in Engineering|Master of Science in Engineering Design and Applied Mechanics|kandidat";"und";"576286c14d87d62e7500000b";"";"576286c14d87d62e7500000b";"DTU Department of Civil and Mechanical Engineering";"sorbit";"sorbit";"A study of stresses in fibre composite tensile armour wires used for flexible pipes|Spændingsundersøgelse af fiberkomposit-trækarmering i fleksible rør"
"";"dtu|dtupub|third_party";"";"2022-01-03T13:15:25.922Z";"Elliot, Samuel Gilbert";"";"2292737486";"";"dtu";"2015";"";"";"";"";"thesis";"dtu|dtu_electronic|dtupub|dtupub_electronic";"";"";"";"";"";"";"";"";"";"";"";"";"";"Anvendt kemi|Master of Science in Advanced and Applied Chemistry|Master of Science in Engineering|kandidat";"Anvendt kemi|Master of Science in Advanced and Applied Chemistry|Master of Science in Engineering|kandidat";"Anvendt kemi|Master of Science in Advanced and Applied Chemistry|Master of Science in Engineering|kandidat";"und";"56d754bbbf194551020009f5";"";"56d754bbbf194551020009f5";"DTU Department of Chemistry";"sorbit";"sorbit";"Zeotype-catalyzed conversion of carbohydrates to lactic acid derivatives|Zeotype-katalyseret omdannelse af kuldrater til mælkesyrederivater"
"";"dtu|dtupub|third_party";"";"2022-01-03T13:08:12.372Z";"Witt, Stine Presutti";"";"2307137912";"";"dtu";"2016";"";"";"";"";"thesis";"dtu|dtu_electronic|dtupub|dtupub_electronic";"";"";"";"";"";"";"";"";"";"";"";"";"";"Fødevareteknologi|Master of Science in Engineering|Master of Science in Food Technology|kandidat";"Fødevareteknologi|Master of Science in Engineering|Master of Science in Food Technology|kandidat";"Fødevareteknologi|Master of Science in Engineering|Master of Science in Food Technology|kandidat";"und";"57a8664412855c654e00044a";"";"57a8664412855c654e00044a";"DTU DTU National Food Institute";"sorbit";"sorbit";"Proteolysis of camel milk by lactic acid bacteria|Mælkesyrebakteriers proteolyse af kamelmælk"
"";"dtu|dtupub|third_party";"";"2022-01-03T13:10:07.242Z";"Christensen, Silas";"";"2292737433";"";"dtu";"2015";"";"";"";"";"thesis";"dtu|dtu_electronic|dtupub_external";"";"";"";"";"";"";"";"";"";"";"";"";"";"Elektrotek.|Master of Science in Electrical Engineering|Master of Science in Engineering|kandidat";"Elektrotek.|Master of Science in Electrical Engineering|Master of Science in Engineering|kandidat";"Elektrotek.|Master of Science in Electrical Engineering|Master of Science in Engineering|kandidat";"und";"56d754babf194551020009c1";"";"56d754babf194551020009c1";"DTU Department of Electrical Engineering";"sorbit";"sorbit";"Cooled Ku Band Low Noise Amplifier|Kølet Ku-bands lavstøjs-forstærker"
"";"dtu|dtupub|third_party";"";"2022-01-03T13:10:52.406Z";"Vaarby, Thomas Christian";"";"2292737370";"";"dtu";"2015";"";"";"";"";"thesis";"dtu|dtu_electronic|dtupub|dtupub_electronic";"";"";"";"";"";"";"";"";"";"";"";"";"";"Anvendt kemi|Master of Science in Advanced and Applied Chemistry|Master of Science in Engineering|kandidat";"Anvendt kemi|Master of Science in Advanced and Applied Chemistry|Master of Science in Engineering|kandidat";"Anvendt kemi|Master of Science in Advanced and Applied Chemistry|Master of Science in Engineering|kandidat";"und";"56d754babf19455102000998";"";"56d754babf19455102000998";"DTU Department of Chemistry";"sorbit";"sorbit";"Synthesis of homocarboxypiperazines|Syntese af homocarboxypiperaziner"
"";"dtu|dtupub|third_party";"";"2022-01-03T13:15:26.116Z";"Vase, Pernille Schiødt";"";"2292737235";"";"dtu";"2015";"";"";"";"";"thesis";"dtu|dtu_electronic|dtupub_external";"";"";"";"";"";"";"";"";"";"";"";"";"";"Farmateknologi|Master of Science in Engineering|Master of Science in Pharmaceutical Design and Engineering|kandidat";"Farmateknologi|Master of Science in Engineering|Master of Science in Pharmaceutical Design and Engineering|kandidat";"Farmateknologi|Master of Science in Engineering|Master of Science in Pharmaceutical Design and Engineering|kandidat";"und";"56d754babf1945510200092a";"";"56d754babf1945510200092a";"DTU Department of Chemistry";"sorbit";"sorbit";"Optimization of clearance protocol for more robust determination of intrinsic clearance for metabolically stable compounds|Optimering af intrinsic clearance protokol for metabolisk stabile stoffer med henblik pa at øge robustheden."
"";"dtu|dtupub|third_party";"";"2022-01-03T13:06:23.377Z";"Lerche, Henriette";"";"2305977990";"";"dtu";"2016";"";"";"";"";"thesis";"dtu|dtu_electronic|dtupub|dtupub_electronic";"";"";"";"";"";"";"";"";"";"";"";"";"";"åben udd.";"åben udd.";"åben udd.";"und";"576bc140ad42d0341700000b";"";"576bc140ad42d0341700000b";"DTU Department of Technology, Management and Economics";"sorbit";"sorbit";"Employee participation in design of new ways of working in new buildings|Inddragelse af medarbejderne i skabelsen af nye samarbejdsformer i nye bygninger"
"";"dtu|dtupub|third_party";"";"2022-01-03T13:07:18.421Z";"Tang, Camilla";"";"2306921402";"";"dtu";"2016";"";"";"";"";"thesis";"dtu|dtu_electronic|dtupub|dtupub_electronic";"";"";"";"";"";"";"";"";"";"";"";"";"";"Master of Science in Engineering|Master of Science in Environmental Engineering|Miljøteknologi|kandidat";"Master of Science in Engineering|Master of Science in Environmental Engineering|Miljøteknologi|kandidat";"Master of Science in Engineering|Master of Science in Environmental Engineering|Miljøteknologi|kandidat";"und";"579dda576bbf232e70001537";"";"579dda576bbf232e70001537";"DTU Department of Environmental and Resource Engineering";"sorbit";"sorbit";"Optimization of pellets from softening in drinking water treatment|Optimering af pellets fra blødgøring i drikkevandsbehandling"
"";"dtu|dtupub|third_party";"";"2022-01-03T13:15:42.462Z";"Skals, Emil";"";"2292734983";"";"dtu";"2015";"";"";"";"";"thesis";"dtu|dtu_electronic|dtupub_external";"";"";"";"";"";"";"";"";"";"";"";"";"";"Design og inn.|Master of Science in Design and Innovation|Master of Science in Engineering|kandidat";"Design og inn.|Master of Science in Design and Innovation|Master of Science in Engineering|kandidat";"Design og inn.|Master of Science in Design and Innovation|Master of Science in Engineering|kandidat";"und";"56d754aebf194551020002ae";"";"56d754aebf194551020002ae";"DTU Department of Technology, Management and Economics";"sorbit";"sorbit";"Implementation of Strategy Projects from a Sociotechnical Perspective|Implementering af strategiprojekter fra et socioteknisk perspektiv."
"";"dtu|dtupub|third_party";"";"2022-01-03T13:16:10.841Z";"Raj, Apurva";"";"2292735412";"";"dtu";"2015";"";"";"";"";"thesis";"dtu|dtu_electronic|dtupub|dtupub_electronic";"";"";"";"";"";"";"";"";"";"";"";"";"";"Master of Science in Engineering|Master of Science in Wind Energy|Vindenergi|kandidat";"Master of Science in Engineering|Master of Science in Wind Energy|Vindenergi|kandidat";"Master of Science in Engineering|Master of Science in Wind Energy|Vindenergi|kandidat";"und";"56d754b0bf194551020003b1";"";"56d754b0bf194551020003b1";"DTU Department of Wind and Energy Systems";"sorbit";"sorbit";"Numerical modelling of fluid-structure interactions for kite power systems|Numerisk modellering af fluid-struktur interaktion for vind energi drage"
"";"dtu|dtupub|third_party";"";"2022-01-03T13:15:43.031Z";"Sævarsson, Jóhann Valur";"";"2292735539";"";"dtu";"2015";"";"";"";"";"thesis";"dtu|dtu_electronic|dtupub_external";"";"";"";"";"";"";"";"";"";"";"";"";"";"Master of Science in Engineering|Master of Science in Engineering Management|Planl. innovation og led.|kandidat";"Master of Science in Engineering|Master of Science in Engineering Management|Planl. innovation og led.|kandidat";"Master of Science in Engineering|Master of Science in Engineering Management|Planl. innovation og led.|kandidat";"und";"56d754b1bf19455102000429";"";"56d754b1bf19455102000429";"DTU Department of Technology, Management and Economics";"sorbit";"sorbit";"Lean in relation to telecommunication services|Lean i telekommunikationsindustrien"
"";"dtu|dtupub|third_party";"";"2022-01-03T13:16:19.716Z";"Reppien, Patrik";"";"2292734650";"";"dtu";"2015";"";"";"";"";"thesis";"dtu|dtu_electronic|dtupub|dtupub_electronic";"";"";"";"";"";"";"";"";"";"";"";"";"";"Informationstek.|Master of Science in Computer Science and Engineering|Master of Science in Engineering|kandidat";"Informationstek.|Master of Science in Computer Science and Engineering|Master of Science in Engineering|kandidat";"Informationstek.|Master of Science in Computer Science and Engineering|Master of Science in Engineering|kandidat";"und";"56d754acbf194551020001c0";"";"56d754acbf194551020001c0";"DTU Department of Applied Mathematics and Computer Science";"sorbit";"sorbit";"A framework for database-driven web applications|Et rammeværk for database-baserede webapplikationer"
"";"dtu|dtupub|third_party";"";"2022-01-03T13:07:31.913Z";"Pekala, Adam Dominik";"";"2306791584";"";"dtu";"2016";"";"";"";"";"thesis";"dtu|dtu_electronic|dtupub|dtupub_electronic";"";"";"";"";"";"";"";"";"";"";"";"";"";"Byggetek.|Master of Science in Civil Engineering|Master of Science in Engineering|kandidat";"Byggetek.|Master of Science in Civil Engineering|Master of Science in Engineering|kandidat";"Byggetek.|Master of Science in Civil Engineering|Master of Science in Engineering|kandidat";"und";"579743926bbf232e70000e98";"";"579743926bbf232e70000e98";"DTU Department of Civil Engineering";"sorbit";"sorbit";"Construction of high rise buildings using SL-slab technology with fixed-end connections|Opførelse af højhuse med ende-indespændt SL-dæk teknologi"
"";"dtu|dtupub|third_party";"";"2022-01-03T13:07:53.610Z";"Löw, Vera Karin";"";"2307050975";"";"dtu";"2016";"";"";"";"";"thesis";"dtu|dtu_electronic|dtupub|dtupub_electronic";"";"";"";"";"";"";"";"";"";"";"";"";"";"Akustisk tek.|Master of Science in Engineering|Master of Science in Engineering Acoustics|kandidat";"Akustisk tek.|Master of Science in Engineering|Master of Science in Engineering Acoustics|kandidat";"Akustisk tek.|Master of Science in Engineering|Master of Science in Engineering Acoustics|kandidat";"und";"57a3206912855c654e00031e";"";"57a3206912855c654e00031e";"DTU Department of Electrical Engineering";"sorbit";"sorbit";"Spatial release from masking in complex acoustical scenes and the effect of hearing aid processing|Spatial maskeringsreduktion i komplekse akustiske miljøer og effekten af høreapparatsprocessering"
"";"dtu|dtupub|third_party";"";"2022-01-06T23:53:50.895Z";"Lundquist, Casper Wolf";"";"2306823447";"";"dtu";"2016";"";"";"";"";"thesis";"dtu|dtu_electronic|dtupub_external";"";"";"";"";"";"";"";"";"";"";"";"";"";"Kemisk/biokemisk tek.|Master of Science in Chemical and Biochemical Engineering|Master of Science in Engineering|kandidat";"Kemisk/biokemisk tek.|Master of Science in Chemical and Biochemical Engineering|Master of Science in Engineering|kandidat";"Kemisk/biokemisk tek.|Master of Science in Chemical and Biochemical Engineering|Master of Science in Engineering|kandidat";"und";"579894526bbf232e7000116b";"";"579894526bbf232e7000116b";"DTU Department of Chemical and Biochemical Engineering";"sorbit";"sorbit";"Improved dissolved oxygen control in fermentations|Forbedret oxygen regulering i fermentering"
"";"dtu|dtupub|third_party";"";"2022-01-06T23:53:57.215Z";"Langvad, Simon";"";"2306526603";"";"dtu";"2016";"";"";"";"";"thesis";"dtu|dtu_electronic|dtupub|dtupub_electronic";"";"";"";"";"";"";"";"";"";"";"";"";"";"Akvatisk teknologi|Master in Science in Aquatic Science and Technology|Master of Science in Engineering|kandidat";"Akvatisk teknologi|Master in Science in Aquatic Science and Technology|Master of Science in Engineering|kandidat";"Akvatisk teknologi|Master in Science in Aquatic Science and Technology|Master of Science in Engineering|kandidat";"und";"5788c2436bbf232e7000012a";"";"5788c2436bbf232e7000012a";"DTU DTU National Food Institute";"sorbit";"sorbit";"Evaluation of the oxidative stability of microalgae powder and the influence of natural antioxidants|Undersøgelse af den oxidative stabilitet af mikroalgepulver og indflydelse af naturlige antioxidanter"
"";"dtu|dtupub|third_party";"";"2022-01-03T13:15:42.814Z";"Billeskov, Oliver";"";"2292735324";"";"dtu";"2015";"";"";"";"";"thesis";"dtu|dtu_electronic|dtupub|dtupub_electronic";"";"";"";"";"";"";"";"";"";"";"";"";"";"Konst. og mekanik|Master of Science in Engineering|Master of Science in Engineering Design and Applied Mechanics|kandidat";"Konst. og mekanik|Master of Science in Engineering|Master of Science in Engineering Design and Applied Mechanics|kandidat";"Konst. og mekanik|Master of Science in Engineering|Master of Science in Engineering Design and Applied Mechanics|kandidat";"und";"56d754b0bf1945510200038f";"";"56d754b0bf1945510200038f";"DTU Department of Civil and Mechanical Engineering";"sorbit";"sorbit";"Predicting the extreme loads on a 40 chamber Oscillating Water Column Wave Energy Device|Bestemmelse af ektreme laster pa en 40 kammer Oscillating Water Column Wave Energy Device."
"";"dtu|dtupub|third_party";"";"2022-01-03T13:11:33.278Z";"Fjellerup, Kasper";"";"2292735645";"";"dtu";"2015";"";"";"";"";"thesis";"dtu|dtu_electronic|dtupub|dtupub_electronic";"";"";"";"";"";"";"";"";"";"";"";"";"";"Kemisk/biokemisk tek.|Master of Science in Chemical and Biochemical Engineering|Master of Science in Engineering|kandidat";"Kemisk/biokemisk tek.|Master of Science in Chemical and Biochemical Engineering|Master of Science in Engineering|kandidat";"Kemisk/biokemisk tek.|Master of Science in Chemical and Biochemical Engineering|Master of Science in Engineering|kandidat";"und";"56d754b2bf19455102000490";"";"56d754b2bf19455102000490";"DTU Department of Chemical and Biochemical Engineering";"sorbit";"sorbit";"Sustainable process networks for carbon dioxide conversion|Sustainable process networks for carbon dioxide conversion"
"";"dtu|dtupub|third_party";"";"2022-01-03T13:11:38.544Z";"Hansen, Tine Frimodt";"";"2292737003";"";"dtu";"2015";"";"";"";"";"thesis";"dtu|dtu_electronic|dtupub_external";"";"";"";"";"";"";"";"";"";"";"";"";"";"Design og inn.|Master of Science in Design and Innovation|Master of Science in Engineering|kandidat";"Design og inn.|Master of Science in Design and Innovation|Master of Science in Engineering|kandidat";"Design og inn.|Master of Science in Design and Innovation|Master of Science in Engineering|kandidat";"und";"56d754b9bf19455102000855";"";"56d754b9bf19455102000855";"DTU Department of Applied Mathematics and Computer Science";"sorbit";"sorbit";"Reengineering of health care systems with applied LEAN User Experience|Reengineering af health care systemer med anvendelse af LEAN User Experience"
"";"dtu|dtupub|third_party";"";"2022-01-03T13:11:40.144Z";"Caramaschi, Matteo";"";"2292735595";"";"dtu";"2015";"";"";"";"";"thesis";"dtu|dtu_electronic|dtupub_external";"";"";"";"";"";"";"";"";"";"";"";"";"";"Bæredygtig energi|Master of Science in Engineering|Master of Science in Sustainable Energy|kandidat";"Bæredygtig energi|Master of Science in Engineering|Master of Science in Sustainable Energy|kandidat";"Bæredygtig energi|Master of Science in Engineering|Master of Science in Sustainable Energy|kandidat";"und";"56d754b2bf19455102000462";"";"56d754b2bf19455102000462";"DTU Department of Civil and Mechanical Engineering";"sorbit";"sorbit";"Integration of Micro Booster Heat Pump Units for Domestic Hot Water Preparation in Low-Temperature District Heating Networks|Integration af mikro booster varmepumpe til varmt brugsvand i lavtemperatur-fjernvarmenet"
"";"dtu|dtupub|third_party";"";"2022-01-03T13:11:37.095Z";"Hartlev, Charlotte Gram|Durazo, Christine Boysen";"";"2292735803";"";"dtu";"2015";"";"";"";"";"thesis";"dtu|dtu_electronic|dtupub|dtupub_electronic";"";"";"";"";"";"";"";"";"";"";"";"";"";"Design og inn.|Master of Science in Design and Innovation|Master of Science in Engineering|kandidat";"Design og inn.|Master of Science in Design and Innovation|Master of Science in Engineering|kandidat";"Design og inn.|Master of Science in Design and Innovation|Master of Science in Engineering|kandidat";"und";"56d754b3bf19455102000513";"";"56d754b3bf19455102000513";"DTU Department of Technology, Management and Economics";"sorbit";"sorbit";"Behavioral design: The development of a new design method|Adfærdsdesign - Udviklingen af en ny designmetode"
"";"dtu|dtupub|third_party";"";"2022-01-11T08:43:40.161Z";"Øxenhave, Rasmus";"";"2306852168";"";"dtu";"2016";"";"";"";"";"thesis";"dtu|dtu_electronic|dtupub|dtupub_electronic";"";"";"";"";"";"";"";"";"";"";"";"";"";"Bæredygtig energi|Master of Science in Engineering|Master of Science in Sustainable Energy|kandidat";"Bæredygtig energi|Master of Science in Engineering|Master of Science in Sustainable Energy|kandidat";"Bæredygtig energi|Master of Science in Engineering|Master of Science in Sustainable Energy|kandidat";"und";"5799e5cd6bbf232e70001228";"";"5799e5cd6bbf232e70001228";"DTU Department of Civil and Mechanical Engineering";"sorbit";"sorbit";"Design and Optimization of Cooling of Data Centers|Design og optimering af datacenterkøling"
"";"dtu|dtupub|third_party";"";"2022-01-03T13:16:39.733Z";"Pedersen, Louise Ellegaard";"";"2306823625";"";"dtu";"2016";"";"";"";"";"thesis";"dtu|dtu_electronic|dtupub|dtupub_electronic";"";"";"";"";"";"";"";"";"";"";"";"";"";"";"";"";"und";"579894896bbf232e700011cb";"";"579894896bbf232e700011cb";"DTU National Veterinary Institute";"sorbit";"sorbit";"Rotavirus in danish weaners|Rotavirus i danske fravænningsgrise"
"";"dtu|dtupub|third_party";"";"2022-01-03T13:12:51.793Z";"Björnsson, Ari Hrannar|Hardarson, Ragnar";"";"2306586992";"";"dtu";"2016";"";"";"";"";"thesis";"dtu|dtu_electronic|dtupub|dtupub_electronic";"";"";"";"";"";"";"";"";"";"";"";"";"";"Informationstek.|Master of Science in Computer Science and Engineering|Master of Science in Engineering|kandidat";"Informationstek.|Master of Science in Computer Science and Engineering|Master of Science in Engineering|kandidat";"Informationstek.|Master of Science in Computer Science and Engineering|Master of Science in Engineering|kandidat";"und";"578cb6c56bbf232e70000225";"";"578cb6c56bbf232e70000225";"DTU Department of Applied Mathematics and Computer Science";"sorbit";"sorbit";"MOCCASIN - A Model Collection, Curation, Archiving & Search Infrastructure|MOCCASIN - en model samling, kuration, arkivering and søgning infrastruktur"
"";"dtu|dtupub|third_party";"";"2022-01-03T13:16:22.244Z";"Bjerregaard, Jesper";"";"2292734246";"";"dtu";"2016";"";"";"";"";"thesis";"dtu|dtu_electronic|dtupub|dtupub_electronic";"";"";"";"";"";"";"";"";"";"";"";"";"";"Akustisk tek.|Master of Science in Engineering|Master of Science in Engineering Acoustics|kandidat";"Akustisk tek.|Master of Science in Engineering|Master of Science in Engineering Acoustics|kandidat";"Akustisk tek.|Master of Science in Engineering|Master of Science in Engineering Acoustics|kandidat";"und";"56d754aabf194551020000cc";"";"56d754aabf194551020000cc";"DTU Department of Electrical Engineering";"sorbit";"sorbit";"Numerical computation of absorbers with finite geometry|Numeriske beregninger af absorbere med endelig geometri"
"";"dtu|dtupub|third_party";"";"2022-01-06T23:53:33.745Z";"Holm, Henrik Laumand";"";"2305633454";"";"dtu";"2016";"";"";"";"";"thesis";"dtu|dtu_electronic|dtupub|dtupub_electronic";"";"";"";"";"";"";"";"";"";"";"";"";"";"Digitale medietek.|Master of Science in Digital Media Engineering|Master of Science in Engineering|kandidat";"Digitale medietek.|Master of Science in Digital Media Engineering|Master of Science in Engineering|kandidat";"Digitale medietek.|Master of Science in Digital Media Engineering|Master of Science in Engineering|kandidat";"und";"575ea740e6f951534a00ee1c";"";"575ea740e6f951534a00ee1c";"DTU Department of Applied Mathematics and Computer Science";"sorbit";"sorbit";"Mobile App Protype for Heart Disease Patients Support using HealthKit|En mobile app prototype til support af hjertepatienter baseret pa HealthKit"
"";"dtu|dtupub|third_party";"";"2022-01-03T13:16:27.688Z";"Topsøe, Tine Jarman";"";"2292734183";"";"dtu";"2016";"";"";"";"";"thesis";"dtu|dtu_electronic|dtupub|dtupub_electronic";"";"";"";"";"";"";"";"";"";"";"";"";"";"Master of Science in Engineering|Master of Science in Mathematical Modelling and Computation|Mat. modellering|kandidat";"Master of Science in Engineering|Master of Science in Mathematical Modelling and Computation|Mat. modellering|kandidat";"Master of Science in Engineering|Master of Science in Mathematical Modelling and Computation|Mat. modellering|kandidat";"und";"56d754aabf194551020000a0";"";"56d754aabf194551020000a0";"DTU Department of Applied Mathematics and Computer Science";"sorbit";"sorbit";"Cryptanalysis of the Bel-T block cipher|Cryptanalysis of the Bel-T block cipher"
"";"dtu|dtupub|third_party";"";"2022-01-03T13:08:50.597Z";"Kreipke, Mikkel Wulff";"";"2306320249";"";"dtu";"2016";"";"";"";"";"thesis";"dtu|dtu_electronic|dtupub|dtupub_electronic";"";"";"";"";"";"";"";"";"";"";"";"";"";"Elektrotek.|Master of Science in Electrical Engineering|Master of Science in Engineering|kandidat";"Elektrotek.|Master of Science in Electrical Engineering|Master of Science in Engineering|kandidat";"Elektrotek.|Master of Science in Electrical Engineering|Master of Science in Engineering|kandidat";"und";"577b934237562d157a00014b";"";"577b934237562d157a00014b";"DTU Department of Electrical Engineering";"sorbit";"sorbit";"Vision based Robot Arm Control|Visionbaseret robotarmsstyring"
"";"dtu|dtupub|third_party";"";"2022-01-03T13:08:15.074Z";"Finnerup, Jens-Christian";"";"2342523953";"";"dtu";"2016";"";"";"";"";"thesis";"dtu|dtu_electronic|dtupub|dtupub_electronic";"";"";"";"";"";"";"";"";"";"";"";"";"";"Informationstek.|Master of Science in Computer Science and Engineering|Master of Science in Engineering|kandidat";"Informationstek.|Master of Science in Computer Science and Engineering|Master of Science in Engineering|kandidat";"Informationstek.|Master of Science in Computer Science and Engineering|Master of Science in Engineering|kandidat";"und";"57c80a4babd78127210000ea";"";"57c80a4babd78127210000ea";"DTU Department of Applied Mathematics and Computer Science";"sorbit";"sorbit";"Low level control system for quadcopter balancing and formation flight|Kontrolsystem for quadcopter stabilisering og formations flyvning"
"";"dtu|dtupub|third_party";"";"2022-01-03T13:15:59.874Z";"Nørregaard, Lasse";"";"2292735868";"";"dtu";"2015";"";"";"";"";"thesis";"dtu|dtu_electronic|dtupub_external";"";"";"";"";"";"";"";"";"";"";"";"";"";"Bioteknologi|Master of Science in Biotechnology|Master of Science in Engineering|kandidat";"Bioteknologi|Master of Science in Biotechnology|Master of Science in Engineering|kandidat";"Bioteknologi|Master of Science in Biotechnology|Master of Science in Engineering|kandidat";"und";"56d754b4bf19455102000551";"";"56d754b4bf19455102000551";"DTU Department of Chemical and Biochemical Engineering";"sorbit";"sorbit";"Methods for purification of fisetin|Metoder til oprensning af fisetin"
"";"dtu|dtupub|third_party";"";"2022-01-03T13:15:27.949Z";"Negrelli, Anthony Johannes";"";"2292737214";"";"dtu";"2015";"";"";"";"";"thesis";"dtu|dtu_electronic|dtupub|dtupub_electronic";"";"";"";"";"";"";"";"";"";"";"";"";"";"Master of Science in Engineering|Master of Science in Engineering Management|Planl. innovation og led.|kandidat";"Master of Science in Engineering|Master of Science in Engineering Management|Planl. innovation og led.|kandidat";"Master of Science in Engineering|Master of Science in Engineering Management|Planl. innovation og led.|kandidat";"und";"56d754babf19455102000915";"";"56d754babf19455102000915";"DTU Department of Technology, Management and Economics";"sorbit";"sorbit";"An Environmental Assessment of Reducing Carlsberg’s Use of Virgin Aluminium|Miljøvurdering af Carlsbergs forbrugsreduktion af primær aluminium."
"";"dtu|dtupub|third_party";"";"2022-01-03T13:11:10.529Z";"Laursen, Mikkel Peter Frøslee";"";"2292737485";"";"dtu";"2015";"";"";"";"";"thesis";"dtu|dtu_electronic|dtupub|dtupub_electronic";"";"";"";"";"";"";"";"";"";"";"";"";"";"Anvendt kemi|Master of Science in Advanced and Applied Chemistry|Master of Science in Engineering|kandidat";"Anvendt kemi|Master of Science in Advanced and Applied Chemistry|Master of Science in Engineering|kandidat";"Anvendt kemi|Master of Science in Advanced and Applied Chemistry|Master of Science in Engineering|kandidat";"und";"56d754bbbf194551020009f6";"";"56d754bbbf194551020009f6";"DTU Department of Energy Conversion and Storage";"sorbit";"sorbit";"Development of materials for alkaline water electrolysis|Udvikling af materialer til alkalisk vand elektrolyse"
"";"dtu|dtupub|third_party";"";"2022-01-03T13:15:49.196Z";"Jørgensen, Mikkel";"";"2292735602";"";"dtu";"2015";"";"";"";"";"thesis";"dtu|dtu_electronic|dtupub|dtupub_electronic";"";"";"";"";"";"";"";"";"";"";"";"";"";"Fysik og nanotek.|Master of Science in Engineering|Master of Science in Physics and Nanotechnology|kandidat";"Fysik og nanotek.|Master of Science in Engineering|Master of Science in Physics and Nanotechnology|kandidat";"Fysik og nanotek.|Master of Science in Engineering|Master of Science in Physics and Nanotechnology|kandidat";"und";"56d754b2bf19455102000468";"";"56d754b2bf19455102000468";"DTU Department of Physics";"sorbit";"sorbit";"Nanoparticles and their interactions with surfaces modelled with Density Functional Theory|Katalytiske nanopartikler og deres vekselvirkninger med overflader modelleret med tæthedsfunktionalteori."
"";"dtu|dtupub|third_party";"";"2022-01-03T13:07:32Z";"Cergedean, Iuliana Maria|Moldovan, Ovidiu Vasile";"";"2306791738";"";"dtu";"2016";"";"";"";"";"thesis";"dtu|dtu_electronic|dtupub|dtupub_electronic";"";"";"";"";"";"";"";"";"";"";"";"";"";"Master of Science in Engineering|Master of Science in Engineering Management|Master of Science in Transportation and Logistics|Planl. innovation og led.|Transp. og logistik|kandidat";"Master of Science in Engineering|Master of Science in Engineering Management|Master of Science in Transportation and Logistics|Planl. innovation og led.|Transp. og logistik|kandidat";"Master of Science in Engineering|Master of Science in Engineering Management|Master of Science in Transportation and Logistics|Planl. innovation og led.|Transp. og logistik|kandidat";"und";"579743d56bbf232e70001076";"";"579743d56bbf232e70001076";"DTU Department of Technology, Management and Economics";"sorbit";"sorbit";"Baggage-handling at Copenhagen Airport|Baggage-handling at Copenhagen Airport"
"";"dtu|dtupub|third_party";"";"2022-01-03T13:16:05.339Z";"Amundsen, Aleksander Fjaerestad";"";"2292735747";"";"dtu";"2015";"";"";"";"";"thesis";"dtu|dtu_electronic|dtupub|dtupub_electronic";"";"";"";"";"";"";"";"";"";"";"";"";"";"Master of Science in Engineering|Master of Science in Mathematical Modelling and Computation|Mat. modellering|kandidat";"Master of Science in Engineering|Master of Science in Mathematical Modelling and Computation|Mat. modellering|kandidat";"Master of Science in Engineering|Master of Science in Mathematical Modelling and Computation|Mat. modellering|kandidat";"und";"56d754b3bf194551020004e7";"";"56d754b3bf194551020004e7";"DTU Department of Chemical and Biochemical Engineering";"sorbit";"sorbit";"MEOR: Modeling and numerical simulations|MEOR: Modellering og numeriske simuleringer"
"";"dtu|dtupub|third_party";"";"2022-01-03T13:11:58.562Z";"Gisladóttir, Nina Margret|Gustafsson, Emelie Ida Maria";"";"2292736492";"";"dtu";"2015";"";"";"";"";"thesis";"dtu|dtu_electronic|dtupub_external";"";"";"";"";"";"";"";"";"";"";"";"";"";"Master of Science in Engineering|Master of Science in Engineering Management|Planl. innovation og led.|kandidat";"Master of Science in Engineering|Master of Science in Engineering Management|Planl. innovation og led.|kandidat";"Master of Science in Engineering|Master of Science in Engineering Management|Planl. innovation og led.|kandidat";"und";"56d754b7bf194551020006d5";"";"56d754b7bf194551020006d5";"DTU Department of Technology, Management and Economics";"sorbit";"sorbit";"Process Development at GEA Process Engineering A/S|Procesudvikling hos GEA Process Engineering A/S"
"";"dtu|dtupub|third_party";"";"2022-01-06T23:53:27.658Z";"Nielsen, Camilla Kirstine Elisabeth|Aakerlund, Johan";"";"2307019703";"";"dtu";"2016";"";"";"";"";"thesis";"dtu|dtu_electronic|dtupub|dtupub_electronic";"";"";"";"";"";"";"";"";"";"";"";"";"";"Design og inn.|Master of Science in Design and Innovation|Master of Science in Engineering|kandidat";"Design og inn.|Master of Science in Design and Innovation|Master of Science in Engineering|kandidat";"Design og inn.|Master of Science in Design and Innovation|Master of Science in Engineering|kandidat";"und";"57a1ceca12855c654e000083";"";"57a1ceca12855c654e000083";"DTU Department of Technology, Management and Economics";"sorbit";"sorbit";"The Intervention Design Tool - Developing a Design Tool for early Stage Development in Behavioural Design Projects|The Intervention Design Tool - udvikling af en designmetode til de tidlige stadier i adfærdsdesignprojekter"
"";"dtu|dtupub|third_party";"";"2022-01-03T13:12:51.611Z";"Hluchy, Maros";"";"2305633557";"";"dtu";"2016";"";"";"";"";"thesis";"dtu|dtu_electronic|dtupub|dtupub_electronic";"";"";"";"";"";"";"";"";"";"";"";"";"";"Master of Science in Engineering|Master of Science in Materials and Manufacturing Engineering|Materialetek.|kandidat";"Master of Science in Engineering|Master of Science in Materials and Manufacturing Engineering|Materialetek.|kandidat";"Master of Science in Engineering|Master of Science in Materials and Manufacturing Engineering|Materialetek.|kandidat";"und";"575ea7e5e6f951534a00f579";"";"575ea7e5e6f951534a00f579";"DTU Department of Civil and Mechanical Engineering";"sorbit";"sorbit";"Micro Injection Moulding Process Validation for High Precision Thermoplastic Elastomer Components Manufacture|Procesevaluering af mikro-sprøjetestøbning for høj præcision termoplastiks elastomer komponentfremstilling"
"";"dtu|dtupub|third_party";"";"2022-01-03T13:15:21.141Z";"Nielsen, Rasmus Morell";"";"2292737424";"";"dtu";"2015";"";"";"";"";"thesis";"dtu|dtu_electronic|dtupub|dtupub_electronic";"";"";"";"";"";"";"";"";"";"";"";"";"";"Bæredygtig energi|Master of Science in Engineering|Master of Science in Sustainable Energy|kandidat";"Bæredygtig energi|Master of Science in Engineering|Master of Science in Sustainable Energy|kandidat";"Bæredygtig energi|Master of Science in Engineering|Master of Science in Sustainable Energy|kandidat";"und";"56d754babf194551020009bb";"";"56d754babf194551020009bb";"DTU Department of Civil and Mechanical Engineering";"sorbit";"sorbit";"Integration and optimization of gas liquefaction processes on oil and gas platforms|Integration og optimering af gasfortætning pa olie- og gasplatforme"
"";"dtu|dtupub|third_party";"";"2022-01-03T13:16:26.357Z";"Hoelstad, Bonnie Edahl";"";"2292734418";"";"dtu";"2016";"";"";"";"";"thesis";"dtu|dtu_electronic|dtupub|dtupub_electronic";"";"";"";"";"";"";"";"";"";"";"";"";"";"gæst dk";"gæst dk";"gæst dk";"und";"56d754abbf19455102000123";"";"56d754abbf19455102000123";"DTU National Veterinary Institute";"sorbit";"sorbit";"The optimal way to introduce new gilts in farms with PRRS|Optimal introduktion af polte i PRRS-besætninger"
"";"dtu|dtupub|third_party";"";"2022-01-03T13:16:26.214Z";"Nielsen, Anita Bruun";"";"2292734643";"";"dtu";"2015";"";"";"";"";"thesis";"dtu|dtu_electronic|dtupub|dtupub_electronic";"";"";"";"";"";"";"";"";"";"";"";"";"";"Akvatisk teknologi|Master in Science in Aquatic Science and Technology|Master of Science in Engineering|kandidat";"Akvatisk teknologi|Master in Science in Aquatic Science and Technology|Master of Science in Engineering|kandidat";"Akvatisk teknologi|Master in Science in Aquatic Science and Technology|Master of Science in Engineering|kandidat";"und";"56d754acbf194551020001b9";"";"56d754acbf194551020001b9";"DTU National Institute of Aquatic Resources";"sorbit";"sorbit";"Discard survival of Norway lobster (Nephrops Norvegicus)|Discard overlevelse af jomfruhummer (Nephrops Norvegicus)"
"";"dtu|dtupub|third_party";"";"2022-01-03T13:12:30.333Z";"Hoier, Lasse Rasmus";"";"2306921142";"";"dtu";"2016";"";"";"";"";"thesis";"dtu|dtu_electronic|dtupub_external";"";"";"";"";"";"";"";"";"";"";"";"";"";"Byggetek.|Master of Science in Civil Engineering|Master of Science in Engineering|kandidat";"Byggetek.|Master of Science in Civil Engineering|Master of Science in Engineering|kandidat";"Byggetek.|Master of Science in Civil Engineering|Master of Science in Engineering|kandidat";"und";"579dda426bbf232e7000149d";"";"579dda426bbf232e7000149d";"DTU Department of Civil Engineering";"sorbit";"sorbit";"A new measuring technique to register air void structure in hardened concrete|Ny maleteknik til registrering af lufporestruktur i beton"
"";"dtu|dtupub|third_party";"";"2022-01-03T13:12:50.302Z";"Anissi, Leila Shabnam";"";"2305633543";"";"dtu";"2016";"";"";"";"";"thesis";"dtu|dtu_electronic|dtupub_external";"";"";"";"";"";"";"";"";"";"";"";"";"";"Farmateknologi|Master of Science in Engineering|Master of Science in Pharmaceutical Design and Engineering|kandidat";"Farmateknologi|Master of Science in Engineering|Master of Science in Pharmaceutical Design and Engineering|kandidat";"Farmateknologi|Master of Science in Engineering|Master of Science in Pharmaceutical Design and Engineering|kandidat";"und";"575ea7dae6f951534a00f4e4";"";"575ea7dae6f951534a00f4e4";"DTU DTU National Food Institute";"sorbit";"sorbit";"Study of magnetic particle production by magnetotactic bacteria for medical applications|Undersøgelse af magnetiske partikel produktion med magnetotaktiske bakterie."
"";"dtu|dtupub|third_party";"";"2022-01-03T13:12:43.464Z";"Ceutz, Christoffer Resting";"";"2305633525";"";"dtu";"2016";"";"";"";"";"thesis";"dtu|dtu_electronic|dtupub_external";"";"";"";"";"";"";"";"";"";"";"";"";"";"Elektrotek.|Master of Science in Electrical Engineering|Master of Science in Engineering|kandidat";"Elektrotek.|Master of Science in Electrical Engineering|Master of Science in Engineering|kandidat";"Elektrotek.|Master of Science in Electrical Engineering|Master of Science in Engineering|kandidat";"und";"575ea7bfe6f951534a00f38d";"";"575ea7bfe6f951534a00f38d";"DTU Department of Electrical Engineering";"sorbit";"sorbit";"Resonant power converter implemented in a gallium nitride foundry process|Resonant strømforsyning implementeret i galliumnitrid foundry-proces"
"";"dtu|dtupub|third_party";"";"2022-01-03T13:15:23.372Z";"Pretto, Stefano";"";"2292737247";"";"dtu";"2015";"";"";"";"";"thesis";"dtu|dtu_electronic|dtupub_external";"";"";"";"";"";"";"";"";"";"";"";"";"";"Master of Science in Engineering|Master of Science in Telecommunication|Telekom.|kandidat";"Master of Science in Engineering|Master of Science in Telecommunication|Telekom.|kandidat";"Master of Science in Engineering|Master of Science in Telecommunication|Telekom.|kandidat";"und";"56d754babf19455102000938";"";"56d754babf19455102000938";"DTU Department of Electrical and Photonics Engineering";"sorbit";"sorbit";"Filtered Video Streaming in P2P networks|Filtreret Video Streaming pa P2P-netværk"
"";"dtu|dtupub|third_party";"";"2022-01-03T13:07:36.887Z";"Gvozdar, Ernes";"";"2306320490";"";"dtu";"2016";"";"";"";"";"thesis";"dtu|dtu_electronic|dtupub_external";"";"";"";"";"";"";"";"";"";"";"";"";"";"Farmateknologi|Master of Science in Engineering|Master of Science in Pharmaceutical Design and Engineering|kandidat";"Farmateknologi|Master of Science in Engineering|Master of Science in Pharmaceutical Design and Engineering|kandidat";"Farmateknologi|Master of Science in Engineering|Master of Science in Pharmaceutical Design and Engineering|kandidat";"und";"577b934f37562d157a0001e4";"";"577b934f37562d157a0001e4";"DTU Department of Micro- and Nanotechnology";"sorbit";"sorbit";"The Development of Quality Control (QC) Protocols for Incoming Magnetic Nanobeads and Antibodies at BluSense Diagnostics (BLSD)|Udviklingen af kvalitetskontrol (QC) protokoller for indkommende magnetiske nanopartikler og antistoffer hos BluSense Diagnostics (BLSD)"
"";"dtu|dtupub|third_party";"";"2022-01-03T13:16:27.295Z";"Nezeritis, Nikolaos";"";"2346074348";"";"dtu";"2016";"";"";"";"";"thesis";"dtu|dtu_electronic|dtupub|dtupub_electronic";"";"";"";"";"";"";"";"";"";"";"";"";"";"Bæredygtig energi|Master of Science in Engineering|Master of Science in Sustainable Energy|kandidat";"Bæredygtig energi|Master of Science in Engineering|Master of Science in Sustainable Energy|kandidat";"Bæredygtig energi|Master of Science in Engineering|Master of Science in Sustainable Energy|kandidat";"und";"57ecf444ad6a549d0700001b";"";"57ecf444ad6a549d0700001b";"DTU Department of Electrical Engineering";"sorbit";"sorbit";"Wind turbine fault progression assessment based on vibration analysis|Bestemmelse af vindmøllers fejlprogression baseret pa vibrationsmalinger"
"";"dtu|dtupub|third_party";"";"2022-01-03T13:12:36.707Z";"Petersen, Jan";"";"2306958742";"";"dtu";"2016";"";"";"";"";"thesis";"dtu|dtu_electronic|dtupub_external";"";"";"";"";"";"";"";"";"";"";"";"";"";"Konst. og mekanik|Master of Science in Engineering|Master of Science in Engineering Design and Applied Mechanics|kandidat";"Konst. og mekanik|Master of Science in Engineering|Master of Science in Engineering Design and Applied Mechanics|kandidat";"Konst. og mekanik|Master of Science in Engineering|Master of Science in Engineering Design and Applied Mechanics|kandidat";"und";"57a07d476bbf232e700019ea";"";"57a07d476bbf232e700019ea";"DTU Department of Civil and Mechanical Engineering";"sorbit";"sorbit";"Design and analysis of composite tension armour in flexible risers|Design og analyse af komposit træk-armering i fleksible stigrør"
"";"dtu|dtupub|third_party";"";"2022-01-03T13:07:47.445Z";"Palazon, Lorena Blanco";"";"2306667997";"";"dtu";"2016";"";"";"";"";"thesis";"dtu|dtu_electronic|dtupub_external";"";"";"";"";"";"";"";"";"";"";"";"";"";"Kemisk/biokemisk tek.|Master of Science in Chemical and Biochemical Engineering|Master of Science in Engineering|kandidat";"Kemisk/biokemisk tek.|Master of Science in Chemical and Biochemical Engineering|Master of Science in Engineering|kandidat";"Kemisk/biokemisk tek.|Master of Science in Chemical and Biochemical Engineering|Master of Science in Engineering|kandidat";"und";"578f59cb6bbf232e700002d7";"";"578f59cb6bbf232e700002d7";"DTU Department of Chemical and Biochemical Engineering";"sorbit";"sorbit";"Continuous production of solvent-based coatings|Kontinuert produktion af solvent-baserede coatings"
"";"dtu|dtupub|third_party";"";"2022-01-03T13:16:28.511Z";"Truelsen, Michael Nørholm";"";"2346313528";"";"dtu";"2016";"";"";"";"";"thesis";"dtu|dtu_electronic|dtupub|dtupub_electronic";"";"";"";"";"";"";"";"";"";"";"";"";"";"Geofysik og rumtek.|Master of Science in Earth and Space Physics and Engineering|Master of Science in Engineering|kandidat";"Geofysik og rumtek.|Master of Science in Earth and Space Physics and Engineering|Master of Science in Engineering|kandidat";"Geofysik og rumtek.|Master of Science in Earth and Space Physics and Engineering|Master of Science in Engineering|kandidat";"und";"57f23a40ad6a549d0700009b";"";"57f23a40ad6a549d0700009b";"DTU Department of Energy Conversion and Storage";"sorbit";"sorbit";"High Temperature Superconducting Coated Conductor-based Space Mission Bolometers|Højtemperaturs Superledende coated conductor-baserede Rummissions Bolometre"
"";"dtu|dtupub|third_party";"";"2022-01-03T13:05:11.848Z";"Sigurdarson, Nökkvi Steinn";"";"2345088665";"";"dtu";"2016";"";"";"";"";"thesis";"dtu|dtu_electronic|dtupub_external";"";"";"";"";"";"";"";"";"";"";"";"";"";"Konst. og mekanik|Master of Science in Engineering|Master of Science in Engineering Design and Applied Mechanics|kandidat";"Konst. og mekanik|Master of Science in Engineering|Master of Science in Engineering Design and Applied Mechanics|kandidat";"Konst. og mekanik|Master of Science in Engineering|Master of Science in Engineering Design and Applied Mechanics|kandidat";"und";"57dfc540080f07e531000004";"";"57dfc540080f07e531000004";"DTU Department of Civil and Mechanical Engineering";"sorbit";"sorbit";"Robust Mechanical Design of Advanced Spring Mechanisms at Novo Nordisk|Robust Mekanisk Design af Avancerede Fjedermekanismer hos Novo Nordisk"
"";"dtu|dtupub|third_party";"";"2022-01-03T13:09:08.353Z";"Lonardi, Nicola";"";"2306616358";"";"dtu";"2016";"";"";"";"";"thesis";"dtu|dtu_electronic|dtupub|dtupub_electronic";"";"";"";"";"";"";"";"";"";"";"";"";"";"Bæredygtig energi|Master of Science in Engineering|Master of Science in Sustainable Energy|kandidat";"Bæredygtig energi|Master of Science in Engineering|Master of Science in Sustainable Energy|kandidat";"Bæredygtig energi|Master of Science in Engineering|Master of Science in Sustainable Energy|kandidat";"und";"578e08436bbf232e70000281";"";"578e08436bbf232e70000281";"DTU Department of Civil and Mechanical Engineering";"sorbit";"sorbit";"Modelling and optimisation of cascade and mixed refrigerant cycles for natural gas liquefaction|Modellering og optimering af kølekredse i kaskade og med blandinger til naturgasfortætning"
"";"dtu|dtupub|third_party";"";"2022-01-06T23:53:50.851Z";"Rømer, Mikkel Ole";"";"2306791745";"";"dtu";"2016";"";"";"";"";"thesis";"dtu|dtu_electronic|dtupub|dtupub_electronic";"";"";"";"";"";"";"";"";"";"";"";"";"";"Digitale medietek.|Master of Science in Digital Media Engineering|Master of Science in Engineering|kandidat";"Digitale medietek.|Master of Science in Digital Media Engineering|Master of Science in Engineering|kandidat";"Digitale medietek.|Master of Science in Digital Media Engineering|Master of Science in Engineering|kandidat";"und";"579743db6bbf232e700010a3";"";"579743db6bbf232e700010a3";"DTU Department of Applied Mathematics and Computer Science";"sorbit";"sorbit";"Cryptography on Mobile Devices|Kryptografi i mobile enheder"
"";"dtu|dtupub|third_party";"";"2022-01-03T13:08:16.642Z";"Zhu, Xinyi";"";"2321128315";"";"dtu";"2016";"";"";"";"";"thesis";"dtu|dtu_electronic|dtupub_external";"";"";"";"";"";"";"";"";"";"";"";"";"";"Master of Science in Engineering|Master of Science in Wind Energy|Vindenergi|kandidat";"Master of Science in Engineering|Master of Science in Wind Energy|Vindenergi|kandidat";"Master of Science in Engineering|Master of Science in Wind Energy|Vindenergi|kandidat";"und";"57b1a0d69baf2b177e000393";"";"57b1a0d69baf2b177e000393";"DTU Department of Electrical Engineering";"sorbit";"sorbit";"Integration of Wind Power with Offshore Oil and Gas Platforms|Integration af vindkraft med offshore olie- og gasaktiviteter platforme"
"";"dtu|dtupub|third_party";"";"2022-01-11T08:43:39.751Z";"Akter, Tasmina";"";"2306688491";"";"dtu";"2016";"";"";"";"";"thesis";"dtu|dtu_electronic|dtupub_external";"";"";"";"";"";"";"";"";"";"";"";"";"";"Akvatisk teknologi|Master in Science in Aquatic Science and Technology|Master of Science in Engineering|kandidat";"Akvatisk teknologi|Master in Science in Aquatic Science and Technology|Master of Science in Engineering|kandidat";"Akvatisk teknologi|Master in Science in Aquatic Science and Technology|Master of Science in Engineering|kandidat";"und";"5790ab506bbf232e70000352";"";"5790ab506bbf232e70000352";"DTU National Veterinary Institute";"sorbit";"sorbit";"Plasmids in Vibrio anguillarum|Plasmider i Vibrio anguillarum"
"";"dtu|dtupub|third_party";"";"2022-01-03T13:08:45.574Z";"Martinsen, Mads Asbjørn";"";"2306945831";"";"dtu";"2016";"";"";"";"";"thesis";"dtu|dtu_electronic|dtupub|dtupub_electronic";"";"";"";"";"";"";"";"";"";"";"";"";"";"Konst. og mekanik|Master of Science in Engineering|Master of Science in Engineering Design and Applied Mechanics|kandidat";"Konst. og mekanik|Master of Science in Engineering|Master of Science in Engineering Design and Applied Mechanics|kandidat";"Konst. og mekanik|Master of Science in Engineering|Master of Science in Engineering Design and Applied Mechanics|kandidat";"und";"579f2c9e6bbf232e7000191d";"";"579f2c9e6bbf232e7000191d";"DTU Department of Civil and Mechanical Engineering";"sorbit";"sorbit";"An design tool for estimating the added wave resistance of container ships|Et design værktøj til estimering af øget bølgemodstand for kontainerskibe"
"";"dtu|dtupub|third_party";"";"2022-01-03T13:09:08.364Z";"Stanchev, Kiril Plamenov";"";"2306781731";"";"dtu";"2016";"";"";"";"";"thesis";"dtu|dtu_electronic|dtupub|dtupub_electronic";"";"";"";"";"";"";"";"";"";"";"";"";"";"Master of Science in Engineering|Master of science in Bioinformatics and Systems Biology|Systembiologi|kandidat";"Master of Science in Engineering|Master of science in Bioinformatics and Systems Biology|Systembiologi|kandidat";"Master of Science in Engineering|Master of science in Bioinformatics and Systems Biology|Systembiologi|kandidat";"und";"5795f1b16bbf232e70000be9";"";"5795f1b16bbf232e70000be9";"DTU Department of Biotechnology and Biomedicine";"sorbit";"sorbit";"Big Data in Metagenomics: MetaPOPdb|Big Data i Metagenomics: MetaPOPdb"
"";"dtu|dtupub|third_party";"";"2022-01-03T13:06:07.992Z";"Brunshøj, Asger Juul";"";"2306526608";"";"dtu";"2016";"";"";"";"";"thesis";"dtu|dtu_electronic|dtupub_external";"";"";"";"";"";"";"";"";"";"";"";"";"";"Master of Science in Engineering|Master of Science in Mathematical Modelling and Computation|Mat. modellering|kandidat";"Master of Science in Engineering|Master of Science in Mathematical Modelling and Computation|Mat. modellering|kandidat";"Master of Science in Engineering|Master of Science in Mathematical Modelling and Computation|Mat. modellering|kandidat";"und";"5788c2446bbf232e7000012b";"";"5788c2446bbf232e7000012b";"DTU Department of Applied Mathematics and Computer Science";"sorbit";"sorbit";"Scalable Plagiarism Detection|Skalerbar plagiatdetektion"
"";"dtu|dtupub|third_party";"";"2022-01-03T13:15:41.771Z";"Lenz, Robin";"";"2292736937";"";"dtu";"2015";"";"";"";"";"thesis";"dtu|dtu_electronic|dtupub|dtupub_electronic";"";"";"";"";"";"";"";"";"";"";"";"";"";"Akvatisk teknologi|Master in Science in Aquatic Science and Technology|Master of Science in Engineering|kandidat";"Akvatisk teknologi|Master in Science in Aquatic Science and Technology|Master of Science in Engineering|kandidat";"Akvatisk teknologi|Master in Science in Aquatic Science and Technology|Master of Science in Engineering|kandidat";"und";"56d754b8bf19455102000814";"";"56d754b8bf19455102000814";"DTU National Institute of Aquatic Resources";"sorbit";"sorbit";"Abundance and size analysis of marine microplastics >10 µm from a cross-Atlantic transect|Abundance and size analysis of marine microplastics >10 µm from a cross-Atlantic transect"
"";"dtu|dtupub|third_party";"";"2022-01-03T13:11:21.482Z";"Blach, Christian Thorseth";"";"2292736949";"";"dtu";"2015";"";"";"";"";"thesis";"dtu|dtu_electronic|dtupub|dtupub_electronic";"";"";"";"";"";"";"";"";"";"";"";"";"";"Elektrotek.|Master of Science in Electrical Engineering|Master of Science in Engineering|kandidat";"Elektrotek.|Master of Science in Electrical Engineering|Master of Science in Engineering|kandidat";"Elektrotek.|Master of Science in Electrical Engineering|Master of Science in Engineering|kandidat";"und";"56d754b8bf19455102000823";"";"56d754b8bf19455102000823";"DTU Department of Electrical Engineering";"sorbit";"sorbit";"IEC/ISO 15118 - Implementation of smart grid for electric vehicles|IEC/ISO 15118 - Implementering af smartgrid for elbiler."
"";"dtu|dtupub|third_party";"";"2022-01-03T13:15:40.067Z";"Al-Wajedi, Marwa Ahmad";"";"2292736920";"";"dtu";"2015";"";"";"";"";"thesis";"dtu|dtu_electronic|dtupub_external";"";"";"";"";"";"";"";"";"";"";"";"";"";"Bioteknologi|Master of Science in Biotechnology|Master of Science in Engineering|kandidat";"Bioteknologi|Master of Science in Biotechnology|Master of Science in Engineering|kandidat";"Bioteknologi|Master of Science in Biotechnology|Master of Science in Engineering|kandidat";"und";"56d754b8bf19455102000805";"";"56d754b8bf19455102000805";"DTU Department of Biotechnology and Biomedicine";"sorbit";"sorbit";"Molecular characterisation of diarrhoeagenic Escherichia coli (other than Verocytotoxigenic E. coli) using real-time PCR, MLST and whole genome sequencing techniques|Molekylær karakterisering af diarrefremkaldende Escherichia coli (bortset Verocytotoxigenic E.coli) ved hjælp af real-time PCR , MLST og hele genom sekventeringsteknikker"
"";"dtu|dtupub|third_party";"";"2022-01-03T13:11:16.605Z";"Poulsen, Søren Vinther";"";"2292737090";"";"dtu";"2015";"";"";"";"";"thesis";"dtu|dtu_electronic|dtupub|dtupub_electronic";"";"";"";"";"";"";"";"";"";"";"";"";"";"Informationstek.|Master of Science in Computer Science and Engineering|Master of Science in Engineering|kandidat";"Informationstek.|Master of Science in Computer Science and Engineering|Master of Science in Engineering|kandidat";"Informationstek.|Master of Science in Computer Science and Engineering|Master of Science in Engineering|kandidat";"und";"56d754b9bf19455102000899";"";"56d754b9bf19455102000899";"DTU Department of Civil and Mechanical Engineering";"sorbit";"sorbit";"Distributed mesh data structures for parallel simulations of physical systems|Distribuerede datastrukturer for parallel simulation af fysiske systemer"
"";"dtu|dtupub|third_party";"";"2022-01-03T13:15:43.834Z";"Laveissiere, Gautier Guillaume Edouard Marie";"";"2292737104";"";"dtu";"2015";"";"";"";"";"thesis";"dtu|dtu_electronic|dtupub|dtupub_electronic";"";"";"";"";"";"";"";"";"";"";"";"";"";"Master of Science in Engineering|Master of Science in Engineering Management|Planl. innovation og led.|kandidat";"Master of Science in Engineering|Master of Science in Engineering Management|Planl. innovation og led.|kandidat";"Master of Science in Engineering|Master of Science in Engineering Management|Planl. innovation og led.|kandidat";"und";"56d754b9bf194551020008a7";"";"56d754b9bf194551020008a7";"DTU Department of Technology, Management and Economics";"sorbit";"sorbit";"Smart cities and integration of renewable energies: Copenhagen case study|Smart cities og integration af vedvarende energi: København case studie"
"";"dtu|dtupub|third_party";"";"2022-01-03T13:15:25.041Z";"Baldasso, Enrico";"";"2292737537";"";"dtu";"2015";"";"";"";"";"thesis";"dtu|dtu_electronic|dtupub|dtupub_electronic";"";"";"";"";"";"";"";"";"";"";"";"";"";"gæst udl.";"gæst udl.";"gæst udl.";"und";"56d754bbbf19455102000a22";"";"56d754bbbf19455102000a22";"DTU Department of Civil and Mechanical Engineering";"sorbit";"sorbit";"Performance analysis of organic Rankine cycles using multi-component working fluids tailored for solar applications|Analyse af blandede arbejdsmedier i soldrevne organic Rankine cycles"
"";"dtu|dtupub|third_party";"";"2022-01-03T13:16:22.228Z";"Eskelund, Marc";"";"2292734097";"";"dtu";"2016";"";"";"";"";"thesis";"dtu|dtu_electronic|dtupub|dtupub_electronic";"";"";"";"";"";"";"";"";"";"";"";"";"";"Akvatisk teknologi|Master in Science in Aquatic Science and Technology|Master of Science in Engineering|kandidat";"Akvatisk teknologi|Master in Science in Aquatic Science and Technology|Master of Science in Engineering|kandidat";"Akvatisk teknologi|Master in Science in Aquatic Science and Technology|Master of Science in Engineering|kandidat";"und";"56d754a9bf19455102000071";"";"56d754a9bf19455102000071";"DTU National Institute of Aquatic Resources";"sorbit";"sorbit";"Discard survival of plaice in a Norway lobster trawler|Overlevelse af discardede rødspætter i jomfruhummer trawl fiskeri"
"";"dtu|dtupub|third_party";"";"2022-01-03T13:12:16.057Z";"Dyhr, Casper Højbye";"";"2305633442";"";"dtu";"2016";"";"";"";"";"thesis";"dtu|dtu_electronic|dtupub|dtupub_electronic";"";"";"";"";"";"";"";"";"";"";"";"";"";"Konst. og mekanik|Master of Science in Engineering|Master of Science in Engineering Design and Applied Mechanics|kandidat";"Konst. og mekanik|Master of Science in Engineering|Master of Science in Engineering Design and Applied Mechanics|kandidat";"Konst. og mekanik|Master of Science in Engineering|Master of Science in Engineering Design and Applied Mechanics|kandidat";"und";"575ea70de6f951534a00eb79";"";"575ea70de6f951534a00eb79";"DTU Department of Civil and Mechanical Engineering";"sorbit";"sorbit";"Annular Seal Dynamics and Lateral Rotor Vibration Stability|Dynamik af tætninger og rotordynamisk stabilitet"
"";"dtu|dtupub|third_party";"";"2022-01-03T13:12:38.168Z";"Rønn-Andersen, Kristoffer Viktor Hannibal|Bien, Paulina Maria";"";"2305633460";"";"dtu";"2016";"";"";"";"";"thesis";"dtu|dtu_electronic|dtupub_external";"";"";"";"";"";"";"";"";"";"";"";"";"";"Design og inn.|Digitale medietek.|Master of Science in Design and Innovation|Master of Science in Digital Media Engineering|Master of Science in Engineering|kandidat";"Design og inn.|Digitale medietek.|Master of Science in Design and Innovation|Master of Science in Digital Media Engineering|Master of Science in Engineering|kandidat";"Design og inn.|Digitale medietek.|Master of Science in Design and Innovation|Master of Science in Digital Media Engineering|Master of Science in Engineering|kandidat";"und";"575ea752e6f951534a00eec9";"";"575ea752e6f951534a00eec9";"DTU Department of Technology, Management and Economics";"sorbit";"sorbit";"Adapting wearable technology for the elderly with dementia|Tilpasning af wearable teknologi til ældre med demens"
"";"dtu|dtupub|third_party";"";"2022-01-03T13:16:19.743Z";"Mollerup, Michelle";"";"2292734133";"";"dtu";"2016";"";"";"";"";"thesis";"dtu|dtu_electronic|dtupub|dtupub_electronic";"";"";"";"";"";"";"";"";"";"";"";"";"";"Byggetek.|Master of Science in Civil Engineering|Master of Science in Engineering|kandidat";"Byggetek.|Master of Science in Civil Engineering|Master of Science in Engineering|kandidat";"Byggetek.|Master of Science in Civil Engineering|Master of Science in Engineering|kandidat";"und";"56d754a9bf19455102000086";"";"56d754a9bf19455102000086";"DTU Department of Technology, Management and Economics";"sorbit";"sorbit";"Planning Levels in LPS - Theory and Practise|Planlægningsniveauer i LPS - teori og praksis"
"";"dtu|dtupub|third_party";"";"2022-01-03T13:16:14.470Z";"Al-Matook, Firas";"";"2292734492";"";"dtu";"2016";"";"";"";"";"thesis";"dtu|dtu_electronic|dtupub|dtupub_electronic";"";"";"";"";"";"";"";"";"";"";"";"";"";"Master of Science in Engineering|Master of Science in Petroleum Engineering|Olie- og gastek.|kandidat";"Master of Science in Engineering|Master of Science in Petroleum Engineering|Olie- og gastek.|kandidat";"Master of Science in Engineering|Master of Science in Petroleum Engineering|Olie- og gastek.|kandidat";"und";"56d754abbf19455102000161";"";"56d754abbf19455102000161";"DTU Department of Civil Engineering";"sorbit";"sorbit";"Important concepts within oil well drilling procedures|Vigtige koncepter og procedurer indenfor oliebrøndsboring"
"";"dtu|dtupub|third_party";"";"2022-01-03T13:16:18.778Z";"Witthøft, Maria-Louise";"";"2305633368";"";"dtu";"2016";"";"";"";"";"thesis";"dtu|dtu_electronic|dtupub|dtupub_electronic";"";"";"";"";"";"";"";"";"";"";"";"";"";"Fysik og nanotek.|Master of Science in Engineering|Master of Science in Physics and Nanotechnology|kandidat";"Fysik og nanotek.|Master of Science in Engineering|Master of Science in Physics and Nanotechnology|kandidat";"Fysik og nanotek.|Master of Science in Engineering|Master of Science in Physics and Nanotechnology|kandidat";"und";"575ea648e6f951534a00e237";"";"575ea648e6f951534a00e237";"DTU Department of Micro- and Nanotechnology";"sorbit";"sorbit";"Capacitive Micromachined Ultrasonic Transducers for Chemical & Bio-sensing|Capacitive Micromachined Ultrasonic Transducers til kemisk og biologisk detektion"
"";"dtu|dtupub|third_party";"";"2022-01-03T13:15:44.196Z";"Christiansen, Lasse Hjuler";"";"2292735150";"";"dtu";"2015";"";"";"";"";"thesis";"dtu|dtu_electronic|dtupub|dtupub_electronic";"";"";"";"";"";"";"";"";"";"";"";"";"";"Master of Science in Engineering|Master of Science in Mathematical Modelling and Computation|Mat. modellering|kandidat";"Master of Science in Engineering|Master of Science in Mathematical Modelling and Computation|Mat. modellering|kandidat";"Master of Science in Engineering|Master of Science in Mathematical Modelling and Computation|Mat. modellering|kandidat";"und";"56d754afbf1945510200031f";"";"56d754afbf1945510200031f";"DTU Department of Applied Mathematics and Computer Science";"sorbit";"sorbit";"Multi Objective PDE Constrained Optimization for Oil Reservoir Management|Multikriterie optimering af partielle differentialligningssystemer til oliereservoir management"
"";"dtu|dtupub|third_party";"";"2022-01-03T13:15:44.128Z";"Jones, Rasmus Thomas";"";"2292735216";"";"dtu";"2015";"";"";"";"";"thesis";"dtu|dtu_electronic|dtupub|dtupub_electronic";"";"";"";"";"";"";"";"";"";"";"";"";"";"Master of Science in Engineering|Master of Science in Telecommunication|Telekom.|kandidat";"Master of Science in Engineering|Master of Science in Telecommunication|Telekom.|kandidat";"Master of Science in Engineering|Master of Science in Telecommunication|Telekom.|kandidat";"und";"56d754afbf19455102000351";"";"56d754afbf19455102000351";"DTU Department of Electrical and Photonics Engineering";"sorbit";"sorbit";"Machine learning approaches for compensation of nonlinearities in multi-channel optical fibre communication systems|Machine learning approaches for compensation of nonlinearities in multi-channel optical fibre communication systems"
"";"dtu|dtupub|third_party";"";"2022-01-03T13:15:46.516Z";"Hartelius, Sissel Graversgaard";"";"2292735783";"";"dtu";"2015";"";"";"";"";"thesis";"dtu|dtu_electronic|dtupub|dtupub_electronic";"";"";"";"";"";"";"";"";"";"";"";"";"";"Bygningsdesign|Master of Science in Engineering|Master og Science in Architectural Engineering|kandidat";"Bygningsdesign|Master of Science in Engineering|Master og Science in Architectural Engineering|kandidat";"Bygningsdesign|Master of Science in Engineering|Master og Science in Architectural Engineering|kandidat";"und";"56d754b3bf19455102000509";"";"56d754b3bf19455102000509";"DTU Department of Civil Engineering";"sorbit";"sorbit";"Comparison of different methods of school ventilation and the effect on pupil performance|Sammenligning af forskellige principper for skole ventilation og effekten pa elevernes præstationer"
"";"dtu|dtupub|third_party";"";"2022-01-03T13:11:31.185Z";"Teixido, Neus Mesalles";"";"2292735811";"";"dtu";"2015";"";"";"";"";"thesis";"dtu|dtu_electronic|dtupub|dtupub_electronic";"";"";"";"";"";"";"";"";"";"";"";"";"";"Konst. og mekanik|Master of Science in Engineering|Master of Science in Engineering Design and Applied Mechanics|kandidat";"Konst. og mekanik|Master of Science in Engineering|Master of Science in Engineering Design and Applied Mechanics|kandidat";"Konst. og mekanik|Master of Science in Engineering|Master of Science in Engineering Design and Applied Mechanics|kandidat";"und";"56d754b3bf19455102000518";"";"56d754b3bf19455102000518";"DTU Department of Civil and Mechanical Engineering";"sorbit";"sorbit";"numerical simulations of the flow past the ecocar|numerisk beregning af strømning omkring ecobil"
"";"dtu|dtupub|third_party";"";"2022-01-03T13:12:13Z";"Greve, Anders";"";"2292735167";"";"dtu";"2015";"";"";"";"";"thesis";"dtu|dtu_electronic|dtupub|dtupub_electronic";"";"";"";"";"";"";"";"";"";"";"";"";"";"Elektrotek.|Master of Science in Electrical Engineering|Master of Science in Engineering|kandidat";"Elektrotek.|Master of Science in Electrical Engineering|Master of Science in Engineering|kandidat";"Elektrotek.|Master of Science in Electrical Engineering|Master of Science in Engineering|kandidat";"und";"56d754afbf19455102000331";"";"56d754afbf19455102000331";"DTU Department of Electrical Engineering";"sorbit";"sorbit";"Antenna control for ship born radio link|Antennestyring for skibsbaseret radiolink"
"";"dtu|dtupub|third_party";"";"2022-01-03T13:15:51.312Z";"Thomas, Espen Folger";"";"2292736490";"";"dtu";"2015";"";"";"";"";"thesis";"dtu|dtu_electronic|dtupub|dtupub_electronic";"";"";"";"";"";"";"";"";"";"";"";"";"";"Fysik og nanotek.|Master of Science in Engineering|Master of Science in Physics and Nanotechnology|kandidat";"Fysik og nanotek.|Master of Science in Engineering|Master of Science in Physics and Nanotechnology|kandidat";"Fysik og nanotek.|Master of Science in Engineering|Master of Science in Physics and Nanotechnology|kandidat";"und";"56d754b7bf194551020006d6";"";"56d754b7bf194551020006d6";"DTU Department of Chemistry";"sorbit";"sorbit";"A theoretical investigation of laser pulse shaping with application to the control of quantum molecular dynamics|En teoretisk undersøgelse af laser pulse shaping med anvendelse pa kontrol af molekylær kvantedynamik"
"";"dtu|dtupub|third_party";"";"2022-01-03T13:12:00.069Z";"Larsen, Julian Kopka";"";"2292736466";"";"dtu";"2015";"";"";"";"";"thesis";"dtu|dtu_electronic|dtupub|dtupub_electronic";"";"";"";"";"";"";"";"";"";"";"";"";"";"Master of Science in Engineering|Master of Science in Mathematical Modelling and Computation|Mat. modellering|kandidat";"Master of Science in Engineering|Master of Science in Mathematical Modelling and Computation|Mat. modellering|kandidat";"Master of Science in Engineering|Master of Science in Mathematical Modelling and Computation|Mat. modellering|kandidat";"und";"56d754b7bf194551020006c8";"";"56d754b7bf194551020006c8";"DTU Department of Applied Mathematics and Computer Science";"sorbit";"sorbit";"Functional programming for inference in statistical models|Funktionel programmering til inferens i statistiske modeller"
"";"dtu|dtupub|third_party";"";"2022-01-03T13:15:57.257Z";"Demir, Oguz";"";"2292736701";"";"dtu";"2015";"";"";"";"";"thesis";"dtu|dtu_electronic|dtupub|dtupub_electronic";"";"";"";"";"";"";"";"";"";"";"";"";"";"Informationstek.|Master of Science in Computer Science and Engineering|Master of Science in Engineering|kandidat";"Informationstek.|Master of Science in Computer Science and Engineering|Master of Science in Engineering|kandidat";"Informationstek.|Master of Science in Computer Science and Engineering|Master of Science in Engineering|kandidat";"und";"56d754b7bf19455102000767";"";"56d754b7bf19455102000767";"DTU Department of Applied Mathematics and Computer Science";"sorbit";"sorbit";"Difference Cover Algorithms|Dækningsalgoritmer"
"";"dtu|dtupub|third_party";"";"2022-01-03T13:15:49.293Z";"Roncal, Carlos";"";"2292735630";"";"dtu";"2015";"";"";"";"";"thesis";"dtu|dtu_electronic|dtupub|dtupub_electronic";"";"";"";"";"";"";"";"";"";"";"";"";"";"Elektrotek.|Master of Science in Electrical Engineering|Master of Science in Engineering|kandidat";"Elektrotek.|Master of Science in Electrical Engineering|Master of Science in Engineering|kandidat";"Elektrotek.|Master of Science in Electrical Engineering|Master of Science in Engineering|kandidat";"und";"56d754b2bf19455102000482";"";"56d754b2bf19455102000482";"DTU Department of Electrical Engineering";"sorbit";"sorbit";"Modeling and System Identification of Underwater Robot|Modellering og System Identifikation af Undervands Robot"
"";"dtu|dtupub|third_party";"";"2022-01-03T13:11:07.125Z";"Nørgaard, Anja Schmidt|Rasmussen, Mette Nygaard";"";"2292735933";"";"dtu";"2015";"";"";"";"";"thesis";"dtu|dtu_electronic|dtupub_external";"";"";"";"";"";"";"";"";"";"";"";"";"";"Master of Science in Engineering|Master of Science in Environmental Engineering|Miljøteknologi|kandidat";"Master of Science in Engineering|Master of Science in Environmental Engineering|Miljøteknologi|kandidat";"Master of Science in Engineering|Master of Science in Environmental Engineering|Miljøteknologi|kandidat";"und";"56d754b4bf19455102000589";"";"56d754b4bf19455102000589";"DTU Department of Environmental and Resource Engineering";"sorbit";"sorbit";"Water quality modelling using MIKE URBAN|Vandkvalitetsmodellering med MIKE URBAN"
"";"dtu|dtupub|third_party";"";"2022-01-03T13:12:08.979Z";"Ring, Mads|Hjort, Sebastian";"";"2292736353";"";"dtu";"2015";"";"";"";"";"thesis";"dtu|dtu_electronic|dtupub|dtupub_electronic";"";"";"";"";"";"";"";"";"";"";"";"";"";"Design og inn.|Master of Science in Design and Innovation|Master of Science in Engineering|kandidat";"Design og inn.|Master of Science in Design and Innovation|Master of Science in Engineering|kandidat";"Design og inn.|Master of Science in Design and Innovation|Master of Science in Engineering|kandidat";"und";"56d754b6bf1945510200068f";"";"56d754b6bf1945510200068f";"DTU Department of Technology, Management and Economics";"sorbit";"sorbit";"Design for disruptive innovation and user development|Design for disruptiv innovation og brugerudvikling"
"";"dtu|dtupub|third_party";"";"2022-01-03T13:15:59.829Z";"Kennard, Robin";"";"2292735273";"";"dtu";"2015";"";"";"";"";"thesis";"dtu|dtu_electronic|dtupub|dtupub_electronic";"";"";"";"";"";"";"";"";"";"";"";"";"";"Master of Science in Engineering|Master of Science in Wind Energy|Vindenergi|kandidat";"Master of Science in Engineering|Master of Science in Wind Energy|Vindenergi|kandidat";"Master of Science in Engineering|Master of Science in Wind Energy|Vindenergi|kandidat";"und";"56d754b0bf19455102000370";"";"56d754b0bf19455102000370";"DTU Department of Wind and Energy Systems";"sorbit";"sorbit";"Study of a morphing blade concept for improving a wind turbine performance|Undersøgelse af et deformerbart blad koncept til forbedring af en vindmølles ydeevne"
"";"dtu|dtupub|third_party";"";"2022-01-03T13:11:19.206Z";"Juul, Anders Christian";"";"2292735880";"";"dtu";"2015";"";"";"";"";"thesis";"dtu|dtu_electronic|dtupub_external";"";"";"";"";"";"";"";"";"";"";"";"";"";"Master of Science in Engineering|Master of Science in Telecommunication|Telekom.|kandidat";"Master of Science in Engineering|Master of Science in Telecommunication|Telekom.|kandidat";"Master of Science in Engineering|Master of Science in Telecommunication|Telekom.|kandidat";"und";"56d754b4bf1945510200055e";"";"56d754b4bf1945510200055e";"DTU Department of Electrical and Photonics Engineering";"sorbit";"sorbit";"Optical networks for magnetic signature sensor systems at the bottom of the sea|Optisk netværk til magnetisk signatur sensor systemer pa havets bund"
"";"dtu|dtupub|third_party";"";"2022-01-03T13:16:17.058Z";"Pol, Adrian Alan";"";"2292734639";"";"dtu";"2016";"";"";"";"";"thesis";"dtu|dtu_electronic|dtupub|dtupub_electronic";"";"";"";"";"";"";"";"";"";"";"";"";"";"Master of Science in Engineering|Master of Science in Telecommunication|Telekom.|kandidat";"Master of Science in Engineering|Master of Science in Telecommunication|Telekom.|kandidat";"Master of Science in Engineering|Master of Science in Telecommunication|Telekom.|kandidat";"und";"56d754acbf194551020001b5";"";"56d754acbf194551020001b5";"DTU Department of Electrical and Photonics Engineering";"sorbit";"sorbit";"Failure Recovery and Routing Optimization in Software-Defined Networks|Failure Recovery and Routing Optimization in Software-Defined Networks"
"";"dtu|dtupub|third_party";"";"2022-01-03T13:08:06.882Z";"Myers, Scott Treven";"";"2349268983";"";"dtu";"2016";"";"";"";"";"thesis";"dtu|dtu_electronic|dtupub_external";"";"";"";"";"";"";"";"";"";"";"";"";"";"Bioteknologi|Master of Science in Biotechnology|Master of Science in Engineering|kandidat";"Bioteknologi|Master of Science in Biotechnology|Master of Science in Engineering|kandidat";"Bioteknologi|Master of Science in Biotechnology|Master of Science in Engineering|kandidat";"und";"5839794e13270e8a3e00002d";"";"5839794e13270e8a3e00002d";"DTU Department of Environmental and Resource Engineering";"sorbit";"sorbit";"Control of conformational changes in E.coli phosphate binding proteins|Kontrol af konformationsændringer i E. coli fosfat-bindende proteiner"
"";"dtu|dtupub|third_party";"";"2022-01-03T13:16:35.920Z";"Schröder, Laura";"";"2349281796";"";"dtu";"2016";"";"";"";"";"thesis";"dtu|dtu_electronic|dtupub|dtupub_electronic";"";"";"";"";"";"";"";"";"";"";"";"";"";"gæst udl.";"gæst udl.";"gæst udl.";"und";"583acad013270e8a3e00003a";"";"583acad013270e8a3e00003a";"DTU Department of Wind and Energy Systems";"sorbit";"sorbit";"Screening potential areas and techno-economical assessment of wind farms for the planning of Danish offshore wind energy|Screening af potentielle omrader og teknisk-økonomisk vurdering af vindparker for planlægning af udnyttelse af dansk offshore vindenergi"
"";"dtu|dtupub|third_party";"";"2022-01-03T13:16:25.208Z";"Pupo, Alejandro Rodriguez";"";"2305633476";"";"dtu";"2016";"";"";"";"";"thesis";"dtu|dtu_electronic|dtupub|dtupub_electronic";"";"";"";"";"";"";"";"";"";"";"";"";"";"gæst udl.";"gæst udl.";"gæst udl.";"und";"575ea77fe6f951534a00f0bf";"";"575ea77fe6f951534a00f0bf";"DTU Department of Chemical and Biochemical Engineering";"sorbit";"sorbit";"Thermodynamic modeling of scale formation in brines from HP/HT reservoirs|Termodynamisk modellering af scale dannelse i HP/HT reservoirer"
"";"dtu|dtupub|third_party";"";"2022-01-03T13:08:04.419Z";"Friis, Steffan Callesen|Illum, Pernille Cecilie";"";"2341715971";"";"dtu";"2016";"";"";"";"";"thesis";"dtu|dtu_electronic|dtupub_external";"";"";"";"";"";"";"";"";"";"";"";"";"";"Design og inn.|Master of Science in Design and Innovation|Master of Science in Engineering|kandidat";"Design og inn.|Master of Science in Design and Innovation|Master of Science in Engineering|kandidat";"Design og inn.|Master of Science in Design and Innovation|Master of Science in Engineering|kandidat";"und";"57b989c03e47d6ad77000052";"";"57b989c03e47d6ad77000052";"DTU Department of Civil and Mechanical Engineering";"sorbit";"sorbit";"Complexity analysis as well as architecture and platform implementation on a medium sized company|Kompleksitets analyse samt arkitektur og platforms implementering for en mellemstor virksomhed."
"";"dtu|dtupub|third_party";"";"2022-01-03T13:16:07.724Z";"Leonard, Jonas Ndau";"";"2292735264";"";"dtu";"2015";"";"";"";"";"thesis";"dtu|dtu_electronic|dtupub|dtupub_electronic";"";"";"";"";"";"";"";"";"";"";"";"";"";"Akvatisk teknologi|Master in Science in Aquatic Science and Technology|Master of Science in Engineering|kandidat";"Akvatisk teknologi|Master in Science in Aquatic Science and Technology|Master of Science in Engineering|kandidat";"Akvatisk teknologi|Master in Science in Aquatic Science and Technology|Master of Science in Engineering|kandidat";"und";"56d754b0bf1945510200036b";"";"56d754b0bf1945510200036b";"DTU National Institute of Aquatic Resources";"sorbit";"sorbit";"Thermal optimum for Juvenile Nile tilapia (Oreochromis niloticus) and the use of gill ventilation frequency as an accurate indicator of metabolic rate|Temperaturoptimum for juvenile tilapia (Oreochromis niloticus), og brugen af ventilationsfrekvens som indikator for metabolsk rate"
"";"dtu|dtupub|third_party";"";"2022-01-03T13:09:01.126Z";"Krupsdahl, Tim";"";"2348718913";"";"dtu";"2016";"";"";"";"";"thesis";"dtu|dtu_electronic|dtupub_external";"";"";"";"";"";"";"";"";"";"";"";"";"";"Master of Science in Engineering|Master of Science in Engineering Management|Planl. innovation og led.|kandidat";"Master of Science in Engineering|Master of Science in Engineering Management|Planl. innovation og led.|kandidat";"Master of Science in Engineering|Master of Science in Engineering Management|Planl. innovation og led.|kandidat";"und";"58206cd0eab4655b4f00004f";"";"58206cd0eab4655b4f00004f";"DTU Department of Technology, Management and Economics";"sorbit";"sorbit";"Standardising of presales processes by use of configuration systems|Standardisering af presales processer ved anvendelse af produkt konfiguration"
"";"dtu|dtupub|third_party";"";"2022-01-03T13:08:07.823Z";"Erlendsson, Leifur Bjarki";"";"2307137924";"";"dtu";"2016";"";"";"";"";"thesis";"dtu|dtu_electronic|dtupub_external";"";"";"";"";"";"";"";"";"";"";"";"";"";"Master of Science in Engineering|Master of Science in Mathematical Modelling and Computation|Mat. modellering|kandidat";"Master of Science in Engineering|Master of Science in Mathematical Modelling and Computation|Mat. modellering|kandidat";"Master of Science in Engineering|Master of Science in Mathematical Modelling and Computation|Mat. modellering|kandidat";"und";"57a8664b12855c654e000499";"";"57a8664b12855c654e000499";"DTU Department of Applied Mathematics and Computer Science";"sorbit";"sorbit";"Optimal allocation of marketing-mix media budget|Optimal fordeling af marketing-mix media budget"
"";"dtu|dtupub|third_party";"";"2022-01-03T13:08:00.241Z";"Nepper-Rasmussen, Bjarke Christian";"";"2341981713";"";"dtu";"2016";"";"";"";"";"thesis";"dtu|dtu_electronic|dtupub_external";"";"";"";"";"";"";"";"";"";"";"";"";"";"Bæredygtig energi|Master of Science in Engineering|Master of Science in Sustainable Energy|kandidat";"Bæredygtig energi|Master of Science in Engineering|Master of Science in Sustainable Energy|kandidat";"Bæredygtig energi|Master of Science in Engineering|Master of Science in Sustainable Energy|kandidat";"und";"57bd7e79febd22f36000013a";"";"57bd7e79febd22f36000013a";"DTU Department of Technology, Management and Economics";"sorbit";"sorbit";"Grid Operation Dispatching Rules in the Chinese Power Sector|Elsystem operation og produktions-prioriteringsregler i det kinesiske el-net"
"";"dtu|dtupub|third_party";"";"2022-01-03T13:15:52.025Z";"Silai, Ersa";"";"2292735045";"";"dtu";"2015";"";"";"";"";"thesis";"dtu|dtu_electronic|dtupub|dtupub_electronic";"";"";"";"";"";"";"";"";"";"";"";"";"";"Master of Science in Engineering|Master of Science in Transportation and Logistics|Transp. og logistik|kandidat";"Master of Science in Engineering|Master of Science in Transportation and Logistics|Transp. og logistik|kandidat";"Master of Science in Engineering|Master of Science in Transportation and Logistics|Transp. og logistik|kandidat";"und";"56d754aebf194551020002d7";"";"56d754aebf194551020002d7";"DTU Department of Transport";"sorbit";"sorbit";"Railway Traffic Disruption Analysis and Management|Jernbanetrafikforstyrrelser, analyse og ledelse"
"";"dtu|dtupub|third_party";"";"2022-01-03T13:07:31.932Z";"Andersen, Asger Gade";"";"2306791694";"";"dtu";"2016";"";"";"";"";"thesis";"dtu|dtu_electronic|dtupub_external";"";"";"";"";"";"";"";"";"";"";"";"";"";"Master of Science in Engineering|Master of Science in Materials and Manufacturing Engineering|Materialetek.|kandidat";"Master of Science in Engineering|Master of Science in Materials and Manufacturing Engineering|Materialetek.|kandidat";"Master of Science in Engineering|Master of Science in Materials and Manufacturing Engineering|Materialetek.|kandidat";"und";"579743a96bbf232e70000f37";"";"579743a96bbf232e70000f37";"DTU Department of Civil and Mechanical Engineering";"sorbit";"sorbit";"Formulation of a fluoride free tin nickel plating process|Formulering af en fluorid fri tin nikkel pletterings proces"
"";"dtu|dtupub|third_party";"";"2022-01-03T13:11:20.495Z";"Jensby, Andreas Lykke";"";"2292737341";"";"dtu";"2015";"";"";"";"";"thesis";"dtu|dtu_electronic|dtupub_external";"";"";"";"";"";"";"";"";"";"";"";"";"";"Bioteknologi|Master of Science in Biotechnology|Master of Science in Engineering|kandidat";"Bioteknologi|Master of Science in Biotechnology|Master of Science in Engineering|kandidat";"Bioteknologi|Master of Science in Biotechnology|Master of Science in Engineering|kandidat";"und";"56d754babf19455102000983";"";"56d754babf19455102000983";"DTU Department of Biotechnology and Biomedicine";"sorbit";"sorbit";"Improvement of production of virus-like particles in Drosophila S2-cells|Forbedret produktion af virus-lignende partikler i Drosophila S2-celler"
"";"dtu|dtupub|third_party";"";"2022-01-03T13:13:04.782Z";"Cavani, Eleonora";"";"2341518435";"";"dtu";"2016";"";"";"";"";"thesis";"dtu|dtu_electronic|dtupub_external";"";"";"";"";"";"";"";"";"";"";"";"";"";"Farmateknologi|Master of Science in Engineering|Master of Science in Pharmaceutical Design and Engineering|kandidat";"Farmateknologi|Master of Science in Engineering|Master of Science in Pharmaceutical Design and Engineering|kandidat";"Farmateknologi|Master of Science in Engineering|Master of Science in Pharmaceutical Design and Engineering|kandidat";"und";"57b6e6bc3e47d6ad77000000";"";"57b6e6bc3e47d6ad77000000";"DTU Department of Chemistry";"sorbit";"sorbit";"Monitoring of atopic dermatitis flare-ups and identification of its triggers in chronic patients|Monitorering af atopisk dermatitis udbrud og identificering af (dets) triggere i kronisk syge patienter"
"";"dtu|dtupub|third_party";"";"2022-01-03T13:06:05.262Z";"Heydari, Mantreh Nilufar";"";"2306510220";"";"dtu";"2016";"";"";"";"";"thesis";"dtu|dtu_electronic|dtupub_external";"";"";"";"";"";"";"";"";"";"";"";"";"";"Master of Science in Engineering|Master of Science in Transportation and Logistics|Transp. og logistik|kandidat";"Master of Science in Engineering|Master of Science in Transportation and Logistics|Transp. og logistik|kandidat";"Master of Science in Engineering|Master of Science in Transportation and Logistics|Transp. og logistik|kandidat";"und";"578770d66bbf232e7000011e";"";"578770d66bbf232e7000011e";"DTU Department of Transport";"sorbit";"sorbit";"Slab Track: The new future in the Danish Railway?|Slab Track: Den nye fremtid for den danske jernbane?"
"";"dtu|dtupub|third_party";"";"2022-01-03T13:06:53.396Z";"Orus, Carlos Dieste";"";"2319852090";"";"dtu";"2016";"";"";"";"";"thesis";"dtu|dtu_electronic|dtupub|dtupub_electronic";"";"";"";"";"";"";"";"";"";"";"";"";"";"gæst udl.";"gæst udl.";"gæst udl.";"und";"57b04f529baf2b177e0001cb";"";"57b04f529baf2b177e0001cb";"DTU Department of Electrical Engineering";"sorbit";"sorbit";"Real-time motion tracking during Magnetic Resonance Imaging|Tidstro monitorering af bevægelse under magnetisk resonans skanning"
"";"dtu|dtupub|third_party";"";"2022-01-03T13:07:59.099Z";"Brendstrup, Mikkel";"";"2306789890";"";"dtu";"2016";"";"";"";"";"thesis";"dtu|dtu_electronic|dtupub|dtupub_electronic";"";"";"";"";"";"";"";"";"";"";"";"";"";"Bæredygtig energi|Master of Science in Engineering|Master of Science in Sustainable Energy|kandidat";"Bæredygtig energi|Master of Science in Engineering|Master of Science in Sustainable Energy|kandidat";"Bæredygtig energi|Master of Science in Engineering|Master of Science in Sustainable Energy|kandidat";"und";"579743706bbf232e70000ded";"";"579743706bbf232e70000ded";"DTU Department of Civil and Mechanical Engineering";"sorbit";"sorbit";"Investigations of sulphur related corrosion in large 2-stroke diesel engines|Studier af svovl forarsaget korrosion i 2-takts diesel motorer"
"";"dtu|dtupub|third_party";"";"2022-01-03T13:16:14.652Z";"Drobek, Cecilie";"";"2292735609";"";"dtu";"2015";"";"";"";"";"thesis";"dtu|dtu_electronic|dtupub|dtupub_electronic";"";"";"";"";"";"";"";"";"";"";"";"";"";"Anvendt kemi|Master of Science in Advanced and Applied Chemistry|Master of Science in Engineering|kandidat";"Anvendt kemi|Master of Science in Advanced and Applied Chemistry|Master of Science in Engineering|kandidat";"Anvendt kemi|Master of Science in Advanced and Applied Chemistry|Master of Science in Engineering|kandidat";"und";"56d754b2bf19455102000470";"";"56d754b2bf19455102000470";"DTU Department of Chemistry";"sorbit";"sorbit";"Analysis of impurity forming reactions in solid state pharmaceuticals|Analyse af urenhedsdannende reaktioner i farmaceutiske produkter i fast form"
"";"dtu|dtupub|third_party";"";"2022-01-03T13:15:58.495Z";"Carr, Stephanie";"";"2292735483";"";"dtu";"2015";"";"";"";"";"thesis";"dtu|dtu_electronic|dtupub|dtupub_electronic";"";"";"";"";"";"";"";"";"";"";"";"";"";"Bæredygtig energi|Master of Science in Engineering|Master of Science in Sustainable Energy|kandidat";"Bæredygtig energi|Master of Science in Engineering|Master of Science in Sustainable Energy|kandidat";"Bæredygtig energi|Master of Science in Engineering|Master of Science in Sustainable Energy|kandidat";"und";"56d754b1bf194551020003f7";"";"56d754b1bf194551020003f7";"DTU Department of Civil Engineering";"sorbit";"sorbit";"Load shifting in Smart Grid Ready Buildings|Lastudjævning i Smart Grid-parate bygninger"
"";"dtu|dtupub|third_party";"";"2022-01-03T13:15:37.214Z";"Omanovic, Dzenita";"";"2292736786";"";"dtu";"2015";"";"";"";"";"thesis";"dtu|dtu_electronic|dtupub_external";"";"";"";"";"";"";"";"";"";"";"";"";"";"Master of Science in Engineering|Master of Science in Medicine and Technology|Medicin og tek.|kandidat";"Master of Science in Engineering|Master of Science in Medicine and Technology|Medicin og tek.|kandidat";"Master of Science in Engineering|Master of Science in Medicine and Technology|Medicin og tek.|kandidat";"und";"56d754b8bf19455102000793";"";"56d754b8bf19455102000793";"DTU Department of Applied Mathematics and Computer Science";"sorbit";"sorbit";"Automatic feature selection in digital pathology|Automatiseret feature udvælgelse i digital patologi"
"";"dtu|dtupub|third_party";"";"2022-01-03T13:15:50.583Z";"Cadario, Daniele";"";"2292735147";"";"dtu";"2015";"";"";"";"";"thesis";"dtu|dtu_electronic|dtupub_external";"";"";"";"";"";"";"";"";"";"";"";"";"";"Fysik og nanotek.|Master of Science in Engineering|Master of Science in Physics and Nanotechnology|kandidat";"Fysik og nanotek.|Master of Science in Engineering|Master of Science in Physics and Nanotechnology|kandidat";"Fysik og nanotek.|Master of Science in Engineering|Master of Science in Physics and Nanotechnology|kandidat";"und";"56d754afbf1945510200031c";"";"56d754afbf1945510200031c";"DTU Department of Micro- and Nanotechnology";"sorbit";"sorbit";"Using an Impedance Spectroscopy Device for Specific Detection of Pathogens|Specifik detektering af patogener ved hjælp af et impedansspektroskopi device."