"abstract_ts";"access_ss";"Affiliations";"Timestamp";"Author";"citation_count_i";"ID";"dtu_library_collection_facet";"collection_facet";"Publication Year";"Conference";"DOI";"Editor";"embargo_ssf";"format";"fulltext_availability_facet";"has_openaccess_fulltext_b";"holdings_ssf";"ISBN";"Journal Issue";"journal_issue_tsort";"journal_oa_model_ss";"Journal Page";"journal_page_start_tsort";"Journal Title";"journal_title_facet";"toc_key_s";"Journal Volume";"journal_vol_tsort";"keywords_ts";"keywords_facet";"keywords_normalized";"isolanguage_facet";"member_id_ss";"ORCID";"primary_member_id_s";"Publisher";"Source";"source_all_ss";"Title"
"The present work involved the manufacturing and characterization of hybrid biocomposites from poly-lactic acid reinforced with cellulose derived fibers and synthetic high performing fibers, such as carbon and aramid fibers for improving the performance. The manufacturing and characterization of these composites were executed at Innventia AB in Stockholm and in the Division of Materials Science at Luleå University of Technology. A dynamic sheet former was used to obtain the pre-forms or mats. The final composite was obtained by compression molding and annealing process. The characterization of the composites was done by performing tensile test, fracture toughness test, differential scanning calorimetry, computed tomography and scanning electron microscopy. A study of the degradation of the poly-lactic acid in the composites was executed through size exclusion chromatography. Composite porosity was determined to be between 15-64%, depending on the composition. Composites containing aramid fibers showed higher values of strain at break, while composites containing carbon fibers showed higher values of tensile strength and young modulus. Synthetic fibers improved fracture toughness only when the fracture propagates in cross direction. In general, annealing process increased the degree of crystallinity of the composites. SEC results showed that samples lost around 23% and 94% of their molecular weight after compression molding and annealing process, which could have affected the mechanical behavior of the composite. Recommendations concerning the manufacturing of composites and suggestions for further experimental work are presented.";"dtu|dtupub";"Luleå University of Technology";"2023-01-28T01:09:40.301Z";"Aguilar Sanchez, Andrea";"";"2718359688";"";"dtu";"2016";"";"";"";"";"thesis";"dtu|dtu_electronic|dtupub|dtupub_electronic";"";"";"";"";"";"";"";"";"";"";"";"";"";"";"";"";"eng";"63d475d1afd9cb1e04b9750d";"";"63d475d1afd9cb1e04b9750d";"Luleå University of Technology";"vtt";"vtt";"Different fiber combinations for enhancing properties of compression molded fiber composites"
"";"dtu|dtupub|third_party";"";"2022-01-03T13:15:59.031Z";"Zobbe, Morten";"";"2292736853";"";"dtu";"2015";"";"";"";"";"thesis";"dtu|dtu_electronic|dtupub|dtupub_electronic";"";"";"";"";"";"";"";"";"";"";"";"";"";"Digitale medietek.|Master of Science in Digital Media Engineering|Master of Science in Engineering|kandidat";"Digitale medietek.|Master of Science in Digital Media Engineering|Master of Science in Engineering|kandidat";"Digitale medietek.|Master of Science in Digital Media Engineering|Master of Science in Engineering|kandidat";"und";"56d754b8bf194551020007cb";"";"56d754b8bf194551020007cb";"DTU Department of Applied Mathematics and Computer Science";"sorbit";"sorbit";"Development of cross-platform mobil app for Pernexus Systemes|Udvikling af cross-platform mobil applikation for Pernexus Systemes"
"";"dtu|dtupub|third_party";"";"2022-01-03T13:12:05.218Z";"Møller, Nanna Sloth";"";"2292735041";"";"dtu";"2015";"";"";"";"";"thesis";"dtu|dtu_electronic|dtupub_external";"";"";"";"";"";"";"";"";"";"";"";"";"";"Anvendt kemi|Master of Science in Advanced and Applied Chemistry|Master of Science in Engineering|kandidat";"Anvendt kemi|Master of Science in Advanced and Applied Chemistry|Master of Science in Engineering|kandidat";"Anvendt kemi|Master of Science in Advanced and Applied Chemistry|Master of Science in Engineering|kandidat";"und";"56d754aebf194551020002cc";"";"56d754aebf194551020002cc";"DTU Department of Chemistry";"sorbit";"sorbit";"Investigations and alternatives in crosscoupling chemistry by formation of enzymatic nano agglomerates for application in biosensors|Undersøgelser og alternativer i krydsbindingskemi ved dannelse af enzymatiske nanoagglomeratnetværk til anvendelser som biosensorer"
"";"dtu|dtupub|third_party";"";"2022-01-03T13:15:57.669Z";"Peteinelli, Theodora Mantzana";"";"2292735494";"";"dtu";"2015";"";"";"";"";"thesis";"dtu|dtu_electronic|dtupub|dtupub_electronic";"";"";"";"";"";"";"";"";"";"";"";"";"";"Master of Science in Engineering|Master of Science in Environmental Engineering|Miljøteknologi|kandidat";"Master of Science in Engineering|Master of Science in Environmental Engineering|Miljøteknologi|kandidat";"Master of Science in Engineering|Master of Science in Environmental Engineering|Miljøteknologi|kandidat";"und";"56d754b1bf194551020003ff";"";"56d754b1bf194551020003ff";"DTU Department of Environmental and Resource Engineering";"sorbit";"sorbit";"Measuring the distribution of PAHs between free and bound forms in the Aquatic Environment|Bestemmelse af PAHer's fordeling imellem frit opløst og bundne former i vandmiljøet."
"";"dtu|dtupub|third_party";"";"2022-01-03T13:15:59.819Z";"Byskov, Sedi Louise";"";"2292735948";"";"dtu";"2015";"";"";"";"";"thesis";"dtu|dtu_electronic|dtupub|dtupub_electronic";"";"";"";"";"";"";"";"";"";"";"";"";"";"Fysik og nanotek.|Master of Science in Engineering|Master of Science in Physics and Nanotechnology|kandidat";"Fysik og nanotek.|Master of Science in Engineering|Master of Science in Physics and Nanotechnology|kandidat";"Fysik og nanotek.|Master of Science in Engineering|Master of Science in Physics and Nanotechnology|kandidat";"und";"56d754b4bf19455102000599";"";"56d754b4bf19455102000599";"DTU Department of Physics";"sorbit";"sorbit";"Protection of Perovskite Solar Cells by Thin Film Deposition|Beskyttelse af Perovskit solceller ved tyndfilms deponering"
"";"dtu|dtupub|third_party";"";"2022-01-03T13:08:16.529Z";"Petersen, Thomas Kjær";"";"2346254800";"";"dtu";"2016";"";"";"";"";"thesis";"dtu|dtu_electronic|dtupub_external";"";"";"";"";"";"";"";"";"";"";"";"";"";"Master in Construction Management|deltidsdiplom|åben udd.";"Master in Construction Management|deltidsdiplom|åben udd.";"Master in Construction Management|deltidsdiplom|åben udd.";"und";"57f0e8bead6a549d07000082";"";"57f0e8bead6a549d07000082";"DTU Department of Technology, Management and Economics";"sorbit";"sorbit";"The New Procurement Law in a Contractor Perspective|Den nye udbudslov i et entreprenørperspektiv"
"";"dtu|dtupub|third_party";"";"2022-01-06T23:53:39.943Z";"Hussain, Aqeel";"";"2348749137";"";"dtu";"2016";"";"";"";"";"thesis";"dtu|dtu_electronic|dtupub_external";"";"";"";"";"";"";"";"";"";"";"";"";"";"Master of Science in Engineering|Master of Science in Petroleum Engineering|Olie- og gastek.|kandidat";"Master of Science in Engineering|Master of Science in Petroleum Engineering|Olie- og gastek.|kandidat";"Master of Science in Engineering|Master of Science in Petroleum Engineering|Olie- og gastek.|kandidat";"und";"58230fcd13270e8a3e00000a";"";"58230fcd13270e8a3e00000a";"DTU Department of Civil Engineering";"sorbit";"sorbit";"Petrophysical interpretation, Kraka field|Petrofysisk tolkning af data fra Krakafeltet"
"";"dtu|dtupub|third_party";"";"2022-01-03T13:16:18.460Z";"Johansen, Benjamin";"";"2292734626";"";"dtu";"2016";"";"";"";"";"thesis";"dtu|dtu_electronic|dtupub|dtupub_electronic";"";"";"";"";"";"";"";"";"";"";"";"";"";"Design og inn.|Master of Science in Design and Innovation|Master of Science in Engineering|kandidat";"Design og inn.|Master of Science in Design and Innovation|Master of Science in Engineering|kandidat";"Design og inn.|Master of Science in Design and Innovation|Master of Science in Engineering|kandidat";"und";"56d754acbf194551020001a9";"";"56d754acbf194551020001a9";"DTU Department of Applied Mathematics and Computer Science";"sorbit";"sorbit";"UX prototyping design of HealthKit app for heart disease patients|UX prototype design af HealthKit app for hjertepatienter"
"";"dtu|dtupub|third_party";"";"2022-01-03T13:12:29.332Z";"Myling-Petersen, Nils";"";"2305633404";"";"dtu";"2016";"";"";"";"";"thesis";"dtu|dtu_electronic|dtupub_external";"";"";"";"";"";"";"";"";"";"";"";"";"";"Bioteknologi|Master of Science in Biotechnology|Master of Science in Engineering|kandidat";"Bioteknologi|Master of Science in Biotechnology|Master of Science in Engineering|kandidat";"Bioteknologi|Master of Science in Biotechnology|Master of Science in Engineering|kandidat";"und";"575ea6b8e6f951534a00e758";"";"575ea6b8e6f951534a00e758";"DTU Department of Biotechnology and Biomedicine";"sorbit";"sorbit";"Mapping and targeting of genetic factors affecting long-term microbial fermentations|Kortlægning og adressering af genetiske faktorer som pavirker lange mrkobielle fermenteringer"
"";"dtu|dtupub|third_party";"";"2022-01-03T13:16:18.342Z";"Marjan, Selima Abualhail";"";"2305633355";"";"dtu";"2016";"";"";"";"";"thesis";"dtu|dtu_electronic|dtupub|dtupub_electronic";"";"";"";"";"";"";"";"";"";"";"";"";"";"Anvendt kemi|Master of Science in Advanced and Applied Chemistry|Master of Science in Engineering|kandidat";"Anvendt kemi|Master of Science in Advanced and Applied Chemistry|Master of Science in Engineering|kandidat";"Anvendt kemi|Master of Science in Advanced and Applied Chemistry|Master of Science in Engineering|kandidat";"und";"575ea60be6f951534a00dfa1";"";"575ea60be6f951534a00dfa1";"DTU Department of Energy Conversion and Storage";"sorbit";"sorbit";"Reforming of methanol examined by gas chromatography|Reformering af metanol undersøgt med gaskromatografi"
"";"dtu|dtupub|third_party";"";"2022-01-03T13:12:56.674Z";"Perez, Elia Jimenez";"";"2306312358";"";"dtu";"2016";"";"";"";"";"thesis";"dtu|dtu_electronic|dtupub|dtupub_electronic";"";"";"";"";"";"";"";"";"";"";"";"";"";"Bæredygtig energi|Master of Science in Engineering|Master of Science in Sustainable Energy|kandidat";"Bæredygtig energi|Master of Science in Engineering|Master of Science in Sustainable Energy|kandidat";"Bæredygtig energi|Master of Science in Engineering|Master of Science in Sustainable Energy|kandidat";"und";"577a423c37562d157a0000ec";"";"577a423c37562d157a0000ec";"DTU Department of Civil Engineering";"sorbit";"sorbit";"Smart-grid for one family houses|Smart-grid til enfamiliehuse"
"";"dtu|dtupub|third_party";"";"2022-01-03T13:08:31.687Z";"Tobiasen, Toke";"";"2306791719";"";"dtu";"2016";"";"";"";"";"thesis";"dtu|dtu_electronic|dtupub|dtupub_electronic";"";"";"";"";"";"";"";"";"";"";"";"";"";"Bæredygtig energi|Master of Science in Engineering|Master of Science in Sustainable Energy|kandidat";"Bæredygtig energi|Master of Science in Engineering|Master of Science in Sustainable Energy|kandidat";"Bæredygtig energi|Master of Science in Engineering|Master of Science in Sustainable Energy|kandidat";"und";"579743c86bbf232e7000100c";"";"579743c86bbf232e7000100c";"DTU Department of Wind and Energy Systems";"sorbit";"sorbit";"The influence of spatial aggregation of wind data in modeling of energy systems|Indflydelsen af rumlig opløsning af vinddata i modellering af energisystemer"
"";"dtu|dtupub|third_party";"";"2022-01-03T13:13:04.800Z";"Nagy, Mariann";"";"2341802783";"";"dtu";"2016";"";"";"";"";"thesis";"dtu|dtu_electronic|dtupub_external";"";"";"";"";"";"";"";"";"";"";"";"";"";"Bioteknologi|Master of Science in Biotechnology|Master of Science in Engineering|kandidat";"Bioteknologi|Master of Science in Biotechnology|Master of Science in Engineering|kandidat";"Bioteknologi|Master of Science in Biotechnology|Master of Science in Engineering|kandidat";"und";"57badb3f3e47d6ad77000055";"";"57badb3f3e47d6ad77000055";"DTU Department of Biotechnology and Biomedicine";"sorbit";"sorbit";"Effects of phenotypic instability in long-term cultivations of cell factories|Effekter ved fænotypisk ustabilitet i langvarige kultiveringer af cellefabrikker"
"";"dtu|dtupub|third_party";"";"2022-01-03T13:07:49.711Z";"Diaz, Pablo Canovas";"";"2306781421";"";"dtu";"2016";"";"";"";"";"thesis";"dtu|dtu_electronic|dtupub_external";"";"";"";"";"";"";"";"";"";"";"";"";"";"gæst udl.";"gæst udl.";"gæst udl.";"und";"5795f16e6bbf232e700009fa";"";"5795f16e6bbf232e700009fa";"DTU Department of Civil Engineering";"sorbit";"sorbit";"Application of optical acoustic televiewer data and facelogs for rock mass classification|Anvendelse af optisk akustisk televiewer data og facelog i fjeldmasseklassifikation"
"";"dtu|dtupub|third_party";"";"2022-01-03T13:12:54.531Z";"Flamsted, Kristian Mortensen|Lundt, Mads Engel";"";"2306320601";"";"dtu";"2016";"";"";"";"";"thesis";"dtu|dtu_electronic|dtupub|dtupub_electronic";"";"";"";"";"";"";"";"";"";"";"";"";"";"Informationstek.|Master of Science in Computer Science and Engineering|Master of Science in Engineering|kandidat";"Informationstek.|Master of Science in Computer Science and Engineering|Master of Science in Engineering|kandidat";"Informationstek.|Master of Science in Computer Science and Engineering|Master of Science in Engineering|kandidat";"und";"577b935337562d157a00021f";"";"577b935337562d157a00021f";"DTU Department of Applied Mathematics and Computer Science";"sorbit";"sorbit";"Privilege Management in a Cloud Based File Store using Cryptographic Access Control|Rettighedsstyring i et Cloudbaseret fildelingssystem baseret pa kryptografisk adgangskontrol"
"";"dtu|dtupub|third_party";"";"2022-01-03T13:08:17.956Z";"Moreno, Jorge Alberto Sevilla";"";"2306921288";"";"dtu";"2016";"";"";"";"";"thesis";"dtu|dtu_electronic|dtupub|dtupub_electronic";"";"";"";"";"";"";"";"";"";"";"";"";"";"Kemisk/biokemisk tek.|Master of Science in Chemical and Biochemical Engineering|Master of Science in Engineering|kandidat";"Kemisk/biokemisk tek.|Master of Science in Chemical and Biochemical Engineering|Master of Science in Engineering|kandidat";"Kemisk/biokemisk tek.|Master of Science in Chemical and Biochemical Engineering|Master of Science in Engineering|kandidat";"und";"579dda4d6bbf232e700014dd";"";"579dda4d6bbf232e700014dd";"DTU DTU National Food Institute";"sorbit";"sorbit";"Development of chitosan-based particles for oral delivery of vaccines|Udvikling af chitosan baserede partikler til oral delivery af vacciner"
"";"dtu|dtupub|third_party";"";"2022-01-03T13:12:54.011Z";"Hansen, Mette Mai";"";"2307020183";"";"dtu";"2016";"";"";"";"";"thesis";"dtu|dtu_electronic|dtupub|dtupub_electronic";"";"";"";"";"";"";"";"";"";"";"";"";"";"Digitale medietek.|Master of Science in Digital Media Engineering|Master of Science in Engineering|kandidat";"Digitale medietek.|Master of Science in Digital Media Engineering|Master of Science in Engineering|kandidat";"Digitale medietek.|Master of Science in Digital Media Engineering|Master of Science in Engineering|kandidat";"und";"57a1ceec12855c654e0001d4";"";"57a1ceec12855c654e0001d4";"DTU Department of Applied Mathematics and Computer Science";"sorbit";"sorbit";"Improving UX in Mobile Food Tracking|Forbedring af UX i mobil kost tracking"
"";"dtu|dtupub|third_party";"";"2022-01-03T13:08:58.052Z";"Andreou, Alexandros";"";"2346254797";"";"dtu";"2016";"";"";"";"";"thesis";"dtu|dtu_electronic|dtupub|dtupub_electronic";"";"";"";"";"";"";"";"";"";"";"";"";"";"Informationstek.|Master of Science in Computer Science and Engineering|Master of Science in Engineering|kandidat";"Informationstek.|Master of Science in Computer Science and Engineering|Master of Science in Engineering|kandidat";"Informationstek.|Master of Science in Computer Science and Engineering|Master of Science in Engineering|kandidat";"und";"57f0e8bead6a549d07000081";"";"57f0e8bead6a549d07000081";"DTU Department of Applied Mathematics and Computer Science";"sorbit";"sorbit";"Side-Channel Vulnerabilities of Virtualization|Side-Channel Vulnerabilities of Virtualization"
"";"dtu|dtupub|third_party";"";"2022-01-03T13:13:03.618Z";"Giurda, Ruksana";"";"2306946151";"";"dtu";"2016";"";"";"";"";"thesis";"dtu|dtu_electronic|dtupub|dtupub_electronic";"";"";"";"";"";"";"";"";"";"";"";"";"";"Akustisk tek.|Master of Science in Engineering|Master of Science in Engineering Acoustics|kandidat";"Akustisk tek.|Master of Science in Engineering|Master of Science in Engineering Acoustics|kandidat";"Akustisk tek.|Master of Science in Engineering|Master of Science in Engineering Acoustics|kandidat";"und";"579f2cb26bbf232e7000199d";"";"579f2cb26bbf232e7000199d";"DTU Department of Electrical Engineering";"sorbit";"sorbit";"Hearing-aid amplification strategies for reverberant sounds|Høreapparats forstærkningstrategier for efterklangslyde"
"";"dtu|dtupub|third_party";"";"2022-01-03T13:07:15.202Z";"Jhamb, Spardha Virendra";"";"2313645271";"";"dtu";"2016";"";"";"";"";"thesis";"dtu|dtu_electronic|dtupub_external";"";"";"";"";"";"";"";"";"";"";"";"";"";"Kemisk/biokemisk tek.|Master of Science in Chemical and Biochemical Engineering|Master of Science in Engineering|kandidat";"Kemisk/biokemisk tek.|Master of Science in Chemical and Biochemical Engineering|Master of Science in Engineering|kandidat";"Kemisk/biokemisk tek.|Master of Science in Chemical and Biochemical Engineering|Master of Science in Engineering|kandidat";"und";"57ab093f3fec415c3b000081";"";"57ab093f3fec415c3b000081";"DTU Department of Chemical and Biochemical Engineering";"sorbit";"sorbit";"Development of a Model for Ultrafiltration Systems|Udvikling af en model til ultrafiltreringssystemer"
"";"dtu|dtupub|third_party";"";"2022-01-03T13:15:43.839Z";"Ponti, Didac Trubat";"";"2292736951";"";"dtu";"2015";"";"";"";"";"thesis";"dtu|dtu_electronic|dtupub|dtupub_electronic";"";"";"";"";"";"";"";"";"";"";"";"";"";"Design og inn.|Master of Science in Design and Innovation|Master of Science in Engineering|kandidat";"Design og inn.|Master of Science in Design and Innovation|Master of Science in Engineering|kandidat";"Design og inn.|Master of Science in Design and Innovation|Master of Science in Engineering|kandidat";"und";"56d754b8bf19455102000824";"";"56d754b8bf19455102000824";"DTU Department of Technology, Management and Economics";"sorbit";"sorbit";"METABOLIC; BOOSTING SUSTAINABILITY, SCIENCE & TECHNOLOGY IN YOUNG MINDS|METABOLIC; BOOSTING BÆREDYGTIGHED, VIDENSKAB and TEKNOLOGI FOR UNGE"
"";"dtu|dtupub|third_party";"";"2022-01-03T13:13:06.065Z";"Fjordmand, Cecilie Overgaard";"";"2345898678";"";"dtu";"2016";"";"";"";"";"thesis";"dtu|dtu_electronic|dtupub_external";"";"";"";"";"";"";"";"";"";"";"";"";"";"Bæredygtig energi|Master of Science in Engineering|Master of Science in Sustainable Energy|kandidat";"Bæredygtig energi|Master of Science in Engineering|Master of Science in Sustainable Energy|kandidat";"Bæredygtig energi|Master of Science in Engineering|Master of Science in Sustainable Energy|kandidat";"und";"57e8ffc0bf85a9107600005b";"";"57e8ffc0bf85a9107600005b";"DTU Department of Technology, Management and Economics";"sorbit";"sorbit";"Simplification of Life Cycle Assessment through Black Box modelling|Forenkling af livcyklusvurdering ved hjælp af Black Box modellering"
"";"dtu|dtupub|third_party";"";"2022-01-03T13:15:38.496Z";"Andersen, Nicoline Victoria";"";"2292737224";"";"dtu";"2015";"";"";"";"";"thesis";"dtu|dtu_electronic|dtupub|dtupub_electronic";"";"";"";"";"";"";"";"";"";"";"";"";"";"Farmateknologi|Master of Science in Engineering|Master of Science in Pharmaceutical Design and Engineering|kandidat";"Farmateknologi|Master of Science in Engineering|Master of Science in Pharmaceutical Design and Engineering|kandidat";"Farmateknologi|Master of Science in Engineering|Master of Science in Pharmaceutical Design and Engineering|kandidat";"und";"56d754babf1945510200091e";"";"56d754babf1945510200091e";"DTU National Veterinary Institute";"sorbit";"sorbit";"Development of a mammalian display technology for discovery of therapeutic antibodies|Udvikling af mammalian display technology til discovery af terapeutiske antistoffer"
"";"dtu|dtupub|third_party";"";"2022-01-03T13:16:18.325Z";"Nielsen, Jacob Hellum";"";"2292734192";"";"dtu";"2016";"";"";"";"";"thesis";"dtu|dtu_electronic|dtupub|dtupub_electronic";"";"";"";"";"";"";"";"";"";"";"";"";"";"Master of Science in Engineering|Master of science in Bioinformatics and Systems Biology|Systembiologi|kandidat";"Master of Science in Engineering|Master of science in Bioinformatics and Systems Biology|Systembiologi|kandidat";"Master of Science in Engineering|Master of science in Bioinformatics and Systems Biology|Systembiologi|kandidat";"und";"56d754aabf194551020000a4";"";"56d754aabf194551020000a4";"DTU Department of Biotechnology and Biomedicine";"sorbit";"sorbit";"Understanding transmission routes and patterns in Danish AMDV|Transmissions ruter og mønstre i dansk AMDV"
"";"dtu|dtupub|third_party";"";"2022-01-03T13:11:52.864Z";"Christensen, Kim Rostgaard";"";"2292735628";"";"dtu";"2015";"";"";"";"";"thesis";"dtu|dtu_electronic|dtupub|dtupub_electronic";"";"";"";"";"";"";"";"";"";"";"";"";"";"Informationstek.|Master of Science in Computer Science and Engineering|Master of Science in Engineering|kandidat";"Informationstek.|Master of Science in Computer Science and Engineering|Master of Science in Engineering|kandidat";"Informationstek.|Master of Science in Computer Science and Engineering|Master of Science in Engineering|kandidat";"und";"56d754b2bf19455102000480";"";"56d754b2bf19455102000480";"DTU Department of Applied Mathematics and Computer Science";"sorbit";"sorbit";"Requirements as Tests: Automatic generation of test from structured requirements|Kravspecifikationer som tests: Automatisk generering af tests fra strukurerede kravspecifikationer"
"";"dtu|dtupub|third_party";"";"2022-01-03T13:07:28.055Z";"Molzen, Lars";"";"2307020137";"";"dtu";"2016";"";"";"";"";"thesis";"dtu|dtu_electronic|dtupub|dtupub_electronic";"";"";"";"";"";"";"";"";"";"";"";"";"";"Konst. og mekanik|Master of Science in Engineering|Master of Science in Engineering Design and Applied Mechanics|kandidat";"Konst. og mekanik|Master of Science in Engineering|Master of Science in Engineering Design and Applied Mechanics|kandidat";"Konst. og mekanik|Master of Science in Engineering|Master of Science in Engineering Design and Applied Mechanics|kandidat";"und";"57a1cee212855c654e000173";"";"57a1cee212855c654e000173";"DTU Department of Civil and Mechanical Engineering";"sorbit";"sorbit";"Experimental Modal Analysis of an Industrial Compressor Supported By Air Foil Bearings|Eksperimentel modalanalyse af en industriel kompressor støttet af luftlejer"
"";"dtu|dtupub|third_party";"";"2022-01-03T13:12:14.671Z";"Steinthórsson, Siggeir Örn";"";"2292735012";"";"dtu";"2015";"";"";"";"";"thesis";"dtu|dtu_electronic|dtupub_external";"";"";"";"";"";"";"";"";"";"";"";"";"";"Master of Science in Engineering|Master of Science in Engineering Management|Planl. innovation og led.|kandidat";"Master of Science in Engineering|Master of Science in Engineering Management|Planl. innovation og led.|kandidat";"Master of Science in Engineering|Master of Science in Engineering Management|Planl. innovation og led.|kandidat";"und";"56d754aebf194551020002bf";"";"56d754aebf194551020002bf";"DTU Department of Technology, Management and Economics";"sorbit";"sorbit";"Introducing Lean IT and roadmapping in a strategic business process analysis project in Novo Nordisk A/S: A case study on the human resource planning process within CMC IPF area|Introducing Lean IT and roadmapping in a strategic business process analysis project in Novo Nordisk A/S: A case study on the human resource planning process within CMC IPF area"
"";"dtu|dtupub|third_party";"";"2022-01-03T13:06:26.948Z";"Pedersen, Anja Hvonbech";"";"2307020650";"";"dtu";"2016";"";"";"";"";"thesis";"dtu|dtu_electronic|dtupub_external";"";"";"";"";"";"";"";"";"";"";"";"";"";"Fødevareteknologi|Master of Science in Engineering|Master of Science in Food Technology|kandidat";"Fødevareteknologi|Master of Science in Engineering|Master of Science in Food Technology|kandidat";"Fødevareteknologi|Master of Science in Engineering|Master of Science in Food Technology|kandidat";"und";"57a1cf8112855c654e00024e";"";"57a1cf8112855c654e00024e";"DTU DTU National Food Institute";"sorbit";"sorbit";"The origin of vitamin D in wild salmon (Salmo salar)|Oprindelsen af D-vitamin i vildlaks (Salmo salar)"
"";"dtu|dtupub|third_party";"";"2022-01-03T13:15:46.562Z";"Lesyk, Viktor";"";"2292736513";"";"dtu";"2015";"";"";"";"";"thesis";"dtu|dtu_electronic|dtupub|dtupub_electronic";"";"";"";"";"";"";"";"";"";"";"";"";"";"Master of Science in Engineering|Master of Science in Engineering, Security and Mobile Computing|Security and Mobile|kandidat";"Master of Science in Engineering|Master of Science in Engineering, Security and Mobile Computing|Security and Mobile|kandidat";"Master of Science in Engineering|Master of Science in Engineering, Security and Mobile Computing|Security and Mobile|kandidat";"und";"56d754b7bf194551020006e0";"";"56d754b7bf194551020006e0";"DTU Department of Applied Mathematics and Computer Science";"sorbit";"sorbit";"A Survey of Man in the Middle Attacks|En Undersøgelse af 'Manden i Midten' Angreb"
"";"dtu|dtupub|third_party";"";"2022-01-03T13:15:39.713Z";"Skovgaard, Mikala Sif";"";"2292736996";"";"dtu";"2015";"";"";"";"";"thesis";"dtu|dtu_electronic|dtupub|dtupub_electronic";"";"";"";"";"";"";"";"";"";"";"";"";"";"Bioteknologi|Master of Science in Biotechnology|Master of Science in Engineering|kandidat";"Bioteknologi|Master of Science in Biotechnology|Master of Science in Engineering|kandidat";"Bioteknologi|Master of Science in Biotechnology|Master of Science in Engineering|kandidat";"und";"56d754b9bf1945510200084f";"";"56d754b9bf1945510200084f";"DTU Department of Biotechnology and Biomedicine";"sorbit";"sorbit";"Gut microbiome richness and microbial persistence in health and disease|Tarm-floraens rigdom og mikrobiel persistens hos raske og syge"
"";"dtu|dtupub|third_party";"";"2022-01-03T13:06:40.685Z";"Schouw, Mathias";"";"2342447754";"";"dtu";"2016";"";"";"";"";"thesis";"dtu|dtu_electronic|dtupub_external";"";"";"";"";"";"";"";"";"";"";"";"";"";"Master of Science in Engineering|Master of Science in Petroleum Engineering|Olie- og gastek.|kandidat";"Master of Science in Engineering|Master of Science in Petroleum Engineering|Olie- og gastek.|kandidat";"Master of Science in Engineering|Master of Science in Petroleum Engineering|Olie- og gastek.|kandidat";"und";"57c6b8bfabd7812721000000";"";"57c6b8bfabd7812721000000";"DTU Department of Chemical and Biochemical Engineering";"sorbit";"sorbit";"Development of gasoline isomerization kinetics and study of carbon compounds deposited on the catalysts used in the upgrading of TIGAS gasoline|Udvikling af en kinetisk model for TIGAS benzin isomerisering og studie af kulaflejringer pa de anvendte katalysatorer"
"";"dtu|dtupub|third_party";"";"2022-01-03T13:15:53.406Z";"Unnarsdóttir, Unnur Margrét";"";"2292735829";"";"dtu";"2015";"";"";"";"";"thesis";"dtu|dtu_electronic|dtupub|dtupub_electronic";"";"";"";"";"";"";"";"";"";"";"";"";"";"Master of Science in Engineering|Master of Science in Petroleum Engineering|Olie- og gastek.|kandidat";"Master of Science in Engineering|Master of Science in Petroleum Engineering|Olie- og gastek.|kandidat";"Master of Science in Engineering|Master of Science in Petroleum Engineering|Olie- og gastek.|kandidat";"und";"56d754b3bf1945510200052a";"";"56d754b3bf1945510200052a";"DTU Department of Chemical and Biochemical Engineering";"sorbit";"sorbit";"Production of natural gas from hydrates by swapping with CO2 and flue gas|Produktion af metan fra gashydrater ved en ombytningsproces"
"";"dtu|dtupub|third_party";"";"2022-01-03T13:07:53.909Z";"Kleszcz, Wojciech";"";"2341802956";"";"dtu";"2016";"";"";"";"";"thesis";"dtu|dtu_electronic|dtupub|dtupub_electronic";"";"";"";"";"";"";"";"";"";"";"";"";"";"Elektrotek.|Master of Science in Electrical Engineering|Master of Science in Engineering|kandidat";"Elektrotek.|Master of Science in Electrical Engineering|Master of Science in Engineering|kandidat";"Elektrotek.|Master of Science in Electrical Engineering|Master of Science in Engineering|kandidat";"und";"57badb463e47d6ad77000084";"";"57badb463e47d6ad77000084";"DTU Department of Electrical Engineering";"sorbit";"sorbit";"Object Search in an Unknown Environment With Mobile Robot|Objekt søgning i et ukendt miljø med mobil robot"
"";"dtu|dtupub|third_party";"";"2022-01-03T13:12:15.807Z";"Svendsen, Peter Kjær";"";"2292734239";"";"dtu";"2016";"";"";"";"";"thesis";"dtu|dtu_electronic|dtupub|dtupub_electronic";"";"";"";"";"";"";"";"";"";"";"";"";"";"Konst. og mekanik|Master of Science in Engineering|Master of Science in Engineering Design and Applied Mechanics|kandidat";"Konst. og mekanik|Master of Science in Engineering|Master of Science in Engineering Design and Applied Mechanics|kandidat";"Konst. og mekanik|Master of Science in Engineering|Master of Science in Engineering Design and Applied Mechanics|kandidat";"und";"56d754aabf194551020000c8";"";"56d754aabf194551020000c8";"DTU Department of Civil and Mechanical Engineering";"sorbit";"sorbit";"Combining Operational Modal Analysis and Active Lubrication Techniques to Perform Rotordynamic Testing|Kombination af operational modal analysis og aktiv smøringsteknik for udførelse af rotordynamisk test"
"";"dtu|dtupub|third_party";"";"2022-01-03T13:15:45.228Z";"Ritschel, Tobias Kasper Skovborg";"";"2292735808";"";"dtu";"2015";"";"";"";"";"thesis";"dtu|dtu_electronic|dtupub|dtupub_electronic";"";"";"";"";"";"";"";"";"";"";"";"";"";"Master of Science in Engineering|Master of Science in Mathematical Modelling and Computation|Mat. modellering|kandidat";"Master of Science in Engineering|Master of Science in Mathematical Modelling and Computation|Mat. modellering|kandidat";"Master of Science in Engineering|Master of Science in Mathematical Modelling and Computation|Mat. modellering|kandidat";"und";"56d754b3bf19455102000514";"";"56d754b3bf19455102000514";"DTU Department of Applied Mathematics and Computer Science";"sorbit";"sorbit";"High-Performance Computing for PDE Constrained Optimization in Oil Reservoirs Management|High-performance computing til PDE baseret optimering ved drift af oliefelter"
"";"dtu|dtupub|third_party";"";"2022-01-03T13:15:47.728Z";"Johansen, Rasmus Wiebe";"";"2292736233";"";"dtu";"2015";"";"";"";"";"thesis";"dtu|dtu_electronic|dtupub|dtupub_electronic";"";"";"";"";"";"";"";"";"";"";"";"";"";"Byggetek.|Master of Science in Civil Engineering|Master of Science in Engineering|kandidat";"Byggetek.|Master of Science in Civil Engineering|Master of Science in Engineering|kandidat";"Byggetek.|Master of Science in Civil Engineering|Master of Science in Engineering|kandidat";"und";"56d754b5bf1945510200064a";"";"56d754b5bf1945510200064a";"DTU Department of Civil Engineering";"sorbit";"sorbit";"Breathing Zone Ventilation - Performance and Optimization|Andingszone ventilation - performance og optimering"
"";"dtu|dtupub|third_party";"";"2022-01-03T13:15:50.645Z";"Fabbri, Serena";"";"2292736205";"";"dtu";"2015";"";"";"";"";"thesis";"dtu|dtu_electronic|dtupub|dtupub_electronic";"";"";"";"";"";"";"";"";"";"";"";"";"";"Master of Science in Engineering|Master of Science in Environmental Engineering|Miljøteknologi|kandidat";"Master of Science in Engineering|Master of Science in Environmental Engineering|Miljøteknologi|kandidat";"Master of Science in Engineering|Master of Science in Environmental Engineering|Miljøteknologi|kandidat";"und";"56d754b5bf1945510200063b";"";"56d754b5bf1945510200063b";"DTU Department of Technology, Management and Economics";"sorbit";"sorbit";"Assessing Environmental Impacts of using Humidification/Disinfection Technology in Food Supply|Assessing environmental impacts of using humidification/disinfection technology in food supply"
"";"dtu|dtupub|third_party";"";"2022-01-03T13:15:26.165Z";"Jørgensen, Anders Ravn";"";"2292737775";"";"dtu";"2015";"";"";"";"";"thesis";"dtu|dtu_electronic|dtupub|dtupub_electronic";"";"";"";"";"";"";"";"";"";"";"";"";"";"Konst. og mekanik|Master of Science in Engineering|Master of Science in Engineering Design and Applied Mechanics|kandidat";"Konst. og mekanik|Master of Science in Engineering|Master of Science in Engineering Design and Applied Mechanics|kandidat";"Konst. og mekanik|Master of Science in Engineering|Master of Science in Engineering Design and Applied Mechanics|kandidat";"und";"56d754bcbf19455102000b08";"";"56d754bcbf19455102000b08";"DTU Department of Civil and Mechanical Engineering";"sorbit";"sorbit";"Design and Development of an Improved Direct Light Processing (DLP) Platform for Precision Additive Manufacturing|Design og udvikling af en optimeret Direct Light Processing (DLP) platform til Additiv Præcisions Fremstilling"
"";"dtu|dtupub|third_party";"";"2022-01-03T13:15:25.161Z";"Furman, Magdalena Anna";"";"2292737571";"";"dtu";"2015";"";"";"";"";"thesis";"dtu|dtu_electronic|dtupub|dtupub_electronic";"";"";"";"";"";"";"";"";"";"";"";"";"";"Informationstek.|Master of Science in Computer Science and Engineering|Master of Science in Engineering|kandidat";"Informationstek.|Master of Science in Computer Science and Engineering|Master of Science in Engineering|kandidat";"Informationstek.|Master of Science in Computer Science and Engineering|Master of Science in Engineering|kandidat";"und";"56d754bbbf19455102000a46";"";"56d754bbbf19455102000a46";"DTU Department of Applied Mathematics and Computer Science";"sorbit";"sorbit";"Detecting Mode-of-Transportation based on Noisy Smartphone Sensor Data|Detecting Mode-of-Transportation based on Noisy Smartphone Sensor Data"
"";"dtu|dtupub|third_party";"";"2022-01-03T13:11:12.201Z";"Petersen, Alexander Jagd|Thylstrup, Kim";"";"2292737554";"";"dtu";"2015";"";"";"";"";"thesis";"dtu|dtu_electronic|dtupub_external";"";"";"";"";"";"";"";"";"";"";"";"";"";"Master of Science in Engineering|Master of Science in Engineering Management|Planl. innovation og led.|kandidat";"Master of Science in Engineering|Master of Science in Engineering Management|Planl. innovation og led.|kandidat";"Master of Science in Engineering|Master of Science in Engineering Management|Planl. innovation og led.|kandidat";"und";"56d754bbbf19455102000a32";"";"56d754bbbf19455102000a32";"DTU Department of Technology, Management and Economics";"sorbit";"sorbit";"Global Supply Chain Challenges at DONG Energy Wind Power – Improving Supply Chain Evaluation|Global supply chain udfordringer hos DONG Energy Wind Power - Forbedring af Supply Chain evaluering"
"";"dtu|dtupub|third_party";"";"2022-01-03T13:10:53.573Z";"Al-Shuweli, Suzan";"";"2292737165";"";"dtu";"2015";"";"";"";"";"thesis";"dtu|dtu_electronic|dtupub|dtupub_electronic";"";"";"";"";"";"";"";"";"";"";"";"";"";"Bioteknologi|Master of Science in Biotechnology|Master of Science in Engineering|kandidat";"Bioteknologi|Master of Science in Biotechnology|Master of Science in Engineering|kandidat";"Bioteknologi|Master of Science in Biotechnology|Master of Science in Engineering|kandidat";"und";"56d754b9bf194551020008e5";"";"56d754b9bf194551020008e5";"DTU Department of Biotechnology and Biomedicine";"sorbit";"sorbit";"The Murine Lung Microbiome|Lunge mikrobiomet i mus"
"";"dtu|dtupub|third_party";"";"2022-01-03T13:15:43.138Z";"Jensen, Claus Lenander";"";"2292737086";"";"dtu";"2015";"";"";"";"";"thesis";"dtu|dtu_electronic|dtupub|dtupub_electronic";"";"";"";"";"";"";"";"";"";"";"";"";"";"Master of Science in Engineering|Master of Science in Mathematical Modelling and Computation|Mat. modellering|kandidat";"Master of Science in Engineering|Master of Science in Mathematical Modelling and Computation|Mat. modellering|kandidat";"Master of Science in Engineering|Master of Science in Mathematical Modelling and Computation|Mat. modellering|kandidat";"und";"56d754b9bf19455102000894";"";"56d754b9bf19455102000894";"DTU Department of Applied Mathematics and Computer Science";"sorbit";"sorbit";"Reduced Order Modeling for Partial Differential Equation|Reduceret Ordens Modellering for Partielle Differential Ligninger"
"";"dtu|dtupub|third_party";"";"2022-01-03T13:15:18.471Z";"Yatman, William Hamilton";"";"2292737434";"";"dtu";"2015";"";"";"";"";"thesis";"dtu|dtu_electronic|dtupub_external";"";"";"";"";"";"";"";"";"";"";"";"";"";"Elektrotek.|Master of Science in Electrical Engineering|Master of Science in Engineering|kandidat";"Elektrotek.|Master of Science in Electrical Engineering|Master of Science in Engineering|kandidat";"Elektrotek.|Master of Science in Electrical Engineering|Master of Science in Engineering|kandidat";"und";"56d754babf194551020009c5";"";"56d754babf194551020009c5";"DTU Department of Electrical Engineering";"sorbit";"sorbit";"Comparison of Simulation Tools for Microstrip Antenna Array with Metasurface|Comparison of Simulation Tools for Microstrip Antenna Array with Metasurface"
"Alkali metals have detrimental effects on fast pyrolysis process for bio crude. In this thesis, a new process for the removal of these alkalis was designed. In this way, the yield, quality and profitability of pyrolysis process could be enhanced. The design of the unit included testing the wash process in laboratory and pilot scale, choosing the suitable equipment, drawing the flow chart including the control instruments, writing the operating instructions, calculating the mass balances, defining the technical values for the equipment. The economic potential of the unit was studied by searching the current prices for the equipment, calculating the fixed capital investment and the operating costs based on the balances and power consumption of equipment and comparing these to the grown sale incomes. Sensitivity analysis was performed for the fixed capital investment and the prices of chemicals: nitric acid and sodium hydroxide. In this Thesis, a process including the following phases was designed: The forest residue biomass is crushed into a finer particle size (to";"dtu|dtupub";"VTT (former employee or external)";"2022-03-28T07:11:59.469Z";"Renkonen, Sanna";"";"2708546463";"";"dtu";"2016";"";"";"";"";"thesis";"dtu|dtu_electronic|dtupub|dtupub_electronic";"";"";"";"";"";"";"";"";"";"";"";"";"";"bio-oil|biomass alkali removal|cost evaluate|fast pyrolysis|mass balance|process design|reverse osmosis|rotary vacuum drum washer|sensitivity analysis|sizing|washing process";"bio-oil|biomass alkali removal|cost evaluate|fast pyrolysis|mass balance|process design|reverse osmosis|rotary vacuum drum washer|sensitivity analysis|sizing|washing process";"bio-oil|biomass alkali removal|cost evaluate|fast pyrolysis|mass balance|process design|reverse osmosis|rotary vacuum drum washer|sensitivity analysis|sizing|washing process";"eng";"6231fa087efba6b6f39db19d";"";"6231fa087efba6b6f39db19d";"Aalto University";"vtt";"vtt";"Removal of alkali metals for the enhancement of fast pyrolysis process"
"";"dtu|dtupub|third_party";"";"2022-01-06T23:53:55.842Z";"Christensen, Julia";"";"2348405412";"";"dtu";"2016";"";"";"";"";"thesis";"dtu|dtu_electronic|dtupub|dtupub_electronic";"";"";"";"";"";"";"";"";"";"";"";"";"";"åben udd.";"åben udd.";"åben udd.";"und";"5817324f997447ae7f000004";"";"5817324f997447ae7f000004";"DTU DTU National Food Institute";"sorbit";"sorbit";"Molecular and sequencing methods in food safety|Molekylære- og sekventeringsmetoder i fødevaresikkerhed."
"";"dtu|dtupub|third_party";"";"2022-01-03T13:07:19.784Z";"Wrzesinska, Dagmara Krystyna";"";"2307051201";"";"dtu";"2016";"";"";"";"";"thesis";"dtu|dtu_electronic|dtupub|dtupub_electronic";"";"";"";"";"";"";"";"";"";"";"";"";"";"Master of Science in Engineering|Master of Science in Transportation and Logistics|Transp. og logistik|kandidat";"Master of Science in Engineering|Master of Science in Transportation and Logistics|Transp. og logistik|kandidat";"Master of Science in Engineering|Master of Science in Transportation and Logistics|Transp. og logistik|kandidat";"und";"57a3207112855c654e000370";"";"57a3207112855c654e000370";"DTU Department of Transport";"sorbit";"sorbit";"The role of transport networks, amenities and lifestyle in the migration of knowledge-workers: The case-study of Poland and Denmark|Betydningen af trafik, netværk, karakteristika og livsstil i forbindelse med migration af videns-arbejdere: Et case-studie af Polen og Danmark"
"";"dtu|dtupub|third_party";"";"2022-01-03T13:11:09.507Z";"Brandt, Frederik";"";"2292737077";"";"dtu";"2015";"";"";"";"";"thesis";"dtu|dtu_electronic|dtupub|dtupub_electronic";"";"";"";"";"";"";"";"";"";"";"";"";"";"Konst. og mekanik|Master of Science in Engineering|Master of Science in Engineering Design and Applied Mechanics|kandidat";"Konst. og mekanik|Master of Science in Engineering|Master of Science in Engineering Design and Applied Mechanics|kandidat";"Konst. og mekanik|Master of Science in Engineering|Master of Science in Engineering Design and Applied Mechanics|kandidat";"und";"56d754b9bf1945510200088d";"";"56d754b9bf1945510200088d";"DTU Department of Wind and Energy Systems";"sorbit";"sorbit";"Clamping effects during compression test of uni-directional composite materials|Indspændingseffekter i forbiindelse med kompressionstest af kompositmaterialer"
"CSP hybrids are one of the possible technical solutions in order to increase the share of renewable energy and decrease greenhouse gas emission levels as well as fuel consumption. The main objectives of the thesis are to research state-of-the-art technologies in concentrated solar power (CSP) and conventional power plants, to comprehensively study the possible integration options and to develop one CSP hybrid configuration by using Advanced Process Simulator (Apros), which is a dynamic modelling and simulation tool for industrial processes. Furthermore, the objectives are to develop control strategy for the hybrid and demonstrate the operation of the hybrid under steady state and transient conditions in order to find challenges of hybrid systems and future development requirements. The theory is based on the available scientific literature for CSP, conventional power plants and CSP hybrids as well as on the information available from companies and organizations working with the technologies. The model development is based on the theoretical background as well as the know-how of VTT about Apros. Based on the simulations, solar steam fed to the joint high pressure turbine increases thermal efficiency and changes the thermal balance of the steam cycle. In addition, attainable solar shares are studied, in which design values of live steam and reheated steam temperatures of steam boiler are reached. Furthermore, as the steam generation is decreased from the solar field, transients can be seen in steam mass flows to turbines, power output of the turbines and steam temperatures and pressures. However, the modelled transients could be compensated with the steam boiler and the transients are acceptable for turbines. Based on the conducted research, the main challenges of the hybrid system are identified. These are, for example, attainable solar shares, design of the steam parameters in solar field and steam boiler and combination of the two steam lines, imbalance between turbines and heat surfaces, optimization of heat surfaces and operation of steam boiler under fluctuating solar irradiation conditions. The developed and modelled CSP hybrid seems to be technically feasible at least with smaller solar shares. However, the hybrid system requires more research. Thus, future development requirements include, for example, improvement of the control engineering of the hybrid, research on the optimal hybrid configuration and on the possibilities to reach higher solar shares, transient simulations with higher solar shares and conducting exergy and economic analyses for the hybrid system. As a conclusion, the achieved results and the developed model in this thesis provide viable information for the future development of CSP hybrids.";"dtu|dtupub";"BA3601 Renewable Energy Processes";"2022-03-28T07:11:52.979Z";"Suojanen, Suvi";"";"2708546273";"";"dtu";"2016";"";"";"";"";"thesis";"dtu|dtu_electronic|dtupub|dtupub_electronic";"";"";"";"";"";"";"";"";"";"";"";"";"";"Apros|SDG 7 - Affordable and Clean Energy|concentrated solar power (CSP)|direct steam generation (DSG)|dynamic modelling and simulation (DMS)|hybrid";"Apros|SDG 7 - Affordable and Clean Energy|concentrated solar power (CSP)|direct steam generation (DSG)|dynamic modelling and simulation (DMS)|hybrid";"Apros|SDG 7 - Affordable and Clean Energy|concentrated solar power (CSP)|direct steam generation (DSG)|dynamic modelling and simulation (DMS)|hybrid";"eng";"6231fa05662e01b6f37c0898";"";"6231fa05662e01b6f37c0898";"Tampere University of Technology";"vtt";"vtt";"Development of Concentrated Solar Power and Conventional Power Plant Hybrids"
"";"dtu|dtupub|third_party";"";"2022-01-03T13:12:57.075Z";"Larsen, Mathias William Mørkhøj";"";"2346232433";"";"dtu";"2016";"";"";"";"";"thesis";"dtu|dtu_electronic|dtupub_external";"";"";"";"";"";"";"";"";"";"";"";"";"";"Master of Science in Engineering|Master of Science in Engineering Management|Planl. innovation og led.|kandidat";"Master of Science in Engineering|Master of Science in Engineering Management|Planl. innovation og led.|kandidat";"Master of Science in Engineering|Master of Science in Engineering Management|Planl. innovation og led.|kandidat";"und";"57ef973fad6a549d07000064";"";"57ef973fad6a549d07000064";"DTU Department of Technology, Management and Economics";"sorbit";"sorbit";"Production optimization and waste reduction at Bonnelykken A/S|Produktionsoptimering og spildreduktion ved Bønnelykken A/S"
"";"dtu|dtupub|third_party";"";"2022-01-03T13:16:19.956Z";"Rosenaa, Sarah Silke Krogh";"";"2305633389";"";"dtu";"2016";"";"";"";"";"thesis";"dtu|dtu_electronic|dtupub|dtupub_electronic";"";"";"";"";"";"";"";"";"";"";"";"";"";"Master of Science in Engineering|Master of Science in Medicine and Technology|Medicin og tek.|kandidat";"Master of Science in Engineering|Master of Science in Medicine and Technology|Medicin og tek.|kandidat";"Master of Science in Engineering|Master of Science in Medicine and Technology|Medicin og tek.|kandidat";"und";"575ea691e6f951534a00e570";"";"575ea691e6f951534a00e570";"DTU Department of Micro- and Nanotechnology";"sorbit";"sorbit";"Synthetic Vasculature for Cancer Metastasis Models|Syntetisk vaskulatur til modeller af cancer metastasering"
"";"dtu|dtupub|third_party";"";"2022-01-03T13:15:49.304Z";"Zink, Niklas";"";"2292735289";"";"dtu";"2015";"";"";"";"";"thesis";"dtu|dtu_electronic|dtupub_external";"";"";"";"";"";"";"";"";"";"";"";"";"";"Bioteknologi|Master of Science in Biotechnology|Master of Science in Engineering|kandidat";"Bioteknologi|Master of Science in Biotechnology|Master of Science in Engineering|kandidat";"Bioteknologi|Master of Science in Biotechnology|Master of Science in Engineering|kandidat";"und";"56d754b0bf1945510200037b";"";"56d754b0bf1945510200037b";"DTU Department of Biotechnology and Biomedicine";"sorbit";"sorbit";"Biosimilars and Biobetters - Process Related Quality Attributes|Biosimilære og forbedrede lægemidler i relation til process-relaterede kvalitetsparametre"
"";"dtu|dtupub|third_party";"";"2022-01-03T13:15:57.231Z";"Holm-Petersen, Jakob";"";"2292735890";"";"dtu";"2015";"";"";"";"";"thesis";"dtu|dtu_electronic|dtupub|dtupub_electronic";"";"";"";"";"";"";"";"";"";"";"";"";"";"Kemisk/biokemisk tek.|Master of Science in Chemical and Biochemical Engineering|Master of Science in Engineering|kandidat";"Kemisk/biokemisk tek.|Master of Science in Chemical and Biochemical Engineering|Master of Science in Engineering|kandidat";"Kemisk/biokemisk tek.|Master of Science in Chemical and Biochemical Engineering|Master of Science in Engineering|kandidat";"und";"56d754b4bf19455102000567";"";"56d754b4bf19455102000567";"DTU Department of Chemical and Biochemical Engineering";"sorbit";"sorbit";"Integrating an enzymatic reaction with NF to enhance the separation between xylose and glucose|Immobilisering af enzym i NF membran til opnaelse af øget glucose og xylose separation"
"";"dtu|dtupub|third_party";"";"2022-01-03T13:15:49.232Z";"Sønke, Josephine Heiredal";"";"2292734984";"";"dtu";"2015";"";"";"";"";"thesis";"dtu|dtu_electronic|dtupub|dtupub_electronic";"";"";"";"";"";"";"";"";"";"";"";"";"";"Bygningsdesign|Master of Science in Engineering|Master og Science in Architectural Engineering|kandidat";"Bygningsdesign|Master of Science in Engineering|Master og Science in Architectural Engineering|kandidat";"Bygningsdesign|Master of Science in Engineering|Master og Science in Architectural Engineering|kandidat";"und";"56d754aebf194551020002ad";"";"56d754aebf194551020002ad";"DTU Department of Civil Engineering";"sorbit";"sorbit";"Evacuation within a Hospital|Evakuering af et hospital"
"";"dtu|dtupub|third_party";"";"2022-01-03T13:15:57.549Z";"Duraij, Martijn Sebastiaan";"";"2292735272";"";"dtu";"2015";"";"";"";"";"thesis";"dtu|dtu_electronic|dtupub|dtupub_electronic";"";"";"";"";"";"";"";"";"";"";"";"";"";"Elektrotek.|Master of Science in Electrical Engineering|Master of Science in Engineering|kandidat";"Elektrotek.|Master of Science in Electrical Engineering|Master of Science in Engineering|kandidat";"Elektrotek.|Master of Science in Electrical Engineering|Master of Science in Engineering|kandidat";"und";"56d754b0bf19455102000371";"";"56d754b0bf19455102000371";"DTU Department of Electrical Engineering";"sorbit";"sorbit";"High frequency Class D amplifier with GaN-FETs|Højfrekvens klasse D forstærker med GaN-FETs"
"";"dtu|dtupub|third_party";"";"2022-01-03T13:15:31.416Z";"Truelsen, Sigurd Friis";"";"2292737279";"";"dtu";"2015";"";"";"";"";"thesis";"dtu|dtu_electronic|dtupub|dtupub_electronic";"";"";"";"";"";"";"";"";"";"";"";"";"";"Fysik og nanotek.|Master of Science in Engineering|Master of Science in Physics and Nanotechnology|kandidat";"Fysik og nanotek.|Master of Science in Engineering|Master of Science in Physics and Nanotechnology|kandidat";"Fysik og nanotek.|Master of Science in Engineering|Master of Science in Physics and Nanotechnology|kandidat";"und";"56d754babf19455102000956";"";"56d754babf19455102000956";"DTU Department of Environmental and Resource Engineering";"sorbit";"sorbit";"Eksperimentel og teoretisk analyse af fosfat-bindende peptider|Experimental and theoretical analysis of phosphate binding peptides"
"";"dtu|dtupub|third_party";"";"2022-01-03T13:07:31.957Z";"Mansouri, Seyed Farshid";"";"2306791711";"";"dtu";"2016";"";"";"";"";"thesis";"dtu|dtu_electronic|dtupub_external";"";"";"";"";"";"";"";"";"";"";"";"";"";"Bæredygtig energi|Master of Science in Engineering|Master of Science in Sustainable Energy|kandidat";"Bæredygtig energi|Master of Science in Engineering|Master of Science in Sustainable Energy|kandidat";"Bæredygtig energi|Master of Science in Engineering|Master of Science in Sustainable Energy|kandidat";"und";"579743ba6bbf232e70000fb5";"";"579743ba6bbf232e70000fb5";"DTU Department of Technology, Management and Economics";"sorbit";"sorbit";"Scaling effects in life cycle assessment – A case study on GRUNDFOS circulation pumps|Skalerbarhed i livscyklusvurdering – Et casestudie af Grundfos cirkulationspumper"
"";"dtu|dtupub|third_party";"";"2022-01-03T13:11:09.749Z";"Gustafsson, Rune Scheldon";"";"2292737488";"";"dtu";"2015";"";"";"";"";"thesis";"dtu|dtu_electronic|dtupub_external";"";"";"";"";"";"";"";"";"";"";"";"";"";"Bioteknologi|Master of Science in Biotechnology|Master of Science in Engineering|kandidat";"Bioteknologi|Master of Science in Biotechnology|Master of Science in Engineering|kandidat";"Bioteknologi|Master of Science in Biotechnology|Master of Science in Engineering|kandidat";"und";"56d754bbbf194551020009f8";"";"56d754bbbf194551020009f8";"DTU Department of Chemical and Biochemical Engineering";"sorbit";"sorbit";"Development of a Laboratory model for the hGH recovery process|Udvikling af en laboratorie model for hGH oprensningsprocessen"
"";"dtu|dtupub|third_party";"";"2022-01-03T13:08:07.047Z";"Winther, Agge";"";"2350694966";"";"dtu";"2016";"";"";"";"";"thesis";"dtu|dtu_electronic|dtupub_external";"";"";"";"";"";"";"";"";"";"";"";"";"";"Elektrotek.|Master of Science in Electrical Engineering|Master of Science in Engineering|kandidat";"Elektrotek.|Master of Science in Electrical Engineering|Master of Science in Engineering|kandidat";"Elektrotek.|Master of Science in Electrical Engineering|Master of Science in Engineering|kandidat";"und";"586e3551517181c45e000056";"";"586e3551517181c45e000056";"DTU Department of Electrical and Photonics Engineering";"sorbit";"sorbit";"Inline UV-measurement and calibration of industrial arc and LED UV-lamps|In-situ UV maling og kalibrering af industrielle arc og LED UV-lamper"
"";"dtu|dtupub|third_party";"";"2022-01-03T13:11:01.475Z";"Hammershøi, Peter Kristen";"";"2292737593";"";"dtu";"2015";"";"";"";"";"thesis";"dtu|dtu_electronic|dtupub_external";"";"";"";"";"";"";"";"";"";"";"";"";"";"Kemisk/biokemisk tek.|Master of Science in Chemical and Biochemical Engineering|Master of Science in Engineering|kandidat";"Kemisk/biokemisk tek.|Master of Science in Chemical and Biochemical Engineering|Master of Science in Engineering|kandidat";"Kemisk/biokemisk tek.|Master of Science in Chemical and Biochemical Engineering|Master of Science in Engineering|kandidat";"und";"56d754bbbf19455102000a60";"";"56d754bbbf19455102000a60";"DTU Department of Chemical and Biochemical Engineering";"sorbit";"sorbit";"Evaluation of Cu-Chabazite and Fe-Chabazite zeolite catalysts for selective catalytic reduction of nitrogen oxides with ammonia|Evaluering af Cu og Fe chabazite zeolit katalysatorer til selektiv katalytisk reduktion af nitrogen oxider"
"";"dtu|dtupub|third_party";"";"2022-01-03T13:08:16.298Z";"Askjær, René Juul";"";"2307114863";"";"dtu";"2016";"";"";"";"";"thesis";"dtu|dtu_electronic|dtupub_external";"";"";"";"";"";"";"";"";"";"";"";"";"";"Bæredygtig energi|Master of Science in Engineering|Master of Science in Sustainable Energy|kandidat";"Bæredygtig energi|Master of Science in Engineering|Master of Science in Sustainable Energy|kandidat";"Bæredygtig energi|Master of Science in Engineering|Master of Science in Sustainable Energy|kandidat";"und";"57a714be12855c654e000401";"";"57a714be12855c654e000401";"DTU Department of Electrical Engineering";"sorbit";"sorbit";"Vertically integrated charging of electric vehicles|Vertikalt integreret ladestyring af elbiler"
"";"dtu|dtupub|third_party";"";"2022-01-03T13:12:02.558Z";"Abrahamsen, Mikkel Holm";"";"2292736414";"";"dtu";"2015";"";"";"";"";"thesis";"dtu|dtu_electronic|dtupub|dtupub_electronic";"";"";"";"";"";"";"";"";"";"";"";"";"";"Digitale medietek.|Master of Science in Digital Media Engineering|Master of Science in Engineering|kandidat";"Digitale medietek.|Master of Science in Digital Media Engineering|Master of Science in Engineering|kandidat";"Digitale medietek.|Master of Science in Digital Media Engineering|Master of Science in Engineering|kandidat";"und";"56d754b6bf194551020006af";"";"56d754b6bf194551020006af";"DTU Department of Applied Mathematics and Computer Science";"sorbit";"sorbit";"Availability of information to spectators of in-process digital game sessions|Tilgængelighed af information for tilskuere af igangværende digitale spilseance"
"";"dtu|dtupub|third_party";"";"2022-01-03T13:11:31.976Z";"Gangstad, Sirin Wilhelmsen";"";"2292737061";"";"dtu";"2015";"";"";"";"";"thesis";"dtu|dtu_electronic|dtupub_external";"";"";"";"";"";"";"";"";"";"";"";"";"";"Master of Science in Engineering|Master of Science in Mathematical Modelling and Computation|Mat. modellering|kandidat";"Master of Science in Engineering|Master of Science in Mathematical Modelling and Computation|Mat. modellering|kandidat";"Master of Science in Engineering|Master of Science in Mathematical Modelling and Computation|Mat. modellering|kandidat";"und";"56d754b9bf1945510200087d";"";"56d754b9bf1945510200087d";"DTU Department of Electrical Engineering";"sorbit";"sorbit";"Advanced Classification of Artifacts in EEG data|Avanceret Klassifikation af artefakter i EEG data"
"";"dtu|dtupub|third_party";"";"2022-01-03T13:12:44.201Z";"Kobæk, Cecilia Mortensen";"";"2305633486";"";"dtu";"2016";"";"";"";"";"thesis";"dtu|dtu_electronic|dtupub|dtupub_electronic";"";"";"";"";"";"";"";"";"";"";"";"";"";"Master of Science in Engineering|Master of Science in Wind Energy|Vindenergi|kandidat";"Master of Science in Engineering|Master of Science in Wind Energy|Vindenergi|kandidat";"Master of Science in Engineering|Master of Science in Wind Energy|Vindenergi|kandidat";"und";"575ea78ce6f951534a00f151";"";"575ea78ce6f951534a00f151";"DTU Department of Wind and Energy Systems";"sorbit";"sorbit";"Investigation of wavy surface blade sections|Undersøgelse af vingesektioner med bølget overflade"
"";"dtu|dtupub|third_party";"";"2022-01-03T13:11:40.195Z";"Sarros, Sotirios";"";"2292735781";"";"dtu";"2015";"";"";"";"";"thesis";"dtu|dtu_electronic|dtupub|dtupub_electronic";"";"";"";"";"";"";"";"";"";"";"";"";"";"Master of Science in Engineering|Master of Science in Medicine and Technology|Medicin og tek.|kandidat";"Master of Science in Engineering|Master of Science in Medicine and Technology|Medicin og tek.|kandidat";"Master of Science in Engineering|Master of Science in Medicine and Technology|Medicin og tek.|kandidat";"und";"56d754b3bf1945510200050a";"";"56d754b3bf1945510200050a";"DTU Department of Electrical Engineering";"sorbit";"sorbit";"Development of bench top NMR spectrometer|Udvikling af benchtop NMR spektrometer"
"";"dtu|dtupub|third_party";"";"2022-01-03T13:15:45.546Z";"Abdullahi, Abdirahman";"";"2292734630";"";"dtu";"2016";"";"";"";"";"thesis";"dtu|dtu_electronic|dtupub_external";"";"";"";"";"";"";"";"";"";"";"";"";"";"Kemisk/biokemisk tek.|Master of Science in Chemical and Biochemical Engineering|Master of Science in Engineering|kandidat";"Kemisk/biokemisk tek.|Master of Science in Chemical and Biochemical Engineering|Master of Science in Engineering|kandidat";"Kemisk/biokemisk tek.|Master of Science in Chemical and Biochemical Engineering|Master of Science in Engineering|kandidat";"und";"56d754acbf194551020001ad";"";"56d754acbf194551020001ad";"DTU Department of Chemical and Biochemical Engineering";"sorbit";"sorbit";"Separation of trace components from aqueous solution|Fjernelse af sporstoffer fra vandig opløsning"
"";"dtu|dtupub|third_party";"";"2022-01-03T13:15:58.474Z";"Jørgensen, Tine Kühnel";"";"2292734629";"";"dtu";"2016";"";"";"";"";"thesis";"dtu|dtu_electronic|dtupub_external";"";"";"";"";"";"";"";"";"";"";"";"";"";"Design og inn.|Master of Science in Design and Innovation|Master of Science in Engineering|kandidat";"Design og inn.|Master of Science in Design and Innovation|Master of Science in Engineering|kandidat";"Design og inn.|Master of Science in Design and Innovation|Master of Science in Engineering|kandidat";"und";"56d754acbf194551020001aa";"";"56d754acbf194551020001aa";"DTU Department of Applied Mathematics and Computer Science";"sorbit";"sorbit";"Data visualizations as a shared means of communication|Data visualisering som fælles grundlag for kommunikation"
"";"dtu|dtupub|third_party";"";"2022-01-03T13:15:53.436Z";"Kristensen, Katrine Wittenhoff";"";"2292735160";"";"dtu";"2015";"";"";"";"";"thesis";"dtu|dtu_electronic|dtupub|dtupub_electronic";"";"";"";"";"";"";"";"";"";"";"";"";"";"Master of Science in Engineering|Master of Science in Mathematical Modelling and Computation|Mat. modellering|kandidat|åben udd.";"Master of Science in Engineering|Master of Science in Mathematical Modelling and Computation|Mat. modellering|kandidat|åben udd.";"Master of Science in Engineering|Master of Science in Mathematical Modelling and Computation|Mat. modellering|kandidat|åben udd.";"und";"56d754afbf1945510200032a";"";"56d754afbf1945510200032a";"DTU Department of Technology, Management and Economics";"sorbit";"sorbit";"Planning the work schedule for pediatricians|Vagtplanlægning for børnelæger"
"";"dtu|dtupub|third_party";"";"2022-01-06T23:53:50.927Z";"Yildirim, Hakan";"";"2306852052";"";"dtu";"2016";"";"";"";"";"thesis";"dtu|dtu_electronic|dtupub|dtupub_electronic";"";"";"";"";"";"";"";"";"";"";"";"";"";"Elektrotek.|Master of Science in Electrical Engineering|Master of Science in Engineering|kandidat";"Elektrotek.|Master of Science in Electrical Engineering|Master of Science in Engineering|kandidat";"Elektrotek.|Master of Science in Electrical Engineering|Master of Science in Engineering|kandidat";"und";"5799e5c06bbf232e700011f7";"";"5799e5c06bbf232e700011f7";"DTU Department of Electrical Engineering";"sorbit";"sorbit";"Robot Control using Vision and Force Sensors|Robotstyring ved anvendelse af vision- og kraftsensorer"
"";"dtu|dtupub|third_party";"";"2022-01-03T13:15:34.617Z";"Madsen, Christian Ammitsbøl|Pedersen, Daniel Sommerlund";"";"2292737265";"";"dtu";"2015";"";"";"";"";"thesis";"dtu|dtu_electronic|dtupub|dtupub_electronic";"";"";"";"";"";"";"";"";"";"";"";"";"";"Byggetek.|Master of Science in Civil Engineering|Master of Science in Engineering|kandidat";"Byggetek.|Master of Science in Civil Engineering|Master of Science in Engineering|kandidat";"Byggetek.|Master of Science in Civil Engineering|Master of Science in Engineering|kandidat";"und";"56d754babf19455102000948";"";"56d754babf19455102000948";"DTU Department of Civil Engineering";"sorbit";"sorbit";"Residual Stresses in Welds - Supersize Monopiles for Offshore Wind Substructures|Residual stresses in welds - supersize monopiles for offshore wind substructures"
"";"dtu|dtupub|third_party";"";"2022-01-03T13:15:39.832Z";"Hansen, Anders Mandrup|Laugesen, Robert";"";"2292737105";"";"dtu";"2015";"";"";"";"";"thesis";"dtu|dtu_electronic|dtupub|dtupub_electronic";"";"";"";"";"";"";"";"";"";"";"";"";"";"Konst. og mekanik|Master of Science in Engineering|Master of Science in Engineering Design and Applied Mechanics|kandidat";"Konst. og mekanik|Master of Science in Engineering|Master of Science in Engineering Design and Applied Mechanics|kandidat";"Konst. og mekanik|Master of Science in Engineering|Master of Science in Engineering Design and Applied Mechanics|kandidat";"und";"56d754b9bf194551020008a8";"";"56d754b9bf194551020008a8";"DTU Department of Wind and Energy Systems";"sorbit";"sorbit";"Experimental Study of the Dynamic Response of the DTU 10 MW Wind turbine on a Tension Leg Platform|Eksperimentelt studie af det dynamiske respons af DTU 10 MW vindmøllen pa en ""Tension Leg Platform"""
"";"dtu|dtupub|third_party";"";"2022-01-03T13:15:43.993Z";"Charrel, Aurélie";"";"2292736904";"";"dtu";"2015";"";"";"";"";"thesis";"dtu|dtu_electronic|dtupub_external";"";"";"";"";"";"";"";"";"";"";"";"";"";"Master of Science in Engineering|Master of Science in Engineering Management|Planl. innovation og led.|kandidat";"Master of Science in Engineering|Master of Science in Engineering Management|Planl. innovation og led.|kandidat";"Master of Science in Engineering|Master of Science in Engineering Management|Planl. innovation og led.|kandidat";"und";"56d754b8bf194551020007f6";"";"56d754b8bf194551020007f6";"DTU Department of Technology, Management and Economics";"sorbit";"sorbit";"Production optimisation and simulation in the food industry|Produktionsoptimering og simulering i den danske fødevareindustri"
"";"dtu|dtupub|third_party";"";"2022-01-03T13:11:37.026Z";"Madsen, Philip Valentin";"";"2292736888";"";"dtu";"2015";"";"";"";"";"thesis";"dtu|dtu_electronic|dtupub|dtupub_electronic";"";"";"";"";"";"";"";"";"";"";"";"";"";"Byggetek.|Master of Science in Civil Engineering|Master of Science in Engineering|kandidat";"Byggetek.|Master of Science in Civil Engineering|Master of Science in Engineering|kandidat";"Byggetek.|Master of Science in Civil Engineering|Master of Science in Engineering|kandidat";"und";"56d754b8bf194551020007eb";"";"56d754b8bf194551020007eb";"DTU Department of Civil Engineering";"sorbit";"sorbit";"Slotted Cold-Form Steel Members|Slidsede tyndvæggede stalprofiler"
"";"dtu|dtupub|third_party";"";"2022-01-03T13:11:38.802Z";"Bissoli, Stefano";"";"2292735636";"";"dtu";"2015";"";"";"";"";"thesis";"dtu|dtu_electronic|dtupub|dtupub_electronic";"";"";"";"";"";"";"";"";"";"";"";"";"";"Bæredygtig energi|Master of Science in Engineering|Master of Science in Sustainable Energy|kandidat";"Bæredygtig energi|Master of Science in Engineering|Master of Science in Sustainable Energy|kandidat";"Bæredygtig energi|Master of Science in Engineering|Master of Science in Sustainable Energy|kandidat";"und";"56d754b2bf19455102000489";"";"56d754b2bf19455102000489";"DTU Department of Civil and Mechanical Engineering";"sorbit";"sorbit";"future CO2 refrigeration systems for hot climates|Fremtidens CO2-køleanlæg til omrader med varmt klima"
"";"dtu|dtupub|third_party";"";"2022-01-03T13:15:55.977Z";"Gørtz, Christian Klarskov";"";"2292736469";"";"dtu";"2015";"";"";"";"";"thesis";"dtu|dtu_electronic|dtupub|dtupub_electronic";"";"";"";"";"";"";"";"";"";"";"";"";"";"Design og inn.|Master of Science in Design and Innovation|Master of Science in Engineering|kandidat";"Design og inn.|Master of Science in Design and Innovation|Master of Science in Engineering|kandidat";"Design og inn.|Master of Science in Design and Innovation|Master of Science in Engineering|kandidat";"und";"56d754b7bf194551020006ca";"";"56d754b7bf194551020006ca";"DTU Department of Civil and Mechanical Engineering";"sorbit";"sorbit";"Redesign of the Ecocar DTU Dynamo|Redesign af økobilen DTU Dynamo"
"";"dtu|dtupub|third_party";"";"2022-01-03T13:15:54.075Z";"Brudler, Sarah";"";"2292735893";"";"dtu";"2015";"";"";"";"";"thesis";"dtu|dtu_electronic|dtupub|dtupub_electronic";"";"";"";"";"";"";"";"";"";"";"";"";"";"gæst udl.";"gæst udl.";"gæst udl.";"und";"56d754b4bf19455102000569";"";"56d754b4bf19455102000569";"DTU Department of Environmental and Resource Engineering";"sorbit";"sorbit";"Life cycle assessment of cloudburst management plans in adaption to climate change in Copenhagen, Denmark|Livscyklusvurdering af skybrudsplaner for klimatilpasning i København"
"";"dtu|dtupub|third_party";"";"2022-01-03T13:12:14.928Z";"Perez, Miguel Fernandez";"";"2292735416";"";"dtu";"2015";"";"";"";"";"thesis";"dtu|dtu_electronic|dtupub|dtupub_electronic";"";"";"";"";"";"";"";"";"";"";"";"";"";"Master of Science in Engineering|Master of Science in Wind Energy|Vindenergi|kandidat";"Master of Science in Engineering|Master of Science in Wind Energy|Vindenergi|kandidat";"Master of Science in Engineering|Master of Science in Wind Energy|Vindenergi|kandidat";"und";"56d754b0bf194551020003b6";"";"56d754b0bf194551020003b6";"DTU Department of Wind and Energy Systems";"sorbit";"sorbit";"Structural topology optimization techniques for 3D printing of Wind turbine blades|Strukturel topologioptimering af vindmøllevinger for 3D printning"
"";"dtu|dtupub|third_party";"";"2022-01-03T13:12:17.861Z";"Torstensson, Nicky";"";"2292736055";"";"dtu";"2015";"";"";"";"";"thesis";"dtu|dtu_electronic|dtupub|dtupub_electronic";"";"";"";"";"";"";"";"";"";"";"";"";"";"Fysik og nanotek.|Master of Science in Engineering|Master of Science in Physics and Nanotechnology|kandidat";"Fysik og nanotek.|Master of Science in Engineering|Master of Science in Physics and Nanotechnology|kandidat";"Fysik og nanotek.|Master of Science in Engineering|Master of Science in Physics and Nanotechnology|kandidat";"und";"56d754b5bf194551020005d8";"";"56d754b5bf194551020005d8";"DTU Department of Physics";"sorbit";"sorbit";"Quantum imaging using squeezed light|Kvanteafbildning ved brug af sammenpresset lys"
"";"dtu|dtupub|third_party";"";"2022-01-03T13:16:18.541Z";"Klausen, Michael Schantz";"";"2292735153";"";"dtu";"2015";"";"";"";"";"thesis";"dtu|dtu_electronic|dtupub|dtupub_electronic";"";"";"";"";"";"";"";"";"";"";"";"";"";"Master of Science in Engineering|Master of science in Bioinformatics and Systems Biology|Systembiologi|kandidat";"Master of Science in Engineering|Master of science in Bioinformatics and Systems Biology|Systembiologi|kandidat";"Master of Science in Engineering|Master of science in Bioinformatics and Systems Biology|Systembiologi|kandidat";"und";"56d754afbf19455102000323";"";"56d754afbf19455102000323";"DTU Department of Biotechnology and Biomedicine";"sorbit";"sorbit";"Validation of EMOPEC, a tool for translational expression libraries|Validering af EMOPEC, et værktøj til at konstruere mutantbiblioteker i Shine-Dalgarno sekvensen"
"";"dtu|dtupub|third_party";"";"2022-01-03T13:16:22.288Z";"Agostini, Emil Aksel Rene";"";"2305633441";"";"dtu";"2016";"";"";"";"";"thesis";"dtu|dtu_electronic|dtupub|dtupub_electronic";"";"";"";"";"";"";"";"";"";"";"";"";"";"Fysik og nanotek.|Master of Science in Engineering|Master of Science in Physics and Nanotechnology|kandidat";"Fysik og nanotek.|Master of Science in Engineering|Master of Science in Physics and Nanotechnology|kandidat";"Fysik og nanotek.|Master of Science in Engineering|Master of Science in Physics and Nanotechnology|kandidat";"und";"575ea70ce6f951534a00eb74";"";"575ea70ce6f951534a00eb74";"DTU Department of Physics";"sorbit";"sorbit";"Migration of platinum on oxide surfaces|Migration af platin pa oxidoverflader"
"";"dtu|dtupub|third_party";"";"2022-01-03T13:16:24.084Z";"Beinthin, Anders";"";"2305633463";"";"dtu";"2016";"";"";"";"";"thesis";"dtu|dtu_electronic|dtupub_external";"";"";"";"";"";"";"";"";"";"";"";"";"";"Fødevareteknologi|Master of Science in Engineering|Master of Science in Food Technology|kandidat";"Fødevareteknologi|Master of Science in Engineering|Master of Science in Food Technology|kandidat";"Fødevareteknologi|Master of Science in Engineering|Master of Science in Food Technology|kandidat";"und";"575ea765e6f951534a00efa3";"";"575ea765e6f951534a00efa3";"DTU DTU National Food Institute";"sorbit";"sorbit";"Process analysis of a cheese powder production line|Procesanalyse af en produktionslinje for ostepulver"
"";"dtu|dtupub|third_party";"";"2022-01-03T13:15:26.169Z";"Jakobsen, Kristine Marie";"";"2292737245";"";"dtu";"2015";"";"";"";"";"thesis";"dtu|dtu_electronic|dtupub|dtupub_electronic";"";"";"";"";"";"";"";"";"";"";"";"";"";"Bioteknologi|Master of Science in Biotechnology|Master of Science in Engineering|kandidat";"Bioteknologi|Master of Science in Biotechnology|Master of Science in Engineering|kandidat";"Bioteknologi|Master of Science in Biotechnology|Master of Science in Engineering|kandidat";"und";"56d754babf19455102000934";"";"56d754babf19455102000934";"DTU Department of Biotechnology and Biomedicine";"sorbit";"sorbit";"Staphylococcus infection model in rat|Stafylokokinfektionsmodel i rotte"
"";"dtu|dtupub|third_party";"";"2022-01-03T13:15:27.450Z";"Pedersen, Morten Nedergaard";"";"2292737547";"";"dtu";"2015";"";"";"";"";"thesis";"dtu|dtu_electronic|dtupub_external";"";"";"";"";"";"";"";"";"";"";"";"";"";"Kemisk/biokemisk tek.|Master of Science in Chemical and Biochemical Engineering|Master of Science in Engineering|kandidat";"Kemisk/biokemisk tek.|Master of Science in Chemical and Biochemical Engineering|Master of Science in Engineering|kandidat";"Kemisk/biokemisk tek.|Master of Science in Chemical and Biochemical Engineering|Master of Science in Engineering|kandidat";"und";"56d754bbbf19455102000a2d";"";"56d754bbbf19455102000a2d";"DTU Department of Chemical and Biochemical Engineering";"sorbit";"sorbit";"Alternative fuels burner|Brænder til alternative brændsler"
"";"dtu|dtupub|third_party";"";"2022-01-03T13:13:05.646Z";"Christiansen, Maria Schultz";"";"2328004485";"";"dtu";"2016";"";"";"";"";"thesis";"dtu|dtu_electronic|dtupub|dtupub_electronic";"";"";"";"";"";"";"";"";"";"";"";"";"";"Byggetek.|Master of Science in Civil Engineering|Master of Science in Engineering|kandidat";"Byggetek.|Master of Science in Civil Engineering|Master of Science in Engineering|kandidat";"Byggetek.|Master of Science in Civil Engineering|Master of Science in Engineering|kandidat";"und";"57b2f250272bfcc23000008e";"";"57b2f250272bfcc23000008e";"DTU Department of Civil Engineering";"sorbit";"sorbit";"Safetylevel of daycare centres considering evacuation|Sikkerhedsniveau i børnehaver med hensyn til evakuering"
"";"dtu|dtupub|third_party";"";"2022-01-03T13:12:52.813Z";"Perugini, Mattia Rocco";"";"2305633567";"";"dtu";"2016";"";"";"";"";"thesis";"dtu|dtu_electronic|dtupub|dtupub_electronic";"";"";"";"";"";"";"";"";"";"";"";"";"";"gæst udl.";"gæst udl.";"gæst udl.";"und";"575ea7f3e6f951534a00f611";"";"575ea7f3e6f951534a00f611";"DTU Department of Technology, Management and Economics";"sorbit";"sorbit";"Social Media use in in-house innovation processes in knowledge Work: Benefits and Barriers|Sociale medier i innovationsprocesser i videnarbejde: muligheder og barrierer"
"";"dtu|dtupub|third_party";"";"2022-01-03T13:16:27.629Z";"Boesen, Søren Højland";"";"2305633541";"";"dtu";"2016";"";"";"";"";"thesis";"dtu|dtu_electronic|dtupub|dtupub_electronic";"";"";"";"";"";"";"";"";"";"";"";"";"";"Design og inn.|Master of Science in Design and Innovation|Master of Science in Engineering|kandidat";"Design og inn.|Master of Science in Design and Innovation|Master of Science in Engineering|kandidat";"Design og inn.|Master of Science in Design and Innovation|Master of Science in Engineering|kandidat";"und";"575ea7dae6f951534a00f4e2";"";"575ea7dae6f951534a00f4e2";"DTU Department of Technology, Management and Economics";"sorbit";"sorbit";"Consumer perceptions of sustainable packaging - Design for a circular economy|Forbrugeropfattelser af bæredygtig emballage - Design for en cirkulær økonomi"
"";"dtu|dtupub|third_party";"";"2022-01-03T13:16:27.296Z";"Andersen, Vinca Bonde";"";"2305633531";"";"dtu";"2016";"";"";"";"";"thesis";"dtu|dtu_electronic|dtupub|dtupub_electronic";"";"";"";"";"";"";"";"";"";"";"";"";"";"Anvendt kemi|Master of Science in Advanced and Applied Chemistry|Master of Science in Engineering|kandidat";"Anvendt kemi|Master of Science in Advanced and Applied Chemistry|Master of Science in Engineering|kandidat";"Anvendt kemi|Master of Science in Advanced and Applied Chemistry|Master of Science in Engineering|kandidat";"und";"575ea7d1e6f951534a00f46e";"";"575ea7d1e6f951534a00f46e";"DTU Department of Chemistry";"sorbit";"sorbit";"Theoretical and experimental investigations of mutarotation of selected sugar molecules|Teoretiske og eksperimentelle undersøgelser af mutarotation af udvalgte sukkermolekyler"
"";"dtu|dtupub|third_party";"";"2022-01-03T13:12:58.254Z";"Plut, Mihael";"";"2347931725";"";"dtu";"2016";"";"";"";"";"thesis";"dtu|dtu_electronic|dtupub|dtupub_electronic";"";"";"";"";"";"";"";"";"";"";"";"";"";"Master of Science in Engineering|Master of Science in Wind Energy|Vindenergi|kandidat";"Master of Science in Engineering|Master of Science in Wind Energy|Vindenergi|kandidat";"Master of Science in Engineering|Master of Science in Wind Energy|Vindenergi|kandidat";"und";"5811de48029d16f85000003f";"";"5811de48029d16f85000003f";"DTU Department of Wind and Energy Systems";"sorbit";"sorbit";"How to represent Wind farms in WRF? A comparison of two approaches during stable conditions|Hvordan man repræsenterer vindmølleparker i WRF modellen: Sammenligning af de to metoder under stabile forhold"
"";"dtu|dtupub|third_party";"";"2022-01-03T13:05:11.422Z";"Ptak, Signe Helle";"";"2351448099";"";"dtu";"2016";"";"";"";"";"thesis";"dtu|dtu_electronic|dtupub|dtupub_electronic";"";"";"";"";"";"";"";"";"";"";"";"";"";"Fødevareteknologi|Master of Science in Engineering|Master of Science in Food Technology|kandidat";"Fødevareteknologi|Master of Science in Engineering|Master of Science in Food Technology|kandidat";"Fødevareteknologi|Master of Science in Engineering|Master of Science in Food Technology|kandidat";"und";"588741d84b32b05931000045";"";"588741d84b32b05931000045";"DTU DTU National Food Institute";"sorbit";"sorbit";"Untargeted screening of contaminants in paper & board Food Contact Materials|Identifikation ved screening af kontaminanter i fødevarekontaktmaterialer af pap og papir"
"";"dtu|dtupub|third_party";"";"2022-01-03T13:12:55.353Z";"Hermansen, Martin Rygaard";"";"2306320609";"";"dtu";"2016";"";"";"";"";"thesis";"dtu|dtu_electronic|dtupub_external";"";"";"";"";"";"";"";"";"";"";"";"";"";"Elektrotek.|Master of Science in Electrical Engineering|Master of Science in Engineering|kandidat";"Elektrotek.|Master of Science in Electrical Engineering|Master of Science in Engineering|kandidat";"Elektrotek.|Master of Science in Electrical Engineering|Master of Science in Engineering|kandidat";"und";"577b935437562d157a000224";"";"577b935437562d157a000224";"DTU Department of Electrical Engineering";"sorbit";"sorbit";"Process monitoring in spray dryers|Proces monitorering i spray tørrer"
"";"dtu|dtupub|third_party";"";"2022-01-03T13:16:28.557Z";"Damberg, Cecilie";"";"2306921439";"";"dtu";"2016";"";"";"";"";"thesis";"dtu|dtu_electronic|dtupub|dtupub_electronic";"";"";"";"";"";"";"";"";"";"";"";"";"";"Fødevareteknologi|Master of Science in Engineering|Master of Science in Food Technology|kandidat";"Fødevareteknologi|Master of Science in Engineering|Master of Science in Food Technology|kandidat";"Fødevareteknologi|Master of Science in Engineering|Master of Science in Food Technology|kandidat";"und";"579dda5f6bbf232e7000158c";"";"579dda5f6bbf232e7000158c";"DTU DTU National Food Institute";"sorbit";"sorbit";"Production of omega-3 PUFA delivery systems by electrohydrodynamic processing|Produktion af omega-3 PUFA delivery systemer ved brug af elektrohydrodynamisk processering"
"";"dtu|dtupub|third_party";"";"2022-01-03T13:08:09.447Z";"Rodriguez, Marc Guasch";"";"2306943774";"";"dtu";"2016";"";"";"";"";"thesis";"dtu|dtu_electronic|dtupub|dtupub_electronic";"";"";"";"";"";"";"";"";"";"";"";"";"";"Bioteknologi|Master of Science in Biotechnology|Master of Science in Engineering|kandidat";"Bioteknologi|Master of Science in Biotechnology|Master of Science in Engineering|kandidat";"Bioteknologi|Master of Science in Biotechnology|Master of Science in Engineering|kandidat";"und";"579f2bc86bbf232e700016d5";"";"579f2bc86bbf232e700016d5";"DTU Department of Environmental and Resource Engineering";"sorbit";"sorbit";"Integration of carbon dioxide fixation by microalgae grown in biogas with single-cell protein production|Integration af kuldioxid fiksering af mikroalger, der dyrkes i biogas med encellede protein production"
"";"dtu|dtupub|third_party";"";"2022-01-03T13:12:58.087Z";"Belda, David Domenech";"";"2306563387";"";"dtu";"2016";"";"";"";"";"thesis";"dtu|dtu_electronic|dtupub_external";"";"";"";"";"";"";"";"";"";"";"";"";"";"Bioteknologi|Master of Science in Biotechnology|Master of Science in Engineering|kandidat";"Bioteknologi|Master of Science in Biotechnology|Master of Science in Engineering|kandidat";"Bioteknologi|Master of Science in Biotechnology|Master of Science in Engineering|kandidat";"und";"578a13bf6bbf232e7000014a";"";"578a13bf6bbf232e7000014a";"DTU Department of Biotechnology and Biomedicine";"sorbit";"sorbit";"Metabolic engineering of oleaginous yeast for production of high-value specialty chemicals|Genetisk modificering af olieholdig gær for at producere specialkemikalier"
"";"dtu|dtupub|third_party";"";"2022-01-03T13:07:31.927Z";"Gupta, Shivangi";"";"2306791662";"";"dtu";"2016";"";"";"";"";"thesis";"dtu|dtu_electronic|dtupub_external";"";"";"";"";"";"";"";"";"";"";"";"";"";"Kemisk/biokemisk tek.|Master of Science in Chemical and Biochemical Engineering|Master of Science in Engineering|kandidat";"Kemisk/biokemisk tek.|Master of Science in Chemical and Biochemical Engineering|Master of Science in Engineering|kandidat";"Kemisk/biokemisk tek.|Master of Science in Chemical and Biochemical Engineering|Master of Science in Engineering|kandidat";"und";"579743a36bbf232e70000f0c";"";"579743a36bbf232e70000f0c";"DTU Department of Chemical and Biochemical Engineering";"sorbit";"sorbit";"Long term durability of silicone coatings for biofouling protection of ships|Langtidsholdbarhed af silicone bundmalinger til skibe"
"";"dtu|dtupub|third_party";"";"2022-01-03T13:06:46.799Z";"Spyropoulos, Antonios";"";"2306668002";"";"dtu";"2016";"";"";"";"";"thesis";"dtu|dtu_electronic|dtupub|dtupub_electronic";"";"";"";"";"";"";"";"";"";"";"";"";"";"Informationstek.|Master of Science in Computer Science and Engineering|Master of Science in Engineering|kandidat";"Informationstek.|Master of Science in Computer Science and Engineering|Master of Science in Engineering|kandidat";"Informationstek.|Master of Science in Computer Science and Engineering|Master of Science in Engineering|kandidat";"und";"578f59cd6bbf232e700002df";"";"578f59cd6bbf232e700002df";"DTU Department of Electrical and Photonics Engineering";"sorbit";"sorbit";"Hardware Implementation for Lossless Compression of I/Q Data|Hardware Implementering af Tabsfri Kompression af I/Q Data"
"";"dtu|dtupub|third_party";"";"2022-01-03T13:06:07.589Z";"Thordal, Simon Bjørn";"";"2306377249";"";"dtu";"2016";"";"";"";"";"thesis";"dtu|dtu_electronic|dtupub|dtupub_electronic";"";"";"";"";"";"";"";"";"";"";"";"";"";"Master of Science in Engineering|Master of Science in Mathematical Modelling and Computation|Mat. modellering|kandidat";"Master of Science in Engineering|Master of Science in Mathematical Modelling and Computation|Mat. modellering|kandidat";"Master of Science in Engineering|Master of Science in Mathematical Modelling and Computation|Mat. modellering|kandidat";"und";"577e3645e4636e6c1e000023";"";"577e3645e4636e6c1e000023";"DTU Department of Applied Mathematics and Computer Science";"sorbit";"sorbit";"Link Prediction in Dynamic Networks with Node Metadata|Prediktion af Links i Dynamiske Netværk med Node-metadata"
"";"dtu|dtupub|third_party";"";"2022-01-03T13:15:38.462Z";"Stankowska, Arwen Urrsula Malgorzata";"";"2292735924";"";"dtu";"2015";"";"";"";"";"thesis";"dtu|dtu_electronic|dtupub|dtupub_electronic";"";"";"";"";"";"";"";"";"";"";"";"";"";"gæst dk";"gæst dk";"gæst dk";"und";"56d754b4bf19455102000580";"";"56d754b4bf19455102000580";"DTU Department of Biotechnology and Biomedicine";"sorbit";"sorbit";"Early-life programming of hypothalamic ceramide and diacylglycerol levels and composition in relation to metabolic risk markers|Programmering af ceramid- og diacylglycerol-niveauer og sammensætning i hypothalamus tidligt i livet samt deres relation til metabole risikomarkører"
"";"dtu|dtupub|third_party";"";"2022-01-03T13:12:55.454Z";"Orozco, Manuel Alejandro Yanez";"";"2306320436";"";"dtu";"2016";"";"";"";"";"thesis";"dtu|dtu_electronic|dtupub_external";"";"";"";"";"";"";"";"";"";"";"";"";"";"Fødevareteknologi|Master of Science in Engineering|Master of Science in Food Technology|kandidat";"Fødevareteknologi|Master of Science in Engineering|Master of Science in Food Technology|kandidat";"Fødevareteknologi|Master of Science in Engineering|Master of Science in Food Technology|kandidat";"und";"577b934b37562d157a0001b7";"";"577b934b37562d157a0001b7";"DTU DTU National Food Institute";"sorbit";"sorbit";"Characterisation and identification of yeast strains of industrial relevance to brewing processes|Identifikation og karakterisering af gærstammer relevante for brygningsprocesser."
"";"dtu|dtupub|third_party";"";"2022-01-03T13:16:15.636Z";"Steenbach, Katrine";"";"2292734916";"";"dtu";"2015";"";"";"";"";"thesis";"dtu|dtu_electronic|dtupub|dtupub_electronic";"";"";"";"";"";"";"";"";"";"";"";"";"";"åben udd.";"åben udd.";"åben udd.";"und";"56d754aebf19455102000289";"";"56d754aebf19455102000289";"DTU Department of Transport";"sorbit";"sorbit";"Design of a New Single-Track Railwa Line to Billun: Track Geometry, Station Capacity and Timetable Scheduling|Projektering af en ny enkeltsporet bane til Billund: Sporgeometri, stationskapacitet og køreplansplanlægning"
"";"dtu|dtupub|third_party";"";"2022-01-06T23:53:34.973Z";"Christiansen, Esben Bue";"";"2306945862";"";"dtu";"2016";"";"";"";"";"thesis";"dtu|dtu_electronic|dtupub|dtupub_electronic";"";"";"";"";"";"";"";"";"";"";"";"";"";"Konst. og mekanik|Master of Science in Engineering|Master of Science in Engineering Design and Applied Mechanics|kandidat";"Konst. og mekanik|Master of Science in Engineering|Master of Science in Engineering Design and Applied Mechanics|kandidat";"Konst. og mekanik|Master of Science in Engineering|Master of Science in Engineering Design and Applied Mechanics|kandidat";"und";"579f2ca26bbf232e7000192e";"";"579f2ca26bbf232e7000192e";"DTU Department of Civil and Mechanical Engineering";"sorbit";"sorbit";"Implementation of added resistance models in a strip theory code|Implementering af øget bølgemodstands modeller i en strip teori kode"
"";"dtu|dtupub|third_party";"";"2022-01-03T13:09:09.349Z";"Arstad, Nicklas Rønning|Ellinghausen, Ole";"";"2306781714";"";"dtu";"2016";"";"";"";"";"thesis";"dtu|dtu_electronic|dtupub_external";"";"";"";"";"";"";"";"";"";"";"";"";"";"Design og inn.|Master of Science in Design and Innovation|Master of Science in Engineering|Master of Science in Engineering Management|Planl. innovation og led.|kandidat";"Design og inn.|Master of Science in Design and Innovation|Master of Science in Engineering|Master of Science in Engineering Management|Planl. innovation og led.|kandidat";"Design og inn.|Master of Science in Design and Innovation|Master of Science in Engineering|Master of Science in Engineering Management|Planl. innovation og led.|kandidat";"und";"5795f1b16bbf232e70000be5";"";"5795f1b16bbf232e70000be5";"DTU Department of Technology, Management and Economics";"sorbit";"sorbit";"Agile product development processes|Fleksible produkt udviklings processer"
"";"dtu|dtupub|third_party";"";"2022-01-03T13:08:17.949Z";"Anthonj, Jannik";"";"2306907266";"";"dtu";"2016";"";"";"";"";"thesis";"dtu|dtu_electronic|dtupub|dtupub_electronic";"";"";"";"";"";"";"";"";"";"";"";"";"";"gæst udl.";"gæst udl.";"gæst udl.";"und";"579c88da6bbf232e700013e7";"";"579c88da6bbf232e700013e7";"DTU Department of Environmental and Resource Engineering";"sorbit";"sorbit";"Development of a decision support system to manage stream water quality across the groundwater-surface water interface|Udvikling af et beslutningsstøtteværktøj til handtering af vandkvalitet i et grundvands-overfladevandssystem"
"";"dtu|dtupub|third_party";"";"2022-01-03T13:16:39.772Z";"Estelrich, Joan Ramis";"";"2307102139";"";"dtu";"2016";"";"";"";"";"thesis";"dtu|dtu_electronic|dtupub|dtupub_electronic";"";"";"";"";"";"";"";"";"";"";"";"";"";"gæst udl.";"gæst udl.";"gæst udl.";"und";"57a5c34212855c654e0003f8";"";"57a5c34212855c654e0003f8";"DTU Department of Electrical and Photonics Engineering";"sorbit";"sorbit";"Cu2ZnSnS4 absorber layers grown by Pulsed Laser Deposition assisted by a reactive sulfur beam|Cu2ZnSnS4 Absorptionslag produceret ved hjælp af Pulset Laser Deponering kombineret med et svovl beam"
"";"dtu|dtupub|third_party";"";"2022-01-03T13:07:07.535Z";"Perry, Carlos Arturo Lopez Abente";"";"2342565619";"";"dtu";"2016";"";"";"";"";"thesis";"dtu|dtu_electronic|dtupub_external";"";"";"";"";"";"";"";"";"";"";"";"";"";"Konst. og mekanik|Master of Science in Engineering|Master of Science in Engineering Design and Applied Mechanics|kandidat";"Konst. og mekanik|Master of Science in Engineering|Master of Science in Engineering Design and Applied Mechanics|kandidat";"Konst. og mekanik|Master of Science in Engineering|Master of Science in Engineering Design and Applied Mechanics|kandidat";"und";"57c95bc3abd781272100011c";"";"57c95bc3abd781272100011c";"DTU Department of Wind and Energy Systems";"sorbit";"sorbit";"Modelling of compression strength of honeycomb structures for sandwich materials|Modellering af trykstyrke af honeycomb strukturer i sandwichmaterialer"
"";"dtu|dtupub|third_party";"";"2022-01-06T23:53:50.825Z";"Hollweck, Tobias";"";"2306791740";"";"dtu";"2016";"";"";"";"";"thesis";"dtu|dtu_electronic|dtupub|dtupub_electronic";"";"";"";"";"";"";"";"";"";"";"";"";"";"Akustisk tek.|Master of Science in Engineering|Master of Science in Engineering Acoustics|kandidat";"Akustisk tek.|Master of Science in Engineering|Master of Science in Engineering Acoustics|kandidat";"Akustisk tek.|Master of Science in Engineering|Master of Science in Engineering Acoustics|kandidat";"und";"579743d86bbf232e70001090";"";"579743d86bbf232e70001090";"DTU Department of Electrical Engineering";"sorbit";"sorbit";"Reduction of brake noise using vibration damping layers|Reduktion af bremsestøj med dæmpningslag"
"";"dtu|dtupub|third_party";"";"2022-01-03T13:06:12.926Z";"Lundgaard, Louise Scherffenberg";"";"2349073426";"";"dtu";"2016";"";"";"";"";"thesis";"dtu|dtu_electronic|dtupub|dtupub_electronic";"";"";"";"";"";"";"";"";"";"";"";"";"";"Akvatisk Videnskab og Teknologi|Master in Science in Aquatic Science and Technology|Master of Science in Engineering|kandidat";"Akvatisk Videnskab og Teknologi|Master in Science in Aquatic Science and Technology|Master of Science in Engineering|kandidat";"Akvatisk Videnskab og Teknologi|Master in Science in Aquatic Science and Technology|Master of Science in Engineering|kandidat";"und";"5831904d13270e8a3e000020";"";"5831904d13270e8a3e000020";"DTU National Institute of Aquatic Resources";"sorbit";"sorbit";"Pilot study of seabird bycatch by use of electronic monitoring in Øresund, DK|Pilotstudie om elektronisk monitering af havfugle bifangster i Øresund, DK"
"";"dtu|dtupub|third_party";"";"2022-01-03T13:08:16.349Z";"Lehmann, Jonas";"";"2306340634";"";"dtu";"2016";"";"";"";"";"thesis";"dtu|dtu_electronic|dtupub_external";"";"";"";"";"";"";"";"";"";"";"";"";"";"Master of Science in Engineering|Master of Science in Materials and Manufacturing Engineering|Materialetek.|kandidat";"Master of Science in Engineering|Master of Science in Materials and Manufacturing Engineering|Materialetek.|kandidat";"Master of Science in Engineering|Master of Science in Materials and Manufacturing Engineering|Materialetek.|kandidat";"und";"577ce4c737562d157a00023e";"";"577ce4c737562d157a00023e";"DTU Department of Civil and Mechanical Engineering";"sorbit";"sorbit";"Corrosion and wear properties of thermochemically hardened titanium|Korrosion og slid af termokemisk hærdet titan"
"";"dtu|dtupub|third_party";"";"2022-01-03T13:12:56.884Z";"Palfi, Andras";"";"2306320346";"";"dtu";"2016";"";"";"";"";"thesis";"dtu|dtu_electronic|dtupub|dtupub_electronic";"";"";"";"";"";"";"";"";"";"";"";"";"";"Akustisk tek.|Master of Science in Engineering|Master of Science in Engineering Acoustics|kandidat";"Akustisk tek.|Master of Science in Engineering|Master of Science in Engineering Acoustics|kandidat";"Akustisk tek.|Master of Science in Engineering|Master of Science in Engineering Acoustics|kandidat";"und";"577b934537562d157a00016e";"";"577b934537562d157a00016e";"DTU Department of Electrical Engineering";"sorbit";"sorbit";"Combining Beamforming and Blind Source Separation for Improving Source Separation Performance|Forbedret kildeseparation ved kombination af beamforming og blind kildeseparation"
"";"dtu|dtupub|third_party";"";"2022-01-03T13:16:02.692Z";"Bassi, Susanna Andreasi";"";"2292735226";"";"dtu";"2015";"";"";"";"";"thesis";"dtu|dtu_electronic|dtupub|dtupub_electronic";"";"";"";"";"";"";"";"";"";"";"";"";"";"Master of Science in Engineering|Master of Science in Environmental Engineering|Miljøteknologi|kandidat";"Master of Science in Engineering|Master of Science in Environmental Engineering|Miljøteknologi|kandidat";"Master of Science in Engineering|Master of Science in Environmental Engineering|Miljøteknologi|kandidat";"und";"56d754afbf19455102000359";"";"56d754afbf19455102000359";"DTU Department of Environmental and Resource Engineering";"sorbit";"sorbit";"LCA of municipal solid waste management systems in 7 European countries|LCA af kommunale affaldshandteringssystemer i 7 Europæiske lande"
"";"dtu|dtupub|third_party";"";"2022-01-03T13:12:12.320Z";"Zoethout, Jouke";"";"2292735943";"";"dtu";"2015";"";"";"";"";"thesis";"dtu|dtu_electronic|dtupub_external";"";"";"";"";"";"";"";"";"";"";"";"";"";"Master of Science in Engineering|Master of Science in Wind Energy|Vindenergi|kandidat";"Master of Science in Engineering|Master of Science in Wind Energy|Vindenergi|kandidat";"Master of Science in Engineering|Master of Science in Wind Energy|Vindenergi|kandidat";"und";"56d754b4bf19455102000590";"";"56d754b4bf19455102000590";"DTU Department of Wind and Energy Systems";"sorbit";"sorbit";"An innovative approach towards solving the problem of trailing edge buckling of large wind turbine rotor blades|En innovativ vej mod en løsning af bagkantsbuling i store vindmøllevinger"
"";"dtu|dtupub|third_party";"";"2022-01-03T13:16:17.058Z";"Olsen, Sune Lønbæk";"";"2292734747";"";"dtu";"2015";"";"";"";"";"thesis";"dtu|dtu_electronic|dtupub|dtupub_electronic";"";"";"";"";"";"";"";"";"";"";"";"";"";"Akustisk tek.|Master of Science in Engineering|Master of Science in Engineering Acoustics|kandidat";"Akustisk tek.|Master of Science in Engineering|Master of Science in Engineering Acoustics|kandidat";"Akustisk tek.|Master of Science in Engineering|Master of Science in Engineering Acoustics|kandidat";"und";"56d754adbf19455102000215";"";"56d754adbf19455102000215";"DTU Department of Electrical Engineering";"sorbit";"sorbit";"Modelling Perceptual Components of Loudspeaker Distortion|Modeller for perceptuelle aspekter af forvrængning i højttalere"
"";"dtu|dtupub|third_party";"";"2022-01-06T23:53:35.066Z";"Lyngsie, Kasper Szabo";"";"2306781430";"";"dtu";"2016";"";"";"";"";"thesis";"dtu|dtu_electronic|dtupub|dtupub_electronic";"";"";"";"";"";"";"";"";"";"";"";"";"";"Master of Science in Engineering|Master of Science in Mathematical Modelling and Computation|Mat. modellering|kandidat";"Master of Science in Engineering|Master of Science in Mathematical Modelling and Computation|Mat. modellering|kandidat";"Master of Science in Engineering|Master of Science in Mathematical Modelling and Computation|Mat. modellering|kandidat";"und";"5795f1756bbf232e70000a37";"";"5795f1756bbf232e70000a37";"DTU Department of Applied Mathematics and Computer Science";"sorbit";"sorbit";"The 1-2-3 Conjecture|1-2-3 formodningen"
"";"dtu|dtupub|third_party";"";"2022-01-03T13:08:42.713Z";"Olsen, Bjarne Due";"";"2306781433";"";"dtu";"2016";"";"";"";"";"thesis";"dtu|dtu_electronic|dtupub|dtupub_electronic";"";"";"";"";"";"";"";"";"";"";"";"";"";"Byggetek.|Master of Science in Civil Engineering|Master of Science in Engineering|kandidat";"Byggetek.|Master of Science in Civil Engineering|Master of Science in Engineering|kandidat";"Byggetek.|Master of Science in Civil Engineering|Master of Science in Engineering|kandidat";"und";"5795f17c6bbf232e70000a6d";"";"5795f17c6bbf232e70000a6d";"DTU Department of Civil Engineering";"sorbit";"sorbit";"Hingemodel for cracks in reinforced concrete with unloading|Hængselsmodel af revner i armeret beton med aflastning"
"";"dtu|dtupub|third_party";"";"2022-01-06T23:53:50.875Z";"Bitsch, Magnus Alexander";"";"2306823451";"";"dtu";"2016";"";"";"";"";"thesis";"dtu|dtu_electronic|dtupub|dtupub_electronic";"";"";"";"";"";"";"";"";"";"";"";"";"";"Master of Science in Engineering|Master of Science in Mathematical Modelling and Computation|Mat. modellering|kandidat";"Master of Science in Engineering|Master of Science in Mathematical Modelling and Computation|Mat. modellering|kandidat";"Master of Science in Engineering|Master of Science in Mathematical Modelling and Computation|Mat. modellering|kandidat";"und";"579894546bbf232e70001173";"";"579894546bbf232e70001173";"DTU Department of Applied Mathematics and Computer Science";"sorbit";"sorbit";"Statistical Learning for Energy Informatics|Statistical Learning for Energiinformatik"
"";"dtu|dtupub|third_party";"";"2022-01-03T13:12:55.370Z";"Schmidt, Andreas Strøjer Tynan|Touray, Ebou";"";"2306586882";"";"dtu";"2016";"";"";"";"";"thesis";"dtu|dtu_electronic|dtupub|dtupub_electronic";"";"";"";"";"";"";"";"";"";"";"";"";"";"Master of Science in Engineering|Master of Science in Engineering Management|Planl. innovation og led.|kandidat";"Master of Science in Engineering|Master of Science in Engineering Management|Planl. innovation og led.|kandidat";"Master of Science in Engineering|Master of Science in Engineering Management|Planl. innovation og led.|kandidat";"und";"578cb6c06bbf232e70000202";"";"578cb6c06bbf232e70000202";"DTU Department of Technology, Management and Economics";"sorbit";"sorbit";"Corporate location decisions|Virksomheders lokations beslutninger"
"";"dtu|dtupub|third_party";"";"2022-01-03T13:16:27.241Z";"Jacobsen, Gustav Nordahl";"";"2292733976";"";"dtu";"2016";"";"";"";"";"thesis";"dtu|dtu_electronic|dtupub|dtupub_electronic";"";"";"";"";"";"";"";"";"";"";"";"";"";"Akustisk tek.|Master of Science in Engineering|Master of Science in Engineering Acoustics|kandidat";"Akustisk tek.|Master of Science in Engineering|Master of Science in Engineering Acoustics|kandidat";"Akustisk tek.|Master of Science in Engineering|Master of Science in Engineering Acoustics|kandidat";"und";"56d754a8bf19455102000005";"";"56d754a8bf19455102000005";"DTU Department of Electrical Engineering";"sorbit";"sorbit";"Detection and annoyance of warning sounds for electric vehicles|Detekterbarhed og støjgener for advarselslyde til elektriske køretøjer"
"";"dtu|dtupub|third_party";"";"2022-01-06T23:53:41.524Z";"Arbøll, Lasse Kærgaard|Kristoffersen, Sarah Frigaard";"";"2307137910";"";"dtu";"2016";"";"";"";"";"thesis";"dtu|dtu_electronic|dtupub|dtupub_electronic";"";"";"";"";"";"";"";"";"";"";"";"";"";"Byggetek.|Master of Science in Civil Engineering|Master of Science in Engineering|kandidat";"Byggetek.|Master of Science in Civil Engineering|Master of Science in Engineering|kandidat";"Byggetek.|Master of Science in Civil Engineering|Master of Science in Engineering|kandidat";"und";"57a8664212855c654e000443";"";"57a8664212855c654e000443";"DTU Department of Civil and Mechanical Engineering";"sorbit";"sorbit";"Experimental study of tsunami-induced scour around monopiles|Eksperimentel undersøgelse af tsunami induceret erosion omkring monopæle"
"";"dtu|dtupub|third_party";"";"2022-01-03T13:12:43.266Z";"Rasmussen, Theis Bo";"";"2305633480";"";"dtu";"2016";"";"";"";"";"thesis";"dtu|dtu_electronic|dtupub|dtupub_electronic";"";"";"";"";"";"";"";"";"";"";"";"";"";"Elektrotek.|Master of Science in Electrical Engineering|Master of Science in Engineering|kandidat";"Elektrotek.|Master of Science in Electrical Engineering|Master of Science in Engineering|kandidat";"Elektrotek.|Master of Science in Electrical Engineering|Master of Science in Engineering|kandidat";"und";"575ea783e6f951534a00f0ee";"";"575ea783e6f951534a00f0ee";"DTU Department of Electrical Engineering";"sorbit";"sorbit";"Real Time Emulation of Dynamic Tariff for Congestion Management in Distribution Networks|Real Time emulering af Dynamic Tarif for Congestion Management i distributionsnet"
"";"dtu|dtupub|third_party";"";"2022-01-03T13:16:11.832Z";"Rodriguez, Christian Sanchez";"";"2305633495";"";"dtu";"2016";"";"";"";"";"thesis";"dtu|dtu_electronic|dtupub_external";"";"";"";"";"";"";"";"";"";"";"";"";"";"Akustisk tek.|Master of Science in Engineering|Master of Science in Engineering Acoustics|kandidat";"Akustisk tek.|Master of Science in Engineering|Master of Science in Engineering Acoustics|kandidat";"Akustisk tek.|Master of Science in Engineering|Master of Science in Engineering Acoustics|kandidat";"und";"575ea798e6f951534a00f1d6";"";"575ea798e6f951534a00f1d6";"DTU Department of Electrical Engineering";"sorbit";"sorbit";"Segmentation and Detection of Audio Sources in Broadcast and Telephone Audio Streams|Segmentering og detektion af lydkilder i udsendelser og telefoni"
"";"dtu|dtupub|third_party";"";"2022-01-03T13:16:01.286Z";"Frison, Alessandro";"";"2292736109";"";"dtu";"2015";"";"";"";"";"thesis";"dtu|dtu_electronic|dtupub|dtupub_electronic";"";"";"";"";"";"";"";"";"";"";"";"";"";"gæst udl.";"gæst udl.";"gæst udl.";"und";"56d754b5bf194551020005fd";"";"56d754b5bf194551020005fd";"DTU Department of Environmental and Resource Engineering";"sorbit";"sorbit";"Mechanical pretreatments of lignocellulosic substrates for biogas production|Mekaniske forbehandlinger af lignocellulose substrater til biogasproduktion"
"";"dtu|dtupub|third_party";"";"2022-01-03T13:12:03.820Z";"Vavatsikos, Panagiotis|Fykiris, Panagiotis";"";"2292736402";"";"dtu";"2015";"";"";"";"";"thesis";"dtu|dtu_electronic|dtupub|dtupub_electronic";"";"";"";"";"";"";"";"";"";"";"";"";"";"Elektrotek.|Master of Science in Electrical Engineering|Master of Science in Engineering|kandidat";"Elektrotek.|Master of Science in Electrical Engineering|Master of Science in Engineering|kandidat";"Elektrotek.|Master of Science in Electrical Engineering|Master of Science in Engineering|kandidat";"und";"56d754b6bf194551020006aa";"";"56d754b6bf194551020006aa";"DTU Department of Electrical Engineering";"sorbit";"sorbit";"Modelling and control of a river system|Modellering og regulering af et flod system"
"";"dtu|dtupub|third_party";"";"2022-01-03T13:15:54.556Z";"Andersen, Patrick Alexander Schjøtt";"";"2292734980";"";"dtu";"2015";"";"";"";"";"thesis";"dtu|dtu_electronic|dtupub_external";"";"";"";"";"";"";"";"";"";"";"";"";"";"Kemisk/biokemisk tek.|Master of Science in Chemical and Biochemical Engineering|Master of Science in Engineering|kandidat";"Kemisk/biokemisk tek.|Master of Science in Chemical and Biochemical Engineering|Master of Science in Engineering|kandidat";"Kemisk/biokemisk tek.|Master of Science in Chemical and Biochemical Engineering|Master of Science in Engineering|kandidat";"und";"56d754aebf194551020002ab";"";"56d754aebf194551020002ab";"DTU Department of Chemical and Biochemical Engineering";"sorbit";"sorbit";"Computational Fluid Dynamic Modeling of a Novel Rotating Flow Cell|Computational Fluid Dynamic Modellering af en Ny Roterende Reaktorsystem"
"";"dtu|dtupub|third_party";"";"2022-01-03T13:12:05.232Z";"Zarza, Alejandro Gomez";"";"2292735952";"";"dtu";"2015";"";"";"";"";"thesis";"dtu|dtu_electronic|dtupub|dtupub_electronic";"";"";"";"";"";"";"";"";"";"";"";"";"";"Byggetek.|Master of Science in Civil Engineering|Master of Science in Engineering|kandidat";"Byggetek.|Master of Science in Civil Engineering|Master of Science in Engineering|kandidat";"Byggetek.|Master of Science in Civil Engineering|Master of Science in Engineering|kandidat";"und";"56d754b4bf1945510200059d";"";"56d754b4bf1945510200059d";"DTU Department of Transport";"sorbit";"sorbit";"Rail passenger route choice modelling at European level|Modellering af rutevalg for togpassagerer pa europæisk niveau"
"";"dtu|dtupub|third_party";"";"2022-01-03T13:16:18.369Z";"Vergmann, Pernille Randrup|Haagerup, Emilie Munk";"";"2292734158";"";"dtu";"2016";"";"";"";"";"thesis";"dtu|dtu_electronic|dtupub_external";"";"";"";"";"";"";"";"";"";"";"";"";"";"Design og inn.|Master of Science in Design and Innovation|Master of Science in Engineering|kandidat";"Design og inn.|Master of Science in Design and Innovation|Master of Science in Engineering|kandidat";"Design og inn.|Master of Science in Design and Innovation|Master of Science in Engineering|kandidat";"und";"56d754a9bf19455102000090";"";"56d754a9bf19455102000090";"DTU Department of Civil and Mechanical Engineering";"sorbit";"sorbit";"Hearing aids for elderly people|Høreapparater til ældre mennesker"
"";"dtu|dtupub|third_party";"";"2022-01-03T13:12:27.334Z";"Caille, Axel Louis Bernard";"";"2305633384";"";"dtu";"2016";"";"";"";"";"thesis";"dtu|dtu_electronic|dtupub_external";"";"";"";"";"";"";"";"";"";"";"";"";"";"åben udd.";"åben udd.";"åben udd.";"und";"575ea679e6f951534a00e46b";"";"575ea679e6f951534a00e46b";"DTU Department of Technology, Management and Economics";"sorbit";"sorbit";"Simulation and Optimisation in a Manufacturing Department|Simulation og optimimering i en produktionsafdelintg"
"";"dtu|dtupub|third_party";"";"2022-01-06T23:53:43.018Z";"Pedersen, Mette Baunbæk|Lorenzen, Kira Madsen";"";"2305633406";"";"dtu";"2016";"";"";"";"";"thesis";"dtu|dtu_electronic|dtupub|dtupub_electronic";"";"";"";"";"";"";"";"";"";"";"";"";"";"Design og inn.|Master of Science in Design and Innovation|Master of Science in Engineering|kandidat";"Design og inn.|Master of Science in Design and Innovation|Master of Science in Engineering|kandidat";"Design og inn.|Master of Science in Design and Innovation|Master of Science in Engineering|kandidat";"und";"575ea6c2e6f951534a00e7c8";"";"575ea6c2e6f951534a00e7c8";"DTU Department of Technology, Management and Economics";"sorbit";"sorbit";"Development of toolbox containing methods for Human-Robot Interaction design|Udvikling af metodesamling til Human-Robot Interaction design"
"";"dtu|dtupub|third_party";"";"2022-01-03T13:16:18.768Z";"Bangsgaard, Elisabeth Ottesen";"";"2292734404";"";"dtu";"2016";"";"";"";"";"thesis";"dtu|dtu_electronic|dtupub|dtupub_electronic";"";"";"";"";"";"";"";"";"";"";"";"";"";"Master of Science in Engineering|Master of Science in Mathematical Modelling and Computation|Mat. modellering|kandidat";"Master of Science in Engineering|Master of Science in Mathematical Modelling and Computation|Mat. modellering|kandidat";"Master of Science in Engineering|Master of Science in Mathematical Modelling and Computation|Mat. modellering|kandidat";"und";"56d754abbf1945510200011d";"";"56d754abbf1945510200011d";"DTU Department of Applied Mathematics and Computer Science";"sorbit";"sorbit";"Mathematical modelling of the dynamic role of the HPA-axis in the immune system|Matematisk modellering af den dynamiske rolle af HPA-aksen i imunsystemet"
"";"dtu|dtupub|third_party";"";"2022-01-03T13:16:23.497Z";"Mondadori, Fernanda Soares";"";"2292734224";"";"dtu";"2016";"";"";"";"";"thesis";"dtu|dtu_electronic|dtupub|dtupub_electronic";"";"";"";"";"";"";"";"";"";"";"";"";"";"Fødevareteknologi|Master of Science in Engineering|Master of Science in Food Technology|kandidat";"Fødevareteknologi|Master of Science in Engineering|Master of Science in Food Technology|kandidat";"Fødevareteknologi|Master of Science in Engineering|Master of Science in Food Technology|kandidat";"und";"56d754aabf194551020000c2";"";"56d754aabf194551020000c2";"DTU DTU National Food Institute";"sorbit";"sorbit";"Characterization of digests and production of food ingredients from seaweed (Saccharina latissima)|Karakterisering af nedbrydningsprodukter og Produktion af fødevareingredienser fra sukkertang (Saccharina latissima)"
"";"dtu|dtupub|third_party";"";"2022-01-03T13:11:07.189Z";"Carlstedt, Samuel David";"";"2292737375";"";"dtu";"2015";"";"";"";"";"thesis";"dtu|dtu_electronic|dtupub|dtupub_electronic";"";"";"";"";"";"";"";"";"";"";"";"";"";"Byggetek.|Master of Science in Civil Engineering|Master of Science in Engineering|kandidat";"Byggetek.|Master of Science in Civil Engineering|Master of Science in Engineering|kandidat";"Byggetek.|Master of Science in Civil Engineering|Master of Science in Engineering|kandidat";"und";"56d754babf1945510200099d";"";"56d754babf1945510200099d";"DTU Department of Civil and Mechanical Engineering";"sorbit";"sorbit";"Topology Optimization of Volvo busses|Topologioptimering af Volvo busser"
"";"dtu|dtupub|third_party";"";"2022-01-03T13:15:18.797Z";"Gørløv, Agnete";"";"2292737743";"";"dtu";"2015";"";"";"";"";"thesis";"dtu|dtu_electronic|dtupub_external";"";"";"";"";"";"";"";"";"";"";"";"";"";"Kemisk/biokemisk tek.|Master of Science in Chemical and Biochemical Engineering|Master of Science in Engineering|kandidat";"Kemisk/biokemisk tek.|Master of Science in Chemical and Biochemical Engineering|Master of Science in Engineering|kandidat";"Kemisk/biokemisk tek.|Master of Science in Chemical and Biochemical Engineering|Master of Science in Engineering|kandidat";"und";"56d754bcbf19455102000aea";"";"56d754bcbf19455102000aea";"DTU Department of Chemical and Biochemical Engineering";"sorbit";"sorbit";"Modelling investigation of steady state and transient fixed bed operation in hydroprocessing reactors|Modellering af fixed bed reaktorer til hydroprocessering i steady state og transient drift"
"";"dtu|dtupub|third_party";"";"2022-01-03T13:11:06.562Z";"Carslaw, Caroline|May, Robert";"";"2292737604";"";"dtu";"2015";"";"";"";"";"thesis";"dtu|dtu_electronic|dtupub|dtupub_electronic";"";"";"";"";"";"";"";"";"";"";"";"";"";"gæst udl.";"gæst udl.";"gæst udl.";"und";"56d754bbbf19455102000a64";"";"56d754bbbf19455102000a64";"DTU Department of Civil and Mechanical Engineering";"sorbit";"sorbit";"Weld strength testing of spot welds in automotives|Styrketest af punktsvejsninger i automobilindustrien"
"";"dtu|dtupub|third_party";"";"2022-01-03T13:15:23.444Z";"Hartmann, Marie Top";"";"2292737630";"";"dtu";"2015";"";"";"";"";"thesis";"dtu|dtu_electronic|dtupub|dtupub_electronic";"";"";"";"";"";"";"";"";"";"";"";"";"";"Fødevareteknologi|Master of Science in Engineering|Master of Science in Food Technology|kandidat";"Fødevareteknologi|Master of Science in Engineering|Master of Science in Food Technology|kandidat";"Fødevareteknologi|Master of Science in Engineering|Master of Science in Food Technology|kandidat";"und";"56d754bbbf19455102000a7e";"";"56d754bbbf19455102000a7e";"DTU DTU National Food Institute";"sorbit";"sorbit";"Phyical and chemical changes in native egg white during storage|Fysiske og kemiske ændringer af naturlig æggehvide under lagring."
"";"dtu|dtupub|third_party";"";"2022-01-03T13:15:52.043Z";"Patacq, Benoit";"";"2292736166";"";"dtu";"2015";"";"";"";"";"thesis";"dtu|dtu_electronic|dtupub|dtupub_electronic";"";"";"";"";"";"";"";"";"";"";"";"";"";"Master of Science in Engineering|Master of Science in Transportation and Logistics|Transp. og logistik|kandidat";"Master of Science in Engineering|Master of Science in Transportation and Logistics|Transp. og logistik|kandidat";"Master of Science in Engineering|Master of Science in Transportation and Logistics|Transp. og logistik|kandidat";"und";"56d754b5bf19455102000624";"";"56d754b5bf19455102000624";"DTU Department of Transport";"sorbit";"sorbit";"Large neighbourhood search for city logistics problems|Large neighbourhood heuristikker til citylogistik"
"";"dtu|dtupub|third_party";"";"2022-01-03T13:11:51.870Z";"Quach, Melanie Chea-Hie Sonedali";"";"2292736198";"";"dtu";"2015";"";"";"";"";"thesis";"dtu|dtu_electronic|dtupub_external";"";"";"";"";"";"";"";"";"";"";"";"";"";"Master of Science in Engineering|Master of Science in Transportation and Logistics|Transp. og logistik|kandidat";"Master of Science in Engineering|Master of Science in Transportation and Logistics|Transp. og logistik|kandidat";"Master of Science in Engineering|Master of Science in Transportation and Logistics|Transp. og logistik|kandidat";"und";"56d754b5bf1945510200063a";"";"56d754b5bf1945510200063a";"DTU Department of Technology, Management and Economics";"sorbit";"sorbit";"Impact of Nestle Danish warehouse move on stock cover and Service level to Customers|Virkningen af Nestle dansk lager flytte pa lager cover og serviceniveau til kunder"
"";"dtu|dtupub|third_party";"";"2022-01-03T13:11:45.197Z";"Møller, Niels Peder";"";"2292735295";"";"dtu";"2015";"";"";"";"";"thesis";"dtu|dtu_electronic|dtupub|dtupub_electronic";"";"";"";"";"";"";"";"";"";"";"";"";"";"Fysik og nanotek.|Master of Science in Engineering|Master of Science in Physics and Nanotechnology|kandidat";"Fysik og nanotek.|Master of Science in Engineering|Master of Science in Physics and Nanotechnology|kandidat";"Fysik og nanotek.|Master of Science in Engineering|Master of Science in Physics and Nanotechnology|kandidat";"und";"56d754b0bf1945510200037e";"";"56d754b0bf1945510200037e";"DTU Department of Micro- and Nanotechnology";"sorbit";"sorbit";"Fabrication of Plasmonic Systems Based on 2D Materials|Fabrikation af plasmoniske systemer baseret pa 2D materialer"
"";"dtu|dtupub|third_party";"";"2022-01-03T13:15:49.263Z";"Walther, Jeppe Ullè";"";"2292735256";"";"dtu";"2015";"";"";"";"";"thesis";"dtu|dtu_electronic|dtupub|dtupub_electronic";"";"";"";"";"";"";"";"";"";"";"";"";"";"Digitale medietek.|Master of Science in Digital Media Engineering|Master of Science in Engineering|kandidat";"Digitale medietek.|Master of Science in Digital Media Engineering|Master of Science in Engineering|kandidat";"Digitale medietek.|Master of Science in Digital Media Engineering|Master of Science in Engineering|kandidat";"und";"56d754b0bf19455102000367";"";"56d754b0bf19455102000367";"DTU Department of Applied Mathematics and Computer Science";"sorbit";"sorbit";"Tangible Digital 3D Modeling|Handgribelig digital 3D modellering"
"";"dtu|dtupub|third_party";"";"2022-01-03T13:11:49.437Z";"Thrysøe, Cecilie|Toke, Jens";"";"2292735499";"";"dtu";"2015";"";"";"";"";"thesis";"dtu|dtu_electronic|dtupub|dtupub_electronic";"";"";"";"";"";"";"";"";"";"";"";"";"";"Master of Science in Engineering|Master of Science in Environmental Engineering|Miljøteknologi|kandidat";"Master of Science in Engineering|Master of Science in Environmental Engineering|Miljøteknologi|kandidat";"Master of Science in Engineering|Master of Science in Environmental Engineering|Miljøteknologi|kandidat";"und";"56d754b1bf19455102000403";"";"56d754b1bf19455102000403";"DTU Department of Environmental and Resource Engineering";"sorbit";"sorbit";"Surrogate modelling of coupled 1d-2d hydraulic model (MIKE FLOOD)|Surrogatmodellering af kombineret 1d-2d hydraulisk model (MIKE FLOOD)"
"";"dtu|dtupub|third_party";"";"2022-01-03T13:11:20.588Z";"Pedersen, Maria Holst|Bech, Nanna Tange";"";"2292737442";"";"dtu";"2015";"";"";"";"";"thesis";"dtu|dtu_electronic|dtupub|dtupub_electronic";"";"";"";"";"";"";"";"";"";"";"";"";"";"Byggetek.|Master of Science in Civil Engineering|Master of Science in Engineering|kandidat";"Byggetek.|Master of Science in Civil Engineering|Master of Science in Engineering|kandidat";"Byggetek.|Master of Science in Civil Engineering|Master of Science in Engineering|kandidat";"und";"56d754babf194551020009cd";"";"56d754babf194551020009cd";"DTU Department of Civil Engineering";"sorbit";"sorbit";"Development and Test of Arch Bridge with Materials of Different Stiffness|Development and test of arch bridge with materials of different stiffness"
"";"dtu|dtupub|third_party";"";"2022-01-03T13:15:18.189Z";"Tawfieq, Mahmoud";"";"2292737304";"";"dtu";"2015";"";"";"";"";"thesis";"dtu|dtu_electronic|dtupub|dtupub_electronic";"";"";"";"";"";"";"";"";"";"";"";"";"";"Fysik og nanotek.|Master of Science in Engineering|Master of Science in Physics and Nanotechnology|kandidat";"Fysik og nanotek.|Master of Science in Engineering|Master of Science in Physics and Nanotechnology|kandidat";"Fysik og nanotek.|Master of Science in Engineering|Master of Science in Physics and Nanotechnology|kandidat";"und";"56d754babf1945510200096d";"";"56d754babf1945510200096d";"DTU Department of Electrical and Photonics Engineering";"sorbit";"sorbit";"Noise transfer in laser sources for bio-imaging|Overførsel af støj i laserkilder til biomedicinsk afbildning"
"";"dtu|dtupub|third_party";"";"2022-01-03T13:15:30.149Z";"Iwersen, Thomas Bargum|Raaby, Michael";"";"2292737940";"";"dtu";"2015";"";"";"";"";"thesis";"dtu|dtu_electronic|dtupub_external";"";"";"";"";"";"";"";"";"";"";"";"";"";"Master of Science in Engineering|Master of Science in Engineering Management|Planl. innovation og led.|kandidat";"Master of Science in Engineering|Master of Science in Engineering Management|Planl. innovation og led.|kandidat";"Master of Science in Engineering|Master of Science in Engineering Management|Planl. innovation og led.|kandidat";"und";"56d754bdbf19455102000b8d";"";"56d754bdbf19455102000b8d";"DTU Department of Technology, Management and Economics";"sorbit";"sorbit";"Product configuration at NCC|produktkonfigurering hos NCC"
"";"dtu|dtupub|third_party";"";"2022-01-03T13:06:49.538Z";"Thomsen, Søren Falk";"";"2306781420";"";"dtu";"2016";"";"";"";"";"thesis";"dtu|dtu_electronic|dtupub|dtupub_electronic";"";"";"";"";"";"";"";"";"";"";"";"";"";"Byggetek.|Master of Science in Civil Engineering|Master of Science in Engineering|kandidat";"Byggetek.|Master of Science in Civil Engineering|Master of Science in Engineering|kandidat";"Byggetek.|Master of Science in Civil Engineering|Master of Science in Engineering|kandidat";"und";"5795f16e6bbf232e700009f9";"";"5795f16e6bbf232e700009f9";"DTU Department of Technology, Management and Economics";"sorbit";"sorbit";"Digitalization Strategies in the Danish Construction|Digitaliseringsstrategier i dansk byggeri"
"";"dtu|dtupub|third_party";"";"2022-01-03T13:16:03.766Z";"Usai, Elise";"";"2292735756";"";"dtu";"2015";"";"";"";"";"thesis";"dtu|dtu_electronic|dtupub|dtupub_electronic";"";"";"";"";"";"";"";"";"";"";"";"";"";"Master of Science in Engineering|Master of Science in Environmental Engineering|Miljøteknologi|kandidat";"Master of Science in Engineering|Master of Science in Environmental Engineering|Miljøteknologi|kandidat";"Master of Science in Engineering|Master of Science in Environmental Engineering|Miljøteknologi|kandidat";"und";"56d754b3bf194551020004f0";"";"56d754b3bf194551020004f0";"DTU Department of Environmental and Resource Engineering";"sorbit";"sorbit";"Modelling of the efficiency of Copenhagen Climate Adaptation Plan in relation to pluvial flooding|Modelering af effektiviteten af Københavns skybrudsplan"
"";"dtu|dtupub|third_party";"";"2022-01-03T13:16:28.575Z";"Leclerc, Alexandra Segolene Corinne";"";"2306781499";"";"dtu";"2016";"";"";"";"";"thesis";"dtu|dtu_electronic|dtupub|dtupub_electronic";"";"";"";"";"";"";"";"";"";"";"";"";"";"Master of Science in Engineering|Master of Science in Environmental Engineering|Miljøteknologi|kandidat";"Master of Science in Engineering|Master of Science in Environmental Engineering|Miljøteknologi|kandidat";"Master of Science in Engineering|Master of Science in Environmental Engineering|Miljøteknologi|kandidat";"und";"5795f1926bbf232e70000adf";"";"5795f1926bbf232e70000adf";"DTU Department of Technology, Management and Economics";"sorbit";"sorbit";"Building of country-specific emission inventories for multi-regional input-output models|Udvikling af landespecifikke emissionsopgørelser for multi-regionale input-output-modeller"
"";"dtu|dtupub|third_party";"";"2022-01-03T13:16:27.257Z";"Krabbe, Alexander";"";"2306791092";"";"dtu";"2016";"";"";"";"";"thesis";"dtu|dtu_electronic|dtupub|dtupub_electronic";"";"";"";"";"";"";"";"";"";"";"";"";"";"Fysik og nanotek.|Master of Science in Engineering|Master of Science in Physics and Nanotechnology|kandidat";"Fysik og nanotek.|Master of Science in Engineering|Master of Science in Physics and Nanotechnology|kandidat";"Fysik og nanotek.|Master of Science in Engineering|Master of Science in Physics and Nanotechnology|kandidat";"und";"579743816bbf232e70000e0a";"";"579743816bbf232e70000e0a";"DTU Department of Physics";"sorbit";"sorbit";"Methanation activity of size-selected nanoparticles|Methaniseringsaktivitet af størrelsesselekterede nanopartikler"
"";"dtu|dtupub|third_party";"";"2022-01-06T23:53:41.562Z";"Larsen, Matthias Sebastian Alan";"";"2306781429";"";"dtu";"2016";"";"";"";"";"thesis";"dtu|dtu_electronic|dtupub_external";"";"";"";"";"";"";"";"";"";"";"";"";"";"Informationstek.|Master of Science in Computer Science and Engineering|Master of Science in Engineering|kandidat";"Informationstek.|Master of Science in Computer Science and Engineering|Master of Science in Engineering|kandidat";"Informationstek.|Master of Science in Computer Science and Engineering|Master of Science in Engineering|kandidat";"und";"5795f1756bbf232e70000a34";"";"5795f1756bbf232e70000a34";"DTU Department of Applied Mathematics and Computer Science";"sorbit";"sorbit";"A Web-Based Salesplatform in An Integration-Rich Environment|En web-baseret salgsplatform i et integrations-rigt miljø"
"";"dtu|dtupub|third_party";"";"2022-01-03T13:16:21.057Z";"Havmøller, Ingeborg Lund";"";"2305633445";"";"dtu";"2016";"";"";"";"";"thesis";"dtu|dtu_electronic|dtupub_external";"";"";"";"";"";"";"";"";"";"";"";"";"";"Bioteknologi|Master of Science in Biotechnology|Master of Science in Engineering|kandidat";"Bioteknologi|Master of Science in Biotechnology|Master of Science in Engineering|kandidat";"Bioteknologi|Master of Science in Biotechnology|Master of Science in Engineering|kandidat";"und";"575ea71be6f951534a00ec3e";"";"575ea71be6f951534a00ec3e";"DTU DTU National Food Institute";"sorbit";"sorbit";"Improving Downstream Survival of Lactobacillus bulgaricus|Forbedring overlevelse af Lactobacillus bulgaricus efter gæringsprocesser"
"";"dtu|dtupub|third_party";"";"2022-01-03T13:16:18.334Z";"Hornstrup, Joakim";"";"2292734059";"";"dtu";"2016";"";"";"";"";"thesis";"dtu|dtu_electronic|dtupub_external";"";"";"";"";"";"";"";"";"";"";"";"";"";"Informationstek.|Master of Science in Computer Science and Engineering|Master of Science in Engineering|kandidat";"Informationstek.|Master of Science in Computer Science and Engineering|Master of Science in Engineering|kandidat";"Informationstek.|Master of Science in Computer Science and Engineering|Master of Science in Engineering|kandidat";"und";"56d754a8bf1945510200004d";"";"56d754a8bf1945510200004d";"DTU Department of Applied Mathematics and Computer Science";"sorbit";"sorbit";"Analysis and Design of an IT Infrastructure for Mobile Sensors|Undersøgelse og Design af en IT-Infrastruktur til Mobile Sensorer"
"";"dtu|dtupub|third_party";"";"2022-01-03T13:15:50.545Z";"Olsen, Nikolaj Borum";"";"2305633382";"";"dtu";"2016";"";"";"";"";"thesis";"dtu|dtu_electronic|dtupub_external";"";"";"";"";"";"";"";"";"";"";"";"";"";"Master of Science in Engineering|Master of Science in Medicine and Technology|Medicin og tek.|kandidat";"Master of Science in Engineering|Master of Science in Medicine and Technology|Medicin og tek.|kandidat";"Master of Science in Engineering|Master of Science in Medicine and Technology|Medicin og tek.|kandidat";"und";"575ea678e6f951534a00e466";"";"575ea678e6f951534a00e466";"DTU Department of Micro- and Nanotechnology";"sorbit";"sorbit";"Minimizing the Interaction of Human Hemoglobin with Polymer Surfaces|Minimering af humant hæmoglobins vekselvirkning med polymeroverflader"
"";"dtu|dtupub|third_party";"";"2022-01-03T13:10:30.189Z";"Sultan, Zaki Mohammad";"";"2292737187";"";"dtu";"2015";"";"";"";"";"thesis";"dtu|dtu_electronic|dtupub|dtupub_electronic";"";"";"";"";"";"";"";"";"";"";"";"";"";"Byggetek.|Master of Science in Civil Engineering|Master of Science in Engineering|kandidat";"Byggetek.|Master of Science in Civil Engineering|Master of Science in Engineering|kandidat";"Byggetek.|Master of Science in Civil Engineering|Master of Science in Engineering|kandidat";"und";"56d754b9bf194551020008f8";"";"56d754b9bf194551020008f8";"DTU Department of Civil Engineering";"sorbit";"sorbit";"Fabric forming of Tunnel Segments|Fabric forming of tunnel segments"
"";"dtu|dtupub|third_party";"";"2022-01-03T13:11:57.298Z";"Bührmann, Johannes Michael";"";"2292736145";"";"dtu";"2015";"";"";"";"";"thesis";"dtu|dtu_electronic|dtupub|dtupub_electronic";"";"";"";"";"";"";"";"";"";"";"";"";"";"Master of Science in Engineering|Master of Science in Engineering Management|Planl. innovation og led.|kandidat";"Master of Science in Engineering|Master of Science in Engineering Management|Planl. innovation og led.|kandidat";"Master of Science in Engineering|Master of Science in Engineering Management|Planl. innovation og led.|kandidat";"und";"56d754b5bf19455102000618";"";"56d754b5bf19455102000618";"DTU Department of Technology, Management and Economics";"sorbit";"sorbit";"The Cultural Strategy: When culture becomes a tool for change|Den kulturelle Stategi: nar kulturen bliver et forandringsredskab"
"";"dtu|dtupub|third_party";"";"2022-01-03T13:12:12.175Z";"Bloch, Jacob Tranberg";"";"2292737145";"";"dtu";"2015";"";"";"";"";"thesis";"dtu|dtu_electronic|dtupub_external";"";"";"";"";"";"";"";"";"";"";"";"";"";"Elektrotek.|Master of Science in Electrical Engineering|Master of Science in Engineering|kandidat";"Elektrotek.|Master of Science in Electrical Engineering|Master of Science in Engineering|kandidat";"Elektrotek.|Master of Science in Electrical Engineering|Master of Science in Engineering|kandidat";"und";"56d754b9bf194551020008cf";"";"56d754b9bf194551020008cf";"DTU Department of Electrical Engineering";"sorbit";"sorbit";"Investigation of inrush currents during bottom-up black start of Eastern Danish transmission grid|Undersøgelse af indkoblingsstrømme under bottom-up black start af det østdanske transmissionsnet"
"";"dtu|dtupub|third_party";"";"2022-01-03T13:13:02.294Z";"Spork, Emil Gram";"";"2306782219";"";"dtu";"2016";"";"";"";"";"thesis";"dtu|dtu_electronic|dtupub_external";"";"";"";"";"";"";"";"";"";"";"";"";"";"Konst. og mekanik|Master of Science in Engineering|Master of Science in Engineering Design and Applied Mechanics|kandidat";"Konst. og mekanik|Master of Science in Engineering|Master of Science in Engineering Design and Applied Mechanics|kandidat";"Konst. og mekanik|Master of Science in Engineering|Master of Science in Engineering Design and Applied Mechanics|kandidat";"und";"5795f1c66bbf232e70000c6e";"";"5795f1c66bbf232e70000c6e";"DTU Department of Civil and Mechanical Engineering";"sorbit";"sorbit";"Toolkit for in-ear hearing aid|Toolkit til in-ear høreapparat"
"";"dtu|dtupub|third_party";"";"2022-01-03T13:12:42.745Z";"Juul, Bjørn";"";"2348547193";"";"dtu";"2016";"";"";"";"";"thesis";"dtu|dtu_electronic|dtupub_external";"";"";"";"";"";"";"";"";"";"";"";"";"";"Konst. og mekanik|Master of Science in Engineering|Master of Science in Engineering Design and Applied Mechanics|kandidat";"Konst. og mekanik|Master of Science in Engineering|Master of Science in Engineering Design and Applied Mechanics|kandidat";"Konst. og mekanik|Master of Science in Engineering|Master of Science in Engineering Design and Applied Mechanics|kandidat";"und";"581883d1997447ae7f000011";"";"581883d1997447ae7f000011";"DTU Department of Civil and Mechanical Engineering";"sorbit";"sorbit";"Cross portfolio development of architectures and platforms for Grundfos A/S|Udvikling af arkitekturer og platforme hos Grundfos A/S"
"";"dtu|dtupub|third_party";"";"2022-01-06T23:53:42.919Z";"Petersen, Nadia";"";"2307020038";"";"dtu";"2016";"";"";"";"";"thesis";"dtu|dtu_electronic|dtupub|dtupub_electronic";"";"";"";"";"";"";"";"";"";"";"";"";"";"Farmateknologi|Master of Science in Engineering|Master of Science in Pharmaceutical Design and Engineering|kandidat";"Farmateknologi|Master of Science in Engineering|Master of Science in Pharmaceutical Design and Engineering|kandidat";"Farmateknologi|Master of Science in Engineering|Master of Science in Pharmaceutical Design and Engineering|kandidat";"und";"57a1cedc12855c654e00012f";"";"57a1cedc12855c654e00012f";"DTU National Veterinary Institute";"sorbit";"sorbit";"T cell recognition of Breast Cancer antigens|T cell genkendelse af brystkræft antigener"
"";"dtu|dtupub|third_party";"";"2022-01-03T13:13:05.951Z";"Vergara, Edgar Luis Camacho";"";"2342057195";"";"dtu";"2016";"";"";"";"";"thesis";"dtu|dtu_electronic|dtupub|dtupub_electronic";"";"";"";"";"";"";"";"";"";"";"";"";"";"Kemisk/biokemisk tek.|Master of Science in Chemical and Biochemical Engineering|Master of Science in Engineering|kandidat";"Kemisk/biokemisk tek.|Master of Science in Chemical and Biochemical Engineering|Master of Science in Engineering|kandidat";"Kemisk/biokemisk tek.|Master of Science in Chemical and Biochemical Engineering|Master of Science in Engineering|kandidat";"und";"57becfdbfebd22f36000021b";"";"57becfdbfebd22f36000021b";"DTU Department of Chemical and Biochemical Engineering";"sorbit";"sorbit";"Modelling Gas Hydrates with Improved Langmuir Adsorption constants|Modellering af gas hydrater pa basis af en ny type Langmuir adsorptions parametre"
"";"dtu|dtupub|third_party";"";"2022-01-03T13:12:51.759Z";"Melas, Lefteris";"";"2345088664";"";"dtu";"2016";"";"";"";"";"thesis";"dtu|dtu_electronic|dtupub|dtupub_electronic";"";"";"";"";"";"";"";"";"";"";"";"";"";"Bæredygtig energi|Master of Science in Engineering|Master of Science in Sustainable Energy|kandidat";"Bæredygtig energi|Master of Science in Engineering|Master of Science in Sustainable Energy|kandidat";"Bæredygtig energi|Master of Science in Engineering|Master of Science in Sustainable Energy|kandidat";"und";"57dfc540080f07e531000003";"";"57dfc540080f07e531000003";"DTU Department of Energy Conversion and Storage";"sorbit";"sorbit";"Theoretical study of porphyrin molecules for ORR/OER reactions|Teoretiske studier af porphyrin-molekyler til ORR-/ OER-reaktioner"
"";"dtu|dtupub|third_party";"";"2022-01-03T13:15:54.084Z";"Poulsen, Niklas Margetli";"";"2292736088";"";"dtu";"2015";"";"";"";"";"thesis";"dtu|dtu_electronic|dtupub_external";"";"";"";"";"";"";"";"";"";"";"";"";"";"Master of Science in Engineering|Master of Science in Engineering Management|Planl. innovation og led.|kandidat";"Master of Science in Engineering|Master of Science in Engineering Management|Planl. innovation og led.|kandidat";"Master of Science in Engineering|Master of Science in Engineering Management|Planl. innovation og led.|kandidat";"und";"56d754b5bf194551020005ea";"";"56d754b5bf194551020005ea";"DTU Department of Technology, Management and Economics";"sorbit";"sorbit";"Analysis and optimization of warehouse processes at Alfa Laval using Lean Six Sigma|Analysering og optimering af lager processer hos Alfa Laval ved brug af Lean Six Sigma"
"";"dtu|dtupub|third_party";"";"2022-01-06T23:53:47.444Z";"Frederiksen, Nicki";"";"2305633450";"";"dtu";"2016";"";"";"";"";"thesis";"dtu|dtu_electronic|dtupub|dtupub_electronic";"";"";"";"";"";"";"";"";"";"";"";"";"";"Anvendt kemi|Master of Science in Advanced and Applied Chemistry|Master of Science in Engineering|kandidat";"Anvendt kemi|Master of Science in Advanced and Applied Chemistry|Master of Science in Engineering|kandidat";"Anvendt kemi|Master of Science in Advanced and Applied Chemistry|Master of Science in Engineering|kandidat";"und";"575ea730e6f951534a00ed43";"";"575ea730e6f951534a00ed43";"DTU National Veterinary Institute";"sorbit";"sorbit";"Synthesis of glycoconjugates using a three component reaction|Syntese af glycokonjugater ved trekomponent reaktion"
"";"dtu|dtupub|third_party";"";"2022-01-03T13:08:13.867Z";"Carstensen, Vega Theil";"";"2307019716";"";"dtu";"2016";"";"";"";"";"thesis";"dtu|dtu_electronic|dtupub_external";"";"";"";"";"";"";"";"";"";"";"";"";"";"Geofysik og rumtek.|Master of Science in Earth and Space Physics and Engineering|Master of Science in Engineering|kandidat";"Geofysik og rumtek.|Master of Science in Earth and Space Physics and Engineering|Master of Science in Engineering|kandidat";"Geofysik og rumtek.|Master of Science in Earth and Space Physics and Engineering|Master of Science in Engineering|kandidat";"und";"57a1ceca12855c654e000084";"";"57a1ceca12855c654e000084";"DTU Department of Space Research and Space Technology";"sorbit";"sorbit";"Post-stack inversion of shallow seismic data|Post-stack inversion af shallow-seismiske data"
"Road transportation accounts for a lot of CO<sub>2</sub> emissions and they are still increasing. Intelligent transport systems can effectively reduce emissions from vehicles, and the European Commission launched a directive in 2010 to speed up the deployment of these systems. User acceptance and demand are important factors for the deployment process and can be measured in different ways. The purpose of this Master's thesis was to study users' awareness, experience, attitude, demand and willingness to pay for advanced driver support systems. The data was collected through a questionnaire administered in five European countries and analysed depending on gender and age. Systems included in the study were: speed alert, emergency braking, eco-driving assistance, real-time traffic information, start-stop assistance and a tyre pressure monitoring system. Awareness of the selected systems varied a little, but in general around 60% of the respondents had read about, heard of or tried the systems. The actual usage was low, 5-19% depending on the system. Respondents who had tried the systems were asked how often they used it, revealing that most systems were not used regularly. The respondents also had to evaluate the perceived usefulness of the systems on different road types (urban environments, highways and rural roads) and the perceived importance of the systems' benefits. All the systems were seen as useful on at least one road type. Depending on the system, different benefits were included, but at least one benefit for every system was viewed to be important. Around 50% of the respondents wanted to have the systems in their next car and around 60% would be willing to pay something for the systems, usually less than 200. Another purpose of this study was to determine the users' acceptance, early adoption and unawareness of the systems. The analyses were done using logistic regression. Variables included in the acceptance, early adoption and unawareness analyses were determined based on the literature review of previous user acceptance studies. For the acceptance analysis statistically significant variables increasing the respondents' acceptance were: buying their next car as new, frequent usage, high perceived usefulness, and benefits of the systems. For early adoption these were household income, vehicle mileage and the price of their next car. For unawareness they were gender, vehicle mileage and price of their next car.";"dtu|dtupub";"BA2605 Transport and mobility";"2022-03-28T07:12:36.932Z";"Malin, Fanny";"";"2708546274";"";"dtu";"2015";"";"";"";"";"thesis";"dtu|dtu_electronic|dtupub|dtupub_electronic";"";"";"";"";"";"";"";"";"";"";"";"";"";"SDG 11 - Sustainable Cities and Communities|SDG 13 - Climate Action|driver support systems|early adopter|intelligent transport systems|user acceptance";"SDG 11 - Sustainable Cities and Communities|SDG 13 - Climate Action|driver support systems|early adopter|intelligent transport systems|user acceptance";"SDG 11 - Sustainable Cities and Communities|SDG 13 - Climate Action|driver support systems|early adopter|intelligent transport systems|user acceptance";"eng";"6231fa05f3ea8ab6f3d3c7bf";"";"6231fa05f3ea8ab6f3d3c7bf";"Aalto University";"vtt";"vtt";"Users' awareness and demand for advanced driver support systems"
"Increasing level of automation is a clear global trend in traffic, and as a part of thistransformation, also maritime transport is foreseen to face substantial changes.Together with the advances in autonomous technologies, the set of economic, social andenvironmental challenges in the maritime setting is expected eventually to lead to thedevelopment of increasingly autonomous ships.The emergence of these novel technologies brings along a new set of risks and potentialhazards, as well as needs for changes in controlling the risks to safe operation. To ensureeffective control of these risks, and to acquire permissions to test and finally to routinelyoperate autonomous vessels at sea, a robust safety qualification process is required. Thesafety qualification process defines what evidence about the system’s safety needs to beproduced, how this evidence should be collected, and establishes a comprehensible linkbetween the evidence and the system’s safety requirements.In this thesis, the concept of safety qualification is explored in the maritime setting,starting with a literature research on methods of managing risk and qualifying safety inthe maritime domain. Based on the literature research, a safety qualification process isproposed for a vessel used to demonstrate autonomous operation at sea. The proposedprocess uses a goal-based methodology, where the functionality of the system for safeperformance is represented as a set of goals to be fulfilled and strategies for achievingthese goals. The method establishes a link between the safety arguments and the safetyevidence to be produced. Goal Structuring Notation (GSN) argument modeling languageis used for visualizing the results as a structured safety case.Finally, the developed process is applied in a case study, in which an autonomousoperation concept for a prototype vessel is assessed using the early stages of thequalification process. As a result, a goal-based model of safe operation of the vessel isproduced. The goal-based model is suitable to be used as a basis for collecting the safetyevidence about the system, as well as for presenting it in a structured manner as thetechnology development advances.";"dtu|dtupub";"BA2401 Machine health";"2022-03-28T07:11:24.331Z";"Heikkilä, Eetu";"";"2708546226";"";"dtu";"2016";"";"";"";"";"thesis";"dtu|dtu_electronic|dtupub|dtupub_electronic";"";"";"";"";"";"";"";"";"";"";"";"";"";"SDG 14 - Life Below Water|autonomous marine traffic|autonomous navigation|autonomous systems|technology qualification|traffic automation|unmanned ship";"SDG 14 - Life Below Water|autonomous marine traffic|autonomous navigation|autonomous systems|technology qualification|traffic automation|unmanned ship";"SDG 14 - Life Below Water|autonomous marine traffic|autonomous navigation|autonomous systems|technology qualification|traffic automation|unmanned ship";"eng";"6231fa05837d6db6f30e667f";"";"6231fa05837d6db6f30e667f";"Aalto University";"vtt";"vtt";"Safety qualification process for autonomous ship concept demonstration"
"";"dtu|dtupub|third_party";"";"2022-01-06T23:53:40.257Z";"Troelsen, Kathrin Rentzius";"";"2321126971";"";"dtu";"2016";"";"";"";"";"thesis";"dtu|dtu_electronic|dtupub|dtupub_electronic";"";"";"";"";"";"";"";"";"";"";"";"";"";"Anvendt kemi|Master of Science in Advanced and Applied Chemistry|Master of Science in Engineering|kandidat";"Anvendt kemi|Master of Science in Advanced and Applied Chemistry|Master of Science in Engineering|kandidat";"Anvendt kemi|Master of Science in Advanced and Applied Chemistry|Master of Science in Engineering|kandidat";"und";"57b1a0bc9baf2b177e000229";"";"57b1a0bc9baf2b177e000229";"DTU Department of Chemistry";"sorbit";"sorbit";"Synthesis of the coagulation factor VIII a3 acidic peptide|Syntese af koaguleringsfaktor VIII, det sure a3 peptid"
"";"dtu|dtupub|third_party";"";"2022-01-03T13:07:31.852Z";"Junker, Rune Grønborg";"";"2306791708";"";"dtu";"2016";"";"";"";"";"thesis";"dtu|dtu_electronic|dtupub|dtupub_electronic";"";"";"";"";"";"";"";"";"";"";"";"";"";"Master of Science in Engineering|Master of Science in Mathematical Modelling and Computation|Mat. modellering|kandidat";"Master of Science in Engineering|Master of Science in Mathematical Modelling and Computation|Mat. modellering|kandidat";"Master of Science in Engineering|Master of Science in Mathematical Modelling and Computation|Mat. modellering|kandidat";"und";"579743b86bbf232e70000f9e";"";"579743b86bbf232e70000f9e";"DTU Department of Applied Mathematics and Computer Science";"sorbit";"sorbit";"Computing the survival function for an important sub-class of multivariate matrix-exponential distributions|Beregning af overlevelsesfunktionen for en vigtig klasse af multivariate matriks-eksponentielle fordelinger"
"";"dtu|dtupub|third_party";"";"2022-01-06T23:53:58.613Z";"Tambutti, Maria Laura Baiguera";"";"2305633553";"";"dtu";"2016";"";"";"";"";"thesis";"dtu|dtu_electronic|dtupub|dtupub_electronic";"";"";"";"";"";"";"";"";"";"";"";"";"";"Elektrotek.|Master of Science in Electrical Engineering|Master of Science in Engineering|kandidat";"Elektrotek.|Master of Science in Electrical Engineering|Master of Science in Engineering|kandidat";"Elektrotek.|Master of Science in Electrical Engineering|Master of Science in Engineering|kandidat";"und";"575ea7e2e6f951534a00f54b";"";"575ea7e2e6f951534a00f54b";"DTU Department of Electrical Engineering";"sorbit";"sorbit";"A robotic measurement system for the Large Hadron Collider at CERN|Robotmalesystem til Large Hadron Collider pa CERN"
"";"dtu|dtupub|third_party";"";"2022-01-03T13:08:16.304Z";"Pedersen, Emil Renlef|Lyng, Mads Bruzelius";"";"2306781449";"";"dtu";"2016";"";"";"";"";"thesis";"dtu|dtu_electronic|dtupub|dtupub_electronic";"";"";"";"";"";"";"";"";"";"";"";"";"";"Byggetek.|Master of Science in Civil Engineering|Master of Science in Engineering|kandidat";"Byggetek.|Master of Science in Civil Engineering|Master of Science in Engineering|kandidat";"Byggetek.|Master of Science in Civil Engineering|Master of Science in Engineering|kandidat";"und";"5795f1846bbf232e70000a8c";"";"5795f1846bbf232e70000a8c";"DTU Department of Civil Engineering";"sorbit";"sorbit";"Dynamic nonlinear modeling of masts|Dynamisk ulineær modellering af master"
"";"dtu|dtupub|third_party";"";"2022-01-03T13:16:25.200Z";"Abdollahi, Arash";"";"2305633475";"";"dtu";"2016";"";"";"";"";"thesis";"dtu|dtu_electronic|dtupub|dtupub_electronic";"";"";"";"";"";"";"";"";"";"";"";"";"";"Elektrotek.|Master of Science in Electrical Engineering|Master of Science in Engineering|kandidat";"Elektrotek.|Master of Science in Electrical Engineering|Master of Science in Engineering|kandidat";"Elektrotek.|Master of Science in Electrical Engineering|Master of Science in Engineering|kandidat";"und";"575ea77ee6f951534a00f0ba";"";"575ea77ee6f951534a00f0ba";"DTU Department of Electrical Engineering";"sorbit";"sorbit";"Temperature Effect on Switching Performance of SiC Devices|Temperatur effekt pa skift ydeevne SiC-enheder"
"";"dtu|dtupub|third_party";"";"2022-01-11T08:43:39.837Z";"Lønbæk, Kenneth";"";"2306791754";"";"dtu";"2016";"";"";"";"";"thesis";"dtu|dtu_electronic|dtupub|dtupub_electronic";"";"";"";"";"";"";"";"";"";"";"";"";"";"Master of Science in Engineering|Master of Science in Wind Energy|Vindenergi|kandidat";"Master of Science in Engineering|Master of Science in Wind Energy|Vindenergi|kandidat";"Master of Science in Engineering|Master of Science in Wind Energy|Vindenergi|kandidat";"und";"579743e26bbf232e700010eb";"";"579743e26bbf232e700010eb";"DTU Department of Wind and Energy Systems";"sorbit";"sorbit";"Double-wake model for airfoils|Dobbelt-wake model for vingeprofiler"
"";"dtu|dtupub|third_party";"";"2022-01-03T13:07:32.012Z";"Granini, Nicola|Sbernini, Federico";"";"2306791741";"";"dtu";"2016";"";"";"";"";"thesis";"dtu|dtu_electronic|dtupub_external";"";"";"";"";"";"";"";"";"";"";"";"";"";"Master of Science in Engineering|Master of Science in Engineering Management|Planl. innovation og led.|kandidat";"Master of Science in Engineering|Master of Science in Engineering Management|Planl. innovation og led.|kandidat";"Master of Science in Engineering|Master of Science in Engineering Management|Planl. innovation og led.|kandidat";"und";"579743d96bbf232e70001091";"";"579743d96bbf232e70001091";"DTU Department of Technology, Management and Economics";"sorbit";"sorbit";"Global business strategies: Trends and recent developments|Globale forretningsstrategier: Trends og den seneste udvikling"
"";"dtu|dtupub|third_party";"";"2022-01-03T13:07:15.188Z";"Sørensen, Nadine Bjørkov";"";"2343177679";"";"dtu";"2016";"";"";"";"";"thesis";"dtu|dtu_electronic|dtupub|dtupub_electronic";"";"";"";"";"";"";"";"";"";"";"";"";"";"Geofysik og rumtek.|Master of Science in Earth and Space Physics and Engineering|Master of Science in Engineering|kandidat";"Geofysik og rumtek.|Master of Science in Earth and Space Physics and Engineering|Master of Science in Engineering|kandidat";"Geofysik og rumtek.|Master of Science in Earth and Space Physics and Engineering|Master of Science in Engineering|kandidat";"und";"57d68ac02993be9573000065";"";"57d68ac02993be9573000065";"DTU Department of Space Research and Space Technology";"sorbit";"sorbit";"Past Warm Climates|Fortidens varme klima"
"";"dtu|dtupub|third_party";"";"2022-01-06T23:53:49.314Z";"Larsen, Leonora Charlotte Malabi";"";"2306791585";"";"dtu";"2016";"";"";"";"";"thesis";"dtu|dtu_electronic|dtupub|dtupub_electronic";"";"";"";"";"";"";"";"";"";"";"";"";"";"Bygningsdesign|Master of Science in Engineering|Master og Science in Architectural Engineering|kandidat";"Bygningsdesign|Master of Science in Engineering|Master og Science in Architectural Engineering|kandidat";"Bygningsdesign|Master of Science in Engineering|Master og Science in Architectural Engineering|kandidat";"und";"579743936bbf232e70000e9b";"";"579743936bbf232e70000e9b";"DTU Department of Technology, Management and Economics";"sorbit";"sorbit";"Designing buildings for disassembly – environmental performance|Design af bygninger med henblik pa adskillelse - miljømæssig præstation"
"";"dtu|dtupub|third_party";"";"2022-01-03T13:07:15.947Z";"Kalhauge, Kristoffer Gram";"";"2342057142";"";"dtu";"2016";"";"";"";"";"thesis";"dtu|dtu_electronic|dtupub|dtupub_electronic";"";"";"";"";"";"";"";"";"";"";"";"";"";"Fysik og nanotek.|Master of Science in Engineering|Master of Science in Physics and Nanotechnology|kandidat";"Fysik og nanotek.|Master of Science in Engineering|Master of Science in Physics and Nanotechnology|kandidat";"Fysik og nanotek.|Master of Science in Engineering|Master of Science in Physics and Nanotechnology|kandidat";"und";"57becfccfebd22f3600001df";"";"57becfccfebd22f3600001df";"DTU Department of Micro- and Nanotechnology";"sorbit";"sorbit";"Fast diagnosis of Candidemia using Dielectrophoretic Field Flow Fractionation|Hurtig diagnose af Candidemia ved hjælp af Dielektroforetisk Field Flow Fractionation"
"";"dtu|dtupub|third_party";"";"2022-01-03T13:10:57.056Z";"Joensen, Alex";"";"2292737249";"";"dtu";"2015";"";"";"";"";"thesis";"dtu|dtu_electronic|dtupub|dtupub_electronic";"";"";"";"";"";"";"";"";"";"";"";"";"";"Konst. og mekanik|Master of Science in Engineering|Master of Science in Engineering Design and Applied Mechanics|kandidat";"Konst. og mekanik|Master of Science in Engineering|Master of Science in Engineering Design and Applied Mechanics|kandidat";"Konst. og mekanik|Master of Science in Engineering|Master of Science in Engineering Design and Applied Mechanics|kandidat";"und";"56d754babf19455102000936";"";"56d754babf19455102000936";"DTU Department of Civil and Mechanical Engineering";"sorbit";"sorbit";"Physics-based modeling of electric guitar sound and vibration|Fysik-baseret modellering af el-guitar lyde og svingninger"
"";"dtu|dtupub|third_party";"";"2022-01-03T13:15:18.166Z";"Haubroe, Nikolaj Werner Krarup";"";"2292737347";"";"dtu";"2015";"";"";"";"";"thesis";"dtu|dtu_electronic|dtupub|dtupub_electronic";"";"";"";"";"";"";"";"";"";"";"";"";"";"Master of Science in Engineering|Master of Science in Engineering Management|Planl. innovation og led.|kandidat";"Master of Science in Engineering|Master of Science in Engineering Management|Planl. innovation og led.|kandidat";"Master of Science in Engineering|Master of Science in Engineering Management|Planl. innovation og led.|kandidat";"und";"56d754babf19455102000987";"";"56d754babf19455102000987";"DTU Department of Technology, Management and Economics";"sorbit";"sorbit";"Adapting design specifications for emerging markets|Adapting design specifications for emerging markets"
"";"dtu|dtupub|third_party";"";"2022-01-03T13:15:49.270Z";"Lorenzen, Dennis Lund";"";"2292734950";"";"dtu";"2015";"";"";"";"";"thesis";"dtu|dtu_electronic|dtupub|dtupub_electronic";"";"";"";"";"";"";"";"";"";"";"";"";"";"Fysik og nanotek.|Master of Science in Engineering|Master of Science in Physics and Nanotechnology|kandidat";"Fysik og nanotek.|Master of Science in Engineering|Master of Science in Physics and Nanotechnology|kandidat";"Fysik og nanotek.|Master of Science in Engineering|Master of Science in Physics and Nanotechnology|kandidat";"und";"56d754aebf19455102000299";"";"56d754aebf19455102000299";"DTU Department of Physics";"sorbit";"sorbit";"Development of dark-field electron holography-tomography: Towards 3D strain mapping|Udvikling af dark-field holografi-tomografi: 3D strain kortlægning"
"";"dtu|dtupub|third_party";"";"2022-01-03T13:15:27.730Z";"Ay, Onur";"";"2292737258";"";"dtu";"2015";"";"";"";"";"thesis";"dtu|dtu_electronic|dtupub_external";"";"";"";"";"";"";"";"";"";"";"";"";"";"Master of Science in Engineering|Master of Science in Engineering Management|Planl. innovation og led.|kandidat";"Master of Science in Engineering|Master of Science in Engineering Management|Planl. innovation og led.|kandidat";"Master of Science in Engineering|Master of Science in Engineering Management|Planl. innovation og led.|kandidat";"und";"56d754babf19455102000941";"";"56d754babf19455102000941";"DTU Department of Technology, Management and Economics";"sorbit";"sorbit";"Modularity in Service Innovation - Development of SaaS Products|Modularitet i Service Innovation - Udvikling af SaaS Produkter"
"";"dtu|dtupub|third_party";"";"2022-01-03T13:11:15.339Z";"Hørsholt, Steen";"";"2292735643";"";"dtu";"2015";"";"";"";"";"thesis";"dtu|dtu_electronic|dtupub|dtupub_electronic";"";"";"";"";"";"";"";"";"";"";"";"";"";"Master of Science in Engineering|Master of Science in Petroleum Engineering|Olie- og gastek.|kandidat";"Master of Science in Engineering|Master of Science in Petroleum Engineering|Olie- og gastek.|kandidat";"Master of Science in Engineering|Master of Science in Petroleum Engineering|Olie- og gastek.|kandidat";"und";"56d754b2bf1945510200048e";"";"56d754b2bf1945510200048e";"DTU Department of Applied Mathematics and Computer Science";"sorbit";"sorbit";"Simulation of Oil Reservoirs|Simulering af oliereservoirs"
"";"dtu|dtupub|third_party";"";"2022-01-03T13:11:37.438Z";"Ingerslev, Kasper";"";"2292735799";"";"dtu";"2015";"";"";"";"";"thesis";"dtu|dtu_electronic|dtupub_external";"";"";"";"";"";"";"";"";"";"";"";"";"";"Fotonik|Master of Science in Engineering|Master of Science in Photonics Engineering|kandidat";"Fotonik|Master of Science in Engineering|Master of Science in Photonics Engineering|kandidat";"Fotonik|Master of Science in Engineering|Master of Science in Photonics Engineering|kandidat";"und";"56d754b3bf19455102000511";"";"56d754b3bf19455102000511";"DTU Department of Electrical and Photonics Engineering";"sorbit";"sorbit";"Soliton frequency shift in a higher order mode in an optical fiber|Frekvensskift af soliton I en højere ordens mode i en optisk fiber"
"";"dtu|dtupub|third_party";"";"2022-01-03T13:16:17.361Z";"Secilmis, Pinar";"";"2292734086";"";"dtu";"2016";"";"";"";"";"thesis";"dtu|dtu_electronic|dtupub_external";"";"";"";"";"";"";"";"";"";"";"";"";"";"Byggetek.|Master of Science in Civil Engineering|Master of Science in Engineering|kandidat";"Byggetek.|Master of Science in Civil Engineering|Master of Science in Engineering|kandidat";"Byggetek.|Master of Science in Civil Engineering|Master of Science in Engineering|kandidat";"und";"56d754a9bf19455102000067";"";"56d754a9bf19455102000067";"DTU Department of Civil Engineering";"sorbit";"sorbit";"Design of freeze-thaw durable lightweight concrete for Pearl-Chain Bridges|Design af frostholdbar letbeton til Perlekædebroer"
"";"dtu|dtupub|third_party";"";"2022-01-03T13:15:53.745Z";"Jónsdóttir, Árný Rut";"";"2292736129";"";"dtu";"2015";"";"";"";"";"thesis";"dtu|dtu_electronic|dtupub_external";"";"";"";"";"";"";"";"";"";"";"";"";"";"Design og inn.|Master of Science in Design and Innovation|Master of Science in Engineering|kandidat";"Design og inn.|Master of Science in Design and Innovation|Master of Science in Engineering|kandidat";"Design og inn.|Master of Science in Design and Innovation|Master of Science in Engineering|kandidat";"und";"56d754b5bf1945510200060e";"";"56d754b5bf1945510200060e";"DTU Department of Civil and Mechanical Engineering";"sorbit";"sorbit";"Quantitative evaluation of future product concepts|Kvantitativ vurdering af fremtidige produktkoncepter"
"";"dtu|dtupub|third_party";"";"2022-01-03T13:15:52.036Z";"Christensen, Morten|Dinh, Thi My Nuong";"";"2292735465";"";"dtu";"2015";"";"";"";"";"thesis";"dtu|dtu_electronic|dtupub|dtupub_electronic";"";"";"";"";"";"";"";"";"";"";"";"";"";"Master of Science in Engineering|Master of Science in Transportation and Logistics|Transp. og logistik|kandidat";"Master of Science in Engineering|Master of Science in Transportation and Logistics|Transp. og logistik|kandidat";"Master of Science in Engineering|Master of Science in Transportation and Logistics|Transp. og logistik|kandidat";"und";"56d754b1bf194551020003e8";"";"56d754b1bf194551020003e8";"DTU Department of Transport";"sorbit";"sorbit";"Feasibility Study and Design of a Railway Line in the Triangle Area in Jutland|Evaluering og projektering af en jernbanestrækning i Trekantomradet i Jylland"
"";"dtu|dtupub|third_party";"";"2022-01-03T13:11:44.922Z";"Murray, Alexandra Marie";"";"2292735828";"";"dtu";"2015";"";"";"";"";"thesis";"dtu|dtu_electronic|dtupub_external";"";"";"";"";"";"";"";"";"";"";"";"";"";"Master of Science in Engineering|Master of Science in Environmental Engineering|Miljøteknologi|kandidat";"Master of Science in Engineering|Master of Science in Environmental Engineering|Miljøteknologi|kandidat";"Master of Science in Engineering|Master of Science in Environmental Engineering|Miljøteknologi|kandidat";"und";"56d754b3bf19455102000528";"";"56d754b3bf19455102000528";"DTU Department of Environmental and Resource Engineering";"sorbit";"sorbit";"Novel photobioreactor with 3D light delivery for microalgae cultivation|Banebrydende fotobioreactor med 3D-lys til kultivering af mikroalger"
"";"dtu|dtupub|third_party";"";"2022-01-03T13:11:54.098Z";"Sarup-Lytzen, Kira";"";"2292735130";"";"dtu";"2015";"";"";"";"";"thesis";"dtu|dtu_electronic|dtupub_external";"";"";"";"";"";"";"";"";"";"";"";"";"";"Bioteknologi|Master of Science in Biotechnology|Master of Science in Engineering|kandidat";"Bioteknologi|Master of Science in Biotechnology|Master of Science in Engineering|kandidat";"Bioteknologi|Master of Science in Biotechnology|Master of Science in Engineering|kandidat";"und";"56d754afbf1945510200030c";"";"56d754afbf1945510200030c";"DTU Department of Biotechnology and Biomedicine";"sorbit";"sorbit";"Elevated fermentation titers through synthetic error correction|Forhøjet fermenteringsudbytte via syntetisk fejlretning"
"";"dtu|dtupub|third_party";"";"2022-01-03T13:15:49.250Z";"Bjærre, Simon";"";"2292735706";"";"dtu";"2015";"";"";"";"";"thesis";"dtu|dtu_electronic|dtupub|dtupub_electronic";"";"";"";"";"";"";"";"";"";"";"";"";"";"Byggetek.|Master of Science in Civil Engineering|Master of Science in Engineering|kandidat";"Byggetek.|Master of Science in Civil Engineering|Master of Science in Engineering|kandidat";"Byggetek.|Master of Science in Civil Engineering|Master of Science in Engineering|kandidat";"und";"56d754b3bf194551020004c9";"";"56d754b3bf194551020004c9";"DTU Department of Civil Engineering";"sorbit";"sorbit";"Improvements to Present Design Philosophy of Orthotropic Steel Decks with Focus on Fatigue|Forbedring af nuværende designfilosofi af orthotrope staldæk med fokus pa udmattelse"
"";"dtu|dtupub|third_party";"";"2022-01-03T13:08:02.643Z";"Toffanin, Damiano";"";"2341518495";"";"dtu";"2016";"";"";"";"";"thesis";"dtu|dtu_electronic|dtupub|dtupub_electronic";"";"";"";"";"";"";"";"";"";"";"";"";"";"Bæredygtig energi|Master of Science in Engineering|Master of Science in Sustainable Energy|kandidat";"Bæredygtig energi|Master of Science in Engineering|Master of Science in Sustainable Energy|kandidat";"Bæredygtig energi|Master of Science in Engineering|Master of Science in Sustainable Energy|kandidat";"und";"57b6e6c03e47d6ad77000011";"";"57b6e6c03e47d6ad77000011";"DTU Department of Electrical Engineering";"sorbit";"sorbit";"Generation of customer load profiles based on smart metering time series, building-level data and aggregated measurements|Generation of customer load profiles based on smart metering time series, building-level data and aggregated measurements"
"";"dtu|dtupub|third_party";"";"2022-01-03T13:07:31.971Z";"Rasmussen, Martin Bøje";"";"2306791718";"";"dtu";"2016";"";"";"";"";"thesis";"dtu|dtu_electronic|dtupub|dtupub_electronic";"";"";"";"";"";"";"";"";"";"";"";"";"";"Informationstek.|Master of Science in Computer Science and Engineering|Master of Science in Engineering|kandidat";"Informationstek.|Master of Science in Computer Science and Engineering|Master of Science in Engineering|kandidat";"Informationstek.|Master of Science in Computer Science and Engineering|Master of Science in Engineering|kandidat";"und";"579743c76bbf232e70000fff";"";"579743c76bbf232e70000fff";"DTU Department of Applied Mathematics and Computer Science";"sorbit";"sorbit";"Graph querying with a multi-valued logic|Graf querying med en fler-værdi-logik"
"";"dtu|dtupub|third_party";"";"2022-01-03T13:07:51.157Z";"Jónsdóttir, Sigriður Steinunn";"";"2306312298";"";"dtu";"2016";"";"";"";"";"thesis";"dtu|dtu_electronic|dtupub_external";"";"";"";"";"";"";"";"";"";"";"";"";"";"Master of Science in Engineering|Master of Science in Engineering Management|Planl. innovation og led.|kandidat";"Master of Science in Engineering|Master of Science in Engineering Management|Planl. innovation og led.|kandidat";"Master of Science in Engineering|Master of Science in Engineering Management|Planl. innovation og led.|kandidat";"und";"577a423b37562d157a0000e5";"";"577a423b37562d157a0000e5";"DTU Department of Technology, Management and Economics";"sorbit";"sorbit";"Dream Production Facilities at Trelleborg Sealing Solutions Helsingør|Nye produktionsfaciliteter hos Trelleborg Sealing Solutions Helsingør"
"";"dtu|dtupub|third_party";"";"2022-01-03T13:16:17.378Z";"Evon, Komlan Tom";"";"2292734491";"";"dtu";"2016";"";"";"";"";"thesis";"dtu|dtu_electronic|dtupub_external";"";"";"";"";"";"";"";"";"";"";"";"";"";"Informationstek.|Master of Science in Computer Science and Engineering|Master of Science in Engineering|kandidat";"Informationstek.|Master of Science in Computer Science and Engineering|Master of Science in Engineering|kandidat";"Informationstek.|Master of Science in Computer Science and Engineering|Master of Science in Engineering|kandidat";"und";"56d754abbf19455102000163";"";"56d754abbf19455102000163";"DTU Department of Applied Mathematics and Computer Science";"sorbit";"sorbit";"Implementation of a Software Framework for Multiple Industrial Protocols|Implementering af et Framework til Flere Industrielle Protokoller"
"";"dtu|dtupub|third_party";"";"2022-01-03T13:12:05.351Z";"Kowalski, Piotr";"";"2292736181";"";"dtu";"2015";"";"";"";"";"thesis";"dtu|dtu_electronic|dtupub|dtupub_electronic";"";"";"";"";"";"";"";"";"";"";"";"";"";"gæst udl.";"gæst udl.";"gæst udl.";"und";"56d754b5bf19455102000631";"";"56d754b5bf19455102000631";"DTU Department of Civil Engineering";"sorbit";"sorbit";"Energy Renovation of Multi-storey Apartment Buildings according to Danish and Polish Building Regulations|Energirenovering af etagebyggerier ifølge de danske og polske bygningsreglementer"
"";"dtu|dtupub|third_party";"";"2022-01-03T13:15:50.515Z";"Poulsen, Michael Schøn";"";"2292735626";"";"dtu";"2015";"";"";"";"";"thesis";"dtu|dtu_electronic|dtupub|dtupub_electronic";"";"";"";"";"";"";"";"";"";"";"";"";"";"Konst. og mekanik|Master of Science in Engineering|Master of Science in Engineering Design and Applied Mechanics|kandidat";"Konst. og mekanik|Master of Science in Engineering|Master of Science in Engineering Design and Applied Mechanics|kandidat";"Konst. og mekanik|Master of Science in Engineering|Master of Science in Engineering Design and Applied Mechanics|kandidat";"und";"56d754b2bf19455102000481";"";"56d754b2bf19455102000481";"DTU Department of Civil and Mechanical Engineering";"sorbit";"sorbit";"Investigation of a universal method to characterize ignition properties of a wide range of IC engine fuels|Undersøgelse af en universel metode til karakterisering af tændegenskaber for et bredt spektrum af brændstoffer til forbrændingsmotorer"
"";"dtu|dtupub|third_party";"";"2022-01-03T13:15:16.038Z";"Gegelashvili, Alexandre";"";"2292737362";"";"dtu";"2015";"";"";"";"";"thesis";"dtu|dtu_electronic|dtupub_external";"";"";"";"";"";"";"";"";"";"";"";"";"";"Design og inn.|Master of Science in Design and Innovation|Master of Science in Engineering|kandidat";"Design og inn.|Master of Science in Design and Innovation|Master of Science in Engineering|kandidat";"Design og inn.|Master of Science in Design and Innovation|Master of Science in Engineering|kandidat";"und";"56d754babf19455102000991";"";"56d754babf19455102000991";"DTU Department of Civil and Mechanical Engineering";"sorbit";"sorbit";"Optimization of catheter release mechanism using a Robust Design approach|Optimering af mekanisme til frigørelse af kateter ved brug af en Robust Design tilgang"
"";"dtu|dtupub|third_party";"";"2022-01-03T13:16:04.165Z";"Bosi, Umberto";"";"2292735035";"";"dtu";"2015";"";"";"";"";"thesis";"dtu|dtu_electronic|dtupub_external";"";"";"";"";"";"";"";"";"";"";"";"";"";"Master of Science in Engineering|Master of Science in Mathematical Modelling and Computation|Mat. modellering|kandidat";"Master of Science in Engineering|Master of Science in Mathematical Modelling and Computation|Mat. modellering|kandidat";"Master of Science in Engineering|Master of Science in Mathematical Modelling and Computation|Mat. modellering|kandidat";"und";"56d754aebf194551020002d1";"";"56d754aebf194551020002d1";"DTU Department of Applied Mathematics and Computer Science";"sorbit";"sorbit";"Finite Element Modelling of Wave-Floating Body Interactions|Finite element modelling af bølge-flydende struktur interaktioner"
"";"dtu|dtupub|third_party";"";"2022-01-03T13:12:56.992Z";"Larsen, Niklas Gyll Winther";"";"2306320546";"";"dtu";"2016";"";"";"";"";"thesis";"dtu|dtu_electronic|dtupub|dtupub_electronic";"";"";"";"";"";"";"";"";"";"";"";"";"";"Master of Science in Engineering|Master of Science in Telecommunication|Telekom.|kandidat";"Master of Science in Engineering|Master of Science in Telecommunication|Telekom.|kandidat";"Master of Science in Engineering|Master of Science in Telecommunication|Telekom.|kandidat";"und";"577b935137562d157a0001fd";"";"577b935137562d157a0001fd";"DTU Department of Electrical and Photonics Engineering";"sorbit";"sorbit";"Radio over Ethernet Encapsulation and Mappings|Radio over Ethernet Encapsulation and Mappings"
"";"dtu|dtupub|third_party";"";"2022-01-03T13:06:26.942Z";"Havreland, Andreas Spandet";"";"2306907044";"";"dtu";"2016";"";"";"";"";"thesis";"dtu|dtu_electronic|dtupub_external";"";"";"";"";"";"";"";"";"";"";"";"";"";"Fysik og nanotek.|Master of Science in Engineering|Master of Science in Physics and Nanotechnology|kandidat";"Fysik og nanotek.|Master of Science in Engineering|Master of Science in Physics and Nanotechnology|kandidat";"Fysik og nanotek.|Master of Science in Engineering|Master of Science in Physics and Nanotechnology|kandidat";"und";"579c88cd6bbf232e70001318";"";"579c88cd6bbf232e70001318";"DTU Department of Micro- and Nanotechnology";"sorbit";"sorbit";"Integrated Optical MEMS Pressure Sensor|Integreret optisk MEMS tryksensor"
"";"dtu|dtupub|third_party";"";"2022-01-03T13:15:44.664Z";"Salimi, Anila Naveed";"";"2292736515";"";"dtu";"2015";"";"";"";"";"thesis";"dtu|dtu_electronic|dtupub_external";"";"";"";"";"";"";"";"";"";"";"";"";"";"Bioteknologi|Master of Science in Biotechnology|Master of Science in Engineering|kandidat";"Bioteknologi|Master of Science in Biotechnology|Master of Science in Engineering|kandidat";"Bioteknologi|Master of Science in Biotechnology|Master of Science in Engineering|kandidat";"und";"56d754b7bf194551020006f0";"";"56d754b7bf194551020006f0";"DTU Department of Biotechnology and Biomedicine";"sorbit";"sorbit";"Testing of a novel tuberculosis vaccine that does not compromise coming TB diagnostic tools|Afprøvning af en ny tuberkulose vaccine der ikke har nogen negativ indvirkning pa kommende diagnostiske tests"
"";"dtu|dtupub|third_party";"";"2022-01-03T13:12:04.880Z";"Jacobsen, Helge Munk";"";"2292737059";"";"dtu";"2015";"";"";"";"";"thesis";"dtu|dtu_electronic|dtupub_external";"";"";"";"";"";"";"";"";"";"";"";"";"";"Digitale medietek.|Master of Science in Digital Media Engineering|Master of Science in Engineering|kandidat";"Digitale medietek.|Master of Science in Digital Media Engineering|Master of Science in Engineering|kandidat";"Digitale medietek.|Master of Science in Digital Media Engineering|Master of Science in Engineering|kandidat";"und";"56d754b9bf1945510200087a";"";"56d754b9bf1945510200087a";"DTU Department of Applied Mathematics and Computer Science";"sorbit";"sorbit";"Structuring Contact Information using Graph Databases|Strukturering af kontakt information i graf databaser"
"";"dtu|dtupub|third_party";"";"2022-01-03T13:16:13.364Z";"Feregrino, Xiomara Herrera";"";"2292735089";"";"dtu";"2015";"";"";"";"";"thesis";"dtu|dtu_electronic|dtupub_external";"";"";"";"";"";"";"";"";"";"";"";"";"";"Master of Science in Engineering|Master of Science in Wind Energy|Vindenergi|kandidat";"Master of Science in Engineering|Master of Science in Wind Energy|Vindenergi|kandidat";"Master of Science in Engineering|Master of Science in Wind Energy|Vindenergi|kandidat";"und";"56d754afbf194551020002f5";"";"56d754afbf194551020002f5";"DTU Department of Wind and Energy Systems";"sorbit";"sorbit";"Study on aerodynamic imbalances in rotor blades|Studie af aerodynamisk ubalance i vindmøllevinger"
"";"dtu|dtupub|third_party";"";"2022-01-03T13:12:41.527Z";"Detrekoy, Yorrick Silvan";"";"2306312560";"";"dtu";"2016";"";"";"";"";"thesis";"dtu|dtu_electronic|dtupub|dtupub_electronic";"";"";"";"";"";"";"";"";"";"";"";"";"";"Design og inn.|Master of Science in Design and Innovation|Master of Science in Engineering|kandidat";"Design og inn.|Master of Science in Design and Innovation|Master of Science in Engineering|kandidat";"Design og inn.|Master of Science in Design and Innovation|Master of Science in Engineering|kandidat";"und";"577a424137562d157a000115";"";"577a424137562d157a000115";"DTU Department of Civil and Mechanical Engineering";"sorbit";"sorbit";"Redesign of a bike light and applied robust design theory|Redesign af en cykellygte og anvendt robust design teori"
"";"dtu|dtupub|third_party";"";"2022-01-03T13:15:44.001Z";"Fredsted, Sandra";"";"2292735926";"";"dtu";"2015";"";"";"";"";"thesis";"dtu|dtu_electronic|dtupub_external";"";"";"";"";"";"";"";"";"";"";"";"";"";"Farmateknologi|Master of Science in Engineering|Master of Science in Pharmaceutical Design and Engineering|kandidat";"Farmateknologi|Master of Science in Engineering|Master of Science in Pharmaceutical Design and Engineering|kandidat";"Farmateknologi|Master of Science in Engineering|Master of Science in Pharmaceutical Design and Engineering|kandidat";"und";"56d754b4bf19455102000582";"";"56d754b4bf19455102000582";"DTU National Veterinary Institute";"sorbit";"sorbit";"Optimization of a Bioassay for Potency Determination of Insulin|Optimization of a Bioassay for Potency Determination of Insulin"
"";"dtu|dtupub|third_party";"";"2022-01-03T13:11:15.324Z";"Merrald, Sandra Skodborg";"";"2292737271";"";"dtu";"2015";"";"";"";"";"thesis";"dtu|dtu_electronic|dtupub_external";"";"";"";"";"";"";"";"";"";"";"";"";"";"Bioteknologi|Master of Science in Biotechnology|Master of Science in Engineering|kandidat";"Bioteknologi|Master of Science in Biotechnology|Master of Science in Engineering|kandidat";"Bioteknologi|Master of Science in Biotechnology|Master of Science in Engineering|kandidat";"und";"56d754babf1945510200094e";"";"56d754babf1945510200094e";"DTU National Veterinary Institute";"sorbit";"sorbit";"Characterization of the role of Cathepsin in cartilage metabolism|Characterization of the role of Cathepsin in cartilage metabolism"
"";"dtu|dtupub|third_party";"";"2022-01-03T13:08:02.640Z";"Jensen, Kaspian Puukka";"";"2306781122";"";"dtu";"2016";"";"";"";"";"thesis";"dtu|dtu_electronic|dtupub_external";"";"";"";"";"";"";"";"";"";"";"";"";"";"Master of Science in Engineering|Master of Science in Wind Energy|Vindenergi|kandidat";"Master of Science in Engineering|Master of Science in Wind Energy|Vindenergi|kandidat";"Master of Science in Engineering|Master of Science in Wind Energy|Vindenergi|kandidat";"und";"5795f1426bbf232e70000814";"";"5795f1426bbf232e70000814";"DTU Department of Civil and Mechanical Engineering";"sorbit";"sorbit";"The Effect of Welding Seams on Flow Resistance Characteristics on a Flat Plate|Betydning af svejsesømme for strømningsmodstanden pa en flad plade"
"";"dtu|dtupub|third_party";"";"2022-01-03T13:08:19.076Z";"Robert, Josephine Christine Jacqueline";"";"2306958851";"";"dtu";"2016";"";"";"";"";"thesis";"dtu|dtu_electronic|dtupub_external";"";"";"";"";"";"";"";"";"";"";"";"";"";"Digitale medietek.|Master of Science in Digital Media Engineering|Master of Science in Engineering|kandidat";"Digitale medietek.|Master of Science in Digital Media Engineering|Master of Science in Engineering|kandidat";"Digitale medietek.|Master of Science in Digital Media Engineering|Master of Science in Engineering|kandidat";"und";"57a07d5f6bbf232e700019eb";"";"57a07d5f6bbf232e700019eb";"DTU Department of Applied Mathematics and Computer Science";"sorbit";"sorbit";"Differentiation of fans in the music industry based on social media|Differentiering af fans i musikindustrien baseret pa sociale mediier"
"";"dtu|dtupub|third_party";"";"2022-01-03T13:11:51.474Z";"Maticu, Florin";"";"2292735854";"";"dtu";"2015";"";"";"";"";"thesis";"dtu|dtu_electronic|dtupub|dtupub_electronic";"";"";"";"";"";"";"";"";"";"";"";"";"";"Informationstek.|Master of Science in Computer Science and Engineering|Master of Science in Engineering|kandidat";"Informationstek.|Master of Science in Computer Science and Engineering|Master of Science in Engineering|kandidat";"Informationstek.|Master of Science in Computer Science and Engineering|Master of Science in Engineering|kandidat";"und";"56d754b4bf19455102000544";"";"56d754b4bf19455102000544";"DTU Department of Applied Mathematics and Computer Science";"sorbit";"sorbit";"Functionality assignment to partitioned multi-core architectures|Functionality assignment to partitioned multi-core architectures"
"";"dtu|dtupub|third_party";"";"2022-01-11T08:43:41.743Z";"Olsen, Mads";"";"2328005902";"";"dtu";"2016";"";"";"";"";"thesis";"dtu|dtu_electronic|dtupub_external";"";"";"";"";"";"";"";"";"";"";"";"";"";"Master of Science in Engineering|Master of Science in Medicine and Technology|Medicin og tek.|kandidat";"Master of Science in Engineering|Master of Science in Medicine and Technology|Medicin og tek.|kandidat";"Master of Science in Engineering|Master of Science in Medicine and Technology|Medicin og tek.|kandidat";"und";"57b2f26d272bfcc230000165";"";"57b2f26d272bfcc230000165";"DTU Department of Electrical Engineering";"sorbit";"sorbit";"Fully automatic HRV based arousal detection during REM and NREM sleep based on time-frequency approach|Fuldautomatisk HRV baseret arousal detektion under REM og NREM søvn baseret pa tids-frekvens metode"
"";"dtu|dtupub|third_party";"";"2022-01-03T13:13:07.159Z";"Carneiro, Alexander da Costa";"";"2348384653";"";"dtu";"2016";"";"";"";"";"thesis";"dtu|dtu_electronic|dtupub|dtupub_electronic";"";"";"";"";"";"";"";"";"";"";"";"";"";"Bygningsdesign|Master of Science in Engineering|Master og Science in Architectural Engineering|kandidat";"Bygningsdesign|Master of Science in Engineering|Master og Science in Architectural Engineering|kandidat";"Bygningsdesign|Master of Science in Engineering|Master og Science in Architectural Engineering|kandidat";"und";"5815e0d0029d16f85000004e";"";"5815e0d0029d16f85000004e";"DTU Department of Civil Engineering";"sorbit";"sorbit";"Investigation of Building Simulation for Integrated Atrium Design|Undersøgelse af bygningssimulering i forbindelse med integreret atrium design"
"";"dtu|dtupub|third_party";"";"2022-01-03T13:16:23.597Z";"Krebs, Andreas";"";"2292734006";"";"dtu";"2016";"";"";"";"";"thesis";"dtu|dtu_electronic|dtupub_external";"";"";"";"";"";"";"";"";"";"";"";"";"";"Elektrotek.|Master of Science in Electrical Engineering|Master of Science in Engineering|kandidat";"Elektrotek.|Master of Science in Electrical Engineering|Master of Science in Engineering|kandidat";"Elektrotek.|Master of Science in Electrical Engineering|Master of Science in Engineering|kandidat";"und";"56d754a8bf1945510200001d";"";"56d754a8bf1945510200001d";"DTU Department of Electrical Engineering";"sorbit";"sorbit";"Audio streaming on multistandard wireless MCU|Lyd streaming pa multistandard tradløs MCU"
"";"dtu|dtupub|third_party";"";"2022-01-03T13:16:03.899Z";"Groen, Jeroen Peter";"";"2292735457";"";"dtu";"2015";"";"";"";"";"thesis";"dtu|dtu_electronic|dtupub|dtupub_electronic";"";"";"";"";"";"";"";"";"";"";"";"";"";"Master of Science in Engineering|Master of Science in Wind Energy|Vindenergi|kandidat";"Master of Science in Engineering|Master of Science in Wind Energy|Vindenergi|kandidat";"Master of Science in Engineering|Master of Science in Wind Energy|Vindenergi|kandidat";"und";"56d754b1bf194551020003dc";"";"56d754b1bf194551020003dc";"DTU Department of Civil and Mechanical Engineering";"sorbit";"sorbit";"Topology Optimization using the Finite Cell Method|Topologioptimering med Finite Cell metoden (FCM)"
"";"dtu|dtupub|third_party";"";"2022-01-03T13:16:01.368Z";"Ruszkiewicz, Marcin Artur";"";"2292735185";"";"dtu";"2015";"";"";"";"";"thesis";"dtu|dtu_electronic|dtupub|dtupub_electronic";"";"";"";"";"";"";"";"";"";"";"";"";"";"Master of Science in Engineering|Master of Science in Materials and Manufacturing Engineering|Materialetek.|kandidat";"Master of Science in Engineering|Master of Science in Materials and Manufacturing Engineering|Materialetek.|kandidat";"Master of Science in Engineering|Master of Science in Materials and Manufacturing Engineering|Materialetek.|kandidat";"und";"56d754afbf1945510200033e";"";"56d754afbf1945510200033e";"DTU Department of Civil and Mechanical Engineering";"sorbit";"sorbit";"Microstructure evolution during fatigue of metals|Mikrostrukturudvikling under udmattelse af metaller"
"";"dtu|dtupub|third_party";"";"2022-01-03T13:11:09.779Z";"Vilby, Tobias";"";"2292737494";"";"dtu";"2015";"";"";"";"";"thesis";"dtu|dtu_electronic|dtupub_external";"";"";"";"";"";"";"";"";"";"";"";"";"";"Kemisk/biokemisk tek.|Master of Science in Chemical and Biochemical Engineering|Master of Science in Engineering|kandidat";"Kemisk/biokemisk tek.|Master of Science in Chemical and Biochemical Engineering|Master of Science in Engineering|kandidat";"Kemisk/biokemisk tek.|Master of Science in Chemical and Biochemical Engineering|Master of Science in Engineering|kandidat";"und";"56d754bbbf194551020009f7";"";"56d754bbbf194551020009f7";"DTU Department of Chemical and Biochemical Engineering";"sorbit";"sorbit";"Separation of Kanamycin B from Tobramycin by Boronate Affinity Chromatography|Adskillelse af Kanamycin B fra Tobramycin med Affinitetskromatografi"
"";"dtu|dtupub|third_party";"";"2022-01-03T13:15:48.200Z";"Matziaris, Konstantinos";"";"2292735161";"";"dtu";"2015";"";"";"";"";"thesis";"dtu|dtu_electronic|dtupub_external";"";"";"";"";"";"";"";"";"";"";"";"";"";"Fødevareteknologi|Master of Science in Engineering|Master of Science in Food Technology|kandidat";"Fødevareteknologi|Master of Science in Engineering|Master of Science in Food Technology|kandidat";"Fødevareteknologi|Master of Science in Engineering|Master of Science in Food Technology|kandidat";"und";"56d754afbf1945510200032b";"";"56d754afbf1945510200032b";"DTU Department of Chemical and Biochemical Engineering";"sorbit";"sorbit";"Enzymatic biomass hydrolysate processing|Enzymatisk biomasse hydrolysat behandling"
"";"dtu|dtupub|third_party";"";"2022-01-03T13:07:32.004Z";"Nielsen, Michael Hykkelbjerg";"";"2306791739";"";"dtu";"2016";"";"";"";"";"thesis";"dtu|dtu_electronic|dtupub|dtupub_electronic";"";"";"";"";"";"";"";"";"";"";"";"";"";"Bygningsdesign|Master of Science in Engineering|Master og Science in Architectural Engineering|kandidat";"Bygningsdesign|Master of Science in Engineering|Master og Science in Architectural Engineering|kandidat";"Bygningsdesign|Master of Science in Engineering|Master og Science in Architectural Engineering|kandidat";"und";"579743d76bbf232e7000108a";"";"579743d76bbf232e7000108a";"DTU Department of Civil Engineering";"sorbit";"sorbit";"Numerical parametric study of diffuse ceiling ventilation|Numerisk parametrisk undersøgelse af diffus loftsventilation"
"";"dtu|dtupub|third_party";"";"2022-01-06T23:53:48.500Z";"Nicolaisen, Julie Friis Rydahl";"";"2347739249";"";"dtu";"2016";"";"";"";"";"thesis";"dtu|dtu_electronic|dtupub_external";"";"";"";"";"";"";"";"";"";"";"";"";"";"Master of Science in Engineering|Master of Science in Engineering Management|Planl. innovation og led.|kandidat";"Master of Science in Engineering|Master of Science in Engineering Management|Planl. innovation og led.|kandidat";"Master of Science in Engineering|Master of Science in Engineering Management|Planl. innovation og led.|kandidat";"und";"580f3b3f5262fa0f0e000001";"";"580f3b3f5262fa0f0e000001";"DTU Department of Technology, Management and Economics";"sorbit";"sorbit";"Knowledge sharing between departments|Vidensdeling mellem afdelinger"
"";"dtu|dtupub|third_party";"";"2022-01-03T13:12:20.460Z";"Nielsen, Monica Elisabeth Højgaard";"";"2306312441";"";"dtu";"2016";"";"";"";"";"thesis";"dtu|dtu_electronic|dtupub|dtupub_electronic";"";"";"";"";"";"";"";"";"";"";"";"";"";"Master of Science in Engineering|Master of Science in Environmental Engineering|Miljøteknologi|kandidat";"Master of Science in Engineering|Master of Science in Environmental Engineering|Miljøteknologi|kandidat";"Master of Science in Engineering|Master of Science in Environmental Engineering|Miljøteknologi|kandidat";"und";"577a423d37562d157a0000fd";"";"577a423d37562d157a0000fd";"DTU Department of Environmental and Resource Engineering";"sorbit";"sorbit";"Greenhouse gas emissions from sludge mineralisation reed beds|Drivhusgas emissioner fra slammineraliseringsanlæg"
"";"dtu|dtupub|third_party";"";"2022-01-03T13:12:21.533Z";"Kikas, Erki";"";"2292734288";"";"dtu";"2016";"";"";"";"";"thesis";"dtu|dtu_electronic|dtupub_external";"";"";"";"";"";"";"";"";"";"";"";"";"";"Kemisk/biokemisk tek.|Master of Science in Chemical and Biochemical Engineering|Master of Science in Engineering|kandidat";"Kemisk/biokemisk tek.|Master of Science in Chemical and Biochemical Engineering|Master of Science in Engineering|kandidat";"Kemisk/biokemisk tek.|Master of Science in Chemical and Biochemical Engineering|Master of Science in Engineering|kandidat";"und";"56d754aabf194551020000e2";"";"56d754aabf194551020000e2";"DTU Department of Chemical and Biochemical Engineering";"sorbit";"sorbit";"Simulation and Analysis of a Deodorization Process|Simulering og analyse af en desodorisering process"
"";"dtu|dtupub|third_party";"";"2022-01-03T13:11:27.224Z";"Luongo, Andrea";"";"2292736804";"";"dtu";"2015";"";"";"";"";"thesis";"dtu|dtu_electronic|dtupub|dtupub_electronic";"";"";"";"";"";"";"";"";"";"";"";"";"";"Digitale medietek.|Master of Science in Digital Media Engineering|Master of Science in Engineering|kandidat";"Digitale medietek.|Master of Science in Digital Media Engineering|Master of Science in Engineering|kandidat";"Digitale medietek.|Master of Science in Digital Media Engineering|Master of Science in Engineering|kandidat";"und";"56d754b8bf194551020007a0";"";"56d754b8bf194551020007a0";"DTU Department of Applied Mathematics and Computer Science";"sorbit";"sorbit";"Scattering of Photon Differentials in Realistic Rendering of Volumes|Spredning af fotondifferentialer i beregning af realistiske billeder af volumener"
"";"dtu|dtupub|third_party";"";"2022-01-03T13:12:06.472Z";"Gaillard, Alexandre";"";"2292735115";"";"dtu";"2015";"";"";"";"";"thesis";"dtu|dtu_electronic|dtupub|dtupub_electronic";"";"";"";"";"";"";"";"";"";"";"";"";"";"Master of Science in Engineering|Master of Science in Engineering Management|Planl. innovation og led.|kandidat";"Master of Science in Engineering|Master of Science in Engineering Management|Planl. innovation og led.|kandidat";"Master of Science in Engineering|Master of Science in Engineering Management|Planl. innovation og led.|kandidat";"und";"56d754afbf19455102000303";"";"56d754afbf19455102000303";"DTU Department of Technology, Management and Economics";"sorbit";"sorbit";"last mile delivery operations|Afsluttende operationer i forbindelse med levering"
"";"dtu|dtupub|third_party";"";"2022-01-03T13:11:54.170Z";"Gutierrez, Adrián Gonzalez";"";"2292735471";"";"dtu";"2015";"";"";"";"";"thesis";"dtu|dtu_electronic|dtupub_external";"";"";"";"";"";"";"";"";"";"";"";"";"";"Master of Science in Engineering|Master of Science in Engineering Management|Planl. innovation og led.|kandidat";"Master of Science in Engineering|Master of Science in Engineering Management|Planl. innovation og led.|kandidat";"Master of Science in Engineering|Master of Science in Engineering Management|Planl. innovation og led.|kandidat";"und";"56d754b1bf194551020003e9";"";"56d754b1bf194551020003e9";"DTU Department of Technology, Management and Economics";"sorbit";"sorbit";"Internal Material Flow in Haldex|Intern arbejdsgang analyse i Haldex"
"";"dtu|dtupub|third_party";"";"2022-01-03T13:12:41.928Z";"Trini, Martina";"";"2305633472";"";"dtu";"2016";"";"";"";"";"thesis";"dtu|dtu_electronic|dtupub|dtupub_electronic";"";"";"";"";"";"";"";"";"";"";"";"";"";"gæst udl.";"gæst udl.";"gæst udl.";"und";"575ea777e6f951534a00f05f";"";"575ea777e6f951534a00f05f";"DTU Department of Civil and Mechanical Engineering";"sorbit";"sorbit";"Use of waste gasification for trigeneration of electricity, heating and cooling|Anvendelse af affaldsforgasning til trigeneration af el, opvarmning og køling"
"";"dtu|dtupub|third_party";"";"2022-01-03T13:07:31.982Z";"Sørensen, Thomas";"";"2306791732";"";"dtu";"2016";"";"";"";"";"thesis";"dtu|dtu_electronic|dtupub_external";"";"";"";"";"";"";"";"";"";"";"";"";"";"Konst. og mekanik|Master of Science in Engineering|Master of Science in Engineering Design and Applied Mechanics|kandidat";"Konst. og mekanik|Master of Science in Engineering|Master of Science in Engineering Design and Applied Mechanics|kandidat";"Konst. og mekanik|Master of Science in Engineering|Master of Science in Engineering Design and Applied Mechanics|kandidat";"und";"579743d26bbf232e7000104f";"";"579743d26bbf232e7000104f";"DTU Department of Civil and Mechanical Engineering";"sorbit";"sorbit";"Development of a weather routing system to minimize fuel consumption|Ruteoptimering med hensyn til vejr og brændolieforbrug."
"";"dtu|dtupub|third_party";"";"2022-01-03T13:15:31.318Z";"Martensen, Berit Markvard";"";"2292737078";"";"dtu";"2015";"";"";"";"";"thesis";"dtu|dtu_electronic|dtupub|dtupub_electronic";"";"";"";"";"";"";"";"";"";"";"";"";"";"Master of Science in Engineering|Master of Science in Mathematical Modelling and Computation|Mat. modellering|kandidat";"Master of Science in Engineering|Master of Science in Mathematical Modelling and Computation|Mat. modellering|kandidat";"Master of Science in Engineering|Master of Science in Mathematical Modelling and Computation|Mat. modellering|kandidat";"und";"56d754b9bf1945510200088c";"";"56d754b9bf1945510200088c";"DTU National Institute of Aquatic Resources";"sorbit";"sorbit";"Pattern formation in a Keller-Segel model with kinesis|Mønsterdannelse i en Keller-Segel model med kinese"
"";"dtu|dtupub|third_party";"";"2022-01-03T13:15:29.202Z";"Nielsen, Niels";"";"2292737120";"";"dtu";"2015";"";"";"";"";"thesis";"dtu|dtu_electronic|dtupub|dtupub_electronic";"";"";"";"";"";"";"";"";"";"";"";"";"";"Konst. og mekanik|Master of Science in Engineering|Master of Science in Engineering Design and Applied Mechanics|kandidat";"Konst. og mekanik|Master of Science in Engineering|Master of Science in Engineering Design and Applied Mechanics|kandidat";"Konst. og mekanik|Master of Science in Engineering|Master of Science in Engineering Design and Applied Mechanics|kandidat";"und";"56d754b9bf194551020008b4";"";"56d754b9bf194551020008b4";"DTU Department of Civil and Mechanical Engineering";"sorbit";"sorbit";"Cylinder pressure estimation for large two-stroke diesel engines based on measured crankshaft vibrations|Estimering af cylindertryk for store to-takts dieselmotorer baseret pa malte krumtapsvingninger"
"";"dtu|dtupub|third_party";"";"2022-01-03T13:15:44.502Z";"Rodriguez, Antonio Martin";"";"2292735178";"";"dtu";"2015";"";"";"";"";"thesis";"dtu|dtu_electronic|dtupub|dtupub_electronic";"";"";"";"";"";"";"";"";"";"";"";"";"";"gæst udl.";"gæst udl.";"gæst udl.";"und";"56d754afbf19455102000336";"";"56d754afbf19455102000336";"DTU Department of Electrical and Photonics Engineering";"sorbit";"sorbit";"5G Technologies. Challenges for Next Generation Mobile Networks|5G teknologier. Udfordringer for næste generations mobilnet"
"";"dtu|dtupub|third_party";"";"2022-01-03T13:12:55.375Z";"Poyart, Étienne Charles Jean-Jacques";"";"2306445431";"";"dtu";"2016";"";"";"";"";"thesis";"dtu|dtu_electronic|dtupub_external";"";"";"";"";"";"";"";"";"";"";"";"";"";"Bæredygtig energi|Master of Science in Engineering|Master of Science in Sustainable Energy|kandidat";"Bæredygtig energi|Master of Science in Engineering|Master of Science in Sustainable Energy|kandidat";"Bæredygtig energi|Master of Science in Engineering|Master of Science in Sustainable Energy|kandidat";"und";"57822ac4c34db37569000127";"";"57822ac4c34db37569000127";"DTU Department of Civil Engineering";"sorbit";"sorbit";"Numerical simulations of the interaction between shockwave, cavitation bubbles and wall in hydraulic devices|Numeriske simuleringer af samspillet mellem chokbølge, kavitationsbobler og væg i hydrauliske anordninger"
"";"dtu|dtupub|third_party";"";"2022-01-03T13:08:16.623Z";"Bruna, Jacopo";"";"2306781424";"";"dtu";"2016";"";"";"";"";"thesis";"dtu|dtu_electronic|dtupub_external";"";"";"";"";"";"";"";"";"";"";"";"";"";"Master of Science in Engineering|Master of Science in Engineering Management|Planl. innovation og led.|kandidat";"Master of Science in Engineering|Master of Science in Engineering Management|Planl. innovation og led.|kandidat";"Master of Science in Engineering|Master of Science in Engineering Management|Planl. innovation og led.|kandidat";"und";"5795f16f6bbf232e70000a00";"";"5795f16f6bbf232e70000a00";"DTU Department of Technology, Management and Economics";"sorbit";"sorbit";"Vehicle Routing Problem in ShopWings: An Optimization study for a pickup and delivery system|Vehicle Routing Problem i ShopWings: En optimerings undersøgelse for et afhentnings- og leveringssystem"
"";"dtu|dtupub|third_party";"";"2022-01-03T13:15:45.608Z";"Jespersen, Ida Kirstine Juel";"";"2292736507";"";"dtu";"2015";"";"";"";"";"thesis";"dtu|dtu_electronic|dtupub|dtupub_electronic";"";"";"";"";"";"";"";"";"";"";"";"";"";"Master of Science in Engineering|Master of Science in Materials and Manufacturing Engineering|Materialetek.|kandidat";"Master of Science in Engineering|Master of Science in Materials and Manufacturing Engineering|Materialetek.|kandidat";"Master of Science in Engineering|Master of Science in Materials and Manufacturing Engineering|Materialetek.|kandidat";"und";"56d754b7bf194551020006e9";"";"56d754b7bf194551020006e9";"DTU Department of Civil and Mechanical Engineering";"sorbit";"sorbit";"Design for Manufacturing and Assembly in an Industrial Context: An Analysis of Change Documents to Reduce Time to Market|Design for Manufacturing and Assembly in an Industrial Context: An Analysis of Change Documents to Reduce Time to Market"
"";"dtu|dtupub|third_party";"";"2022-01-03T13:12:58.206Z";"Kashiwabara, Tomo";"";"2306781611";"";"dtu";"2016";"";"";"";"";"thesis";"dtu|dtu_electronic|dtupub|dtupub_electronic";"";"";"";"";"";"";"";"";"";"";"";"";"";"Master of Science in Engineering|Master of Science in Environmental Engineering|Miljøteknologi|kandidat";"Master of Science in Engineering|Master of Science in Environmental Engineering|Miljøteknologi|kandidat";"Master of Science in Engineering|Master of Science in Environmental Engineering|Miljøteknologi|kandidat";"und";"5795f1a96bbf232e70000b9e";"";"5795f1a96bbf232e70000b9e";"DTU Department of Environmental and Resource Engineering";"sorbit";"sorbit";"Comparative Life Cycle Assessment of incineration and gasification process in Denmark and Italy|Livscyklusvurdering af affaldsforbrænding og forgasning i Danmark og Italien"
"";"dtu|dtupub|third_party";"";"2022-01-03T13:07:31.993Z";"Labrini, Fabio|Greiling, Lea";"";"2524896208";"";"dtu";"2016";"";"";"";"";"thesis";"dtu|dtu_electronic|dtupub_external";"";"";"";"";"";"";"";"";"";"";"";"";"";"Master of Science in Engineering|Master of Science in Engineering Management|Planl. innovation og led.|kandidat";"Master of Science in Engineering|Master of Science in Engineering Management|Planl. innovation og led.|kandidat";"Master of Science in Engineering|Master of Science in Engineering Management|Planl. innovation og led.|kandidat";"und";"579743d46bbf232e7000106c";"";"579743d46bbf232e7000106c";"DTU Department of Technology, Management and Economics";"sorbit";"sorbit";"Complexity management at Rockwool|Complexity management hos Rockwool"
"";"dtu|dtupub|third_party";"";"2022-01-03T13:16:23.912Z";"Bisgaard, Jonas";"";"2292734000";"";"dtu";"2016";"";"";"";"";"thesis";"dtu|dtu_electronic|dtupub_external";"";"";"";"";"";"";"";"";"";"";"";"";"";"Bioteknologi|Master of Science in Biotechnology|Master of Science in Engineering|kandidat";"Bioteknologi|Master of Science in Biotechnology|Master of Science in Engineering|kandidat";"Bioteknologi|Master of Science in Biotechnology|Master of Science in Engineering|kandidat";"und";"56d754a8bf19455102000016";"";"56d754a8bf19455102000016";"DTU Department of Chemical and Biochemical Engineering";"sorbit";"sorbit";"Development and use of sensor particles|Udvikling og brug af sensorpartikler"
"";"dtu|dtupub|third_party";"";"2022-01-03T13:16:22.241Z";"Geisler, Mathias";"";"2305633432";"";"dtu";"2016";"";"";"";"";"thesis";"dtu|dtu_electronic|dtupub|dtupub_electronic";"";"";"";"";"";"";"";"";"";"";"";"";"";"Fysik og nanotek.|Master of Science in Engineering|Master of Science in Physics and Nanotechnology|kandidat";"Fysik og nanotek.|Master of Science in Engineering|Master of Science in Physics and Nanotechnology|kandidat";"Fysik og nanotek.|Master of Science in Engineering|Master of Science in Physics and Nanotechnology|kandidat";"und";"575ea6ebe6f951534a00e9cf";"";"575ea6ebe6f951534a00e9cf";"DTU Department of Electrical and Photonics Engineering";"sorbit";"sorbit";"Optical properties of plasmonic nanostructures on mechanical resonators|Optiske egenskaber af plasmoniske nanostrukturer pa mekaniske resonatorer"
"";"dtu|dtupub|third_party";"";"2022-01-03T13:12:13.400Z";"Kuczek, Dorota Ewa";"";"2292734952";"";"dtu";"2015";"";"";"";"";"thesis";"dtu|dtu_electronic|dtupub|dtupub_electronic";"";"";"";"";"";"";"";"";"";"";"";"";"";"Bioteknologi|Master of Science in Biotechnology|Master of Science in Engineering|kandidat";"Bioteknologi|Master of Science in Biotechnology|Master of Science in Engineering|kandidat";"Bioteknologi|Master of Science in Biotechnology|Master of Science in Engineering|kandidat";"und";"56d754aebf1945510200029b";"";"56d754aebf1945510200029b";"DTU Department of Biotechnology and Biomedicine";"sorbit";"sorbit";"Role of the Lysine-specific demethylase PHF2 in prostate cancer|Den Lysin-specifikke demethylase PHF2's rolle i prostatacancer"
"";"dtu|dtupub|third_party";"";"2022-01-03T13:16:27.257Z";"Boteanu, Valentin-Dan";"";"2307357263";"";"dtu";"2016";"";"";"";"";"thesis";"dtu|dtu_electronic|dtupub|dtupub_electronic";"";"";"";"";"";"";"";"";"";"";"";"";"";"Byggetek.|Master of Science in Civil Engineering|Master of Science in Engineering|kandidat";"Byggetek.|Master of Science in Civil Engineering|Master of Science in Engineering|kandidat";"Byggetek.|Master of Science in Civil Engineering|Master of Science in Engineering|kandidat";"und";"57a9b7c33fec415c3b000055";"";"57a9b7c33fec415c3b000055";"DTU Department of Civil Engineering";"sorbit";"sorbit";"Finite element determination of buckling curves for longitudinal stiffeners in class 4 cross sections|Finit element bestemmelse af stabilitets kurver for langsgaende afstivninger i klasse 4 tværsnit."
"";"dtu|dtupub|third_party";"";"2022-01-03T13:12:24.374Z";"Jensen, Rasmus";"";"2305633481";"";"dtu";"2016";"";"";"";"";"thesis";"dtu|dtu_electronic|dtupub|dtupub_electronic";"";"";"";"";"";"";"";"";"";"";"";"";"";"Fysik og nanotek.|Master of Science in Engineering|Master of Science in Physics and Nanotechnology|kandidat";"Fysik og nanotek.|Master of Science in Engineering|Master of Science in Physics and Nanotechnology|kandidat";"Fysik og nanotek.|Master of Science in Engineering|Master of Science in Physics and Nanotechnology|kandidat";"und";"575ea784e6f951534a00f0f8";"";"575ea784e6f951534a00f0f8";"DTU Department of Physics";"sorbit";"sorbit";"Optimal control of a spin ensemble in diamond|Optimal kontrol af et spin ensemble i diamant"
"";"dtu|dtupub|third_party";"";"2022-01-06T23:53:49.297Z";"Enevoldsen, Nadia Skov Dyrlund";"";"2306789164";"";"dtu";"2016";"";"";"";"";"thesis";"dtu|dtu_electronic|dtupub|dtupub_electronic";"";"";"";"";"";"";"";"";"";"";"";"";"";"Master of Science in Engineering|Master of Science in Materials and Manufacturing Engineering|Materialetek.|kandidat";"Master of Science in Engineering|Master of Science in Materials and Manufacturing Engineering|Materialetek.|kandidat";"Master of Science in Engineering|Master of Science in Materials and Manufacturing Engineering|Materialetek.|kandidat";"und";"579743626bbf232e70000dae";"";"579743626bbf232e70000dae";"DTU Department of Civil and Mechanical Engineering";"sorbit";"sorbit";"Investigation of Replication, Corrosion and Metallurgy of Complex Metal Structures, made from Investment Casting through Additive Manufacturing Geometries|Analyse af replikering, korrosion og metallurgi af komplekse metal strukturer, fremstillet via investment casting fra 3D printede geometrier"
"";"dtu|dtupub|third_party";"";"2022-01-03T13:05:10.571Z";"Aamodt, Morten";"";"2307050959";"";"dtu";"2016";"";"";"";"";"thesis";"dtu|dtu_electronic|dtupub_external";"";"";"";"";"";"";"";"";"";"";"";"";"";"Konst. og mekanik|Master of Science in Engineering|Master of Science in Engineering Design and Applied Mechanics|kandidat";"Konst. og mekanik|Master of Science in Engineering|Master of Science in Engineering Design and Applied Mechanics|kandidat";"Konst. og mekanik|Master of Science in Engineering|Master of Science in Engineering Design and Applied Mechanics|kandidat";"und";"57a3206812855c654e000315";"";"57a3206812855c654e000315";"DTU Department of Civil and Mechanical Engineering";"sorbit";"sorbit";"Comparison of a composite hull structure to an aluminium hull structure for an offshore wind farm service vessel|Sammenligning af en komposit- og aluminiums-skrogstruktur for et offshore vindmølle servicefartøj"
"";"dtu|dtupub|third_party";"";"2022-01-03T13:06:42.639Z";"Forslund, Morten Jensen";"";"2342057147";"";"dtu";"2016";"";"";"";"";"thesis";"dtu|dtu_electronic|dtupub_external";"";"";"";"";"";"";"";"";"";"";"";"";"";"Master of Science in Engineering|Master of Science in Telecommunication|Telekom.|kandidat";"Master of Science in Engineering|Master of Science in Telecommunication|Telekom.|kandidat";"Master of Science in Engineering|Master of Science in Telecommunication|Telekom.|kandidat";"und";"57becfccfebd22f3600001e0";"";"57becfccfebd22f3600001e0";"DTU Department of Electrical and Photonics Engineering";"sorbit";"sorbit";"Control of laser for FTTH systems|Styring af laser til FTTH systemer"
"";"dtu|dtupub|third_party";"";"2022-01-03T13:16:27.819Z";"Sarran, Lucile Julia";"";"2306312484";"";"dtu";"2016";"";"";"";"";"thesis";"dtu|dtu_electronic|dtupub|dtupub_electronic";"";"";"";"";"";"";"";"";"";"";"";"";"";"Bæredygtig energi|Master of Science in Engineering|Master of Science in Sustainable Energy|kandidat";"Bæredygtig energi|Master of Science in Engineering|Master of Science in Sustainable Energy|kandidat";"Bæredygtig energi|Master of Science in Engineering|Master of Science in Sustainable Energy|kandidat";"und";"577a423e37562d157a000102";"";"577a423e37562d157a000102";"DTU Department of Civil Engineering";"sorbit";"sorbit";"Impact of building design parameters on energy flexibility in Nordhavn district|Indflydelse af designparametre for energifleksibilitet af bygninger i Nordhavn bydel"
"";"dtu|dtupub|third_party";"";"2022-01-03T13:08:16.601Z";"Myrup, Mads Fogh";"";"2307019862";"";"dtu";"2016";"";"";"";"";"thesis";"dtu|dtu_electronic|dtupub|dtupub_electronic";"";"";"";"";"";"";"";"";"";"";"";"";"";"Byggetek.|Master of Science in Civil Engineering|Master of Science in Engineering|kandidat";"Byggetek.|Master of Science in Civil Engineering|Master of Science in Engineering|kandidat";"Byggetek.|Master of Science in Civil Engineering|Master of Science in Engineering|kandidat";"und";"57a1ced212855c654e0000c2";"";"57a1ced212855c654e0000c2";"DTU Department of Civil and Mechanical Engineering";"sorbit";"sorbit";"Extreme Waves Under Influence of Sloping Seabeds|Ekstreme bølger under indflydelse af skranende havbund"
"";"dtu|dtupub|third_party";"";"2022-01-03T13:08:05.275Z";"Clausen, Jens Vinther";"";"2343066812";"";"dtu";"2016";"";"";"";"";"thesis";"dtu|dtu_electronic|dtupub|dtupub_electronic";"";"";"";"";"";"";"";"";"";"";"";"";"";"Master of Science in Engineering|Master of Science in Mathematical Modelling and Computation|Mat. modellering|kandidat";"Master of Science in Engineering|Master of Science in Mathematical Modelling and Computation|Mat. modellering|kandidat";"Master of Science in Engineering|Master of Science in Mathematical Modelling and Computation|Mat. modellering|kandidat";"und";"57d3e7be2993be9573000037";"";"57d3e7be2993be9573000037";"DTU Department of Technology, Management and Economics";"sorbit";"sorbit";"Real time strategic planning in computer games using operations research methods|Realtids strategisk planlægning i computerspil ved brug af operationsanalytiske metoder"
"";"dtu|dtupub|third_party";"";"2022-01-03T13:11:19.177Z";"Jakobsen, Line Geest";"";"2292737371";"";"dtu";"2015";"";"";"";"";"thesis";"dtu|dtu_electronic|dtupub|dtupub_electronic";"";"";"";"";"";"";"";"";"";"";"";"";"";"Master of Science in Engineering|Master of Science in Environmental Engineering|Miljøteknologi|kandidat";"Master of Science in Engineering|Master of Science in Environmental Engineering|Miljøteknologi|kandidat";"Master of Science in Engineering|Master of Science in Environmental Engineering|Miljøteknologi|kandidat";"und";"56d754babf19455102000999";"";"56d754babf19455102000999";"DTU Department of Environmental and Resource Engineering";"sorbit";"sorbit";"Limitations and quality in plastic recycling|Begrænsninger og kvalitet i plastgenanvendelse"
"";"dtu|dtupub|third_party";"";"2022-01-03T13:15:45.531Z";"Ploug, Rasmus Overgaard";"";"2292736511";"";"dtu";"2015";"";"";"";"";"thesis";"dtu|dtu_electronic|dtupub_external";"";"";"";"";"";"";"";"";"";"";"";"";"";"Elektrotek.|Master of Science in Electrical Engineering|Master of Science in Engineering|kandidat";"Elektrotek.|Master of Science in Electrical Engineering|Master of Science in Engineering|kandidat";"Elektrotek.|Master of Science in Electrical Engineering|Master of Science in Engineering|kandidat";"und";"56d754b7bf194551020006ec";"";"56d754b7bf194551020006ec";"DTU Department of Electrical Engineering";"sorbit";"sorbit";"GaN audio amplifier with advanced control and reduced output filter|GaN audio forstærker med avanceret kontrol og reduceret udgangsfilter"
"";"dtu|dtupub|third_party";"";"2022-01-03T13:11:29.411Z";"Jørgensen, Jennifer Solgaard";"";"2292737140";"";"dtu";"2015";"";"";"";"";"thesis";"dtu|dtu_electronic|dtupub|dtupub_electronic";"";"";"";"";"";"";"";"";"";"";"";"";"";"Master of Science in Engineering|Master of science in Bioinformatics and Systems Biology|Systembiologi|kandidat";"Master of Science in Engineering|Master of science in Bioinformatics and Systems Biology|Systembiologi|kandidat";"Master of Science in Engineering|Master of science in Bioinformatics and Systems Biology|Systembiologi|kandidat";"und";"56d754b9bf194551020008cb";"";"56d754b9bf194551020008cb";"DTU Department of Micro- and Nanotechnology";"sorbit";"sorbit";"Development of Drug Delivery Systems for Monocyte Targeting|Udvikling af Drug Delivery Systemer Malrettet mod Monocyter"
"";"dtu|dtupub|third_party";"";"2022-01-03T13:15:43.826Z";"Øst-Jacobsen, Thomas";"";"2292737102";"";"dtu";"2015";"";"";"";"";"thesis";"dtu|dtu_electronic|dtupub|dtupub_electronic";"";"";"";"";"";"";"";"";"";"";"";"";"";"Akustisk tek.|Master of Science in Engineering|Master of Science in Engineering Acoustics|kandidat";"Akustisk tek.|Master of Science in Engineering|Master of Science in Engineering Acoustics|kandidat";"Akustisk tek.|Master of Science in Engineering|Master of Science in Engineering Acoustics|kandidat";"und";"56d754b9bf194551020008a4";"";"56d754b9bf194551020008a4";"DTU Department of Electrical Engineering";"sorbit";"sorbit";"A comparison of finite element and extended lumped parameter models for loudspeaker diaphragm vibration analysis|Sammenligning af finite element og lumped-parameter modeller for vibrationsanalyse af højttalermembraner"
"";"dtu|dtupub|third_party";"";"2022-01-03T13:12:07.893Z";"Hansen, Søren Enggaard";"";"2292735971";"";"dtu";"2015";"";"";"";"";"thesis";"dtu|dtu_electronic|dtupub|dtupub_electronic";"";"";"";"";"";"";"";"";"";"";"";"";"";"Master of Science in Engineering|Master of Science in Mathematical Modelling and Computation|Mat. modellering|kandidat";"Master of Science in Engineering|Master of Science in Mathematical Modelling and Computation|Mat. modellering|kandidat";"Master of Science in Engineering|Master of Science in Mathematical Modelling and Computation|Mat. modellering|kandidat";"und";"56d754b4bf194551020005a7";"";"56d754b4bf194551020005a7";"DTU Department of Applied Mathematics and Computer Science";"sorbit";"sorbit";"Fracture Mechanics in Computer Graphics|Brudmekanik i computergrafik"
"";"dtu|dtupub|third_party";"";"2022-01-03T13:16:01.721Z";"Rage, Nils";"";"2292735947";"";"dtu";"2015";"";"";"";"";"thesis";"dtu|dtu_electronic|dtupub|dtupub_electronic";"";"";"";"";"";"";"";"";"";"";"";"";"";"Bygningsdesign|Master of Science in Engineering|Master og Science in Architectural Engineering|kandidat";"Bygningsdesign|Master of Science in Engineering|Master og Science in Architectural Engineering|kandidat";"Bygningsdesign|Master of Science in Engineering|Master og Science in Architectural Engineering|kandidat";"und";"56d754b4bf19455102000595";"";"56d754b4bf19455102000595";"DTU Department of Civil Engineering";"sorbit";"sorbit";"Experimental and theoretical study of the influence of Acoustic Panels on the Heat Exchange between Thermal Active Building System (TABS), the Occupants and the Room|Eksperimentel og teoretisk undersøgelse af indflydelsen af akustiske loftpaneler pa varmeudvekslingen med TABS, personerne og rummet"
"";"dtu|dtupub|third_party";"";"2022-01-03T13:15:48.311Z";"Janssen, Nick Gerardus Cornelis";"";"2292736774";"";"dtu";"2015";"";"";"";"";"thesis";"dtu|dtu_electronic|dtupub_external";"";"";"";"";"";"";"";"";"";"";"";"";"";"Master of Science in Engineering|Master of Science in Wind Energy|Vindenergi|kandidat";"Master of Science in Engineering|Master of Science in Wind Energy|Vindenergi|kandidat";"Master of Science in Engineering|Master of Science in Wind Energy|Vindenergi|kandidat";"und";"56d754b8bf1945510200078b";"";"56d754b8bf1945510200078b";"DTU Department of Wind and Energy Systems";"sorbit";"sorbit";"Uncertainties in aggregation of wind power generation in power system areas|Usikkerheder i aggregering af vindkraftproduktion i elsystemsomrader"
"";"dtu|dtupub|third_party";"";"2022-01-03T13:15:51.232Z";"Sverrisson, Runar";"";"2292735581";"";"dtu";"2015";"";"";"";"";"thesis";"dtu|dtu_electronic|dtupub|dtupub_electronic";"";"";"";"";"";"";"";"";"";"";"";"";"";"Master of Science in Engineering|Master of Science in Mathematical Modelling and Computation|Mat. modellering|kandidat";"Master of Science in Engineering|Master of Science in Mathematical Modelling and Computation|Mat. modellering|kandidat";"Master of Science in Engineering|Master of Science in Mathematical Modelling and Computation|Mat. modellering|kandidat";"und";"56d754b2bf19455102000456";"";"56d754b2bf19455102000456";"DTU Department of Applied Mathematics and Computer Science";"sorbit";"sorbit";"Prime numbers in cryptology|Primtal i kryptologi"
"";"dtu|dtupub|third_party";"";"2022-01-03T13:06:23.377Z";"Vranau, Margareta-Cristina";"";"2307050903";"";"dtu";"2016";"";"";"";"";"thesis";"dtu|dtu_electronic|dtupub|dtupub_electronic";"";"";"";"";"";"";"";"";"";"";"";"";"";"Byggetek.|Master of Science in Civil Engineering|Master of Science in Engineering|kandidat";"Byggetek.|Master of Science in Civil Engineering|Master of Science in Engineering|kandidat";"Byggetek.|Master of Science in Civil Engineering|Master of Science in Engineering|kandidat";"und";"57a3206412855c654e000305";"";"57a3206412855c654e000305";"DTU Department of Civil Engineering";"sorbit";"sorbit";"Back analysis of monitoring data of deep excavations|Tilbage undersøgelse af overvagningsdata af dybe udgravninger"
"";"dtu|dtupub|third_party";"";"2022-01-03T13:16:01.280Z";"Repsdorph, Thomas";"";"2292735687";"";"dtu";"2015";"";"";"";"";"thesis";"dtu|dtu_electronic|dtupub|dtupub_electronic";"";"";"";"";"";"";"";"";"";"";"";"";"";"Digitale medietek.|Master of Science in Digital Media Engineering|Master of Science in Engineering|kandidat";"Digitale medietek.|Master of Science in Digital Media Engineering|Master of Science in Engineering|kandidat";"Digitale medietek.|Master of Science in Digital Media Engineering|Master of Science in Engineering|kandidat";"und";"56d754b2bf194551020004bb";"";"56d754b2bf194551020004bb";"DTU Department of Applied Mathematics and Computer Science";"sorbit";"sorbit";"Visualizing social big data with a focus on UX design and graph databases|Visualisering af social big data med fokus pa UX design og brug af graf databaser"
"";"dtu|dtupub|third_party";"";"2022-01-06T23:53:50.963Z";"Spranger, Lubi Lotus Claudia Cinderella";"";"2306906875";"";"dtu";"2016";"";"";"";"";"thesis";"dtu|dtu_electronic|dtupub_external";"";"";"";"";"";"";"";"";"";"";"";"";"";"Master of Science in Engineering|Master of Science in Wind Energy|Vindenergi|kandidat";"Master of Science in Engineering|Master of Science in Wind Energy|Vindenergi|kandidat";"Master of Science in Engineering|Master of Science in Wind Energy|Vindenergi|kandidat";"und";"579c88c16bbf232e70001260";"";"579c88c16bbf232e70001260";"DTU Department of Wind and Energy Systems";"sorbit";"sorbit";"Predicting the icing risk of wind turbine rotor blades using aircraft icing tools|Bestemmelse af risiko for overisning af vindmøllevinger ved brug af overisningsteknikker fra flyindustri"
"";"dtu|dtupub|third_party";"";"2022-01-03T13:10:31.620Z";"Milbo, Christina";"";"2292737198";"";"dtu";"2015";"";"";"";"";"thesis";"dtu|dtu_electronic|dtupub|dtupub_electronic";"";"";"";"";"";"";"";"";"";"";"";"";"";"Bioteknologi|Master of Science in Biotechnology|Master of Science in Engineering|kandidat";"Bioteknologi|Master of Science in Biotechnology|Master of Science in Engineering|kandidat";"Bioteknologi|Master of Science in Biotechnology|Master of Science in Engineering|kandidat";"und";"56d754b9bf19455102000904";"";"56d754b9bf19455102000904";"DTU Department of Biotechnology and Biomedicine";"sorbit";"sorbit";"Targeting snake venom using DNA encoded libraries|Identificere slangegift i DNA-kodede biblioteker"
"";"dtu|dtupub|third_party";"";"2022-01-06T23:53:58.606Z";"Olesen, Alexander Neergaard";"";"2305633452";"";"dtu";"2016";"";"";"";"";"thesis";"dtu|dtu_electronic|dtupub_external";"";"";"";"";"";"";"";"";"";"";"";"";"";"Master of Science in Engineering|Master of Science in Medicine and Technology|Medicin og tek.|kandidat";"Master of Science in Engineering|Master of Science in Medicine and Technology|Medicin og tek.|kandidat";"Master of Science in Engineering|Master of Science in Medicine and Technology|Medicin og tek.|kandidat";"und";"575ea732e6f951534a00ed5d";"";"575ea732e6f951534a00ed5d";"DTU Department of Electrical Engineering";"sorbit";"sorbit";"Electrooculography-based detection and characterization of sleep stages in patients with narcolepsy|Electrooculografi-baseret detektion og karakterisering af søvnstadier hos narkolepsi-patienter"
"";"dtu|dtupub|third_party";"";"2022-01-03T13:15:50.620Z";"Mortensen, Charlotte Uldall Fløe";"";"2292736209";"";"dtu";"2015";"";"";"";"";"thesis";"dtu|dtu_electronic|dtupub_external";"";"";"";"";"";"";"";"";"";"";"";"";"";"Master of Science in Engineering|Master of Science in Medicine and Technology|Medicin og tek.|kandidat";"Master of Science in Engineering|Master of Science in Medicine and Technology|Medicin og tek.|kandidat";"Master of Science in Engineering|Master of Science in Medicine and Technology|Medicin og tek.|kandidat";"und";"56d754b5bf1945510200063e";"";"56d754b5bf1945510200063e";"DTU Department of Micro- and Nanotechnology";"sorbit";"sorbit";"Design of Experiments on Mixer Instructions and the Influence of Skin Pressure Sensitive Adhesive|Design af eksperimenter for blandingsinstruktioner og indflydelsen af tryksensitive hud klæber"
"";"dtu|dtupub|third_party";"";"2022-01-03T13:15:23.396Z";"Paulsen, Alexander Fischer";"";"2292737503";"";"dtu";"2015";"";"";"";"";"thesis";"dtu|dtu_electronic|dtupub|dtupub_electronic";"";"";"";"";"";"";"";"";"";"";"";"";"";"Informationstek.|Master of Science in Computer Science and Engineering|Master of Science in Engineering|kandidat";"Informationstek.|Master of Science in Computer Science and Engineering|Master of Science in Engineering|kandidat";"Informationstek.|Master of Science in Computer Science and Engineering|Master of Science in Engineering|kandidat";"und";"56d754bbbf19455102000a01";"";"56d754bbbf19455102000a01";"DTU Department of Applied Mathematics and Computer Science";"sorbit";"sorbit";"Flexible Serialization of Model Instances: A Cascading Mapping Mechanism|Flexible Serialization of Model Instances: A Cascading Mapping Mechanism"
"";"dtu|dtupub|third_party";"";"2022-01-03T13:15:23.623Z";"Burup, Thorkil";"";"2292737523";"";"dtu";"2015";"";"";"";"";"thesis";"dtu|dtu_electronic|dtupub|dtupub_electronic";"";"";"";"";"";"";"";"";"";"";"";"";"";"Informationstek.|Master of Science in Computer Science and Engineering|Master of Science in Engineering|kandidat";"Informationstek.|Master of Science in Computer Science and Engineering|Master of Science in Engineering|kandidat";"Informationstek.|Master of Science in Computer Science and Engineering|Master of Science in Engineering|kandidat";"und";"56d754bbbf19455102000a15";"";"56d754bbbf19455102000a15";"DTU Department of Applied Mathematics and Computer Science";"sorbit";"sorbit";"Visualization and comparison of randomized search heuristics on random traveling salesperson problems|Visualisering og sammenligning af randomiserede søgeheuristikker pa tilfældige traveling salesperson-problemer"
"";"dtu|dtupub|third_party";"";"2022-01-03T13:12:13.045Z";"Frederiksen, Niklas";"";"2292735675";"";"dtu";"2015";"";"";"";"";"thesis";"dtu|dtu_electronic|dtupub|dtupub_electronic";"";"";"";"";"";"";"";"";"";"";"";"";"";"Bygningsdesign|Master of Science in Engineering|Master og Science in Architectural Engineering|kandidat";"Bygningsdesign|Master of Science in Engineering|Master og Science in Architectural Engineering|kandidat";"Bygningsdesign|Master of Science in Engineering|Master og Science in Architectural Engineering|kandidat";"und";"56d754b2bf194551020004af";"";"56d754b2bf194551020004af";"DTU Department of Civil Engineering";"sorbit";"sorbit";"Verification and development of a simplified Tool compared to moere advanced Building Simulations Programs and Measurements|Estimering af bygningsenergi og -indeklima ved simple beregningsprogrammer"
"";"dtu|dtupub|third_party";"";"2022-01-03T13:15:53.865Z";"Stotz, Philippe Maurice";"";"2292735906";"";"dtu";"2015";"";"";"";"";"thesis";"dtu|dtu_electronic|dtupub_external";"";"";"";"";"";"";"";"";"";"";"";"";"";"Master of Science in Engineering|Master of Science in Engineering Management|Planl. innovation og led.|kandidat";"Master of Science in Engineering|Master of Science in Engineering Management|Planl. innovation og led.|kandidat";"Master of Science in Engineering|Master of Science in Engineering Management|Planl. innovation og led.|kandidat";"und";"56d754b4bf19455102000570";"";"56d754b4bf19455102000570";"DTU Department of Technology, Management and Economics";"sorbit";"sorbit";"Application of Social Life Cycle Assessment in relation to production processes|Anvendelse af Social Livscyklusvurdering i forhold til produktionsprocesser"
"";"dtu|dtupub|third_party";"";"2022-01-03T13:15:43.835Z";"Papargyri, Natalia";"";"2292735760";"";"dtu";"2015";"";"";"";"";"thesis";"dtu|dtu_electronic|dtupub|dtupub_electronic";"";"";"";"";"";"";"";"";"";"";"";"";"";"Master of Science in Engineering|Master of science in Bioinformatics and Systems Biology|Systembiologi|kandidat";"Master of Science in Engineering|Master of science in Bioinformatics and Systems Biology|Systembiologi|kandidat";"Master of Science in Engineering|Master of science in Bioinformatics and Systems Biology|Systembiologi|kandidat";"und";"56d754b3bf194551020004f4";"";"56d754b3bf194551020004f4";"DTU Department of Biotechnology and Biomedicine";"sorbit";"sorbit";"Virtual ligand screening and experimental validation of chemokine receptor antagonists|Virtuel ligand screening og eksperimentel validering af chemokinreceptorantagonister"
"";"dtu|dtupub|third_party";"";"2022-01-03T13:15:59.878Z";"Gemynthe, Pernille Schellerup";"";"2292737149";"";"dtu";"2015";"";"";"";"";"thesis";"dtu|dtu_electronic|dtupub|dtupub_electronic";"";"";"";"";"";"";"";"";"";"";"";"";"";"åben udd.";"åben udd.";"åben udd.";"und";"56d754b9bf194551020008d5";"";"56d754b9bf194551020008d5";"DTU Department of Civil and Mechanical Engineering";"sorbit";"sorbit";"Estimate of risk and hazards from maritime traffic in the waters of Greenland|Estimering of risici ved sejlads i Grønlandske farvande"
"";"dtu|dtupub|third_party";"";"2022-01-03T13:15:50.781Z";"Larsen, Anne Cathrine";"";"2292736180";"";"dtu";"2015";"";"";"";"";"thesis";"dtu|dtu_electronic|dtupub|dtupub_electronic";"";"";"";"";"";"";"";"";"";"";"";"";"";"Design og inn.|Master of Science in Design and Innovation|Master of Science in Engineering|kandidat";"Design og inn.|Master of Science in Design and Innovation|Master of Science in Engineering|kandidat";"Design og inn.|Master of Science in Design and Innovation|Master of Science in Engineering|kandidat";"und";"56d754b5bf19455102000630";"";"56d754b5bf19455102000630";"DTU Department of Civil and Mechanical Engineering";"sorbit";"sorbit";"Prototyping as a Development Tool with a Focus on Designing in Wood|Prototyping som udviklingsværktøj med fokus pa design i træ."
"";"dtu|dtupub|third_party";"";"2022-01-03T13:16:12.293Z";"Dubovcová, Barbora";"";"2305633501";"";"dtu";"2016";"";"";"";"";"thesis";"dtu|dtu_electronic|dtupub|dtupub_electronic";"";"";"";"";"";"";"";"";"";"";"";"";"";"Fødevareteknologi|Master of Science in Engineering|Master of Science in Food Technology|kandidat";"Fødevareteknologi|Master of Science in Engineering|Master of Science in Food Technology|kandidat";"Fødevareteknologi|Master of Science in Engineering|Master of Science in Food Technology|kandidat";"und";"575ea7a1e6f951534a00f23e";"";"575ea7a1e6f951534a00f23e";"DTU DTU National Food Institute";"sorbit";"sorbit";"Inactivation of microorganisms on granular food products and model substrates by non-thermal plasma discharge|Inaktivering af mikroorganismer pa fødevarer ved hjælp af kold plasma"
"";"dtu|dtupub|third_party";"";"2022-01-03T13:08:29.348Z";"Peyrottes, Agathe Emma Pomme";"";"2306921160";"";"dtu";"2016";"";"";"";"";"thesis";"dtu|dtu_electronic|dtupub|dtupub_electronic";"";"";"";"";"";"";"";"";"";"";"";"";"";"Anvendt kemi|Master of Science in Advanced and Applied Chemistry|Master of Science in Engineering|kandidat";"Anvendt kemi|Master of Science in Advanced and Applied Chemistry|Master of Science in Engineering|kandidat";"Anvendt kemi|Master of Science in Advanced and Applied Chemistry|Master of Science in Engineering|kandidat";"und";"579dda436bbf232e700014b1";"";"579dda436bbf232e700014b1";"DTU Department of Chemistry";"sorbit";"sorbit";"Investigation of the stereochemical outcome of a Reformatsky reaction between an Ellman imine of a acetophenone and an ethyl a-halo-acetate|Undersøgelse af stereokemien af en Reformatsky reaktion mellem en Ellman imine af en acetophenon og et ethyl a-halo acetat."
"";"dtu|dtupub|third_party";"";"2022-01-06T23:53:49.328Z";"Rahbek, Rikke Sofie";"";"2306791728";"";"dtu";"2016";"";"";"";"";"thesis";"dtu|dtu_electronic|dtupub|dtupub_electronic";"";"";"";"";"";"";"";"";"";"";"";"";"";"Master of Science in Engineering|Master of Science in Medicine and Technology|Medicin og tek.|kandidat";"Master of Science in Engineering|Master of Science in Medicine and Technology|Medicin og tek.|kandidat";"Master of Science in Engineering|Master of Science in Medicine and Technology|Medicin og tek.|kandidat";"und";"579743cd6bbf232e7000103d";"";"579743cd6bbf232e7000103d";"DTU Department of Applied Mathematics and Computer Science";"sorbit";"sorbit";"Machine Learning for Prediction of Motor Training Outcome based on functional Magnetic Resonance Imaging|Machine learning til prediktion af motorisk Indlæring baseret pa hjerneskanning"
"";"dtu|dtupub|third_party";"";"2022-01-03T13:15:59.077Z";"Bagade, Paras";"";"2292735508";"";"dtu";"2015";"";"";"";"";"thesis";"dtu|dtu_electronic|dtupub|dtupub_electronic";"";"";"";"";"";"";"";"";"";"";"";"";"";"Elektrotek.|Master of Science in Electrical Engineering|Master of Science in Engineering|kandidat";"Elektrotek.|Master of Science in Electrical Engineering|Master of Science in Engineering|kandidat";"Elektrotek.|Master of Science in Electrical Engineering|Master of Science in Engineering|kandidat";"und";"56d754b1bf1945510200040d";"";"56d754b1bf1945510200040d";"DTU Department of Electrical Engineering";"sorbit";"sorbit";"Modelling future power systems in Real-Time Digital Simulator (RTDS)|Modellering af fremtidens elforsyningssystemer i en realtidssimulator (RTDS)"
"";"dtu|dtupub|third_party";"";"2022-01-03T13:16:15.584Z";"Gunnarsson, Bjarni Steinar";"";"2292734848";"";"dtu";"2015";"";"";"";"";"thesis";"dtu|dtu_electronic|dtupub|dtupub_electronic";"";"";"";"";"";"";"";"";"";"";"";"";"";"Konst. og mekanik|Master of Science in Engineering|Master of Science in Engineering Design and Applied Mechanics|kandidat";"Konst. og mekanik|Master of Science in Engineering|Master of Science in Engineering Design and Applied Mechanics|kandidat";"Konst. og mekanik|Master of Science in Engineering|Master of Science in Engineering Design and Applied Mechanics|kandidat";"und";"56d754adbf19455102000261";"";"56d754adbf19455102000261";"DTU Department of Civil and Mechanical Engineering";"sorbit";"sorbit";"Integration of an organic Rankine cycle unit in a biomass integrated gasification combined cycle plant|Integration af et organic Rankine cycle aggregat i en biomasse fyret integrated gasification combined cycle anlæg"
"";"dtu|dtupub|third_party";"";"2022-01-06T23:53:33.711Z";"Beder, Johannes";"";"2305633394";"";"dtu";"2016";"";"";"";"";"thesis";"dtu|dtu_electronic|dtupub_external";"";"";"";"";"";"";"";"";"";"";"";"";"";"Bioteknologi|Master of Science in Biotechnology|Master of Science in Engineering|kandidat";"Bioteknologi|Master of Science in Biotechnology|Master of Science in Engineering|kandidat";"Bioteknologi|Master of Science in Biotechnology|Master of Science in Engineering|kandidat";"und";"575ea69ae6f951534a00e5de";"";"575ea69ae6f951534a00e5de";"DTU Department of Biotechnology and Biomedicine";"sorbit";"sorbit";"Development and application of CRISPR/Cas9 system and standardized integrative expression vectors for metabolic engineering of Yarrow lipolytica|Udvikling og anvendelse af CRISPR/Cas9 system og standardiserede integrationsvektorer til metabolic engineering af Yarrowia lipolytica"
"";"dtu|dtupub|third_party";"";"2022-01-03T13:12:05.253Z";"Deleuran, Alexander Nymann";"";"2292734067";"";"dtu";"2016";"";"";"";"";"thesis";"dtu|dtu_electronic|dtupub_external";"";"";"";"";"";"";"";"";"";"";"";"";"";"Elektrotek.|Master of Science in Electrical Engineering|Master of Science in Engineering|kandidat";"Elektrotek.|Master of Science in Electrical Engineering|Master of Science in Engineering|kandidat";"Elektrotek.|Master of Science in Electrical Engineering|Master of Science in Engineering|kandidat";"und";"56d754a8bf19455102000052";"";"56d754a8bf19455102000052";"DTU Department of Electrical Engineering";"sorbit";"sorbit";"A Low-Power Low-Noise Front-End Circuit|Et front-end kredsløb med lav støj og lavt effektforbrug"
"";"dtu|dtupub|third_party";"";"2022-01-03T13:16:27.743Z";"Scocchera, Elisa";"";"2305633556";"";"dtu";"2016";"";"";"";"";"thesis";"dtu|dtu_electronic|dtupub|dtupub_electronic";"";"";"";"";"";"";"";"";"";"";"";"";"";"gæst udl.";"gæst udl.";"gæst udl.";"und";"575ea7e5e6f951534a00f573";"";"575ea7e5e6f951534a00f573";"DTU Department of Environmental and Resource Engineering";"sorbit";"sorbit";"Stochastic modelling of sewer water quality using high time resolution measurements|Stokastisk modellering af afløbsvand kvalitet med høj tidsopløsning malinger"
"";"dtu|dtupub|third_party";"";"2022-01-03T13:06:26.947Z";"Wlodarczyk, Marcin";"";"2350259835";"";"dtu";"2016";"";"";"";"";"thesis";"dtu|dtu_electronic|dtupub_external";"";"";"";"";"";"";"";"";"";"";"";"";"";"Master of Science in Engineering|Master of Science in Petroleum Engineering|Olie- og gastek.|kandidat";"Master of Science in Engineering|Master of Science in Petroleum Engineering|Olie- og gastek.|kandidat";"Master of Science in Engineering|Master of Science in Petroleum Engineering|Olie- og gastek.|kandidat";"und";"5863a94f517181c45e000005";"";"5863a94f517181c45e000005";"DTU Department of Applied Mathematics and Computer Science";"sorbit";"sorbit";"Comparing different Well Completions on the Performance of Water Flooding in Chalk Reservoirs|Sammenligning af betydningen af forskellige brønd-completions for ydeevnen"
"";"dtu|dtupub|third_party";"";"2022-01-03T13:12:29.030Z";"Isfeldt, Mortan|Davidsen, Albert Wieck";"";"2292734119";"";"dtu";"2016";"";"";"";"";"thesis";"dtu|dtu_electronic|dtupub|dtupub_electronic";"";"";"";"";"";"";"";"";"";"";"";"";"";"Elektrotek.|Master of Science in Electrical Engineering|Master of Science in Engineering|kandidat";"Elektrotek.|Master of Science in Electrical Engineering|Master of Science in Engineering|kandidat";"Elektrotek.|Master of Science in Electrical Engineering|Master of Science in Engineering|kandidat";"und";"56d754a9bf1945510200007f";"";"56d754a9bf1945510200007f";"DTU Department of Electrical Engineering";"sorbit";"sorbit";"Vibration reduction of twin engine ships via synchro phasing|Vibrationsreduktion af dobbeltmotorskib via fasesynkronisering"
"";"dtu|dtupub|third_party";"";"2022-01-03T13:16:18.431Z";"Christoffersen, Louis Moe Morbitzer";"";"2292734559";"";"dtu";"2016";"";"";"";"";"thesis";"dtu|dtu_electronic|dtupub|dtupub_electronic";"";"";"";"";"";"";"";"";"";"";"";"";"";"Byggetek.|Master of Science in Civil Engineering|Master of Science in Engineering|kandidat";"Byggetek.|Master of Science in Civil Engineering|Master of Science in Engineering|kandidat";"Byggetek.|Master of Science in Civil Engineering|Master of Science in Engineering|kandidat";"und";"56d754acbf19455102000181";"";"56d754acbf19455102000181";"DTU Department of Civil and Mechanical Engineering";"sorbit";"sorbit";"Truss topology optimization|Gittertopologioptimering"
"";"dtu|dtupub|third_party";"";"2022-01-03T13:16:18.308Z";"Winther, Mads";"";"2305633352";"";"dtu";"2016";"";"";"";"";"thesis";"dtu|dtu_electronic|dtupub|dtupub_electronic";"";"";"";"";"";"";"";"";"";"";"";"";"";"Anvendt kemi|Master of Science in Advanced and Applied Chemistry|Master of Science in Engineering|kandidat";"Anvendt kemi|Master of Science in Advanced and Applied Chemistry|Master of Science in Engineering|kandidat";"Anvendt kemi|Master of Science in Advanced and Applied Chemistry|Master of Science in Engineering|kandidat";"und";"575ea608e6f951534a00df81";"";"575ea608e6f951534a00df81";"DTU Department of Chemistry";"sorbit";"sorbit";"Enantioselective Synthesis of (+)- Sieboldine A|Enantioselektiv Syntese af (+)-Sieboldine A"
"";"dtu|dtupub|third_party";"";"2022-01-03T13:15:24.578Z";"Willumsen, Pelle Lundquist|Madsen, Simon";"";"2292736957";"";"dtu";"2015";"";"";"";"";"thesis";"dtu|dtu_electronic|dtupub_external";"";"";"";"";"";"";"";"";"";"";"";"";"";"Design og inn.|Master of Science in Design and Innovation|Master of Science in Engineering|kandidat";"Design og inn.|Master of Science in Design and Innovation|Master of Science in Engineering|kandidat";"Design og inn.|Master of Science in Design and Innovation|Master of Science in Engineering|kandidat";"und";"56d754b8bf1945510200082a";"";"56d754b8bf1945510200082a";"DTU Department of Civil and Mechanical Engineering";"sorbit";"sorbit";"Disruptive Innovation at NovoNordisk|Disruptive Innovation hos NovoNordisk"
"";"dtu|dtupub|third_party";"";"2022-01-03T13:15:25.857Z";"Hansen, Rune Engelberth";"";"2292737225";"";"dtu";"2015";"";"";"";"";"thesis";"dtu|dtu_electronic|dtupub|dtupub_electronic";"";"";"";"";"";"";"";"";"";"";"";"";"";"Konst. og mekanik|Master of Science in Engineering|Master of Science in Engineering Design and Applied Mechanics|kandidat";"Konst. og mekanik|Master of Science in Engineering|Master of Science in Engineering Design and Applied Mechanics|kandidat";"Konst. og mekanik|Master of Science in Engineering|Master of Science in Engineering Design and Applied Mechanics|kandidat";"und";"56d754babf19455102000921";"";"56d754babf19455102000921";"DTU Department of Civil and Mechanical Engineering";"sorbit";"sorbit";"Analysis of process variables influence on the reproducibility of sand casting processes|Analyse af procesvariable der pavirker ensartethed i sandstøbning."
"";"dtu|dtupub|third_party";"";"2022-01-03T13:15:36.887Z";"Ippoliti, Michele";"";"2292737075";"";"dtu";"2015";"";"";"";"";"thesis";"dtu|dtu_electronic|dtupub|dtupub_electronic";"";"";"";"";"";"";"";"";"";"";"";"";"";"Konst. og mekanik|Master of Science in Engineering|Master of Science in Engineering Design and Applied Mechanics|kandidat";"Konst. og mekanik|Master of Science in Engineering|Master of Science in Engineering Design and Applied Mechanics|kandidat";"Konst. og mekanik|Master of Science in Engineering|Master of Science in Engineering Design and Applied Mechanics|kandidat";"und";"56d754b9bf1945510200088a";"";"56d754b9bf1945510200088a";"DTU Department of Civil and Mechanical Engineering";"sorbit";"sorbit";"Hydraulic and multibody analysis and simulation of an industrial manipulator|Hydraulisk og mekanisk analyse og simulering af en industriel manipulator"
"";"dtu|dtupub|third_party";"";"2022-01-03T13:15:37.532Z";"Kølgaard, Rikke Mia Grave";"";"2292737091";"";"dtu";"2015";"";"";"";"";"thesis";"dtu|dtu_electronic|dtupub_external";"";"";"";"";"";"";"";"";"";"";"";"";"";"Anvendt kemi|Master of Science in Advanced and Applied Chemistry|Master of Science in Engineering|kandidat";"Anvendt kemi|Master of Science in Advanced and Applied Chemistry|Master of Science in Engineering|kandidat";"Anvendt kemi|Master of Science in Advanced and Applied Chemistry|Master of Science in Engineering|kandidat";"und";"56d754b9bf1945510200089c";"";"56d754b9bf1945510200089c";"DTU Department of Chemistry";"sorbit";"sorbit";"Investigating adhesives used in ostomy products - A study of adhesive forces and the effect of ileostomy-output on adhesion, using a ‘Skin/adhesive/output’-model system|Klæbestoffer der anvendes i stomiprodukter – En undersøgelse af effekten af ileostomi-outputtet pa vedhæftningkræfterne et hud/klæbemiddel/output-modelsystem."
"";"dtu|dtupub|third_party";"";"2022-01-03T13:15:52.066Z";"Rasmussen, Mai-Britt Dedenroth|Jensen, Rie";"";"2292736165";"";"dtu";"2015";"";"";"";"";"thesis";"dtu|dtu_electronic|dtupub|dtupub_electronic";"";"";"";"";"";"";"";"";"";"";"";"";"";"Master of Science in Engineering|Master of Science in Transportation and Logistics|Transp. og logistik|kandidat";"Master of Science in Engineering|Master of Science in Transportation and Logistics|Transp. og logistik|kandidat";"Master of Science in Engineering|Master of Science in Transportation and Logistics|Transp. og logistik|kandidat";"und";"56d754b5bf19455102000622";"";"56d754b5bf19455102000622";"DTU Department of Transport";"sorbit";"sorbit";"Upgrade of Regional Railway Lines|Opgradering af regionalbaner"
"";"dtu|dtupub|third_party";"";"2022-01-03T13:15:47.782Z";"Klingest, Adam Hoffmann";"";"2292736131";"";"dtu";"2015";"";"";"";"";"thesis";"dtu|dtu_electronic|dtupub|dtupub_electronic";"";"";"";"";"";"";"";"";"";"";"";"";"";"Elektrotek.|Master of Science in Electrical Engineering|Master of Science in Engineering|kandidat";"Elektrotek.|Master of Science in Electrical Engineering|Master of Science in Engineering|kandidat";"Elektrotek.|Master of Science in Electrical Engineering|Master of Science in Engineering|kandidat";"und";"56d754b5bf1945510200060d";"";"56d754b5bf1945510200060d";"DTU Department of Electrical Engineering";"sorbit";"sorbit";"Experimental verification of the impact of control of PV and battery on voltage and current issues in the distribution grid|Eksperimentel verifikation af indvirkningen af styring af PV og batteri pa spænding og strøm i distributionsnettet"
"";"dtu|dtupub|third_party";"";"2022-01-03T13:15:51.465Z";"Ahkami, Mehrdad";"";"2292735529";"";"dtu";"2015";"";"";"";"";"thesis";"dtu|dtu_electronic|dtupub|dtupub_electronic";"";"";"";"";"";"";"";"";"";"";"";"";"";"Master of Science in Engineering|Master of Science in Petroleum Engineering|Olie- og gastek.|kandidat";"Master of Science in Engineering|Master of Science in Petroleum Engineering|Olie- og gastek.|kandidat";"Master of Science in Engineering|Master of Science in Petroleum Engineering|Olie- og gastek.|kandidat";"und";"56d754b1bf19455102000420";"";"56d754b1bf19455102000420";"DTU Department of Chemical and Biochemical Engineering";"sorbit";"sorbit";"Smart waterflooding of petroleum reservoirs: verifying the models with experimental data|Smart vandinjektion i oliereservoirer: Test af modeller i sammenligningen med eksperimentalle data"
"";"dtu|dtupub|third_party";"";"2022-01-03T13:11:38.561Z";"Mortensen, Rasmus Meyer";"";"2292735513";"";"dtu";"2015";"";"";"";"";"thesis";"dtu|dtu_electronic|dtupub_external";"";"";"";"";"";"";"";"";"";"";"";"";"";"Fysik og nanotek.|Master of Science in Engineering|Master of Science in Physics and Nanotechnology|kandidat";"Fysik og nanotek.|Master of Science in Engineering|Master of Science in Physics and Nanotechnology|kandidat";"Fysik og nanotek.|Master of Science in Engineering|Master of Science in Physics and Nanotechnology|kandidat";"und";"56d754b1bf19455102000411";"";"56d754b1bf19455102000411";"DTU Department of Micro- and Nanotechnology";"sorbit";"sorbit";"Eddy Current Effects in Packaging for Magnetic Field Sensors for AC Current Mapping|Hvirvelstrømseffekter i indpakning af magnetfeltssensorer til kortlægning af AC strømme"
"";"dtu|dtupub|third_party";"";"2022-01-03T13:15:24.562Z";"Boutaleb, Driss";"";"2292737687";"";"dtu";"2015";"";"";"";"";"thesis";"dtu|dtu_electronic|dtupub_external";"";"";"";"";"";"";"";"";"";"";"";"";"";"Master of Science in Engineering|Master of Science in Wind Energy|Vindenergi|kandidat";"Master of Science in Engineering|Master of Science in Wind Energy|Vindenergi|kandidat";"Master of Science in Engineering|Master of Science in Wind Energy|Vindenergi|kandidat";"und";"56d754bcbf19455102000ab6";"";"56d754bcbf19455102000ab6";"DTU Department of Wind and Energy Systems";"sorbit";"sorbit";"Guyed wind turbine for offshore application|Vindmølle med wiretarn til offshore brug"
"";"dtu|dtupub|third_party";"";"2022-01-03T13:11:37.084Z";"Jensen, Kristian Lundgaard";"";"2292734178";"";"dtu";"2016";"";"";"";"";"thesis";"dtu|dtu_electronic|dtupub_external";"";"";"";"";"";"";"";"";"";"";"";"";"";"Fysik og nanotek.|Master of Science in Engineering|Master of Science in Physics and Nanotechnology|kandidat";"Fysik og nanotek.|Master of Science in Engineering|Master of Science in Physics and Nanotechnology|kandidat";"Fysik og nanotek.|Master of Science in Engineering|Master of Science in Physics and Nanotechnology|kandidat";"und";"56d754aabf1945510200009d";"";"56d754aabf1945510200009d";"DTU Department of Electrical and Photonics Engineering";"sorbit";"sorbit";"Compact ROD amplifier with dual-pass amplification scheme|Kompakt ROD forstærker med dobbeltpas forstærkerkonfiguration"
"";"dtu|dtupub|third_party";"";"2022-01-03T13:16:02.703Z";"Saad, Ismail Bilal";"";"2305633348";"";"dtu";"2016";"";"";"";"";"thesis";"dtu|dtu_electronic|dtupub_external";"";"";"";"";"";"";"";"";"";"";"";"";"";"Master of Science in Engineering|Master of Science in Materials and Manufacturing Engineering|Materialetek.|kandidat";"Master of Science in Engineering|Master of Science in Materials and Manufacturing Engineering|Materialetek.|kandidat";"Master of Science in Engineering|Master of Science in Materials and Manufacturing Engineering|Materialetek.|kandidat";"und";"575ea5fce6f951534a00def9";"";"575ea5fce6f951534a00def9";"DTU Department of Civil and Mechanical Engineering";"sorbit";"sorbit";"Electrochemical investigations of cathodic protecting paints|Elektrokemiske undersøgelser af katodisk beskyttende malinger."
"";"dtu|dtupub|third_party";"";"2022-01-06T23:53:52.381Z";"Mendez, Julio Alamo";"";"2344805526";"";"dtu";"2016";"";"";"";"";"thesis";"dtu|dtu_electronic|dtupub|dtupub_electronic";"";"";"";"";"";"";"";"";"";"";"";"";"";"Elektrotek.|Master of Science in Electrical Engineering|Master of Science in Engineering|kandidat";"Elektrotek.|Master of Science in Electrical Engineering|Master of Science in Engineering|kandidat";"Elektrotek.|Master of Science in Electrical Engineering|Master of Science in Engineering|kandidat";"und";"57dbd0c71f4bfa107d00001c";"";"57dbd0c71f4bfa107d00001c";"DTU Department of Electrical Engineering";"sorbit";"sorbit";"Develop LV grid models for power quality analysis with high share of PV and EV|Udvikle lavspændingsnet modeller for spændingskvalitetsanalyse med med høj andel af PV og EV"
"";"dtu|dtupub|third_party";"";"2022-01-03T13:09:08.361Z";"Koed, Jakob Skovgaard";"";"2306781494";"";"dtu";"2016";"";"";"";"";"thesis";"dtu|dtu_electronic|dtupub|dtupub_electronic";"";"";"";"";"";"";"";"";"";"";"";"";"";"Master of Science in Engineering|Master of Science in Transportation and Logistics|Transp. og logistik|kandidat";"Master of Science in Engineering|Master of Science in Transportation and Logistics|Transp. og logistik|kandidat";"Master of Science in Engineering|Master of Science in Transportation and Logistics|Transp. og logistik|kandidat";"und";"5795f18e6bbf232e70000ad4";"";"5795f18e6bbf232e70000ad4";"DTU Department of Transport";"sorbit";"sorbit";"Cost-Benefit analysis with agglomeration - A case study|Cost benefit analyse med agglomeration - A case study"
"";"dtu|dtupub|third_party";"";"2022-01-03T13:16:00.532Z";"Nicolaisen, Frederik Sewerin";"";"2292735276";"";"dtu";"2015";"";"";"";"";"thesis";"dtu|dtu_electronic|dtupub|dtupub_electronic";"";"";"";"";"";"";"";"";"";"";"";"";"";"Byggetek.|Master of Science in Civil Engineering|Master of Science in Engineering|kandidat";"Byggetek.|Master of Science in Civil Engineering|Master of Science in Engineering|kandidat";"Byggetek.|Master of Science in Civil Engineering|Master of Science in Engineering|kandidat";"und";"56d754b0bf1945510200036f";"";"56d754b0bf1945510200036f";"DTU Department of Civil Engineering";"sorbit";"sorbit";"Perforated Plates as passive Fire Protection against Vertical Fire Spread in multi storey Buildings|Perforeret plade som passivt brandsikkerhedstiltag mod vertikal brandspredning i fleretagers byggeri"
"";"dtu|dtupub|third_party";"";"2022-01-03T13:07:28.640Z";"Skrydstrup, Julie";"";"2341622289";"";"dtu";"2016";"";"";"";"";"thesis";"dtu|dtu_electronic|dtupub_external";"";"";"";"";"";"";"";"";"";"";"";"";"";"Master of Science in Engineering|Master of Science in Environmental Engineering|Miljøteknologi|kandidat";"Master of Science in Engineering|Master of Science in Environmental Engineering|Miljøteknologi|kandidat";"Master of Science in Engineering|Master of Science in Environmental Engineering|Miljøteknologi|kandidat";"und";"57b8383f3e47d6ad7700002e";"";"57b8383f3e47d6ad7700002e";"DTU Department of Environmental and Resource Engineering";"sorbit";"sorbit";"Eco-efficiency of wastewater treatment and reuse at dairies using Grundfos Biobooster|Eco-efficiency vurdering af spildevandsbehandling og -genbrug pa mejerier med Grundfos Biobooster ."
"";"dtu|dtupub|third_party";"";"2022-01-03T13:16:22.254Z";"Nielsen, Jakob Gøttrup";"";"2292734245";"";"dtu";"2016";"";"";"";"";"thesis";"dtu|dtu_electronic|dtupub_external";"";"";"";"";"";"";"";"";"";"";"";"";"";"Master of Science in Engineering|Master of Science in Mathematical Modelling and Computation|Mat. modellering|kandidat";"Master of Science in Engineering|Master of Science in Mathematical Modelling and Computation|Mat. modellering|kandidat";"Master of Science in Engineering|Master of Science in Mathematical Modelling and Computation|Mat. modellering|kandidat";"und";"56d754aabf194551020000cb";"";"56d754aabf194551020000cb";"DTU Department of Applied Mathematics and Computer Science";"sorbit";"sorbit";"Machine Learning in Financial Wealth Planning|Machine learning i finansiel formueplanlægning"
"";"dtu|dtupub|third_party";"";"2022-01-03T13:12:27.451Z";"Nielsen, Josefine Holm";"";"2292734232";"";"dtu";"2016";"";"";"";"";"thesis";"dtu|dtu_electronic|dtupub|dtupub_electronic";"";"";"";"";"";"";"";"";"";"";"";"";"";"Fotonik|Master of Science in Engineering|Master of Science in Photonics Engineering|kandidat";"Fotonik|Master of Science in Engineering|Master of Science in Photonics Engineering|kandidat";"Fotonik|Master of Science in Engineering|Master of Science in Photonics Engineering|kandidat";"und";"56d754aabf194551020000c4";"";"56d754aabf194551020000c4";"DTU Department of Electrical and Photonics Engineering";"sorbit";"sorbit";"Optical properties of diatomic frustules from UV-A to NIR|Optiske egenskaber af kiselalgeskaller fra UV-A til NIR"
"";"dtu|dtupub|third_party";"";"2022-01-03T13:13:04.447Z";"Neraidas, Nikolaos";"";"2307020218";"";"dtu";"2016";"";"";"";"";"thesis";"dtu|dtu_electronic|dtupub_external";"";"";"";"";"";"";"";"";"";"";"";"";"";"Bæredygtig energi|Master of Science in Engineering|Master of Science in Sustainable Energy|kandidat";"Bæredygtig energi|Master of Science in Engineering|Master of Science in Sustainable Energy|kandidat";"Bæredygtig energi|Master of Science in Engineering|Master of Science in Sustainable Energy|kandidat";"und";"57a1ceed12855c654e0001f3";"";"57a1ceed12855c654e0001f3";"DTU Department of Wind and Energy Systems";"sorbit";"sorbit";"Modelling the energy production and wind farm wake of large offshore wind farm|Modellering af energiproduktionen og vindparkskygge effekter af havvindm ølleparker"
"";"dtu|dtupub|third_party";"";"2022-01-03T13:09:03.298Z";"Gottschalck-Andersen, Jacob Rom";"";"2306852155";"";"dtu";"2016";"";"";"";"";"thesis";"dtu|dtu_electronic|dtupub_external";"";"";"";"";"";"";"";"";"";"";"";"";"";"Kemisk/biokemisk tek.|Master of Science in Chemical and Biochemical Engineering|Master of Science in Engineering|kandidat";"Kemisk/biokemisk tek.|Master of Science in Chemical and Biochemical Engineering|Master of Science in Engineering|kandidat";"Kemisk/biokemisk tek.|Master of Science in Chemical and Biochemical Engineering|Master of Science in Engineering|kandidat";"und";"5799e5ca6bbf232e7000121c";"";"5799e5ca6bbf232e7000121c";"DTU Department of Chemical and Biochemical Engineering";"sorbit";"sorbit";"Modelling of drying and its effects on catalytic activity|Modellering af tørring og effekten pa katalytisk aktivitet"
"";"dtu|dtupub|third_party";"";"2022-01-03T13:12:58.118Z";"Fabiani, Jacopo";"";"2524896202";"";"dtu";"2016";"";"";"";"";"thesis";"dtu|dtu_electronic|dtupub|dtupub_electronic";"";"";"";"";"";"";"";"";"";"";"";"";"";"Informationstek.|Master of Science in Computer Science and Engineering|Master of Science in Engineering|kandidat";"Informationstek.|Master of Science in Computer Science and Engineering|Master of Science in Engineering|kandidat";"Informationstek.|Master of Science in Computer Science and Engineering|Master of Science in Engineering|kandidat";"und";"578a13c96bbf232e70000186";"";"578a13c96bbf232e70000186";"DTU Department of Applied Mathematics and Computer Science";"sorbit";"sorbit";"Random Access in Grammar Compressed Strings|Opslag i grammatikkomprimerede strenge"
"";"dtu|dtupub|third_party";"";"2022-01-03T13:11:44.987Z";"Ahm, Christian Crüger";"";"2292735863";"";"dtu";"2015";"";"";"";"";"thesis";"dtu|dtu_electronic|dtupub|dtupub_electronic";"";"";"";"";"";"";"";"";"";"";"";"";"";"Byggetek.|Master of Science in Civil Engineering|Master of Science in Engineering|kandidat";"Byggetek.|Master of Science in Civil Engineering|Master of Science in Engineering|kandidat";"Byggetek.|Master of Science in Civil Engineering|Master of Science in Engineering|kandidat";"und";"56d754b4bf1945510200054c";"";"56d754b4bf1945510200054c";"DTU Department of Civil and Mechanical Engineering";"sorbit";"sorbit";"Coupled bending-torsion vibrations of thin-walled beams with asymmetric cross sections|Koblede bøjnings-vridningssvingninger for tyndvæggede bjælker med asymmetriske tværsnit"
"";"dtu|dtupub|third_party";"";"2022-01-03T13:12:56.747Z";"Layer, Manuel";"";"2306312696";"";"dtu";"2016";"";"";"";"";"thesis";"dtu|dtu_electronic|dtupub|dtupub_electronic";"";"";"";"";"";"";"";"";"";"";"";"";"";"gæst udl.";"gæst udl.";"gæst udl.";"und";"577a424537562d157a000121";"";"577a424537562d157a000121";"DTU Department of Environmental and Resource Engineering";"sorbit";"sorbit";"A biorefinery concept based on microalgae cultivation coupled with CO2 removal from biogas|Et bioraffinaderi koncept baseret pa mikroalger dyrkning kombineret med CO2-fjernelse fra biogas."
"";"dtu|dtupub|third_party";"";"2022-01-11T08:43:37.317Z";"Wang, Ran";"";"2342057182";"";"dtu";"2016";"";"";"";"";"thesis";"dtu|dtu_electronic|dtupub|dtupub_electronic";"";"";"";"";"";"";"";"";"";"";"";"";"";"Master of Science in Engineering|Master of Science in Mathematical Modelling and Computation|Mat. modellering|kandidat";"Master of Science in Engineering|Master of Science in Mathematical Modelling and Computation|Mat. modellering|kandidat";"Master of Science in Engineering|Master of Science in Mathematical Modelling and Computation|Mat. modellering|kandidat";"und";"57becfd5febd22f360000215";"";"57becfd5febd22f360000215";"DTU Department of Applied Mathematics and Computer Science";"sorbit";"sorbit";"Text mining and data analytics for analysis of slug formation in offshore oil/gas pipelines|Text mining og dataanalyse i relation til dannelse af ""slug"" i offshore olie/gas rørledninger"
"";"dtu|dtupub|third_party";"";"2022-01-06T23:53:39.916Z";"Steig, Bjarti A|Lazic, Aleksandar";"";"2307101897";"";"dtu";"2016";"";"";"";"";"thesis";"dtu|dtu_electronic|dtupub_external";"";"";"";"";"";"";"";"";"";"";"";"";"";"Design og inn.|Master of Science in Design and Innovation|Master of Science in Engineering|kandidat";"Design og inn.|Master of Science in Design and Innovation|Master of Science in Engineering|kandidat";"Design og inn.|Master of Science in Design and Innovation|Master of Science in Engineering|kandidat";"und";"57a5c33c12855c654e0003d0";"";"57a5c33c12855c654e0003d0";"DTU Department of Civil and Mechanical Engineering";"sorbit";"sorbit";"Designing ""The Infinite Shelving System""|Design af ""The Infinite Shelving System"""
"";"dtu|dtupub|third_party";"";"2022-01-03T13:11:44.964Z";"Andersen, Rasmus Vang";"";"2524896218";"";"dtu";"2015";"";"";"";"";"thesis";"dtu|dtu_electronic|dtupub_external";"";"";"";"";"";"";"";"";"";"";"";"";"";"Master of Science in Engineering|Master of Science in Engineering Management|Planl. innovation og led.|kandidat";"Master of Science in Engineering|Master of Science in Engineering Management|Planl. innovation og led.|kandidat";"Master of Science in Engineering|Master of Science in Engineering Management|Planl. innovation og led.|kandidat";"und";"56d754b6bf1945510200066e";"";"56d754b6bf1945510200066e";"DTU Department of Technology, Management and Economics";"sorbit";"sorbit";"Suggestions for increasing organisational transparency by improving performance management practices through a case study of Novo Nordisk A/S - Regulatory Affairs CMC Insulins|Forslag til at øge organisatorisk transparens ved at forbedre performance management praksis gennem et feltstudie af Novo Nordisk A/S - Regulatory Affairs CMC Insulins"
"";"dtu|dtupub|third_party";"";"2022-01-03T13:15:27.986Z";"Nielsen, Agnieszka Anna Fraszczak";"";"2292737418";"";"dtu";"2015";"";"";"";"";"thesis";"dtu|dtu_electronic|dtupub|dtupub_electronic";"";"";"";"";"";"";"";"";"";"";"";"";"";"Master of Science in Engineering|Master of Science in Environmental Engineering|Miljøteknologi|kandidat";"Master of Science in Engineering|Master of Science in Environmental Engineering|Miljøteknologi|kandidat";"Master of Science in Engineering|Master of Science in Environmental Engineering|Miljøteknologi|kandidat";"und";"56d754babf194551020009b8";"";"56d754babf194551020009b8";"DTU Department of Environmental and Resource Engineering";"sorbit";"sorbit";"Modelling of heat and gas transport in a biocover system|Modellering af transport af varme og gas i et biocoversystem"
"";"dtu|dtupub|third_party";"";"2022-01-03T13:15:24.940Z";"Christensen, Trine Holm";"";"2292737373";"";"dtu";"2015";"";"";"";"";"thesis";"dtu|dtu_electronic|dtupub|dtupub_electronic";"";"";"";"";"";"";"";"";"";"";"";"";"";"Geofysik og rumtek.|Master of Science|Master of Science in Engineering|kandidat";"Geofysik og rumtek.|Master of Science|Master of Science in Engineering|kandidat";"Geofysik og rumtek.|Master of Science|Master of Science in Engineering|kandidat";"und";"56d754babf1945510200099c";"";"56d754babf1945510200099c";"DTU Department of Space Research and Space Technology";"sorbit";"sorbit";"Silicon Drift Detector for X-ray Astrophysics|Silicium baseret driftdetektor til røntgenastrofysik"
"";"dtu|dtupub|third_party";"";"2022-01-03T13:15:30.084Z";"Elsøe, Katrine";"";"2292737351";"";"dtu";"2015";"";"";"";"";"thesis";"dtu|dtu_electronic|dtupub_external";"";"";"";"";"";"";"";"";"";"";"";"";"";"Anvendt kemi|Master of Science in Advanced and Applied Chemistry|Master of Science in Engineering|kandidat";"Anvendt kemi|Master of Science in Advanced and Applied Chemistry|Master of Science in Engineering|kandidat";"Anvendt kemi|Master of Science in Advanced and Applied Chemistry|Master of Science in Engineering|kandidat";"und";"56d754babf19455102000988";"";"56d754babf19455102000988";"DTU Department of Chemistry";"sorbit";"sorbit";"In situ spectroscopy of catalysts during activation and operation|In situ spektroskopi af katalysatorer under aktivering og drift""."
"";"dtu|dtupub|third_party";"";"2022-01-03T13:13:04.883Z";"Pedersen, Thomas Grand";"";"2321127598";"";"dtu";"2016";"";"";"";"";"thesis";"dtu|dtu_electronic|dtupub|dtupub_electronic";"";"";"";"";"";"";"";"";"";"";"";"";"";"Konst. og mekanik|Master of Science in Engineering|Master of Science in Engineering Design and Applied Mechanics|kandidat";"Konst. og mekanik|Master of Science in Engineering|Master of Science in Engineering Design and Applied Mechanics|kandidat";"Konst. og mekanik|Master of Science in Engineering|Master of Science in Engineering Design and Applied Mechanics|kandidat";"und";"57b1a0c49baf2b177e000297";"";"57b1a0c49baf2b177e000297";"DTU Department of Civil and Mechanical Engineering";"sorbit";"sorbit";"Active Control Force in Fluid Film Bearings - An Experimental Parameter Study|Aktive reguleringskrafter i hydrodynamiske lejer - Eksperimentel parameter undersøgelse"
"";"dtu|dtupub|third_party";"";"2022-01-03T13:15:46.582Z";"Mitrana, Marius-Adrian";"";"2292735148";"";"dtu";"2015";"";"";"";"";"thesis";"dtu|dtu_electronic|dtupub|dtupub_electronic";"";"";"";"";"";"";"";"";"";"";"";"";"";"Byggetek.|Master of Science in Civil Engineering|Master of Science in Engineering|kandidat";"Byggetek.|Master of Science in Civil Engineering|Master of Science in Engineering|kandidat";"Byggetek.|Master of Science in Civil Engineering|Master of Science in Engineering|kandidat";"und";"56d754afbf1945510200031e";"";"56d754afbf1945510200031e";"DTU Department of Civil Engineering";"sorbit";"sorbit";"Investigation of the Sheet Pile Walls in Plane Direction|Spunsvæggeanalyse af aksial belastning"
"";"dtu|dtupub|third_party";"";"2026-04-01T00:17:31.445Z";"Pouliasi, Aliki";"";"2881232087";"";"dtu";"2016";"";"";"";"";"thesis";"dtu|dtu_electronic|dtupub|dtupub_electronic";"";"";"";"";"";"";"";"";"";"";"";"";"";"Master of Science in Engineering|Master of Science in Transportation and Logistics|Transp. og logistik|kandidat";"Master of Science in Engineering|Master of Science in Transportation and Logistics|Transp. og logistik|kandidat";"Master of Science in Engineering|Master of Science in Transportation and Logistics|Transp. og logistik|kandidat";"und";"69cc62611bfa1232fc64c99a";"";"69cc62611bfa1232fc64c99a";"DTU Department of Transport";"sorbit";"sorbit";"Strategic & Operational design of a hinterland transportation network: An exploration of synchromodality|Strategisk og Operationel udformning af et baglands transportnetværk: En udforskning af synkromodalitet"
"";"dtu|dtupub|third_party";"";"2022-01-03T13:15:58.994Z";"Ullvius, Nicolás Cobos";"";"2292735131";"";"dtu";"2015";"";"";"";"";"thesis";"dtu|dtu_electronic|dtupub|dtupub_electronic";"";"";"";"";"";"";"";"";"";"";"";"";"";"Bæredygtig energi|Master of Science in Engineering|Master of Science in Sustainable Energy|kandidat";"Bæredygtig energi|Master of Science in Engineering|Master of Science in Sustainable Energy|kandidat";"Bæredygtig energi|Master of Science in Engineering|Master of Science in Sustainable Energy|kandidat";"und";"56d754afbf1945510200030d";"";"56d754afbf1945510200030d";"DTU Department of Civil and Mechanical Engineering";"sorbit";"sorbit";"Design of polygeneration system based on solar power and solid oxide cells|Design af multigeneration kraftværk baseret pa solenergi og fasteoxidceller"
"";"dtu|dtupub|third_party";"";"2022-01-03T13:11:06.579Z";"Kalhauge, Christian Gram";"";"2292737745";"";"dtu";"2015";"";"";"";"";"thesis";"dtu|dtu_electronic|dtupub|dtupub_electronic";"";"";"";"";"";"";"";"";"";"";"";"";"";"Informationstek.|Master of Science in Computer Science and Engineering|Master of Science in Engineering|kandidat";"Informationstek.|Master of Science in Computer Science and Engineering|Master of Science in Engineering|kandidat";"Informationstek.|Master of Science in Computer Science and Engineering|Master of Science in Engineering|kandidat";"und";"56d754bcbf19455102000aec";"";"56d754bcbf19455102000aec";"DTU Department of Applied Mathematics and Computer Science";"sorbit";"sorbit";"Finding concurrency bugs in Java programs|Opdagelse af fejl i parallelle Java programmer"
"";"dtu|dtupub|third_party";"";"2022-01-03T13:07:31.875Z";"Garg, Nipun";"";"2306791145";"";"dtu";"2016";"";"";"";"";"thesis";"dtu|dtu_electronic|dtupub|dtupub_electronic";"";"";"";"";"";"";"";"";"";"";"";"";"";"Master of Science in Engineering|Master of Science in Petroleum Engineering|Olie- og gastek.|kandidat";"Master of Science in Engineering|Master of Science in Petroleum Engineering|Olie- og gastek.|kandidat";"Master of Science in Engineering|Master of Science in Petroleum Engineering|Olie- og gastek.|kandidat";"und";"579743886bbf232e70000e37";"";"579743886bbf232e70000e37";"DTU Department of Chemical and Biochemical Engineering";"sorbit";"sorbit";"Fines formation during CO2 low salinity WAG (CO2LSWAG) EOR|Dannelse af fine partikler under CO2 low salinity WAG (CO2LSWAG) EOR"
"";"dtu|dtupub|third_party";"";"2022-01-03T13:11:58.665Z";"Bansal, Dheeraj Kumar";"";"2292736482";"";"dtu";"2015";"";"";"";"";"thesis";"dtu|dtu_electronic|dtupub|dtupub_electronic";"";"";"";"";"";"";"";"";"";"";"";"";"";"Master of Science in Engineering|Master of Science in Engineering, Security and Mobile Computing|Security and Mobile|kandidat";"Master of Science in Engineering|Master of Science in Engineering, Security and Mobile Computing|Security and Mobile|kandidat";"Master of Science in Engineering|Master of Science in Engineering, Security and Mobile Computing|Security and Mobile|kandidat";"und";"56d754b7bf194551020006d0";"";"56d754b7bf194551020006d0";"DTU Department of Applied Mathematics and Computer Science";"sorbit";"sorbit";"Non-identifying Data Management Systems|Ikke identificerende elektroniske data behandlingssystemer"
"";"dtu|dtupub|third_party";"";"2022-01-03T13:11:50.720Z";"Eberlei, Geske Linnea";"";"2292734927";"";"dtu";"2015";"";"";"";"";"thesis";"dtu|dtu_electronic|dtupub|dtupub_electronic";"";"";"";"";"";"";"";"";"";"";"";"";"";"Akustisk tek.|Master of Science in Engineering|Master of Science in Engineering Acoustics|kandidat";"Akustisk tek.|Master of Science in Engineering|Master of Science in Engineering Acoustics|kandidat";"Akustisk tek.|Master of Science in Engineering|Master of Science in Engineering Acoustics|kandidat";"und";"56d754aebf1945510200028e";"";"56d754aebf1945510200028e";"DTU Department of Electrical Engineering";"sorbit";"sorbit";"Variable acoustic systems of a typical gym hall for classical music|Variable akustiske systemer i en typisk gymnastik hal for klassisk musik"
"";"dtu|dtupub|third_party";"";"2022-01-03T13:11:33.293Z";"Jakobsen, Aske Bay";"";"2292737089";"";"dtu";"2015";"";"";"";"";"thesis";"dtu|dtu_electronic|dtupub|dtupub_electronic";"";"";"";"";"";"";"";"";"";"";"";"";"";"Elektrotek.|Master of Science in Electrical Engineering|Master of Science in Engineering|kandidat";"Elektrotek.|Master of Science in Electrical Engineering|Master of Science in Engineering|kandidat";"Elektrotek.|Master of Science in Electrical Engineering|Master of Science in Engineering|kandidat";"und";"56d754b9bf19455102000896";"";"56d754b9bf19455102000896";"DTU Department of Electrical Engineering";"sorbit";"sorbit";"Crop row navigation for autonomous field robot|Navigation i rækkeafgrøde med autonom markrobot"
"";"dtu|dtupub|third_party";"";"2022-01-03T13:12:12.330Z";"Leth-Espensen, Anna";"";"2305633336";"";"dtu";"2016";"";"";"";"";"thesis";"dtu|dtu_electronic|dtupub_external";"";"";"";"";"";"";"";"";"";"";"";"";"";"Kemisk/biokemisk tek.|Master of Science in Chemical and Biochemical Engineering|Master of Science in Engineering|kandidat";"Kemisk/biokemisk tek.|Master of Science in Chemical and Biochemical Engineering|Master of Science in Engineering|kandidat";"Kemisk/biokemisk tek.|Master of Science in Chemical and Biochemical Engineering|Master of Science in Engineering|kandidat";"und";"575ea59de6f951534a00dac1";"";"575ea59de6f951534a00dac1";"DTU Department of Chemical and Biochemical Engineering";"sorbit";"sorbit";"Mathematical Modeling of Coffee Extraction in Packed Beds|Matematisk modellering af kaffeekstraktion i pakkede kolonner"
"";"dtu|dtupub|third_party";"";"2022-01-03T13:11:49.353Z";"Chew, Chia Weei";"";"2292735565";"";"dtu";"2015";"";"";"";"";"thesis";"dtu|dtu_electronic|dtupub|dtupub_electronic";"";"";"";"";"";"";"";"";"";"";"";"";"";"Master of Science in Engineering|Master of Science in Environmental Engineering|Miljøteknologi|kandidat";"Master of Science in Engineering|Master of Science in Environmental Engineering|Miljøteknologi|kandidat";"Master of Science in Engineering|Master of Science in Environmental Engineering|Miljøteknologi|kandidat";"und";"56d754b1bf19455102000443";"";"56d754b1bf19455102000443";"DTU Department of Environmental and Resource Engineering";"sorbit";"sorbit";"LCA of alternative treatment options for organic waste in Singapore|LCA af alternative behandlingsmuligheder for organisk affald i Singapore"
"";"dtu|dtupub|third_party";"";"2022-01-03T13:06:07.601Z";"Sørensen, Nicolaj Yde";"";"2307020020";"";"dtu";"2016";"";"";"";"";"thesis";"dtu|dtu_electronic|dtupub|dtupub_electronic";"";"";"";"";"";"";"";"";"";"";"";"";"";"Bæredygtig energi|Master of Science in Engineering|Master of Science in Sustainable Energy|kandidat";"Bæredygtig energi|Master of Science in Engineering|Master of Science in Sustainable Energy|kandidat";"Bæredygtig energi|Master of Science in Engineering|Master of Science in Sustainable Energy|kandidat";"und";"57a1cedb12855c654e000129";"";"57a1cedb12855c654e000129";"DTU Department of Civil Engineering";"sorbit";"sorbit";"Analysis and optimisation of indoor climate in Energi Fyn's domicile in Odense|Analyse og optimering af indeklima i Energi Fyns domicil i Odense"
"";"dtu|dtupub|third_party";"";"2022-01-03T13:16:03.884Z";"Lopez, Raul Sanchez";"";"2292734945";"";"dtu";"2015";"";"";"";"";"thesis";"dtu|dtu_electronic|dtupub_external";"";"";"";"";"";"";"";"";"";"";"";"";"";"Akustisk tek.|Master of Science in Engineering|Master of Science in Engineering Acoustics|kandidat";"Akustisk tek.|Master of Science in Engineering|Master of Science in Engineering Acoustics|kandidat";"Akustisk tek.|Master of Science in Engineering|Master of Science in Engineering Acoustics|kandidat";"und";"56d754aebf19455102000298";"";"56d754aebf19455102000298";"DTU Department of Electrical Engineering";"sorbit";"sorbit";"Hearing-aid settings in relation to profiles of functional hearing|Optimering af høreapparatparametrene i forhold til høreprofilen"
"";"dtu|dtupub|third_party";"";"2022-01-03T13:16:03.800Z";"Høgmo, Bjørn Harald";"";"2292735142";"";"dtu";"2015";"";"";"";"";"thesis";"dtu|dtu_electronic|dtupub_external";"";"";"";"";"";"";"";"";"";"";"";"";"";"Master of Science in Engineering|Master of Science in Petroleum Engineering|Olie- og gastek.|kandidat";"Master of Science in Engineering|Master of Science in Petroleum Engineering|Olie- og gastek.|kandidat";"Master of Science in Engineering|Master of Science in Petroleum Engineering|Olie- og gastek.|kandidat";"und";"56d754afbf19455102000317";"";"56d754afbf19455102000317";"DTU Department of Civil Engineering";"sorbit";"sorbit";"Challenges and techniques related to drilling through carbonate formations and conceptual well design|Udfordringer og teknikker ved boring gennem karbonatformationer og konceptuelt brønddesign"
"";"dtu|dtupub|third_party";"";"2022-01-03T13:16:18.428Z";"Jørgensen, Isabella Friis";"";"2355401403";"";"dtu";"2016";"";"";"";"";"thesis";"dtu|dtu_electronic|dtupub|dtupub_electronic";"";"";"";"";"";"";"";"";"";"";"";"";"";"Master of Science in Engineering|Master of science in Bioinformatics and Systems Biology|Systembiologi|kandidat";"Master of Science in Engineering|Master of science in Bioinformatics and Systems Biology|Systembiologi|kandidat";"Master of Science in Engineering|Master of science in Bioinformatics and Systems Biology|Systembiologi|kandidat";"und";"575ea627e6f951534a00e0bb";"";"575ea627e6f951534a00e0bb";"DTU Department of Biotechnology and Biomedicine";"sorbit";"sorbit";"The impact of genomic variation on cancer cell line drug response|Betydningen af genomisk variation pa cancer celle linjers respons pa lægemidler"
"";"dtu|dtupub|third_party";"";"2022-01-03T13:16:20.009Z";"Strandby, Kristine";"";"2292734114";"";"dtu";"2016";"";"";"";"";"thesis";"dtu|dtu_electronic|dtupub|dtupub_electronic";"";"";"";"";"";"";"";"";"";"";"";"";"";"Informationstek.|Master of Science in Computer Science and Engineering|Master of Science in Engineering|kandidat";"Informationstek.|Master of Science in Computer Science and Engineering|Master of Science in Engineering|kandidat";"Informationstek.|Master of Science in Computer Science and Engineering|Master of Science in Engineering|kandidat";"und";"56d754a9bf19455102000079";"";"56d754a9bf19455102000079";"DTU Department of Applied Mathematics and Computer Science";"sorbit";"sorbit";"Artificial Intelligence for 2048 and Threes|Kunstig intelligens til 2048 og Threes"
"";"dtu|dtupub|third_party";"";"2022-01-03T13:15:32.726Z";"Perumal, Shyam Sundar Govinda Raja";"";"2292736265";"";"dtu";"2015";"";"";"";"";"thesis";"dtu|dtu_electronic|dtupub_external";"";"";"";"";"";"";"";"";"";"";"";"";"";"Master of Science in Engineering|Master of Science in Engineering Management|Planl. innovation og led.|kandidat";"Master of Science in Engineering|Master of Science in Engineering Management|Planl. innovation og led.|kandidat";"Master of Science in Engineering|Master of Science in Engineering Management|Planl. innovation og led.|kandidat";"und";"56d754b6bf1945510200065c";"";"56d754b6bf1945510200065c";"DTU Department of Technology, Management and Economics";"sorbit";"sorbit";"Scheduling of Railway Infrastructure Projects at Banedanmark|Planlægning af jernbaneinfrastrukturprojekter for Banedanmark"
"";"dtu|dtupub|third_party";"";"2022-01-03T13:16:01.649Z";"Coman, Andreea-Monica";"";"2292735575";"";"dtu";"2015";"";"";"";"";"thesis";"dtu|dtu_electronic|dtupub|dtupub_electronic";"";"";"";"";"";"";"";"";"";"";"";"";"";"Digitale medietek.|Master of Science in Digital Media Engineering|Master of Science in Engineering|kandidat";"Digitale medietek.|Master of Science in Digital Media Engineering|Master of Science in Engineering|kandidat";"Digitale medietek.|Master of Science in Digital Media Engineering|Master of Science in Engineering|kandidat";"und";"56d754b1bf1945510200044f";"";"56d754b1bf1945510200044f";"DTU Department of Applied Mathematics and Computer Science";"sorbit";"sorbit";"Supporting Awareness of Availability through Mobile Devices|Supporting Awareness of Availability through Mobile Devices"
"";"dtu|dtupub|third_party";"";"2022-01-06T23:53:50.937Z";"Garcia, Marta Gonzalez";"";"2306906883";"";"dtu";"2016";"";"";"";"";"thesis";"dtu|dtu_electronic|dtupub|dtupub_electronic";"";"";"";"";"";"";"";"";"";"";"";"";"";"Kemisk/biokemisk tek.|Master of Science in Chemical and Biochemical Engineering|Master of Science in Engineering|kandidat";"Kemisk/biokemisk tek.|Master of Science in Chemical and Biochemical Engineering|Master of Science in Engineering|kandidat";"Kemisk/biokemisk tek.|Master of Science in Chemical and Biochemical Engineering|Master of Science in Engineering|kandidat";"und";"579c88c26bbf232e70001265";"";"579c88c26bbf232e70001265";"DTU Department of Chemical and Biochemical Engineering";"sorbit";"sorbit";"Solvent Based Separation of Azeotropic Mixtures|Opløsningsmiddelbaseret sepration af azeotrope blandinger"
"";"dtu|dtupub|third_party";"";"2022-01-03T13:09:23.450Z";"Bortei-Doku, Shaun Borketey";"";"2307020196";"";"dtu";"2016";"";"";"";"";"thesis";"dtu|dtu_electronic|dtupub|dtupub_electronic";"";"";"";"";"";"";"";"";"";"";"";"";"";"Master of Science in Engineering|Master of Science in Transportation and Logistics|Transp. og logistik|kandidat";"Master of Science in Engineering|Master of Science in Transportation and Logistics|Transp. og logistik|kandidat";"Master of Science in Engineering|Master of Science in Transportation and Logistics|Transp. og logistik|kandidat";"und";"57a1ceed12855c654e0001e5";"";"57a1ceed12855c654e0001e5";"DTU Department of Transport";"sorbit";"sorbit";"The role of information provision in perceived traffic safety|Betydningen af informationsformidling for den oplevede trafiksikkerhed"
"";"dtu|dtupub|third_party";"";"2022-01-03T13:12:40.353Z";"Ramos, Horacio Emmanuel Najar";"";"2305633470";"";"dtu";"2016";"";"";"";"";"thesis";"dtu|dtu_electronic|dtupub|dtupub_electronic";"";"";"";"";"";"";"";"";"";"";"";"";"";"Master of Science in Engineering|Master of Science in Transportation and Logistics|Transp. og logistik|kandidat";"Master of Science in Engineering|Master of Science in Transportation and Logistics|Transp. og logistik|kandidat";"Master of Science in Engineering|Master of Science in Transportation and Logistics|Transp. og logistik|kandidat";"und";"575ea772e6f951534a00f023";"";"575ea772e6f951534a00f023";"DTU Department of Transport";"sorbit";"sorbit";"The Wait4me Strategy - A Bidirectional Communication System for Improving Passengers' Waiting Time through ITS|Wait4me-strategi – et tovejskommunikationssystem til forbedring af passagerers ventetid ved hjælp af ITS"
"";"dtu|dtupub|third_party";"";"2022-01-03T13:12:17.193Z";"Woller, Øyvind Grønland";"";"2292734014";"";"dtu";"2016";"";"";"";"";"thesis";"dtu|dtu_electronic|dtupub|dtupub_electronic";"";"";"";"";"";"";"";"";"";"";"";"";"";"Informationstek.|Master of Science in Computer Science and Engineering|Master of Science in Engineering|kandidat";"Informationstek.|Master of Science in Computer Science and Engineering|Master of Science in Engineering|kandidat";"Informationstek.|Master of Science in Computer Science and Engineering|Master of Science in Engineering|kandidat";"und";"56d754a8bf19455102000025";"";"56d754a8bf19455102000025";"DTU Department of Applied Mathematics and Computer Science";"sorbit";"sorbit";"Combination of supervised and unsupervised learning|Kombination af supervised og unsupervised læring"
"";"dtu|dtupub|third_party";"";"2022-01-03T13:15:44.660Z";"Brusen, René Kim";"";"2292735479";"";"dtu";"2015";"";"";"";"";"thesis";"dtu|dtu_electronic|dtupub|dtupub_electronic";"";"";"";"";"";"";"";"";"";"";"";"";"";"Konst. og mekanik|Master of Science in Engineering|Master of Science in Engineering Design and Applied Mechanics|kandidat";"Konst. og mekanik|Master of Science in Engineering|Master of Science in Engineering Design and Applied Mechanics|kandidat";"Konst. og mekanik|Master of Science in Engineering|Master of Science in Engineering Design and Applied Mechanics|kandidat";"und";"56d754b1bf194551020003f1";"";"56d754b1bf194551020003f1";"DTU Department of Civil and Mechanical Engineering";"sorbit";"sorbit";"Swept frequency vibration absorbers|Vibrationsdæmpere med frekvens-sweep"
"";"dtu|dtupub|third_party";"";"2022-01-03T13:16:03.847Z";"Bathke, Jenny Kim";"";"2292735487";"";"dtu";"2015";"";"";"";"";"thesis";"dtu|dtu_electronic|dtupub_external";"";"";"";"";"";"";"";"";"";"";"";"";"";"Bioteknologi|Master of Science in Biotechnology|Master of Science in Engineering|kandidat";"Bioteknologi|Master of Science in Biotechnology|Master of Science in Engineering|kandidat";"Bioteknologi|Master of Science in Biotechnology|Master of Science in Engineering|kandidat";"und";"56d754b1bf194551020003f8";"";"56d754b1bf194551020003f8";"DTU Department of Chemistry";"sorbit";"sorbit";"Effects of the linker on the adsorption and catalytic properties of the Cellulases Cel6A and Cel7A from Trichoderma reesei|Linkerens betydning for adsorptionen og aktiviteten af cellulaserne Cel6a og Cel7a fra Trichoderma reesei"
"";"dtu|dtupub|third_party";"";"2022-01-03T13:16:19.817Z";"Knudsen, Anders Grøndahl";"";"2305633405";"";"dtu";"2016";"";"";"";"";"thesis";"dtu|dtu_electronic|dtupub|dtupub_electronic";"";"";"";"";"";"";"";"";"";"";"";"";"";"Byggetek.|Master of Science in Civil Engineering|Master of Science in Engineering|kandidat";"Byggetek.|Master of Science in Civil Engineering|Master of Science in Engineering|kandidat";"Byggetek.|Master of Science in Civil Engineering|Master of Science in Engineering|kandidat";"und";"575ea6bce6f951534a00e790";"";"575ea6bce6f951534a00e790";"DTU Department of Civil Engineering";"sorbit";"sorbit";"Design of SL-Decks with major openings for susceptible equipment|Design of SL-Decks with major openings for susceptible equipment"
"";"dtu|dtupub|third_party";"";"2022-01-03T13:06:05.347Z";"Kamber, Johannes Engell";"";"2342057211";"";"dtu";"2016";"";"";"";"";"thesis";"dtu|dtu_electronic|dtupub_external";"";"";"";"";"";"";"";"";"";"";"";"";"";"Akustisk tek.|Master of Science in Engineering|Master of Science in Engineering Acoustics|kandidat";"Akustisk tek.|Master of Science in Engineering|Master of Science in Engineering Acoustics|kandidat";"Akustisk tek.|Master of Science in Engineering|Master of Science in Engineering Acoustics|kandidat";"und";"57becfdefebd22f36000022c";"";"57becfdefebd22f36000022c";"DTU Department of Applied Mathematics and Computer Science";"sorbit";"sorbit";"Optimizing Cochlear Implant Modeling Methods|Optimering af Cochlear Implantat Modellering"
"";"dtu|dtupub|third_party";"";"2022-01-03T13:16:26.329Z";"Messell, Michael";"";"2305633496";"";"dtu";"2016";"";"";"";"";"thesis";"dtu|dtu_electronic|dtupub|dtupub_electronic";"";"";"";"";"";"";"";"";"";"";"";"";"";"Informationstek.|Master of Science in Computer Science and Engineering|Master of Science in Engineering|kandidat";"Informationstek.|Master of Science in Computer Science and Engineering|Master of Science in Engineering|kandidat";"Informationstek.|Master of Science in Computer Science and Engineering|Master of Science in Engineering|kandidat";"und";"575ea798e6f951534a00f1da";"";"575ea798e6f951534a00f1da";"DTU Department of Applied Mathematics and Computer Science";"sorbit";"sorbit";"Secure communication for IP-devices on LAN with focus on confidentiality and integrity|Sikker kommunikation for IP-enheder pa LAN med fokus pa fortrolighed og integritet"
"";"dtu|dtupub|third_party";"";"2022-01-03T13:16:04.990Z";"Jokandan, Maryam Sami";"";"2305633539";"";"dtu";"2016";"";"";"";"";"thesis";"dtu|dtu_electronic|dtupub|dtupub_electronic";"";"";"";"";"";"";"";"";"";"";"";"";"";"Master of Science in Engineering|Master of Science in Medicine and Technology|Medicin og tek.|kandidat";"Master of Science in Engineering|Master of Science in Medicine and Technology|Medicin og tek.|kandidat";"Master of Science in Engineering|Master of Science in Medicine and Technology|Medicin og tek.|kandidat";"und";"575ea7d9e6f951534a00f4c7";"";"575ea7d9e6f951534a00f4c7";"DTU Department of Micro- and Nanotechnology";"sorbit";"sorbit";"Endothelialization of synthetic micro-vasculature|Endotealisering af syntetisk mikrovaskulatur"
"";"dtu|dtupub|third_party";"";"2022-01-03T13:11:25.358Z";"Gjertsen, Caroline Andrea";"";"2292737461";"";"dtu";"2015";"";"";"";"";"thesis";"dtu|dtu_electronic|dtupub|dtupub_electronic";"";"";"";"";"";"";"";"";"";"";"";"";"";"Master of Science in Engineering|Master of Science in Wind Energy|Vindenergi|kandidat";"Master of Science in Engineering|Master of Science in Wind Energy|Vindenergi|kandidat";"Master of Science in Engineering|Master of Science in Wind Energy|Vindenergi|kandidat";"und";"56d754babf194551020009dc";"";"56d754babf194551020009dc";"DTU Department of Wind and Energy Systems";"sorbit";"sorbit";"Validation of wind turbine wake models for offshore wind farms|Validering af vindmølleskyggemodeller for havplacerede mølleparker."
"";"dtu|dtupub|third_party";"";"2022-01-03T13:07:53.542Z";"Hansen, Anna Louise";"";"2306668005";"";"dtu";"2016";"";"";"";"";"thesis";"dtu|dtu_electronic|dtupub|dtupub_electronic";"";"";"";"";"";"";"";"";"";"";"";"";"";"Akvatisk teknologi|Master in Science in Aquatic Science and Technology|Master of Science in Engineering|kandidat";"Akvatisk teknologi|Master in Science in Aquatic Science and Technology|Master of Science in Engineering|kandidat";"Akvatisk teknologi|Master in Science in Aquatic Science and Technology|Master of Science in Engineering|kandidat";"und";"578f59ce6bbf232e700002e7";"";"578f59ce6bbf232e700002e7";"DTU National Institute of Aquatic Resources";"sorbit";"sorbit";"Population structure amongst roach populations, historical and present effects|Populations struktur hos skallen, historiske og nutidige effekter."
"";"dtu|dtupub|third_party";"";"2022-01-03T13:12:14.268Z";"Jensen, Camilla Damsgaard";"";"2292735335";"";"dtu";"2015";"";"";"";"";"thesis";"dtu|dtu_electronic|dtupub_external";"";"";"";"";"";"";"";"";"";"";"";"";"";"Farmateknologi|Master of Science in Engineering|Master of Science in Pharmaceutical Design and Engineering|kandidat";"Farmateknologi|Master of Science in Engineering|Master of Science in Pharmaceutical Design and Engineering|kandidat";"Farmateknologi|Master of Science in Engineering|Master of Science in Pharmaceutical Design and Engineering|kandidat";"und";"56d754b0bf1945510200039a";"";"56d754b0bf1945510200039a";"DTU Department of Biotechnology and Biomedicine";"sorbit";"sorbit";"Relations between CD4 T cell recall responses in allergic patients and their HLA haplotype, considering predicted HLA binding of tested epitopes|Relationer mellem CD4 T celle genkaldelses responser i allergiske patienter og deres HLA haplotype, ved at forudsige HLA binding af testede epitoper"
"";"dtu|dtupub|third_party";"";"2022-01-03T13:15:51.284Z";"Ahlmann-Ohlsen, Elisabeth";"";"2292735541";"";"dtu";"2015";"";"";"";"";"thesis";"dtu|dtu_electronic|dtupub|dtupub_electronic";"";"";"";"";"";"";"";"";"";"";"";"";"";"Farmateknologi|Master of Science in Engineering|Master of Science in Pharmaceutical Design and Engineering|kandidat";"Farmateknologi|Master of Science in Engineering|Master of Science in Pharmaceutical Design and Engineering|kandidat";"Farmateknologi|Master of Science in Engineering|Master of Science in Pharmaceutical Design and Engineering|kandidat";"und";"56d754b1bf1945510200042c";"";"56d754b1bf1945510200042c";"DTU Department of Chemical and Biochemical Engineering";"sorbit";"sorbit";"Enzymatic degradation of tattoo inks|Enzymatisk nedbrydning af tatoveringsfarver"
"";"dtu|dtupub|third_party";"";"2022-01-03T13:15:22.114Z";"Østergaard, Thomas";"";"2292737533";"";"dtu";"2015";"";"";"";"";"thesis";"dtu|dtu_electronic|dtupub|dtupub_electronic";"";"";"";"";"";"";"";"";"";"";"";"";"";"Fysik og nanotek.|Master of Science in Engineering|Master of Science in Physics and Nanotechnology|kandidat";"Fysik og nanotek.|Master of Science in Engineering|Master of Science in Physics and Nanotechnology|kandidat";"Fysik og nanotek.|Master of Science in Engineering|Master of Science in Physics and Nanotechnology|kandidat";"und";"56d754bbbf19455102000a1c";"";"56d754bbbf19455102000a1c";"DTU Department of Environmental and Resource Engineering";"sorbit";"sorbit";"Density Functional Theory calculations on phosphate binding peptides|Density Functional Theory beregninger pa fosfatbindende peptider"
"";"dtu|dtupub|third_party";"";"2022-01-03T13:15:38.956Z";"Kopytko, Magnus";"";"2292736268";"";"dtu";"2015";"";"";"";"";"thesis";"dtu|dtu_electronic|dtupub_external";"";"";"";"";"";"";"";"";"";"";"";"";"";"Bæredygtig energi|Master of Science in Engineering|Master of Science in Sustainable Energy|kandidat";"Bæredygtig energi|Master of Science in Engineering|Master of Science in Sustainable Energy|kandidat";"Bæredygtig energi|Master of Science in Engineering|Master of Science in Sustainable Energy|kandidat";"und";"56d754b6bf19455102000660";"";"56d754b6bf19455102000660";"DTU Department of Wind and Energy Systems";"sorbit";"sorbit";"Maintenance strategy of main components of an Offshore Wind Farm based on risk/reliability analysis|Vedligeholdelses strategi af hovedkomponenter pa en Hav Vindmølle Park baseret pa en risiko/palideligheds analyse"
"";"dtu|dtupub|third_party";"";"2022-01-03T13:11:46.324Z";"Ginty, David John|Nielsen, Tobias Alban";"";"2292735711";"";"dtu";"2015";"";"";"";"";"thesis";"dtu|dtu_electronic|dtupub|dtupub_electronic";"";"";"";"";"";"";"";"";"";"";"";"";"";"Design og inn.|Master of Science in Design and Innovation|Master of Science in Engineering|kandidat";"Design og inn.|Master of Science in Design and Innovation|Master of Science in Engineering|kandidat";"Design og inn.|Master of Science in Design and Innovation|Master of Science in Engineering|kandidat";"und";"56d754b3bf194551020004d1";"";"56d754b3bf194551020004d1";"DTU Department of Technology, Management and Economics";"sorbit";"sorbit";"Behavioural design for back health|Adfærdsdesign for rygpatienter"
"";"dtu|dtupub|third_party";"";"2022-01-03T13:15:50.595Z";"Kallasse, Maarja-Helena";"";"2292735534";"";"dtu";"2015";"";"";"";"";"thesis";"dtu|dtu_electronic|dtupub|dtupub_electronic";"";"";"";"";"";"";"";"";"";"";"";"";"";"Master of Science in Engineering|Master of Science in Materials and Manufacturing Engineering|Materialetek.|kandidat";"Master of Science in Engineering|Master of Science in Materials and Manufacturing Engineering|Materialetek.|kandidat";"Master of Science in Engineering|Master of Science in Materials and Manufacturing Engineering|Materialetek.|kandidat";"und";"56d754b1bf19455102000425";"";"56d754b1bf19455102000425";"DTU Department of Civil and Mechanical Engineering";"sorbit";"sorbit";"Accuracy of Computed Tomography for multi-material assemblies|Præcision af CT skanning pa multimaterialer"
"";"dtu|dtupub|third_party";"";"2022-01-03T13:16:27.800Z";"Sasivarevic, Damir";"";"2306791640";"";"dtu";"2016";"";"";"";"";"thesis";"dtu|dtu_electronic|dtupub_external";"";"";"";"";"";"";"";"";"";"";"";"";"";"Digitale medietek.|Master of Science in Digital Media Engineering|Master of Science in Engineering|kandidat";"Digitale medietek.|Master of Science in Digital Media Engineering|Master of Science in Engineering|kandidat";"Digitale medietek.|Master of Science in Digital Media Engineering|Master of Science in Engineering|kandidat";"und";"579743996bbf232e70000ecf";"";"579743996bbf232e70000ecf";"DTU Department of Applied Mathematics and Computer Science";"sorbit";"sorbit";"Machine learning for exercise management|Machine learning til planlægning af fysisk træning"
"";"dtu|dtupub|third_party";"";"2022-01-03T13:08:09.774Z";"Bodvarsdottir, Elin Bjørk";"";"2321127642";"";"dtu";"2016";"";"";"";"";"thesis";"dtu|dtu_electronic|dtupub|dtupub_electronic";"";"";"";"";"";"";"";"";"";"";"";"";"";"Master of Science in Engineering|Master of Science in Engineering Management|Planl. innovation og led.|kandidat";"Master of Science in Engineering|Master of Science in Engineering Management|Planl. innovation og led.|kandidat";"Master of Science in Engineering|Master of Science in Engineering Management|Planl. innovation og led.|kandidat";"und";"57b1a0c59baf2b177e00029c";"";"57b1a0c59baf2b177e00029c";"DTU Department of Technology, Management and Economics";"sorbit";"sorbit";"Nurse Rostering in the Emergency Department|Sygeplejerske vagtplanlægning"
"";"dtu|dtupub|third_party";"";"2022-01-03T13:15:54.966Z";"Kantsø, Jacob Agerbæk";"";"2292735246";"";"dtu";"2015";"";"";"";"";"thesis";"dtu|dtu_electronic|dtupub|dtupub_electronic";"";"";"";"";"";"";"";"";"";"";"";"";"";"Bæredygtig energi|Master of Science in Engineering|Master of Science in Sustainable Energy|kandidat";"Bæredygtig energi|Master of Science in Engineering|Master of Science in Sustainable Energy|kandidat";"Bæredygtig energi|Master of Science in Engineering|Master of Science in Sustainable Energy|kandidat";"und";"56d754b0bf19455102000360";"";"56d754b0bf19455102000360";"DTU Department of Civil and Mechanical Engineering";"sorbit";"sorbit";"Experimental analysis of heat transfer in pulsating refrigerant flow|Eksperimentel undersøgelse af varmeoverføring i pulserende kølemiddelstrøm"
"";"dtu|dtupub|third_party";"";"2022-01-03T13:15:53.429Z";"Li, Jin Ri";"";"2292735545";"";"dtu";"2015";"";"";"";"";"thesis";"dtu|dtu_electronic|dtupub|dtupub_electronic";"";"";"";"";"";"";"";"";"";"";"";"";"";"Master of Science in Engineering|Master of Science in Engineering Management|Planl. innovation og led.|kandidat";"Master of Science in Engineering|Master of Science in Engineering Management|Planl. innovation og led.|kandidat";"Master of Science in Engineering|Master of Science in Engineering Management|Planl. innovation og led.|kandidat";"und";"56d754b1bf19455102000430";"";"56d754b1bf19455102000430";"DTU Department of Technology, Management and Economics";"sorbit";"sorbit";"Compartive sustainability assessment of shelf systems made from virgin and recycled materials as well and the market for furniture made from recycled materials|Komparativ bæredygtighedsvurdering af reolsystemer lavet af nye og genanvendte materialer samt markedet for møbler lavet af genbrugsmaterialer"
"";"dtu|dtupub|third_party";"";"2022-01-03T13:11:38.480Z";"Vromans, Michiel Hendricus Johannes";"";"2292735837";"";"dtu";"2015";"";"";"";"";"thesis";"dtu|dtu_electronic|dtupub_external";"";"";"";"";"";"";"";"";"";"";"";"";"";"Bæredygtig energi|Master of Science in Engineering|Master of Science in Sustainable Energy|kandidat";"Bæredygtig energi|Master of Science in Engineering|Master of Science in Sustainable Energy|kandidat";"Bæredygtig energi|Master of Science in Engineering|Master of Science in Sustainable Energy|kandidat";"und";"56d754b3bf19455102000532";"";"56d754b3bf19455102000532";"DTU Department of Civil and Mechanical Engineering";"sorbit";"sorbit";"Thermodynamic evaluation of a novel gas turbine concept for solar thermal power plants|Termodynamisk evaluering af et innovativt gasturbinekoncept til solkraftværker"
"";"dtu|dtupub|third_party";"";"2022-01-03T13:16:24.982Z";"Opøien, Elisabeth|Andersen, Jakob Hildebrandt";"";"2292735069";"";"dtu";"2015";"";"";"";"";"thesis";"dtu|dtu_electronic|dtupub|dtupub_electronic";"";"";"";"";"";"";"";"";"";"";"";"";"";"Master of Science in Engineering|Master of Science in Engineering Management|Planl. innovation og led.|kandidat";"Master of Science in Engineering|Master of Science in Engineering Management|Planl. innovation og led.|kandidat";"Master of Science in Engineering|Master of Science in Engineering Management|Planl. innovation og led.|kandidat";"und";"56d754afbf194551020002e8";"";"56d754afbf194551020002e8";"DTU Department of Electrical and Photonics Engineering";"sorbit";"sorbit";"Healthy light – An opportunity for innovation|Sundt lys - En mulighed for innovation"
"";"dtu|dtupub|third_party";"";"2022-01-03T13:07:20.163Z";"Kramarczyk, Michal Jan";"";"2319852136";"";"dtu";"2016";"";"";"";"";"thesis";"dtu|dtu_electronic|dtupub|dtupub_electronic";"";"";"";"";"";"";"";"";"";"";"";"";"";"Elektrotek.|Master of Science in Electrical Engineering|Master of Science in Engineering|kandidat";"Elektrotek.|Master of Science in Electrical Engineering|Master of Science in Engineering|kandidat";"Elektrotek.|Master of Science in Electrical Engineering|Master of Science in Engineering|kandidat";"und";"57b04f5a9baf2b177e000222";"";"57b04f5a9baf2b177e000222";"DTU Department of Electrical Engineering";"sorbit";"sorbit";"Analysis and feasibility of delta type leg for a biped robot|Analyse og brugbarhed af delta ben til en tobenet robot"
"";"dtu|dtupub|third_party";"";"2022-01-06T23:53:58.575Z";"Jacobsen, Martin";"";"2313645415";"";"dtu";"2016";"";"";"";"";"thesis";"dtu|dtu_electronic|dtupub|dtupub_electronic";"";"";"";"";"";"";"";"";"";"";"";"";"";"Master of Science in Engineering|Master of Science in Engineering Management|Planl. innovation og led.|kandidat";"Master of Science in Engineering|Master of Science in Engineering Management|Planl. innovation og led.|kandidat";"Master of Science in Engineering|Master of Science in Engineering Management|Planl. innovation og led.|kandidat";"und";"57ab09463fec415c3b0000bf";"";"57ab09463fec415c3b0000bf";"DTU Department of Technology, Management and Economics";"sorbit";"sorbit";"How Cognitive Biases can Lead to Irrational Decisions in Projects, and How to Avoid Making Them|Hvordan kognitive biaser kan lede til irrationelle beslutninger i projekter og hvordan disse kan undgas"
"";"dtu|dtupub|third_party";"";"2022-01-03T13:07:16.008Z";"Dsouza, Jim Aldon";"";"2342367035";"";"dtu";"2016";"";"";"";"";"thesis";"dtu|dtu_electronic|dtupub|dtupub_electronic";"";"";"";"";"";"";"";"";"";"";"";"";"";"Elektrotek.|Master of Science in Electrical Engineering|Master of Science in Engineering|kandidat";"Elektrotek.|Master of Science in Electrical Engineering|Master of Science in Engineering|kandidat";"Elektrotek.|Master of Science in Electrical Engineering|Master of Science in Engineering|kandidat";"und";"57c567468784c77e70000094";"";"57c567468784c77e70000094";"DTU Department of Electrical Engineering";"sorbit";"sorbit";"Mapping and Navigation for Space Robot System|Kortlægning og navigation til rumrobot-system"
"";"dtu|dtupub|third_party";"";"2022-01-03T13:07:33.155Z";"Jensen, Rasmus|Wessberg, Anders";"";"2306791775";"";"dtu";"2016";"";"";"";"";"thesis";"dtu|dtu_electronic|dtupub|dtupub_electronic";"";"";"";"";"";"";"";"";"";"";"";"";"";"Digitale medietek.|Master of Science in Digital Media Engineering|Master of Science in Engineering|kandidat";"Digitale medietek.|Master of Science in Digital Media Engineering|Master of Science in Engineering|kandidat";"Digitale medietek.|Master of Science in Digital Media Engineering|Master of Science in Engineering|kandidat";"und";"579743f86bbf232e70001152";"";"579743f86bbf232e70001152";"DTU Department of Applied Mathematics and Computer Science";"sorbit";"sorbit";"Eye Tracking and AI as a Game Mechanic|Øjen-sporing og AI som spil mekanik"
"";"dtu|dtupub|third_party";"";"2022-01-03T13:16:39.757Z";"Mikkelsen, Henrik|Steffensen, Mads Lund";"";"2307020651";"";"dtu";"2016";"";"";"";"";"thesis";"dtu|dtu_electronic|dtupub|dtupub_electronic";"";"";"";"";"";"";"";"";"";"";"";"";"";"Konst. og mekanik|Master of Science in Engineering|Master of Science in Engineering Design and Applied Mechanics|kandidat";"Konst. og mekanik|Master of Science in Engineering|Master of Science in Engineering Design and Applied Mechanics|kandidat";"Konst. og mekanik|Master of Science in Engineering|Master of Science in Engineering Design and Applied Mechanics|kandidat";"und";"57a1cf8212855c654e000256";"";"57a1cf8212855c654e000256";"DTU Department of Civil and Mechanical Engineering";"sorbit";"sorbit";"Full scale validation of CFD model of self-propelled ship|Fuldskala validering af CFD model af et selvfremdrevet skib"
"";"dtu|dtupub|third_party";"";"2022-01-03T13:16:19.738Z";"Bunk, Emil";"";"2292734627";"";"dtu";"2016";"";"";"";"";"thesis";"dtu|dtu_electronic|dtupub|dtupub_electronic";"";"";"";"";"";"";"";"";"";"";"";"";"";"Digitale medietek.|Master of Science in Digital Media Engineering|Master of Science in Engineering|kandidat";"Digitale medietek.|Master of Science in Digital Media Engineering|Master of Science in Engineering|kandidat";"Digitale medietek.|Master of Science in Digital Media Engineering|Master of Science in Engineering|kandidat";"und";"56d754acbf194551020001a7";"";"56d754acbf194551020001a7";"DTU Department of Applied Mathematics and Computer Science";"sorbit";"sorbit";"The influence of mental state on eye movements|Den mentale tilstands indflydelse pa øjenbevægelser"
"";"dtu|dtupub|third_party";"";"2022-01-03T13:15:41.782Z";"Nielsen, Jesper Emil";"";"2292737153";"";"dtu";"2015";"";"";"";"";"thesis";"dtu|dtu_electronic|dtupub|dtupub_electronic";"";"";"";"";"";"";"";"";"";"";"";"";"";"Bioteknologi|Master of Science in Biotechnology|Master of Science in Engineering|kandidat";"Bioteknologi|Master of Science in Biotechnology|Master of Science in Engineering|kandidat";"Bioteknologi|Master of Science in Biotechnology|Master of Science in Engineering|kandidat";"und";"56d754b9bf194551020008da";"";"56d754b9bf194551020008da";"DTU Department of Biotechnology and Biomedicine";"sorbit";"sorbit";"Optimizing the genetic background of the yeast Saccharomyces cerevisiae for vanillin glucoside production|Optimering af den genetiske baggrund i gær Saccharomyces cerevisiae for produktion af vanillin glykosid"
"";"dtu|dtupub|third_party";"";"2022-01-03T13:15:37.172Z";"Molas, Anna Maria Boleda";"";"2292737337";"";"dtu";"2015";"";"";"";"";"thesis";"dtu|dtu_electronic|dtupub_external";"";"";"";"";"";"";"";"";"";"";"";"";"";"Master of Science in Engineering|Master of Science in Transportation and Logistics|Transp. og logistik|kandidat";"Master of Science in Engineering|Master of Science in Transportation and Logistics|Transp. og logistik|kandidat";"Master of Science in Engineering|Master of Science in Transportation and Logistics|Transp. og logistik|kandidat";"und";"56d754babf19455102000982";"";"56d754babf19455102000982";"DTU Department of Technology, Management and Economics";"sorbit";"sorbit";"Maritime infrastructure optimization|Optimering af maritim infrastruktur"
"";"dtu|dtupub|third_party";"";"2022-01-03T13:15:27.266Z";"Grauballe, Mikkel Winsløw";"";"2292737152";"";"dtu";"2015";"";"";"";"";"thesis";"dtu|dtu_electronic|dtupub|dtupub_electronic";"";"";"";"";"";"";"";"";"";"";"";"";"";"Konst. og mekanik|Master of Science in Engineering|Master of Science in Engineering Design and Applied Mechanics|kandidat";"Konst. og mekanik|Master of Science in Engineering|Master of Science in Engineering Design and Applied Mechanics|kandidat";"Konst. og mekanik|Master of Science in Engineering|Master of Science in Engineering Design and Applied Mechanics|kandidat";"und";"56d754b9bf194551020008d7";"";"56d754b9bf194551020008d7";"DTU Department of Civil and Mechanical Engineering";"sorbit";"sorbit";"Dynamic Modeling of Annular Seals for Predicting Lateral Rotor Dynamic Stability|Dynamisk modellering af tætninger til forudsigelse af rotordynamisk stabilitet"
"";"dtu|dtupub|third_party";"";"2022-01-03T13:12:08.991Z";"Traustason, Elvar Steinn";"";"2292736347";"";"dtu";"2015";"";"";"";"";"thesis";"dtu|dtu_electronic|dtupub|dtupub_electronic";"";"";"";"";"";"";"";"";"";"";"";"";"";"Fødevareteknologi|Master of Science in Engineering|Master of Science in Food Technology|kandidat";"Fødevareteknologi|Master of Science in Engineering|Master of Science in Food Technology|kandidat";"Fødevareteknologi|Master of Science in Engineering|Master of Science in Food Technology|kandidat";"und";"56d754b6bf1945510200068d";"";"56d754b6bf1945510200068d";"DTU DTU National Food Institute";"sorbit";"sorbit";"Comparing the effect of catching methods on the quality of filleted Atlantic cod|Sammenligning af effekten af fangstmetoder pa kvaliteten af fileteret Atlantisk torsk"
"";"dtu|dtupub|third_party";"";"2022-01-03T13:16:22.258Z";"Jacobsen, Christian Herschend|Hartmann-Petersen, Adam Egelund";"";"2292734241";"";"dtu";"2016";"";"";"";"";"thesis";"dtu|dtu_electronic|dtupub_external";"";"";"";"";"";"";"";"";"";"";"";"";"";"Design og inn.|Master of Science in Design and Innovation|Master of Science in Engineering|kandidat";"Design og inn.|Master of Science in Design and Innovation|Master of Science in Engineering|kandidat";"Design og inn.|Master of Science in Design and Innovation|Master of Science in Engineering|kandidat";"und";"56d754aabf194551020000c9";"";"56d754aabf194551020000c9";"DTU Department of Technology, Management and Economics";"sorbit";"sorbit";"Configuration of in door climate at NCC|konfigurering af indeklima hos NCC"
"";"dtu|dtupub|third_party";"";"2022-01-03T13:16:22.312Z";"Rosenstrøm, Minette Louise Geleff";"";"2305633448";"";"dtu";"2016";"";"";"";"";"thesis";"dtu|dtu_electronic|dtupub|dtupub_electronic";"";"";"";"";"";"";"";"";"";"";"";"";"";"Bioteknologi|Master of Science in Biotechnology|Master of Science in Engineering|kandidat";"Bioteknologi|Master of Science in Biotechnology|Master of Science in Engineering|kandidat";"Bioteknologi|Master of Science in Biotechnology|Master of Science in Engineering|kandidat";"und";"575ea725e6f951534a00ecae";"";"575ea725e6f951534a00ecae";"DTU National Veterinary Institute";"sorbit";"sorbit";"Consequences of antibiotic combination therapy on resistance evolution|Konsekvenserne af antibiotika kombinationsterapi pa resistans evolution"
"";"dtu|dtupub|third_party";"";"2022-01-03T13:16:24.845Z";"Jacyno, Tomasz Krzysztof";"";"2305633466";"";"dtu";"2016";"";"";"";"";"thesis";"dtu|dtu_electronic|dtupub|dtupub_electronic";"";"";"";"";"";"";"";"";"";"";"";"";"";"Master of Science in Engineering|Master of Science in Petroleum Engineering|Olie- og gastek.|kandidat";"Master of Science in Engineering|Master of Science in Petroleum Engineering|Olie- og gastek.|kandidat";"Master of Science in Engineering|Master of Science in Petroleum Engineering|Olie- og gastek.|kandidat";"und";"575ea76ce6f951534a00efe7";"";"575ea76ce6f951534a00efe7";"DTU Department of Civil Engineering";"sorbit";"sorbit";"Permeability and elasticity of Polish Palaeozoic shale|Permeabilitet og elasticitet af en Palæozoisk lerskifer fra Polen"
"";"dtu|dtupub|third_party";"";"2022-01-03T13:12:07.301Z";"Girou, David";"";"2292734959";"";"dtu";"2015";"";"";"";"";"thesis";"dtu|dtu_electronic|dtupub|dtupub_electronic";"";"";"";"";"";"";"";"";"";"";"";"";"";"Geofysik og rumtek.|Master of Science in Earth and Space Physics and Engineering|Master of Science in Engineering|kandidat";"Geofysik og rumtek.|Master of Science in Earth and Space Physics and Engineering|Master of Science in Engineering|kandidat";"Geofysik og rumtek.|Master of Science in Earth and Space Physics and Engineering|Master of Science in Engineering|kandidat";"und";"56d754aebf1945510200029e";"";"56d754aebf1945510200029e";"DTU Department of Space Research and Space Technology";"sorbit";"sorbit";"Investigation of Ni based Multilayers for hard X-ray mirrors for high energy Astrophysics telescopes|Undersøgelse af Nikkel baserede multilag til høj energi teleskoper til Astrofysik"
"Rice bran is an underutilized by-product of rice milling industry which is mainly used as feed or in energy production but could provide a feasible plant based raw material for food products when further processed. From nutritional viewpoint, rice bran contains 13.1-17.3% protein which can be seen superior to other cereal proteins due to its hypoallergenic and gluten-free properties and high lysine content. The aim of this master's thesis was to study the effect of different pre-treatments on dry fractionation of rice bran proteins by air classification. The objective was to elucidate the effect of fat extraction, particle size reduction, air classification and sieving on the raw material structure, composition and protein enrichment by air classification. Effect of carbohydrate hydrolysing enzyme treatments in low moisture content followed by washing and dehydration with ethanol was also studied in terms of protein enrichment during air classification. Moreover, protease-aided solubilisation of the liberated rice bran proteins was studied. Fat extraction and milling were found out to be the most essential pre-treatment steps allowing protein enrichment from rice bran by air classification. When utilizing one-step air classification after fat extraction and milling, the protein content could be increased 8.2 percentage points. However, the more the protein content increased, the more the total protein yield decreased. Approaches utilizing two-step fractionations showed that by air classifying the raw material prior to milling the protein fractionation could be enhanced. Especially, by milling and further air classifying the coarse fraction accounting for 70% of the raw material, a fine fraction with even a higher protein content compared to the one-step approach was obtained. This protein content was the highest achieved in this work, and the most critical factor restricting further enrichment was suggested to be the intensive particle size reduction of the non-protein structures and the inefficient detachment of the residual proteins from other bran components. Additionally, further air classification of the fine fraction accounting for 30% of the raw material enabled almost total removal of pericarp structures from fine fraction. Pre-treatment with cell wall degrading enzymes did not improve the protein fractionation efficacy by air classification. Protease treatment of the liberated proteins was able to solubilise 75% of the raw material protein suggesting that some interactions took place in the residue between the proteins and other bran components thus restricting the solubility.";"dtu|dtupub";"BA3408 Food solutions";"2022-03-28T07:13:43.166Z";"Silventoinen-Veijalainen, Pia";"";"2708546424";"";"dtu";"2016";"";"";"";"";"thesis";"dtu|dtu_electronic|dtupub|dtupub_electronic";"";"";"";"";"";"";"";"";"";"";"";"";"";"air classification|carbohydrate hydrolysing enzyme|dry fractionation|ethanol-dehydration|fat extraction|pin disc milling|protein|rice bran|sieving";"air classification|carbohydrate hydrolysing enzyme|dry fractionation|ethanol-dehydration|fat extraction|pin disc milling|protein|rice bran|sieving";"air classification|carbohydrate hydrolysing enzyme|dry fractionation|ethanol-dehydration|fat extraction|pin disc milling|protein|rice bran|sieving";"eng";"6231fa08d83fd1b6f3d6d0ff";"";"6231fa08d83fd1b6f3d6d0ff";"Aalto University";"vtt";"vtt";"Impact of physical and biochemical pre-treatments on dry fractionation of rice bran proteins by air classification"
"";"dtu|dtupub|third_party";"";"2022-01-03T13:11:45.240Z";"Chatzilazarou, Stamatia";"";"2292736777";"";"dtu";"2015";"";"";"";"";"thesis";"dtu|dtu_electronic|dtupub|dtupub_electronic";"";"";"";"";"";"";"";"";"";"";"";"";"";"Master of Science in Engineering|Master of Science in Engineering Management|Planl. innovation og led.|kandidat";"Master of Science in Engineering|Master of Science in Engineering Management|Planl. innovation og led.|kandidat";"Master of Science in Engineering|Master of Science in Engineering Management|Planl. innovation og led.|kandidat";"und";"56d754b8bf19455102000790";"";"56d754b8bf19455102000790";"DTU Department of Technology, Management and Economics";"sorbit";"sorbit";"Knowledge sharing between building operation and project management of building projects|Vidensdeling mellem bygningsdrift og projektledelse af byggeprojekter"
"";"dtu|dtupub|third_party";"";"2022-01-06T23:53:33.719Z";"Bøegh, Nicolai Munch";"";"2305633409";"";"dtu";"2016";"";"";"";"";"thesis";"dtu|dtu_electronic|dtupub|dtupub_electronic";"";"";"";"";"";"";"";"";"";"";"";"";"";"Master of Science in Engineering|Master of Science in Engineering Management|Planl. innovation og led.|kandidat";"Master of Science in Engineering|Master of Science in Engineering Management|Planl. innovation og led.|kandidat";"Master of Science in Engineering|Master of Science in Engineering Management|Planl. innovation og led.|kandidat";"und";"575ea6c4e6f951534a00e7e4";"";"575ea6c4e6f951534a00e7e4";"DTU Department of Technology, Management and Economics";"sorbit";"sorbit";"Simultaneous Aircraft and Crew Recovery|Flygenopretning med mandskabsregler"
"";"dtu|dtupub|third_party";"";"2022-01-03T13:15:43.066Z";"Jørgensen, Mathias";"";"2292735247";"";"dtu";"2015";"";"";"";"";"thesis";"dtu|dtu_electronic|dtupub_external";"";"";"";"";"";"";"";"";"";"";"";"";"";"Kemisk/biokemisk tek.|Master of Science in Chemical and Biochemical Engineering|Master of Science in Engineering|kandidat";"Kemisk/biokemisk tek.|Master of Science in Chemical and Biochemical Engineering|Master of Science in Engineering|kandidat";"Kemisk/biokemisk tek.|Master of Science in Chemical and Biochemical Engineering|Master of Science in Engineering|kandidat";"und";"56d754b0bf19455102000362";"";"56d754b0bf19455102000362";"DTU Department of Chemical and Biochemical Engineering";"sorbit";"sorbit";"Kinetic Model for the TIGAS process|Kinetisk model for TIGAS processen"
"";"dtu|dtupub|third_party";"";"2022-01-03T13:09:15.190Z";"Baumann-Jørgensen, Mikkel";"";"2306921471";"";"dtu";"2016";"";"";"";"";"thesis";"dtu|dtu_electronic|dtupub_external";"";"";"";"";"";"";"";"";"";"";"";"";"";"Elektrotek.|Master of Science in Electrical Engineering|Master of Science in Engineering|kandidat";"Elektrotek.|Master of Science in Electrical Engineering|Master of Science in Engineering|kandidat";"Elektrotek.|Master of Science in Electrical Engineering|Master of Science in Engineering|kandidat";"und";"579dda726bbf232e70001642";"";"579dda726bbf232e70001642";"DTU Department of Electrical Engineering";"sorbit";"sorbit";"A Single-Ended HBT LTE Power Amplifier for Band 8|En single-ended HBT LTE effektforstærker til band 8"
"";"dtu|dtupub|third_party";"";"2022-01-03T13:12:55.374Z";"Kosmidis, Eleftherios";"";"2306688417";"";"dtu";"2016";"";"";"";"";"thesis";"dtu|dtu_electronic|dtupub|dtupub_electronic";"";"";"";"";"";"";"";"";"";"";"";"";"";"Fysik og nanotek.|Master of Science in Engineering|Master of Science in Physics and Nanotechnology|kandidat";"Fysik og nanotek.|Master of Science in Engineering|Master of Science in Physics and Nanotechnology|kandidat";"Fysik og nanotek.|Master of Science in Engineering|Master of Science in Physics and Nanotechnology|kandidat";"und";"5790ab446bbf232e700002ff";"";"5790ab446bbf232e700002ff";"DTU Department of Physics";"sorbit";"sorbit";"The osmotic oscillator: Time dependent flows in osmotic boundary layers|Den osmotiske oscillator: Tids-afhængige strømninger i osmotiske grænselag"
"";"dtu|dtupub|third_party";"";"2022-01-03T13:07:02.417Z";"Horn, Marie Frisenfeldt";"";"2307019637";"";"dtu";"2016";"";"";"";"";"thesis";"dtu|dtu_electronic|dtupub_external";"";"";"";"";"";"";"";"";"";"";"";"";"";"Master of Science in Engineering|Master of Science in Mathematical Modelling and Computation|Mat. modellering|kandidat";"Master of Science in Engineering|Master of Science in Mathematical Modelling and Computation|Mat. modellering|kandidat";"Master of Science in Engineering|Master of Science in Mathematical Modelling and Computation|Mat. modellering|kandidat";"und";"57a1cec212855c654e000030";"";"57a1cec212855c654e000030";"DTU Department of Electrical Engineering";"sorbit";"sorbit";"Adaptive spectral Doppler ultrasound using sparse sampling sequence|Adaptive spektrale Doppler ultralyd for avancerede udesendesekvenser"
"";"dtu|dtupub|third_party";"";"2022-01-11T08:43:36.376Z";"Saroneh, Danial";"";"2307020160";"";"dtu";"2016";"";"";"";"";"thesis";"dtu|dtu_electronic|dtupub|dtupub_electronic";"";"";"";"";"";"";"";"";"";"";"";"";"";"Konst. og mekanik|Master of Science in Engineering|Master of Science in Engineering Design and Applied Mechanics|kandidat";"Konst. og mekanik|Master of Science in Engineering|Master of Science in Engineering Design and Applied Mechanics|kandidat";"Konst. og mekanik|Master of Science in Engineering|Master of Science in Engineering Design and Applied Mechanics|kandidat";"und";"57a1cee512855c654e000193";"";"57a1cee512855c654e000193";"DTU Department of Civil and Mechanical Engineering";"sorbit";"sorbit";"Development of an assistive robotic arm with application of eco-design|Udvikling af assisterende robotarm med inddragelse af eco-design"
"";"dtu|dtupub|third_party";"";"2022-01-03T13:15:30.111Z";"Lindskov, Nicolai";"";"2292735048";"";"dtu";"2015";"";"";"";"";"thesis";"dtu|dtu_electronic|dtupub_external";"";"";"";"";"";"";"";"";"";"";"";"";"";"Byggetek.|Master of Science in Civil Engineering|Master of Science in Engineering|kandidat";"Byggetek.|Master of Science in Civil Engineering|Master of Science in Engineering|kandidat";"Byggetek.|Master of Science in Civil Engineering|Master of Science in Engineering|kandidat";"und";"56d754aebf194551020002dc";"";"56d754aebf194551020002dc";"DTU Department of Civil Engineering";"sorbit";"sorbit";"Evaluation of Polyaxial Strength Criteria Derived from Conventional Triaxial Tests|Evaluering af polyaksiale brudkriterier udledt fra konventionelle triaksiale forsøg"
"";"dtu|dtupub|third_party";"";"2022-01-03T13:15:45.209Z";"Orlando, Roberta";"";"2292735564";"";"dtu";"2015";"";"";"";"";"thesis";"dtu|dtu_electronic|dtupub|dtupub_electronic";"";"";"";"";"";"";"";"";"";"";"";"";"";"Bæredygtig energi|Master of Science in Engineering|Master of Science in Sustainable Energy|kandidat";"Bæredygtig energi|Master of Science in Engineering|Master of Science in Sustainable Energy|kandidat";"Bæredygtig energi|Master of Science in Engineering|Master of Science in Sustainable Energy|kandidat";"und";"56d754b1bf19455102000445";"";"56d754b1bf19455102000445";"DTU Department of Civil Engineering";"sorbit";"sorbit";"PCM Heat Storage using Stable Supercooling|Smeltevarmelager med stabil underafkøling"
"";"dtu|dtupub|third_party";"";"2022-01-03T13:15:21.056Z";"Sommer, Lene";"";"2292734465";"";"dtu";"2015";"";"";"";"";"thesis";"dtu|dtu_electronic|dtupub|dtupub_electronic";"";"";"";"";"";"";"";"";"";"";"";"";"";"Master of Science in Engineering|Master of Science in Mathematical Modelling and Computation|Mat. modellering|kandidat";"Master of Science in Engineering|Master of Science in Mathematical Modelling and Computation|Mat. modellering|kandidat";"Master of Science in Engineering|Master of Science in Mathematical Modelling and Computation|Mat. modellering|kandidat";"und";"56d754abbf19455102000148";"";"56d754abbf19455102000148";"DTU Department of Applied Mathematics and Computer Science";"sorbit";"sorbit";"Statistical analysis of calcium signaling in transgenic neurons|Statistisk analyse af calcium signalering i transgene neuroner"
"";"dtu|dtupub|third_party";"";"2022-01-03T13:12:10.448Z";"Leandro, Lorenzo";"";"2292736016";"";"dtu";"2015";"";"";"";"";"thesis";"dtu|dtu_electronic|dtupub|dtupub_electronic";"";"";"";"";"";"";"";"";"";"";"";"";"";"Fotonik|Master of Science in Engineering|Master of Science in Photonics Engineering|kandidat";"Fotonik|Master of Science in Engineering|Master of Science in Photonics Engineering|kandidat";"Fotonik|Master of Science in Engineering|Master of Science in Photonics Engineering|kandidat";"und";"56d754b4bf194551020005c5";"";"56d754b4bf194551020005c5";"DTU Department of Electrical and Photonics Engineering";"sorbit";"sorbit";"Excitation and characterization of higher order modes in optical fibers|Eksitation og karakterisation af højere ordens modes i optiske fibre"
"";"dtu|dtupub|third_party";"";"2022-01-03T13:16:02.716Z";"Castelein, Dieter";"";"2292737256";"";"dtu";"2015";"";"";"";"";"thesis";"dtu|dtu_electronic|dtupub|dtupub_electronic";"";"";"";"";"";"";"";"";"";"";"";"";"";"Master of Science in Engineering|Master of Science in Wind Energy|Vindenergi|kandidat";"Master of Science in Engineering|Master of Science in Wind Energy|Vindenergi|kandidat";"Master of Science in Engineering|Master of Science in Wind Energy|Vindenergi|kandidat";"und";"56d754babf19455102000940";"";"56d754babf19455102000940";"DTU Department of Wind and Energy Systems";"sorbit";"sorbit";"Dynamic stall on vertical axis Wind turbine|Dynamic stall pa vertikal akslet vindmølle"
"";"dtu|dtupub|third_party";"";"2022-01-03T13:13:07.086Z";"Olsen, Jesper Gielov";"";"2350348488";"";"dtu";"2016";"";"";"";"";"thesis";"dtu|dtu_electronic|dtupub|dtupub_electronic";"";"";"";"";"";"";"";"";"";"";"";"";"";"Master of Science in Engineering|Master of Science in Mathematical Modelling and Computation|Mat. modellering|kandidat";"Master of Science in Engineering|Master of Science in Mathematical Modelling and Computation|Mat. modellering|kandidat";"Master of Science in Engineering|Master of Science in Mathematical Modelling and Computation|Mat. modellering|kandidat";"und";"5868ef51517181c45e00002a";"";"5868ef51517181c45e00002a";"DTU Department of Applied Mathematics and Computer Science";"sorbit";"sorbit";"Grassmann codes|Grassmann koder"
"";"dtu|dtupub|third_party";"";"2022-01-03T13:08:04.436Z";"Simopoulos, Georgios";"";"2306510174";"";"dtu";"2016";"";"";"";"";"thesis";"dtu|dtu_electronic|dtupub|dtupub_electronic";"";"";"";"";"";"";"";"";"";"";"";"";"";"Elektrotek.|Master of Science in Electrical Engineering|Master of Science in Engineering|kandidat";"Elektrotek.|Master of Science in Electrical Engineering|Master of Science in Engineering|kandidat";"Elektrotek.|Master of Science in Electrical Engineering|Master of Science in Engineering|kandidat";"und";"578770d06bbf232e70000103";"";"578770d06bbf232e70000103";"DTU Department of Electrical Engineering";"sorbit";"sorbit";"Study of the impacts of large-scale solar PV plants on grid frequency|Undersøgelse af pavirkningen ved stor-skala socelleanlæg pa net-frekvensen"
"";"dtu|dtupub|third_party";"";"2022-01-03T13:15:54.974Z";"Thyssen, Anne Braad";"";"2292735853";"";"dtu";"2015";"";"";"";"";"thesis";"dtu|dtu_electronic|dtupub|dtupub_electronic";"";"";"";"";"";"";"";"";"";"";"";"";"";"Bæredygtig energi|Master of Science in Engineering|Master of Science in Sustainable Energy|kandidat";"Bæredygtig energi|Master of Science in Engineering|Master of Science in Sustainable Energy|kandidat";"Bæredygtig energi|Master of Science in Engineering|Master of Science in Sustainable Energy|kandidat";"und";"56d754b3bf19455102000540";"";"56d754b3bf19455102000540";"DTU Department of Electrical Engineering";"sorbit";"sorbit";"Wind power plants internal distribution systems and grid connection a technical and economical comparison between a 33kV and a 66 kV|Vindmølleparkers interne elnet og deres nettilslutning – en teknisk og økonomisk sammenligning mellem 33kV og 66kV"
"";"dtu|dtupub|third_party";"";"2022-01-03T13:15:45.633Z";"Tran, Kevin";"";"2292735138";"";"dtu";"2015";"";"";"";"";"thesis";"dtu|dtu_electronic|dtupub|dtupub_electronic";"";"";"";"";"";"";"";"";"";"";"";"";"";"Byggetek.|Master of Science in Civil Engineering|Master of Science in Engineering|kandidat";"Byggetek.|Master of Science in Civil Engineering|Master of Science in Engineering|kandidat";"Byggetek.|Master of Science in Civil Engineering|Master of Science in Engineering|kandidat";"und";"56d754afbf19455102000315";"";"56d754afbf19455102000315";"DTU Department of Civil Engineering";"sorbit";"sorbit";"Tools for agile Commissioning of HVAC Systems: Development and Testing of Smart System for Balancing of Ventilation Ductworks based on Wireless Sensing Technology|Værktøjer til fleksibel commisioning af HVAC-systemer: Udvikling og testning af et system til afbalancering af ventilationskanaler baseret pa tradløs teknologi"
"";"dtu|dtupub|third_party";"";"2022-01-03T13:15:45.571Z";"Pihl, Rasmus David Helmer";"";"2306563641";"";"dtu";"2015";"";"";"";"";"thesis";"dtu|dtu_electronic|dtupub|dtupub_electronic";"";"";"";"";"";"";"";"";"";"";"";"";"";"Informationstek.|Master of Science in Computer Science and Engineering|Master of Science in Engineering|kandidat";"Informationstek.|Master of Science in Computer Science and Engineering|Master of Science in Engineering|kandidat";"Informationstek.|Master of Science in Computer Science and Engineering|Master of Science in Engineering|kandidat";"und";"56d754b8bf1945510200079c";"";"56d754b8bf1945510200079c";"DTU Department of Applied Mathematics and Computer Science";"sorbit";"sorbit";"Random Access in Grammar Compressed Strings|Opslag i grammatikkomprimerede strenge"
"";"dtu|dtupub|third_party";"";"2022-01-03T13:15:35.771Z";"Olesen, Thorbjørn Kruse";"";"2292735473";"";"dtu";"2015";"";"";"";"";"thesis";"dtu|dtu_electronic|dtupub|dtupub_electronic";"";"";"";"";"";"";"";"";"";"";"";"";"";"Master of Science in Engineering|Master of Science in Mathematical Modelling and Computation|Mat. modellering|kandidat";"Master of Science in Engineering|Master of Science in Mathematical Modelling and Computation|Mat. modellering|kandidat";"Master of Science in Engineering|Master of Science in Mathematical Modelling and Computation|Mat. modellering|kandidat";"und";"56d754b1bf194551020003eb";"";"56d754b1bf194551020003eb";"DTU Department of Applied Mathematics and Computer Science";"sorbit";"sorbit";"Quantifying Network Differences using Bayesian Relational Modeling|Kvantificering af netværksforskelle ved brug af bayesiansk relationel modellering"
"";"dtu|dtupub|third_party";"";"2022-01-03T13:15:49.204Z";"Christensen, Mathias";"";"2292735704";"";"dtu";"2015";"";"";"";"";"thesis";"dtu|dtu_electronic|dtupub|dtupub_electronic";"";"";"";"";"";"";"";"";"";"";"";"";"";"Fotonik|Master of Science in Engineering|Master of Science in Photonics Engineering|kandidat";"Fotonik|Master of Science in Engineering|Master of Science in Photonics Engineering|kandidat";"Fotonik|Master of Science in Engineering|Master of Science in Photonics Engineering|kandidat";"und";"56d754b3bf194551020004cb";"";"56d754b3bf194551020004cb";"DTU Department of Electrical and Photonics Engineering";"sorbit";"sorbit";"Functional Biomedical Imaging System|Funktionelt biomedicinsk billeddannelses system"
"";"dtu|dtupub|third_party";"";"2022-01-03T13:15:24.664Z";"Udsen, Maja Søberg";"";"2292737186";"";"dtu";"2015";"";"";"";"";"thesis";"dtu|dtu_electronic|dtupub|dtupub_electronic";"";"";"";"";"";"";"";"";"";"";"";"";"";"Bioteknologi|Master of Science in Biotechnology|Master of Science in Engineering|kandidat";"Bioteknologi|Master of Science in Biotechnology|Master of Science in Engineering|kandidat";"Bioteknologi|Master of Science in Biotechnology|Master of Science in Engineering|kandidat";"und";"56d754b9bf194551020008fa";"";"56d754b9bf194551020008fa";"DTU National Veterinary Institute";"sorbit";"sorbit";"The effect of uveal melanocytes on T cells and monocytes|Effekt af uveale melanocytter pa T-celler og monocytter"
"";"dtu|dtupub|third_party";"";"2022-01-03T13:16:30.478Z";"Thiruchelvam, Suthanthary";"";"2306791752";"";"dtu";"2016";"";"";"";"";"thesis";"dtu|dtu_electronic|dtupub|dtupub_electronic";"";"";"";"";"";"";"";"";"";"";"";"";"";"Bæredygtig energi|Master of Science in Engineering|Master of Science in Sustainable Energy|kandidat";"Bæredygtig energi|Master of Science in Engineering|Master of Science in Sustainable Energy|kandidat";"Bæredygtig energi|Master of Science in Engineering|Master of Science in Sustainable Energy|kandidat";"und";"579743e06bbf232e700010df";"";"579743e06bbf232e700010df";"DTU Department of Civil Engineering";"sorbit";"sorbit";"Transition to Low-Temperature District Heating (LTDH) in the municipality of Albertslund|Transition to Low-Temperature District Heating (LTDH) in the municipality of Albertslund"
"";"dtu|dtupub|third_party";"";"2022-01-03T13:07:32.043Z";"Koefoed, Jacob Gade";"";"2306791764";"";"dtu";"2016";"";"";"";"";"thesis";"dtu|dtu_electronic|dtupub|dtupub_electronic";"";"";"";"";"";"";"";"";"";"";"";"";"";"Fysik og nanotek.|Master of Science in Engineering|Master of Science in Physics and Nanotechnology|kandidat";"Fysik og nanotek.|Master of Science in Engineering|Master of Science in Physics and Nanotechnology|kandidat";"Fysik og nanotek.|Master of Science in Engineering|Master of Science in Physics and Nanotechnology|kandidat";"und";"579743e76bbf232e70001119";"";"579743e76bbf232e70001119";"DTU Department of Electrical and Photonics Engineering";"sorbit";"sorbit";"Photon-pair generation through spontaneous four-wave mixing|Dannelse af foton-par ved spontan firebølgeblanding"
"";"dtu|dtupub|third_party";"";"2022-01-03T13:16:39.702Z";"Chatziagapiou, Christos Panagiotis";"";"2306921460";"";"dtu";"2016";"";"";"";"";"thesis";"dtu|dtu_electronic|dtupub|dtupub_electronic";"";"";"";"";"";"";"";"";"";"";"";"";"";"Master of Science in Engineering|Master of Science in Petroleum Engineering|Olie- og gastek.|kandidat";"Master of Science in Engineering|Master of Science in Petroleum Engineering|Olie- og gastek.|kandidat";"Master of Science in Engineering|Master of Science in Petroleum Engineering|Olie- og gastek.|kandidat";"und";"579dda6b6bbf232e700015f7";"";"579dda6b6bbf232e700015f7";"DTU Department of Chemistry";"sorbit";"sorbit";"Joule-Thomson coefficients of hydrocarbon mixtures at high pressures|Joule-Thomson koefficienter for olieblandinger (eller kulbrinteblandinger) under højt tryk"
"";"dtu|dtupub|third_party";"";"2022-01-03T13:13:00.882Z";"Guerra, Adrian Anton";"";"2306769511";"";"dtu";"2016";"";"";"";"";"thesis";"dtu|dtu_electronic|dtupub|dtupub_electronic";"";"";"";"";"";"";"";"";"";"";"";"";"";"Elektrotek.|Master of Science in Electrical Engineering|Master of Science in Engineering|kandidat";"Elektrotek.|Master of Science in Electrical Engineering|Master of Science in Engineering|kandidat";"Elektrotek.|Master of Science in Electrical Engineering|Master of Science in Engineering|kandidat";"und";"57949fe46bbf232e700005f6";"";"57949fe46bbf232e700005f6";"DTU Department of Electrical Engineering";"sorbit";"sorbit";"Cooperating Robots|Samarbejdende robotter"
"";"dtu|dtupub|third_party";"";"2022-01-03T13:16:39.766Z";"Sæmundsson, Valgeir Þór";"";"2349765933";"";"dtu";"2016";"";"";"";"";"thesis";"dtu|dtu_electronic|dtupub|dtupub_electronic";"";"";"";"";"";"";"";"";"";"";"";"";"";"Elektrotek.|Master of Science in Electrical Engineering|Master of Science in Engineering|kandidat";"Elektrotek.|Master of Science in Electrical Engineering|Master of Science in Engineering|kandidat";"Elektrotek.|Master of Science in Electrical Engineering|Master of Science in Engineering|kandidat";"und";"5853d752e7f4d3da50000018";"";"5853d752e7f4d3da50000018";"DTU Department of Electrical Engineering";"sorbit";"sorbit";"Power frequency control provision by electric vehicles in a high voltage system|Effekt frekvenskontrol med elektriske køretøjer i et højspændings system"
"";"dtu|dtupub|third_party";"";"2022-01-03T13:13:04.447Z";"Gammelby, René";"";"2307077623";"";"dtu";"2016";"";"";"";"";"thesis";"dtu|dtu_electronic|dtupub_external";"";"";"";"";"";"";"";"";"";"";"";"";"";"Konst. og mekanik|Master of Science in Engineering|Master of Science in Engineering Design and Applied Mechanics|kandidat";"Konst. og mekanik|Master of Science in Engineering|Master of Science in Engineering Design and Applied Mechanics|kandidat";"Konst. og mekanik|Master of Science in Engineering|Master of Science in Engineering Design and Applied Mechanics|kandidat";"und";"57a471cf12855c654e0003cf";"";"57a471cf12855c654e0003cf";"DTU Department of Civil and Mechanical Engineering";"sorbit";"sorbit";"Vibration Based Part/Mould Defect Detection Investigation for Injection Moulding|Vibrations baseret opdagelse og undersøgelse af emne/støbeform til sprøjtestøbning"
"";"dtu|dtupub|third_party";"";"2022-01-03T13:16:18.680Z";"Boesen, Søren Højland|Preisz, Andreas Axel Fortuné";"";"2292734334";"";"dtu";"2016";"";"";"";"";"thesis";"dtu|dtu_electronic|dtupub|dtupub_electronic";"";"";"";"";"";"";"";"";"";"";"";"";"";"Master of Science in Engineering|Master of Science in Engineering Management|Planl. innovation og led.|kandidat";"Master of Science in Engineering|Master of Science in Engineering Management|Planl. innovation og led.|kandidat";"Master of Science in Engineering|Master of Science in Engineering Management|Planl. innovation og led.|kandidat";"und";"56d754aabf194551020000fa";"";"56d754aabf194551020000fa";"DTU Department of Technology, Management and Economics";"sorbit";"sorbit";"The Ecosystem of University-Industry collaboration and the effect on student entrepreneurship|Økosystemet for universitets- og virksomhedssamarbejde og effekten pa studenteriværksætteri."
"";"dtu|dtupub|third_party";"";"2022-01-03T13:16:18.364Z";"Kjølbro, Jogvan Nikolaj";"";"2292734632";"";"dtu";"2016";"";"";"";"";"thesis";"dtu|dtu_electronic|dtupub|dtupub_electronic";"";"";"";"";"";"";"";"";"";"";"";"";"";"Fysik og nanotek.|Master of Science in Engineering|Master of Science in Physics and Nanotechnology|kandidat";"Fysik og nanotek.|Master of Science in Engineering|Master of Science in Physics and Nanotechnology|kandidat";"Fysik og nanotek.|Master of Science in Engineering|Master of Science in Physics and Nanotechnology|kandidat";"und";"56d754acbf194551020001ae";"";"56d754acbf194551020001ae";"DTU Department of Electrical and Photonics Engineering";"sorbit";"sorbit";"Plasmons in low-dimensional materials|Plasmoner i lav-dimensionale materialer"
"";"dtu|dtupub|third_party";"";"2022-01-03T13:16:17.322Z";"Nylin, Morten";"";"2292734476";"";"dtu";"2016";"";"";"";"";"thesis";"dtu|dtu_electronic|dtupub|dtupub_electronic";"";"";"";"";"";"";"";"";"";"";"";"";"";"Elektrotek.|Master of Science in Electrical Engineering|Master of Science in Engineering|kandidat";"Elektrotek.|Master of Science in Electrical Engineering|Master of Science in Engineering|kandidat";"Elektrotek.|Master of Science in Electrical Engineering|Master of Science in Engineering|kandidat";"und";"56d754abbf19455102000152";"";"56d754abbf19455102000152";"DTU Department of Electrical Engineering";"sorbit";"sorbit";"Flexible row detection for agriculture|Fleksibel rækkedetektering for anvendelse i landbrug"
"";"dtu|dtupub|third_party";"";"2022-01-03T13:16:19.800Z";"Galecki, Bartosz Szymon";"";"2305633383";"";"dtu";"2016";"";"";"";"";"thesis";"dtu|dtu_electronic|dtupub|dtupub_electronic";"";"";"";"";"";"";"";"";"";"";"";"";"";"Master of Science in Engineering|Master of Science in Wind Energy|Vindenergi|kandidat";"Master of Science in Engineering|Master of Science in Wind Energy|Vindenergi|kandidat";"Master of Science in Engineering|Master of Science in Wind Energy|Vindenergi|kandidat";"und";"575ea678e6f951534a00e46a";"";"575ea678e6f951534a00e46a";"DTU Department of Wind and Energy Systems";"sorbit";"sorbit";"Models and methods for offshore wind farm layout optimization using Fuga|Modeller og metoder for optimering af offshore vindmølleparker med Fuga"
"";"dtu|dtupub|third_party";"";"2022-01-06T23:53:27.628Z";"Stasinska, Anna Radomila";"";"2307020180";"";"dtu";"2016";"";"";"";"";"thesis";"dtu|dtu_electronic|dtupub|dtupub_electronic";"";"";"";"";"";"";"";"";"";"";"";"";"";"Anvendt kemi|Master of Science in Advanced and Applied Chemistry|Master of Science in Engineering|kandidat";"Anvendt kemi|Master of Science in Advanced and Applied Chemistry|Master of Science in Engineering|kandidat";"Anvendt kemi|Master of Science in Advanced and Applied Chemistry|Master of Science in Engineering|kandidat";"und";"57a1cee912855c654e0001b3";"";"57a1cee912855c654e0001b3";"DTU Department of Micro- and Nanotechnology";"sorbit";"sorbit";"Solid lipid nanoparticles as novel X-ray computed tomography contrast agents|Solid lipidnanopartikler som hidtil ukendte X - ray CT kontrastmiddel"
"";"dtu|dtupub|third_party";"";"2022-01-06T23:53:47.463Z";"Vasileiou, Spyridon-Aristoteles";"";"2305633524";"";"dtu";"2016";"";"";"";"";"thesis";"dtu|dtu_electronic|dtupub|dtupub_electronic";"";"";"";"";"";"";"";"";"";"";"";"";"";"gæst udl.";"gæst udl.";"gæst udl.";"und";"575ea7bfe6f951534a00f38c";"";"575ea7bfe6f951534a00f38c";"DTU Department of Environmental and Resource Engineering";"sorbit";"sorbit";"Effect of bioaugmentation with hydrolytic bacteria and microaeration on wheat straw biodegradability|Tilsætning af hydrolytiske bakteria og mikro-beluftning for at forøge bionedbrydelighed af hvedestra"
"";"dtu|dtupub|third_party";"";"2022-01-03T13:13:05.940Z";"Krogsgaard, Alexander|Thorsen, Jesper";"";"2342057116";"";"dtu";"2016";"";"";"";"";"thesis";"dtu|dtu_electronic|dtupub|dtupub_electronic";"";"";"";"";"";"";"";"";"";"";"";"";"";"Master of Science in Engineering|Master of Science in Transportation and Logistics|Transp. og logistik|kandidat";"Master of Science in Engineering|Master of Science in Transportation and Logistics|Transp. og logistik|kandidat";"Master of Science in Engineering|Master of Science in Transportation and Logistics|Transp. og logistik|kandidat";"und";"57becfc4febd22f36000017d";"";"57becfc4febd22f36000017d";"DTU Department of Technology, Management and Economics";"sorbit";"sorbit";"Route Network Design for Liner Shipping|Route Network Design for Liner Shipping"
"Scalability, heterogeneity, and device life-cycle are among the key concerns regardingInternet of Things (IoT) system development and deployment. Consequently,they require robust solutions for managing gateway-resident services asthe systems evolve while being deployed in a large scale.This thesis studies kernel-level virtualization in the context of designing andimplementing a software management system for use in IoT edge gateways. Amanagement system is implemented for a gateway which is deployed to severalhouseholds, where the gateways act as base stations for smart electricity plugs.The gateway is designed to be used in a private household network, connecting tothe Internet using the household’s own connection without modifications to routersettings and with no configuration required from the homeowner.The implementation runs on the GNU/Linux operating system on the RaspberryPi 2 single-board computer. It uses Docker as the virtualization system,Ansible for host-level configuration management and MQTT as the primary protocolfor communication with cloud-resident management services.The gateway was deployed to a number of households in the pre-pilot phase ofthe Flex4Grid project. During the pre-pilot, the implemented software managementsystem provided a convenient way of deploying and maintaining middlewarepackages running inside the gateways, as well as being capable of updating itselfas required.";"dtu|dtupub";"VTT (former employee or external)";"2022-03-28T07:09:32.791Z";"Mattila, Tuomo";"";"2708546048";"";"dtu";"2016";"";"";"";"";"thesis";"dtu|dtu_electronic|dtupub|dtupub_electronic";"";"";"";"";"";"";"";"";"";"";"";"";"";"";"";"";"eng";"6231fa026ffcc8b6f3665d23";"";"6231fa026ffcc8b6f3665d23";"University of Oulu";"vtt";"vtt";"Virtualization based software management for edge gateway"
"";"dtu|dtupub|third_party";"";"2022-01-03T13:15:37.214Z";"Omanovic, Dzenita";"";"2292736786";"";"dtu";"2015";"";"";"";"";"thesis";"dtu|dtu_electronic|dtupub_external";"";"";"";"";"";"";"";"";"";"";"";"";"";"Master of Science in Engineering|Master of Science in Medicine and Technology|Medicin og tek.|kandidat";"Master of Science in Engineering|Master of Science in Medicine and Technology|Medicin og tek.|kandidat";"Master of Science in Engineering|Master of Science in Medicine and Technology|Medicin og tek.|kandidat";"und";"56d754b8bf19455102000793";"";"56d754b8bf19455102000793";"DTU Department of Applied Mathematics and Computer Science";"sorbit";"sorbit";"Automatic feature selection in digital pathology|Automatiseret feature udvælgelse i digital patologi"
"";"dtu|dtupub|third_party";"";"2022-01-03T13:16:35.920Z";"Schröder, Laura";"";"2349281796";"";"dtu";"2016";"";"";"";"";"thesis";"dtu|dtu_electronic|dtupub|dtupub_electronic";"";"";"";"";"";"";"";"";"";"";"";"";"";"gæst udl.";"gæst udl.";"gæst udl.";"und";"583acad013270e8a3e00003a";"";"583acad013270e8a3e00003a";"DTU Department of Wind and Energy Systems";"sorbit";"sorbit";"Screening potential areas and techno-economical assessment of wind farms for the planning of Danish offshore wind energy|Screening af potentielle omrader og teknisk-økonomisk vurdering af vindparker for planlægning af udnyttelse af dansk offshore vindenergi"
"";"dtu|dtupub|third_party";"";"2022-01-03T13:08:04.419Z";"Friis, Steffan Callesen|Illum, Pernille Cecilie";"";"2341715971";"";"dtu";"2016";"";"";"";"";"thesis";"dtu|dtu_electronic|dtupub_external";"";"";"";"";"";"";"";"";"";"";"";"";"";"Design og inn.|Master of Science in Design and Innovation|Master of Science in Engineering|kandidat";"Design og inn.|Master of Science in Design and Innovation|Master of Science in Engineering|kandidat";"Design og inn.|Master of Science in Design and Innovation|Master of Science in Engineering|kandidat";"und";"57b989c03e47d6ad77000052";"";"57b989c03e47d6ad77000052";"DTU Department of Civil and Mechanical Engineering";"sorbit";"sorbit";"Complexity analysis as well as architecture and platform implementation on a medium sized company|Kompleksitets analyse samt arkitektur og platforms implementering for en mellemstor virksomhed."
"";"dtu|dtupub|third_party";"";"2022-01-03T13:08:06.882Z";"Myers, Scott Treven";"";"2349268983";"";"dtu";"2016";"";"";"";"";"thesis";"dtu|dtu_electronic|dtupub_external";"";"";"";"";"";"";"";"";"";"";"";"";"";"Bioteknologi|Master of Science in Biotechnology|Master of Science in Engineering|kandidat";"Bioteknologi|Master of Science in Biotechnology|Master of Science in Engineering|kandidat";"Bioteknologi|Master of Science in Biotechnology|Master of Science in Engineering|kandidat";"und";"5839794e13270e8a3e00002d";"";"5839794e13270e8a3e00002d";"DTU Department of Environmental and Resource Engineering";"sorbit";"sorbit";"Control of conformational changes in E.coli phosphate binding proteins|Kontrol af konformationsændringer i E. coli fosfat-bindende proteiner"
"";"dtu|dtupub|third_party";"";"2022-01-03T13:07:36.887Z";"Gvozdar, Ernes";"";"2306320490";"";"dtu";"2016";"";"";"";"";"thesis";"dtu|dtu_electronic|dtupub_external";"";"";"";"";"";"";"";"";"";"";"";"";"";"Farmateknologi|Master of Science in Engineering|Master of Science in Pharmaceutical Design and Engineering|kandidat";"Farmateknologi|Master of Science in Engineering|Master of Science in Pharmaceutical Design and Engineering|kandidat";"Farmateknologi|Master of Science in Engineering|Master of Science in Pharmaceutical Design and Engineering|kandidat";"und";"577b934f37562d157a0001e4";"";"577b934f37562d157a0001e4";"DTU Department of Micro- and Nanotechnology";"sorbit";"sorbit";"The Development of Quality Control (QC) Protocols for Incoming Magnetic Nanobeads and Antibodies at BluSense Diagnostics (BLSD)|Udviklingen af kvalitetskontrol (QC) protokoller for indkommende magnetiske nanopartikler og antistoffer hos BluSense Diagnostics (BLSD)"
"";"dtu|dtupub|third_party";"";"2022-01-03T13:16:27.295Z";"Nezeritis, Nikolaos";"";"2346074348";"";"dtu";"2016";"";"";"";"";"thesis";"dtu|dtu_electronic|dtupub|dtupub_electronic";"";"";"";"";"";"";"";"";"";"";"";"";"";"Bæredygtig energi|Master of Science in Engineering|Master of Science in Sustainable Energy|kandidat";"Bæredygtig energi|Master of Science in Engineering|Master of Science in Sustainable Energy|kandidat";"Bæredygtig energi|Master of Science in Engineering|Master of Science in Sustainable Energy|kandidat";"und";"57ecf444ad6a549d0700001b";"";"57ecf444ad6a549d0700001b";"DTU Department of Electrical Engineering";"sorbit";"sorbit";"Wind turbine fault progression assessment based on vibration analysis|Bestemmelse af vindmøllers fejlprogression baseret pa vibrationsmalinger"
"";"dtu|dtupub|third_party";"";"2022-01-03T13:12:36.707Z";"Petersen, Jan";"";"2306958742";"";"dtu";"2016";"";"";"";"";"thesis";"dtu|dtu_electronic|dtupub_external";"";"";"";"";"";"";"";"";"";"";"";"";"";"Konst. og mekanik|Master of Science in Engineering|Master of Science in Engineering Design and Applied Mechanics|kandidat";"Konst. og mekanik|Master of Science in Engineering|Master of Science in Engineering Design and Applied Mechanics|kandidat";"Konst. og mekanik|Master of Science in Engineering|Master of Science in Engineering Design and Applied Mechanics|kandidat";"und";"57a07d476bbf232e700019ea";"";"57a07d476bbf232e700019ea";"DTU Department of Civil and Mechanical Engineering";"sorbit";"sorbit";"Design and analysis of composite tension armour in flexible risers|Design og analyse af komposit træk-armering i fleksible stigrør"
"";"dtu|dtupub|third_party";"";"2022-01-03T13:07:47.445Z";"Palazon, Lorena Blanco";"";"2306667997";"";"dtu";"2016";"";"";"";"";"thesis";"dtu|dtu_electronic|dtupub_external";"";"";"";"";"";"";"";"";"";"";"";"";"";"Kemisk/biokemisk tek.|Master of Science in Chemical and Biochemical Engineering|Master of Science in Engineering|kandidat";"Kemisk/biokemisk tek.|Master of Science in Chemical and Biochemical Engineering|Master of Science in Engineering|kandidat";"Kemisk/biokemisk tek.|Master of Science in Chemical and Biochemical Engineering|Master of Science in Engineering|kandidat";"und";"578f59cb6bbf232e700002d7";"";"578f59cb6bbf232e700002d7";"DTU Department of Chemical and Biochemical Engineering";"sorbit";"sorbit";"Continuous production of solvent-based coatings|Kontinuert produktion af solvent-baserede coatings"
"";"dtu|dtupub|third_party";"";"2022-01-03T13:16:28.511Z";"Truelsen, Michael Nørholm";"";"2346313528";"";"dtu";"2016";"";"";"";"";"thesis";"dtu|dtu_electronic|dtupub|dtupub_electronic";"";"";"";"";"";"";"";"";"";"";"";"";"";"Geofysik og rumtek.|Master of Science in Earth and Space Physics and Engineering|Master of Science in Engineering|kandidat";"Geofysik og rumtek.|Master of Science in Earth and Space Physics and Engineering|Master of Science in Engineering|kandidat";"Geofysik og rumtek.|Master of Science in Earth and Space Physics and Engineering|Master of Science in Engineering|kandidat";"und";"57f23a40ad6a549d0700009b";"";"57f23a40ad6a549d0700009b";"DTU Department of Energy Conversion and Storage";"sorbit";"sorbit";"High Temperature Superconducting Coated Conductor-based Space Mission Bolometers|Højtemperaturs Superledende coated conductor-baserede Rummissions Bolometre"
"";"dtu|dtupub|third_party";"";"2022-01-03T13:05:11.848Z";"Sigurdarson, Nökkvi Steinn";"";"2345088665";"";"dtu";"2016";"";"";"";"";"thesis";"dtu|dtu_electronic|dtupub_external";"";"";"";"";"";"";"";"";"";"";"";"";"";"Konst. og mekanik|Master of Science in Engineering|Master of Science in Engineering Design and Applied Mechanics|kandidat";"Konst. og mekanik|Master of Science in Engineering|Master of Science in Engineering Design and Applied Mechanics|kandidat";"Konst. og mekanik|Master of Science in Engineering|Master of Science in Engineering Design and Applied Mechanics|kandidat";"und";"57dfc540080f07e531000004";"";"57dfc540080f07e531000004";"DTU Department of Civil and Mechanical Engineering";"sorbit";"sorbit";"Robust Mechanical Design of Advanced Spring Mechanisms at Novo Nordisk|Robust Mekanisk Design af Avancerede Fjedermekanismer hos Novo Nordisk"
"";"dtu|dtupub|third_party";"";"2022-01-06T23:53:27.658Z";"Nielsen, Camilla Kirstine Elisabeth|Aakerlund, Johan";"";"2307019703";"";"dtu";"2016";"";"";"";"";"thesis";"dtu|dtu_electronic|dtupub|dtupub_electronic";"";"";"";"";"";"";"";"";"";"";"";"";"";"Design og inn.|Master of Science in Design and Innovation|Master of Science in Engineering|kandidat";"Design og inn.|Master of Science in Design and Innovation|Master of Science in Engineering|kandidat";"Design og inn.|Master of Science in Design and Innovation|Master of Science in Engineering|kandidat";"und";"57a1ceca12855c654e000083";"";"57a1ceca12855c654e000083";"DTU Department of Technology, Management and Economics";"sorbit";"sorbit";"The Intervention Design Tool - Developing a Design Tool for early Stage Development in Behavioural Design Projects|The Intervention Design Tool - udvikling af en designmetode til de tidlige stadier i adfærdsdesignprojekter"
"";"dtu|dtupub|third_party";"";"2022-01-03T13:12:51.611Z";"Hluchy, Maros";"";"2305633557";"";"dtu";"2016";"";"";"";"";"thesis";"dtu|dtu_electronic|dtupub|dtupub_electronic";"";"";"";"";"";"";"";"";"";"";"";"";"";"Master of Science in Engineering|Master of Science in Materials and Manufacturing Engineering|Materialetek.|kandidat";"Master of Science in Engineering|Master of Science in Materials and Manufacturing Engineering|Materialetek.|kandidat";"Master of Science in Engineering|Master of Science in Materials and Manufacturing Engineering|Materialetek.|kandidat";"und";"575ea7e5e6f951534a00f579";"";"575ea7e5e6f951534a00f579";"DTU Department of Civil and Mechanical Engineering";"sorbit";"sorbit";"Micro Injection Moulding Process Validation for High Precision Thermoplastic Elastomer Components Manufacture|Procesevaluering af mikro-sprøjetestøbning for høj præcision termoplastiks elastomer komponentfremstilling"
"";"dtu|dtupub|third_party";"";"2022-01-03T13:16:26.357Z";"Hoelstad, Bonnie Edahl";"";"2292734418";"";"dtu";"2016";"";"";"";"";"thesis";"dtu|dtu_electronic|dtupub|dtupub_electronic";"";"";"";"";"";"";"";"";"";"";"";"";"";"gæst dk";"gæst dk";"gæst dk";"und";"56d754abbf19455102000123";"";"56d754abbf19455102000123";"DTU National Veterinary Institute";"sorbit";"sorbit";"The optimal way to introduce new gilts in farms with PRRS|Optimal introduktion af polte i PRRS-besætninger"
"";"dtu|dtupub|third_party";"";"2022-01-03T13:16:26.214Z";"Nielsen, Anita Bruun";"";"2292734643";"";"dtu";"2015";"";"";"";"";"thesis";"dtu|dtu_electronic|dtupub|dtupub_electronic";"";"";"";"";"";"";"";"";"";"";"";"";"";"Akvatisk teknologi|Master in Science in Aquatic Science and Technology|Master of Science in Engineering|kandidat";"Akvatisk teknologi|Master in Science in Aquatic Science and Technology|Master of Science in Engineering|kandidat";"Akvatisk teknologi|Master in Science in Aquatic Science and Technology|Master of Science in Engineering|kandidat";"und";"56d754acbf194551020001b9";"";"56d754acbf194551020001b9";"DTU National Institute of Aquatic Resources";"sorbit";"sorbit";"Discard survival of Norway lobster (Nephrops Norvegicus)|Discard overlevelse af jomfruhummer (Nephrops Norvegicus)"
"";"dtu|dtupub|third_party";"";"2022-01-03T13:12:30.333Z";"Hoier, Lasse Rasmus";"";"2306921142";"";"dtu";"2016";"";"";"";"";"thesis";"dtu|dtu_electronic|dtupub_external";"";"";"";"";"";"";"";"";"";"";"";"";"";"Byggetek.|Master of Science in Civil Engineering|Master of Science in Engineering|kandidat";"Byggetek.|Master of Science in Civil Engineering|Master of Science in Engineering|kandidat";"Byggetek.|Master of Science in Civil Engineering|Master of Science in Engineering|kandidat";"und";"579dda426bbf232e7000149d";"";"579dda426bbf232e7000149d";"DTU Department of Civil Engineering";"sorbit";"sorbit";"A new measuring technique to register air void structure in hardened concrete|Ny maleteknik til registrering af lufporestruktur i beton"
"";"dtu|dtupub|third_party";"";"2022-01-03T13:12:50.302Z";"Anissi, Leila Shabnam";"";"2305633543";"";"dtu";"2016";"";"";"";"";"thesis";"dtu|dtu_electronic|dtupub_external";"";"";"";"";"";"";"";"";"";"";"";"";"";"Farmateknologi|Master of Science in Engineering|Master of Science in Pharmaceutical Design and Engineering|kandidat";"Farmateknologi|Master of Science in Engineering|Master of Science in Pharmaceutical Design and Engineering|kandidat";"Farmateknologi|Master of Science in Engineering|Master of Science in Pharmaceutical Design and Engineering|kandidat";"und";"575ea7dae6f951534a00f4e4";"";"575ea7dae6f951534a00f4e4";"DTU DTU National Food Institute";"sorbit";"sorbit";"Study of magnetic particle production by magnetotactic bacteria for medical applications|Undersøgelse af magnetiske partikel produktion med magnetotaktiske bakterie."
"";"dtu|dtupub|third_party";"";"2022-01-03T13:12:43.464Z";"Ceutz, Christoffer Resting";"";"2305633525";"";"dtu";"2016";"";"";"";"";"thesis";"dtu|dtu_electronic|dtupub_external";"";"";"";"";"";"";"";"";"";"";"";"";"";"Elektrotek.|Master of Science in Electrical Engineering|Master of Science in Engineering|kandidat";"Elektrotek.|Master of Science in Electrical Engineering|Master of Science in Engineering|kandidat";"Elektrotek.|Master of Science in Electrical Engineering|Master of Science in Engineering|kandidat";"und";"575ea7bfe6f951534a00f38d";"";"575ea7bfe6f951534a00f38d";"DTU Department of Electrical Engineering";"sorbit";"sorbit";"Resonant power converter implemented in a gallium nitride foundry process|Resonant strømforsyning implementeret i galliumnitrid foundry-proces"
"";"dtu|dtupub|third_party";"";"2022-01-03T13:16:22.228Z";"Eskelund, Marc";"";"2292734097";"";"dtu";"2016";"";"";"";"";"thesis";"dtu|dtu_electronic|dtupub|dtupub_electronic";"";"";"";"";"";"";"";"";"";"";"";"";"";"Akvatisk teknologi|Master in Science in Aquatic Science and Technology|Master of Science in Engineering|kandidat";"Akvatisk teknologi|Master in Science in Aquatic Science and Technology|Master of Science in Engineering|kandidat";"Akvatisk teknologi|Master in Science in Aquatic Science and Technology|Master of Science in Engineering|kandidat";"und";"56d754a9bf19455102000071";"";"56d754a9bf19455102000071";"DTU National Institute of Aquatic Resources";"sorbit";"sorbit";"Discard survival of plaice in a Norway lobster trawler|Overlevelse af discardede rødspætter i jomfruhummer trawl fiskeri"
"";"dtu|dtupub|third_party";"";"2022-01-03T13:12:16.057Z";"Dyhr, Casper Højbye";"";"2305633442";"";"dtu";"2016";"";"";"";"";"thesis";"dtu|dtu_electronic|dtupub|dtupub_electronic";"";"";"";"";"";"";"";"";"";"";"";"";"";"Konst. og mekanik|Master of Science in Engineering|Master of Science in Engineering Design and Applied Mechanics|kandidat";"Konst. og mekanik|Master of Science in Engineering|Master of Science in Engineering Design and Applied Mechanics|kandidat";"Konst. og mekanik|Master of Science in Engineering|Master of Science in Engineering Design and Applied Mechanics|kandidat";"und";"575ea70de6f951534a00eb79";"";"575ea70de6f951534a00eb79";"DTU Department of Civil and Mechanical Engineering";"sorbit";"sorbit";"Annular Seal Dynamics and Lateral Rotor Vibration Stability|Dynamik af tætninger og rotordynamisk stabilitet"
"";"dtu|dtupub|third_party";"";"2022-01-03T13:12:38.168Z";"Rønn-Andersen, Kristoffer Viktor Hannibal|Bien, Paulina Maria";"";"2305633460";"";"dtu";"2016";"";"";"";"";"thesis";"dtu|dtu_electronic|dtupub_external";"";"";"";"";"";"";"";"";"";"";"";"";"";"Design og inn.|Digitale medietek.|Master of Science in Design and Innovation|Master of Science in Digital Media Engineering|Master of Science in Engineering|kandidat";"Design og inn.|Digitale medietek.|Master of Science in Design and Innovation|Master of Science in Digital Media Engineering|Master of Science in Engineering|kandidat";"Design og inn.|Digitale medietek.|Master of Science in Design and Innovation|Master of Science in Digital Media Engineering|Master of Science in Engineering|kandidat";"und";"575ea752e6f951534a00eec9";"";"575ea752e6f951534a00eec9";"DTU Department of Technology, Management and Economics";"sorbit";"sorbit";"Adapting wearable technology for the elderly with dementia|Tilpasning af wearable teknologi til ældre med demens"
"";"dtu|dtupub|third_party";"";"2022-01-03T13:16:19.743Z";"Mollerup, Michelle";"";"2292734133";"";"dtu";"2016";"";"";"";"";"thesis";"dtu|dtu_electronic|dtupub|dtupub_electronic";"";"";"";"";"";"";"";"";"";"";"";"";"";"Byggetek.|Master of Science in Civil Engineering|Master of Science in Engineering|kandidat";"Byggetek.|Master of Science in Civil Engineering|Master of Science in Engineering|kandidat";"Byggetek.|Master of Science in Civil Engineering|Master of Science in Engineering|kandidat";"und";"56d754a9bf19455102000086";"";"56d754a9bf19455102000086";"DTU Department of Technology, Management and Economics";"sorbit";"sorbit";"Planning Levels in LPS - Theory and Practise|Planlægningsniveauer i LPS - teori og praksis"
"";"dtu|dtupub|third_party";"";"2022-01-03T13:16:14.470Z";"Al-Matook, Firas";"";"2292734492";"";"dtu";"2016";"";"";"";"";"thesis";"dtu|dtu_electronic|dtupub|dtupub_electronic";"";"";"";"";"";"";"";"";"";"";"";"";"";"Master of Science in Engineering|Master of Science in Petroleum Engineering|Olie- og gastek.|kandidat";"Master of Science in Engineering|Master of Science in Petroleum Engineering|Olie- og gastek.|kandidat";"Master of Science in Engineering|Master of Science in Petroleum Engineering|Olie- og gastek.|kandidat";"und";"56d754abbf19455102000161";"";"56d754abbf19455102000161";"DTU Department of Civil Engineering";"sorbit";"sorbit";"Important concepts within oil well drilling procedures|Vigtige koncepter og procedurer indenfor oliebrøndsboring"
"";"dtu|dtupub|third_party";"";"2022-01-03T13:16:18.778Z";"Witthøft, Maria-Louise";"";"2305633368";"";"dtu";"2016";"";"";"";"";"thesis";"dtu|dtu_electronic|dtupub|dtupub_electronic";"";"";"";"";"";"";"";"";"";"";"";"";"";"Fysik og nanotek.|Master of Science in Engineering|Master of Science in Physics and Nanotechnology|kandidat";"Fysik og nanotek.|Master of Science in Engineering|Master of Science in Physics and Nanotechnology|kandidat";"Fysik og nanotek.|Master of Science in Engineering|Master of Science in Physics and Nanotechnology|kandidat";"und";"575ea648e6f951534a00e237";"";"575ea648e6f951534a00e237";"DTU Department of Micro- and Nanotechnology";"sorbit";"sorbit";"Capacitive Micromachined Ultrasonic Transducers for Chemical & Bio-sensing|Capacitive Micromachined Ultrasonic Transducers til kemisk og biologisk detektion"
"";"dtu|dtupub|third_party";"";"2022-01-03T13:12:13Z";"Greve, Anders";"";"2292735167";"";"dtu";"2015";"";"";"";"";"thesis";"dtu|dtu_electronic|dtupub|dtupub_electronic";"";"";"";"";"";"";"";"";"";"";"";"";"";"Elektrotek.|Master of Science in Electrical Engineering|Master of Science in Engineering|kandidat";"Elektrotek.|Master of Science in Electrical Engineering|Master of Science in Engineering|kandidat";"Elektrotek.|Master of Science in Electrical Engineering|Master of Science in Engineering|kandidat";"und";"56d754afbf19455102000331";"";"56d754afbf19455102000331";"DTU Department of Electrical Engineering";"sorbit";"sorbit";"Antenna control for ship born radio link|Antennestyring for skibsbaseret radiolink"
"";"dtu|dtupub|third_party";"";"2022-01-03T13:15:51.312Z";"Thomas, Espen Folger";"";"2292736490";"";"dtu";"2015";"";"";"";"";"thesis";"dtu|dtu_electronic|dtupub|dtupub_electronic";"";"";"";"";"";"";"";"";"";"";"";"";"";"Fysik og nanotek.|Master of Science in Engineering|Master of Science in Physics and Nanotechnology|kandidat";"Fysik og nanotek.|Master of Science in Engineering|Master of Science in Physics and Nanotechnology|kandidat";"Fysik og nanotek.|Master of Science in Engineering|Master of Science in Physics and Nanotechnology|kandidat";"und";"56d754b7bf194551020006d6";"";"56d754b7bf194551020006d6";"DTU Department of Chemistry";"sorbit";"sorbit";"A theoretical investigation of laser pulse shaping with application to the control of quantum molecular dynamics|En teoretisk undersøgelse af laser pulse shaping med anvendelse pa kontrol af molekylær kvantedynamik"
"";"dtu|dtupub|third_party";"";"2022-01-03T13:12:00.069Z";"Larsen, Julian Kopka";"";"2292736466";"";"dtu";"2015";"";"";"";"";"thesis";"dtu|dtu_electronic|dtupub|dtupub_electronic";"";"";"";"";"";"";"";"";"";"";"";"";"";"Master of Science in Engineering|Master of Science in Mathematical Modelling and Computation|Mat. modellering|kandidat";"Master of Science in Engineering|Master of Science in Mathematical Modelling and Computation|Mat. modellering|kandidat";"Master of Science in Engineering|Master of Science in Mathematical Modelling and Computation|Mat. modellering|kandidat";"und";"56d754b7bf194551020006c8";"";"56d754b7bf194551020006c8";"DTU Department of Applied Mathematics and Computer Science";"sorbit";"sorbit";"Functional programming for inference in statistical models|Funktionel programmering til inferens i statistiske modeller"
"";"dtu|dtupub|third_party";"";"2022-01-03T13:15:57.257Z";"Demir, Oguz";"";"2292736701";"";"dtu";"2015";"";"";"";"";"thesis";"dtu|dtu_electronic|dtupub|dtupub_electronic";"";"";"";"";"";"";"";"";"";"";"";"";"";"Informationstek.|Master of Science in Computer Science and Engineering|Master of Science in Engineering|kandidat";"Informationstek.|Master of Science in Computer Science and Engineering|Master of Science in Engineering|kandidat";"Informationstek.|Master of Science in Computer Science and Engineering|Master of Science in Engineering|kandidat";"und";"56d754b7bf19455102000767";"";"56d754b7bf19455102000767";"DTU Department of Applied Mathematics and Computer Science";"sorbit";"sorbit";"Difference Cover Algorithms|Dækningsalgoritmer"
"";"dtu|dtupub|third_party";"";"2022-01-03T13:15:21.141Z";"Nielsen, Rasmus Morell";"";"2292737424";"";"dtu";"2015";"";"";"";"";"thesis";"dtu|dtu_electronic|dtupub|dtupub_electronic";"";"";"";"";"";"";"";"";"";"";"";"";"";"Bæredygtig energi|Master of Science in Engineering|Master of Science in Sustainable Energy|kandidat";"Bæredygtig energi|Master of Science in Engineering|Master of Science in Sustainable Energy|kandidat";"Bæredygtig energi|Master of Science in Engineering|Master of Science in Sustainable Energy|kandidat";"und";"56d754babf194551020009bb";"";"56d754babf194551020009bb";"DTU Department of Civil and Mechanical Engineering";"sorbit";"sorbit";"Integration and optimization of gas liquefaction processes on oil and gas platforms|Integration og optimering af gasfortætning pa olie- og gasplatforme"
"";"dtu|dtupub|third_party";"";"2022-01-03T13:15:49.293Z";"Roncal, Carlos";"";"2292735630";"";"dtu";"2015";"";"";"";"";"thesis";"dtu|dtu_electronic|dtupub|dtupub_electronic";"";"";"";"";"";"";"";"";"";"";"";"";"";"Elektrotek.|Master of Science in Electrical Engineering|Master of Science in Engineering|kandidat";"Elektrotek.|Master of Science in Electrical Engineering|Master of Science in Engineering|kandidat";"Elektrotek.|Master of Science in Electrical Engineering|Master of Science in Engineering|kandidat";"und";"56d754b2bf19455102000482";"";"56d754b2bf19455102000482";"DTU Department of Electrical Engineering";"sorbit";"sorbit";"Modeling and System Identification of Underwater Robot|Modellering og System Identifikation af Undervands Robot"
"";"dtu|dtupub|third_party";"";"2022-01-03T13:11:07.125Z";"Nørgaard, Anja Schmidt|Rasmussen, Mette Nygaard";"";"2292735933";"";"dtu";"2015";"";"";"";"";"thesis";"dtu|dtu_electronic|dtupub_external";"";"";"";"";"";"";"";"";"";"";"";"";"";"Master of Science in Engineering|Master of Science in Environmental Engineering|Miljøteknologi|kandidat";"Master of Science in Engineering|Master of Science in Environmental Engineering|Miljøteknologi|kandidat";"Master of Science in Engineering|Master of Science in Environmental Engineering|Miljøteknologi|kandidat";"und";"56d754b4bf19455102000589";"";"56d754b4bf19455102000589";"DTU Department of Environmental and Resource Engineering";"sorbit";"sorbit";"Water quality modelling using MIKE URBAN|Vandkvalitetsmodellering med MIKE URBAN"
"";"dtu|dtupub|third_party";"";"2022-01-03T13:12:08.979Z";"Ring, Mads|Hjort, Sebastian";"";"2292736353";"";"dtu";"2015";"";"";"";"";"thesis";"dtu|dtu_electronic|dtupub|dtupub_electronic";"";"";"";"";"";"";"";"";"";"";"";"";"";"Design og inn.|Master of Science in Design and Innovation|Master of Science in Engineering|kandidat";"Design og inn.|Master of Science in Design and Innovation|Master of Science in Engineering|kandidat";"Design og inn.|Master of Science in Design and Innovation|Master of Science in Engineering|kandidat";"und";"56d754b6bf1945510200068f";"";"56d754b6bf1945510200068f";"DTU Department of Technology, Management and Economics";"sorbit";"sorbit";"Design for disruptive innovation and user development|Design for disruptiv innovation og brugerudvikling"
"";"dtu|dtupub|third_party";"";"2022-01-03T13:15:59.829Z";"Kennard, Robin";"";"2292735273";"";"dtu";"2015";"";"";"";"";"thesis";"dtu|dtu_electronic|dtupub|dtupub_electronic";"";"";"";"";"";"";"";"";"";"";"";"";"";"Master of Science in Engineering|Master of Science in Wind Energy|Vindenergi|kandidat";"Master of Science in Engineering|Master of Science in Wind Energy|Vindenergi|kandidat";"Master of Science in Engineering|Master of Science in Wind Energy|Vindenergi|kandidat";"und";"56d754b0bf19455102000370";"";"56d754b0bf19455102000370";"DTU Department of Wind and Energy Systems";"sorbit";"sorbit";"Study of a morphing blade concept for improving a wind turbine performance|Undersøgelse af et deformerbart blad koncept til forbedring af en vindmølles ydeevne"
"";"dtu|dtupub|third_party";"";"2022-01-03T13:11:19.206Z";"Juul, Anders Christian";"";"2292735880";"";"dtu";"2015";"";"";"";"";"thesis";"dtu|dtu_electronic|dtupub_external";"";"";"";"";"";"";"";"";"";"";"";"";"";"Master of Science in Engineering|Master of Science in Telecommunication|Telekom.|kandidat";"Master of Science in Engineering|Master of Science in Telecommunication|Telekom.|kandidat";"Master of Science in Engineering|Master of Science in Telecommunication|Telekom.|kandidat";"und";"56d754b4bf1945510200055e";"";"56d754b4bf1945510200055e";"DTU Department of Electrical and Photonics Engineering";"sorbit";"sorbit";"Optical networks for magnetic signature sensor systems at the bottom of the sea|Optisk netværk til magnetisk signatur sensor systemer pa havets bund"
"";"dtu|dtupub|third_party";"";"2022-01-03T13:16:17.058Z";"Pol, Adrian Alan";"";"2292734639";"";"dtu";"2016";"";"";"";"";"thesis";"dtu|dtu_electronic|dtupub|dtupub_electronic";"";"";"";"";"";"";"";"";"";"";"";"";"";"Master of Science in Engineering|Master of Science in Telecommunication|Telekom.|kandidat";"Master of Science in Engineering|Master of Science in Telecommunication|Telekom.|kandidat";"Master of Science in Engineering|Master of Science in Telecommunication|Telekom.|kandidat";"und";"56d754acbf194551020001b5";"";"56d754acbf194551020001b5";"DTU Department of Electrical and Photonics Engineering";"sorbit";"sorbit";"Failure Recovery and Routing Optimization in Software-Defined Networks|Failure Recovery and Routing Optimization in Software-Defined Networks"
"";"dtu|dtupub|third_party";"";"2022-01-03T13:16:07.724Z";"Leonard, Jonas Ndau";"";"2292735264";"";"dtu";"2015";"";"";"";"";"thesis";"dtu|dtu_electronic|dtupub|dtupub_electronic";"";"";"";"";"";"";"";"";"";"";"";"";"";"Akvatisk teknologi|Master in Science in Aquatic Science and Technology|Master of Science in Engineering|kandidat";"Akvatisk teknologi|Master in Science in Aquatic Science and Technology|Master of Science in Engineering|kandidat";"Akvatisk teknologi|Master in Science in Aquatic Science and Technology|Master of Science in Engineering|kandidat";"und";"56d754b0bf1945510200036b";"";"56d754b0bf1945510200036b";"DTU National Institute of Aquatic Resources";"sorbit";"sorbit";"Thermal optimum for Juvenile Nile tilapia (Oreochromis niloticus) and the use of gill ventilation frequency as an accurate indicator of metabolic rate|Temperaturoptimum for juvenile tilapia (Oreochromis niloticus), og brugen af ventilationsfrekvens som indikator for metabolsk rate"
"";"dtu|dtupub|third_party";"";"2022-01-03T13:07:31.932Z";"Andersen, Asger Gade";"";"2306791694";"";"dtu";"2016";"";"";"";"";"thesis";"dtu|dtu_electronic|dtupub_external";"";"";"";"";"";"";"";"";"";"";"";"";"";"Master of Science in Engineering|Master of Science in Materials and Manufacturing Engineering|Materialetek.|kandidat";"Master of Science in Engineering|Master of Science in Materials and Manufacturing Engineering|Materialetek.|kandidat";"Master of Science in Engineering|Master of Science in Materials and Manufacturing Engineering|Materialetek.|kandidat";"und";"579743a96bbf232e70000f37";"";"579743a96bbf232e70000f37";"DTU Department of Civil and Mechanical Engineering";"sorbit";"sorbit";"Formulation of a fluoride free tin nickel plating process|Formulering af en fluorid fri tin nikkel pletterings proces"
"";"dtu|dtupub|third_party";"";"2022-01-03T13:15:58.495Z";"Carr, Stephanie";"";"2292735483";"";"dtu";"2015";"";"";"";"";"thesis";"dtu|dtu_electronic|dtupub|dtupub_electronic";"";"";"";"";"";"";"";"";"";"";"";"";"";"Bæredygtig energi|Master of Science in Engineering|Master of Science in Sustainable Energy|kandidat";"Bæredygtig energi|Master of Science in Engineering|Master of Science in Sustainable Energy|kandidat";"Bæredygtig energi|Master of Science in Engineering|Master of Science in Sustainable Energy|kandidat";"und";"56d754b1bf194551020003f7";"";"56d754b1bf194551020003f7";"DTU Department of Civil Engineering";"sorbit";"sorbit";"Load shifting in Smart Grid Ready Buildings|Lastudjævning i Smart Grid-parate bygninger"
"";"dtu|dtupub|third_party";"";"2022-01-03T13:11:20.495Z";"Jensby, Andreas Lykke";"";"2292737341";"";"dtu";"2015";"";"";"";"";"thesis";"dtu|dtu_electronic|dtupub_external";"";"";"";"";"";"";"";"";"";"";"";"";"";"Bioteknologi|Master of Science in Biotechnology|Master of Science in Engineering|kandidat";"Bioteknologi|Master of Science in Biotechnology|Master of Science in Engineering|kandidat";"Bioteknologi|Master of Science in Biotechnology|Master of Science in Engineering|kandidat";"und";"56d754babf19455102000983";"";"56d754babf19455102000983";"DTU Department of Biotechnology and Biomedicine";"sorbit";"sorbit";"Improvement of production of virus-like particles in Drosophila S2-cells|Forbedret produktion af virus-lignende partikler i Drosophila S2-celler"
"";"dtu|dtupub|third_party";"";"2022-01-03T13:13:04.782Z";"Cavani, Eleonora";"";"2341518435";"";"dtu";"2016";"";"";"";"";"thesis";"dtu|dtu_electronic|dtupub_external";"";"";"";"";"";"";"";"";"";"";"";"";"";"Farmateknologi|Master of Science in Engineering|Master of Science in Pharmaceutical Design and Engineering|kandidat";"Farmateknologi|Master of Science in Engineering|Master of Science in Pharmaceutical Design and Engineering|kandidat";"Farmateknologi|Master of Science in Engineering|Master of Science in Pharmaceutical Design and Engineering|kandidat";"und";"57b6e6bc3e47d6ad77000000";"";"57b6e6bc3e47d6ad77000000";"DTU Department of Chemistry";"sorbit";"sorbit";"Monitoring of atopic dermatitis flare-ups and identification of its triggers in chronic patients|Monitorering af atopisk dermatitis udbrud og identificering af (dets) triggere i kronisk syge patienter"
"";"dtu|dtupub|third_party";"";"2022-01-03T13:06:05.262Z";"Heydari, Mantreh Nilufar";"";"2306510220";"";"dtu";"2016";"";"";"";"";"thesis";"dtu|dtu_electronic|dtupub_external";"";"";"";"";"";"";"";"";"";"";"";"";"";"Master of Science in Engineering|Master of Science in Transportation and Logistics|Transp. og logistik|kandidat";"Master of Science in Engineering|Master of Science in Transportation and Logistics|Transp. og logistik|kandidat";"Master of Science in Engineering|Master of Science in Transportation and Logistics|Transp. og logistik|kandidat";"und";"578770d66bbf232e7000011e";"";"578770d66bbf232e7000011e";"DTU Department of Transport";"sorbit";"sorbit";"Slab Track: The new future in the Danish Railway?|Slab Track: Den nye fremtid for den danske jernbane?"
"";"dtu|dtupub|third_party";"";"2022-01-03T13:09:01.126Z";"Krupsdahl, Tim";"";"2348718913";"";"dtu";"2016";"";"";"";"";"thesis";"dtu|dtu_electronic|dtupub_external";"";"";"";"";"";"";"";"";"";"";"";"";"";"Master of Science in Engineering|Master of Science in Engineering Management|Planl. innovation og led.|kandidat";"Master of Science in Engineering|Master of Science in Engineering Management|Planl. innovation og led.|kandidat";"Master of Science in Engineering|Master of Science in Engineering Management|Planl. innovation og led.|kandidat";"und";"58206cd0eab4655b4f00004f";"";"58206cd0eab4655b4f00004f";"DTU Department of Technology, Management and Economics";"sorbit";"sorbit";"Standardising of presales processes by use of configuration systems|Standardisering af presales processer ved anvendelse af produkt konfiguration"
"";"dtu|dtupub|third_party";"";"2022-01-03T13:06:53.396Z";"Orus, Carlos Dieste";"";"2319852090";"";"dtu";"2016";"";"";"";"";"thesis";"dtu|dtu_electronic|dtupub|dtupub_electronic";"";"";"";"";"";"";"";"";"";"";"";"";"";"gæst udl.";"gæst udl.";"gæst udl.";"und";"57b04f529baf2b177e0001cb";"";"57b04f529baf2b177e0001cb";"DTU Department of Electrical Engineering";"sorbit";"sorbit";"Real-time motion tracking during Magnetic Resonance Imaging|Tidstro monitorering af bevægelse under magnetisk resonans skanning"
"";"dtu|dtupub|third_party";"";"2022-01-03T13:07:59.099Z";"Brendstrup, Mikkel";"";"2306789890";"";"dtu";"2016";"";"";"";"";"thesis";"dtu|dtu_electronic|dtupub|dtupub_electronic";"";"";"";"";"";"";"";"";"";"";"";"";"";"Bæredygtig energi|Master of Science in Engineering|Master of Science in Sustainable Energy|kandidat";"Bæredygtig energi|Master of Science in Engineering|Master of Science in Sustainable Energy|kandidat";"Bæredygtig energi|Master of Science in Engineering|Master of Science in Sustainable Energy|kandidat";"und";"579743706bbf232e70000ded";"";"579743706bbf232e70000ded";"DTU Department of Civil and Mechanical Engineering";"sorbit";"sorbit";"Investigations of sulphur related corrosion in large 2-stroke diesel engines|Studier af svovl forarsaget korrosion i 2-takts diesel motorer"
"";"dtu|dtupub|third_party";"";"2022-01-03T13:08:07.823Z";"Erlendsson, Leifur Bjarki";"";"2307137924";"";"dtu";"2016";"";"";"";"";"thesis";"dtu|dtu_electronic|dtupub_external";"";"";"";"";"";"";"";"";"";"";"";"";"";"Master of Science in Engineering|Master of Science in Mathematical Modelling and Computation|Mat. modellering|kandidat";"Master of Science in Engineering|Master of Science in Mathematical Modelling and Computation|Mat. modellering|kandidat";"Master of Science in Engineering|Master of Science in Mathematical Modelling and Computation|Mat. modellering|kandidat";"und";"57a8664b12855c654e000499";"";"57a8664b12855c654e000499";"DTU Department of Applied Mathematics and Computer Science";"sorbit";"sorbit";"Optimal allocation of marketing-mix media budget|Optimal fordeling af marketing-mix media budget"
"";"dtu|dtupub|third_party";"";"2022-01-03T13:08:00.241Z";"Nepper-Rasmussen, Bjarke Christian";"";"2341981713";"";"dtu";"2016";"";"";"";"";"thesis";"dtu|dtu_electronic|dtupub_external";"";"";"";"";"";"";"";"";"";"";"";"";"";"Bæredygtig energi|Master of Science in Engineering|Master of Science in Sustainable Energy|kandidat";"Bæredygtig energi|Master of Science in Engineering|Master of Science in Sustainable Energy|kandidat";"Bæredygtig energi|Master of Science in Engineering|Master of Science in Sustainable Energy|kandidat";"und";"57bd7e79febd22f36000013a";"";"57bd7e79febd22f36000013a";"DTU Department of Technology, Management and Economics";"sorbit";"sorbit";"Grid Operation Dispatching Rules in the Chinese Power Sector|Elsystem operation og produktions-prioriteringsregler i det kinesiske el-net"
"";"dtu|dtupub|third_party";"";"2022-01-03T13:15:52.025Z";"Silai, Ersa";"";"2292735045";"";"dtu";"2015";"";"";"";"";"thesis";"dtu|dtu_electronic|dtupub|dtupub_electronic";"";"";"";"";"";"";"";"";"";"";"";"";"";"Master of Science in Engineering|Master of Science in Transportation and Logistics|Transp. og logistik|kandidat";"Master of Science in Engineering|Master of Science in Transportation and Logistics|Transp. og logistik|kandidat";"Master of Science in Engineering|Master of Science in Transportation and Logistics|Transp. og logistik|kandidat";"und";"56d754aebf194551020002d7";"";"56d754aebf194551020002d7";"DTU Department of Transport";"sorbit";"sorbit";"Railway Traffic Disruption Analysis and Management|Jernbanetrafikforstyrrelser, analyse og ledelse"
"";"dtu|dtupub|third_party";"";"2022-01-03T13:16:14.652Z";"Drobek, Cecilie";"";"2292735609";"";"dtu";"2015";"";"";"";"";"thesis";"dtu|dtu_electronic|dtupub|dtupub_electronic";"";"";"";"";"";"";"";"";"";"";"";"";"";"Anvendt kemi|Master of Science in Advanced and Applied Chemistry|Master of Science in Engineering|kandidat";"Anvendt kemi|Master of Science in Advanced and Applied Chemistry|Master of Science in Engineering|kandidat";"Anvendt kemi|Master of Science in Advanced and Applied Chemistry|Master of Science in Engineering|kandidat";"und";"56d754b2bf19455102000470";"";"56d754b2bf19455102000470";"DTU Department of Chemistry";"sorbit";"sorbit";"Analysis of impurity forming reactions in solid state pharmaceuticals|Analyse af urenhedsdannende reaktioner i farmaceutiske produkter i fast form"
"";"dtu|dtupub|third_party";"";"2022-01-03T13:16:25.208Z";"Pupo, Alejandro Rodriguez";"";"2305633476";"";"dtu";"2016";"";"";"";"";"thesis";"dtu|dtu_electronic|dtupub|dtupub_electronic";"";"";"";"";"";"";"";"";"";"";"";"";"";"gæst udl.";"gæst udl.";"gæst udl.";"und";"575ea77fe6f951534a00f0bf";"";"575ea77fe6f951534a00f0bf";"DTU Department of Chemical and Biochemical Engineering";"sorbit";"sorbit";"Thermodynamic modeling of scale formation in brines from HP/HT reservoirs|Termodynamisk modellering af scale dannelse i HP/HT reservoirer"
"";"dtu|dtupub|third_party";"";"2022-01-03T13:15:50.583Z";"Cadario, Daniele";"";"2292735147";"";"dtu";"2015";"";"";"";"";"thesis";"dtu|dtu_electronic|dtupub_external";"";"";"";"";"";"";"";"";"";"";"";"";"";"Fysik og nanotek.|Master of Science in Engineering|Master of Science in Physics and Nanotechnology|kandidat";"Fysik og nanotek.|Master of Science in Engineering|Master of Science in Physics and Nanotechnology|kandidat";"Fysik og nanotek.|Master of Science in Engineering|Master of Science in Physics and Nanotechnology|kandidat";"und";"56d754afbf1945510200031c";"";"56d754afbf1945510200031c";"DTU Department of Micro- and Nanotechnology";"sorbit";"sorbit";"Using an Impedance Spectroscopy Device for Specific Detection of Pathogens|Specifik detektering af patogener ved hjælp af et impedansspektroskopi device."
"";"dtu|dtupub|third_party";"";"2022-01-03T13:15:41.771Z";"Lenz, Robin";"";"2292736937";"";"dtu";"2015";"";"";"";"";"thesis";"dtu|dtu_electronic|dtupub|dtupub_electronic";"";"";"";"";"";"";"";"";"";"";"";"";"";"Akvatisk teknologi|Master in Science in Aquatic Science and Technology|Master of Science in Engineering|kandidat";"Akvatisk teknologi|Master in Science in Aquatic Science and Technology|Master of Science in Engineering|kandidat";"Akvatisk teknologi|Master in Science in Aquatic Science and Technology|Master of Science in Engineering|kandidat";"und";"56d754b8bf19455102000814";"";"56d754b8bf19455102000814";"DTU National Institute of Aquatic Resources";"sorbit";"sorbit";"Abundance and size analysis of marine microplastics >10 µm from a cross-Atlantic transect|Abundance and size analysis of marine microplastics >10 µm from a cross-Atlantic transect"
"";"dtu|dtupub|third_party";"";"2022-01-03T13:11:21.482Z";"Blach, Christian Thorseth";"";"2292736949";"";"dtu";"2015";"";"";"";"";"thesis";"dtu|dtu_electronic|dtupub|dtupub_electronic";"";"";"";"";"";"";"";"";"";"";"";"";"";"Elektrotek.|Master of Science in Electrical Engineering|Master of Science in Engineering|kandidat";"Elektrotek.|Master of Science in Electrical Engineering|Master of Science in Engineering|kandidat";"Elektrotek.|Master of Science in Electrical Engineering|Master of Science in Engineering|kandidat";"und";"56d754b8bf19455102000823";"";"56d754b8bf19455102000823";"DTU Department of Electrical Engineering";"sorbit";"sorbit";"IEC/ISO 15118 - Implementation of smart grid for electric vehicles|IEC/ISO 15118 - Implementering af smartgrid for elbiler."
"";"dtu|dtupub|third_party";"";"2022-01-03T13:15:40.067Z";"Al-Wajedi, Marwa Ahmad";"";"2292736920";"";"dtu";"2015";"";"";"";"";"thesis";"dtu|dtu_electronic|dtupub_external";"";"";"";"";"";"";"";"";"";"";"";"";"";"Bioteknologi|Master of Science in Biotechnology|Master of Science in Engineering|kandidat";"Bioteknologi|Master of Science in Biotechnology|Master of Science in Engineering|kandidat";"Bioteknologi|Master of Science in Biotechnology|Master of Science in Engineering|kandidat";"und";"56d754b8bf19455102000805";"";"56d754b8bf19455102000805";"DTU Department of Biotechnology and Biomedicine";"sorbit";"sorbit";"Molecular characterisation of diarrhoeagenic Escherichia coli (other than Verocytotoxigenic E. coli) using real-time PCR, MLST and whole genome sequencing techniques|Molekylær karakterisering af diarrefremkaldende Escherichia coli (bortset Verocytotoxigenic E.coli) ved hjælp af real-time PCR , MLST og hele genom sekventeringsteknikker"
"";"dtu|dtupub|third_party";"";"2022-01-03T13:11:16.605Z";"Poulsen, Søren Vinther";"";"2292737090";"";"dtu";"2015";"";"";"";"";"thesis";"dtu|dtu_electronic|dtupub|dtupub_electronic";"";"";"";"";"";"";"";"";"";"";"";"";"";"Informationstek.|Master of Science in Computer Science and Engineering|Master of Science in Engineering|kandidat";"Informationstek.|Master of Science in Computer Science and Engineering|Master of Science in Engineering|kandidat";"Informationstek.|Master of Science in Computer Science and Engineering|Master of Science in Engineering|kandidat";"und";"56d754b9bf19455102000899";"";"56d754b9bf19455102000899";"DTU Department of Civil and Mechanical Engineering";"sorbit";"sorbit";"Distributed mesh data structures for parallel simulations of physical systems|Distribuerede datastrukturer for parallel simulation af fysiske systemer"
"";"dtu|dtupub|third_party";"";"2022-01-03T13:15:43.834Z";"Laveissiere, Gautier Guillaume Edouard Marie";"";"2292737104";"";"dtu";"2015";"";"";"";"";"thesis";"dtu|dtu_electronic|dtupub|dtupub_electronic";"";"";"";"";"";"";"";"";"";"";"";"";"";"Master of Science in Engineering|Master of Science in Engineering Management|Planl. innovation og led.|kandidat";"Master of Science in Engineering|Master of Science in Engineering Management|Planl. innovation og led.|kandidat";"Master of Science in Engineering|Master of Science in Engineering Management|Planl. innovation og led.|kandidat";"und";"56d754b9bf194551020008a7";"";"56d754b9bf194551020008a7";"DTU Department of Technology, Management and Economics";"sorbit";"sorbit";"Smart cities and integration of renewable energies: Copenhagen case study|Smart cities og integration af vedvarende energi: København case studie"
"";"dtu|dtupub|third_party";"";"2022-01-03T13:15:25.041Z";"Baldasso, Enrico";"";"2292737537";"";"dtu";"2015";"";"";"";"";"thesis";"dtu|dtu_electronic|dtupub|dtupub_electronic";"";"";"";"";"";"";"";"";"";"";"";"";"";"gæst udl.";"gæst udl.";"gæst udl.";"und";"56d754bbbf19455102000a22";"";"56d754bbbf19455102000a22";"DTU Department of Civil and Mechanical Engineering";"sorbit";"sorbit";"Performance analysis of organic Rankine cycles using multi-component working fluids tailored for solar applications|Analyse af blandede arbejdsmedier i soldrevne organic Rankine cycles"
"";"dtu|dtupub|third_party";"";"2022-01-03T13:15:23.372Z";"Pretto, Stefano";"";"2292737247";"";"dtu";"2015";"";"";"";"";"thesis";"dtu|dtu_electronic|dtupub_external";"";"";"";"";"";"";"";"";"";"";"";"";"";"Master of Science in Engineering|Master of Science in Telecommunication|Telekom.|kandidat";"Master of Science in Engineering|Master of Science in Telecommunication|Telekom.|kandidat";"Master of Science in Engineering|Master of Science in Telecommunication|Telekom.|kandidat";"und";"56d754babf19455102000938";"";"56d754babf19455102000938";"DTU Department of Electrical and Photonics Engineering";"sorbit";"sorbit";"Filtered Video Streaming in P2P networks|Filtreret Video Streaming pa P2P-netværk"
"";"dtu|dtupub|third_party";"";"2022-01-03T13:15:44.196Z";"Christiansen, Lasse Hjuler";"";"2292735150";"";"dtu";"2015";"";"";"";"";"thesis";"dtu|dtu_electronic|dtupub|dtupub_electronic";"";"";"";"";"";"";"";"";"";"";"";"";"";"Master of Science in Engineering|Master of Science in Mathematical Modelling and Computation|Mat. modellering|kandidat";"Master of Science in Engineering|Master of Science in Mathematical Modelling and Computation|Mat. modellering|kandidat";"Master of Science in Engineering|Master of Science in Mathematical Modelling and Computation|Mat. modellering|kandidat";"und";"56d754afbf1945510200031f";"";"56d754afbf1945510200031f";"DTU Department of Applied Mathematics and Computer Science";"sorbit";"sorbit";"Multi Objective PDE Constrained Optimization for Oil Reservoir Management|Multikriterie optimering af partielle differentialligningssystemer til oliereservoir management"
"";"dtu|dtupub|third_party";"";"2022-01-03T13:15:44.128Z";"Jones, Rasmus Thomas";"";"2292735216";"";"dtu";"2015";"";"";"";"";"thesis";"dtu|dtu_electronic|dtupub|dtupub_electronic";"";"";"";"";"";"";"";"";"";"";"";"";"";"Master of Science in Engineering|Master of Science in Telecommunication|Telekom.|kandidat";"Master of Science in Engineering|Master of Science in Telecommunication|Telekom.|kandidat";"Master of Science in Engineering|Master of Science in Telecommunication|Telekom.|kandidat";"und";"56d754afbf19455102000351";"";"56d754afbf19455102000351";"DTU Department of Electrical and Photonics Engineering";"sorbit";"sorbit";"Machine learning approaches for compensation of nonlinearities in multi-channel optical fibre communication systems|Machine learning approaches for compensation of nonlinearities in multi-channel optical fibre communication systems"
"";"dtu|dtupub|third_party";"";"2022-01-03T13:15:46.516Z";"Hartelius, Sissel Graversgaard";"";"2292735783";"";"dtu";"2015";"";"";"";"";"thesis";"dtu|dtu_electronic|dtupub|dtupub_electronic";"";"";"";"";"";"";"";"";"";"";"";"";"";"Bygningsdesign|Master of Science in Engineering|Master og Science in Architectural Engineering|kandidat";"Bygningsdesign|Master of Science in Engineering|Master og Science in Architectural Engineering|kandidat";"Bygningsdesign|Master of Science in Engineering|Master og Science in Architectural Engineering|kandidat";"und";"56d754b3bf19455102000509";"";"56d754b3bf19455102000509";"DTU Department of Civil Engineering";"sorbit";"sorbit";"Comparison of different methods of school ventilation and the effect on pupil performance|Sammenligning af forskellige principper for skole ventilation og effekten pa elevernes præstationer"
"";"dtu|dtupub|third_party";"";"2022-01-03T13:11:31.185Z";"Teixido, Neus Mesalles";"";"2292735811";"";"dtu";"2015";"";"";"";"";"thesis";"dtu|dtu_electronic|dtupub|dtupub_electronic";"";"";"";"";"";"";"";"";"";"";"";"";"";"Konst. og mekanik|Master of Science in Engineering|Master of Science in Engineering Design and Applied Mechanics|kandidat";"Konst. og mekanik|Master of Science in Engineering|Master of Science in Engineering Design and Applied Mechanics|kandidat";"Konst. og mekanik|Master of Science in Engineering|Master of Science in Engineering Design and Applied Mechanics|kandidat";"und";"56d754b3bf19455102000518";"";"56d754b3bf19455102000518";"DTU Department of Civil and Mechanical Engineering";"sorbit";"sorbit";"numerical simulations of the flow past the ecocar|numerisk beregning af strømning omkring ecobil"
"";"dtu|dtupub|third_party";"";"2022-01-03T13:09:08.353Z";"Lonardi, Nicola";"";"2306616358";"";"dtu";"2016";"";"";"";"";"thesis";"dtu|dtu_electronic|dtupub|dtupub_electronic";"";"";"";"";"";"";"";"";"";"";"";"";"";"Bæredygtig energi|Master of Science in Engineering|Master of Science in Sustainable Energy|kandidat";"Bæredygtig energi|Master of Science in Engineering|Master of Science in Sustainable Energy|kandidat";"Bæredygtig energi|Master of Science in Engineering|Master of Science in Sustainable Energy|kandidat";"und";"578e08436bbf232e70000281";"";"578e08436bbf232e70000281";"DTU Department of Civil and Mechanical Engineering";"sorbit";"sorbit";"Modelling and optimisation of cascade and mixed refrigerant cycles for natural gas liquefaction|Modellering og optimering af kølekredse i kaskade og med blandinger til naturgasfortætning"
"";"dtu|dtupub|third_party";"";"2022-01-06T23:53:50.851Z";"Rømer, Mikkel Ole";"";"2306791745";"";"dtu";"2016";"";"";"";"";"thesis";"dtu|dtu_electronic|dtupub|dtupub_electronic";"";"";"";"";"";"";"";"";"";"";"";"";"";"Digitale medietek.|Master of Science in Digital Media Engineering|Master of Science in Engineering|kandidat";"Digitale medietek.|Master of Science in Digital Media Engineering|Master of Science in Engineering|kandidat";"Digitale medietek.|Master of Science in Digital Media Engineering|Master of Science in Engineering|kandidat";"und";"579743db6bbf232e700010a3";"";"579743db6bbf232e700010a3";"DTU Department of Applied Mathematics and Computer Science";"sorbit";"sorbit";"Cryptography on Mobile Devices|Kryptografi i mobile enheder"
"";"dtu|dtupub|third_party";"";"2022-01-03T13:08:16.642Z";"Zhu, Xinyi";"";"2321128315";"";"dtu";"2016";"";"";"";"";"thesis";"dtu|dtu_electronic|dtupub_external";"";"";"";"";"";"";"";"";"";"";"";"";"";"Master of Science in Engineering|Master of Science in Wind Energy|Vindenergi|kandidat";"Master of Science in Engineering|Master of Science in Wind Energy|Vindenergi|kandidat";"Master of Science in Engineering|Master of Science in Wind Energy|Vindenergi|kandidat";"und";"57b1a0d69baf2b177e000393";"";"57b1a0d69baf2b177e000393";"DTU Department of Electrical Engineering";"sorbit";"sorbit";"Integration of Wind Power with Offshore Oil and Gas Platforms|Integration af vindkraft med offshore olie- og gasaktiviteter platforme"
"";"dtu|dtupub|third_party";"";"2022-01-11T08:43:39.751Z";"Akter, Tasmina";"";"2306688491";"";"dtu";"2016";"";"";"";"";"thesis";"dtu|dtu_electronic|dtupub_external";"";"";"";"";"";"";"";"";"";"";"";"";"";"Akvatisk teknologi|Master in Science in Aquatic Science and Technology|Master of Science in Engineering|kandidat";"Akvatisk teknologi|Master in Science in Aquatic Science and Technology|Master of Science in Engineering|kandidat";"Akvatisk teknologi|Master in Science in Aquatic Science and Technology|Master of Science in Engineering|kandidat";"und";"5790ab506bbf232e70000352";"";"5790ab506bbf232e70000352";"DTU National Veterinary Institute";"sorbit";"sorbit";"Plasmids in Vibrio anguillarum|Plasmider i Vibrio anguillarum"
"";"dtu|dtupub|third_party";"";"2022-01-03T13:08:45.574Z";"Martinsen, Mads Asbjørn";"";"2306945831";"";"dtu";"2016";"";"";"";"";"thesis";"dtu|dtu_electronic|dtupub|dtupub_electronic";"";"";"";"";"";"";"";"";"";"";"";"";"";"Konst. og mekanik|Master of Science in Engineering|Master of Science in Engineering Design and Applied Mechanics|kandidat";"Konst. og mekanik|Master of Science in Engineering|Master of Science in Engineering Design and Applied Mechanics|kandidat";"Konst. og mekanik|Master of Science in Engineering|Master of Science in Engineering Design and Applied Mechanics|kandidat";"und";"579f2c9e6bbf232e7000191d";"";"579f2c9e6bbf232e7000191d";"DTU Department of Civil and Mechanical Engineering";"sorbit";"sorbit";"An design tool for estimating the added wave resistance of container ships|Et design værktøj til estimering af øget bølgemodstand for kontainerskibe"
"";"dtu|dtupub|third_party";"";"2022-01-03T13:09:08.364Z";"Stanchev, Kiril Plamenov";"";"2306781731";"";"dtu";"2016";"";"";"";"";"thesis";"dtu|dtu_electronic|dtupub|dtupub_electronic";"";"";"";"";"";"";"";"";"";"";"";"";"";"Master of Science in Engineering|Master of science in Bioinformatics and Systems Biology|Systembiologi|kandidat";"Master of Science in Engineering|Master of science in Bioinformatics and Systems Biology|Systembiologi|kandidat";"Master of Science in Engineering|Master of science in Bioinformatics and Systems Biology|Systembiologi|kandidat";"und";"5795f1b16bbf232e70000be9";"";"5795f1b16bbf232e70000be9";"DTU Department of Biotechnology and Biomedicine";"sorbit";"sorbit";"Big Data in Metagenomics: MetaPOPdb|Big Data i Metagenomics: MetaPOPdb"
"";"dtu|dtupub|third_party";"";"2022-01-03T13:06:07.992Z";"Brunshøj, Asger Juul";"";"2306526608";"";"dtu";"2016";"";"";"";"";"thesis";"dtu|dtu_electronic|dtupub_external";"";"";"";"";"";"";"";"";"";"";"";"";"";"Master of Science in Engineering|Master of Science in Mathematical Modelling and Computation|Mat. modellering|kandidat";"Master of Science in Engineering|Master of Science in Mathematical Modelling and Computation|Mat. modellering|kandidat";"Master of Science in Engineering|Master of Science in Mathematical Modelling and Computation|Mat. modellering|kandidat";"und";"5788c2446bbf232e7000012b";"";"5788c2446bbf232e7000012b";"DTU Department of Applied Mathematics and Computer Science";"sorbit";"sorbit";"Scalable Plagiarism Detection|Skalerbar plagiatdetektion"
"";"dtu|dtupub|third_party";"";"2022-01-03T13:12:17.678Z";"Ougaard, Maria Katarina Elm";"";"2292737125";"";"dtu";"2015";"";"";"";"";"thesis";"dtu|dtu_electronic|dtupub|dtupub_electronic";"";"";"";"";"";"";"";"";"";"";"";"";"";"Farmateknologi|Master of Science in Engineering|Master of Science in Pharmaceutical Design and Engineering|kandidat";"Farmateknologi|Master of Science in Engineering|Master of Science in Pharmaceutical Design and Engineering|kandidat";"Farmateknologi|Master of Science in Engineering|Master of Science in Pharmaceutical Design and Engineering|kandidat";"und";"56d754b9bf194551020008bc";"";"56d754b9bf194551020008bc";"DTU Department of Biotechnology and Biomedicine";"sorbit";"sorbit";"Establishment and Characterisation of the passive Nephrotoxic Serum Nephritis Model|Etablering og karakterisering af den passive Nephrotoxic Serum Nephritis model"
"";"dtu|dtupub|third_party";"";"2022-01-03T13:15:51.309Z";"Lopez, Pau Cabañeros";"";"2292735691";"";"dtu";"2015";"";"";"";"";"thesis";"dtu|dtu_electronic|dtupub|dtupub_electronic";"";"";"";"";"";"";"";"";"";"";"";"";"";"Bioteknologi|Master of Science in Biotechnology|Master of Science in Engineering|kandidat";"Bioteknologi|Master of Science in Biotechnology|Master of Science in Engineering|kandidat";"Bioteknologi|Master of Science in Biotechnology|Master of Science in Engineering|kandidat";"und";"56d754b2bf194551020004c0";"";"56d754b2bf194551020004c0";"DTU Department of Chemical and Biochemical Engineering";"sorbit";"sorbit";"Model-based process optimization multivariable analysis|Modelbaseret procesoptimering og multivariable analyse"
"";"dtu|dtupub|third_party";"";"2022-01-03T13:11:58.590Z";"Stummann, Magnus Zingler";"";"2292735330";"";"dtu";"2015";"";"";"";"";"thesis";"dtu|dtu_electronic|dtupub_external";"";"";"";"";"";"";"";"";"";"";"";"";"";"Kemisk/biokemisk tek.|Master of Science in Chemical and Biochemical Engineering|Master of Science in Engineering|kandidat";"Kemisk/biokemisk tek.|Master of Science in Chemical and Biochemical Engineering|Master of Science in Engineering|kandidat";"Kemisk/biokemisk tek.|Master of Science in Chemical and Biochemical Engineering|Master of Science in Engineering|kandidat";"und";"56d754b0bf19455102000394";"";"56d754b0bf19455102000394";"DTU Department of Chemical and Biochemical Engineering";"sorbit";"sorbit";"Desulphurization of FCC naphta with emphasis on the removal of thiols|Katalytisk afsvovling af FCC nafta med fokus pa thioler"
"";"dtu|dtupub|third_party";"";"2022-01-03T13:16:18.675Z";"Garcia, Jose de la Puente";"";"2305633367";"";"dtu";"2016";"";"";"";"";"thesis";"dtu|dtu_electronic|dtupub_external";"";"";"";"";"";"";"";"";"";"";"";"";"";"Bæredygtig energi|Master of Science in Engineering|Master of Science in Sustainable Energy|kandidat";"Bæredygtig energi|Master of Science in Engineering|Master of Science in Sustainable Energy|kandidat";"Bæredygtig energi|Master of Science in Engineering|Master of Science in Sustainable Energy|kandidat";"und";"575ea641e6f951534a00e1e2";"";"575ea641e6f951534a00e1e2";"DTU Department of Civil Engineering";"sorbit";"sorbit";"Energy efficient lighting design for office buildings|Energieffektiv lysdesign for kontorbygninger"
"";"dtu|dtupub|third_party";"";"2022-01-03T13:08:32.945Z";"Engelbrecht, Bilke";"";"2307050829";"";"dtu";"2016";"";"";"";"";"thesis";"dtu|dtu_electronic|dtupub|dtupub_electronic";"";"";"";"";"";"";"";"";"";"";"";"";"";"Master of Science in Engineering|Master of Science in Wind Energy|Vindenergi|kandidat";"Master of Science in Engineering|Master of Science in Wind Energy|Vindenergi|kandidat";"Master of Science in Engineering|Master of Science in Wind Energy|Vindenergi|kandidat";"und";"57a3205e12855c654e0002da";"";"57a3205e12855c654e0002da";"DTU Department of Wind and Energy Systems";"sorbit";"sorbit";"Impact of data gaps on wind data statistics, with a special focus on offshore measurement data from a floating LIDAR system|Betydningen af manglende observationer af vinddata - med særligt fokus pa observationer fra flydende LIDAR systemer offshore"
"";"dtu|dtupub|third_party";"";"2022-01-03T13:06:52.906Z";"Philipsen, Henrik";"";"2292735410";"";"dtu";"2015";"";"";"";"";"thesis";"dtu|dtu_electronic|dtupub_external";"";"";"";"";"";"";"";"";"";"";"";"";"";"Konst. og mekanik|Master of Science in Engineering|Master of Science in Engineering Design and Applied Mechanics|kandidat";"Konst. og mekanik|Master of Science in Engineering|Master of Science in Engineering Design and Applied Mechanics|kandidat";"Konst. og mekanik|Master of Science in Engineering|Master of Science in Engineering Design and Applied Mechanics|kandidat";"und";"56d754b0bf194551020003af";"";"56d754b0bf194551020003af";"DTU Department of Civil and Mechanical Engineering";"sorbit";"sorbit";"Hull-form Optimization with CFD|Optimering af Skibsskrovform ved CFD"
"";"dtu|dtupub|third_party";"";"2022-01-03T13:07:27.396Z";"Lund, Anders";"";"2306782593";"";"dtu";"2016";"";"";"";"";"thesis";"dtu|dtu_electronic|dtupub|dtupub_electronic";"";"";"";"";"";"";"";"";"";"";"";"";"";"Master of Science in Engineering|Master of Science in Telecommunication|Telekom.|kandidat";"Master of Science in Engineering|Master of Science in Telecommunication|Telekom.|kandidat";"Master of Science in Engineering|Master of Science in Telecommunication|Telekom.|kandidat";"und";"5795f1d96bbf232e70000d5b";"";"5795f1d96bbf232e70000d5b";"DTU Department of Electrical and Photonics Engineering";"sorbit";"sorbit";"Signal Processing for Next Generation Fronthaul Interface (NGFI)|Signalbehandling til Next Generation Fronthaul Interface (NGFI"
"";"dtu|dtupub|third_party";"";"2022-01-03T13:11:42.662Z";"Eppeland, Kjetil Grødal";"";"2292736496";"";"dtu";"2015";"";"";"";"";"thesis";"dtu|dtu_electronic|dtupub|dtupub_electronic";"";"";"";"";"";"";"";"";"";"";"";"";"";"Byggetek.|Master of Science in Civil Engineering|Master of Science in Engineering|kandidat";"Byggetek.|Master of Science in Civil Engineering|Master of Science in Engineering|kandidat";"Byggetek.|Master of Science in Civil Engineering|Master of Science in Engineering|kandidat";"und";"56d754b7bf194551020006db";"";"56d754b7bf194551020006db";"DTU Department of Civil Engineering";"sorbit";"sorbit";"New harbor in Kangerlussuaq. Wave Modelling, Ship Motions and Energy dDssipation|Ny havn i Kangerlussuaq. Bølgemodellering, skibsbevægelser og energidæmpende tiltag"
"";"dtu|dtupub|third_party";"";"2022-01-03T13:15:58.862Z";"Stolze, Lucien";"";"2292735463";"";"dtu";"2015";"";"";"";"";"thesis";"dtu|dtu_electronic|dtupub|dtupub_electronic";"";"";"";"";"";"";"";"";"";"";"";"";"";"Master of Science in Engineering|Master of Science in Environmental Engineering|Miljøteknologi|kandidat";"Master of Science in Engineering|Master of Science in Environmental Engineering|Miljøteknologi|kandidat";"Master of Science in Engineering|Master of Science in Environmental Engineering|Miljøteknologi|kandidat";"und";"56d754b1bf194551020003e4";"";"56d754b1bf194551020003e4";"DTU Department of Environmental and Resource Engineering";"sorbit";"sorbit";"Spatial variability of arsenic in groundwater of the gold mining area of Poura, Burkina Faso (West Africa)|Rumlig variabilitet af arsenik i grundvand i et guldmineomrade i Poura, Burkina Faso (Vestafrika)"
"";"dtu|dtupub|third_party";"";"2022-01-03T13:15:59.853Z";"Caspersen, Eva Maria";"";"2292735428";"";"dtu";"2015";"";"";"";"";"thesis";"dtu|dtu_electronic|dtupub_external";"";"";"";"";"";"";"";"";"";"";"";"";"";"Master of Science in Engineering|Master of Science in Environmental Engineering|Miljøteknologi|kandidat";"Master of Science in Engineering|Master of Science in Environmental Engineering|Miljøteknologi|kandidat";"Master of Science in Engineering|Master of Science in Environmental Engineering|Miljøteknologi|kandidat";"und";"56d754b0bf194551020003c2";"";"56d754b0bf194551020003c2";"DTU Department of Environmental and Resource Engineering";"sorbit";"sorbit";"Modelling of bypass flow in a wastewater treatment plant for maximum extraction of COD for biogas production|Modellering af bypassflow for maksimal udvinding af COD til biogasproduktion pa et renseanlæg"
"";"dtu|dtupub|third_party";"";"2022-01-03T13:15:45.548Z";"Nielsen, Theis Nicolas";"";"2292736967";"";"dtu";"2015";"";"";"";"";"thesis";"dtu|dtu_electronic|dtupub|dtupub_electronic";"";"";"";"";"";"";"";"";"";"";"";"";"";"Elektrotek.|Master of Science in Electrical Engineering|Master of Science in Engineering|kandidat";"Elektrotek.|Master of Science in Electrical Engineering|Master of Science in Engineering|kandidat";"Elektrotek.|Master of Science in Electrical Engineering|Master of Science in Engineering|kandidat";"und";"56d754b9bf19455102000836";"";"56d754b9bf19455102000836";"DTU Department of Electrical Engineering";"sorbit";"sorbit";"Unbalance in the Danish Low Voltage Grid|Ubalance i det danske lavspændingsnet"
"";"dtu|dtupub|third_party";"";"2022-01-03T13:16:39.155Z";"Pettas, Vasileios";"";"2306791750";"";"dtu";"2016";"";"";"";"";"thesis";"dtu|dtu_electronic|dtupub|dtupub_electronic";"";"";"";"";"";"";"";"";"";"";"";"";"";"Master of Science in Engineering|Master of Science in Wind Energy|Vindenergi|kandidat";"Master of Science in Engineering|Master of Science in Wind Energy|Vindenergi|kandidat";"Master of Science in Engineering|Master of Science in Wind Energy|Vindenergi|kandidat";"und";"579743df6bbf232e700010cc";"";"579743df6bbf232e700010cc";"DTU Department of Wind and Energy Systems";"sorbit";"sorbit";"Investigation of ATEflap potential in load alleviation and maximizing energy yield for large wind turbine rotors|Undersøgelse af potentialet ved ATEFflap for lastreduktion og maksimering af energiproduktion for store vindmøllerotorer"
"";"dtu|dtupub|third_party";"";"2022-01-03T13:07:28.057Z";"Fjelstrup, Tobias|Larsen, Troels Stoklund";"";"2306791748";"";"dtu";"2016";"";"";"";"";"thesis";"dtu|dtu_electronic|dtupub|dtupub_electronic";"";"";"";"";"";"";"";"";"";"";"";"";"";"Byggetek.|Master of Science in Civil Engineering|Master of Science in Engineering|kandidat";"Byggetek.|Master of Science in Civil Engineering|Master of Science in Engineering|kandidat";"Byggetek.|Master of Science in Civil Engineering|Master of Science in Engineering|kandidat";"und";"579743dd6bbf232e700010bb";"";"579743dd6bbf232e700010bb";"DTU Department of Wind and Energy Systems";"sorbit";"sorbit";"Experimental study of a triple spar floating wind turbine in wind and wave forcing|Eksperimentelt studie af en triple spar flydende vindmølle i bølger og vind"
"";"dtu|dtupub|third_party";"";"2022-01-03T13:13:02.289Z";"Schiøler, Morten Emmanuel";"";"2306782186";"";"dtu";"2016";"";"";"";"";"thesis";"dtu|dtu_electronic|dtupub|dtupub_electronic";"";"";"";"";"";"";"";"";"";"";"";"";"";"Master of Science in Engineering|Master of Science in Transportation and Logistics|Transp. og logistik|kandidat";"Master of Science in Engineering|Master of Science in Transportation and Logistics|Transp. og logistik|kandidat";"Master of Science in Engineering|Master of Science in Transportation and Logistics|Transp. og logistik|kandidat";"und";"5795f1c56bbf232e70000c5e";"";"5795f1c56bbf232e70000c5e";"DTU Department of Transport";"sorbit";"sorbit";"Estimation of equilibrium models for road traffic from observed routes|Estimation af ligevægtsmodeller for vejtrafik baseret pa observerede ruter"
"";"dtu|dtupub|third_party";"";"2022-01-03T13:13:05.942Z";"Jensen, Bjørn Christian Skov";"";"2341715947";"";"dtu";"2016";"";"";"";"";"thesis";"dtu|dtu_electronic|dtupub|dtupub_electronic";"";"";"";"";"";"";"";"";"";"";"";"";"";"Master of Science in Engineering|Master of Science in Mathematical Modelling and Computation|Mat. modellering|kandidat";"Master of Science in Engineering|Master of Science in Mathematical Modelling and Computation|Mat. modellering|kandidat";"Master of Science in Engineering|Master of Science in Mathematical Modelling and Computation|Mat. modellering|kandidat";"und";"57b989bf3e47d6ad77000044";"";"57b989bf3e47d6ad77000044";"DTU Department of Applied Mathematics and Computer Science";"sorbit";"sorbit";"Preconditioning for PDE-constrained Optimization Problems|Prækonditionering for optimeringsproblemer med PDE betingelser"
"";"dtu|dtupub|third_party";"";"2022-01-03T13:07:20.126Z";"Nielsen, Mathias Goth";"";"2313645673";"";"dtu";"2016";"";"";"";"";"thesis";"dtu|dtu_electronic|dtupub|dtupub_electronic";"";"";"";"";"";"";"";"";"";"";"";"";"";"Byggetek.|Master of Science in Civil Engineering|Master of Science in Engineering|kandidat";"Byggetek.|Master of Science in Civil Engineering|Master of Science in Engineering|kandidat";"Byggetek.|Master of Science in Civil Engineering|Master of Science in Engineering|kandidat";"und";"57ab09583fec415c3b0001c0";"";"57ab09583fec415c3b0001c0";"DTU Department of Civil Engineering";"sorbit";"sorbit";"Sandwich structure for bridge deck - experiments and modelling|Sandwichkonstruktion til brobaneplade - eksperimenter og modellering"
"";"dtu|dtupub|third_party";"";"2022-01-03T13:07:11.643Z";"Hermansen, Anne Frost";"";"2306463891";"";"dtu";"2016";"";"";"";"";"thesis";"dtu|dtu_electronic|dtupub|dtupub_electronic";"";"";"";"";"";"";"";"";"";"";"";"";"";"gæst dk";"gæst dk";"gæst dk";"und";"57837c515f18475061000076";"";"57837c515f18475061000076";"DTU Department of Applied Mathematics and Computer Science";"sorbit";"sorbit";"Physiological mechanisms underlying speed-dating interactions|Underlæggende fysiologiske mekanismer ved speed-dating interaktioner"
"";"dtu|dtupub|third_party";"";"2022-01-03T13:13:06.038Z";"Bindner, Frederik William";"";"2342768067";"";"dtu";"2016";"";"";"";"";"thesis";"dtu|dtu_electronic|dtupub|dtupub_electronic";"";"";"";"";"";"";"";"";"";"";"";"";"";"Bæredygtig energi|Master of Science in Engineering|Master of Science in Sustainable Energy|kandidat";"Bæredygtig energi|Master of Science in Engineering|Master of Science in Sustainable Energy|kandidat";"Bæredygtig energi|Master of Science in Engineering|Master of Science in Sustainable Energy|kandidat";"und";"57cd503fabd7812721000150";"";"57cd503fabd7812721000150";"DTU Department of Electrical Engineering";"sorbit";"sorbit";"Integration strategy for fast-chargers in existing power grid|Strategi for indpasning af hurtigladere i eksisterende el-system"
"";"dtu|dtupub|third_party";"";"2022-01-03T13:06:56.835Z";"Piihl, Mogens Kirkegaard|Andersen, Kirsten Frydensberg";"";"2305907513";"";"dtu";"2016";"";"";"";"";"thesis";"dtu|dtu_electronic|dtupub_external";"";"";"";"";"";"";"";"";"";"";"";"";"";"åben udd.";"åben udd.";"åben udd.";"und";"57667b438d9f5dc14f000087";"";"57667b438d9f5dc14f000087";"DTU Department of Technology, Management and Economics";"sorbit";"sorbit";"Working environment-supportive operation and maintenance through a targeted effort in the program and project planning phases|Arbejdsmiljørigtig drift og vedligeholdelse gennem en indsats i program og projektering"
"";"dtu|dtupub|third_party";"";"2022-01-03T13:15:21.051Z";"Hansen, Morten";"";"2292737361";"";"dtu";"2015";"";"";"";"";"thesis";"dtu|dtu_electronic|dtupub|dtupub_electronic";"";"";"";"";"";"";"";"";"";"";"";"";"";"Kemisk/biokemisk tek.|Master of Science in Chemical and Biochemical Engineering|Master of Science in Engineering|kandidat";"Kemisk/biokemisk tek.|Master of Science in Chemical and Biochemical Engineering|Master of Science in Engineering|kandidat";"Kemisk/biokemisk tek.|Master of Science in Chemical and Biochemical Engineering|Master of Science in Engineering|kandidat";"und";"56d754babf19455102000990";"";"56d754babf19455102000990";"DTU Department of Chemical and Biochemical Engineering";"sorbit";"sorbit";"Phase transition analysis and optimization of natural gas using equation of states|Analyse og optimering af faseovergange for naturgas ved hjælp af tilstandsligninger"
"";"dtu|dtupub|third_party";"";"2022-01-03T13:14:59.138Z";"Johansen, Michael";"";"2292736950";"";"dtu";"2015";"";"";"";"";"thesis";"dtu|dtu_electronic|dtupub_external";"";"";"";"";"";"";"";"";"";"";"";"";"";"Byggetek.|Master of Science in Civil Engineering|Master of Science in Engineering|kandidat";"Byggetek.|Master of Science in Civil Engineering|Master of Science in Engineering|kandidat";"Byggetek.|Master of Science in Civil Engineering|Master of Science in Engineering|kandidat";"und";"56d754b8bf19455102000821";"";"56d754b8bf19455102000821";"DTU Department of Civil Engineering";"sorbit";"sorbit";"Tension Test and Frost Test of Alkali-silica Reaction Damaged Concrete|Trækprøvning og frostprøvning af alkalikiselreaktion skadet beton"
"";"dtu|dtupub|third_party";"";"2022-01-03T13:15:29.175Z";"Aackermann, Peter Edward";"";"2292737352";"";"dtu";"2015";"";"";"";"";"thesis";"dtu|dtu_electronic|dtupub|dtupub_electronic";"";"";"";"";"";"";"";"";"";"";"";"";"";"Master of Science in Engineering|Master of Science in Mathematical Modelling and Computation|Mat. modellering|kandidat";"Master of Science in Engineering|Master of Science in Mathematical Modelling and Computation|Mat. modellering|kandidat";"Master of Science in Engineering|Master of Science in Mathematical Modelling and Computation|Mat. modellering|kandidat";"und";"56d754babf19455102000989";"";"56d754babf19455102000989";"DTU Department of Applied Mathematics and Computer Science";"sorbit";"sorbit";"Stochastic Optimization and Risk Management in the Production Optimization of Oil Reservoirs|Stokastisk optimering og risikostyring i produktionsoptimering af oliefelter"
"";"dtu|dtupub|third_party";"";"2022-01-03T13:10:54.350Z";"Pham, Lan Thuy";"";"2292737531";"";"dtu";"2015";"";"";"";"";"thesis";"dtu|dtu_electronic|dtupub_external";"";"";"";"";"";"";"";"";"";"";"";"";"";"Anvendt kemi|Master of Science in Advanced and Applied Chemistry|Master of Science in Engineering|kandidat";"Anvendt kemi|Master of Science in Advanced and Applied Chemistry|Master of Science in Engineering|kandidat";"Anvendt kemi|Master of Science in Advanced and Applied Chemistry|Master of Science in Engineering|kandidat";"und";"56d754bbbf19455102000a16";"";"56d754bbbf19455102000a16";"DTU Department of Physics";"sorbit";"sorbit";"In situ IR/Raman studies of carbon formation during the methanation process|In situ IR/Raman-studier af kuldannelse under methaniseringsprocessen"
"";"dtu|dtupub|third_party";"";"2022-01-03T13:11:07.261Z";"Jensson, Brynjar Örn";"";"2292737383";"";"dtu";"2015";"";"";"";"";"thesis";"dtu|dtu_electronic|dtupub|dtupub_electronic";"";"";"";"";"";"";"";"";"";"";"";"";"";"Master of Science in Engineering|Master of Science in Medicine and Technology|Medicin og tek.|kandidat";"Master of Science in Engineering|Master of Science in Medicine and Technology|Medicin og tek.|kandidat";"Master of Science in Engineering|Master of Science in Medicine and Technology|Medicin og tek.|kandidat";"und";"56d754babf194551020009a3";"";"56d754babf194551020009a3";"DTU Department of Electrical Engineering";"sorbit";"sorbit";"Modelling visco-elastic properties of tendons|Modellering af seners visko-elastiske egenskaber"
"";"dtu|dtupub|third_party";"";"2022-01-03T13:15:54.056Z";"Sidiropoulos, Nikitas";"";"2292736120";"";"dtu";"2015";"";"";"";"";"thesis";"dtu|dtu_electronic|dtupub|dtupub_electronic";"";"";"";"";"";"";"";"";"";"";"";"";"";"Konst. og mekanik|Master of Science in Engineering|Master of Science in Engineering Design and Applied Mechanics|kandidat";"Konst. og mekanik|Master of Science in Engineering|Master of Science in Engineering Design and Applied Mechanics|kandidat";"Konst. og mekanik|Master of Science in Engineering|Master of Science in Engineering Design and Applied Mechanics|kandidat";"und";"56d754b5bf19455102000604";"";"56d754b5bf19455102000604";"DTU Department of Civil and Mechanical Engineering";"sorbit";"sorbit";"Estimation of a regular, unidirectional wave train using Kalman Filtering|Bølgeestimering ved brug af Kalman filtrering"
"";"dtu|dtupub|third_party";"";"2022-01-03T13:15:53.405Z";"Hildebrandt, Christina Berndt";"";"2292736883";"";"dtu";"2015";"";"";"";"";"thesis";"dtu|dtu_electronic|dtupub|dtupub_electronic";"";"";"";"";"";"";"";"";"";"";"";"";"";"Master of Science in Engineering|Master of Science in Mathematical Modelling and Computation|Mat. modellering|kandidat";"Master of Science in Engineering|Master of Science in Mathematical Modelling and Computation|Mat. modellering|kandidat";"Master of Science in Engineering|Master of Science in Mathematical Modelling and Computation|Mat. modellering|kandidat";"und";"56d754b8bf194551020007e9";"";"56d754b8bf194551020007e9";"DTU Department of Applied Mathematics and Computer Science";"sorbit";"sorbit";"Linearized Acousto-Electric Impedance Tomography|Lineariseret akustisk-elektrisk impedanstomografi"
"";"dtu|dtupub|third_party";"";"2022-01-03T13:11:36.224Z";"Alvarez, Javier Fernandez";"";"2292737100";"";"dtu";"2015";"";"";"";"";"thesis";"dtu|dtu_electronic|dtupub|dtupub_electronic";"";"";"";"";"";"";"";"";"";"";"";"";"";"gæst udl.";"gæst udl.";"gæst udl.";"und";"56d754b9bf194551020008a3";"";"56d754b9bf194551020008a3";"DTU Department of Electrical Engineering";"sorbit";"sorbit";"Phaseless planar near-field antenna measurements|Fase-løse plane nærfelts-antennemalinger"
"";"dtu|dtupub|third_party";"";"2022-01-03T13:15:46.549Z";"Escobar, Victor Joseba Irizar";"";"2292735476";"";"dtu";"2015";"";"";"";"";"thesis";"dtu|dtu_electronic|dtupub|dtupub_electronic";"";"";"";"";"";"";"";"";"";"";"";"";"";"Konst. og mekanik|Master of Science in Engineering|Master of Science in Engineering Design and Applied Mechanics|kandidat";"Konst. og mekanik|Master of Science in Engineering|Master of Science in Engineering Design and Applied Mechanics|kandidat";"Konst. og mekanik|Master of Science in Engineering|Master of Science in Engineering Design and Applied Mechanics|kandidat";"und";"56d754b1bf194551020003ee";"";"56d754b1bf194551020003ee";"DTU Department of Civil and Mechanical Engineering";"sorbit";"sorbit";"Advanced modeling and verification of a hydraulic accumulator|Advanceret modelering og verifikation af en hydraulisk akkumulator"
"";"dtu|dtupub|third_party";"";"2022-01-03T13:11:31.187Z";"Enders, Kristina";"";"2292736934";"";"dtu";"2015";"";"";"";"";"thesis";"dtu|dtu_electronic|dtupub|dtupub_electronic";"";"";"";"";"";"";"";"";"";"";"";"";"";"Akvatisk teknologi|Master in Science in Aquatic Science and Technology|Master of Science in Engineering|kandidat";"Akvatisk teknologi|Master in Science in Aquatic Science and Technology|Master of Science in Engineering|kandidat";"Akvatisk teknologi|Master in Science in Aquatic Science and Technology|Master of Science in Engineering|kandidat";"und";"56d754b8bf19455102000813";"";"56d754b8bf19455102000813";"DTU National Institute of Aquatic Resources";"sorbit";"sorbit";"Evaluation of quantification techniques for marine microplastics based on cross-Atlantic transect samples|Evaluation of quantification techniques for marine microplastics based on cross-Atlantic transect samples"
"";"dtu|dtupub|third_party";"";"2022-01-03T13:15:34.251Z";"Adolphsen, Jens Quitzau";"";"2292737277";"";"dtu";"2015";"";"";"";"";"thesis";"dtu|dtu_electronic|dtupub|dtupub_electronic";"";"";"";"";"";"";"";"";"";"";"";"";"";"Bæredygtig energi|Master of Science in Engineering|Master of Science in Sustainable Energy|kandidat";"Bæredygtig energi|Master of Science in Engineering|Master of Science in Sustainable Energy|kandidat";"Bæredygtig energi|Master of Science in Engineering|Master of Science in Sustainable Energy|kandidat";"und";"56d754babf19455102000953";"";"56d754babf19455102000953";"DTU Department of Energy Conversion and Storage";"sorbit";"sorbit";"Fabrication of Solid Oxide Cells by 3D Ink-jet Printing Technology|Fremstilling af fastoxidceller vha. 3D ink-jet print teknologi"
"";"dtu|dtupub|third_party";"";"2022-01-03T13:11:25.368Z";"Urbán, Kristóf";"";"2292737378";"";"dtu";"2015";"";"";"";"";"thesis";"dtu|dtu_electronic|dtupub|dtupub_electronic";"";"";"";"";"";"";"";"";"";"";"";"";"";"gæst udl.";"gæst udl.";"gæst udl.";"und";"56d754babf194551020009a0";"";"56d754babf194551020009a0";"DTU Department of Civil and Mechanical Engineering";"sorbit";"sorbit";"Performance analysis of a Kalina cycle tailored for low-temperature solar applications|Analyse af Kalina cycles til udnyttelse af lavtemperatur solenergi"
"";"dtu|dtupub|third_party";"";"2022-01-03T13:08:00.475Z";"Pedersen, Jonas Wied";"";"2307050721";"";"dtu";"2016";"";"";"";"";"thesis";"dtu|dtu_electronic|dtupub|dtupub_electronic";"";"";"";"";"";"";"";"";"";"";"";"";"";"Master of Science in Engineering|Master of Science in Environmental Engineering|Miljøteknologi|kandidat";"Master of Science in Engineering|Master of Science in Environmental Engineering|Miljøteknologi|kandidat";"Master of Science in Engineering|Master of Science in Environmental Engineering|Miljøteknologi|kandidat";"und";"57a3204c12855c654e00029b";"";"57a3204c12855c654e00029b";"DTU Department of Environmental and Resource Engineering";"sorbit";"sorbit";"Assimilation of CryoSat-2 water heights to a Muskingum-Cunge routing scheme|Assimilering af CryoSat-2 vandhøjde til en Muskingum-Cunge routing model"
"";"dtu|dtupub|third_party";"";"2022-01-03T13:13:01.932Z";"Aaberg, Maria Helene|Hjartnes, Adrian Moen";"";"2306781252";"";"dtu";"2016";"";"";"";"";"thesis";"dtu|dtu_electronic|dtupub|dtupub_electronic";"";"";"";"";"";"";"";"";"";"";"";"";"";"Byggetek.|Master of Science in Civil Engineering|Master of Science in Engineering|kandidat";"Byggetek.|Master of Science in Civil Engineering|Master of Science in Engineering|kandidat";"Byggetek.|Master of Science in Civil Engineering|Master of Science in Engineering|kandidat";"und";"5795f1456bbf232e7000083d";"";"5795f1456bbf232e7000083d";"DTU Department of Civil Engineering";"sorbit";"sorbit";"Uniaxial load testing of steel - Influence of the strain rate and possible creep|Enaksede belastningsforsøg med stal - Indflydelse af tøjningshastighed og evt krybning"
"";"dtu|dtupub|third_party";"";"2022-01-06T23:53:20.851Z";"Jòhannesson, Mani Jòn";"";"2306320244";"";"dtu";"2016";"";"";"";"";"thesis";"dtu|dtu_electronic|dtupub_external";"";"";"";"";"";"";"";"";"";"";"";"";"";"Konst. og mekanik|Master of Science in Engineering|Master of Science in Engineering Design and Applied Mechanics|kandidat";"Konst. og mekanik|Master of Science in Engineering|Master of Science in Engineering Design and Applied Mechanics|kandidat";"Konst. og mekanik|Master of Science in Engineering|Master of Science in Engineering Design and Applied Mechanics|kandidat";"und";"577b934137562d157a000141";"";"577b934137562d157a000141";"DTU Department of Civil and Mechanical Engineering";"sorbit";"sorbit";"CFD and experimental investigation of airflow in safety cabinets|CFD og eksperimentel undersøgelser af strømninger i Mikrobiologisk Sikkerheds Kabinet"
"";"dtu|dtupub|third_party";"";"2022-01-06T23:53:50.886Z";"Lundin, André Castro";"";"2306781419";"";"dtu";"2016";"";"";"";"";"thesis";"dtu|dtu_electronic|dtupub_external";"";"";"";"";"";"";"";"";"";"";"";"";"";"Digitale medietek.|Master of Science in Digital Media Engineering|Master of Science in Engineering|kandidat";"Digitale medietek.|Master of Science in Digital Media Engineering|Master of Science in Engineering|kandidat";"Digitale medietek.|Master of Science in Digital Media Engineering|Master of Science in Engineering|kandidat";"und";"5795f16b6bbf232e700009d8";"";"5795f16b6bbf232e700009d8";"DTU Department of Civil and Mechanical Engineering";"sorbit";"sorbit";"Design for Internet of Things|Design for Internet of Things"
"";"dtu|dtupub|third_party";"";"2022-01-03T13:16:28.485Z";"Bjergfelt, Martin";"";"2306781426";"";"dtu";"2016";"";"";"";"";"thesis";"dtu|dtu_electronic|dtupub|dtupub_electronic";"";"";"";"";"";"";"";"";"";"";"";"";"";"Fysik og nanotek.|Master of Science in Engineering|Master of Science in Physics and Nanotechnology|kandidat";"Fysik og nanotek.|Master of Science in Engineering|Master of Science in Physics and Nanotechnology|kandidat";"Fysik og nanotek.|Master of Science in Engineering|Master of Science in Physics and Nanotechnology|kandidat";"und";"5795f1726bbf232e70000a26";"";"5795f1726bbf232e70000a26";"DTU Department of Micro- and Nanotechnology";"sorbit";"sorbit";"Van der Waals Heterostructure Electronic Devices|Elektroniske kredsløb baseret pa van der Waals heterostrukturer"
"";"dtu|dtupub|third_party";"";"2022-01-06T23:53:32.264Z";"Lachance-Barrett, Sebastien";"";"2343456295";"";"dtu";"2016";"";"";"";"";"thesis";"dtu|dtu_electronic|dtupub_external";"";"";"";"";"";"";"";"";"";"";"";"";"";"Master of Science in Engineering|Master of Science in Wind Energy|Vindenergi|kandidat";"Master of Science in Engineering|Master of Science in Wind Energy|Vindenergi|kandidat";"Master of Science in Engineering|Master of Science in Wind Energy|Vindenergi|kandidat";"und";"57da7f412993be95730000c3";"";"57da7f412993be95730000c3";"DTU Department of Wind and Energy Systems";"sorbit";"sorbit";"Investigation of Trailing Edge Sub-Somponents in Wind Turbine Blades|Studie af delkomponenttest af bagkantsdetaljer i vindmøllevinger"
"";"dtu|dtupub|third_party";"";"2022-01-03T13:05:10.063Z";"Jespersen, Karen Gundelund";"";"2343456318";"";"dtu";"2016";"";"";"";"";"thesis";"dtu|dtu_electronic|dtupub_external";"";"";"";"";"";"";"";"";"";"";"";"";"";"Bioteknologi|Master of Science in Biotechnology|Master of Science in Engineering|kandidat";"Bioteknologi|Master of Science in Biotechnology|Master of Science in Engineering|kandidat";"Bioteknologi|Master of Science in Biotechnology|Master of Science in Engineering|kandidat";"und";"57da7f442993be95730000eb";"";"57da7f442993be95730000eb";"DTU Department of Biotechnology and Biomedicine";"sorbit";"sorbit";"Molecular dissection of the relationship between oxidative stress, metabolic remodelling and protein production in S. cerevisiae|Molekylær dissektion af forholdet mellem oxidativ stress, metabolisk remodellering og proteinproduktion i S. cerevisiae"
"";"dtu|dtupub|third_party";"";"2022-01-03T13:11:47.852Z";"Alexiou, Aikaterini";"";"2292735136";"";"dtu";"2015";"";"";"";"";"thesis";"dtu|dtu_electronic|dtupub_external";"";"";"";"";"";"";"";"";"";"";"";"";"";"Master of Science in Engineering|Master of Science in Materials and Manufacturing Engineering|Materialetek.|kandidat";"Master of Science in Engineering|Master of Science in Materials and Manufacturing Engineering|Materialetek.|kandidat";"Master of Science in Engineering|Master of Science in Materials and Manufacturing Engineering|Materialetek.|kandidat";"und";"56d754afbf19455102000312";"";"56d754afbf19455102000312";"DTU Department of Civil and Mechanical Engineering";"sorbit";"sorbit";"Metrological properties of polymers|Metrologiske egenskaber af polymerer"
"";"dtu|dtupub|third_party";"";"2022-01-03T13:11:52.870Z";"Truong, Minh Haw|Jensen, Sofie Pødenphant";"";"2292735533";"";"dtu";"2015";"";"";"";"";"thesis";"dtu|dtu_electronic|dtupub|dtupub_electronic";"";"";"";"";"";"";"";"";"";"";"";"";"";"Master of Science in Engineering|Master of Science in Mathematical Modelling and Computation|Mat. modellering|kandidat";"Master of Science in Engineering|Master of Science in Mathematical Modelling and Computation|Mat. modellering|kandidat";"Master of Science in Engineering|Master of Science in Mathematical Modelling and Computation|Mat. modellering|kandidat";"und";"56d754b1bf19455102000423";"";"56d754b1bf19455102000423";"DTU Department of Applied Mathematics and Computer Science";"sorbit";"sorbit";"Non-linear mixed models for sensory and consumer data|Ikke-lineære blandede modeller for sensoriske og forbrugerdata."
"";"dtu|dtupub|third_party";"";"2022-01-03T13:15:58.584Z";"Bjarklev, Kristian";"";"2292735305";"";"dtu";"2015";"";"";"";"";"thesis";"dtu|dtu_electronic|dtupub_external";"";"";"";"";"";"";"";"";"";"";"";"";"";"Design og inn.|Master of Science in Design and Innovation|Master of Science in Engineering|kandidat";"Design og inn.|Master of Science in Design and Innovation|Master of Science in Engineering|kandidat";"Design og inn.|Master of Science in Design and Innovation|Master of Science in Engineering|kandidat";"und";"56d754b0bf19455102000383";"";"56d754b0bf19455102000383";"DTU Department of Civil and Mechanical Engineering";"sorbit";"sorbit";"Development of Novo Nordisk Device|Udvikling af Novo Nordisk device"
"";"dtu|dtupub|third_party";"";"2022-01-03T13:11:36.226Z";"Bali, Anne Pihl";"";"2292736195";"";"dtu";"2015";"";"";"";"";"thesis";"dtu|dtu_electronic|dtupub_external";"";"";"";"";"";"";"";"";"";"";"";"";"";"Bioteknologi|Master of Science in Biotechnology|Master of Science in Engineering|kandidat";"Bioteknologi|Master of Science in Biotechnology|Master of Science in Engineering|kandidat";"Bioteknologi|Master of Science in Biotechnology|Master of Science in Engineering|kandidat";"und";"56d754b5bf19455102000637";"";"56d754b5bf19455102000637";"DTU Department of Biotechnology and Biomedicine";"sorbit";"sorbit";"Altering PnuC Transporter Specificity Using Directed Evolution And Functional Selection Assay|Ændring af PnuC transporter specificitet ved brug af directed evolution og funktionelt selektions assay"
"";"dtu|dtupub|third_party";"";"2022-01-03T13:15:57.522Z";"Simal, Alberto Rico";"";"2292736413";"";"dtu";"2015";"";"";"";"";"thesis";"dtu|dtu_electronic|dtupub|dtupub_electronic";"";"";"";"";"";"";"";"";"";"";"";"";"";"Master of Science in Engineering|Master of Science in Engineering, Security and Mobile Computing|Security and Mobile|kandidat";"Master of Science in Engineering|Master of Science in Engineering, Security and Mobile Computing|Security and Mobile|kandidat";"Master of Science in Engineering|Master of Science in Engineering, Security and Mobile Computing|Security and Mobile|kandidat";"und";"56d754b6bf194551020006ae";"";"56d754b6bf194551020006ae";"DTU Department of Applied Mathematics and Computer Science";"sorbit";"sorbit";"Automation of memory-based IOC analysis|Automatisering af hukommelsesbaseret IOC-analyse"
"";"dtu|dtupub|third_party";"";"2022-01-03T13:15:53.440Z";"Ørum, Philip Bratt|Christensen, Nicolai Christian";"";"2292736733";"";"dtu";"2015";"";"";"";"";"thesis";"dtu|dtu_electronic|dtupub|dtupub_electronic";"";"";"";"";"";"";"";"";"";"";"";"";"";"Informationstek.|Master of Science in Computer Science and Engineering|Master of Science in Engineering|kandidat";"Informationstek.|Master of Science in Computer Science and Engineering|Master of Science in Engineering|kandidat";"Informationstek.|Master of Science in Computer Science and Engineering|Master of Science in Engineering|kandidat";"und";"56d754b8bf19455102000778";"";"56d754b8bf19455102000778";"DTU Department of Applied Mathematics and Computer Science";"sorbit";"sorbit";"Algorithms for Re-Pair Compression|Algoritmer til Re-Pair kompression"
"";"dtu|dtupub|third_party";"";"2022-01-03T13:15:42.810Z";"Saragga, Rodrigo Scherzinger";"";"2292734941";"";"dtu";"2015";"";"";"";"";"thesis";"dtu|dtu_electronic|dtupub|dtupub_electronic";"";"";"";"";"";"";"";"";"";"";"";"";"";"Elektrotek.|Master of Science in Electrical Engineering|Master of Science in Engineering|kandidat";"Elektrotek.|Master of Science in Electrical Engineering|Master of Science in Engineering|kandidat";"Elektrotek.|Master of Science in Electrical Engineering|Master of Science in Engineering|kandidat";"und";"56d754aebf19455102000294";"";"56d754aebf19455102000294";"DTU Department of Electrical Engineering";"sorbit";"sorbit";"Comparison of real-time formant shifting systems|Sammenligning af real-time formant flyttende systemer"
"";"dtu|dtupub|third_party";"";"2022-01-03T13:11:26.986Z";"Ahsbahs, Tobias Torben";"";"2292737171";"";"dtu";"2015";"";"";"";"";"thesis";"dtu|dtu_electronic|dtupub|dtupub_electronic";"";"";"";"";"";"";"";"";"";"";"";"";"";"Master of Science in Engineering|Master of Science in Wind Energy|Vindenergi|kandidat";"Master of Science in Engineering|Master of Science in Wind Energy|Vindenergi|kandidat";"Master of Science in Engineering|Master of Science in Wind Energy|Vindenergi|kandidat";"und";"56d754b9bf194551020008ea";"";"56d754b9bf194551020008ea";"DTU Department of Wind and Energy Systems";"sorbit";"sorbit";"Approaches to validate wind resource grid data|Methoder for at validere vind ressource grid data"
"";"dtu|dtupub|third_party";"";"2022-01-03T13:15:20.085Z";"Munoz-najar, Andres";"";"2292737539";"";"dtu";"2015";"";"";"";"";"thesis";"dtu|dtu_electronic|dtupub|dtupub_electronic";"";"";"";"";"";"";"";"";"";"";"";"";"";"Master of Science in Engineering|Master of Science in Wind Energy|Vindenergi|kandidat";"Master of Science in Engineering|Master of Science in Wind Energy|Vindenergi|kandidat";"Master of Science in Engineering|Master of Science in Wind Energy|Vindenergi|kandidat";"und";"56d754bbbf19455102000a23";"";"56d754bbbf19455102000a23";"DTU Department of Wind and Energy Systems";"sorbit";"sorbit";"Wind resource of Illinois and verifiction of wind atlas|Vindressource i Illinois og verifikation af vindatlas"
"";"dtu|dtupub|third_party";"";"2022-01-03T13:15:18.190Z";"Hansen, Connie|Larsson, Marie-Louise Jappe";"";"2292737408";"";"dtu";"2015";"";"";"";"";"thesis";"dtu|dtu_electronic|dtupub_external";"";"";"";"";"";"";"";"";"";"";"";"";"";"Design og inn.|Master of Science in Design and Innovation|Master of Science in Engineering|kandidat";"Design og inn.|Master of Science in Design and Innovation|Master of Science in Engineering|kandidat";"Design og inn.|Master of Science in Design and Innovation|Master of Science in Engineering|kandidat";"und";"56d754babf194551020009b4";"";"56d754babf194551020009b4";"DTU Department of Technology, Management and Economics";"sorbit";"sorbit";"Workflow mapping and user-driven product development|Workflow kortlægning og brugerdreven produktudvikling"
"";"dtu|dtupub|third_party";"";"2022-01-03T13:15:25.174Z";"Foldager, Andreas";"";"2292737583";"";"dtu";"2015";"";"";"";"";"thesis";"dtu|dtu_electronic|dtupub|dtupub_electronic";"";"";"";"";"";"";"";"";"";"";"";"";"";"Informationstek.|Master of Science in Computer Science and Engineering|Master of Science in Engineering|kandidat";"Informationstek.|Master of Science in Computer Science and Engineering|Master of Science in Engineering|kandidat";"Informationstek.|Master of Science in Computer Science and Engineering|Master of Science in Engineering|kandidat";"und";"56d754bbbf19455102000a50";"";"56d754bbbf19455102000a50";"DTU Department of Applied Mathematics and Computer Science";"sorbit";"sorbit";"A Graphical Domain-specific Language for Railway Interlocking Systems|Et Grafisk Domænespecifikt Sprog for Jernbane-sikringsanlæg"
"";"dtu|dtupub|third_party";"";"2022-01-03T13:16:21.115Z";"Blumensaat, Mads Nørgaard";"";"2292734095";"";"dtu";"2016";"";"";"";"";"thesis";"dtu|dtu_electronic|dtupub|dtupub_electronic";"";"";"";"";"";"";"";"";"";"";"";"";"";"Elektrotek.|Master of Science in Electrical Engineering|Master of Science in Engineering|kandidat";"Elektrotek.|Master of Science in Electrical Engineering|Master of Science in Engineering|kandidat";"Elektrotek.|Master of Science in Electrical Engineering|Master of Science in Engineering|kandidat";"und";"56d754a9bf19455102000072";"";"56d754a9bf19455102000072";"DTU Department of Electrical Engineering";"sorbit";"sorbit";"Control Strategies for Battery Energy Storage Systems services in EnergyLab Nordhavn|Kotrolstrategier for batterilager ifm netservices i EnergyLab Nordhavn"
"";"dtu|dtupub|third_party";"";"2022-01-03T13:06:41.620Z";"Lassen, Rasmus Mikkel Münter";"";"2346001607";"";"dtu";"2016";"";"";"";"";"thesis";"dtu|dtu_electronic|dtupub_external";"";"";"";"";"";"";"";"";"";"";"";"";"";"gæst dk";"gæst dk";"gæst dk";"und";"57eba2bdbf85a9107600005c";"";"57eba2bdbf85a9107600005c";"DTU Department of Micro- and Nanotechnology";"sorbit";"sorbit";"Targeting Liposomes for Cancer Immunotherapy|Malrettet levering af liposomer for cancer immun terapi"
"";"dtu|dtupub|third_party";"";"2022-01-03T13:07:16.143Z";"Ahuja, Monica Prakash";"";"2306791639";"";"dtu";"2016";"";"";"";"";"thesis";"dtu|dtu_electronic|dtupub|dtupub_electronic";"";"";"";"";"";"";"";"";"";"";"";"";"";"Informationstek.|Master of Science in Computer Science and Engineering|Master of Science in Engineering|kandidat";"Informationstek.|Master of Science in Computer Science and Engineering|Master of Science in Engineering|kandidat";"Informationstek.|Master of Science in Computer Science and Engineering|Master of Science in Engineering|kandidat";"und";"579743996bbf232e70000ece";"";"579743996bbf232e70000ece";"DTU Department of Applied Mathematics and Computer Science";"sorbit";"sorbit";"Security Certification Model For Internet Of Things (IOT) Devices|Sikkerhedscertificeringsmodel for Internet Of Things (IoT) Enheder"
"";"dtu|dtupub|third_party";"";"2022-01-06T23:53:33.786Z";"Larrea, Leire Diez";"";"2306510120";"";"dtu";"2016";"";"";"";"";"thesis";"dtu|dtu_electronic|dtupub|dtupub_electronic";"";"";"";"";"";"";"";"";"";"";"";"";"";"Master of Science in Engineering|Master of Science in Environmental Engineering|Miljøteknologi|kandidat";"Master of Science in Engineering|Master of Science in Environmental Engineering|Miljøteknologi|kandidat";"Master of Science in Engineering|Master of Science in Environmental Engineering|Miljøteknologi|kandidat";"und";"578770c66bbf232e700000ab";"";"578770c66bbf232e700000ab";"DTU Department of Technology, Management and Economics";"sorbit";"sorbit";"Management of urban nutrient cycles and sinks in the City of Copenhagen|Management af urbane cyklusser og depoter for gødningsstoffer i København"
"";"dtu|dtupub|third_party";"";"2022-01-06T23:53:38.411Z";"Gkoufas, Nikolaos Andreas";"";"2342057150";"";"dtu";"2016";"";"";"";"";"thesis";"dtu|dtu_electronic|dtupub|dtupub_electronic";"";"";"";"";"";"";"";"";"";"";"";"";"";"Bæredygtig energi|Master of Science in Engineering|Master of Science in Sustainable Energy|kandidat";"Bæredygtig energi|Master of Science in Engineering|Master of Science in Sustainable Energy|kandidat";"Bæredygtig energi|Master of Science in Engineering|Master of Science in Sustainable Energy|kandidat";"und";"57becfccfebd22f3600001e6";"";"57becfccfebd22f3600001e6";"DTU Department of Civil Engineering";"sorbit";"sorbit";"Simulation study of discharging PCM implemented in graphite ceiling panels through night-time radiative cooling and night-time ventilation|En undersøgelse ved hjælp af simulering og tests af regenerering af PCM implementeret i loftspaneler gennem stralings afkøling om natten og/eller natlig ventilation"
"";"dtu|dtupub|third_party";"";"2022-01-03T13:06:19.872Z";"Vestergaard, Anne Kathrine Bach";"";"2292737386";"";"dtu";"2015";"";"";"";"";"thesis";"dtu|dtu_electronic|dtupub|dtupub_electronic";"";"";"";"";"";"";"";"";"";"";"";"";"";"Byggetek.|Master of Science in Civil Engineering|Master of Science in Engineering|kandidat";"Byggetek.|Master of Science in Civil Engineering|Master of Science in Engineering|kandidat";"Byggetek.|Master of Science in Civil Engineering|Master of Science in Engineering|kandidat";"und";"56d754babf194551020009a5";"";"56d754babf194551020009a5";"DTU Department of Civil Engineering";"sorbit";"sorbit";"Review and Parametric Comparisons of Shear Models in EC2 and in FIB Model Code 2010|Review and parametric comparisons of shear models in EC2 and in FIB Model Code 2010"
"";"dtu|dtupub|third_party";"";"2022-01-03T13:11:07.152Z";"Stade, Henrik";"";"2292737692";"";"dtu";"2015";"";"";"";"";"thesis";"dtu|dtu_electronic|dtupub_external";"";"";"";"";"";"";"";"";"";"";"";"";"";"Master of Science in Engineering|Master of Science in Wind Energy|Vindenergi|kandidat";"Master of Science in Engineering|Master of Science in Wind Energy|Vindenergi|kandidat";"Master of Science in Engineering|Master of Science in Wind Energy|Vindenergi|kandidat";"und";"56d754bcbf19455102000abd";"";"56d754bcbf19455102000abd";"DTU Department of Wind and Energy Systems";"sorbit";"sorbit";"Space-time Analysis of Wind Power Forecast Error in Denmark|Rumlig og tidslig analyse af vindkraft prognosefejl i Danmark"
"";"dtu|dtupub|third_party";"";"2022-01-03T13:12:47.515Z";"Il'dutova, Anna";"";"2305633512";"";"dtu";"2016";"";"";"";"";"thesis";"dtu|dtu_electronic|dtupub|dtupub_electronic";"";"";"";"";"";"";"";"";"";"";"";"";"";"Master of Science in Engineering|Master of Science in Transportation and Logistics|Transp. og logistik|kandidat";"Master of Science in Engineering|Master of Science in Transportation and Logistics|Transp. og logistik|kandidat";"Master of Science in Engineering|Master of Science in Transportation and Logistics|Transp. og logistik|kandidat";"und";"575ea7b0e6f951534a00f2e2";"";"575ea7b0e6f951534a00f2e2";"DTU Department of Transport";"sorbit";"sorbit";"Free carriage of bicycles on S-trains in the Greater Copenhagen region|Gratis cykelmedtagning i hovedstadsregionens S-tog"
"";"dtu|dtupub|third_party";"";"2022-01-11T08:43:37.063Z";"Vinkel, Nadja Maria";"";"2307051083";"";"dtu";"2016";"";"";"";"";"thesis";"dtu|dtu_electronic|dtupub_external";"";"";"";"";"";"";"";"";"";"";"";"";"";"Master of Science in Engineering|Master of Science in Materials and Manufacturing Engineering|Materialetek.|kandidat";"Master of Science in Engineering|Master of Science in Materials and Manufacturing Engineering|Materialetek.|kandidat";"Master of Science in Engineering|Master of Science in Materials and Manufacturing Engineering|Materialetek.|kandidat";"und";"57a3206e12855c654e000343";"";"57a3206e12855c654e000343";"DTU Department of Energy Conversion and Storage";"sorbit";"sorbit";"Nanostructured adsorbents for biogas upgrading|Nanostrukturerede adsorbenter til biogas opgradering"
"";"dtu|dtupub|third_party";"";"2022-01-03T13:07:32.041Z";"Frøkjær, Line Gram|Christoffersen, Alex Bo";"";"2306791757";"";"dtu";"2016";"";"";"";"";"thesis";"dtu|dtu_electronic|dtupub_external";"";"";"";"";"";"";"";"";"";"";"";"";"";"Design og inn.|Master of Science in Design and Innovation|Master of Science in Engineering|kandidat";"Design og inn.|Master of Science in Design and Innovation|Master of Science in Engineering|kandidat";"Design og inn.|Master of Science in Design and Innovation|Master of Science in Engineering|kandidat";"und";"579743e36bbf232e700010f1";"";"579743e36bbf232e700010f1";"DTU Department of Civil and Mechanical Engineering";"sorbit";"sorbit";"Treatment of psoriasis through 3D printing|Behandling af psoriasis gennem 3D printning"
"";"dtu|dtupub|third_party";"";"2022-01-03T13:07:32.014Z";"Guarnati, Simon";"";"2306791742";"";"dtu";"2016";"";"";"";"";"thesis";"dtu|dtu_electronic|dtupub|dtupub_electronic";"";"";"";"";"";"";"";"";"";"";"";"";"";"Master of Science in Engineering|Master of Science in Environmental Engineering|Miljøteknologi|kandidat";"Master of Science in Engineering|Master of Science in Environmental Engineering|Miljøteknologi|kandidat";"Master of Science in Engineering|Master of Science in Environmental Engineering|Miljøteknologi|kandidat";"und";"579743da6bbf232e70001097";"";"579743da6bbf232e70001097";"DTU Department of Environmental and Resource Engineering";"sorbit";"sorbit";"Copenhagen's cloud burst button efficiency analysis and flooding minimization|Københavns skybrudknap - effektanalyse og minimering af oversvømmelse"
"";"dtu|dtupub|third_party";"";"2022-01-03T13:06:52.928Z";"Alexandridis, Pavlos";"";"2328005525";"";"dtu";"2016";"";"";"";"";"thesis";"dtu|dtu_electronic|dtupub|dtupub_electronic";"";"";"";"";"";"";"";"";"";"";"";"";"";"Master of Science in Engineering|Master of Science in Transportation and Logistics|Transp. og logistik|kandidat";"Master of Science in Engineering|Master of Science in Transportation and Logistics|Transp. og logistik|kandidat";"Master of Science in Engineering|Master of Science in Transportation and Logistics|Transp. og logistik|kandidat";"und";"57b2f264272bfcc2300000ee";"";"57b2f264272bfcc2300000ee";"DTU Department of Transport";"sorbit";"sorbit";"Risk assessment of Automatic Train Control systems: HAZOP and semiformal analysis|Risikovurdering af automatisk togkontrolsystem: HAZOP og semiformel analyse"
"";"dtu|dtupub|third_party";"";"2022-01-03T13:08:17.876Z";"Moiragias, Stavros";"";"2306781686";"";"dtu";"2016";"";"";"";"";"thesis";"dtu|dtu_electronic|dtupub|dtupub_electronic";"";"";"";"";"";"";"";"";"";"";"";"";"";"Bygningsdesign|Master of Science in Engineering|Master og Science in Architectural Engineering|kandidat";"Bygningsdesign|Master of Science in Engineering|Master og Science in Architectural Engineering|kandidat";"Bygningsdesign|Master of Science in Engineering|Master og Science in Architectural Engineering|kandidat";"und";"5795f1b06bbf232e70000bda";"";"5795f1b06bbf232e70000bda";"DTU Department of Civil Engineering";"sorbit";"sorbit";"Analysis and development of IDMs at various LOD for coordination between discipline models|Analyse og udvikling af IDMs pa forskellige informationsniveauer for koordination mellem fagmodeller"
"";"dtu|dtupub|third_party";"";"2022-01-03T13:06:37.252Z";"Poulsen, Nina Stokkendal";"";"2343456328";"";"dtu";"2016";"";"";"";"";"thesis";"dtu|dtu_electronic|dtupub_external";"";"";"";"";"";"";"";"";"";"";"";"";"";"Bæredygtig energi|Master of Science in Engineering|Master of Science in Sustainable Energy|kandidat";"Bæredygtig energi|Master of Science in Engineering|Master of Science in Sustainable Energy|kandidat";"Bæredygtig energi|Master of Science in Engineering|Master of Science in Sustainable Energy|kandidat";"und";"57da7f442993be95730000ec";"";"57da7f442993be95730000ec";"DTU Department of Civil and Mechanical Engineering";"sorbit";"sorbit";"Modeling of Skærbækværket and analysis of the economics of the heat production for multicity district heating|Modellering af Skærbækværket og analyse af varmeproduktionsøkonomi i trekantsomradets varmetransmissionsselskab"
"";"dtu|dtupub|third_party";"";"2022-01-03T13:06:51.743Z";"Grange, Esben";"";"2347782971";"";"dtu";"2016";"";"";"";"";"thesis";"dtu|dtu_electronic|dtupub|dtupub_electronic";"";"";"";"";"";"";"";"";"";"";"";"";"";"Master of Science in Engineering|Master of Science in Mathematical Modelling and Computation|Mat. modellering|kandidat";"Master of Science in Engineering|Master of Science in Mathematical Modelling and Computation|Mat. modellering|kandidat";"Master of Science in Engineering|Master of Science in Mathematical Modelling and Computation|Mat. modellering|kandidat";"und";"58108cc75262fa0f0e000084";"";"58108cc75262fa0f0e000084";"DTU Department of Applied Mathematics and Computer Science";"sorbit";"sorbit";"Numerical methods for solving Navier-Stokes equations|Numeriske metoder til løsning af Navier-Stokes ligningerne"
"";"dtu|dtupub|third_party";"";"2022-01-06T23:53:34.950Z";"Rosanas, Ana-Sofia Sanchez-Arcilla";"";"2306921167";"";"dtu";"2016";"";"";"";"";"thesis";"dtu|dtu_electronic|dtupub|dtupub_electronic";"";"";"";"";"";"";"";"";"";"";"";"";"";"Kemisk/biokemisk tek.|Master of Science in Chemical and Biochemical Engineering|Master of Science in Engineering|kandidat";"Kemisk/biokemisk tek.|Master of Science in Chemical and Biochemical Engineering|Master of Science in Engineering|kandidat";"Kemisk/biokemisk tek.|Master of Science in Chemical and Biochemical Engineering|Master of Science in Engineering|kandidat";"und";"579dda446bbf232e700014b6";"";"579dda446bbf232e700014b6";"DTU Department of Chemical and Biochemical Engineering";"sorbit";"sorbit";"Superstructure based Optimization for Synthesis of Biofuels and Chemical Processing Routes|Superstrukturbaseret optimering til syntese af biobrændsler og kemiske bearbejdningsruter"
"";"dtu|dtupub|third_party";"";"2022-01-03T13:11:49.257Z";"Lütken, Anne Sofie Brodersen";"";"2292735175";"";"dtu";"2015";"";"";"";"";"thesis";"dtu|dtu_electronic|dtupub|dtupub_electronic";"";"";"";"";"";"";"";"";"";"";"";"";"";"Bæredygtig energi|Master of Science in Engineering|Master of Science in Sustainable Energy|kandidat";"Bæredygtig energi|Master of Science in Engineering|Master of Science in Sustainable Energy|kandidat";"Bæredygtig energi|Master of Science in Engineering|Master of Science in Sustainable Energy|kandidat";"und";"56d754afbf19455102000337";"";"56d754afbf19455102000337";"DTU Department of Technology, Management and Economics";"sorbit";"sorbit";"CO2 targets and climate policy modelled in a small open economy|CO2-mal og klimapolitik modelleret i en lille aben økonomi"
"";"dtu|dtupub|third_party";"";"2022-01-03T13:12:58.235Z";"Krikstanaite, Ugne";"";"2342367037";"";"dtu";"2016";"";"";"";"";"thesis";"dtu|dtu_electronic|dtupub|dtupub_electronic";"";"";"";"";"";"";"";"";"";"";"";"";"";"Master of Science in Engineering|Master of Science in Environmental Engineering|Miljøteknologi|kandidat";"Master of Science in Engineering|Master of Science in Environmental Engineering|Miljøteknologi|kandidat";"Master of Science in Engineering|Master of Science in Environmental Engineering|Miljøteknologi|kandidat";"und";"57c567468784c77e7000009a";"";"57c567468784c77e7000009a";"DTU Department of Technology, Management and Economics";"sorbit";"sorbit";"Challenges in circular economy of small electronic equipment|Udfordringer ved circulær økonomi for sma elektroniske produkter"
"";"dtu|dtupub|third_party";"";"2022-01-03T13:12:03.582Z";"Astafyeu, Aliaksandr";"";"2292734969";"";"dtu";"2015";"";"";"";"";"thesis";"dtu|dtu_electronic|dtupub|dtupub_electronic";"";"";"";"";"";"";"";"";"";"";"";"";"";"Informationstek.|Master of Science in Computer Science and Engineering|Master of Science in Engineering|kandidat";"Informationstek.|Master of Science in Computer Science and Engineering|Master of Science in Engineering|kandidat";"Informationstek.|Master of Science in Computer Science and Engineering|Master of Science in Engineering|kandidat";"und";"56d754aebf194551020002a5";"";"56d754aebf194551020002a5";"DTU Department of Applied Mathematics and Computer Science";"sorbit";"sorbit";"Information Security Risks Assessment using the DREAD Model|Informationssikkerheds risikoanalyse baseret pa DREAD modellen"
"";"dtu|dtupub|third_party";"";"2022-01-03T13:13:02.023Z";"Lorentzen, Mads";"";"2306782167";"";"dtu";"2016";"";"";"";"";"thesis";"dtu|dtu_electronic|dtupub_external";"";"";"";"";"";"";"";"";"";"";"";"";"";"Konst. og mekanik|Master of Science in Engineering|Master of Science in Engineering Design and Applied Mechanics|kandidat";"Konst. og mekanik|Master of Science in Engineering|Master of Science in Engineering Design and Applied Mechanics|kandidat";"Konst. og mekanik|Master of Science in Engineering|Master of Science in Engineering Design and Applied Mechanics|kandidat";"und";"5795f1c36bbf232e70000c54";"";"5795f1c36bbf232e70000c54";"DTU Department of Civil and Mechanical Engineering";"sorbit";"sorbit";"Optimization of Vacuum Valve|Optimering af vakuumventil"
"";"dtu|dtupub|third_party";"";"2022-01-11T08:43:36.961Z";"Andersen, Nikolaj Sten";"";"2307050966";"";"dtu";"2016";"";"";"";"";"thesis";"dtu|dtu_electronic|dtupub_external";"";"";"";"";"";"";"";"";"";"";"";"";"";"Anvendt kemi|Master of Science in Advanced and Applied Chemistry|Master of Science in Engineering|kandidat";"Anvendt kemi|Master of Science in Advanced and Applied Chemistry|Master of Science in Engineering|kandidat";"Anvendt kemi|Master of Science in Advanced and Applied Chemistry|Master of Science in Engineering|kandidat";"und";"57a3206812855c654e000316";"";"57a3206812855c654e000316";"DTU Department of Chemistry";"sorbit";"sorbit";"Selective Prodrugs for the Treatment of Rheumatoid Arthritis|Selektive prodrugs til behandling af leddegigt"
"";"dtu|dtupub|third_party";"";"2022-01-03T13:08:39.827Z";"Nielsen, Cecilie Liv";"";"2352731943";"";"dtu";"2016";"";"";"";"";"thesis";"dtu|dtu_electronic|dtupub|dtupub_electronic";"";"";"";"";"";"";"";"";"";"";"";"";"";"gæst dk";"gæst dk";"gæst dk";"und";"58b96d0076bacf40d11ac895";"";"58b96d0076bacf40d11ac895";"DTU DTU National Food Institute";"sorbit";"sorbit";"Comparison of ADDs used in VetStat with primary data on usage doses obtained at visits in 20 Danish pig herds|Sammenligning af ADD'er anvendt i VetStat og primære data pa faktiske forbrugsdoser fra 20 danske svinebesætninger"
"";"dtu|dtupub|third_party";"";"2022-01-03T13:15:36.824Z";"Katsigiannis, Emmanouil";"";"2292737236";"";"dtu";"2015";"";"";"";"";"thesis";"dtu|dtu_electronic|dtupub|dtupub_electronic";"";"";"";"";"";"";"";"";"";"";"";"";"";"Bæredygtig energi|Master of Science in Engineering|Master of Science in Sustainable Energy|kandidat";"Bæredygtig energi|Master of Science in Engineering|Master of Science in Sustainable Energy|kandidat";"Bæredygtig energi|Master of Science in Engineering|Master of Science in Sustainable Energy|kandidat";"und";"56d754babf1945510200092b";"";"56d754babf1945510200092b";"DTU Department of Civil Engineering";"sorbit";"sorbit";"Evaluation of Buildings' Flexibility Potential with Respect to their Embedded Thermal Mass|Evaluation of buildings' flexibility potential with respect to their embedded thermal mass"
"";"dtu|dtupub|third_party";"";"2022-01-03T13:16:19.794Z";"Pedersen, Sara Britta Riehm";"";"2305633380";"";"dtu";"2016";"";"";"";"";"thesis";"dtu|dtu_electronic|dtupub_external";"";"";"";"";"";"";"";"";"";"";"";"";"";"Anvendt kemi|Master of Science in Advanced and Applied Chemistry|Master of Science in Engineering|kandidat";"Anvendt kemi|Master of Science in Advanced and Applied Chemistry|Master of Science in Engineering|kandidat";"Anvendt kemi|Master of Science in Advanced and Applied Chemistry|Master of Science in Engineering|kandidat";"und";"575ea674e6f951534a00e437";"";"575ea674e6f951534a00e437";"DTU Department of Chemistry";"sorbit";"sorbit";"Synthesis of Lipid Components of the Plant Polyester Cutin|Syntese af lipider fra plantepolyesteren cutin"
"";"dtu|dtupub|third_party";"";"2022-01-03T13:11:58.551Z";"Khomiakov, Maxim";"";"2292734999";"";"dtu";"2015";"";"";"";"";"thesis";"dtu|dtu_electronic|dtupub_external";"";"";"";"";"";"";"";"";"";"";"";"";"";"Master of Science in Engineering|Master of Science in Mathematical Modelling and Computation|Mat. modellering|kandidat";"Master of Science in Engineering|Master of Science in Mathematical Modelling and Computation|Mat. modellering|kandidat";"Master of Science in Engineering|Master of Science in Mathematical Modelling and Computation|Mat. modellering|kandidat";"und";"56d754aebf194551020002b5";"";"56d754aebf194551020002b5";"DTU Department of Applied Mathematics and Computer Science";"sorbit";"sorbit";"Multivariate Pattern Analysis in Vehicles on Tracks and Wheels|Multivariat Statistisk Analyse i Bælte- og Hjulkøretøjer"
"";"dtu|dtupub|third_party";"";"2022-01-03T13:12:07.019Z";"Møller, Jakob Skadkær";"";"2292735097";"";"dtu";"2015";"";"";"";"";"thesis";"dtu|dtu_electronic|dtupub_external";"";"";"";"";"";"";"";"";"";"";"";"";"";"Master of Science in Engineering|Master of Science in Medicine and Technology|Medicin og tek.|kandidat";"Master of Science in Engineering|Master of Science in Medicine and Technology|Medicin og tek.|kandidat";"Master of Science in Engineering|Master of Science in Medicine and Technology|Medicin og tek.|kandidat";"und";"56d754afbf194551020002fa";"";"56d754afbf194551020002fa";"DTU Department of Electrical Engineering";"sorbit";"sorbit";"Advanced K-complex classification by probabilistic modeling|Avanceret K-kompleks klassifikation vha. probabilistisk modellering"
"";"dtu|dtupub|third_party";"";"2022-01-03T13:15:41.622Z";"Thai, Gia Tuong";"";"2292736739";"";"dtu";"2015";"";"";"";"";"thesis";"dtu|dtu_electronic|dtupub_external";"";"";"";"";"";"";"";"";"";"";"";"";"";"Master of Science in Engineering|Master of Science in Mathematical Modelling and Computation|Mat. modellering|kandidat";"Master of Science in Engineering|Master of Science in Mathematical Modelling and Computation|Mat. modellering|kandidat";"Master of Science in Engineering|Master of Science in Mathematical Modelling and Computation|Mat. modellering|kandidat";"und";"56d754b8bf1945510200077a";"";"56d754b8bf1945510200077a";"DTU Department of Applied Mathematics and Computer Science";"sorbit";"sorbit";"Design and Investigation of New Global Beam for Low Gain Antenna Terminals|Undersøgelse af nye global beam signaler i forbindelse med lav-forstærkning antenne terminaler"
"";"dtu|dtupub|third_party";"";"2022-01-03T13:16:28.581Z";"Bureika, Edvinas";"";"2306791721";"";"dtu";"2016";"";"";"";"";"thesis";"dtu|dtu_electronic|dtupub_external";"";"";"";"";"";"";"";"";"";"";"";"";"";"Master of Science in Engineering|Master of Science in Engineering Management|Planl. innovation og led.|kandidat";"Master of Science in Engineering|Master of Science in Engineering Management|Planl. innovation og led.|kandidat";"Master of Science in Engineering|Master of Science in Engineering Management|Planl. innovation og led.|kandidat";"und";"579743c86bbf232e70001011";"";"579743c86bbf232e70001011";"DTU Department of Technology, Management and Economics";"sorbit";"sorbit";"Exploration and improvement of user experience in cochlear implants|Udforskning og forbedring af brugeroplevelsen i cochlear implantater"
"";"dtu|dtupub|third_party";"";"2022-01-03T13:16:01.254Z";"Norsk, David";"";"2292734243";"";"dtu";"2016";"";"";"";"";"thesis";"dtu|dtu_electronic|dtupub_external";"";"";"";"";"";"";"";"";"";"";"";"";"";"Master of Science in Engineering|Master of Science in Mathematical Modelling and Computation|Mat. modellering|kandidat";"Master of Science in Engineering|Master of Science in Mathematical Modelling and Computation|Mat. modellering|kandidat";"Master of Science in Engineering|Master of Science in Mathematical Modelling and Computation|Mat. modellering|kandidat";"und";"56d754aabf194551020000ca";"";"56d754aabf194551020000ca";"DTU Department of Applied Mathematics and Computer Science";"sorbit";"sorbit";"Automatic pavement raveling and pothole evaluation|Automatisk evaluering af raveling og pothole dannelse pa asfalt veje"
"";"dtu|dtupub|third_party";"";"2022-01-03T13:09:15.805Z";"Vang, Toki";"";"2307357269";"";"dtu";"2016";"";"";"";"";"thesis";"dtu|dtu_electronic|dtupub|dtupub_electronic";"";"";"";"";"";"";"";"";"";"";"";"";"";"Byggetek.|Master of Science in Civil Engineering|Master of Science in Engineering|kandidat";"Byggetek.|Master of Science in Civil Engineering|Master of Science in Engineering|kandidat";"Byggetek.|Master of Science in Civil Engineering|Master of Science in Engineering|kandidat";"und";"57a9b7c43fec415c3b00005d";"";"57a9b7c43fec415c3b00005d";"DTU Department of Civil Engineering";"sorbit";"sorbit";"Stability of thin-walled steel columns - investigation of the EC3 method|Stabilitet af tyndvæggede stalsøjler - undersøgelse af EC3 metode"
"";"dtu|dtupub|third_party";"";"2022-01-03T13:16:19.803Z";"Lynggaard, Julie";"";"2292734649";"";"dtu";"2016";"";"";"";"";"thesis";"dtu|dtu_electronic|dtupub|dtupub_electronic";"";"";"";"";"";"";"";"";"";"";"";"";"";"Konst. og mekanik|Master of Science in Engineering|Master of Science in Engineering Design and Applied Mechanics|kandidat";"Konst. og mekanik|Master of Science in Engineering|Master of Science in Engineering Design and Applied Mechanics|kandidat";"Konst. og mekanik|Master of Science in Engineering|Master of Science in Engineering Design and Applied Mechanics|kandidat";"und";"56d754acbf194551020001bf";"";"56d754acbf194551020001bf";"DTU Department of Civil and Mechanical Engineering";"sorbit";"sorbit";"Finite strain micro mechanical analysis of indentation|Stortøjnings mikromekanisk analyse af indentering"
"";"dtu|dtupub|third_party";"";"2022-01-03T13:15:38.475Z";"Li, Ning";"";"2292736775";"";"dtu";"2015";"";"";"";"";"thesis";"dtu|dtu_electronic|dtupub_external";"";"";"";"";"";"";"";"";"";"";"";"";"";"Kemisk/biokemisk tek.|Master of Science in Chemical and Biochemical Engineering|Master of Science in Engineering|kandidat";"Kemisk/biokemisk tek.|Master of Science in Chemical and Biochemical Engineering|Master of Science in Engineering|kandidat";"Kemisk/biokemisk tek.|Master of Science in Chemical and Biochemical Engineering|Master of Science in Engineering|kandidat";"und";"56d754b8bf1945510200078d";"";"56d754b8bf1945510200078d";"DTU Department of Chemical and Biochemical Engineering";"sorbit";"sorbit";"Blade coatings for wind turbines|Malinger til vindmøllevinger"
"";"dtu|dtupub|third_party";"";"2022-01-03T13:15:46.566Z";"Dadadottir, Solveig";"";"2292735586";"";"dtu";"2015";"";"";"";"";"thesis";"dtu|dtu_electronic|dtupub|dtupub_electronic";"";"";"";"";"";"";"";"";"";"";"";"";"";"Konst. og mekanik|Master of Science in Engineering|Master of Science in Engineering Design and Applied Mechanics|kandidat";"Konst. og mekanik|Master of Science in Engineering|Master of Science in Engineering Design and Applied Mechanics|kandidat";"Konst. og mekanik|Master of Science in Engineering|Master of Science in Engineering Design and Applied Mechanics|kandidat";"und";"56d754b2bf1945510200045a";"";"56d754b2bf1945510200045a";"DTU Department of Civil and Mechanical Engineering";"sorbit";"sorbit";"Frequency band gaps and dispersion relations for periodic Timoshenko beams|Frekvensbandgab og dispersionsrelationer for periodiske Timoshenko-bjælker"
"";"dtu|dtupub|third_party";"";"2022-01-03T13:12:13.373Z";"Grahlmann, Christopher";"";"2292735485";"";"dtu";"2015";"";"";"";"";"thesis";"dtu|dtu_electronic|dtupub_external";"";"";"";"";"";"";"";"";"";"";"";"";"";"Bæredygtig energi|Master of Science in Engineering|Master of Science in Sustainable Energy|kandidat";"Bæredygtig energi|Master of Science in Engineering|Master of Science in Sustainable Energy|kandidat";"Bæredygtig energi|Master of Science in Engineering|Master of Science in Sustainable Energy|kandidat";"und";"56d754b1bf194551020003f4";"";"56d754b1bf194551020003f4";"DTU Department of Electrical Engineering";"sorbit";"sorbit";"Analysis of NTC profile splitting between two market areas in transfer capacity calculation|Analyse af overføringskapacitet mellem to markedsomrader ved opdeling af NetTransferCapacity-profilen"
"";"dtu|dtupub|third_party";"";"2022-01-03T13:12:10.257Z";"Armannsdottir, Kristin Nanna";"";"2292735163";"";"dtu";"2015";"";"";"";"";"thesis";"dtu|dtu_electronic|dtupub_external";"";"";"";"";"";"";"";"";"";"";"";"";"";"Master of Science in Engineering|Master of Science in Engineering Management|Planl. innovation og led.|kandidat";"Master of Science in Engineering|Master of Science in Engineering Management|Planl. innovation og led.|kandidat";"Master of Science in Engineering|Master of Science in Engineering Management|Planl. innovation og led.|kandidat";"und";"56d754afbf1945510200032d";"";"56d754afbf1945510200032d";"DTU Department of Technology, Management and Economics";"sorbit";"sorbit";"Performance Analysis and Benchmarking of Mutual Funds|Performanceanalyse og benchmarking af investeringsforeninger"
"";"dtu|dtupub|third_party";"";"2022-01-03T13:16:05.526Z";"Hess, Andreas Viktor";"";"2292735009";"";"dtu";"2015";"";"";"";"";"thesis";"dtu|dtu_electronic|dtupub|dtupub_electronic";"";"";"";"";"";"";"";"";"";"";"";"";"";"Informationstek.|Master of Science in Computer Science and Engineering|Master of Science in Engineering|kandidat";"Informationstek.|Master of Science in Computer Science and Engineering|Master of Science in Engineering|kandidat";"Informationstek.|Master of Science in Computer Science and Engineering|Master of Science in Engineering|kandidat";"und";"56d754aebf194551020002bd";"";"56d754aebf194551020002bd";"DTU Department of Applied Mathematics and Computer Science";"sorbit";"sorbit";"Multi-Agent Systems and Logic Programming|Multiagentsystemer og logikprogrammering"
"";"dtu|dtupub|third_party";"";"2022-01-03T13:12:12.267Z";"Ardik, Özgür Alan";"";"2292734989";"";"dtu";"2015";"";"";"";"";"thesis";"dtu|dtu_electronic|dtupub|dtupub_electronic";"";"";"";"";"";"";"";"";"";"";"";"";"";"Elektrotek.|Master of Science in Electrical Engineering|Master of Science in Engineering|kandidat";"Elektrotek.|Master of Science in Electrical Engineering|Master of Science in Engineering|kandidat";"Elektrotek.|Master of Science in Electrical Engineering|Master of Science in Engineering|kandidat";"und";"56d754aebf194551020002b0";"";"56d754aebf194551020002b0";"DTU Department of Electrical Engineering";"sorbit";"sorbit";"Size and power consumption optimization of SMPS for Class-D audio amplifiers|Størrelse og energiforbrugsoptimering af SMPS til klasse D audio effektforstærker"
"";"dtu|dtupub|third_party";"";"2022-01-03T13:15:37.550Z";"Beleniotis, Konstantinos";"";"2292737170";"";"dtu";"2015";"";"";"";"";"thesis";"dtu|dtu_electronic|dtupub|dtupub_electronic";"";"";"";"";"";"";"";"";"";"";"";"";"";"Bæredygtig energi|Master of Science in Engineering|Master of Science in Sustainable Energy|kandidat";"Bæredygtig energi|Master of Science in Engineering|Master of Science in Sustainable Energy|kandidat";"Bæredygtig energi|Master of Science in Engineering|Master of Science in Sustainable Energy|kandidat";"und";"56d754b9bf194551020008e9";"";"56d754b9bf194551020008e9";"DTU Department of Civil Engineering";"sorbit";"sorbit";"Effects of Extensive Energy Savings in the building mass, on Longterm Optimal Solution for the Renewable based Energy System of Denmark|Effects of extensive energy savings in the building mass, on longterm optimal solution for the renewable based Energy System of Denmark"
"";"dtu|dtupub|third_party";"";"2022-01-03T13:11:28.472Z";"Tengberg, Michelle Fussing";"";"2292737107";"";"dtu";"2015";"";"";"";"";"thesis";"dtu|dtu_electronic|dtupub|dtupub_electronic";"";"";"";"";"";"";"";"";"";"";"";"";"";"Farmateknologi|Master of Science in Engineering|Master of Science in Pharmaceutical Design and Engineering|kandidat";"Farmateknologi|Master of Science in Engineering|Master of Science in Pharmaceutical Design and Engineering|kandidat";"Farmateknologi|Master of Science in Engineering|Master of Science in Pharmaceutical Design and Engineering|kandidat";"und";"56d754b9bf194551020008a9";"";"56d754b9bf194551020008a9";"DTU National Veterinary Institute";"sorbit";"sorbit";"Consequences of prenatal stress on brain structure – an immunohistochemistry study|Konsekvensen af prænatal stress pa hjernestrukturen – et immuhistokemi-studie"
"";"dtu|dtupub|third_party";"";"2022-01-03T13:16:27.690Z";"Rask, Nikolaj Harrison|Ebbesen, Anders Lehmann Gramfeldt";"";"2306781264";"";"dtu";"2016";"";"";"";"";"thesis";"dtu|dtu_electronic|dtupub|dtupub_electronic";"";"";"";"";"";"";"";"";"";"";"";"";"";"Byggetek.|Master of Science in Civil Engineering|Master of Science in Engineering|kandidat";"Byggetek.|Master of Science in Civil Engineering|Master of Science in Engineering|kandidat";"Byggetek.|Master of Science in Civil Engineering|Master of Science in Engineering|kandidat";"und";"5795f1466bbf232e7000084b";"";"5795f1466bbf232e7000084b";"DTU Department of Civil Engineering";"sorbit";"sorbit";"Experimental determination of the static and dynamic stiffness of steel depending on the strain rates and load levels|Eksperimentel bestemmelse af stals statisk og dynmiske stivhed afhængig af tøjningshastighed og last niveau."
"";"dtu|dtupub|third_party";"";"2022-01-06T23:53:32.239Z";"Chatterjee, Rishika";"";"2343456265";"";"dtu";"2016";"";"";"";"";"thesis";"dtu|dtu_electronic|dtupub_external";"";"";"";"";"";"";"";"";"";"";"";"";"";"Kemisk/biokemisk tek.|Master of Science in Chemical and Biochemical Engineering|Master of Science in Engineering|kandidat";"Kemisk/biokemisk tek.|Master of Science in Chemical and Biochemical Engineering|Master of Science in Engineering|kandidat";"Kemisk/biokemisk tek.|Master of Science in Chemical and Biochemical Engineering|Master of Science in Engineering|kandidat";"und";"57da7f3f2993be95730000b8";"";"57da7f3f2993be95730000b8";"DTU Department of Chemical and Biochemical Engineering";"sorbit";"sorbit";"Studies of the Interaction between Cu and ZnO in the Industrial type Methanol Catalyst|Undersøgelse af interaktionen mellem Cu og ZnO i den industrielle methanolkatalysator"
"";"dtu|dtupub|third_party";"";"2022-01-03T13:05:11.506Z";"Tranos, Damianos";"";"2306781144";"";"dtu";"2016";"";"";"";"";"thesis";"dtu|dtu_electronic|dtupub|dtupub_electronic";"";"";"";"";"";"";"";"";"";"";"";"";"";"Elektrotek.|Master of Science in Electrical Engineering|Master of Science in Engineering|kandidat";"Elektrotek.|Master of Science in Electrical Engineering|Master of Science in Engineering|kandidat";"Elektrotek.|Master of Science in Electrical Engineering|Master of Science in Engineering|kandidat";"und";"5795f1436bbf232e7000081c";"";"5795f1436bbf232e7000081c";"DTU Department of Applied Mathematics and Computer Science";"sorbit";"sorbit";"State estimation on non-linear Autonomous Guided Vehicles|Tilstandsestimation i ulineære Autonome Styret Køretøjer"
"";"dtu|dtupub|third_party";"";"2022-01-03T13:12:03.819Z";"Movsisyan, Ani";"";"2292735652";"";"dtu";"2015";"";"";"";"";"thesis";"dtu|dtu_electronic|dtupub_external";"";"";"";"";"";"";"";"";"";"";"";"";"";"Master of Science in Engineering|Master of Science in Engineering Management|Planl. innovation og led.|kandidat";"Master of Science in Engineering|Master of Science in Engineering Management|Planl. innovation og led.|kandidat";"Master of Science in Engineering|Master of Science in Engineering Management|Planl. innovation og led.|kandidat";"und";"56d754b2bf19455102000495";"";"56d754b2bf19455102000495";"DTU Department of Technology, Management and Economics";"sorbit";"sorbit";"Effectively deploying a sustainability strategy: Increasing energy efficiency in ROCKWOOL Group's Operations|Effektiv udvikling af en bæredygtig strategi: Øget energieffektivisering i Rockwools Operation Group"
"";"dtu|dtupub|third_party";"";"2022-01-03T13:15:47.754Z";"Benicek, Jakub";"";"2292735978";"";"dtu";"2015";"";"";"";"";"thesis";"dtu|dtu_electronic|dtupub|dtupub_electronic";"";"";"";"";"";"";"";"";"";"";"";"";"";"Master of Science in Engineering|Master of Science in Petroleum Engineering|Olie- og gastek.|kandidat";"Master of Science in Engineering|Master of Science in Petroleum Engineering|Olie- og gastek.|kandidat";"Master of Science in Engineering|Master of Science in Petroleum Engineering|Olie- og gastek.|kandidat";"und";"56d754b4bf194551020005ab";"";"56d754b4bf194551020005ab";"DTU Department of Chemical and Biochemical Engineering";"sorbit";"sorbit";"Application of emulsion-forming enzymes for enhanced oil recovery|Andendelsen af emulsion-skabende enzyme for forbedret olie indvinding"
"";"dtu|dtupub|third_party";"";"2022-01-03T13:12:31.555Z";"Plet-Hansen, Kristian Schreiber";"";"2305633422";"";"dtu";"2016";"";"";"";"";"thesis";"dtu|dtu_electronic|dtupub|dtupub_electronic";"";"";"";"";"";"";"";"";"";"";"";"";"";"Akvatisk teknologi|Master in Science in Aquatic Science and Technology|Master of Science in Engineering|kandidat";"Akvatisk teknologi|Master in Science in Aquatic Science and Technology|Master of Science in Engineering|kandidat";"Akvatisk teknologi|Master in Science in Aquatic Science and Technology|Master of Science in Engineering|kandidat";"und";"575ea6dfe6f951534a00e94a";"";"575ea6dfe6f951534a00e94a";"DTU National Institute of Aquatic Resources";"sorbit";"sorbit";"How can Remonte Electronic Monitoring Help in the Implementation of the Landing obligation?|Hvordan kan fjernbetjent elektronisk monitering hjælpe med at implementere landingsforpligtigelsen?"
"";"dtu|dtupub|third_party";"";"2022-01-06T23:53:33.729Z";"Gonnsen, Rasmus|Marcinkus, Laurynas";"";"2305633417";"";"dtu";"2016";"";"";"";"";"thesis";"dtu|dtu_electronic|dtupub|dtupub_electronic";"";"";"";"";"";"";"";"";"";"";"";"";"";"Bygningsdesign|Master of Science in Engineering|Master og Science in Architectural Engineering|kandidat";"Bygningsdesign|Master of Science in Engineering|Master og Science in Architectural Engineering|kandidat";"Bygningsdesign|Master of Science in Engineering|Master og Science in Architectural Engineering|kandidat";"und";"575ea6d7e6f951534a00e8f5";"";"575ea6d7e6f951534a00e8f5";"DTU Department of Civil Engineering";"sorbit";"sorbit";"Investigation of straw and clay buildings. Indoor climate, energy consumption and renovation. Study cases in Crete and Denmark|Undersøgelse af bygninger opført af stra og ler. Indeklima, energiforbrug og renovering. Case-studier pa Kreta og i Danmark"
"";"dtu|dtupub|third_party";"";"2022-01-03T13:15:26.166Z";"Møller, Asger Juul";"";"2292735502";"";"dtu";"2015";"";"";"";"";"thesis";"dtu|dtu_electronic|dtupub|dtupub_electronic";"";"";"";"";"";"";"";"";"";"";"";"";"";"Master of Science in Engineering|Master of Science in Medicine and Technology|Medicin og tek.|kandidat";"Master of Science in Engineering|Master of Science in Medicine and Technology|Medicin og tek.|kandidat";"Master of Science in Engineering|Master of Science in Medicine and Technology|Medicin og tek.|kandidat";"und";"56d754b1bf19455102000407";"";"56d754b1bf19455102000407";"DTU Department of Electrical Engineering";"sorbit";"sorbit";"Definition of pressure states and automatic classification based on intercranial presssure information|Definition af tryktilstande og automatisk klassifikation baseret pa interkraniel tryk information"
"";"dtu|dtupub|third_party";"";"2022-01-03T13:12:56.980Z";"Andersen, Rasmus Grau";"";"2306320477";"";"dtu";"2016";"";"";"";"";"thesis";"dtu|dtu_electronic|dtupub|dtupub_electronic";"";"";"";"";"";"";"";"";"";"";"";"";"";"Konst. og mekanik|Master of Science in Engineering|Master of Science in Engineering Design and Applied Mechanics|kandidat";"Konst. og mekanik|Master of Science in Engineering|Master of Science in Engineering Design and Applied Mechanics|kandidat";"Konst. og mekanik|Master of Science in Engineering|Master of Science in Engineering Design and Applied Mechanics|kandidat";"und";"577b934e37562d157a0001e2";"";"577b934e37562d157a0001e2";"DTU Department of Civil and Mechanical Engineering";"sorbit";"sorbit";"Ductile Plate Tearing under Multi-Axial Loading|Duktil revnevækst under flerakset belastning"
"";"dtu|dtupub|third_party";"";"2022-01-03T13:09:26.424Z";"Øster, Katrine";"";"2321127604";"";"dtu";"2016";"";"";"";"";"thesis";"dtu|dtu_electronic|dtupub_external";"";"";"";"";"";"";"";"";"";"";"";"";"";"Byggetek.|Master of Science in Civil Engineering|Master of Science in Engineering|kandidat";"Byggetek.|Master of Science in Civil Engineering|Master of Science in Engineering|kandidat";"Byggetek.|Master of Science in Civil Engineering|Master of Science in Engineering|kandidat";"und";"57b1a0c49baf2b177e000298";"";"57b1a0c49baf2b177e000298";"DTU Department of Civil Engineering";"sorbit";"sorbit";"Ductile anchorage mechanism used for CFRP strengthening of RC structures|Duktil forankringsmekanisme i kulfiberforstærkede betonkonstruktioner"
"";"dtu|dtupub|third_party";"";"2022-01-03T13:08:25.679Z";"Sørensen, Mads";"";"2307020155";"";"dtu";"2016";"";"";"";"";"thesis";"dtu|dtu_electronic|dtupub|dtupub_electronic";"";"";"";"";"";"";"";"";"";"";"";"";"";"Elektrotek.|Master of Science in Electrical Engineering|Master of Science in Engineering|kandidat";"Elektrotek.|Master of Science in Electrical Engineering|Master of Science in Engineering|kandidat";"Elektrotek.|Master of Science in Electrical Engineering|Master of Science in Engineering|kandidat";"und";"57a1cee412855c654e000189";"";"57a1cee412855c654e000189";"DTU Department of Electrical Engineering";"sorbit";"sorbit";"Topology Errors and Bad PMU Data in Power System State Estimation|Topologifejl og Fejlfyldt PMU Data i Tilstandsestimering af Elsystemer"
"";"dtu|dtupub|third_party";"";"2022-01-03T13:07:40.353Z";"Yazicioglu, Hasan";"";"2343456290";"";"dtu";"2016";"";"";"";"";"thesis";"dtu|dtu_electronic|dtupub_external";"";"";"";"";"";"";"";"";"";"";"";"";"";"Master of Science in Engineering|Master of Science in Wind Energy|Vindenergi|kandidat";"Master of Science in Engineering|Master of Science in Wind Energy|Vindenergi|kandidat";"Master of Science in Engineering|Master of Science in Wind Energy|Vindenergi|kandidat";"und";"57da7f412993be95730000c1";"";"57da7f412993be95730000c1";"DTU Department of Wind and Energy Systems";"sorbit";"sorbit";"Validation of wake models for onshore wind farms|Validering af wakemodeller for landbaserede vindmølleparker"
"";"dtu|dtupub|third_party";"";"2022-01-11T08:43:41.827Z";"Spliid, Frederik Monrad";"";"2351661161";"";"dtu";"2016";"";"";"";"";"thesis";"dtu|dtu_electronic|dtupub_external";"";"";"";"";"";"";"";"";"";"";"";"";"";"Elektrotek.|Master of Science in Electrical Engineering|Master of Science in Engineering|kandidat";"Elektrotek.|Master of Science in Electrical Engineering|Master of Science in Engineering|kandidat";"Elektrotek.|Master of Science in Electrical Engineering|Master of Science in Engineering|kandidat";"und";"589045795460241149000087";"";"589045795460241149000087";"DTU Department of Electrical Engineering";"sorbit";"sorbit";"Single input multiple output very high frequency converter for LED lighting applications|Enkelt indgang flerudgangs meget højfrekvent omformer til LED belysning"
"";"dtu|dtupub|third_party";"";"2022-01-03T13:16:39.799Z";"Manuel, Elena Fernández";"";"2351661157";"";"dtu";"2016";"";"";"";"";"thesis";"dtu|dtu_electronic|dtupub|dtupub_electronic";"";"";"";"";"";"";"";"";"";"";"";"";"";"Bæredygtig energi|Master of Science in Engineering|Master of Science in Sustainable Energy|kandidat";"Bæredygtig energi|Master of Science in Engineering|Master of Science in Sustainable Energy|kandidat";"Bæredygtig energi|Master of Science in Engineering|Master of Science in Sustainable Energy|kandidat";"und";"58904578546024114900007b";"";"58904578546024114900007b";"DTU Department of Civil Engineering";"sorbit";"sorbit";"Energy saving potential in hospital patient rooms with bed integrated exhaust ventilation|Energibesparende potentiale pa hospitalet patientstuer med seng integreret udsugning"
"";"dtu|dtupub|third_party";"";"2022-01-03T13:08:31.681Z";"Kassarnig, Valentin";"";"2306791704";"";"dtu";"2016";"";"";"";"";"thesis";"dtu|dtu_electronic|dtupub|dtupub_electronic";"";"";"";"";"";"";"";"";"";"";"";"";"";"Informationstek.|Master of Science in Computer Science and Engineering|Master of Science in Engineering|kandidat";"Informationstek.|Master of Science in Computer Science and Engineering|Master of Science in Engineering|kandidat";"Informationstek.|Master of Science in Computer Science and Engineering|Master of Science in Engineering|kandidat";"und";"579743b26bbf232e70000f54";"";"579743b26bbf232e70000f54";"DTU Department of Applied Mathematics and Computer Science";"sorbit";"sorbit";"Predicting Academic Performance from Social Networks|Prediction af Akademiske Præstationer Baseret pa Sociale Netværk"
"";"dtu|dtupub|third_party";"";"2022-01-11T08:43:39.736Z";"Wendring, Paul";"";"2306791749";"";"dtu";"2016";"";"";"";"";"thesis";"dtu|dtu_electronic|dtupub|dtupub_electronic";"";"";"";"";"";"";"";"";"";"";"";"";"";"Bæredygtig energi|Master of Science in Engineering|Master of Science in Sustainable Energy|kandidat";"Bæredygtig energi|Master of Science in Engineering|Master of Science in Sustainable Energy|kandidat";"Bæredygtig energi|Master of Science in Engineering|Master of Science in Sustainable Energy|kandidat";"und";"579743dd6bbf232e700010bf";"";"579743dd6bbf232e700010bf";"DTU Department of Technology, Management and Economics";"sorbit";"sorbit";"Analysis, simulation and comparison of renewable energy auction processes for the cases of utility scale photovoltaics and nearshore wind power in Denmark|Analyse, simulering og sammenligning af auktionsprocesser for stor skala solcelleanlæg og kystnære havvindmøller i Danmark"
"";"dtu|dtupub|third_party";"";"2022-01-03T13:16:39.697Z";"Bauerova, Marie";"";"2345513562";"";"dtu";"2016";"";"";"";"";"thesis";"dtu|dtu_electronic|dtupub|dtupub_electronic";"";"";"";"";"";"";"";"";"";"";"";"";"";"Bygningsdesign|Master of Science in Engineering|Master og Science in Architectural Engineering|kandidat";"Bygningsdesign|Master of Science in Engineering|Master og Science in Architectural Engineering|kandidat";"Bygningsdesign|Master of Science in Engineering|Master og Science in Architectural Engineering|kandidat";"und";"57e3b9c1bf85a91076000020";"";"57e3b9c1bf85a91076000020";"DTU Department of Civil Engineering";"sorbit";"sorbit";"Evaluation of deep renovation of an existing mixed use building versus its demolition and replacement with a new building|Evaluering af dyb renovering af en eksisterende ejendom med blandet anvendelse versus dens nedrivning og udskiftning med en ny bygning"
"";"dtu|dtupub|third_party";"";"2022-01-03T13:06:02.651Z";"Væsel, Glenn|Oddo, Emanuela";"";"2306781994";"";"dtu";"2016";"";"";"";"";"thesis";"dtu|dtu_electronic|dtupub_external";"";"";"";"";"";"";"";"";"";"";"";"";"";"Master of Science in Engineering|Master of Science in Engineering Management|Planl. innovation og led.|kandidat";"Master of Science in Engineering|Master of Science in Engineering Management|Planl. innovation og led.|kandidat";"Master of Science in Engineering|Master of Science in Engineering Management|Planl. innovation og led.|kandidat";"und";"5795f1bc6bbf232e70000c25";"";"5795f1bc6bbf232e70000c25";"DTU Department of Technology, Management and Economics";"sorbit";"sorbit";"Organizational Design & Production Performance|Organisationsdesign and Produktionsperformance"
"";"dtu|dtupub|third_party";"";"2022-01-03T13:16:10.802Z";"Andersen, Rikke Sølbeck";"";"2346530011";"";"dtu";"2016";"";"";"";"";"thesis";"dtu|dtu_electronic|dtupub|dtupub_electronic";"";"";"";"";"";"";"";"";"";"";"";"";"";"Farmateknologi|Master of Science in Engineering|Master of Science in Pharmaceutical Design and Engineering|kandidat";"Farmateknologi|Master of Science in Engineering|Master of Science in Pharmaceutical Design and Engineering|kandidat";"Farmateknologi|Master of Science in Engineering|Master of Science in Pharmaceutical Design and Engineering|kandidat";"und";"57f4dd3e5fef926e0f00000d";"";"57f4dd3e5fef926e0f00000d";"DTU National Veterinary Institute";"sorbit";"sorbit";"Antigen-specific expansion of porcine T cells|Antigen-specifik ekspansion af T celler fra svin"
"Measuring and analysing the quality of experience and the quality of service are important assisting methods when optimizing network capacity, and providing the best possible user experience. They also present methods for finding and dealing with problems caused by the ever-growing internet data traffic and its number of users. Qosmet, developed at VTT Technical Research Centre of Finland Ltd, is a powerful solution for this type of network analysis. Considering that long term storage of quality of service measurement data is all numerical, this enables an efficient and well optimised database solution, one that performs well in either writing data or reading it for analysis. The purpose of this thesis is to ascertain the optimal database architecture for quality of service measurements. An important outcome of this project is the interface between Qosmet and the implemented database. Part of the work consists also in identifying the characteristics for database optimization. In order to achieve these goals, three database architecture schemas were designed and analysed with the help of exhaustive writing and reading performance tests. Schema 1 has one, schema 2 two and schema 3 have respectively three database tables, in which the data is distributed according to its assumed frequency of use. Following the analysis and comparison of these three database architecture schemas, the one with two tables appeared to be the best one. It achieved writing throughput of around 7,500 lines per second, and the reading performance was the second best, actually very close to the best performance. Schemas 1 and 2 were about 33 percent faster than schema 3 in writing performance. Schemas 2 and 3 performed about 20 percent better than schema 1 in reading tests. Performance analysis gave a good understanding of database optimization and features affecting its efficiency, as well as hardware requirements, bottlenecks and limits on high utilization situations. This work resulted in an efficient and verified database, which can be used in the future as part of the Qosmet solution.";"dtu|dtupub";"VTT (former employee or external)";"2022-03-28T07:10:58.994Z";"Ruottinen, Pekka";"";"2708546311";"";"dtu";"2015";"";"";"";"";"thesis";"dtu|dtu_electronic|dtupub|dtupub_electronic";"";"";"";"";"";"";"";"";"";"";"";"";"";"DBMS|MySQL|database|optimization|qosmet|quality of service";"DBMS|MySQL|database|optimization|qosmet|quality of service";"DBMS|MySQL|database|optimization|qosmet|quality of service";"eng";"6231fa054eee74b6f3f60568";"";"6231fa054eee74b6f3f60568";"University of Oulu";"vtt";"vtt";"Database architecture design and performance evaluation for Quality of Service measurements"
"";"dtu|dtupub|third_party";"";"2022-01-03T13:12:55.368Z";"Lopez, Agnes Garcia";"";"2306946046";"";"dtu";"2016";"";"";"";"";"thesis";"dtu|dtu_electronic|dtupub|dtupub_electronic";"";"";"";"";"";"";"";"";"";"";"";"";"";"Bioteknologi|Master of Science in Biotechnology|Master of Science in Engineering|kandidat";"Bioteknologi|Master of Science in Biotechnology|Master of Science in Engineering|kandidat";"Bioteknologi|Master of Science in Biotechnology|Master of Science in Engineering|kandidat";"und";"579f2cae6bbf232e70001991";"";"579f2cae6bbf232e70001991";"DTU National Veterinary Institute";"sorbit";"sorbit";"Transcriptional signature of implant-associated osteomyelitis|Ekspression signature af kodende og ikke kodende RNA i en svinemodel for knoglebetændelse"
"";"dtu|dtupub|third_party";"";"2022-01-03T13:15:47.740Z";"Poughon, Victor Jean Claude Dominique";"";"2292735429";"";"dtu";"2015";"";"";"";"";"thesis";"dtu|dtu_electronic|dtupub|dtupub_electronic";"";"";"";"";"";"";"";"";"";"";"";"";"";"Geofysik og rumtek.|Master of Science in Earth and Space Physics and Engineering|Master of Science in Engineering|kandidat";"Geofysik og rumtek.|Master of Science in Earth and Space Physics and Engineering|Master of Science in Engineering|kandidat";"Geofysik og rumtek.|Master of Science in Earth and Space Physics and Engineering|Master of Science in Engineering|kandidat";"und";"56d754b0bf194551020003c0";"";"56d754b0bf194551020003c0";"DTU Department of Space Research and Space Technology";"sorbit";"sorbit";"Statistical methods for georeferencing and terrain modeling|Statistiske metoder til georeferering og terræn modellering"
"";"dtu|dtupub|third_party";"";"2022-01-03T13:05:10.643Z";"Nørregaard, Jeppe";"";"2313645712";"";"dtu";"2016";"";"";"";"";"thesis";"dtu|dtu_electronic|dtupub|dtupub_electronic";"";"";"";"";"";"";"";"";"";"";"";"";"";"Master of Science in Engineering|Master of Science in Mathematical Modelling and Computation|Mat. modellering|kandidat";"Master of Science in Engineering|Master of Science in Mathematical Modelling and Computation|Mat. modellering|kandidat";"Master of Science in Engineering|Master of Science in Mathematical Modelling and Computation|Mat. modellering|kandidat";"und";"57ab095d3fec415c3b000200";"";"57ab095d3fec415c3b000200";"DTU Department of Applied Mathematics and Computer Science";"sorbit";"sorbit";"Machine learning for natural language processing|Machine learning til behandling af naturligt sprog"
"";"dtu|dtupub|third_party";"";"2022-01-03T13:07:22.390Z";"Johansen, Martin Søes";"";"2306769316";"";"dtu";"2016";"";"";"";"";"thesis";"dtu|dtu_electronic|dtupub|dtupub_electronic";"";"";"";"";"";"";"";"";"";"";"";"";"";"gæst dk";"gæst dk";"gæst dk";"und";"57949fc36bbf232e700004b0";"";"57949fc36bbf232e700004b0";"DTU Department of Electrical Engineering";"sorbit";"sorbit";"Feasibility of hybrid EEG-EMG-based control scheme for prosthetic devices|Gennemførlighed af hybrid EEG-EMG-baseret kontrol applikation for proteseenheder"
"";"dtu|dtupub|third_party";"";"2022-01-03T13:11:00.024Z";"Olsson, Sara Westergaard";"";"2292737360";"";"dtu";"2015";"";"";"";"";"thesis";"dtu|dtu_electronic|dtupub_external";"";"";"";"";"";"";"";"";"";"";"";"";"";"Anvendt kemi|Master of Science in Advanced and Applied Chemistry|Master of Science in Engineering|kandidat";"Anvendt kemi|Master of Science in Advanced and Applied Chemistry|Master of Science in Engineering|kandidat";"Anvendt kemi|Master of Science in Advanced and Applied Chemistry|Master of Science in Engineering|kandidat";"und";"56d754babf1945510200098d";"";"56d754babf1945510200098d";"DTU Department of Chemistry";"sorbit";"sorbit";"Deglycosylation of whey protein isolates and their effect on gel formation in fermented milk products|Deglykosylering af valleproteiner og deres effekt pa yoghurt"
"";"dtu|dtupub|third_party";"";"2022-01-03T13:11:46.680Z";"Jørgensen, Simon Benfeldt";"";"2292736281";"";"dtu";"2015";"";"";"";"";"thesis";"dtu|dtu_electronic|dtupub_external";"";"";"";"";"";"";"";"";"";"";"";"";"";"Digitale medietek.|Master of Science in Digital Media Engineering|Master of Science in Engineering|kandidat";"Digitale medietek.|Master of Science in Digital Media Engineering|Master of Science in Engineering|kandidat";"Digitale medietek.|Master of Science in Digital Media Engineering|Master of Science in Engineering|kandidat";"und";"56d754b6bf19455102000665";"";"56d754b6bf19455102000665";"DTU Department of Applied Mathematics and Computer Science";"sorbit";"sorbit";"Developing a social trading application for an open trading platform|Udvikling af en social app til en aben valutahandelsplatform"
"";"dtu|dtupub|third_party";"";"2022-01-03T13:12:36.650Z";"Gille, Florian";"";"2306320557";"";"dtu";"2016";"";"";"";"";"thesis";"dtu|dtu_electronic|dtupub|dtupub_electronic";"";"";"";"";"";"";"";"";"";"";"";"";"";"Design og inn.|Master of Science in Design and Innovation|Master of Science in Engineering|kandidat";"Design og inn.|Master of Science in Design and Innovation|Master of Science in Engineering|kandidat";"Design og inn.|Master of Science in Design and Innovation|Master of Science in Engineering|kandidat";"und";"577b935137562d157a000202";"";"577b935137562d157a000202";"DTU Department of Technology, Management and Economics";"sorbit";"sorbit";"Implementing digital transformation: a case from the energy sector|Implementering af digital transformation: en case fra energi sektoren"
"";"dtu|dtupub|third_party";"";"2022-01-06T23:53:29.840Z";"Goulas, Konstantinos";"";"2344905195";"";"dtu";"2016";"";"";"";"";"thesis";"dtu|dtu_electronic|dtupub_external";"";"";"";"";"";"";"";"";"";"";"";"";"";"Bæredygtig energi|Master of Science in Engineering|Master of Science in Sustainable Energy|kandidat";"Bæredygtig energi|Master of Science in Engineering|Master of Science in Sustainable Energy|kandidat";"Bæredygtig energi|Master of Science in Engineering|Master of Science in Sustainable Energy|kandidat";"und";"57dd223e1f4bfa107d000023";"";"57dd223e1f4bfa107d000023";"DTU Department of Civil and Mechanical Engineering";"sorbit";"sorbit";"Analysis and optimization of a tri-generation power plant with Energy Storage|Analyse og optimering af en trigeneration kraftvarmeværk med energilagring"
"";"dtu|dtupub|third_party";"";"2022-01-03T13:12:05.296Z";"Rasmussen, Anders Hartmann";"";"2292735881";"";"dtu";"2015";"";"";"";"";"thesis";"dtu|dtu_electronic|dtupub_external";"";"";"";"";"";"";"";"";"";"";"";"";"";"Farmateknologi|Master of Science in Engineering|Master of Science in Pharmaceutical Design and Engineering|kandidat";"Farmateknologi|Master of Science in Engineering|Master of Science in Pharmaceutical Design and Engineering|kandidat";"Farmateknologi|Master of Science in Engineering|Master of Science in Pharmaceutical Design and Engineering|kandidat";"und";"56d754b4bf1945510200055c";"";"56d754b4bf1945510200055c";"DTU National Veterinary Institute";"sorbit";"sorbit";"Development of a Lateral Flow Test for Detection of Infection caused by Mycoplasma Pneumoniae|Udvikling af en lateral flow test for infektion forarsaget af Mycoplasma Pneumoniae"
"";"dtu|dtupub|third_party";"";"2022-01-03T13:11:51.497Z";"Nørregård, Rasmus";"";"2292735974";"";"dtu";"2015";"";"";"";"";"thesis";"dtu|dtu_electronic|dtupub|dtupub_electronic";"";"";"";"";"";"";"";"";"";"";"";"";"";"Kemisk/biokemisk tek.|Master of Science in Chemical and Biochemical Engineering|Master of Science in Engineering|kandidat";"Kemisk/biokemisk tek.|Master of Science in Chemical and Biochemical Engineering|Master of Science in Engineering|kandidat";"Kemisk/biokemisk tek.|Master of Science in Chemical and Biochemical Engineering|Master of Science in Engineering|kandidat";"und";"56d754b4bf194551020005aa";"";"56d754b4bf194551020005aa";"DTU Department of Chemical and Biochemical Engineering";"sorbit";"sorbit";"Model based monitoring of biochemical batch processes|Modelbaseret monitering af biokemiske batch processer"
"";"dtu|dtupub|third_party";"";"2022-01-03T13:08:35.723Z";"Brink, Eva Rós";"";"2328003922";"";"dtu";"2016";"";"";"";"";"thesis";"dtu|dtu_electronic|dtupub_external";"";"";"";"";"";"";"";"";"";"";"";"";"";"Master of Science in Engineering|Master of Science in Engineering Management|Planl. innovation og led.|kandidat";"Master of Science in Engineering|Master of Science in Engineering Management|Planl. innovation og led.|kandidat";"Master of Science in Engineering|Master of Science in Engineering Management|Planl. innovation og led.|kandidat";"und";"57b2f23d272bfcc230000000";"";"57b2f23d272bfcc230000000";"DTU Department of Technology, Management and Economics";"sorbit";"sorbit";"Internationalization of Falck Global Assistance: Target country and entry mode selection|Internationalisering af Falck Global Assistance: Valg af fokus land og investerings metode"
"";"dtu|dtupub|third_party";"";"2022-01-03T13:08:04.430Z";"Ærensgaard, Sanne";"";"2341715983";"";"dtu";"2016";"";"";"";"";"thesis";"dtu|dtu_electronic|dtupub_external";"";"";"";"";"";"";"";"";"";"";"";"";"";"Master of Science in Engineering|Master of Science in Mathematical Modelling and Computation|Mat. modellering|kandidat";"Master of Science in Engineering|Master of Science in Mathematical Modelling and Computation|Mat. modellering|kandidat";"Master of Science in Engineering|Master of Science in Mathematical Modelling and Computation|Mat. modellering|kandidat";"und";"57b989c13e47d6ad77000053";"";"57b989c13e47d6ad77000053";"DTU Department of Technology, Management and Economics";"sorbit";"sorbit";"Optimization of the daily operation of heat accumulators in greater Copenhagen area|Optimering af den daglige drift af varmelagre i Storkøbenhavn"
"";"dtu|dtupub|third_party";"";"2022-01-06T23:53:47.525Z";"Filis, Charalampos";"";"2306312379";"";"dtu";"2016";"";"";"";"";"thesis";"dtu|dtu_electronic|dtupub_external";"";"";"";"";"";"";"";"";"";"";"";"";"";"Master of Science in Engineering|Master of Science in Engineering Management|Planl. innovation og led.|kandidat";"Master of Science in Engineering|Master of Science in Engineering Management|Planl. innovation og led.|kandidat";"Master of Science in Engineering|Master of Science in Engineering Management|Planl. innovation og led.|kandidat";"und";"577a423c37562d157a0000f2";"";"577a423c37562d157a0000f2";"DTU Department of Technology, Management and Economics";"sorbit";"sorbit";"Analysis of production capacity expansion program at Agrovim|Analysis of production capacity expansion program at Agrovim"
"";"dtu|dtupub|third_party";"";"2022-01-03T13:06:20.523Z";"Swiatecki, Nicholas Christopher Adrian Kier";"";"2313645596";"";"dtu";"2016";"";"";"";"";"thesis";"dtu|dtu_electronic|dtupub_external";"";"";"";"";"";"";"";"";"";"";"";"";"";"Master of Science in Engineering|Master of Science in Telecommunication|Telekom.|kandidat";"Master of Science in Engineering|Master of Science in Telecommunication|Telekom.|kandidat";"Master of Science in Engineering|Master of Science in Telecommunication|Telekom.|kandidat";"und";"57ab09533fec415c3b000173";"";"57ab09533fec415c3b000173";"DTU Department of Electrical and Photonics Engineering";"sorbit";"sorbit";"Evaluation of Wireless Technologies for the Internet of Things|Evaluering af tradløse teknologier til brug i Internet of Things"
"";"dtu|dtupub|third_party";"";"2022-01-03T13:15:49.282Z";"Raun, Kristian Viegaard";"";"2292735402";"";"dtu";"2015";"";"";"";"";"thesis";"dtu|dtu_electronic|dtupub_external";"";"";"";"";"";"";"";"";"";"";"";"";"";"Kemisk/biokemisk tek.|Master of Science in Chemical and Biochemical Engineering|Master of Science in Engineering|kandidat";"Kemisk/biokemisk tek.|Master of Science in Chemical and Biochemical Engineering|Master of Science in Engineering|kandidat";"Kemisk/biokemisk tek.|Master of Science in Chemical and Biochemical Engineering|Master of Science in Engineering|kandidat";"und";"56d754b0bf194551020003a8";"";"56d754b0bf194551020003a8";"DTU Department of Chemical and Biochemical Engineering";"sorbit";"sorbit";"Upscaling of a catalytic process for production of methyl lactate|Opskalering af en katalytisk proces til fremstilling af methyllaktat"
"";"dtu|dtupub|third_party";"";"2022-01-03T13:15:56.217Z";"Juul, Kristian Jørgensen";"";"2292735998";"";"dtu";"2015";"";"";"";"";"thesis";"dtu|dtu_electronic|dtupub|dtupub_electronic";"";"";"";"";"";"";"";"";"";"";"";"";"";"Konst. og mekanik|Master of Science in Engineering|Master of Science in Engineering Design and Applied Mechanics|kandidat";"Konst. og mekanik|Master of Science in Engineering|Master of Science in Engineering Design and Applied Mechanics|kandidat";"Konst. og mekanik|Master of Science in Engineering|Master of Science in Engineering Design and Applied Mechanics|kandidat";"und";"56d754b4bf194551020005b8";"";"56d754b4bf194551020005b8";"DTU Department of Civil and Mechanical Engineering";"sorbit";"sorbit";"Fracture Toughness and Crack Propagation in Layered Material Systems|Brudstyrke og Revnevækst i Lagdelte Materialesystemer"
"";"dtu|dtupub|third_party";"";"2022-01-03T13:15:52.004Z";"Schett, Matthias";"";"2292736170";"";"dtu";"2015";"";"";"";"";"thesis";"dtu|dtu_electronic|dtupub|dtupub_electronic";"";"";"";"";"";"";"";"";"";"";"";"";"";"Master of Science in Engineering|Master of Science in Transportation and Logistics|Transp. og logistik|kandidat";"Master of Science in Engineering|Master of Science in Transportation and Logistics|Transp. og logistik|kandidat";"Master of Science in Engineering|Master of Science in Transportation and Logistics|Transp. og logistik|kandidat";"und";"56d754b5bf19455102000625";"";"56d754b5bf19455102000625";"DTU Department of Transport";"sorbit";"sorbit";"Container Shuttle Train Feasibility in Denmark|Vurdering af pendultog til containertransport i Danmark"
"";"dtu|dtupub|third_party";"";"2022-01-03T13:15:24.594Z";"Vass, Balint";"";"2292735833";"";"dtu";"2015";"";"";"";"";"thesis";"dtu|dtu_electronic|dtupub|dtupub_electronic";"";"";"";"";"";"";"";"";"";"";"";"";"";"Bæredygtig energi|Master of Science in Engineering|Master of Science in Sustainable Energy|kandidat";"Bæredygtig energi|Master of Science in Engineering|Master of Science in Sustainable Energy|kandidat";"Bæredygtig energi|Master of Science in Engineering|Master of Science in Sustainable Energy|kandidat";"und";"56d754b3bf1945510200052d";"";"56d754b3bf1945510200052d";"DTU Department of Electrical Engineering";"sorbit";"sorbit";"Modelling the German secondary reserve market|Modellering af sekundært reserve market i Tyskland"
"";"dtu|dtupub|third_party";"";"2022-01-03T13:15:30.115Z";"Mohamad, Hassan";"";"2292737174";"";"dtu";"2015";"";"";"";"";"thesis";"dtu|dtu_electronic|dtupub|dtupub_electronic";"";"";"";"";"";"";"";"";"";"";"";"";"";"Byggetek.|Master of Science in Civil Engineering|Master of Science in Engineering|kandidat";"Byggetek.|Master of Science in Civil Engineering|Master of Science in Engineering|kandidat";"Byggetek.|Master of Science in Civil Engineering|Master of Science in Engineering|kandidat";"und";"56d754b9bf194551020008ee";"";"56d754b9bf194551020008ee";"DTU Department of Civil Engineering";"sorbit";"sorbit";"Comparison of Simulation-based Response Prediction to Wind Loading to full-scale Obervations on a High-rise Building|Comparison of simulation-based response prediction to wind loading to full-scale obervations on a high-rise building"
"";"dtu|dtupub|third_party";"";"2022-01-03T13:15:37.717Z";"Slaatto, Nicolai";"";"2292735770";"";"dtu";"2015";"";"";"";"";"thesis";"dtu|dtu_electronic|dtupub|dtupub_electronic";"";"";"";"";"";"";"";"";"";"";"";"";"";"Konst. og mekanik|Master of Science in Engineering|Master of Science in Engineering Design and Applied Mechanics|kandidat";"Konst. og mekanik|Master of Science in Engineering|Master of Science in Engineering Design and Applied Mechanics|kandidat";"Konst. og mekanik|Master of Science in Engineering|Master of Science in Engineering Design and Applied Mechanics|kandidat";"und";"56d754b3bf194551020004fd";"";"56d754b3bf194551020004fd";"DTU Department of Civil and Mechanical Engineering";"sorbit";"sorbit";"Hydrodynamic analysis of nozzle propeller in the behind ship condition|Hydrodynamisk analyse af dysepropeller bag skib"
"";"dtu|dtupub|third_party";"";"2022-01-03T13:10:49.553Z";"Jauho, Thomas Stenbæk";"";"2292737551";"";"dtu";"2015";"";"";"";"";"thesis";"dtu|dtu_electronic|dtupub|dtupub_electronic";"";"";"";"";"";"";"";"";"";"";"";"";"";"Fysik og nanotek.|Master of Science in Engineering|Master of Science in Physics and Nanotechnology|kandidat";"Fysik og nanotek.|Master of Science in Engineering|Master of Science in Physics and Nanotechnology|kandidat";"Fysik og nanotek.|Master of Science in Engineering|Master of Science in Physics and Nanotechnology|kandidat";"und";"56d754bbbf19455102000a2e";"";"56d754bbbf19455102000a2e";"DTU Department of Physics";"sorbit";"sorbit";"Advanced total energy calculations for metal-oxides|Avancerede total energi beregninger for metal-oxider"
"";"dtu|dtupub|third_party";"";"2022-01-03T13:14:51.028Z";"Skou, Jonas";"";"2292737546";"";"dtu";"2015";"";"";"";"";"thesis";"dtu|dtu_electronic|dtupub|dtupub_electronic";"";"";"";"";"";"";"";"";"";"";"";"";"";"Master of Science in Engineering|Master of Science in Engineering Management|Planl. innovation og led.|kandidat";"Master of Science in Engineering|Master of Science in Engineering Management|Planl. innovation og led.|kandidat";"Master of Science in Engineering|Master of Science in Engineering Management|Planl. innovation og led.|kandidat";"und";"56d754bbbf19455102000a2b";"";"56d754bbbf19455102000a2b";"DTU Department of Technology, Management and Economics";"sorbit";"sorbit";"Mixed Integer Programming for university timetabling|Heltals programmering til universitets skema optimering"
"";"dtu|dtupub|third_party";"";"2022-01-03T13:15:45.201Z";"Leon, Javier Gomez";"";"2292737006";"";"dtu";"2015";"";"";"";"";"thesis";"dtu|dtu_electronic|dtupub|dtupub_electronic";"";"";"";"";"";"";"";"";"";"";"";"";"";"Bæredygtig energi|Master of Science in Engineering|Master of Science in Sustainable Energy|kandidat";"Bæredygtig energi|Master of Science in Engineering|Master of Science in Sustainable Energy|kandidat";"Bæredygtig energi|Master of Science in Engineering|Master of Science in Sustainable Energy|kandidat";"und";"56d754b9bf1945510200085a";"";"56d754b9bf1945510200085a";"DTU Department of Civil Engineering";"sorbit";"sorbit";"Development and Analyses of a Water-based Radiative Heating and Cooling Ceiling for Nearly-zero Energy Building|Development and analyses of a water-based radiative heating and cooling ceiling for nearly-zero energy building"
"";"dtu|dtupub|third_party";"";"2022-01-03T13:15:27.417Z";"Ludwigsen, Michael Ankjær";"";"2292737323";"";"dtu";"2015";"";"";"";"";"thesis";"dtu|dtu_electronic|dtupub|dtupub_electronic";"";"";"";"";"";"";"";"";"";"";"";"";"";"Bygningsdesign|Master of Science in Engineering|Master og Science in Architectural Engineering|kandidat";"Bygningsdesign|Master of Science in Engineering|Master og Science in Architectural Engineering|kandidat";"Bygningsdesign|Master of Science in Engineering|Master og Science in Architectural Engineering|kandidat";"und";"56d754babf19455102000978";"";"56d754babf19455102000978";"DTU Department of Civil Engineering";"sorbit";"sorbit";"Design of a demountable Concrete Dome|Projektering af en adskillelig betonkuppel"
"";"dtu|dtupub|third_party";"";"2022-01-03T13:16:22.218Z";"Røjel, Nanna Sandager";"";"2305633423";"";"dtu";"2016";"";"";"";"";"thesis";"dtu|dtu_electronic|dtupub_external";"";"";"";"";"";"";"";"";"";"";"";"";"";"Bioteknologi|Master of Science in Biotechnology|Master of Science in Engineering|kandidat";"Bioteknologi|Master of Science in Biotechnology|Master of Science in Engineering|kandidat";"Bioteknologi|Master of Science in Biotechnology|Master of Science in Engineering|kandidat";"und";"575ea6e0e6f951534a00e957";"";"575ea6e0e6f951534a00e957";"DTU Department of Biotechnology and Biomedicine";"sorbit";"sorbit";"Bioactivity of plant biocontrol Bacillus|Bioaktivitet af plante-biokontrol Bacillus"
"";"dtu|dtupub|third_party";"";"2022-01-06T23:53:49.295Z";"Al-Obaidi, Rami Ali Abdallah";"";"2306781498";"";"dtu";"2016";"";"";"";"";"thesis";"dtu|dtu_electronic|dtupub|dtupub_electronic";"";"";"";"";"";"";"";"";"";"";"";"";"";"Master of Science in Engineering|Master of Science in Telecommunication|Telekom.|kandidat";"Master of Science in Engineering|Master of Science in Telecommunication|Telekom.|kandidat";"Master of Science in Engineering|Master of Science in Telecommunication|Telekom.|kandidat";"und";"5795f1916bbf232e70000adc";"";"5795f1916bbf232e70000adc";"DTU Department of Electrical and Photonics Engineering";"sorbit";"sorbit";"Next Generation Fronthaul networks|Næste generations Fronthaul-net"
"";"dtu|dtupub|third_party";"";"2022-01-03T13:16:39.146Z";"Laín, Quercus Hernández";"";"2306791744";"";"dtu";"2016";"";"";"";"";"thesis";"dtu|dtu_electronic|dtupub_external";"";"";"";"";"";"";"";"";"";"";"";"";"";"gæst udl.";"gæst udl.";"gæst udl.";"und";"579743da6bbf232e700010a0";"";"579743da6bbf232e700010a0";"DTU Department of Electrical Engineering";"sorbit";"sorbit";"Development of a new design of wheel module for a modular robot system|Udvikling af et nyt design af et hjul modul til et modulært robot system"
"";"dtu|dtupub|third_party";"";"2022-01-06T23:53:46.372Z";"Ryberg, Line Abildgaard";"";"2305633337";"";"dtu";"2016";"";"";"";"";"thesis";"dtu|dtu_electronic|dtupub_external";"";"";"";"";"";"";"";"";"";"";"";"";"";"Anvendt kemi|Master of Science in Advanced and Applied Chemistry|Master of Science in Engineering|kandidat";"Anvendt kemi|Master of Science in Advanced and Applied Chemistry|Master of Science in Engineering|kandidat";"Anvendt kemi|Master of Science in Advanced and Applied Chemistry|Master of Science in Engineering|kandidat";"und";"575ea5bfe6f951534a00dc62";"";"575ea5bfe6f951534a00dc62";"DTU Department of Chemistry";"sorbit";"sorbit";"Protein complexes studied by small-angle X-ray scattering and in-silico modeling|Proteinkomplekser studeret med røntgenspredning og in-silico modellering"
"";"dtu|dtupub|third_party";"";"2022-01-03T13:15:42.917Z";"Lopez, Marcos Garcia";"";"2292736348";"";"dtu";"2015";"";"";"";"";"thesis";"dtu|dtu_electronic|dtupub|dtupub_electronic";"";"";"";"";"";"";"";"";"";"";"";"";"";"Elektrotek.|Master of Science in Electrical Engineering|Master of Science in Engineering|kandidat";"Elektrotek.|Master of Science in Electrical Engineering|Master of Science in Engineering|kandidat";"Elektrotek.|Master of Science in Electrical Engineering|Master of Science in Engineering|kandidat";"und";"56d754b6bf1945510200068e";"";"56d754b6bf1945510200068e";"DTU Department of Electrical Engineering";"sorbit";"sorbit";"Robot arm interaction with Assembly Line|Interaktion mellem robotarm og samleband"
"";"dtu|dtupub|third_party";"";"2022-01-03T13:15:31.400Z";"Sørensen, Christian Nygaard";"";"2292737438";"";"dtu";"2015";"";"";"";"";"thesis";"dtu|dtu_electronic|dtupub|dtupub_electronic";"";"";"";"";"";"";"";"";"";"";"";"";"";"Bygningsdesign|Master of Science in Engineering|Master og Science in Architectural Engineering|kandidat";"Bygningsdesign|Master of Science in Engineering|Master og Science in Architectural Engineering|kandidat";"Bygningsdesign|Master of Science in Engineering|Master og Science in Architectural Engineering|kandidat";"und";"56d754babf194551020009c7";"";"56d754babf194551020009c7";"DTU Department of Technology, Management and Economics";"sorbit";"sorbit";"Parametric design of city development|Parametrisk design af by udvikling"
"";"dtu|dtupub|third_party";"";"2022-01-03T13:15:45.208Z";"Hansen, Nikolaj";"";"2292736084";"";"dtu";"2015";"";"";"";"";"thesis";"dtu|dtu_electronic|dtupub_external";"";"";"";"";"";"";"";"";"";"";"";"";"";"Bioteknologi|Master of Science in Biotechnology|Master of Science in Engineering|kandidat";"Bioteknologi|Master of Science in Biotechnology|Master of Science in Engineering|kandidat";"Bioteknologi|Master of Science in Biotechnology|Master of Science in Engineering|kandidat";"und";"56d754b5bf194551020005e6";"";"56d754b5bf194551020005e6";"DTU DTU National Food Institute";"sorbit";"sorbit";"Enzymatic optimisation of brewing adjuncts|Enzymatisk optimering af rafrugt i brygning"
"";"dtu|dtupub|third_party";"";"2022-01-06T23:53:30.521Z";"Vasilikos, Panagiotis";"";"2345898668";"";"dtu";"2016";"";"";"";"";"thesis";"dtu|dtu_electronic|dtupub|dtupub_electronic";"";"";"";"";"";"";"";"";"";"";"";"";"";"Informationstek.|Master of Science in Computer Science and Engineering|Master of Science in Engineering|kandidat";"Informationstek.|Master of Science in Computer Science and Engineering|Master of Science in Engineering|kandidat";"Informationstek.|Master of Science in Computer Science and Engineering|Master of Science in Engineering|kandidat";"und";"57e8ffbebf85a9107600004a";"";"57e8ffbebf85a9107600004a";"DTU Department of Applied Mathematics and Computer Science";"sorbit";"sorbit";"Static analysis for content dependent information flow control|Statisk analyse for kontext afhængig informations flow kontrol"
"";"dtu|dtupub|third_party";"";"2022-01-03T13:11:05.827Z";"Kanaporis, Mantas";"";"2292737853";"";"dtu";"2015";"";"";"";"";"thesis";"dtu|dtu_electronic|dtupub|dtupub_electronic";"";"";"";"";"";"";"";"";"";"";"";"";"";"Informationstek.|Master of Science in Computer Science and Engineering|Master of Science in Engineering|kandidat";"Informationstek.|Master of Science in Computer Science and Engineering|Master of Science in Engineering|kandidat";"Informationstek.|Master of Science in Computer Science and Engineering|Master of Science in Engineering|kandidat";"und";"56d754bcbf19455102000b56";"";"56d754bcbf19455102000b56";"DTU Department of Applied Mathematics and Computer Science";"sorbit";"sorbit";"Optimizing web extraction queries for robustness|Optimering af web-forespørgsler med hensyn til robusthed"
"";"dtu|dtupub|third_party";"";"2022-01-06T23:53:54.749Z";"Olsen, Anders Vinther";"";"2342523604";"";"dtu";"2016";"";"";"";"";"thesis";"dtu|dtu_electronic|dtupub_external";"";"";"";"";"";"";"";"";"";"";"";"";"";"Master of Science in Engineering|Master of Science in Medicine and Technology|Medicin og tek.|kandidat";"Master of Science in Engineering|Master of Science in Medicine and Technology|Medicin og tek.|kandidat";"Master of Science in Engineering|Master of Science in Medicine and Technology|Medicin og tek.|kandidat";"und";"57c80a3fabd78127210000c8";"";"57c80a3fabd78127210000c8";"DTU Department of Electrical Engineering";"sorbit";"sorbit";"Fully automatic narcolepsy classification using deep learning|Fuldautomatisk narkolepsi klassifikation vha. deep learning"
"";"dtu|dtupub|third_party";"";"2022-01-03T13:12:12.157Z";"Deaves, Michael";"";"2292735238";"";"dtu";"2015";"";"";"";"";"thesis";"dtu|dtu_electronic|dtupub|dtupub_electronic";"";"";"";"";"";"";"";"";"";"";"";"";"";"Master of Science in Engineering|Master of Science in Wind Energy|Vindenergi|kandidat";"Master of Science in Engineering|Master of Science in Wind Energy|Vindenergi|kandidat";"Master of Science in Engineering|Master of Science in Wind Energy|Vindenergi|kandidat";"und";"56d754afbf1945510200035c";"";"56d754afbf1945510200035c";"DTU Department of Wind and Energy Systems";"sorbit";"sorbit";"Validation of 3D Aerodynamic Models of Leading Edge Inflatable Kites (LEIK) Used for Power Generation|Validering af 3D Aerodynamikmodeller for Leading Edge Inflatable Kites (LEIK) til brug ved energiproduktion"
"";"dtu|dtupub|third_party";"";"2022-01-03T13:11:27.332Z";"Knudsen, Andreas Gjørtsvang";"";"2292737365";"";"dtu";"2015";"";"";"";"";"thesis";"dtu|dtu_electronic|dtupub|dtupub_electronic";"";"";"";"";"";"";"";"";"";"";"";"";"";"gæst dk";"gæst dk";"gæst dk";"und";"56d754babf19455102000994";"";"56d754babf19455102000994";"DTU National Veterinary Institute";"sorbit";"sorbit";"Influence of feeding supplementary IgG on diarrhoea, weight gain and serum IgG levels in dairy calves|Effekt af IgG supplement pa diarre, tilvækst og serum IgG niveauer i smakalve"
"";"dtu|dtupub|third_party";"";"2022-01-03T13:15:51.190Z";"Videbæk, Ejnar Erlang";"";"2292735696";"";"dtu";"2015";"";"";"";"";"thesis";"dtu|dtu_electronic|dtupub|dtupub_electronic";"";"";"";"";"";"";"";"";"";"";"";"";"";"";"";"";"und";"56d754b2bf194551020004c2";"";"56d754b2bf194551020004c2";"DTU Department of Electrical Engineering";"sorbit";"sorbit";"Investigation on implementation of acoustic demands in the early design phase of a building|Investigation on implementation of acoustic demands in the early design phase of a building"
"";"dtu|dtupub|third_party";"";"2022-01-03T13:15:18.934Z";"Zourellis, Andreas";"";"2292736504";"";"dtu";"2015";"";"";"";"";"thesis";"dtu|dtu_electronic|dtupub_external";"";"";"";"";"";"";"";"";"";"";"";"";"";"Bæredygtig energi|Master of Science in Engineering|Master of Science in Sustainable Energy|kandidat";"Bæredygtig energi|Master of Science in Engineering|Master of Science in Sustainable Energy|kandidat";"Bæredygtig energi|Master of Science in Engineering|Master of Science in Sustainable Energy|kandidat";"und";"56d754b7bf194551020006e4";"";"56d754b7bf194551020006e4";"DTU Department of Civil Engineering";"sorbit";"sorbit";"Control of Large Scale Thermal Solar Fields on District Heating Plants|Styrestrategi af store solfangerfelter for solvarmecentraler"
"";"dtu|dtupub|third_party";"";"2022-01-03T13:15:56.010Z";"Skov, Christian";"";"2305633468";"";"dtu";"2016";"";"";"";"";"thesis";"dtu|dtu_electronic|dtupub|dtupub_electronic";"";"";"";"";"";"";"";"";"";"";"";"";"";"Master of Science in Engineering|Master of Science in Transportation and Logistics|Transp. og logistik|kandidat";"Master of Science in Engineering|Master of Science in Transportation and Logistics|Transp. og logistik|kandidat";"Master of Science in Engineering|Master of Science in Transportation and Logistics|Transp. og logistik|kandidat";"und";"575ea76ee6f951534a00f000";"";"575ea76ee6f951534a00f000";"DTU Department of Transport";"sorbit";"sorbit";"Safety of cyclists and behavior|Cyklistsikkerhed og adfærd"
"In this research, the objective is to find out what is the current state of Industrial internet and IoT standardization. The study results show that standardization plays a key role in Industrial internet and IoT as it contributes to interoperability, compatibility, reliability, security and effective operations between heterogeneous technical solutions globally. Therefore collaboration among various organizations is important and needed.";"dtu|dtupub";"VTT (former employee or external)";"2022-03-28T07:13:32.391Z";"Muhonen, Tiia";"";"2708546398";"";"dtu";"2015";"";"";"";"";"thesis";"dtu|dtu_electronic|dtupub|dtupub_electronic";"";"";"";"";"";"";"";"";"";"";"";"";"";"Internet of Things|M2M|condition-based maintenance|industrial internet|standardization";"Internet of Things|M2M|condition-based maintenance|industrial internet|standardization";"Internet of Things|M2M|condition-based maintenance|industrial internet|standardization";"eng";"6231fa07579319b6f3fae4f5";"";"6231fa07579319b6f3fae4f5";"University of Oulu";"vtt";"vtt";"Standardization of industrial internet and IoT (IoT-Internet of Things)"
"";"dtu|dtupub|third_party";"";"2022-01-03T13:13:00.542Z";"Jørgensen, Marie Østergaard";"";"2347719063";"";"dtu";"2016";"";"";"";"";"thesis";"dtu|dtu_electronic|dtupub|dtupub_electronic";"";"";"";"";"";"";"";"";"";"";"";"";"";"gæst dk";"gæst dk";"gæst dk";"und";"580c98480eaf79e53f0000b5";"";"580c98480eaf79e53f0000b5";"DTU DTU National Food Institute";"sorbit";"sorbit";"Prediction of Listeria monocytogenes growth in dairy products|Listeria monocytogenes – forudsigelse af vækst i mejeriprodukter"
"";"dtu|dtupub|third_party";"";"2022-01-03T13:11:42.282Z";"Jensen, Aslak Clarke";"";"2292737000";"";"dtu";"2015";"";"";"";"";"thesis";"dtu|dtu_electronic|dtupub|dtupub_electronic";"";"";"";"";"";"";"";"";"";"";"";"";"";"Byggetek.|Master of Science in Civil Engineering|Master of Science in Engineering|kandidat";"Byggetek.|Master of Science in Civil Engineering|Master of Science in Engineering|kandidat";"Byggetek.|Master of Science in Civil Engineering|Master of Science in Engineering|kandidat";"und";"56d754b9bf19455102000853";"";"56d754b9bf19455102000853";"DTU Department of Civil Engineering";"sorbit";"sorbit";"Development of an Efficient Structural System for Buildings of Glass Fibre Reinforced Polymer|Udvikling af et effektivt konstruktivt system til byggeri i glasfiberarmeret polymer"
"";"dtu|dtupub|third_party";"";"2022-01-03T13:15:51.192Z";"Ettrup, Kim Louise";"";"2292736177";"";"dtu";"2015";"";"";"";"";"thesis";"dtu|dtu_electronic|dtupub|dtupub_electronic";"";"";"";"";"";"";"";"";"";"";"";"";"";"Master of Science in Engineering|Master of Science in Environmental Engineering|Miljøteknologi|kandidat";"Master of Science in Engineering|Master of Science in Environmental Engineering|Miljøteknologi|kandidat";"Master of Science in Engineering|Master of Science in Environmental Engineering|Miljøteknologi|kandidat";"und";"56d754b5bf1945510200062c";"";"56d754b5bf1945510200062c";"DTU Department of Technology, Management and Economics";"sorbit";"sorbit";"Life cycle assessment applied to nanomaterials: Case study of a sunscreen containing TiO2 nanoparticles|Livscyklusvurdering af nanomaterialer: Et casestudie af solcreme indeholdende TiO2 nanopartikler"
"";"dtu|dtupub|third_party";"";"2022-01-03T13:11:46.743Z";"Papathoma, Christofilina";"";"2292735769";"";"dtu";"2015";"";"";"";"";"thesis";"dtu|dtu_electronic|dtupub|dtupub_electronic";"";"";"";"";"";"";"";"";"";"";"";"";"";"Master of Science in Engineering|Master of Science in Wind Energy|Vindenergi|kandidat";"Master of Science in Engineering|Master of Science in Wind Energy|Vindenergi|kandidat";"Master of Science in Engineering|Master of Science in Wind Energy|Vindenergi|kandidat";"und";"56d754b3bf194551020004fc";"";"56d754b3bf194551020004fc";"DTU Department of Wind and Energy Systems";"sorbit";"sorbit";"Design and analysis of nacelle bedframe for the DTU 10MW reference turbine|Design og analyse af nacelle bundramme til DTU 10MW referencemøllen"
"";"dtu|dtupub|third_party";"";"2022-01-03T13:12:39.173Z";"Pedersen, Jonas Thor";"";"2292733996";"";"dtu";"2016";"";"";"";"";"thesis";"dtu|dtu_electronic|dtupub|dtupub_electronic";"";"";"";"";"";"";"";"";"";"";"";"";"";"Master of Science in Engineering|Master of Science in Mathematical Modelling and Computation|Mat. modellering|kandidat";"Master of Science in Engineering|Master of Science in Mathematical Modelling and Computation|Mat. modellering|kandidat";"Master of Science in Engineering|Master of Science in Mathematical Modelling and Computation|Mat. modellering|kandidat";"und";"56d754a8bf19455102000012";"";"56d754a8bf19455102000012";"DTU National Institute of Aquatic Resources";"sorbit";"sorbit";"Determinants of group formation on animals on the move|Determinants of group formation on animals on the move"
"";"dtu|dtupub|third_party";"";"2022-01-03T13:12:47.364Z";"Christiansen, Christian Holm";"";"2292734043";"";"dtu";"2016";"";"";"";"";"thesis";"dtu|dtu_electronic|dtupub|dtupub_electronic";"";"";"";"";"";"";"";"";"";"";"";"";"";"Master of Science in Engineering|Master of Science in Engineering Management|Planl. innovation og led.|kandidat";"Master of Science in Engineering|Master of Science in Engineering Management|Planl. innovation og led.|kandidat";"Master of Science in Engineering|Master of Science in Engineering Management|Planl. innovation og led.|kandidat";"und";"56d754a8bf1945510200003e";"";"56d754a8bf1945510200003e";"DTU Department of Technology, Management and Economics";"sorbit";"sorbit";"The state of project management|Status pa projektledelse"
"";"dtu|dtupub|third_party";"";"2022-01-03T13:12:47.060Z";"Cesari, Simone";"";"2305633504";"";"dtu";"2016";"";"";"";"";"thesis";"dtu|dtu_electronic|dtupub|dtupub_electronic";"";"";"";"";"";"";"";"";"";"";"";"";"";"gæst udl.";"gæst udl.";"gæst udl.";"und";"575ea7a7e6f951534a00f27b";"";"575ea7a7e6f951534a00f27b";"DTU Department of Civil and Mechanical Engineering";"sorbit";"sorbit";"Design of a wet indirectly fired gas turbine integrated with an organic Rankine cycle unit for combined heat and power production|Design af en eksternt fyret gasturbine integreret med en organic Rankine cycle enhed til kraftvarme-produktion"
"";"dtu|dtupub|third_party";"";"2022-01-03T13:16:27.270Z";"Nielsen, Nicolaj Østergaard";"";"2305633523";"";"dtu";"2016";"";"";"";"";"thesis";"dtu|dtu_electronic|dtupub|dtupub_electronic";"";"";"";"";"";"";"";"";"";"";"";"";"";"Akustisk tek.|Master of Science in Engineering|Master of Science in Engineering Acoustics|kandidat";"Akustisk tek.|Master of Science in Engineering|Master of Science in Engineering Acoustics|kandidat";"Akustisk tek.|Master of Science in Engineering|Master of Science in Engineering Acoustics|kandidat";"und";"575ea7bee6f951534a00f384";"";"575ea7bee6f951534a00f384";"DTU Department of Electrical Engineering";"sorbit";"sorbit";"Evaluation of acoustic comfort in restaurants|Evaluering af akustisk komfort i restauranter"
"";"dtu|dtupub|third_party";"";"2022-01-06T23:53:41.536Z";"Pedersen, Rasmus Bo Bramstoft";"";"2305633491";"";"dtu";"2016";"";"";"";"";"thesis";"dtu|dtu_electronic|dtupub|dtupub_electronic";"";"";"";"";"";"";"";"";"";"";"";"";"";"Bæredygtig energi|Master of Science in Engineering|Master of Science in Sustainable Energy|kandidat";"Bæredygtig energi|Master of Science in Engineering|Master of Science in Sustainable Energy|kandidat";"Bæredygtig energi|Master of Science in Engineering|Master of Science in Sustainable Energy|kandidat";"und";"575ea795e6f951534a00f1b2";"";"575ea795e6f951534a00f1b2";"DTU Department of Technology, Management and Economics";"sorbit";"sorbit";"Modelling the Future Nordic Energy System with a High Penetration of Renewable Energy Sources|Modellering af Fremtidens Nordiske Energisystem med Høj Andel af Vedvarende Energi"
"";"dtu|dtupub|third_party";"";"2022-01-03T13:12:56.981Z";"Skurichinas, Saimonas";"";"2306320489";"";"dtu";"2016";"";"";"";"";"thesis";"dtu|dtu_electronic|dtupub_external";"";"";"";"";"";"";"";"";"";"";"";"";"";"Byggetek.|Master of Science in Civil Engineering|Master of Science in Engineering|kandidat";"Byggetek.|Master of Science in Civil Engineering|Master of Science in Engineering|kandidat";"Byggetek.|Master of Science in Civil Engineering|Master of Science in Engineering|kandidat";"und";"577b934f37562d157a0001e3";"";"577b934f37562d157a0001e3";"DTU Department of Technology, Management and Economics";"sorbit";"sorbit";"Urban nutrient cycles and sinks in the City of Copenhagen|Urbane næringsstof-cyklusser og depoter i København"
"";"dtu|dtupub|third_party";"";"2022-01-06T23:53:49.317Z";"Bloch, Samuel Olivier";"";"2306791646";"";"dtu";"2016";"";"";"";"";"thesis";"dtu|dtu_electronic|dtupub|dtupub_electronic";"";"";"";"";"";"";"";"";"";"";"";"";"";"Master of Science in Engineering|Master of Science in Environmental Engineering|Miljøteknologi|kandidat";"Master of Science in Engineering|Master of Science in Environmental Engineering|Miljøteknologi|kandidat";"Master of Science in Engineering|Master of Science in Environmental Engineering|Miljøteknologi|kandidat";"und";"579743996bbf232e70000ed7";"";"579743996bbf232e70000ed7";"DTU Department of Environmental and Resource Engineering";"sorbit";"sorbit";"Towards an operational Global Ecosystem restoration index (GERI) from satellite data: Resilience from time series analysis|Mod et operationelt globalt økosystem restaurering indeks (GERI) fra satellitdata: Modstandskraft fra tidsserie-analyse"
"";"dtu|dtupub|third_party";"";"2022-01-03T13:07:21.565Z";"Matthiesen, Marc Østvand";"";"2306791693";"";"dtu";"2016";"";"";"";"";"thesis";"dtu|dtu_electronic|dtupub_external";"";"";"";"";"";"";"";"";"";"";"";"";"";"Elektrotek.|Master of Science in Electrical Engineering|Master of Science in Engineering|kandidat";"Elektrotek.|Master of Science in Electrical Engineering|Master of Science in Engineering|kandidat";"Elektrotek.|Master of Science in Electrical Engineering|Master of Science in Engineering|kandidat";"und";"579743a96bbf232e70000f36";"";"579743a96bbf232e70000f36";"DTU Department of Electrical Engineering";"sorbit";"sorbit";"Measurement System for High Frequency Characteristics of Magnetic Devices|Automatiseret malesystem til højfrekvens karakterisering of magnetiske komponenter"
"";"dtu|dtupub|third_party";"";"2022-01-06T23:53:38.378Z";"Ormstrup, Jeppe";"";"2347719054";"";"dtu";"2016";"";"";"";"";"thesis";"dtu|dtu_electronic|dtupub|dtupub_electronic";"";"";"";"";"";"";"";"";"";"";"";"";"";"Master of Science in Engineering|Master of Science in Materials and Manufacturing Engineering|Materialetek.|kandidat";"Master of Science in Engineering|Master of Science in Materials and Manufacturing Engineering|Materialetek.|kandidat";"Master of Science in Engineering|Master of Science in Materials and Manufacturing Engineering|Materialetek.|kandidat";"und";"580c98450eaf79e53f000099";"";"580c98450eaf79e53f000099";"DTU Department of Physics";"sorbit";"sorbit";"In situ TEM and x-ray nano tomography of anode materials in batteries|In situ TEM og Røntgen nanotomografi af anodematerialer i batterier"
"";"dtu|dtupub|third_party";"";"2022-01-03T13:16:39.752Z";"Obeid, Elias Khazen|Hansen, Jonas Meinertz";"";"2328005847";"";"dtu";"2016";"";"";"";"";"thesis";"dtu|dtu_electronic|dtupub|dtupub_electronic";"";"";"";"";"";"";"";"";"";"";"";"";"";"Informationstek.|Master of Science in Computer Science and Engineering|Master of Science in Engineering|Master of Science in Mathematical Modelling and Computation|Mat. modellering|kandidat";"Informationstek.|Master of Science in Computer Science and Engineering|Master of Science in Engineering|Master of Science in Mathematical Modelling and Computation|Mat. modellering|kandidat";"Informationstek.|Master of Science in Computer Science and Engineering|Master of Science in Engineering|Master of Science in Mathematical Modelling and Computation|Mat. modellering|kandidat";"und";"57b2f26c272bfcc23000015c";"";"57b2f26c272bfcc23000015c";"DTU Department of Applied Mathematics and Computer Science";"sorbit";"sorbit";"Character-level semi-supervised machine translation|Karakterniveau semi-superviseret maskinoversættelse"
"";"dtu|dtupub|third_party";"";"2022-01-03T13:16:41.223Z";"Kongshaug, Andreas Sikker";"";"2350348579";"";"dtu";"2016";"";"";"";"";"thesis";"dtu|dtu_electronic|dtupub|dtupub_electronic";"";"";"";"";"";"";"";"";"";"";"";"";"";"Digitale medietek.|Master of Science in Digital Media Engineering|Master of Science in Engineering|kandidat";"Digitale medietek.|Master of Science in Digital Media Engineering|Master of Science in Engineering|kandidat";"Digitale medietek.|Master of Science in Digital Media Engineering|Master of Science in Engineering|kandidat";"und";"5868ef54517181c45e00003b";"";"5868ef54517181c45e00003b";"DTU Department of Applied Mathematics and Computer Science";"sorbit";"sorbit";"Complementary multi-device app design intended to actively involve heart-failure patients in the treatment|Komplementært multi-device app design med det formal at integrere hjertesvigt-patienter aktivt i behandlingen"
"";"dtu|dtupub|third_party";"";"2022-01-03T13:16:12.200Z";"Liakopoulou, Zoi";"";"2292735448";"";"dtu";"2015";"";"";"";"";"thesis";"dtu|dtu_electronic|dtupub|dtupub_electronic";"";"";"";"";"";"";"";"";"";"";"";"";"";"Master of Science in Engineering|Master of Science in Environmental Engineering|Miljøteknologi|kandidat";"Master of Science in Engineering|Master of Science in Environmental Engineering|Miljøteknologi|kandidat";"Master of Science in Engineering|Master of Science in Environmental Engineering|Miljøteknologi|kandidat";"und";"56d754b0bf194551020003d3";"";"56d754b0bf194551020003d3";"DTU Department of Environmental and Resource Engineering";"sorbit";"sorbit";"Experimental assessments to analyse performance of a full-scale BioDenipho WWTP and calibration of a BioDenipho process model|Eksperimentelle evalueringer for at analysere resultater af et fuldskala BioDenipho Renseanlæg og kalibrering af en BioDenipho procesmodel"
"";"dtu|dtupub|third_party";"";"2022-01-03T13:15:23.646Z";"Yekta, Maryam Samaie";"";"2292737601";"";"dtu";"2015";"";"";"";"";"thesis";"dtu|dtu_electronic|dtupub_external";"";"";"";"";"";"";"";"";"";"";"";"";"";"Fotonik|Master of Science in Engineering|Master of Science in Photonics Engineering|kandidat";"Fotonik|Master of Science in Engineering|Master of Science in Photonics Engineering|kandidat";"Fotonik|Master of Science in Engineering|Master of Science in Photonics Engineering|kandidat";"und";"56d754bbbf19455102000a63";"";"56d754bbbf19455102000a63";"DTU Department of Electrical and Photonics Engineering";"sorbit";"sorbit";"Off-axis electron holography study of semiconductor nanostructures for photovoltaic applications|'Off-axis' elektron holografi studie af halvleder nanostrukturer til solcelle anvendelser"
"";"dtu|dtupub|third_party";"";"2022-01-03T13:16:19.756Z";"Kovalovszki, Adam";"";"2292734058";"";"dtu";"2016";"";"";"";"";"thesis";"dtu|dtu_electronic|dtupub|dtupub_electronic";"";"";"";"";"";"";"";"";"";"";"";"";"";"Bæredygtig energi|Master of Science in Engineering|Master of Science in Sustainable Energy|kandidat";"Bæredygtig energi|Master of Science in Engineering|Master of Science in Sustainable Energy|kandidat";"Bæredygtig energi|Master of Science in Engineering|Master of Science in Sustainable Energy|kandidat";"und";"56d754a8bf1945510200004b";"";"56d754a8bf1945510200004b";"DTU Department of Environmental and Resource Engineering";"sorbit";"sorbit";"Modelling of a biogas process under full-scale operation|Modellering af biogas proces under fuldt-skala anlæg."
"";"dtu|dtupub|third_party";"";"2022-01-03T13:16:18.351Z";"Latipov, Rifnur";"";"2292734343";"";"dtu";"2016";"";"";"";"";"thesis";"dtu|dtu_electronic|dtupub_external";"";"";"";"";"";"";"";"";"";"";"";"";"";"Kemisk/biokemisk tek.|Master of Science in Chemical and Biochemical Engineering|Master of Science in Engineering|kandidat";"Kemisk/biokemisk tek.|Master of Science in Chemical and Biochemical Engineering|Master of Science in Engineering|kandidat";"Kemisk/biokemisk tek.|Master of Science in Chemical and Biochemical Engineering|Master of Science in Engineering|kandidat";"und";"56d754aabf194551020000fe";"";"56d754aabf194551020000fe";"DTU Department of Chemical and Biochemical Engineering";"sorbit";"sorbit";"Characterization of PEO-based copolymers' behaviour and stability in fouling-release coatings|Karakterisering af opførsel og stabilitet af PEO-baserede co-polymerer i fouling release coatings"
"";"dtu|dtupub|third_party";"";"2022-01-03T13:15:57.236Z";"Yildirim, Ahmet";"";"2292735327";"";"dtu";"2015";"";"";"";"";"thesis";"dtu|dtu_electronic|dtupub|dtupub_electronic";"";"";"";"";"";"";"";"";"";"";"";"";"";"Informationstek.|Master of Science in Computer Science and Engineering|Master of Science in Engineering|kandidat";"Informationstek.|Master of Science in Computer Science and Engineering|Master of Science in Engineering|kandidat";"Informationstek.|Master of Science in Computer Science and Engineering|Master of Science in Engineering|kandidat";"und";"56d754b0bf19455102000392";"";"56d754b0bf19455102000392";"DTU Department of Applied Mathematics and Computer Science";"sorbit";"sorbit";"Smart Grid monitoring and diagnostics aggregator with visualization|Smart Grid monitorering og diagnosticering aggregator med visualisering."
"";"dtu|dtupub|third_party";"";"2022-01-03T13:15:43.177Z";"Schmidt, Jeppe Lunde";"";"2292737363";"";"dtu";"2015";"";"";"";"";"thesis";"dtu|dtu_electronic|dtupub_external";"";"";"";"";"";"";"";"";"";"";"";"";"";"Anvendt kemi|Master of Science in Advanced and Applied Chemistry|Master of Science in Engineering|kandidat";"Anvendt kemi|Master of Science in Advanced and Applied Chemistry|Master of Science in Engineering|kandidat";"Anvendt kemi|Master of Science in Advanced and Applied Chemistry|Master of Science in Engineering|kandidat";"und";"56d754babf19455102000992";"";"56d754babf19455102000992";"DTU Department of Chemistry";"sorbit";"sorbit";"Bimetallic zeolite materials for deNOx aftertreatment systems|Bimetalliske zeolitmaterialer til deNOx af udstødningsgasser"
"";"dtu|dtupub|third_party";"";"2022-01-03T13:15:27.420Z";"Nielsen, Trine Nørgaard";"";"2292737219";"";"dtu";"2015";"";"";"";"";"thesis";"dtu|dtu_electronic|dtupub_external";"";"";"";"";"";"";"";"";"";"";"";"";"";"Master of Science in Engineering|Master of Science in Medicine and Technology|Medicin og tek.|kandidat";"Master of Science in Engineering|Master of Science in Medicine and Technology|Medicin og tek.|kandidat";"Master of Science in Engineering|Master of Science in Medicine and Technology|Medicin og tek.|kandidat";"und";"56d754babf1945510200091a";"";"56d754babf1945510200091a";"DTU Department of Applied Mathematics and Computer Science";"sorbit";"sorbit";"Modelling event related human brain oscillations using machine learning methods|Modellering af event relaterede hjernebølger med machine learning metoder"
"";"dtu|dtupub|third_party";"";"2022-01-03T13:09:06.836Z";"Hansen, Emil Keinicke";"";"2292737423";"";"dtu";"2015";"";"";"";"";"thesis";"dtu|dtu_electronic|dtupub|dtupub_electronic";"";"";"";"";"";"";"";"";"";"";"";"";"";"Elektrotek.|Master of Science in Electrical Engineering|Master of Science in Engineering|kandidat";"Elektrotek.|Master of Science in Electrical Engineering|Master of Science in Engineering|kandidat";"Elektrotek.|Master of Science in Electrical Engineering|Master of Science in Engineering|kandidat";"und";"56d754babf194551020009ba";"";"56d754babf194551020009ba";"DTU Department of Electrical Engineering";"sorbit";"sorbit";"Optimal Particle Filter for Industrial Mobile Robots|Optimalt partikelfilter til industrielle mobile robotter"
"";"dtu|dtupub|third_party";"";"2022-01-03T13:15:23.371Z";"Madsen, Nils Gedsig Kirkelund";"";"2292737527";"";"dtu";"2015";"";"";"";"";"thesis";"dtu|dtu_electronic|dtupub|dtupub_electronic";"";"";"";"";"";"";"";"";"";"";"";"";"";"Bioteknologi|Master of Science in Biotechnology|Master of Science in Engineering|kandidat";"Bioteknologi|Master of Science in Biotechnology|Master of Science in Engineering|kandidat";"Bioteknologi|Master of Science in Biotechnology|Master of Science in Engineering|kandidat";"und";"56d754bbbf19455102000a19";"";"56d754bbbf19455102000a19";"DTU Department of Biotechnology and Biomedicine";"sorbit";"sorbit";"Genetic and chemical dissection of sorbicillinoid biosynthesis in Trichoderma reesei|Genetisk og kemisk dissekering af sorbicillinoid biosyntesen i Trichoderma reesei"
"";"dtu|dtupub|third_party";"";"2022-01-03T13:16:02.716Z";"Bisgaard, Helene Nao Sophie";"";"2292735338";"";"dtu";"2015";"";"";"";"";"thesis";"dtu|dtu_electronic|dtupub|dtupub_electronic";"";"";"";"";"";"";"";"";"";"";"";"";"";"Bioteknologi|Master of Science in Biotechnology|Master of Science in Engineering|kandidat";"Bioteknologi|Master of Science in Biotechnology|Master of Science in Engineering|kandidat";"Bioteknologi|Master of Science in Biotechnology|Master of Science in Engineering|kandidat";"und";"56d754b0bf1945510200039e";"";"56d754b0bf1945510200039e";"DTU Department of Environmental and Resource Engineering";"sorbit";"sorbit";"Molecular quantification of bacteria related to nitrification in rapid sand filters|Molekulaere kvantifikation af bakterier relateret til nitrifikation i hurtig sandfiltre"
"";"dtu|dtupub|third_party";"";"2022-01-11T08:43:35.336Z";"Pedersen, Minik Lange";"";"2306789434";"";"dtu";"2016";"";"";"";"";"thesis";"dtu|dtu_electronic|dtupub|dtupub_electronic";"";"";"";"";"";"";"";"";"";"";"";"";"";"Byggetek.|Master of Science in Civil Engineering|Master of Science in Engineering|kandidat";"Byggetek.|Master of Science in Civil Engineering|Master of Science in Engineering|kandidat";"Byggetek.|Master of Science in Civil Engineering|Master of Science in Engineering|kandidat";"und";"5797436a6bbf232e70000dd9";"";"5797436a6bbf232e70000dd9";"DTU Department of Civil Engineering";"sorbit";"sorbit";"Clarification of the possibilities of using timber as bearing structure in multi-storey building in Greenland|Afklaring af mulighederne for at anvende træ som konstruktionsmateriale til fleretagers byggeri i Grønland"
"";"dtu|dtupub|third_party";"";"2022-01-03T13:09:25.376Z";"Colom, Mireia Solà";"";"2306921145";"";"dtu";"2016";"";"";"";"";"thesis";"dtu|dtu_electronic|dtupub_external";"";"";"";"";"";"";"";"";"";"";"";"";"";"Farmateknologi|Master of Science in Engineering|Master of Science in Pharmaceutical Design and Engineering|kandidat";"Farmateknologi|Master of Science in Engineering|Master of Science in Pharmaceutical Design and Engineering|kandidat";"Farmateknologi|Master of Science in Engineering|Master of Science in Pharmaceutical Design and Engineering|kandidat";"und";"579dda426bbf232e700014a0";"";"579dda426bbf232e700014a0";"DTU National Veterinary Institute";"sorbit";"sorbit";"Development of an antibody-based diagnostic test for Dengue virus|Udvikling af antistofbaseret diagnostisk test for Dengue virus"
"";"dtu|dtupub|third_party";"";"2022-01-03T13:16:26.429Z";"Jensen, Jakob Rahr Bork|Sørensen, Mads Skøtt";"";"2305633505";"";"dtu";"2016";"";"";"";"";"thesis";"dtu|dtu_electronic|dtupub_external";"";"";"";"";"";"";"";"";"";"";"";"";"";"Master of Science in Engineering|Master of Science in Engineering Management|Planl. innovation og led.|kandidat";"Master of Science in Engineering|Master of Science in Engineering Management|Planl. innovation og led.|kandidat";"Master of Science in Engineering|Master of Science in Engineering Management|Planl. innovation og led.|kandidat";"und";"575ea7a7e6f951534a00f27c";"";"575ea7a7e6f951534a00f27c";"DTU Department of Technology, Management and Economics";"sorbit";"sorbit";"Combined Train Platform and Shunting Optimization|Kombineret perron- og rangeringsoptimering"
"";"dtu|dtupub|third_party";"";"2022-01-03T13:07:31.880Z";"Lillelund, Steen Schneidermann";"";"2306789264";"";"dtu";"2016";"";"";"";"";"thesis";"dtu|dtu_electronic|dtupub|dtupub_electronic";"";"";"";"";"";"";"";"";"";"";"";"";"";"Master of Science in Engineering|Master of Science in Medicine and Technology|Medicin og tek.|kandidat";"Master of Science in Engineering|Master of Science in Medicine and Technology|Medicin og tek.|kandidat";"Master of Science in Engineering|Master of Science in Medicine and Technology|Medicin og tek.|kandidat";"und";"579743646bbf232e70000dc1";"";"579743646bbf232e70000dc1";"DTU Department of Electrical Engineering";"sorbit";"sorbit";"Cell interaction with nanostructured substrates|Celleinteraktion i substrater med nanostruktur"
"";"dtu|dtupub|third_party";"";"2022-01-06T23:53:27.751Z";"Gadeberg, Matias Normann";"";"2307357272";"";"dtu";"2016";"";"";"";"";"thesis";"dtu|dtu_electronic|dtupub_external";"";"";"";"";"";"";"";"";"";"";"";"";"";"Kemisk/biokemisk tek.|Master of Science in Chemical and Biochemical Engineering|Master of Science in Engineering|kandidat";"Kemisk/biokemisk tek.|Master of Science in Chemical and Biochemical Engineering|Master of Science in Engineering|kandidat";"Kemisk/biokemisk tek.|Master of Science in Chemical and Biochemical Engineering|Master of Science in Engineering|kandidat";"und";"57a9b7c43fec415c3b00005e";"";"57a9b7c43fec415c3b00005e";"DTU Department of Chemical and Biochemical Engineering";"sorbit";"sorbit";"Development of model predictive control for falling film evaporators|Design af MPC styring for faldstrømsinddampere"
"";"dtu|dtupub|third_party";"";"2022-01-06T23:53:54.792Z";"Gonzalez, Alejandro Mata";"";"2328003962";"";"dtu";"2016";"";"";"";"";"thesis";"dtu|dtu_electronic|dtupub|dtupub_electronic";"";"";"";"";"";"";"";"";"";"";"";"";"";"Bygningsdesign|Master of Science in Engineering|Master og Science in Architectural Engineering|kandidat";"Bygningsdesign|Master of Science in Engineering|Master og Science in Architectural Engineering|kandidat";"Bygningsdesign|Master of Science in Engineering|Master og Science in Architectural Engineering|kandidat";"und";"57b2f241272bfcc23000001a";"";"57b2f241272bfcc23000001a";"DTU Department of Civil Engineering";"sorbit";"sorbit";"Analysis of the HVAC design process by using BIM|Analyse af projekteringsprocessen af bygningsinstallationer gennem brug af BIM"
"";"dtu|dtupub|third_party";"";"2022-01-03T13:12:08.981Z";"Andersen, Daniel Kolling";"";"2292734799";"";"dtu";"2016";"";"";"";"";"thesis";"dtu|dtu_electronic|dtupub|dtupub_electronic";"";"";"";"";"";"";"";"";"";"";"";"";"";"Bygningsdesign|Master of Science in Engineering|Master og Science in Architectural Engineering|kandidat";"Bygningsdesign|Master of Science in Engineering|Master og Science in Architectural Engineering|kandidat";"Bygningsdesign|Master of Science in Engineering|Master og Science in Architectural Engineering|kandidat";"und";"56d754adbf1945510200023e";"";"56d754adbf1945510200023e";"DTU Department of Civil Engineering";"sorbit";"sorbit";"Computational and Parametric Design for Irregular Column Distribution|Computational og Parametrisk Design til Irregulær Søjlefordeling"
"";"dtu|dtupub|third_party";"";"2022-01-03T13:12:26.984Z";"Jacobsen, Andreas Rothemejer";"";"2305633379";"";"dtu";"2016";"";"";"";"";"thesis";"dtu|dtu_electronic|dtupub|dtupub_electronic";"";"";"";"";"";"";"";"";"";"";"";"";"";"Master of Science in Engineering|Master of science in Bioinformatics and Systems Biology|Systembiologi|kandidat";"Master of Science in Engineering|Master of science in Bioinformatics and Systems Biology|Systembiologi|kandidat";"Master of Science in Engineering|Master of science in Bioinformatics and Systems Biology|Systembiologi|kandidat";"und";"575ea674e6f951534a00e436";"";"575ea674e6f951534a00e436";"DTU Department of Biotechnology and Biomedicine";"sorbit";"sorbit";"Characterization of molecular interactions between bacterial pathogens|Karakterisering af molekylære interaktioner mellem patogene bakterier"
"";"dtu|dtupub|third_party";"";"2022-01-03T13:15:31.733Z";"Hansen, Mark Paw";"";"2292737241";"";"dtu";"2015";"";"";"";"";"thesis";"dtu|dtu_electronic|dtupub|dtupub_electronic";"";"";"";"";"";"";"";"";"";"";"";"";"";"Elektrotek.|Master of Science in Electrical Engineering|Master of Science in Engineering|kandidat";"Elektrotek.|Master of Science in Electrical Engineering|Master of Science in Engineering|kandidat";"Elektrotek.|Master of Science in Electrical Engineering|Master of Science in Engineering|kandidat";"und";"56d754babf1945510200092e";"";"56d754babf1945510200092e";"DTU Department of Electrical Engineering";"sorbit";"sorbit";"Haptic sensor based navigation for autonomous legged robot|Haptisk sensor baseret navigation af autonom gaende robot"
"";"dtu|dtupub|third_party";"";"2022-01-03T13:12:30.119Z";"Hendriksen, Martin Sandqvist";"";"2305633410";"";"dtu";"2016";"";"";"";"";"thesis";"dtu|dtu_electronic|dtupub|dtupub_electronic";"";"";"";"";"";"";"";"";"";"";"";"";"";"Master of Science in Engineering|Master of Science in Mathematical Modelling and Computation|Mat. modellering|kandidat";"Master of Science in Engineering|Master of Science in Mathematical Modelling and Computation|Mat. modellering|kandidat";"Master of Science in Engineering|Master of Science in Mathematical Modelling and Computation|Mat. modellering|kandidat";"und";"575ea6c4e6f951534a00e7e7";"";"575ea6c4e6f951534a00e7e7";"DTU Department of Technology, Management and Economics";"sorbit";"sorbit";"Optimization of Utility Network Design using Metaheuristics|Metaheuristikker til optimering af infrastruktur netværk"
"";"dtu|dtupub|third_party";"";"2022-01-06T23:53:26.943Z";"Sorlea, Bogdan Ioan";"";"2307020172";"";"dtu";"2016";"";"";"";"";"thesis";"dtu|dtu_electronic|dtupub|dtupub_electronic";"";"";"";"";"";"";"";"";"";"";"";"";"";"Informationstek.|Master of Science in Computer Science and Engineering|Master of Science in Engineering|kandidat";"Informationstek.|Master of Science in Computer Science and Engineering|Master of Science in Engineering|kandidat";"Informationstek.|Master of Science in Computer Science and Engineering|Master of Science in Engineering|kandidat";"und";"57a1cee812855c654e0001a8";"";"57a1cee812855c654e0001a8";"DTU Department of Applied Mathematics and Computer Science";"sorbit";"sorbit";"FPGA-based Hardware Acceleration of Computationally-intensive Financial Applications|FPGA-baserede hardware acceleration af computationally-intensive finansielle applikationer"
"";"dtu|dtupub|third_party";"";"2022-01-03T13:15:45.455Z";"Christensen, Jesper Bjerge";"";"2292735796";"";"dtu";"2015";"";"";"";"";"thesis";"dtu|dtu_electronic|dtupub|dtupub_electronic";"";"";"";"";"";"";"";"";"";"";"";"";"";"Fotonik|Master of Science in Engineering|Master of Science in Photonics Engineering|kandidat";"Fotonik|Master of Science in Engineering|Master of Science in Photonics Engineering|kandidat";"Fotonik|Master of Science in Engineering|Master of Science in Photonics Engineering|kandidat";"und";"56d754b3bf19455102000510";"";"56d754b3bf19455102000510";"DTU Department of Electrical and Photonics Engineering";"sorbit";"sorbit";"Asymmetrically pumped Bragg scattering for temporal mode multiplexing|Asymmetrisk pumpet Bragg spredning for tidslig mode-multipleksing"
"";"dtu|dtupub|third_party";"";"2022-01-03T13:16:02.995Z";"Kohler, Timo";"";"2292735235";"";"dtu";"2015";"";"";"";"";"thesis";"dtu|dtu_electronic|dtupub_external";"";"";"";"";"";"";"";"";"";"";"";"";"";"Master of Science in Engineering|Master of Science in Engineering Management|Planl. innovation og led.|kandidat";"Master of Science in Engineering|Master of Science in Engineering Management|Planl. innovation og led.|kandidat";"Master of Science in Engineering|Master of Science in Engineering Management|Planl. innovation og led.|kandidat";"und";"56d754afbf1945510200035b";"";"56d754afbf1945510200035b";"DTU Department of Technology, Management and Economics";"sorbit";"sorbit";"Analysis and advancement of a standardised measurement method for the support of a stable vehicle production|Analyse og muligheder ved en standardiseret malemetode i en bilproduktion"
"";"dtu|dtupub|third_party";"";"2022-01-06T23:53:52.722Z";"Ali, Mohsan";"";"2345155077";"";"dtu";"2016";"";"";"";"";"thesis";"dtu|dtu_electronic|dtupub|dtupub_electronic";"";"";"";"";"";"";"";"";"";"";"";"";"";"Bygningsdesign|Master of Science in Engineering|Master og Science in Architectural Engineering|kandidat";"Bygningsdesign|Master of Science in Engineering|Master og Science in Architectural Engineering|kandidat";"Bygningsdesign|Master of Science in Engineering|Master og Science in Architectural Engineering|kandidat";"und";"57e2683ebf85a91076000004";"";"57e2683ebf85a91076000004";"DTU Department of Civil Engineering";"sorbit";"sorbit";"Visualization of air flows in rooms|Visualisering af luftstrømninger i rum"
"";"dtu|dtupub|third_party";"";"2022-01-03T13:16:27.597Z";"Kirk, Frederik Kaae";"";"2306789079";"";"dtu";"2016";"";"";"";"";"thesis";"dtu|dtu_electronic|dtupub_external";"";"";"";"";"";"";"";"";"";"";"";"";"";"Master of Science in Engineering|Master of Science in Medicine and Technology|Medicin og tek.|kandidat";"Master of Science in Engineering|Master of Science in Medicine and Technology|Medicin og tek.|kandidat";"Master of Science in Engineering|Master of Science in Medicine and Technology|Medicin og tek.|kandidat";"und";"5797435f6bbf232e70000da2";"";"5797435f6bbf232e70000da2";"DTU Department of Electrical Engineering";"sorbit";"sorbit";"Analysis and Interpretation Absence Epilepsy|Analyse og Fortolkning af Absence-Epilepsi"
"";"dtu|dtupub|third_party";"";"2022-01-03T13:06:49.087Z";"Stamatis, Christos";"";"2306791729";"";"dtu";"2016";"";"";"";"";"thesis";"dtu|dtu_electronic|dtupub|dtupub_electronic";"";"";"";"";"";"";"";"";"";"";"";"";"";"Bygningsdesign|Master of Science in Engineering|Master og Science in Architectural Engineering|kandidat";"Bygningsdesign|Master of Science in Engineering|Master og Science in Architectural Engineering|kandidat";"Bygningsdesign|Master of Science in Engineering|Master og Science in Architectural Engineering|kandidat";"und";"579743ce6bbf232e70001044";"";"579743ce6bbf232e70001044";"DTU Department of Civil Engineering";"sorbit";"sorbit";"Measurement of benefits using BIM based working methods|Maling af gevinster ved at anvende BIM baserede arbejdsmetoder"
"";"dtu|dtupub|third_party";"";"2022-01-03T13:09:14.831Z";"Mortensen, Niklas Meyer";"";"2306921469";"";"dtu";"2016";"";"";"";"";"thesis";"dtu|dtu_electronic|dtupub|dtupub_electronic";"";"";"";"";"";"";"";"";"";"";"";"";"";"Master of Science in Engineering|Master of Science in Telecommunication|Telekom.|kandidat";"Master of Science in Engineering|Master of Science in Telecommunication|Telekom.|kandidat";"Master of Science in Engineering|Master of Science in Telecommunication|Telekom.|kandidat";"und";"579dda716bbf232e7000163b";"";"579dda716bbf232e7000163b";"DTU Department of Electrical and Photonics Engineering";"sorbit";"sorbit";"Time Sensitive Networking for Mobile Fronthaul|Time Sensitive Networking til Mobil Fronthaul"
"";"dtu|dtupub|third_party";"";"2022-01-03T13:08:32.276Z";"Pálsson, Adalsteinn";"";"2306781992";"";"dtu";"2016";"";"";"";"";"thesis";"dtu|dtu_electronic|dtupub_external";"";"";"";"";"";"";"";"";"";"";"";"";"";"Master of Science in Engineering|Master of Science in Mathematical Modelling and Computation|Mat. modellering|kandidat";"Master of Science in Engineering|Master of Science in Mathematical Modelling and Computation|Mat. modellering|kandidat";"Master of Science in Engineering|Master of Science in Mathematical Modelling and Computation|Mat. modellering|kandidat";"und";"5795f1bc6bbf232e70000c24";"";"5795f1bc6bbf232e70000c24";"DTU Department of Applied Mathematics and Computer Science";"sorbit";"sorbit";"Network models for financial applications|Finansielle netværksmodeller"
"";"dtu|dtupub|third_party";"";"2022-01-03T13:15:58.568Z";"Mesnildot, Axelle Marie Claire Jeanne du";"";"2292735488";"";"dtu";"2015";"";"";"";"";"thesis";"dtu|dtu_electronic|dtupub_external";"";"";"";"";"";"";"";"";"";"";"";"";"";"Fødevareteknologi|Master of Science in Engineering|Master of Science in Food Technology|kandidat";"Fødevareteknologi|Master of Science in Engineering|Master of Science in Food Technology|kandidat";"Fødevareteknologi|Master of Science in Engineering|Master of Science in Food Technology|kandidat";"und";"56d754b1bf194551020003fb";"";"56d754b1bf194551020003fb";"DTU DTU National Food Institute";"sorbit";"sorbit";"Design and performance of a low-dust enzyme formulation for the baking industry|Design og funktionalitet af et lavt-støvende enzymprodukt til bageriindustrien"
"";"dtu|dtupub|third_party";"";"2022-01-03T13:11:37.079Z";"Rezaeiha, Abdolrahim";"";"2292735850";"";"dtu";"2015";"";"";"";"";"thesis";"dtu|dtu_electronic|dtupub|dtupub_electronic";"";"";"";"";"";"";"";"";"";"";"";"";"";"Master of Science in Engineering|Master of Science in Wind Energy|Vindenergi|kandidat";"Master of Science in Engineering|Master of Science in Wind Energy|Vindenergi|kandidat";"Master of Science in Engineering|Master of Science in Wind Energy|Vindenergi|kandidat";"und";"56d754b3bf1945510200053e";"";"56d754b3bf1945510200053e";"DTU Department of Wind and Energy Systems";"sorbit";"sorbit";"Unsteady Load Control using DBD Plasma Actuators for different trailing-edge shapes|Kontrol af instationære laster ved brug af DBD Plasma Aktuatorer"
"";"dtu|dtupub|third_party";"";"2022-01-06T23:53:30.545Z";"Chiou, Eleni";"";"2346712467";"";"dtu";"2016";"";"";"";"";"thesis";"dtu|dtu_electronic|dtupub|dtupub_electronic";"";"";"";"";"";"";"";"";"";"";"";"";"";"Master of Science in Engineering|Master of Science in Medicine and Technology|Medicin og tek.|kandidat";"Master of Science in Engineering|Master of Science in Medicine and Technology|Medicin og tek.|kandidat";"Master of Science in Engineering|Master of Science in Medicine and Technology|Medicin og tek.|kandidat";"und";"57f8d1bffcc31d555c000018";"";"57f8d1bffcc31d555c000018";"DTU Department of Electrical Engineering";"sorbit";"sorbit";"Adaptive Filtering Schemes for Detection of User-Independent Single Trial ERPs in Brain Computer Interfaces|Adaptiv filtrering Ordninger for Pavisning af Bruger-uafhængig Single Trial ERP systemer i Brain Computer Interfaces"
"";"dtu|dtupub|third_party";"";"2022-01-03T13:16:39.740Z";"Millan, Miguel Manuel de Villena";"";"2306791770";"";"dtu";"2016";"";"";"";"";"thesis";"dtu|dtu_electronic|dtupub|dtupub_electronic";"";"";"";"";"";"";"";"";"";"";"";"";"";"Bæredygtig energi|Master of Science in Engineering|Master of Science in Sustainable Energy|kandidat";"Bæredygtig energi|Master of Science in Engineering|Master of Science in Sustainable Energy|kandidat";"Bæredygtig energi|Master of Science in Engineering|Master of Science in Sustainable Energy|kandidat";"und";"579743f26bbf232e7000112d";"";"579743f26bbf232e7000112d";"DTU Department of Technology, Management and Economics";"sorbit";"sorbit";"Extension and development of European unit commitment model for the impact assessment of variable renewable energy in EU power systems|Udvidelse og videreudvikling af en europæisk unit commitment model til analyser af fluktuerende vedvarende energi i EU"
"";"dtu|dtupub|third_party";"";"2022-01-03T13:07:17.894Z";"Sarkar, Moumita";"";"2343401637";"";"dtu";"2016";"";"";"";"";"thesis";"dtu|dtu_electronic|dtupub|dtupub_electronic";"";"";"";"";"";"";"";"";"";"";"";"";"";"åben udd.";"åben udd.";"åben udd.";"und";"57d92e372993be95730000a4";"";"57d92e372993be95730000a4";"DTU Department of Electrical Engineering";"sorbit";"sorbit";"Investigation of distance relay performance for blackout prevention in low inertia electric power systems|Undersøgelse af afstandsrelæers funktionalitet til forebyggelse af blackout I elektriske forsyningsnet med lav inerti"
"";"dtu|dtupub|third_party";"";"2022-01-03T13:06:05.406Z";"Jelinek, Tomás";"";"2342057175";"";"dtu";"2016";"";"";"";"";"thesis";"dtu|dtu_electronic|dtupub|dtupub_electronic";"";"";"";"";"";"";"";"";"";"";"";"";"";"Byggetek.|Master of Science in Civil Engineering|Master of Science in Engineering|kandidat";"Byggetek.|Master of Science in Civil Engineering|Master of Science in Engineering|kandidat";"Byggetek.|Master of Science in Civil Engineering|Master of Science in Engineering|kandidat";"und";"57becfd3febd22f36000020b";"";"57becfd3febd22f36000020b";"DTU Department of Civil Engineering";"sorbit";"sorbit";"Post-Earthquake Fire Resistance of Steel Building|Modstandskraft af stal bygning til brand efterfølgende jordskælv"
"";"dtu|dtupub|third_party";"";"2022-01-06T23:53:31.280Z";"Riva, Alberto Dalla";"";"2342523877";"";"dtu";"2016";"";"";"";"";"thesis";"dtu|dtu_electronic|dtupub|dtupub_electronic";"";"";"";"";"";"";"";"";"";"";"";"";"";"Bæredygtig energi|Master of Science in Engineering|Master of Science in Sustainable Energy|kandidat";"Bæredygtig energi|Master of Science in Engineering|Master of Science in Sustainable Energy|kandidat";"Bæredygtig energi|Master of Science in Engineering|Master of Science in Sustainable Energy|kandidat";"und";"57c80a45abd78127210000e0";"";"57c80a45abd78127210000e0";"DTU Department of Technology, Management and Economics";"sorbit";"sorbit";"System value of wind power - An analysis of the effects of wind turbine design|Systemværdien af vindkraft"
"";"dtu|dtupub|third_party";"";"2022-01-03T13:16:31.644Z";"Wolter, Christoph";"";"2306791759";"";"dtu";"2016";"";"";"";"";"thesis";"dtu|dtu_electronic|dtupub|dtupub_electronic";"";"";"";"";"";"";"";"";"";"";"";"";"";"Bæredygtig energi|Master of Science in Engineering|Master of Science in Sustainable Energy|kandidat";"Bæredygtig energi|Master of Science in Engineering|Master of Science in Sustainable Energy|kandidat";"Bæredygtig energi|Master of Science in Engineering|Master of Science in Sustainable Energy|kandidat";"und";"579743e66bbf232e70001105";"";"579743e66bbf232e70001105";"DTU Department of Technology, Management and Economics";"sorbit";"sorbit";"Analysis of overplanting for offshore wind farms|En analyse af overdimensionering af kapacitet for offshore vind parker"
"";"dtu|dtupub|third_party";"";"2022-01-06T23:53:49.276Z";"Olsen, Julie Hyldstrup";"";"2306791641";"";"dtu";"2016";"";"";"";"";"thesis";"dtu|dtu_electronic|dtupub_external";"";"";"";"";"";"";"";"";"";"";"";"";"";"Master of Science in Engineering|Master of Science in Medicine and Technology|Medicin og tek.|kandidat";"Master of Science in Engineering|Master of Science in Medicine and Technology|Medicin og tek.|kandidat";"Master of Science in Engineering|Master of Science in Medicine and Technology|Medicin og tek.|kandidat";"und";"579743996bbf232e70000ed0";"";"579743996bbf232e70000ed0";"DTU Department of Applied Mathematics and Computer Science";"sorbit";"sorbit";"Source Separation based on Temporal Coherence|Kildeseparation baseret pa temporal kohærens"
"";"dtu|dtupub|third_party";"";"2022-01-03T13:15:22.298Z";"Hansen, Tessa Kvist";"";"2292737444";"";"dtu";"2015";"";"";"";"";"thesis";"dtu|dtu_electronic|dtupub|dtupub_electronic";"";"";"";"";"";"";"";"";"";"";"";"";"";"Byggetek.|Master of Science in Civil Engineering|Master of Science in Engineering|kandidat";"Byggetek.|Master of Science in Civil Engineering|Master of Science in Engineering|kandidat";"Byggetek.|Master of Science in Civil Engineering|Master of Science in Engineering|kandidat";"und";"56d754babf194551020009d0";"";"56d754babf194551020009d0";"DTU Department of Civil Engineering";"sorbit";"sorbit";"Thermal Insulation of Vaults in Danish Medieval Churches|Thermal insulation of vaults in Danish medieval churches"
"";"dtu|dtupub|third_party";"";"2022-01-03T13:07:14.122Z";"Dinesen, Peter Juhler";"";"2292737918";"";"dtu";"2015";"";"";"";"";"thesis";"dtu|dtu_electronic|dtupub|dtupub_electronic";"";"";"";"";"";"";"";"";"";"";"";"";"";"Master of Science in Engineering|Master of Science in Mathematical Modelling and Computation|Mat. modellering|kandidat";"Master of Science in Engineering|Master of Science in Mathematical Modelling and Computation|Mat. modellering|kandidat";"Master of Science in Engineering|Master of Science in Mathematical Modelling and Computation|Mat. modellering|kandidat";"und";"56d754bdbf19455102000b87";"";"56d754bdbf19455102000b87";"DTU Department of Applied Mathematics and Computer Science";"sorbit";"sorbit";"Unit Commitment and Economic Model Predictive Control for Optimal Operation of Power Systems|Planlægning og realtids-optimering til styring af energisystemer"
"";"dtu|dtupub|third_party";"";"2022-01-03T13:06:28.567Z";"Smed, Sofie Krøigaard";"";"2292737197";"";"dtu";"2015";"";"";"";"";"thesis";"dtu|dtu_electronic|dtupub|dtupub_electronic";"";"";"";"";"";"";"";"";"";"";"";"";"";"Byggetek.|Master of Science in Civil Engineering|Master of Science in Engineering|kandidat";"Byggetek.|Master of Science in Civil Engineering|Master of Science in Engineering|kandidat";"Byggetek.|Master of Science in Civil Engineering|Master of Science in Engineering|kandidat";"und";"56d754b9bf19455102000905";"";"56d754b9bf19455102000905";"DTU Department of Technology, Management and Economics";"sorbit";"sorbit";"Shared space in public real estate through service design: An analysis of Lundtofte|Shared space i offentlige bygninger ved hjælp af servicedesign: en analyse af Lundtofte"
"";"dtu|dtupub|third_party";"";"2022-01-03T13:15:24.612Z";"Bøttcher, Andreas Emil Ege";"";"2292737512";"";"dtu";"2015";"";"";"";"";"thesis";"dtu|dtu_electronic|dtupub|dtupub_electronic";"";"";"";"";"";"";"";"";"";"";"";"";"";"Anvendt kemi|Master of Science in Advanced and Applied Chemistry|Master of Science in Engineering|kandidat";"Anvendt kemi|Master of Science in Advanced and Applied Chemistry|Master of Science in Engineering|kandidat";"Anvendt kemi|Master of Science in Advanced and Applied Chemistry|Master of Science in Engineering|kandidat";"und";"56d754bbbf19455102000a03";"";"56d754bbbf19455102000a03";"DTU Department of Chemical and Biochemical Engineering";"sorbit";"sorbit";"Preparation of high capacitance PDMS elastomers|Fremstilling af højkapacitante PDMS elastomerer"
"";"dtu|dtupub|third_party";"";"2022-01-03T13:15:22.128Z";"Mørk, Kasper Skov";"";"2292737606";"";"dtu";"2015";"";"";"";"";"thesis";"dtu|dtu_electronic|dtupub_external";"";"";"";"";"";"";"";"";"";"";"";"";"";"Kemisk/biokemisk tek.|Master of Science in Chemical and Biochemical Engineering|Master of Science in Engineering|kandidat";"Kemisk/biokemisk tek.|Master of Science in Chemical and Biochemical Engineering|Master of Science in Engineering|kandidat";"Kemisk/biokemisk tek.|Master of Science in Chemical and Biochemical Engineering|Master of Science in Engineering|kandidat";"und";"56d754bbbf19455102000a67";"";"56d754bbbf19455102000a67";"DTU Department of Chemical and Biochemical Engineering";"sorbit";"sorbit";"High-performance coating solutions for handling difficulties in the cement industry|Højtydende coatingsløsninger til problemer i cementindustrien"
"";"dtu|dtupub|third_party";"";"2022-01-03T13:15:57.225Z";"Tøndevold-Linnet, Torsten August|Thykén, Victor Ludvigsen";"";"2292735345";"";"dtu";"2015";"";"";"";"";"thesis";"dtu|dtu_electronic|dtupub_external";"";"";"";"";"";"";"";"";"";"";"";"";"";"Master of Science in Engineering|Master of Science in Engineering Management|Planl. innovation og led.|kandidat";"Master of Science in Engineering|Master of Science in Engineering Management|Planl. innovation og led.|kandidat";"Master of Science in Engineering|Master of Science in Engineering Management|Planl. innovation og led.|kandidat";"und";"56d754b0bf194551020003a4";"";"56d754b0bf194551020003a4";"DTU Department of Technology, Management and Economics";"sorbit";"sorbit";"What options do the management of Customer Service in Alm Brand Bank have to improve the wellbeing of the employees?|Hvilke muligheder har ledelsen i Kundeservice I Alm Brand Bank for at øge trivslen blandt medarbejderne?"
"";"dtu|dtupub|third_party";"";"2022-01-03T13:15:45.195Z";"Jensen, Thomas Ingemann|Elle, Lise Sjørup";"";"2292736387";"";"dtu";"2015";"";"";"";"";"thesis";"dtu|dtu_electronic|dtupub_external";"";"";"";"";"";"";"";"";"";"";"";"";"";"Design og inn.|Master of Science in Design and Innovation|Master of Science in Engineering|kandidat";"Design og inn.|Master of Science in Design and Innovation|Master of Science in Engineering|kandidat";"Design og inn.|Master of Science in Design and Innovation|Master of Science in Engineering|kandidat";"und";"56d754b6bf194551020006a1";"";"56d754b6bf194551020006a1";"DTU Department of Civil and Mechanical Engineering";"sorbit";"sorbit";"Product Platform Design for New Medical Device Technology Development at Ferrosan Medical Devices A/S|Design af produktplatform for nyudviklet medico-teknologi ved Ferrosan Medical Devices A/S"
"";"dtu|dtupub|third_party";"";"2022-01-03T13:16:04.143Z";"Madsen, Peter";"";"2292735011";"";"dtu";"2015";"";"";"";"";"thesis";"dtu|dtu_electronic|dtupub|dtupub_electronic";"";"";"";"";"";"";"";"";"";"";"";"";"";"Master of Science in Engineering|Master of Science in Telecommunication|Telekom.|kandidat";"Master of Science in Engineering|Master of Science in Telecommunication|Telekom.|kandidat";"Master of Science in Engineering|Master of Science in Telecommunication|Telekom.|kandidat";"und";"56d754aebf194551020002be";"";"56d754aebf194551020002be";"DTU Department of Electrical and Photonics Engineering";"sorbit";"sorbit";"Heterogeneous optical fiber interfaces for short range data communication|Heterogene optiske fibre grænseflader for kort rækkevidde datakommunikation"
"";"dtu|dtupub|third_party";"";"2022-01-03T13:11:38.798Z";"Gutke, Robert";"";"2292736793";"";"dtu";"2015";"";"";"";"";"thesis";"dtu|dtu_electronic|dtupub|dtupub_electronic";"";"";"";"";"";"";"";"";"";"";"";"";"";"Digitale medietek.|Master of Science in Digital Media Engineering|Master of Science in Engineering|kandidat";"Digitale medietek.|Master of Science in Digital Media Engineering|Master of Science in Engineering|kandidat";"Digitale medietek.|Master of Science in Digital Media Engineering|Master of Science in Engineering|kandidat";"und";"56d754b8bf19455102000798";"";"56d754b8bf19455102000798";"DTU Department of Applied Mathematics and Computer Science";"sorbit";"sorbit";"Estimating user engagement based on eye tracking|Estimering af bruger engagement baseret pa eye tracking"
"";"dtu|dtupub|third_party";"";"2022-01-03T13:15:47.122Z";"Jurado, Antonio Manuel Pegalajar";"";"2292735725";"";"dtu";"2015";"";"";"";"";"thesis";"dtu|dtu_electronic|dtupub|dtupub_electronic";"";"";"";"";"";"";"";"";"";"";"";"";"";"Master of Science in Engineering|Master of Science in Wind Energy|Vindenergi|kandidat";"Master of Science in Engineering|Master of Science in Wind Energy|Vindenergi|kandidat";"Master of Science in Engineering|Master of Science in Wind Energy|Vindenergi|kandidat";"und";"56d754b3bf194551020004db";"";"56d754b3bf194551020004db";"DTU Department of Wind and Energy Systems";"sorbit";"sorbit";"Numerical reproduction of laboratory experiments for a TLP wind turbine|Numerisk reproduktion af laboratoriemalinger af en TLP vindmølle"
"";"dtu|dtupub|third_party";"";"2022-01-03T13:12:25.505Z";"Cavezza, Francesca";"";"2305633377";"";"dtu";"2016";"";"";"";"";"thesis";"dtu|dtu_electronic|dtupub|dtupub_electronic";"";"";"";"";"";"";"";"";"";"";"";"";"";"Master of Science in Engineering|Master of Science in Materials and Manufacturing Engineering|Materialetek.|kandidat";"Master of Science in Engineering|Master of Science in Materials and Manufacturing Engineering|Materialetek.|kandidat";"Master of Science in Engineering|Master of Science in Materials and Manufacturing Engineering|Materialetek.|kandidat";"und";"575ea66be6f951534a00e3d9";"";"575ea66be6f951534a00e3d9";"DTU Department of Civil and Mechanical Engineering";"sorbit";"sorbit";"Influence of de-icing salts on corrosion performance of automotive materials|Vejsaltes indflydelse pa korrosion af metalliske materialer brugt i bilindustrien"
"";"dtu|dtupub|third_party";"";"2022-01-03T13:06:07.585Z";"Singh, Piyush";"";"2342523864";"";"dtu";"2016";"";"";"";"";"thesis";"dtu|dtu_electronic|dtupub|dtupub_electronic";"";"";"";"";"";"";"";"";"";"";"";"";"";"Master of Science in Engineering|Master of Science in Wind Energy|Vindenergi|kandidat";"Master of Science in Engineering|Master of Science in Wind Energy|Vindenergi|kandidat";"Master of Science in Engineering|Master of Science in Wind Energy|Vindenergi|kandidat";"und";"57c80a44abd78127210000d5";"";"57c80a44abd78127210000d5";"DTU Department of Civil and Mechanical Engineering";"sorbit";"sorbit";"Improving the spatial resolution of tomographic PIV|Forbedring af rummelig opløsning med tomografisk PIV"
"In 2000s traditional shop-based retailing has had to adapt to competition created by internet-based e-commerce. As a distinction from traditional retail, e-commerce can gather unprecedented amount of information about its customers and their behaviour. To enable behaviour-based analysis in traditional retailing, the customers need to be tracked reliably through the store. One such tracking technology is depth camera people tracking system developed at VTT, Technical Research Centre of Finland Ltd. This study aims to use the aforementioned people tracking system's data to enable e-commerce style behavioural analysis in physical retail locations. This study is done following the design science research paradigm to construct a real-life artefact. The artefact designed and implemented is based on accumulated knowledge from a systematic literature review, application domain analysis and iterative software engineering practices. Systematic literature review is used to understand what kind of performance evaluation is done in retail. These metrics are then analysed in regards to people tracking technologies to propose a conceptual framework for customer tracking in retail. From this the artefact is designed, implemented and evaluated. Evaluation is done by combination of requirement validation, field experiments and three distinct real-life field studies. Literature review found that retailing uses traditionally easily available performance metrics such as sales and profit. It was also clear that movement data, apart from traffic calculation, has been unavailable for retail and thus is not often used as quantifiable performance metric. As a result this study presents one novel way to use customer movement as a store performance metric. The artefact constructed quantifies, visualises and analyses customer tracking data with the provided depth camera system, which is a new approach to people tracking domain. The evaluation with real-life cases concludes that the artefact can indeed find and classify interesting behavioural patterns from customer tracking data.";"dtu|dtupub";"BA1614 Wellness and living II";"2022-03-28T07:11:42.930Z";"Huotari, Ville";"";"2708546285";"";"dtu";"2015";"";"";"";"";"thesis";"dtu|dtu_electronic|dtupub|dtupub_electronic";"";"";"";"";"";"";"";"";"";"";"";"";"";"behavioural analysis|brick-and-mortar retail|data visualisation|depth sensors|dwell time|flow analysis|people tracking|point of interest analysis|traffic calculation";"behavioural analysis|brick-and-mortar retail|data visualisation|depth sensors|dwell time|flow analysis|people tracking|point of interest analysis|traffic calculation";"behavioural analysis|brick-and-mortar retail|data visualisation|depth sensors|dwell time|flow analysis|people tracking|point of interest analysis|traffic calculation";"eng";"6231fa0543e23bb6f3fc2b8f";"";"6231fa0543e23bb6f3fc2b8f";"University of Oulu";"vtt";"vtt";"Depth camera based customer behaviour analysis for retail"
"";"dtu|dtupub";"University of Oulu";"2022-06-06T11:10:10.464Z";"Heiskanen, Mikko";"";"2710562047";"";"dtu";"2016";"";"";"";"";"thesis";"dtu|dtu_electronic|dtupub|dtupub_electronic";"";"";"";"";"";"";"";"";"";"";"";"";"";"Innovaatiotoiminta|avoin innovaatio|tiedonhankinta|yhteistyö";"Innovaatiotoiminta|avoin innovaatio|tiedonhankinta|yhteistyö";"Innovaatiotoiminta|avoin innovaatio|tiedonhankinta|yhteistyö";"fin";"629de091a7c3041a6baedd98";"";"629de091a7c3041a6baedd98";"University of Oulu";"vtt";"vtt";"T&amp;K-toiminnan komplementaarisuudet yrityksen innovaatiostrategiassa"
"";"dtu|dtupub|third_party";"";"2022-01-03T13:12:21.827Z";"Herrik, Emilia";"";"2292734063";"";"dtu";"2016";"";"";"";"";"thesis";"dtu|dtu_electronic|dtupub|dtupub_electronic";"";"";"";"";"";"";"";"";"";"";"";"";"";"Design og inn.|Master of Science in Design and Innovation|Master of Science in Engineering|kandidat";"Design og inn.|Master of Science in Design and Innovation|Master of Science in Engineering|kandidat";"Design og inn.|Master of Science in Design and Innovation|Master of Science in Engineering|kandidat";"und";"56d754a8bf19455102000050";"";"56d754a8bf19455102000050";"DTU Department of Technology, Management and Economics";"sorbit";"sorbit";"A study on how to include both end-user and societal interests in engineering development|Et studie af hvorledes slutbrugerens og samfundets interesser begge kan includes i ingeniørsudviklingsprocesser"
"";"dtu|dtupub|third_party";"";"2022-01-03T13:15:31.306Z";"Christensen, Rie Kjær";"";"2292737368";"";"dtu";"2015";"";"";"";"";"thesis";"dtu|dtu_electronic|dtupub_external";"";"";"";"";"";"";"";"";"";"";"";"";"";"Master of Science in Engineering|Master of Science in Medicine and Technology|Medicin og tek.|kandidat";"Master of Science in Engineering|Master of Science in Medicine and Technology|Medicin og tek.|kandidat";"Master of Science in Engineering|Master of Science in Medicine and Technology|Medicin og tek.|kandidat";"und";"56d754babf19455102000995";"";"56d754babf19455102000995";"DTU Department of Micro- and Nanotechnology";"sorbit";"sorbit";"Correlating Culture Fluid Mechanics to the Viability of Human Embryonic Stem Cell Suspension Cultures|Korrelering af fluidmekaniske egenskaber til levedygtighed af humane embryonale stamceller i suspensionskultur"
"";"dtu|dtupub|third_party";"";"2022-01-03T13:13:04.492Z";"Huntley, Anders Kjær";"";"2346606507";"";"dtu";"2016";"";"";"";"";"thesis";"dtu|dtu_electronic|dtupub|dtupub_electronic";"";"";"";"";"";"";"";"";"";"";"";"";"";"Byggetek.|Master of Science in Civil Engineering|Master of Science in Engineering|kandidat";"Byggetek.|Master of Science in Civil Engineering|Master of Science in Engineering|kandidat";"Byggetek.|Master of Science in Civil Engineering|Master of Science in Engineering|kandidat";"und";"57f62ec7e6fd4e345100004c";"";"57f62ec7e6fd4e345100004c";"DTU Department of Civil Engineering";"sorbit";"sorbit";"Investigation of scaling issues of aerodynamic forces on circular cylinders|Undersøgelse af skaleringseffekter pa aerodynamiske kræfter pa cirkulære cylindre"
"";"dtu|dtupub|third_party";"";"2022-01-03T13:07:46.096Z";"Wiebe, Maria Meldgaard";"";"2292737695";"";"dtu";"2015";"";"";"";"";"thesis";"dtu|dtu_electronic|dtupub|dtupub_electronic";"";"";"";"";"";"";"";"";"";"";"";"";"";"Kemisk/biokemisk tek.|Master of Science in Chemical and Biochemical Engineering|Master of Science in Engineering|kandidat";"Kemisk/biokemisk tek.|Master of Science in Chemical and Biochemical Engineering|Master of Science in Engineering|kandidat";"Kemisk/biokemisk tek.|Master of Science in Chemical and Biochemical Engineering|Master of Science in Engineering|kandidat";"und";"56d754bcbf19455102000ac0";"";"56d754bcbf19455102000ac0";"DTU Department of Chemical and Biochemical Engineering";"sorbit";"sorbit";"Sustainable process design through process intensification|Sustainable process design through process intensification"
"";"dtu|dtupub|third_party";"";"2022-01-03T13:12:22.903Z";"Østergaard, Peter Holm";"";"2292734084";"";"dtu";"2016";"";"";"";"";"thesis";"dtu|dtu_electronic|dtupub|dtupub_electronic";"";"";"";"";"";"";"";"";"";"";"";"";"";"Informationstek.|Master of Science in Computer Science and Engineering|Master of Science in Engineering|kandidat";"Informationstek.|Master of Science in Computer Science and Engineering|Master of Science in Engineering|kandidat";"Informationstek.|Master of Science in Computer Science and Engineering|Master of Science in Engineering|kandidat";"und";"56d754a9bf19455102000065";"";"56d754a9bf19455102000065";"DTU Department of Applied Mathematics and Computer Science";"sorbit";"sorbit";"Bounded Model Checking for RSL using RT-Tester|Afgrænset Modeltjek for RSL under anvendelse af RT-Tester"
"";"dtu|dtupub|third_party";"";"2022-01-03T13:11:35.897Z";"Aarsheim, Vegard Eriksen";"";"2292736806";"";"dtu";"2015";"";"";"";"";"thesis";"dtu|dtu_electronic|dtupub|dtupub_electronic";"";"";"";"";"";"";"";"";"";"";"";"";"";"Master of Science in Engineering|Master of Science in Petroleum Engineering|Olie- og gastek.|kandidat";"Master of Science in Engineering|Master of Science in Petroleum Engineering|Olie- og gastek.|kandidat";"Master of Science in Engineering|Master of Science in Petroleum Engineering|Olie- og gastek.|kandidat";"und";"56d754b8bf194551020007a3";"";"56d754b8bf194551020007a3";"DTU Department of Chemical and Biochemical Engineering";"sorbit";"sorbit";"The effect of antiagglomerants on hydrate formation in real systems|Effekten af antiagglomeranter pa gashydratdannelse"
"";"dtu|dtupub|third_party";"";"2022-01-03T13:12:53.272Z";"Sørensen, Steffen Møller";"";"2305633579";"";"dtu";"2016";"";"";"";"";"thesis";"dtu|dtu_electronic|dtupub_external";"";"";"";"";"";"";"";"";"";"";"";"";"";"Master of Science in Engineering|Master of Science in Engineering Management|Planl. innovation og led.|kandidat";"Master of Science in Engineering|Master of Science in Engineering Management|Planl. innovation og led.|kandidat";"Master of Science in Engineering|Master of Science in Engineering Management|Planl. innovation og led.|kandidat";"und";"575ea7fae6f951534a00f66e";"";"575ea7fae6f951534a00f66e";"DTU Department of Technology, Management and Economics";"sorbit";"sorbit";"Complexity analysis of services at Dong Energy Wind Power Operations|Analyse af kompleksitet for services hos Dong Energy Wind Power Operations"
"";"dtu|dtupub|third_party";"";"2022-01-03T13:11:25.804Z";"Hussain, Kishwar Jabeen";"";"2292735601";"";"dtu";"2015";"";"";"";"";"thesis";"dtu|dtu_electronic|dtupub_external";"";"";"";"";"";"";"";"";"";"";"";"";"";"Bioteknologi|Master of Science in Biotechnology|Master of Science in Engineering|kandidat";"Bioteknologi|Master of Science in Biotechnology|Master of Science in Engineering|kandidat";"Bioteknologi|Master of Science in Biotechnology|Master of Science in Engineering|kandidat";"und";"56d754b2bf19455102000469";"";"56d754b2bf19455102000469";"DTU Department of Biotechnology and Biomedicine";"sorbit";"sorbit";"Test of two new tuberculosis vaccines and identification of their T cell epitope pattern|Afprøvning af to nye tuberkulose vacciner samt bestemmelse af deres T celle epitop mønster"
"";"dtu|dtupub|third_party";"";"2022-01-06T23:53:21.662Z";"Newcombe, Alexander Christian";"";"2306781418";"";"dtu";"2016";"";"";"";"";"thesis";"dtu|dtu_electronic|dtupub|dtupub_electronic";"";"";"";"";"";"";"";"";"";"";"";"";"";"Bæredygtig energi|Master of Science in Engineering|Master of Science in Sustainable Energy|kandidat";"Bæredygtig energi|Master of Science in Engineering|Master of Science in Sustainable Energy|kandidat";"Bæredygtig energi|Master of Science in Engineering|Master of Science in Sustainable Energy|kandidat";"und";"5795f16b6bbf232e700009d7";"";"5795f16b6bbf232e700009d7";"DTU Department of Electrical Engineering";"sorbit";"sorbit";"Modelling and analysis of flexible ramping products as a way to better integrate renewables into the Australian national electricity market|Modelling and analysis of flexible ramping products as a way to better integrate renewables into the Australian national electricity market"
"";"dtu|dtupub|third_party";"";"2022-01-03T13:15:53.391Z";"Taraldsvik, Kristine";"";"2292736153";"";"dtu";"2015";"";"";"";"";"thesis";"dtu|dtu_electronic|dtupub_external";"";"";"";"";"";"";"";"";"";"";"";"";"";"Fødevareteknologi|Master of Science in Engineering|Master of Science in Food Technology|kandidat";"Fødevareteknologi|Master of Science in Engineering|Master of Science in Food Technology|kandidat";"Fødevareteknologi|Master of Science in Engineering|Master of Science in Food Technology|kandidat";"und";"56d754b5bf1945510200061a";"";"56d754b5bf1945510200061a";"DTU DTU National Food Institute";"sorbit";"sorbit";"Reduction of salt during marinating herring and effect on the stability of lipids|Reduktion af salt under marinering af sild og effekten heraf pa stabiliteten af lipider"
"";"dtu|dtupub|third_party";"";"2022-01-03T13:15:31.431Z";"Berthelsen, Zara Solsikke";"";"2292737166";"";"dtu";"2015";"";"";"";"";"thesis";"dtu|dtu_electronic|dtupub_external";"";"";"";"";"";"";"";"";"";"";"";"";"";"Master of Science in Engineering|Master of Science in Medicine and Technology|Medicin og tek.|kandidat";"Master of Science in Engineering|Master of Science in Medicine and Technology|Medicin og tek.|kandidat";"Master of Science in Engineering|Master of Science in Medicine and Technology|Medicin og tek.|kandidat";"und";"56d754b9bf194551020008e4";"";"56d754b9bf194551020008e4";"DTU Department of Micro- and Nanotechnology";"sorbit";"sorbit";"The Role of Skin Roughness in Medical Adhesives|Hudruheds betydning for medicinske klæbere."
"";"dtu|dtupub|third_party";"";"2022-01-03T13:16:17.406Z";"Rusu, Alexandru-Claudiu";"";"2292734139";"";"dtu";"2016";"";"";"";"";"thesis";"dtu|dtu_electronic|dtupub_external";"";"";"";"";"";"";"";"";"";"";"";"";"";"Informationstek.|Master of Science in Computer Science and Engineering|Master of Science in Engineering|kandidat";"Informationstek.|Master of Science in Computer Science and Engineering|Master of Science in Engineering|kandidat";"Informationstek.|Master of Science in Computer Science and Engineering|Master of Science in Engineering|kandidat";"und";"56d754a9bf1945510200008a";"";"56d754a9bf1945510200008a";"DTU Department of Applied Mathematics and Computer Science";"sorbit";"sorbit";"A flexible and customisable model editing and inspection tool|Et fleksibelt og configurerbart model-editerings- og -inspektions-værktøj"
"";"dtu|dtupub|third_party";"";"2022-01-03T13:08:29.548Z";"Søgaard, Mia Louise";"";"2342855485";"";"dtu";"2016";"";"";"";"";"thesis";"dtu|dtu_electronic|dtupub|dtupub_electronic";"";"";"";"";"";"";"";"";"";"";"";"";"";"Digitale medietek.|Master of Science in Digital Media Engineering|Master of Science in Engineering|kandidat";"Digitale medietek.|Master of Science in Digital Media Engineering|Master of Science in Engineering|kandidat";"Digitale medietek.|Master of Science in Digital Media Engineering|Master of Science in Engineering|kandidat";"und";"57cff34309d7e82e03000031";"";"57cff34309d7e82e03000031";"DTU Department of Applied Mathematics and Computer Science";"sorbit";"sorbit";"Procedural Techniques Applied to Game Design|Procedural metoder anvendt til computerspil"
"";"dtu|dtupub|third_party";"";"2022-01-03T13:16:02.751Z";"Vagkopoulos, Dimitrios";"";"2292735766";"";"dtu";"2015";"";"";"";"";"thesis";"dtu|dtu_electronic|dtupub|dtupub_electronic";"";"";"";"";"";"";"";"";"";"";"";"";"";"Master of Science in Engineering|Master of Science in Petroleum Engineering|Olie- og gastek.|kandidat";"Master of Science in Engineering|Master of Science in Petroleum Engineering|Olie- og gastek.|kandidat";"Master of Science in Engineering|Master of Science in Petroleum Engineering|Olie- og gastek.|kandidat";"und";"56d754b3bf194551020004fa";"";"56d754b3bf194551020004fa";"DTU Department of Civil Engineering";"sorbit";"sorbit";"An investigation of the Effect of Nanoparticle Additives in Drilling Fluids on Formation Damage and an Identification of the Optimal Operational Practices|Undersøgelse af nanopartikeltilsætningsstoffer i borevæsker og deres indvirkning pa formationsskader samt identifikation af optimale procedurer"
"";"dtu|dtupub|third_party";"";"2022-01-03T13:16:18.446Z";"Kock, Fredrik Bror Gustav";"";"2305633363";"";"dtu";"2016";"";"";"";"";"thesis";"dtu|dtu_electronic|dtupub_external";"";"";"";"";"";"";"";"";"";"";"";"";"";"Digitale medietek.|Master of Science in Digital Media Engineering|Master of Science in Engineering|kandidat";"Digitale medietek.|Master of Science in Digital Media Engineering|Master of Science in Engineering|kandidat";"Digitale medietek.|Master of Science in Digital Media Engineering|Master of Science in Engineering|kandidat";"und";"575ea638e6f951534a00e182";"";"575ea638e6f951534a00e182";"DTU Department of Applied Mathematics and Computer Science";"sorbit";"sorbit";"Customer intelligence based on social media data analysis and visualization|Kundeindsigt baseret pa social medie data analyse og visualisering"
"";"dtu|dtupub|third_party";"";"2022-01-03T13:16:15.593Z";"Asmar, Dunea Fawaz Abdul-Rahman Saleh";"";"2292734825";"";"dtu";"2015";"";"";"";"";"thesis";"dtu|dtu_electronic|dtupub_external";"";"";"";"";"";"";"";"";"";"";"";"";"";"åben udd.";"åben udd.";"åben udd.";"und";"56d754adbf19455102000250";"";"56d754adbf19455102000250";"DTU Department of Chemical and Biochemical Engineering";"sorbit";"sorbit";"The use of Quantum Dots in optical sensor applications|Anvendelsen af Quantum dots i optiske sensorer"
"";"dtu|dtupub|third_party";"";"2022-01-03T13:05:10.584Z";"Nielsen, Hans Christian Bencard";"";"2306320395";"";"dtu";"2016";"";"";"";"";"thesis";"dtu|dtu_electronic|dtupub|dtupub_electronic";"";"";"";"";"";"";"";"";"";"";"";"";"";"Byggetek.|Master of Science in Civil Engineering|Master of Science in Engineering|kandidat";"Byggetek.|Master of Science in Civil Engineering|Master of Science in Engineering|kandidat";"Byggetek.|Master of Science in Civil Engineering|Master of Science in Engineering|kandidat";"und";"577b934737562d157a000190";"";"577b934737562d157a000190";"DTU Department of Civil and Mechanical Engineering";"sorbit";"sorbit";"Dynamic vessel response modelling for port design and operation|Dynamisk skibsbevægelsesmodellering til havnedesign og havneoperationer"
"";"dtu|dtupub|third_party";"";"2022-01-03T13:06:26.948Z";"Li, Xiaoliu";"";"2341622733";"";"dtu";"2016";"";"";"";"";"thesis";"dtu|dtu_electronic|dtupub|dtupub_electronic";"";"";"";"";"";"";"";"";"";"";"";"";"";"Master of Science in Engineering|Master of Science in Materials and Manufacturing Engineering|Materialetek.|kandidat";"Master of Science in Engineering|Master of Science in Materials and Manufacturing Engineering|Materialetek.|kandidat";"Master of Science in Engineering|Master of Science in Materials and Manufacturing Engineering|Materialetek.|kandidat";"und";"57b838423e47d6ad77000038";"";"57b838423e47d6ad77000038";"DTU Department of Civil and Mechanical Engineering";"sorbit";"sorbit";"3D Simulation and Experimental Validation of Hearing Aid Shells with the Moldex 3D Simulation Software|3D simulering og eksperimentiel validering af høreapparat skaller via Moldex 3D simulation software"
"";"dtu|dtupub|third_party";"";"2022-01-03T13:15:54.066Z";"Herbo, Lise Dorph";"";"2292735321";"";"dtu";"2015";"";"";"";"";"thesis";"dtu|dtu_electronic|dtupub|dtupub_electronic";"";"";"";"";"";"";"";"";"";"";"";"";"";"Bygningsdesign|Master of Science in Engineering|Master og Science in Architectural Engineering|kandidat";"Bygningsdesign|Master of Science in Engineering|Master og Science in Architectural Engineering|kandidat";"Bygningsdesign|Master of Science in Engineering|Master og Science in Architectural Engineering|kandidat";"und";"56d754b0bf1945510200038d";"";"56d754b0bf1945510200038d";"DTU Department of Civil Engineering";"sorbit";"sorbit";"Parametric building design with respect to energy consumption and thermal indoor environment|Parametrisk bygningsdesign mht. energibehov og termisk indeklima"
"";"dtu|dtupub|third_party";"";"2022-01-03T13:09:14.848Z";"Koch, Jonas";"";"2306921462";"";"dtu";"2016";"";"";"";"";"thesis";"dtu|dtu_electronic|dtupub|dtupub_electronic";"";"";"";"";"";"";"";"";"";"";"";"";"";"Bæredygtig energi|Master of Science in Engineering|Master of Science in Sustainable Energy|kandidat";"Bæredygtig energi|Master of Science in Engineering|Master of Science in Sustainable Energy|kandidat";"Bæredygtig energi|Master of Science in Engineering|Master of Science in Sustainable Energy|kandidat";"und";"579dda6c6bbf232e70001605";"";"579dda6c6bbf232e70001605";"DTU Department of Wind and Energy Systems";"sorbit";"sorbit";"Scale dependent verification of wind power forecasts|Skala afhængig verification af vindkraft forudsigelser"
"";"dtu|dtupub|third_party";"";"2022-01-03T13:13:03.672Z";"Vlaikidis, Marios";"";"2306946222";"";"dtu";"2016";"";"";"";"";"thesis";"dtu|dtu_electronic|dtupub|dtupub_electronic";"";"";"";"";"";"";"";"";"";"";"";"";"";"Bæredygtig energi|Master of Science in Engineering|Master of Science in Sustainable Energy|kandidat";"Bæredygtig energi|Master of Science in Engineering|Master of Science in Sustainable Energy|kandidat";"Bæredygtig energi|Master of Science in Engineering|Master of Science in Sustainable Energy|kandidat";"und";"579f2cb46bbf232e700019b7";"";"579f2cb46bbf232e700019b7";"DTU Department of Civil and Mechanical Engineering";"sorbit";"sorbit";"Investigation of the heat storage potential in the District Heating of Copenhagen|Undersøgelse af potentialet for varmelagre i Københavns fjernvarme"
"";"dtu|dtupub|third_party";"";"2022-01-03T13:06:05.304Z";"Mathiasen, Nikolaj Rytter|Skov, Thomas Holm";"";"2351661153";"";"dtu";"2016";"";"";"";"";"thesis";"dtu|dtu_electronic|dtupub|dtupub_electronic";"";"";"";"";"";"";"";"";"";"";"";"";"";"Byggetek.|Master of Science in Civil Engineering|Master of Science in Engineering|kandidat";"Byggetek.|Master of Science in Civil Engineering|Master of Science in Engineering|kandidat";"Byggetek.|Master of Science in Civil Engineering|Master of Science in Engineering|kandidat";"und";"589045755460241149000053";"";"589045755460241149000053";"DTU Department of Civil Engineering";"sorbit";"sorbit";"Frost resistance of internally cured concrete|Betons frostbestandighed og hvordan den pavirkes af intern curing"
"";"dtu|dtupub|third_party";"";"2022-01-03T13:08:42.694Z";"Lange, Simon Lehnskov";"";"2313645701";"";"dtu";"2016";"";"";"";"";"thesis";"dtu|dtu_electronic|dtupub|dtupub_electronic";"";"";"";"";"";"";"";"";"";"";"";"";"";"Fotonik|Master of Science in Engineering|Master of Science in Photonics Engineering|kandidat";"Fotonik|Master of Science in Engineering|Master of Science in Photonics Engineering|kandidat";"Fotonik|Master of Science in Engineering|Master of Science in Photonics Engineering|kandidat";"und";"57ab095b3fec415c3b0001fa";"";"57ab095b3fec415c3b0001fa";"DTU Department of Electrical and Photonics Engineering";"sorbit";"sorbit";"Development of terahertz field detectors|Udvikling af terahertz felt-detektorer"
"";"dtu|dtupub|third_party";"";"2022-01-03T13:16:22.201Z";"Szönyi, István";"";"2292734080";"";"dtu";"2016";"";"";"";"";"thesis";"dtu|dtu_electronic|dtupub|dtupub_electronic";"";"";"";"";"";"";"";"";"";"";"";"";"";"Informationstek.|Master of Science in Computer Science and Engineering|Master of Science in Engineering|kandidat";"Informationstek.|Master of Science in Computer Science and Engineering|Master of Science in Engineering|kandidat";"Informationstek.|Master of Science in Computer Science and Engineering|Master of Science in Engineering|kandidat";"und";"56d754a9bf19455102000060";"";"56d754a9bf19455102000060";"DTU Department of Applied Mathematics and Computer Science";"sorbit";"sorbit";"Hardware accelerators for the T-CREST multi-core platform|Hardware acceleratorer til T-CREST multi-core platformen."
"";"dtu|dtupub|third_party";"";"2022-01-03T13:12:30.243Z";"Dittmann, Karen Kiesbye";"";"2305633419";"";"dtu";"2016";"";"";"";"";"thesis";"dtu|dtu_electronic|dtupub_external";"";"";"";"";"";"";"";"";"";"";"";"";"";"Bioteknologi|Master of Science in Biotechnology|Master of Science in Engineering|kandidat";"Bioteknologi|Master of Science in Biotechnology|Master of Science in Engineering|kandidat";"Bioteknologi|Master of Science in Biotechnology|Master of Science in Engineering|kandidat";"und";"575ea6dbe6f951534a00e924";"";"575ea6dbe6f951534a00e924";"DTU Department of Biotechnology and Biomedicine";"sorbit";"sorbit";"Survival of food-derived Staphylococcus aureus in mixed microbial biofilms|Overlevelse af fødevare-isolater af Staphylococcus aureus i blandede mikrobielle biofilm"
"";"dtu|dtupub|third_party";"";"2022-01-03T13:15:24.640Z";"Pranjic, Emilio";"";"2292737671";"";"dtu";"2015";"";"";"";"";"thesis";"dtu|dtu_electronic|dtupub|dtupub_electronic";"";"";"";"";"";"";"";"";"";"";"";"";"";"Elektrotek.|Master of Science in Electrical Engineering|Master of Science in Engineering|kandidat";"Elektrotek.|Master of Science in Electrical Engineering|Master of Science in Engineering|kandidat";"Elektrotek.|Master of Science in Electrical Engineering|Master of Science in Engineering|kandidat";"und";"56d754bbbf19455102000aa6";"";"56d754bbbf19455102000aa6";"DTU Department of Electrical Engineering";"sorbit";"sorbit";"Improvement of loudspeaker performance using motional feedback|Forbedring af højtaler ydelse ved brug af bevægelses tilbagekobling"
"";"dtu|dtupub|third_party";"";"2022-01-03T13:15:24.934Z";"Andersen, Jesper Hyllekilde";"";"2292737264";"";"dtu";"2015";"";"";"";"";"thesis";"dtu|dtu_electronic|dtupub|dtupub_electronic";"";"";"";"";"";"";"";"";"";"";"";"";"";"Bygningsdesign|Master of Science in Engineering|Master og Science in Architectural Engineering|kandidat";"Bygningsdesign|Master of Science in Engineering|Master og Science in Architectural Engineering|kandidat";"Bygningsdesign|Master of Science in Engineering|Master og Science in Architectural Engineering|kandidat";"und";"56d754babf19455102000946";"";"56d754babf19455102000946";"DTU Department of Civil Engineering";"sorbit";"sorbit";"Experimental study of the Thermal Resistance of Intumescent Coatings exposed to different Fire Scenarios|Experimental study of the thermal resistance of intumescent coatings exposed to different fire scenarios"
"";"dtu|dtupub|third_party";"";"2022-01-03T13:16:28.475Z";"Lin, Yu-Huan";"";"2306769375";"";"dtu";"2016";"";"";"";"";"thesis";"dtu|dtu_electronic|dtupub|dtupub_electronic";"";"";"";"";"";"";"";"";"";"";"";"";"";"Master of Science in Engineering|Master of Science in Wind Energy|Vindenergi|kandidat";"Master of Science in Engineering|Master of Science in Wind Energy|Vindenergi|kandidat";"Master of Science in Engineering|Master of Science in Wind Energy|Vindenergi|kandidat";"und";"57949fcf6bbf232e70000522";"";"57949fcf6bbf232e70000522";"DTU Department of Wind and Energy Systems";"sorbit";"sorbit";"Structural design optimization of the controllable rubber trailing edge flap (CRTEF)|Strukturoptimering af den kontrollerbare bagkantsflap (CRTEF)"
"";"dtu|dtupub|third_party";"";"2022-01-06T23:53:52.405Z";"Bentzen, Jeppe Troelsgaard";"";"2306320509";"";"dtu";"2016";"";"";"";"";"thesis";"dtu|dtu_electronic|dtupub|dtupub_electronic";"";"";"";"";"";"";"";"";"";"";"";"";"";"Digitale medietek.|Master of Science in Digital Media Engineering|Master of Science in Engineering|kandidat";"Digitale medietek.|Master of Science in Digital Media Engineering|Master of Science in Engineering|kandidat";"Digitale medietek.|Master of Science in Digital Media Engineering|Master of Science in Engineering|kandidat";"und";"577b934f37562d157a0001ed";"";"577b934f37562d157a0001ed";"DTU Department of Applied Mathematics and Computer Science";"sorbit";"sorbit";"Fluid simulation based on the combination of particles and a deformable simplicial complex|Væskesimulering baseret pa en kombination af partikler og deformerbart simplex gitter."
"";"dtu|dtupub|third_party";"";"2022-01-03T13:06:10.124Z";"Philipsen, Lærke";"";"2306791651";"";"dtu";"2016";"";"";"";"";"thesis";"dtu|dtu_electronic|dtupub|dtupub_electronic";"";"";"";"";"";"";"";"";"";"";"";"";"";"Bygningsdesign|Master of Science in Engineering|Master og Science in Architectural Engineering|kandidat";"Bygningsdesign|Master of Science in Engineering|Master og Science in Architectural Engineering|kandidat";"Bygningsdesign|Master of Science in Engineering|Master og Science in Architectural Engineering|kandidat";"und";"5797439d6bbf232e70000efd";"";"5797439d6bbf232e70000efd";"DTU Department of Civil Engineering";"sorbit";"sorbit";"Integrated design process for urban water management|Integreret designproces for handtering af overfladevand i byrum."
"";"dtu|dtupub|third_party";"";"2022-01-03T13:06:43.103Z";"Nagy, Matteo";"";"2306921283";"";"dtu";"2016";"";"";"";"";"thesis";"dtu|dtu_electronic|dtupub|dtupub_electronic";"";"";"";"";"";"";"";"";"";"";"";"";"";"Bæredygtig energi|Master of Science in Engineering|Master of Science in Sustainable Energy|kandidat";"Bæredygtig energi|Master of Science in Engineering|Master of Science in Sustainable Energy|kandidat";"Bæredygtig energi|Master of Science in Engineering|Master of Science in Sustainable Energy|kandidat";"und";"579dda4b6bbf232e700014c9";"";"579dda4b6bbf232e700014c9";"DTU Department of Civil and Mechanical Engineering";"sorbit";"sorbit";"Techno-economic analysis of LNG production alternatives|Tekno-økonomisk analyse af processer til LNG produktion"
"";"dtu|dtupub|third_party";"";"2022-01-03T13:16:27.773Z";"Kravvaritis, Ilias|Sobeir, Hiba";"";"2346074382";"";"dtu";"2016";"";"";"";"";"thesis";"dtu|dtu_electronic|dtupub|dtupub_electronic";"";"";"";"";"";"";"";"";"";"";"";"";"";"Master of Science in Engineering|Master of Science in Petroleum Engineering|Olie- og gastek.|kandidat";"Master of Science in Engineering|Master of Science in Petroleum Engineering|Olie- og gastek.|kandidat";"Master of Science in Engineering|Master of Science in Petroleum Engineering|Olie- og gastek.|kandidat";"und";"57ecf445ad6a549d07000028";"";"57ecf445ad6a549d07000028";"DTU Department of Civil Engineering";"sorbit";"sorbit";"Wellbore stability and mud weight window of geothermal wells|Borehulsstabilitet og optimering af muddervægt i geotermiske boringer"
"";"dtu|dtupub|third_party";"";"2022-01-03T13:06:22.302Z";"Schmid, Achim";"";"2306781951";"";"dtu";"2016";"";"";"";"";"thesis";"dtu|dtu_electronic|dtupub|dtupub_electronic";"";"";"";"";"";"";"";"";"";"";"";"";"";"Elektrotek.|Master of Science in Electrical Engineering|Master of Science in Engineering|kandidat";"Elektrotek.|Master of Science in Electrical Engineering|Master of Science in Engineering|kandidat";"Elektrotek.|Master of Science in Electrical Engineering|Master of Science in Engineering|kandidat";"und";"5795f1bb6bbf232e70000c23";"";"5795f1bb6bbf232e70000c23";"DTU Department of Electrical Engineering";"sorbit";"sorbit";"Implementation of Biological-inspired Modular Robots to the Educational System|Implementering af biologisk-inspireret modulære robotter i undervisningssystemet"
"";"dtu|dtupub|third_party";"";"2022-01-03T13:16:18.785Z";"Costa, Razvan-Ioan";"";"2292734069";"";"dtu";"2016";"";"";"";"";"thesis";"dtu|dtu_electronic|dtupub|dtupub_electronic";"";"";"";"";"";"";"";"";"";"";"";"";"";"Byggetek.|Master of Science in Civil Engineering|Master of Science in Engineering|kandidat";"Byggetek.|Master of Science in Civil Engineering|Master of Science in Engineering|kandidat";"Byggetek.|Master of Science in Civil Engineering|Master of Science in Engineering|kandidat";"und";"56d754a8bf19455102000055";"";"56d754a8bf19455102000055";"DTU Department of Civil Engineering";"sorbit";"sorbit";"Thermal resistance of steel profiles protected with intumescent coating|Varmemodstand af stalprofiler beskyttete med expanderende brandmaling"
"";"dtu|dtupub|third_party";"";"2022-01-03T13:15:15.843Z";"Nielsen, Henrik Lund";"";"2292737206";"";"dtu";"2015";"";"";"";"";"thesis";"dtu|dtu_electronic|dtupub|dtupub_electronic";"";"";"";"";"";"";"";"";"";"";"";"";"";"Kemisk/biokemisk tek.|Master of Science in Chemical and Biochemical Engineering|Master of Science in Engineering|kandidat";"Kemisk/biokemisk tek.|Master of Science in Chemical and Biochemical Engineering|Master of Science in Engineering|kandidat";"Kemisk/biokemisk tek.|Master of Science in Chemical and Biochemical Engineering|Master of Science in Engineering|kandidat";"und";"56d754b9bf1945510200090c";"";"56d754b9bf1945510200090c";"DTU Department of Chemical and Biochemical Engineering";"sorbit";"sorbit";"Rate based model development and simulation of CO2 absorption and desorption columns using piperazine promoted potassium carbonate|Hastighedsbaseret modeludvikling og simulering af CO2-absorptions- og desorptionskolonner ved brug af piperazin-katalyseret kaliumkarbonat"
"";"dtu|dtupub|third_party";"";"2022-01-03T13:15:46.612Z";"Valentin, Gruber";"";"2292735634";"";"dtu";"2015";"";"";"";"";"thesis";"dtu|dtu_electronic|dtupub|dtupub_electronic";"";"";"";"";"";"";"";"";"";"";"";"";"";"Byggetek.|Master of Science in Civil Engineering|Master of Science in Engineering|kandidat";"Byggetek.|Master of Science in Civil Engineering|Master of Science in Engineering|kandidat";"Byggetek.|Master of Science in Civil Engineering|Master of Science in Engineering|kandidat";"und";"56d754b2bf19455102000488";"";"56d754b2bf19455102000488";"DTU Department of Civil Engineering";"sorbit";"sorbit";"Dowel Joints in Tempered Glass - Long Term Behaviour|Dornsamlinger i hærdet glas - Langtidsegenskaber"
"";"dtu|dtupub|third_party";"";"2022-01-03T13:11:41.461Z";"Danese, Matteo";"";"2292735779";"";"dtu";"2015";"";"";"";"";"thesis";"dtu|dtu_electronic|dtupub|dtupub_electronic";"";"";"";"";"";"";"";"";"";"";"";"";"";"Bæredygtig energi|Master of Science in Engineering|Master of Science in Sustainable Energy|kandidat";"Bæredygtig energi|Master of Science in Engineering|Master of Science in Sustainable Energy|kandidat";"Bæredygtig energi|Master of Science in Engineering|Master of Science in Sustainable Energy|kandidat";"und";"56d754b3bf19455102000506";"";"56d754b3bf19455102000506";"DTU Department of Civil and Mechanical Engineering";"sorbit";"sorbit";"Modelling and optimization of domestic hot water heat pump|Modellering og optimering af husholdningsvarmepumpe til varmt vand"
"";"dtu|dtupub|third_party";"";"2022-01-03T13:16:02.608Z";"Hunner, Benjamin Aske|Martinsen, Grith";"";"2292735681";"";"dtu";"2015";"";"";"";"";"thesis";"dtu|dtu_electronic|dtupub|dtupub_electronic";"";"";"";"";"";"";"";"";"";"";"";"";"";"Master of Science in Engineering|Master of Science in Environmental Engineering|Miljøteknologi|kandidat";"Master of Science in Engineering|Master of Science in Environmental Engineering|Miljøteknologi|kandidat";"Master of Science in Engineering|Master of Science in Environmental Engineering|Miljøteknologi|kandidat";"und";"56d754b2bf194551020004b4";"";"56d754b2bf194551020004b4";"DTU Department of Environmental and Resource Engineering";"sorbit";"sorbit";"How to unify geological understanding and contaminant transport models in a fractured limestone aquifer|Hvordan geologisk viden oversættes til stoftransport modeller i en opsprækket kalk akvifer"
"";"dtu|dtupub|third_party";"";"2022-01-03T13:15:51.284Z";"Dyrberg, Mette Berner|Christensen, Charlotte Baastrup";"";"2292736172";"";"dtu";"2015";"";"";"";"";"thesis";"dtu|dtu_electronic|dtupub|dtupub_electronic";"";"";"";"";"";"";"";"";"";"";"";"";"";"Master of Science in Engineering|Master of Science in Transportation and Logistics|Transp. og logistik|kandidat";"Master of Science in Engineering|Master of Science in Transportation and Logistics|Transp. og logistik|kandidat";"Master of Science in Engineering|Master of Science in Transportation and Logistics|Transp. og logistik|kandidat";"und";"56d754b5bf1945510200062b";"";"56d754b5bf1945510200062b";"DTU Department of Transport";"sorbit";"sorbit";"Transfers in public transport route choice models|Skift i kollektive rutevalgsmodeller"
"";"dtu|dtupub|third_party";"";"2022-01-03T13:15:44.231Z";"Mahler, Peter Runge";"";"2292736677";"";"dtu";"2015";"";"";"";"";"thesis";"dtu|dtu_electronic|dtupub_external";"";"";"";"";"";"";"";"";"";"";"";"";"";"Kemisk/biokemisk tek.|Master of Science in Chemical and Biochemical Engineering|Master of Science in Engineering|kandidat";"Kemisk/biokemisk tek.|Master of Science in Chemical and Biochemical Engineering|Master of Science in Engineering|kandidat";"Kemisk/biokemisk tek.|Master of Science in Chemical and Biochemical Engineering|Master of Science in Engineering|kandidat";"und";"56d754b7bf19455102000754";"";"56d754b7bf19455102000754";"DTU Department of Chemical and Biochemical Engineering";"sorbit";"sorbit";"Industrial coatings at extreme conditions|Industrielle coatings under ekstreme betingelser"
"";"dtu|dtupub|third_party";"";"2022-01-03T13:16:18.335Z";"Gonzalez, Alejandro Gonzalez";"";"2305633354";"";"dtu";"2016";"";"";"";"";"thesis";"dtu|dtu_electronic|dtupub_external";"";"";"";"";"";"";"";"";"";"";"";"";"";"Master of Science in Engineering|Master of Science in Medicine and Technology|Medicin og tek.|kandidat";"Master of Science in Engineering|Master of Science in Medicine and Technology|Medicin og tek.|kandidat";"Master of Science in Engineering|Master of Science in Medicine and Technology|Medicin og tek.|kandidat";"und";"575ea60ae6f951534a00df9c";"";"575ea60ae6f951534a00df9c";"DTU Department of Electrical Engineering";"sorbit";"sorbit";"Quantitative and qualitative Sleep Assessment based on ePatch Technology|Kvantitativ og Kvalitativ Søvn Vurdering baseret pa ePatch Teknologi"
"";"dtu|dtupub|third_party";"";"2022-01-03T13:16:34.370Z";"Jespersen, Caspar Aleksander Bang";"";"2306946235";"";"dtu";"2016";"";"";"";"";"thesis";"dtu|dtu_electronic|dtupub|dtupub_electronic";"";"";"";"";"";"";"";"";"";"";"";"";"";"Master of Science in Engineering|Master of Science in Medicine and Technology|Medicin og tek.|kandidat";"Master of Science in Engineering|Master of Science in Medicine and Technology|Medicin og tek.|kandidat";"Master of Science in Engineering|Master of Science in Medicine and Technology|Medicin og tek.|kandidat";"und";"579f2cb56bbf232e700019c0";"";"579f2cb56bbf232e700019c0";"DTU Department of Electrical Engineering";"sorbit";"sorbit";"Automatic detection of arousals in sleep|Automatisk detektion af arousals i søvn"
"";"dtu|dtupub|third_party";"";"2022-01-03T13:15:00.403Z";"Lof, Bram Simon";"";"2292736930";"";"dtu";"2015";"";"";"";"";"thesis";"dtu|dtu_electronic|dtupub_external";"";"";"";"";"";"";"";"";"";"";"";"";"";"Master of Science in Engineering|Master of Science in Wind Energy|Vindenergi|kandidat";"Master of Science in Engineering|Master of Science in Wind Energy|Vindenergi|kandidat";"Master of Science in Engineering|Master of Science in Wind Energy|Vindenergi|kandidat";"und";"56d754b8bf19455102000810";"";"56d754b8bf19455102000810";"DTU Department of Wind and Energy Systems";"sorbit";"sorbit";"Numerical Investigation of Stall Flutter Behaviour of a Wind Turbine Airfoil|Numerisk undersøgelse af stall flutter af et vindmølleprofil"
"";"dtu|dtupub|third_party";"";"2022-01-03T13:15:29.363Z";"Jørgensen, Jonas Oldenburg";"";"2292737191";"";"dtu";"2015";"";"";"";"";"thesis";"dtu|dtu_electronic|dtupub_external";"";"";"";"";"";"";"";"";"";"";"";"";"";"Anvendt kemi|Master of Science in Advanced and Applied Chemistry|Master of Science in Engineering|kandidat";"Anvendt kemi|Master of Science in Advanced and Applied Chemistry|Master of Science in Engineering|kandidat";"Anvendt kemi|Master of Science in Advanced and Applied Chemistry|Master of Science in Engineering|kandidat";"und";"56d754b9bf194551020008fe";"";"56d754b9bf194551020008fe";"DTU Department of Chemistry";"sorbit";"sorbit";"Development of a Multiple-use Formulation for an Anti-TFPI Monoclonal Antibody (Concizumab) Using Preservatives|Udvikling af en formulering med konserveringsmidler til flergangsbrug for et Anti-TFPI monoklonalt antistof (Concizumab)"
"";"dtu|dtupub|third_party";"";"2022-01-03T13:15:27.294Z";"Bach, Kasper Fønss";"";"2292737167";"";"dtu";"2015";"";"";"";"";"thesis";"dtu|dtu_electronic|dtupub|dtupub_electronic";"";"";"";"";"";"";"";"";"";"";"";"";"";"Konst. og mekanik|Master of Science in Engineering|Master of Science in Engineering Design and Applied Mechanics|kandidat";"Konst. og mekanik|Master of Science in Engineering|Master of Science in Engineering Design and Applied Mechanics|kandidat";"Konst. og mekanik|Master of Science in Engineering|Master of Science in Engineering Design and Applied Mechanics|kandidat";"und";"56d754b9bf194551020008e6";"";"56d754b9bf194551020008e6";"DTU Department of Civil and Mechanical Engineering";"sorbit";"sorbit";"Transfer functions of a large containership|Overføringsfunktioner for et stort containerskib"
"";"dtu|dtupub|third_party";"";"2022-01-03T13:16:23.609Z";"Koulouris, Gerasimos";"";"2305633459";"";"dtu";"2016";"";"";"";"";"thesis";"dtu|dtu_electronic|dtupub_external";"";"";"";"";"";"";"";"";"";"";"";"";"";"Master of Science in Engineering|Master of Science in Engineering Management|Planl. innovation og led.|kandidat";"Master of Science in Engineering|Master of Science in Engineering Management|Planl. innovation og led.|kandidat";"Master of Science in Engineering|Master of Science in Engineering Management|Planl. innovation og led.|kandidat";"und";"575ea750e6f951534a00eeb7";"";"575ea750e6f951534a00eeb7";"DTU Department of Technology, Management and Economics";"sorbit";"sorbit";"Enabling Full Manufacturing Cost (FMC) estimations for decision making in early stage research|Aktivering Fuld produktionsomkostningerne (FMC) skøn for beslutningstagning i scenen forskning tidligt"
"";"dtu|dtupub|third_party";"";"2022-01-11T08:43:36.880Z";"Skibsted, Adam Johan Westh";"";"2306320527";"";"dtu";"2016";"";"";"";"";"thesis";"dtu|dtu_electronic|dtupub|dtupub_electronic";"";"";"";"";"";"";"";"";"";"";"";"";"";"Digitale medietek.|Master of Science in Digital Media Engineering|Master of Science in Engineering|kandidat";"Digitale medietek.|Master of Science in Digital Media Engineering|Master of Science in Engineering|kandidat";"Digitale medietek.|Master of Science in Digital Media Engineering|Master of Science in Engineering|kandidat";"und";"577b935037562d157a0001f8";"";"577b935037562d157a0001f8";"DTU Department of Applied Mathematics and Computer Science";"sorbit";"sorbit";"Clean Biking: Measuring Pollutant Exposure for Social Sharing|Clean Biking: social netværks baseret monitorering af luftkvalitet"
"";"dtu|dtupub|third_party";"";"2022-01-03T13:16:20.324Z";"Arribas, Alan Jose Cortizo";"";"2292734620";"";"dtu";"2016";"";"";"";"";"thesis";"dtu|dtu_electronic|dtupub|dtupub_electronic";"";"";"";"";"";"";"";"";"";"";"";"";"";"Master of Science in Engineering|Master of Science in Materials and Manufacturing Engineering|Materialetek.|kandidat";"Master of Science in Engineering|Master of Science in Materials and Manufacturing Engineering|Materialetek.|kandidat";"Master of Science in Engineering|Master of Science in Materials and Manufacturing Engineering|Materialetek.|kandidat";"und";"56d754acbf194551020001a4";"";"56d754acbf194551020001a4";"DTU Department of Civil and Mechanical Engineering";"sorbit";"sorbit";"Feasibility Study of MID Technology for Danfoss Drives Application|Forundersøgelse af MID teknologi for Danfoss Drives applikationer"
"";"dtu|dtupub|third_party";"";"2022-01-03T13:06:59.884Z";"Al-Mass, Abdallah Ahmad Ibrahim";"";"2347569356";"";"dtu";"2016";"";"";"";"";"thesis";"dtu|dtu_electronic|dtupub_external";"";"";"";"";"";"";"";"";"";"";"";"";"";"Elektrotek.|Master of Science in Electrical Engineering|Master of Science in Engineering|kandidat";"Elektrotek.|Master of Science in Electrical Engineering|Master of Science in Engineering|kandidat";"Elektrotek.|Master of Science in Electrical Engineering|Master of Science in Engineering|kandidat";"und";"58035dbc2f2c96d43a00000c";"";"58035dbc2f2c96d43a00000c";"DTU Department of Electrical Engineering";"sorbit";"sorbit";"Investigation and implementation of modular-based power supply for audio|Undersøgelse og implementering af modulær strømforsyning til audio"
"";"dtu|dtupub|third_party";"";"2022-01-03T13:16:18.320Z";"Molich, Tobias";"";"2305633386";"";"dtu";"2016";"";"";"";"";"thesis";"dtu|dtu_electronic|dtupub|dtupub_electronic";"";"";"";"";"";"";"";"";"";"";"";"";"";"Master of Science in Engineering|Master of Science in Transportation and Logistics|Transp. og logistik|kandidat";"Master of Science in Engineering|Master of Science in Transportation and Logistics|Transp. og logistik|kandidat";"Master of Science in Engineering|Master of Science in Transportation and Logistics|Transp. og logistik|kandidat";"und";"575ea681e6f951534a00e4cf";"";"575ea681e6f951534a00e4cf";"DTU Department of Transport";"sorbit";"sorbit";"Simulation, traffic modelling and socio-economic assessment of automatic S-train service|Simulering, trafikmodellering og samfundsøkonomisk vurdering af automatisk S-togsdrift"
"";"dtu|dtupub|third_party";"";"2022-01-03T13:09:14.709Z";"Landtved, Louise";"";"2306921461";"";"dtu";"2016";"";"";"";"";"thesis";"dtu|dtu_electronic|dtupub_external";"";"";"";"";"";"";"";"";"";"";"";"";"";"Design og inn.|Master of Science in Design and Innovation|Master of Science in Engineering|kandidat";"Design og inn.|Master of Science in Design and Innovation|Master of Science in Engineering|kandidat";"Design og inn.|Master of Science in Design and Innovation|Master of Science in Engineering|kandidat";"und";"579dda6c6bbf232e700015f8";"";"579dda6c6bbf232e700015f8";"DTU Department of Technology, Management and Economics";"sorbit";"sorbit";"Development of a Tool for Decision Making in the Product Development Process|Udvikling af et værktøj til beslutningstagning i produktudviklingsprocessen"
"";"dtu|dtupub|third_party";"";"2022-01-03T13:11:27.111Z";"Jensen, Lasse Skovgaard";"";"2292737116";"";"dtu";"2015";"";"";"";"";"thesis";"dtu|dtu_electronic|dtupub_external";"";"";"";"";"";"";"";"";"";"";"";"";"";"Design og inn.|Master of Science in Design and Innovation|Master of Science in Engineering|kandidat";"Design og inn.|Master of Science in Design and Innovation|Master of Science in Engineering|kandidat";"Design og inn.|Master of Science in Design and Innovation|Master of Science in Engineering|kandidat";"und";"56d754b9bf194551020008b3";"";"56d754b9bf194551020008b3";"DTU Department of Civil and Mechanical Engineering";"sorbit";"sorbit";"New types of business & play in the Maker Movement|New types of business and play in the Maker Movement"
"";"dtu|dtupub|third_party";"";"2022-01-03T13:12:01.403Z";"Krogh-Rasmussen, Anders";"";"2292735577";"";"dtu";"2015";"";"";"";"";"thesis";"dtu|dtu_electronic|dtupub_external";"";"";"";"";"";"";"";"";"";"";"";"";"";"Master of Science in Engineering|Master of Science in Engineering Management|Planl. innovation og led.|kandidat";"Master of Science in Engineering|Master of Science in Engineering Management|Planl. innovation og led.|kandidat";"Master of Science in Engineering|Master of Science in Engineering Management|Planl. innovation og led.|kandidat";"und";"56d754b2bf19455102000450";"";"56d754b2bf19455102000450";"DTU Department of Technology, Management and Economics";"sorbit";"sorbit";"Revolutionizing project management education in industries with MOOC|Revolution af projektledelseundervisning i industrien ved brug af MOOC"
"";"dtu|dtupub|third_party";"";"2022-01-03T13:06:56.007Z";"Breinbjerg, Christian";"";"2307019997";"";"dtu";"2016";"";"";"";"";"thesis";"dtu|dtu_electronic|dtupub|dtupub_electronic";"";"";"";"";"";"";"";"";"";"";"";"";"";"Byggetek.|Master of Science in Civil Engineering|Master of Science in Engineering|kandidat";"Byggetek.|Master of Science in Civil Engineering|Master of Science in Engineering|kandidat";"Byggetek.|Master of Science in Civil Engineering|Master of Science in Engineering|kandidat";"und";"57a1ced712855c654e0000fc";"";"57a1ced712855c654e0000fc";"DTU Department of Civil and Mechanical Engineering";"sorbit";"sorbit";"Inertia-based damping of stay-cables|Inerti-baseret dæmpning af skrastagskabler"
"";"dtu|dtupub|third_party";"";"2022-01-06T23:53:57.311Z";"Lymperis, Konstantinos";"";"2306781377";"";"dtu";"2016";"";"";"";"";"thesis";"dtu|dtu_electronic|dtupub_external";"";"";"";"";"";"";"";"";"";"";"";"";"";"Master of Science in Engineering|Master of Science in Petroleum Engineering|Olie- og gastek.|kandidat";"Master of Science in Engineering|Master of Science in Petroleum Engineering|Olie- og gastek.|kandidat";"Master of Science in Engineering|Master of Science in Petroleum Engineering|Olie- og gastek.|kandidat";"und";"5795f14d6bbf232e70000893";"";"5795f14d6bbf232e70000893";"DTU Department of Chemical and Biochemical Engineering";"sorbit";"sorbit";"Modeling H2S and COS balances in underground natural gas storage facilities|Modellering af H2S og COS balancer i underjordiske naturgaslagre"
"";"dtu|dtupub|third_party";"";"2022-01-03T13:07:15.189Z";"Bouet, Augustin Louis Gabriel";"";"2306782103";"";"dtu";"2016";"";"";"";"";"thesis";"dtu|dtu_electronic|dtupub|dtupub_electronic";"";"";"";"";"";"";"";"";"";"";"";"";"";"Bygningsdesign|Master of Science in Engineering|Master og Science in Architectural Engineering|kandidat";"Bygningsdesign|Master of Science in Engineering|Master og Science in Architectural Engineering|kandidat";"Bygningsdesign|Master of Science in Engineering|Master og Science in Architectural Engineering|kandidat";"und";"5795f1c06bbf232e70000c44";"";"5795f1c06bbf232e70000c44";"DTU Department of Transport";"sorbit";"sorbit";"How to adapt infrastructures of transport to environmental, economic and social challenges?|Hvordan tilpasses transportinfrastrukturer til miljømæssige, økonomiske og sociale udfordringer?"
"";"dtu|dtupub|third_party";"";"2022-01-03T13:15:59.788Z";"Wolf, Leopold Andrej Stanko";"";"2292735346";"";"dtu";"2015";"";"";"";"";"thesis";"dtu|dtu_electronic|dtupub|dtupub_electronic";"";"";"";"";"";"";"";"";"";"";"";"";"";"Elektrotek.|Master of Science in Electrical Engineering|Master of Science in Engineering|kandidat";"Elektrotek.|Master of Science in Electrical Engineering|Master of Science in Engineering|kandidat";"Elektrotek.|Master of Science in Electrical Engineering|Master of Science in Engineering|kandidat";"und";"56d754b0bf194551020003a3";"";"56d754b0bf194551020003a3";"DTU Department of Electrical Engineering";"sorbit";"sorbit";"Optimization of acoustic probes for hearing diagnostics|Optimering af akustiske prober til diagnostik af hørelsen"
"";"dtu|dtupub|third_party";"";"2022-01-06T23:53:33.737Z";"Yazdanbakhsh, Seyed Alireza";"";"2305633438";"";"dtu";"2016";"";"";"";"";"thesis";"dtu|dtu_electronic|dtupub|dtupub_electronic";"";"";"";"";"";"";"";"";"";"";"";"";"";"Master of Science in Engineering|Master of Science in Materials and Manufacturing Engineering|Materialetek.|kandidat";"Master of Science in Engineering|Master of Science in Materials and Manufacturing Engineering|Materialetek.|kandidat";"Master of Science in Engineering|Master of Science in Materials and Manufacturing Engineering|Materialetek.|kandidat";"und";"575ea707e6f951534a00eb32";"";"575ea707e6f951534a00eb32";"DTU Department of Civil and Mechanical Engineering";"sorbit";"sorbit";"Development of a metrological artefact for measurements on sand surfaces|Udvikling af et metrologisk artefakt til opmaling pa sand-overflader"
"";"dtu|dtupub|third_party";"";"2022-01-03T13:16:27.938Z";"Jarnit, Simon";"";"2306667994";"";"dtu";"2016";"";"";"";"";"thesis";"dtu|dtu_electronic|dtupub|dtupub_electronic";"";"";"";"";"";"";"";"";"";"";"";"";"";"Akvatisk teknologi|Master in Science in Aquatic Science and Technology|Master of Science in Engineering|kandidat";"Akvatisk teknologi|Master in Science in Aquatic Science and Technology|Master of Science in Engineering|kandidat";"Akvatisk teknologi|Master in Science in Aquatic Science and Technology|Master of Science in Engineering|kandidat";"und";"578f59cb6bbf232e700002d6";"";"578f59cb6bbf232e700002d6";"DTU National Institute of Aquatic Resources";"sorbit";"sorbit";"Physiological and behavioral response among Atlantic cod (Gadus morhua) to the usage of an underwater time of flight image acquisition system based on LiDAR technology|Fysiologisk- og adfærdsmæssig reaktion hos torsk (Gadus morhua) pa brugen af et undervands-laser system baseret pa LiDAR teknologi"
"";"dtu|dtupub|third_party";"";"2022-01-03T13:12:02.853Z";"Jensen, Kaare Rievers|Palsson, Svavar Melberg";"";"2292735825";"";"dtu";"2015";"";"";"";"";"thesis";"dtu|dtu_electronic|dtupub_external";"";"";"";"";"";"";"";"";"";"";"";"";"";"Digitale medietek.|Master of Science in Digital Media Engineering|Master of Science in Engineering|kandidat";"Digitale medietek.|Master of Science in Digital Media Engineering|Master of Science in Engineering|kandidat";"Digitale medietek.|Master of Science in Digital Media Engineering|Master of Science in Engineering|kandidat";"und";"56d754b3bf19455102000526";"";"56d754b3bf19455102000526";"DTU Department of Applied Mathematics and Computer Science";"sorbit";"sorbit";"The effects of illumination on levels of stress|Belysningens pavirking pa niveauer af stress"
"";"dtu|dtupub|third_party";"";"2022-01-03T13:12:10.782Z";"Pantelakis, Antonios|Pantelide, Georgia";"";"2292736670";"";"dtu";"2015";"";"";"";"";"thesis";"dtu|dtu_electronic|dtupub|dtupub_electronic";"";"";"";"";"";"";"";"";"";"";"";"";"";"Master of Science in Engineering|Master of Science in Petroleum Engineering|Olie- og gastek.|kandidat";"Master of Science in Engineering|Master of Science in Petroleum Engineering|Olie- og gastek.|kandidat";"Master of Science in Engineering|Master of Science in Petroleum Engineering|Olie- og gastek.|kandidat";"und";"56d754b7bf1945510200074e";"";"56d754b7bf1945510200074e";"DTU Department of Chemistry";"sorbit";"sorbit";"Phase behavior study of hydrocarbon mixtures with an HPHT PVT apparatus|Phase behavior study of hydrocarbon mixtures with an HPHT PVT apparatus"
"";"dtu|dtupub|third_party";"";"2022-01-03T13:15:45.541Z";"Hullfish, Jeffrey Andrew";"";"2292735821";"";"dtu";"2015";"";"";"";"";"thesis";"dtu|dtu_electronic|dtupub|dtupub_electronic";"";"";"";"";"";"";"";"";"";"";"";"";"";"Akustisk tek.|Master of Science in Engineering|Master of Science in Engineering Acoustics|kandidat";"Akustisk tek.|Master of Science in Engineering|Master of Science in Engineering Acoustics|kandidat";"Akustisk tek.|Master of Science in Engineering|Master of Science in Engineering Acoustics|kandidat";"und";"56d754b3bf19455102000522";"";"56d754b3bf19455102000522";"DTU Department of Electrical Engineering";"sorbit";"sorbit";"Optimization of chirp stimuli for recording auditory brainstem responses|Optimering af chirp signaler til optagelse af hjernestammeresponser"
"";"dtu|dtupub|third_party";"";"2022-01-03T13:15:46.597Z";"Kristensen, Jeppe Majlund";"";"2292736498";"";"dtu";"2015";"";"";"";"";"thesis";"dtu|dtu_electronic|dtupub|dtupub_electronic";"";"";"";"";"";"";"";"";"";"";"";"";"";"Byggetek.|Master of Science in Civil Engineering|Master of Science in Engineering|kandidat";"Byggetek.|Master of Science in Civil Engineering|Master of Science in Engineering|kandidat";"Byggetek.|Master of Science in Civil Engineering|Master of Science in Engineering|kandidat";"und";"56d754b7bf194551020006de";"";"56d754b7bf194551020006de";"DTU Department of Civil Engineering";"sorbit";"sorbit";"Dowel Joints in Tempered Glass - Numerical Investigation of Groups of Dowels|Dornsamlinger i hærdet glas -Numerisk undersøgelse af dorngrupper"
"";"dtu|dtupub|third_party";"";"2022-01-03T13:11:08.337Z";"Anastasiadou, Anastasia";"";"2292735044";"";"dtu";"2015";"";"";"";"";"thesis";"dtu|dtu_electronic|dtupub_external";"";"";"";"";"";"";"";"";"";"";"";"";"";"gæst dk";"gæst dk";"gæst dk";"und";"56d754aebf194551020002d8";"";"56d754aebf194551020002d8";"DTU DTU National Food Institute";"sorbit";"sorbit";"Mechanisms-of-action of effects caused by anti-androgenic compounds on fetal rat testis development|Virkningsmekanismer for effekter forarsaget af anti-androgene stoffer pa udvikling af føtale rottetestikler."
"";"dtu|dtupub|third_party";"";"2022-01-03T13:15:28.020Z";"Martens, Sebastian";"";"2292737180";"";"dtu";"2015";"";"";"";"";"thesis";"dtu|dtu_electronic|dtupub|dtupub_electronic";"";"";"";"";"";"";"";"";"";"";"";"";"";"Elektrotek.|Master of Science in Electrical Engineering|Master of Science in Engineering|kandidat";"Elektrotek.|Master of Science in Electrical Engineering|Master of Science in Engineering|kandidat";"Elektrotek.|Master of Science in Electrical Engineering|Master of Science in Engineering|kandidat";"und";"56d754b9bf194551020008f2";"";"56d754b9bf194551020008f2";"DTU Department of Electrical Engineering";"sorbit";"sorbit";"Investigation of Electric and Magnetic Faults in Wind Turbine Generators|Undersøgelse af elektriske og magnetiske fejl i vindmøllegeneratorer"
"";"dtu|dtupub|third_party";"";"2022-01-03T13:11:10.512Z";"Kure, Gabriel Rønne";"";"2292737411";"";"dtu";"2015";"";"";"";"";"thesis";"dtu|dtu_electronic|dtupub_external";"";"";"";"";"";"";"";"";"";"";"";"";"";"Design og inn.|Master of Science in Design and Innovation|Master of Science in Engineering|kandidat";"Design og inn.|Master of Science in Design and Innovation|Master of Science in Engineering|kandidat";"Design og inn.|Master of Science in Design and Innovation|Master of Science in Engineering|kandidat";"und";"56d754babf194551020009b3";"";"56d754babf194551020009b3";"DTU Department of Civil and Mechanical Engineering";"sorbit";"sorbit";"New retention and comfort in earcanal devices with the RPP method|Bedre fastholdelse og komfort for øregangsenheder med RPP metoden"
"";"dtu|dtupub|third_party";"";"2022-01-03T13:15:31.376Z";"Nielsen, Anders Michael|Hughes, Benjamin Dalsgaard";"";"2292737515";"";"dtu";"2015";"";"";"";"";"thesis";"dtu|dtu_electronic|dtupub|dtupub_electronic";"";"";"";"";"";"";"";"";"";"";"";"";"";"Digitale medietek.|Master of Science in Digital Media Engineering|Master of Science in Engineering|kandidat";"Digitale medietek.|Master of Science in Digital Media Engineering|Master of Science in Engineering|kandidat";"Digitale medietek.|Master of Science in Digital Media Engineering|Master of Science in Engineering|kandidat";"und";"56d754bbbf19455102000a0b";"";"56d754bbbf19455102000a0b";"DTU Department of Applied Mathematics and Computer Science";"sorbit";"sorbit";"Real-time suggestions for improving engagement of social media posts using machine learning|Real-tids forslag til forbedring af omtale af sociale medie posts ved brug af machine learning"
"";"dtu|dtupub|third_party";"";"2022-01-03T13:16:21.075Z";"Andersen, Jeppe Bo";"";"2292734100";"";"dtu";"2016";"";"";"";"";"thesis";"dtu|dtu_electronic|dtupub|dtupub_electronic";"";"";"";"";"";"";"";"";"";"";"";"";"";"Master of Science in Engineering|Master of Science in Mathematical Modelling and Computation|Mat. modellering|kandidat";"Master of Science in Engineering|Master of Science in Mathematical Modelling and Computation|Mat. modellering|kandidat";"Master of Science in Engineering|Master of Science in Mathematical Modelling and Computation|Mat. modellering|kandidat";"und";"56d754a9bf19455102000073";"";"56d754a9bf19455102000073";"DTU Department of Applied Mathematics and Computer Science";"sorbit";"sorbit";"Hybrid Data Impedance Tomography with the Complete Electrode Model|Impedanstomografi med hybrid data baseret pa den fuldstændige elektrodemodel"
"";"dtu|dtupub|third_party";"";"2022-01-03T13:16:22.318Z";"Torbensen, Kasper";"";"2524896211";"";"dtu";"2016";"";"";"";"";"thesis";"dtu|dtu_electronic|dtupub_external";"";"";"";"";"";"";"";"";"";"";"";"";"";"Master of Science in Engineering|Master of Science in Petroleum Engineering|Olie- og gastek.|kandidat|ph.d";"Master of Science in Engineering|Master of Science in Petroleum Engineering|Olie- og gastek.|kandidat|ph.d";"Master of Science in Engineering|Master of Science in Petroleum Engineering|Olie- og gastek.|kandidat|ph.d";"und";"575ea730e6f951534a00ed44";"";"575ea730e6f951534a00ed44";"DTU Department of Chemical and Biochemical Engineering";"sorbit";"sorbit";"Proactive well workover & maintenance model|Proaktiv model for vedligeholdelse af oliebrønd"
"";"dtu|dtupub|third_party";"";"2022-01-03T13:16:28.585Z";"Frausing, Rasmus|Hartz, Benjamin Arnold Krekeler";"";"2345898672";"";"dtu";"2016";"";"";"";"";"thesis";"dtu|dtu_electronic|dtupub|dtupub_electronic";"";"";"";"";"";"";"";"";"";"";"";"";"";"Konst. og mekanik|Master of Science in Engineering|Master of Science in Engineering Design and Applied Mechanics|kandidat";"Konst. og mekanik|Master of Science in Engineering|Master of Science in Engineering Design and Applied Mechanics|kandidat";"Konst. og mekanik|Master of Science in Engineering|Master of Science in Engineering Design and Applied Mechanics|kandidat";"und";"57e8ffc0bf85a9107600005a";"";"57e8ffc0bf85a9107600005a";"DTU Department of Civil and Mechanical Engineering";"sorbit";"sorbit";"Design, Construction and Testing of a Small IC Engine|Design, konstruktion og testning af en lille forbrændingsmotor"
"";"dtu|dtupub|third_party";"";"2022-01-03T13:11:47.867Z";"Salek, Shaparak";"";"2292735151";"";"dtu";"2015";"";"";"";"";"thesis";"dtu|dtu_electronic|dtupub|dtupub_electronic";"";"";"";"";"";"";"";"";"";"";"";"";"";"Master of Science in Engineering|Master of Science in Petroleum Engineering|Olie- og gastek.|kandidat";"Master of Science in Engineering|Master of Science in Petroleum Engineering|Olie- og gastek.|kandidat";"Master of Science in Engineering|Master of Science in Petroleum Engineering|Olie- og gastek.|kandidat";"und";"56d754afbf19455102000321";"";"56d754afbf19455102000321";"DTU Department of Space Research and Space Technology";"sorbit";"sorbit";"Seismic amplitudes in hydrocarbon exploration|Seismiske amplituder i olie-gas efterforskning"
"";"dtu|dtupub|third_party";"";"2022-01-03T13:11:54.080Z";"Pinilla, Inigo Jose Herrero";"";"2292735841";"";"dtu";"2015";"";"";"";"";"thesis";"dtu|dtu_electronic|dtupub|dtupub_electronic";"";"";"";"";"";"";"";"";"";"";"";"";"";"gæst udl.";"gæst udl.";"gæst udl.";"und";"56d754b3bf19455102000537";"";"56d754b3bf19455102000537";"DTU Department of Transport";"sorbit";"sorbit";"Performance assessment of the Scandinavian-Mediterranean corridor on the basis of the relevant Transport Market Study|Analyse af performance for Skandinavien-Middelhavet korridoren pa basis af den relevante transportmarkedsundersøgelse"
"";"dtu|dtupub|third_party";"";"2022-01-03T13:12:03.820Z";"Sioutas, Fotios";"";"2292736104";"";"dtu";"2015";"";"";"";"";"thesis";"dtu|dtu_electronic|dtupub|dtupub_electronic";"";"";"";"";"";"";"";"";"";"";"";"";"";"Master of Science in Engineering|Master of Science in Wind Energy|Vindenergi|kandidat";"Master of Science in Engineering|Master of Science in Wind Energy|Vindenergi|kandidat";"Master of Science in Engineering|Master of Science in Wind Energy|Vindenergi|kandidat";"und";"56d754b5bf194551020005f7";"";"56d754b5bf194551020005f7";"DTU Department of Wind and Energy Systems";"sorbit";"sorbit";"Investigation of aerodynamics of Controllable Rubber Trailing Edge Flaps (CRTEF) based on experimental data|Undersøgelse af aerodynamikken for Controllable Rubber Trailing Edge Flaps (CRTEF) baseret pa eksperimentelle data"
"";"dtu|dtupub|third_party";"";"2022-01-03T13:15:50.783Z";"Nielsen, Anders Damgaard";"";"2292736077";"";"dtu";"2015";"";"";"";"";"thesis";"dtu|dtu_electronic|dtupub_external";"";"";"";"";"";"";"";"";"";"";"";"";"";"Bæredygtig energi|Master of Science in Engineering|Master of Science in Sustainable Energy|kandidat";"Bæredygtig energi|Master of Science in Engineering|Master of Science in Sustainable Energy|kandidat";"Bæredygtig energi|Master of Science in Engineering|Master of Science in Sustainable Energy|kandidat";"und";"56d754b5bf194551020005e3";"";"56d754b5bf194551020005e3";"DTU Department of Chemical and Biochemical Engineering";"sorbit";"sorbit";"Characterisation and valorisation of industrial lignin products|Karakterisering og opgradering af industrielle lignin produkter"
"";"dtu|dtupub|third_party";"";"2022-01-03T13:12:13.539Z";"Ryt-Hansen, Pia";"";"2292735647";"";"dtu";"2015";"";"";"";"";"thesis";"dtu|dtu_electronic|dtupub|dtupub_electronic";"";"";"";"";"";"";"";"";"";"";"";"";"";"gæst dk";"gæst dk";"gæst dk";"und";"56d754b2bf19455102000492";"";"56d754b2bf19455102000492";"DTU National Veterinary Institute";"sorbit";"sorbit";"Investigation of the diversity of feline coronavirus using NGS-methods|Undersøgelse af diversiteten af FIP isolater ved NGS"
"";"dtu|dtupub|third_party";"";"2022-01-03T13:07:53.590Z";"Fischer, Astrid Winther";"";"2319852020";"";"dtu";"2016";"";"";"";"";"thesis";"dtu|dtu_electronic|dtupub|dtupub_electronic";"";"";"";"";"";"";"";"";"";"";"";"";"";"Byggetek.|Master of Science in Civil Engineering|Master of Science in Engineering|kandidat";"Byggetek.|Master of Science in Civil Engineering|Master of Science in Engineering|kandidat";"Byggetek.|Master of Science in Civil Engineering|Master of Science in Engineering|kandidat";"und";"57b04f3f9baf2b177e000099";"";"57b04f3f9baf2b177e000099";"DTU Department of Civil Engineering";"sorbit";"sorbit";"Modeling of Slotted Cold Formed Steel Members|Modellering af slidsede koldformede profiler"
"";"dtu|dtupub|third_party";"";"2022-01-06T23:53:51.279Z";"Ntosti, Georgia Vasiliki";"";"2307050827";"";"dtu";"2016";"";"";"";"";"thesis";"dtu|dtu_electronic|dtupub|dtupub_electronic";"";"";"";"";"";"";"";"";"";"";"";"";"";"Bæredygtig energi|Master of Science in Engineering|Master of Science in Sustainable Energy|kandidat";"Bæredygtig energi|Master of Science in Engineering|Master of Science in Sustainable Energy|kandidat";"Bæredygtig energi|Master of Science in Engineering|Master of Science in Sustainable Energy|kandidat";"und";"57a3205c12855c654e0002c9";"";"57a3205c12855c654e0002c9";"DTU Department of Civil Engineering";"sorbit";"sorbit";"Hydronic heating and cooling systems integrated with ventilation in low-energy buildings|Vandbaserede varme- og kølesystemer med integreret ventilation i lav-energibygninger"
"";"dtu|dtupub|third_party";"";"2022-01-03T13:12:23.210Z";"Nielsen, Jonas";"";"2292734150";"";"dtu";"2016";"";"";"";"";"thesis";"dtu|dtu_electronic|dtupub|dtupub_electronic";"";"";"";"";"";"";"";"";"";"";"";"";"";"Master of Science in Engineering|Master of Science in Mathematical Modelling and Computation|Mat. modellering|kandidat";"Master of Science in Engineering|Master of Science in Mathematical Modelling and Computation|Mat. modellering|kandidat";"Master of Science in Engineering|Master of Science in Mathematical Modelling and Computation|Mat. modellering|kandidat";"und";"56d754a9bf19455102000092";"";"56d754a9bf19455102000092";"DTU Department of Applied Mathematics and Computer Science";"sorbit";"sorbit";"Shape Reconstruction from Truss Topologies|Rekonstruktion af former fra skeletstrukturer"
"";"dtu|dtupub|third_party";"";"2022-01-06T23:53:54.182Z";"Jensen, Morten Obitsø Troldtoft";"";"2328004488";"";"dtu";"2016";"";"";"";"";"thesis";"dtu|dtu_electronic|dtupub_external";"";"";"";"";"";"";"";"";"";"";"";"";"";"Konst. og mekanik|Master of Science in Engineering|Master of Science in Engineering Design and Applied Mechanics|kandidat";"Konst. og mekanik|Master of Science in Engineering|Master of Science in Engineering Design and Applied Mechanics|kandidat";"Konst. og mekanik|Master of Science in Engineering|Master of Science in Engineering Design and Applied Mechanics|kandidat";"und";"57b2f250272bfcc23000008f";"";"57b2f250272bfcc23000008f";"DTU Department of Civil and Mechanical Engineering";"sorbit";"sorbit";"Investigation of Robustness and Product Quality for the new Biatain® Silicone production line platform at Coloplast A/S|Undersøgelse af Robusthed og Produktkvalitet for den nye Biatain® Silicone produktionslinje platform ved Coloplast A/S"
"";"dtu|dtupub|third_party";"";"2022-01-03T13:08:04.488Z";"Szanyi, Márton László";"";"2342057183";"";"dtu";"2016";"";"";"";"";"thesis";"dtu|dtu_electronic|dtupub_external";"";"";"";"";"";"";"";"";"";"";"";"";"";"Master of Science in Engineering|Master of Science in Petroleum Engineering|Olie- og gastek.|kandidat";"Master of Science in Engineering|Master of Science in Petroleum Engineering|Olie- og gastek.|kandidat";"Master of Science in Engineering|Master of Science in Petroleum Engineering|Olie- og gastek.|kandidat";"und";"57becfd5febd22f360000216";"";"57becfd5febd22f360000216";"DTU Department of Chemistry";"sorbit";"sorbit";"Near-wellbore flow modeling with Computational Fluid Dynamics|Modellering af strømning omkring oliebrønde med Computational Fluid Dynamics"
"";"dtu|dtupub|third_party";"";"2022-01-03T13:08:04.433Z";"Balaz, Viktor";"";"2345706311";"";"dtu";"2016";"";"";"";"";"thesis";"dtu|dtu_electronic|dtupub|dtupub_electronic";"";"";"";"";"";"";"";"";"";"";"";"";"";"Byggetek.|Master of Science in Civil Engineering|Master of Science in Engineering|kandidat";"Byggetek.|Master of Science in Civil Engineering|Master of Science in Engineering|kandidat";"Byggetek.|Master of Science in Civil Engineering|Master of Science in Engineering|kandidat";"und";"57e65cc1bf85a91076000044";"";"57e65cc1bf85a91076000044";"DTU Department of Civil Engineering";"sorbit";"sorbit";"Single fiber pullout of steel fibers from concrete|Enkelt fiber tilbagetrækningen af stalfibre fra beton"
"";"dtu|dtupub|third_party";"";"2022-01-03T13:16:31.687Z";"Stoynova, Irina Valentinova|Yanakiev, Veselin Milenov";"";"2306791761";"";"dtu";"2016";"";"";"";"";"thesis";"dtu|dtu_electronic|dtupub|dtupub_electronic";"";"";"";"";"";"";"";"";"";"";"";"";"";"Digitale medietek.|Master of Science in Digital Media Engineering|Master of Science in Engineering|kandidat";"Digitale medietek.|Master of Science in Digital Media Engineering|Master of Science in Engineering|kandidat";"Digitale medietek.|Master of Science in Digital Media Engineering|Master of Science in Engineering|kandidat";"und";"579743e76bbf232e7000110c";"";"579743e76bbf232e7000110c";"DTU Department of Applied Mathematics and Computer Science";"sorbit";"sorbit";"Prototyping for games using Augmented Reality in Unity3D|Prototyping til spil ved hjælp af Augmented Reality i Unity3D"
"";"dtu|dtupub|third_party";"";"2022-01-03T13:16:39.694Z";"Bjerre, Lærke Cecilie";"";"2347704597";"";"dtu";"2016";"";"";"";"";"thesis";"dtu|dtu_electronic|dtupub|dtupub_electronic";"";"";"";"";"";"";"";"";"";"";"";"";"";"Bygningsdesign|Master of Science in Engineering|Master og Science in Architectural Engineering|kandidat";"Bygningsdesign|Master of Science in Engineering|Master og Science in Architectural Engineering|kandidat";"Bygningsdesign|Master of Science in Engineering|Master og Science in Architectural Engineering|kandidat";"und";"580b46bf0eaf79e53f000022";"";"580b46bf0eaf79e53f000022";"DTU Department of Civil Engineering";"sorbit";"sorbit";"Investigation of Comfort-related Parameters in Urban Environments|Undersøgelse af komfort-relaterede parametre i urbane miljøer"
"";"dtu|dtupub|third_party";"";"2022-01-03T13:13:04.412Z";"McGowan, Jonathan Arthur Lecker";"";"2306958854";"";"dtu";"2016";"";"";"";"";"thesis";"dtu|dtu_electronic|dtupub_external";"";"";"";"";"";"";"";"";"";"";"";"";"";"Elektrotek.|Master of Science in Electrical Engineering|Master of Science in Engineering|kandidat";"Elektrotek.|Master of Science in Electrical Engineering|Master of Science in Engineering|kandidat";"Elektrotek.|Master of Science in Electrical Engineering|Master of Science in Engineering|kandidat";"und";"57a07d5f6bbf232e700019ec";"";"57a07d5f6bbf232e700019ec";"DTU Department of Applied Mathematics and Computer Science";"sorbit";"sorbit";"Wind Turbine Ice Detection Based on Blade Image Analysis|Detektion af is pa vindmøllevinger ved hjælp af billedanalyse"
"";"dtu|dtupub|third_party";"";"2022-01-03T13:15:23.652Z";"Olsen, Jeppe Miki Busk";"";"2292737506";"";"dtu";"2015";"";"";"";"";"thesis";"dtu|dtu_electronic|dtupub|dtupub_electronic";"";"";"";"";"";"";"";"";"";"";"";"";"";"Fysik og nanotek.|Master of Science in Engineering|Master of Science in Physics and Nanotechnology|kandidat";"Fysik og nanotek.|Master of Science in Engineering|Master of Science in Physics and Nanotechnology|kandidat";"Fysik og nanotek.|Master of Science in Engineering|Master of Science in Physics and Nanotechnology|kandidat";"und";"56d754bbbf19455102000a04";"";"56d754bbbf19455102000a04";"DTU Department of Physics";"sorbit";"sorbit";"Investigations of coherent structures in magnetically confined plasmas|Undersøgelser af koherente strukturer i magnetisk indesluttede plasma"
"";"dtu|dtupub|third_party";"";"2022-01-03T13:13:06.043Z";"Plambech, Marie";"";"2350392521";"";"dtu";"2016";"";"";"";"";"thesis";"dtu|dtu_electronic|dtupub|dtupub_electronic";"";"";"";"";"";"";"";"";"";"";"";"";"";"Akvatisk Videnskab og Teknologi|Master in Science in Aquatic Science and Technology|Master of Science in Engineering|kandidat";"Akvatisk Videnskab og Teknologi|Master in Science in Aquatic Science and Technology|Master of Science in Engineering|kandidat";"Akvatisk Videnskab og Teknologi|Master in Science in Aquatic Science and Technology|Master of Science in Engineering|kandidat";"und";"586a40cf517181c45e000055";"";"586a40cf517181c45e000055";"DTU National Institute of Aquatic Resources";"sorbit";"sorbit";"Comparative analysis of growth changes in North Atlantic cod|Vækst hos torsk; en sammenligning mellem Nordatlantiske populationer"
"";"dtu|dtupub|third_party";"";"2022-01-03T13:16:22.884Z";"Petersen, Mads Holm";"";"2305633479";"";"dtu";"2016";"";"";"";"";"thesis";"dtu|dtu_electronic|dtupub_external";"";"";"";"";"";"";"";"";"";"";"";"";"";"Bæredygtig energi|Master of Science in Engineering|Master of Science in Sustainable Energy|kandidat";"Bæredygtig energi|Master of Science in Engineering|Master of Science in Sustainable Energy|kandidat";"Bæredygtig energi|Master of Science in Engineering|Master of Science in Sustainable Energy|kandidat";"und";"575ea782e6f951534a00f0dd";"";"575ea782e6f951534a00f0dd";"DTU Department of Civil and Mechanical Engineering";"sorbit";"sorbit";"Integration of heat pumps in industrial processes|Integration af varmepumper i industrielle processer"
"";"dtu|dtupub|third_party";"";"2022-01-03T13:16:03.820Z";"Haamann, Matthias Huygens";"";"2292734897";"";"dtu";"2015";"";"";"";"";"thesis";"dtu|dtu_electronic|dtupub|dtupub_electronic";"";"";"";"";"";"";"";"";"";"";"";"";"";"Informationstek.|Master of Science in Computer Science and Engineering|Master of Science in Engineering|kandidat";"Informationstek.|Master of Science in Computer Science and Engineering|Master of Science in Engineering|kandidat";"Informationstek.|Master of Science in Computer Science and Engineering|Master of Science in Engineering|kandidat";"und";"56d754aebf1945510200027e";"";"56d754aebf1945510200027e";"DTU Department of Applied Mathematics and Computer Science";"sorbit";"sorbit";"A proposal for a pluggable queuing system in the Open Source framework Drupal|Et forslag til et modulært køsystem for Open Source frameworket, Drupal"
"";"dtu|dtupub|third_party";"";"2022-01-03T13:15:46.530Z";"Maina, Lorenzo Ruggero";"";"2292736968";"";"dtu";"2015";"";"";"";"";"thesis";"dtu|dtu_electronic|dtupub|dtupub_electronic";"";"";"";"";"";"";"";"";"";"";"";"";"";"Bygningsdesign|Master of Science in Engineering|Master og Science in Architectural Engineering|kandidat";"Bygningsdesign|Master of Science in Engineering|Master og Science in Architectural Engineering|kandidat";"Bygningsdesign|Master of Science in Engineering|Master og Science in Architectural Engineering|kandidat";"und";"56d754b9bf19455102000835";"";"56d754b9bf19455102000835";"DTU Department of Civil Engineering";"sorbit";"sorbit";"A Holistic Method for Renovation of a Historical Building in the centre of Turin, Italy based on a Case Study|En holistisk metode til renovering af en historisk bygning i centrum af Torino, Italien baseret pa et casestudie"
"";"dtu|dtupub|third_party";"";"2022-01-03T13:07:15.169Z";"Larsen, Dennis Øland";"";"2292737178";"";"dtu";"2015";"";"";"";"";"thesis";"dtu|dtu_electronic|dtupub_external";"";"";"";"";"";"";"";"";"";"";"";"";"";"Elektrotek.|Master of Science in Electrical Engineering|Master of Science in Engineering|kandidat";"Elektrotek.|Master of Science in Electrical Engineering|Master of Science in Engineering|kandidat";"Elektrotek.|Master of Science in Electrical Engineering|Master of Science in Engineering|kandidat";"und";"56d754b9bf194551020008f0";"";"56d754b9bf194551020008f0";"DTU Department of Electrical Engineering";"sorbit";"sorbit";"Design of DC/DC converter for Li-Ion batteries in a Hearing Aid|Design af DC/DC konverter til Li-Ion batterier i høreapparater"
"";"dtu|dtupub|third_party";"";"2022-01-03T13:08:04.508Z";"Rasmussen, Anna Li";"";"2349391989";"";"dtu";"2016";"";"";"";"";"thesis";"dtu|dtu_electronic|dtupub_external";"";"";"";"";"";"";"";"";"";"";"";"";"";"Master of Science in Engineering|Master of Science in Medicine and Technology|Medicin og tek.|kandidat";"Master of Science in Engineering|Master of Science in Medicine and Technology|Medicin og tek.|kandidat";"Master of Science in Engineering|Master of Science in Medicine and Technology|Medicin og tek.|kandidat";"und";"584162527f9c2b212d00001e";"";"584162527f9c2b212d00001e";"DTU Department of Micro- and Nanotechnology";"sorbit";"sorbit";"Reversible Hydrogel Coating of Microfluidic Channel Walls|Reversibel hydrogelbelægning af mikrofluide kanalvægge"
"";"dtu|dtupub|third_party";"";"2022-01-03T13:08:09.775Z";"Bülow, Christian Alexander Køhl";"";"2313645716";"";"dtu";"2016";"";"";"";"";"thesis";"dtu|dtu_electronic|dtupub_external";"";"";"";"";"";"";"";"";"";"";"";"";"";"Bioteknologi|Master of Science in Biotechnology|Master of Science in Engineering|kandidat";"Bioteknologi|Master of Science in Biotechnology|Master of Science in Engineering|kandidat";"Bioteknologi|Master of Science in Biotechnology|Master of Science in Engineering|kandidat";"und";"57ab095d3fec415c3b000201";"";"57ab095d3fec415c3b000201";"DTU Department of Biotechnology and Biomedicine";"sorbit";"sorbit";"Identification of genes involved in liver development in zebrafish|Identifikation af gener involveret i leverudkvikling i zebrafisk"
"";"dtu|dtupub|third_party";"";"2022-01-03T13:15:58.999Z";"Kuijken, Lukas";"";"2292737520";"";"dtu";"2015";"";"";"";"";"thesis";"dtu|dtu_electronic|dtupub_external";"";"";"";"";"";"";"";"";"";"";"";"";"";"Master of Science in Engineering|Master of Science in Wind Energy|Vindenergi|kandidat";"Master of Science in Engineering|Master of Science in Wind Energy|Vindenergi|kandidat";"Master of Science in Engineering|Master of Science in Wind Energy|Vindenergi|kandidat";"und";"56d754bbbf19455102000a11";"";"56d754bbbf19455102000a11";"DTU Department of Wind and Energy Systems";"sorbit";"sorbit";"Single Blade Installation for Large Wind Turbines in Extreme Wind Conditions. A Quasi-Steady Aerolasticity Study in High Wind Speeds under Different Inflow Angles|Enkeltvingeinstallation for store offshore vindmøller. Kvasistationær analyse for forskellige vindretninger"
"";"dtu|dtupub|third_party";"";"2022-01-03T13:15:16.034Z";"Berdowski, Thomas Jan";"";"2292736956";"";"dtu";"2015";"";"";"";"";"thesis";"dtu|dtu_electronic|dtupub|dtupub_electronic";"";"";"";"";"";"";"";"";"";"";"";"";"";"Master of Science in Engineering|Master of Science in Wind Energy|Vindenergi|kandidat";"Master of Science in Engineering|Master of Science in Wind Energy|Vindenergi|kandidat";"Master of Science in Engineering|Master of Science in Wind Energy|Vindenergi|kandidat";"und";"56d754b8bf19455102000829";"";"56d754b8bf19455102000829";"DTU Department of Civil and Mechanical Engineering";"sorbit";"sorbit";"3D particle FMM method for wind energy simulations|3D partikel FMM metode for vind energi beregninger"
"";"dtu|dtupub|third_party";"";"2022-01-03T13:16:01.697Z";"Topcu, Gørkem";"";"2292734756";"";"dtu";"2016";"";"";"";"";"thesis";"dtu|dtu_electronic|dtupub_external";"";"";"";"";"";"";"";"";"";"";"";"";"";"Byggetek.|Master of Science in Civil Engineering|Master of Science in Engineering|kandidat";"Byggetek.|Master of Science in Civil Engineering|Master of Science in Engineering|kandidat";"Byggetek.|Master of Science in Civil Engineering|Master of Science in Engineering|kandidat";"und";"56d754adbf1945510200021e";"";"56d754adbf1945510200021e";"DTU Department of Civil and Mechanical Engineering";"sorbit";"sorbit";"Design and structural optimization of a large trailer deck for an innovative RoRo vessel|Design og styrkeoptimering af stort skibsdæk til lastbiler"
"";"dtu|dtupub|third_party";"";"2022-01-06T23:53:47.410Z";"Schmidt, Ricky Daniel";"";"2305633360";"";"dtu";"2016";"";"";"";"";"thesis";"dtu|dtu_electronic|dtupub_external";"";"";"";"";"";"";"";"";"";"";"";"";"";"Anvendt kemi|Master of Science in Advanced and Applied Chemistry|Master of Science in Engineering|kandidat";"Anvendt kemi|Master of Science in Advanced and Applied Chemistry|Master of Science in Engineering|kandidat";"Anvendt kemi|Master of Science in Advanced and Applied Chemistry|Master of Science in Engineering|kandidat";"und";"575ea624e6f951534a00e0a1";"";"575ea624e6f951534a00e0a1";"DTU Department of Chemical and Biochemical Engineering";"sorbit";"sorbit";"Polymeric materials for medical applications|Polymermaterialer til medicinske anvendelse."
"";"dtu|dtupub|third_party";"";"2022-01-03T13:16:21.059Z";"Hanusarson, Tummas Pauli";"";"2305633418";"";"dtu";"2016";"";"";"";"";"thesis";"dtu|dtu_electronic|dtupub|dtupub_electronic";"";"";"";"";"";"";"";"";"";"";"";"";"";"Master of Science in Engineering|Master of Science in Petroleum Engineering|Olie- og gastek.|kandidat";"Master of Science in Engineering|Master of Science in Petroleum Engineering|Olie- og gastek.|kandidat";"Master of Science in Engineering|Master of Science in Petroleum Engineering|Olie- og gastek.|kandidat";"und";"575ea6dae6f951534a00e91a";"";"575ea6dae6f951534a00e91a";"DTU Department of Civil Engineering";"sorbit";"sorbit";"Rate-dependent compaction of chalk and porefluid influence|Rateafhængig kompaktion af kridt og porevæskens indflydelse"
"";"dtu|dtupub|third_party";"";"2022-01-03T13:09:02.958Z";"Rønnow, Sarah";"";"2306921144";"";"dtu";"2016";"";"";"";"";"thesis";"dtu|dtu_electronic|dtupub_external";"";"";"";"";"";"";"";"";"";"";"";"";"";"Farmateknologi|Master of Science in Engineering|Master of Science in Pharmaceutical Design and Engineering|kandidat";"Farmateknologi|Master of Science in Engineering|Master of Science in Pharmaceutical Design and Engineering|kandidat";"Farmateknologi|Master of Science in Engineering|Master of Science in Pharmaceutical Design and Engineering|kandidat";"und";"579dda426bbf232e7000149f";"";"579dda426bbf232e7000149f";"DTU National Veterinary Institute";"sorbit";"sorbit";"Optimization and validation of an ex vivo rat model for the screening of novel treatments for idiopathic pulmonary fibrosis|Optimering og validering af en ex vivo rottemodel for screening af nye behandlingsmetoder for idiopatisk lungefibrose."
"";"dtu|dtupub|third_party";"";"2022-01-03T13:07:54.793Z";"Nielsen, Marie Rugholm";"";"2347254804";"";"dtu";"2016";"";"";"";"";"thesis";"dtu|dtu_electronic|dtupub|dtupub_electronic";"";"";"";"";"";"";"";"";"";"";"";"";"";"Bygningsdesign|Master of Science in Engineering|Master og Science in Architectural Engineering|kandidat";"Bygningsdesign|Master of Science in Engineering|Master og Science in Architectural Engineering|kandidat";"Bygningsdesign|Master of Science in Engineering|Master og Science in Architectural Engineering|kandidat";"und";"57ff693f7029475979000006";"";"57ff693f7029475979000006";"DTU Department of Civil Engineering";"sorbit";"sorbit";"Modelling and performance of self-regulating hydronic heating and cooling systems|Selv-regulerende vandbarne varme og kølesystemer - modellering og performance"
"";"dtu|dtupub|third_party";"";"2022-01-03T13:12:51.824Z";"Greve, Anna Maria";"";"2347739245";"";"dtu";"2016";"";"";"";"";"thesis";"dtu|dtu_electronic|dtupub_external";"";"";"";"";"";"";"";"";"";"";"";"";"";"Master of Science in Engineering|Master of Science in Engineering Management|Planl. innovation og led.|kandidat";"Master of Science in Engineering|Master of Science in Engineering Management|Planl. innovation og led.|kandidat";"Master of Science in Engineering|Master of Science in Engineering Management|Planl. innovation og led.|kandidat";"und";"580f3b3e5262fa0f0e000000";"";"580f3b3e5262fa0f0e000000";"DTU Department of Technology, Management and Economics";"sorbit";"sorbit";"A case analysis of IT implementation in a manufacturing company|En case analyse af IT implementering i en produktionsvirksomhed"
"";"dtu|dtupub|third_party";"";"2022-01-03T13:11:34.820Z";"Sanchez, Pablo Martinez";"";"2292737127";"";"dtu";"2015";"";"";"";"";"thesis";"dtu|dtu_electronic|dtupub_external";"";"";"";"";"";"";"";"";"";"";"";"";"";"Elektrotek.|Master of Science in Electrical Engineering|Master of Science in Engineering|kandidat";"Elektrotek.|Master of Science in Electrical Engineering|Master of Science in Engineering|kandidat";"Elektrotek.|Master of Science in Electrical Engineering|Master of Science in Engineering|kandidat";"und";"56d754b9bf194551020008bf";"";"56d754b9bf194551020008bf";"DTU Department of Electrical Engineering";"sorbit";"sorbit";"Reactive power regulation for solar PV integration at LV grid|Styring af reaktiv effekt for Solceller tilsluttet lavspændingsnettet"
"";"dtu|dtupub|third_party";"";"2022-01-03T13:09:06.889Z";"Esposito, Angelo";"";"2346378780";"";"dtu";"2016";"";"";"";"";"thesis";"dtu|dtu_electronic|dtupub|dtupub_electronic";"";"";"";"";"";"";"";"";"";"";"";"";"";"gæst udl.";"gæst udl.";"gæst udl.";"und";"57f38bc15fef926e0f000007";"";"57f38bc15fef926e0f000007";"DTU Department of Applied Mathematics and Computer Science";"sorbit";"sorbit";"Audio Signal Processing Applications by Dynamically-Loaded Hardware Library (HLL) on Reconfigurable System-on-Chips|Audio-signal behandlende applikation med dynamisk loadet hardware library (HLL) for rekonfigurerbare System-on-Chips"
"";"dtu|dtupub|third_party";"";"2022-01-03T13:15:49.275Z";"Jelver, Line";"";"2292736761";"";"dtu";"2015";"";"";"";"";"thesis";"dtu|dtu_electronic|dtupub|dtupub_electronic";"";"";"";"";"";"";"";"";"";"";"";"";"";"Fysik og nanotek.|Master of Science in Engineering|Master of Science in Physics and Nanotechnology|kandidat";"Fysik og nanotek.|Master of Science in Engineering|Master of Science in Physics and Nanotechnology|kandidat";"Fysik og nanotek.|Master of Science in Engineering|Master of Science in Physics and Nanotechnology|kandidat";"und";"56d754b8bf19455102000786";"";"56d754b8bf19455102000786";"DTU Department of Physics";"sorbit";"sorbit";"Plasmons on the edge of MoS2 nano structures|Plasmoner pa kanten af MoS2 nanostrukturer"
"";"dtu|dtupub|third_party";"";"2022-01-11T08:43:41.451Z";"Troelsen, Karen Marie Frost";"";"2305907514";"";"dtu";"2016";"";"";"";"";"thesis";"dtu|dtu_electronic|dtupub_external";"";"";"";"";"";"";"";"";"";"";"";"";"";"åben udd.";"åben udd.";"åben udd.";"und";"57667b438d9f5dc14f000088";"";"57667b438d9f5dc14f000088";"DTU Department of Technology, Management and Economics";"sorbit";"sorbit";"APV og Trivselsmåling med udgangspunkt i kerneopgaven|APV og Trivselsmaling med udgangspunkt i kerneopgaven"
"";"dtu|dtupub|third_party";"";"2022-01-03T13:15:24.961Z";"Christoffersen, Mathias";"";"2292737517";"";"dtu";"2015";"";"";"";"";"thesis";"dtu|dtu_electronic|dtupub|dtupub_electronic";"";"";"";"";"";"";"";"";"";"";"";"";"";"Elektrotek.|Master of Science in Electrical Engineering|Master of Science in Engineering|kandidat";"Elektrotek.|Master of Science in Electrical Engineering|Master of Science in Engineering|kandidat";"Elektrotek.|Master of Science in Electrical Engineering|Master of Science in Engineering|kandidat";"und";"56d754bbbf19455102000a0f";"";"56d754bbbf19455102000a0f";"DTU Department of Electrical Engineering";"sorbit";"sorbit";"Grid Planning of Low Voltage Feeder Lines with Residential Heat Pump Loads|Netplanlægning af lavspændingsradialer i boligomrader med varmepumpebelastninger"
"";"dtu|dtupub|third_party";"";"2022-01-03T13:15:32.822Z";"Nemli, Ibrahim";"";"2292737510";"";"dtu";"2015";"";"";"";"";"thesis";"dtu|dtu_electronic|dtupub|dtupub_electronic";"";"";"";"";"";"";"";"";"";"";"";"";"";"Informationstek.|Master of Science in Computer Science and Engineering|Master of Science in Engineering|kandidat";"Informationstek.|Master of Science in Computer Science and Engineering|Master of Science in Engineering|kandidat";"Informationstek.|Master of Science in Computer Science and Engineering|Master of Science in Engineering|kandidat";"und";"56d754bbbf19455102000a08";"";"56d754bbbf19455102000a08";"DTU Department of Applied Mathematics and Computer Science";"sorbit";"sorbit";"Generating LTS for insider attack|Generering af LTS for insider-angreb"
"";"dtu|dtupub|third_party";"";"2022-01-03T13:15:54.581Z";"Kjær, Jacob";"";"2292735277";"";"dtu";"2015";"";"";"";"";"thesis";"dtu|dtu_electronic|dtupub_external";"";"";"";"";"";"";"";"";"";"";"";"";"";"Digitale medietek.|Master of Science in Digital Media Engineering|Master of Science in Engineering|kandidat";"Digitale medietek.|Master of Science in Digital Media Engineering|Master of Science in Engineering|kandidat";"Digitale medietek.|Master of Science in Digital Media Engineering|Master of Science in Engineering|kandidat";"und";"56d754b0bf19455102000373";"";"56d754b0bf19455102000373";"DTU Department of Applied Mathematics and Computer Science";"sorbit";"sorbit";"Systems Architecture Design and Narration Tools for Social Turn Based Games|Design af system arkitektur og fortælle værktøjer til tur baserede spil"
"";"dtu|dtupub|third_party";"";"2022-01-03T13:15:50.786Z";"Oikonomidis, Ioannis";"";"2292735585";"";"dtu";"2015";"";"";"";"";"thesis";"dtu|dtu_electronic|dtupub|dtupub_electronic";"";"";"";"";"";"";"";"";"";"";"";"";"";"Informationstek.|Master of Science in Computer Science and Engineering|Master of Science in Engineering|kandidat";"Informationstek.|Master of Science in Computer Science and Engineering|Master of Science in Engineering|kandidat";"Informationstek.|Master of Science in Computer Science and Engineering|Master of Science in Engineering|kandidat";"und";"56d754b2bf19455102000457";"";"56d754b2bf19455102000457";"DTU Department of Applied Mathematics and Computer Science";"sorbit";"sorbit";"RedCloud - Cooperative Requirements Specification in the Cloud|RedCloud - Kooperativ Kravspecifikation i skyen"
"";"dtu|dtupub|third_party";"";"2022-01-03T13:16:22.213Z";"Ansarishirvan, Reza";"";"2292734008";"";"dtu";"2016";"";"";"";"";"thesis";"dtu|dtu_electronic|dtupub_external";"";"";"";"";"";"";"";"";"";"";"";"";"";"Konst. og mekanik|Master of Science in Engineering|Master of Science in Engineering Design and Applied Mechanics|kandidat";"Konst. og mekanik|Master of Science in Engineering|Master of Science in Engineering Design and Applied Mechanics|kandidat";"Konst. og mekanik|Master of Science in Engineering|Master of Science in Engineering Design and Applied Mechanics|kandidat";"und";"56d754a8bf1945510200001e";"";"56d754a8bf1945510200001e";"DTU Department of Civil and Mechanical Engineering";"sorbit";"sorbit";"numerical simulation of multiphase flow in nozzles|numerisk beregning af multifase stroemninger i dyser"
"";"dtu|dtupub|third_party";"";"2022-01-03T13:12:20.454Z";"Hári, Kristóf Miklós";"";"2305633429";"";"dtu";"2016";"";"";"";"";"thesis";"dtu|dtu_electronic|dtupub_external";"";"";"";"";"";"";"";"";"";"";"";"";"";"Konst. og mekanik|Master of Science in Engineering|Master of Science in Engineering Design and Applied Mechanics|kandidat";"Konst. og mekanik|Master of Science in Engineering|Master of Science in Engineering Design and Applied Mechanics|kandidat";"Konst. og mekanik|Master of Science in Engineering|Master of Science in Engineering Design and Applied Mechanics|kandidat";"und";"575ea6e2e6f951534a00e975";"";"575ea6e2e6f951534a00e975";"DTU Department of Civil and Mechanical Engineering";"sorbit";"sorbit";"Aerodynamics of rotating passenger car wheels - Identification of drag and lift causing phenomena around the wheels and in the wheel houses by CFD|Aerodynamik af roterende hjul paa passagerbil - identifikation af faenomener som resulterer i lift og drag vha CFD"
"";"dtu|dtupub|third_party";"";"2022-01-03T13:08:15.080Z";"Bienvenu, Frederic Mathieu";"";"2307114857";"";"dtu";"2016";"";"";"";"";"thesis";"dtu|dtu_electronic|dtupub|dtupub_electronic";"";"";"";"";"";"";"";"";"";"";"";"";"";"Bæredygtig energi|Master of Science in Engineering|Master of Science in Sustainable Energy|kandidat";"Bæredygtig energi|Master of Science in Engineering|Master of Science in Sustainable Energy|kandidat";"Bæredygtig energi|Master of Science in Engineering|Master of Science in Sustainable Energy|kandidat";"und";"57a714be12855c654e000400";"";"57a714be12855c654e000400";"DTU Department of Electrical Engineering";"sorbit";"sorbit";"DEVELOPMENT OF A NETWORK STUDY METHOD USING PROBABILISTIC LOAD FLOW|Udvikling af et netværk analyser metode med probabilistiske load flow"
"";"dtu|dtupub|third_party";"";"2022-01-03T13:12:52.961Z";"Makita, Tomonori";"";"2292734094";"";"dtu";"2016";"";"";"";"";"thesis";"dtu|dtu_electronic|dtupub|dtupub_electronic";"";"";"";"";"";"";"";"";"";"";"";"";"";"Bygningsdesign|Master of Science in Engineering|Master og Science in Architectural Engineering|kandidat";"Bygningsdesign|Master of Science in Engineering|Master og Science in Architectural Engineering|kandidat";"Bygningsdesign|Master of Science in Engineering|Master og Science in Architectural Engineering|kandidat";"und";"56d754a9bf1945510200006b";"";"56d754a9bf1945510200006b";"DTU Department of Civil Engineering";"sorbit";"sorbit";"Building optimisation using cross checking method with future weather data and the impact on Lyngby StoreCentre|Bygningsoptimering ved brug af kros check metoden med fremtidige vejrdata and dets indflydelse pa Lyngby Stor Center"
"";"dtu|dtupub|third_party";"";"2022-01-06T23:53:27.689Z";"Thomsen, Søren Møller";"";"2307050745";"";"dtu";"2016";"";"";"";"";"thesis";"dtu|dtu_electronic|dtupub|dtupub_electronic";"";"";"";"";"";"";"";"";"";"";"";"";"";"Bæredygtig energi|Master of Science in Engineering|Master of Science in Sustainable Energy|kandidat";"Bæredygtig energi|Master of Science in Engineering|Master of Science in Sustainable Energy|kandidat";"Bæredygtig energi|Master of Science in Engineering|Master of Science in Sustainable Energy|kandidat";"und";"57a3204f12855c654e00029f";"";"57a3204f12855c654e00029f";"DTU Department of Electrical Engineering";"sorbit";"sorbit";"Revenue Adequacy and the Missing Money Problem in Highly Renewable Electricity Systems|Hensigtsmæssig indtjening og de manglende penge i elektriske energisystemer med høj integration af vedvarende energi"
"";"dtu|dtupub|third_party";"";"2022-01-11T08:43:35.515Z";"Simioni, Edoardo";"";"2307050749";"";"dtu";"2016";"";"";"";"";"thesis";"dtu|dtu_electronic|dtupub|dtupub_electronic";"";"";"";"";"";"";"";"";"";"";"";"";"";"Bæredygtig energi|Master of Science in Engineering|Master of Science in Sustainable Energy|kandidat";"Bæredygtig energi|Master of Science in Engineering|Master of Science in Sustainable Energy|kandidat";"Bæredygtig energi|Master of Science in Engineering|Master of Science in Sustainable Energy|kandidat";"und";"57a3205012855c654e0002a4";"";"57a3205012855c654e0002a4";"DTU Department of Civil and Mechanical Engineering";"sorbit";"sorbit";"Analysis of a new thermal electricity storage concept|Analyse af nyt termisk ellagringskoncept"
"";"dtu|dtupub|third_party";"";"2022-01-03T13:07:15.948Z";"Goyal, Rohit";"";"2306781435";"";"dtu";"2016";"";"";"";"";"thesis";"dtu|dtu_electronic|dtupub|dtupub_electronic";"";"";"";"";"";"";"";"";"";"";"";"";"";"Informationstek.|Master of Science in Computer Science and Engineering|Master of Science in Engineering|kandidat";"Informationstek.|Master of Science in Computer Science and Engineering|Master of Science in Engineering|kandidat";"Informationstek.|Master of Science in Computer Science and Engineering|Master of Science in Engineering|kandidat";"und";"5795f17d6bbf232e70000a71";"";"5795f17d6bbf232e70000a71";"DTU Department of Applied Mathematics and Computer Science";"sorbit";"sorbit";"Android Malware Detection Using Static and Dynamic Analysis Techniques|Android Malware Afsløring Hjælp Statiske og Dynamiske Analyseteknikker"
"";"dtu|dtupub|third_party";"";"2022-01-03T13:06:53.312Z";"Jensen, Simon";"";"2347591461";"";"dtu";"2016";"";"";"";"";"thesis";"dtu|dtu_electronic|dtupub|dtupub_electronic";"";"";"";"";"";"";"";"";"";"";"";"";"";"Informationstek.|Master of Science in Computer Science and Engineering|Master of Science in Engineering|kandidat";"Informationstek.|Master of Science in Computer Science and Engineering|Master of Science in Engineering|kandidat";"Informationstek.|Master of Science in Computer Science and Engineering|Master of Science in Engineering|kandidat";"und";"5804af3f2f2c96d43a000015";"";"5804af3f2f2c96d43a000015";"DTU Department of Applied Mathematics and Computer Science";"sorbit";"sorbit";"Proximity Door Locking|Nærhedsbaseret kontrol af dørlase."
"";"dtu|dtupub|third_party";"";"2022-01-03T13:08:15.281Z";"Kyriakaki, Athanasia";"";"2342447837";"";"dtu";"2016";"";"";"";"";"thesis";"dtu|dtu_electronic|dtupub|dtupub_electronic";"";"";"";"";"";"";"";"";"";"";"";"";"";"gæst udl.";"gæst udl.";"gæst udl.";"und";"57c6b8ceabd78127210000c7";"";"57c6b8ceabd78127210000c7";"DTU Department of Environmental and Resource Engineering";"sorbit";"sorbit";"Biogas production influenced by substrate C:N ratio and biodegradability|Biogasproduktion pavirket af substrat C: N-forhold og bionedbrydelighed"
"";"dtu|dtupub|third_party";"";"2022-01-03T13:07:55.010Z";"Hansen, Sebastian Ro Toft";"";"2347254805";"";"dtu";"2016";"";"";"";"";"thesis";"dtu|dtu_electronic|dtupub_external";"";"";"";"";"";"";"";"";"";"";"";"";"";"Bioteknologi|Master of Science in Biotechnology|Master of Science in Engineering|kandidat";"Bioteknologi|Master of Science in Biotechnology|Master of Science in Engineering|kandidat";"Bioteknologi|Master of Science in Biotechnology|Master of Science in Engineering|kandidat";"und";"57ff693f7029475979000007";"";"57ff693f7029475979000007";"DTU Department of Biotechnology and Biomedicine";"sorbit";"sorbit";"13C metabolic flux analysis of a Resveratrol producing Saccharomyces cerevisiae strain in a fed-batch simulating chemostat process|13C metabolisk flux analyse af en Resveratrol producerende Saccharomyces cerevisiae stamme i en fed-batch simulerende chemostat proces"
"";"dtu|dtupub|third_party";"";"2022-01-03T13:07:55.303Z";"Poryzala, Tomek";"";"2342447835";"";"dtu";"2016";"";"";"";"";"thesis";"dtu|dtu_electronic|dtupub|dtupub_electronic";"";"";"";"";"";"";"";"";"";"";"";"";"";"Master of Science in Engineering|Master of Science in Wind Energy|Vindenergi|kandidat";"Master of Science in Engineering|Master of Science in Wind Energy|Vindenergi|kandidat";"Master of Science in Engineering|Master of Science in Wind Energy|Vindenergi|kandidat";"und";"57c6b8ceabd78127210000c3";"";"57c6b8ceabd78127210000c3";"DTU Department of Wind and Energy Systems";"sorbit";"sorbit";"Design and Analysis of a Mechanical Passive Pitch Control System for a Small HAWT|Design og analyse af et mekanisk passivt pitch kontrolsystem for en lille vindmølle"
"";"dtu|dtupub|third_party";"";"2022-01-03T13:16:13.037Z";"Rasmussen, Christine Winkel";"";"2305633341";"";"dtu";"2016";"";"";"";"";"thesis";"dtu|dtu_electronic|dtupub|dtupub_electronic";"";"";"";"";"";"";"";"";"";"";"";"";"";"Fødevareteknologi|Master of Science in Engineering|Master of Science in Food Technology|kandidat";"Fødevareteknologi|Master of Science in Engineering|Master of Science in Food Technology|kandidat";"Fødevareteknologi|Master of Science in Engineering|Master of Science in Food Technology|kandidat";"und";"575ea5d9e6f951534a00dd67";"";"575ea5d9e6f951534a00dd67";"DTU DTU National Food Institute";"sorbit";"sorbit";"Studies on the effect of polysaccharides on the quality and functional properties of soft drink concentrates|Polysakkariders effekt pa funktionelle egenskaber og kvaliteten af juice koncentrater"
"";"dtu|dtupub|third_party";"";"2022-01-03T13:16:11.770Z";"Torres, Ana Alexandrina";"";"2292735426";"";"dtu";"2015";"";"";"";"";"thesis";"dtu|dtu_electronic|dtupub|dtupub_electronic";"";"";"";"";"";"";"";"";"";"";"";"";"";"gæst udl.";"gæst udl.";"gæst udl.";"und";"56d754b0bf194551020003bf";"";"56d754b0bf194551020003bf";"DTU Department of Electrical Engineering";"sorbit";"sorbit";"Effects of specimen mounting and diffuser configurations on sound absorption measurements in reverberation chambers|Virkninger af prøvemontering og diffuser-konfigurationer pa lydabsorptionsmalinger i efterklangsrum"
"";"dtu|dtupub|third_party";"";"2022-01-03T13:16:14.868Z";"Neerup, Randi";"";"2292734106";"";"dtu";"2016";"";"";"";"";"thesis";"dtu|dtu_electronic|dtupub|dtupub_electronic";"";"";"";"";"";"";"";"";"";"";"";"";"";"Kemisk/biokemisk tek.|Master of Science in Chemical and Biochemical Engineering|Master of Science in Engineering|kandidat";"Kemisk/biokemisk tek.|Master of Science in Chemical and Biochemical Engineering|Master of Science in Engineering|kandidat";"Kemisk/biokemisk tek.|Master of Science in Chemical and Biochemical Engineering|Master of Science in Engineering|kandidat";"und";"56d754a9bf19455102000076";"";"56d754a9bf19455102000076";"DTU Department of Chemical and Biochemical Engineering";"sorbit";"sorbit";"Kinetics of enzyme-enhanced CO2 capture|Reaktionskinetik for CO2 capture med enzymer."
"";"dtu|dtupub|third_party";"";"2022-01-03T13:15:57.414Z";"Petersen, Kristian Skovmark";"";"2292736421";"";"dtu";"2015";"";"";"";"";"thesis";"dtu|dtu_electronic|dtupub|dtupub_electronic";"";"";"";"";"";"";"";"";"";"";"";"";"";"Elektrotek.|Master of Science in Electrical Engineering|Master of Science in Engineering|kandidat";"Elektrotek.|Master of Science in Electrical Engineering|Master of Science in Engineering|kandidat";"Elektrotek.|Master of Science in Electrical Engineering|Master of Science in Engineering|kandidat";"und";"56d754b6bf194551020006b3";"";"56d754b6bf194551020006b3";"DTU Department of Space Research and Space Technology";"sorbit";"sorbit";"Optimal pose and position estimator for precision formation flying spacecraft|Positions og attitude estimator for formationsflyvnings rumfartøjer"
"";"dtu|dtupub|third_party";"";"2022-01-03T13:15:53.409Z";"Jespersen, Christian Pilegaard";"";"2292735613";"";"dtu";"2015";"";"";"";"";"thesis";"dtu|dtu_electronic|dtupub_external";"";"";"";"";"";"";"";"";"";"";"";"";"";"Master of Science in Engineering|Master of Science in Environmental Engineering|Miljøteknologi|kandidat";"Master of Science in Engineering|Master of Science in Environmental Engineering|Miljøteknologi|kandidat";"Master of Science in Engineering|Master of Science in Environmental Engineering|Miljøteknologi|kandidat";"und";"56d754b2bf19455102000473";"";"56d754b2bf19455102000473";"DTU Department of Technology, Management and Economics";"sorbit";"sorbit";"Comparative sustainability assessment of shelf systems made from virgin and recycled materials with focus on application of the most recent waste scenarios|Komparativ bæredytighedsvurdering af reolsystemer lavet af nye og genanvendte materialer med fokus pa anvendelse af nyere affaldsscenarier"
"";"dtu|dtupub|third_party";"";"2022-01-03T13:15:24.597Z";"Mølgaard, Mathias Johannes Grøndahl";"";"2292737283";"";"dtu";"2015";"";"";"";"";"thesis";"dtu|dtu_electronic|dtupub|dtupub_electronic";"";"";"";"";"";"";"";"";"";"";"";"";"";"Fysik og nanotek.|Master of Science in Engineering|Master of Science in Physics and Nanotechnology|kandidat";"Fysik og nanotek.|Master of Science in Engineering|Master of Science in Physics and Nanotechnology|kandidat";"Fysik og nanotek.|Master of Science in Engineering|Master of Science in Physics and Nanotechnology|kandidat";"und";"56d754babf1945510200095a";"";"56d754babf1945510200095a";"DTU Department of Micro- and Nanotechnology";"sorbit";"sorbit";"Capacitive Micromachined Ultrasonic Transducers for Tissue Harmonic Imaging|Kapacitive mikrofremstillede ultralydstransducere til tissue harmonic imaging"
"";"dtu|dtupub|third_party";"";"2022-01-03T13:11:40.320Z";"Jacobsen, Magnus Lynge";"";"2292736503";"";"dtu";"2015";"";"";"";"";"thesis";"dtu|dtu_electronic|dtupub_external";"";"";"";"";"";"";"";"";"";"";"";"";"";"Master of Science in Engineering|Master of Science in Medicine and Technology|Medicin og tek.|kandidat";"Master of Science in Engineering|Master of Science in Medicine and Technology|Medicin og tek.|kandidat";"Master of Science in Engineering|Master of Science in Medicine and Technology|Medicin og tek.|kandidat";"und";"56d754b7bf194551020006e3";"";"56d754b7bf194551020006e3";"DTU Department of Micro- and Nanotechnology";"sorbit";"sorbit";"Point of Care Hemolysis Detection|Point of care hæmolyse detektion"
"";"dtu|dtupub|third_party";"";"2022-01-03T13:15:46.650Z";"Pedersen, Jes Bandsberg";"";"2292736291";"";"dtu";"2015";"";"";"";"";"thesis";"dtu|dtu_electronic|dtupub_external";"";"";"";"";"";"";"";"";"";"";"";"";"";"Master of Science in Engineering|Master of Science in Materials and Manufacturing Engineering|Materialetek.|kandidat";"Master of Science in Engineering|Master of Science in Materials and Manufacturing Engineering|Materialetek.|kandidat";"Master of Science in Engineering|Master of Science in Materials and Manufacturing Engineering|Materialetek.|kandidat";"und";"56d754b6bf1945510200066f";"";"56d754b6bf1945510200066f";"DTU Department of Civil and Mechanical Engineering";"sorbit";"sorbit";"Thermoreactive diffusion treatment of cast iron|Termoreaktiv diffusion til behandling af støbejern"
"";"dtu|dtupub|third_party";"";"2022-01-03T13:11:52.660Z";"Jensen, Pernille Rehné";"";"2292736215";"";"dtu";"2015";"";"";"";"";"thesis";"dtu|dtu_electronic|dtupub|dtupub_electronic";"";"";"";"";"";"";"";"";"";"";"";"";"";"Master of Science in Engineering|Master of Science in Environmental Engineering|Miljøteknologi|kandidat";"Master of Science in Engineering|Master of Science in Environmental Engineering|Miljøteknologi|kandidat";"Master of Science in Engineering|Master of Science in Environmental Engineering|Miljøteknologi|kandidat";"und";"56d754b5bf19455102000643";"";"56d754b5bf19455102000643";"DTU Department of Environmental and Resource Engineering";"sorbit";"sorbit";"Micro- and nanoplastics - an environmental problem?|Mikro- og nanoplastik - et miljøproblem?"
"";"dtu|dtupub|third_party";"";"2022-01-03T13:15:47.754Z";"Gade, Carsten Bjerre";"";"2292735714";"";"dtu";"2015";"";"";"";"";"thesis";"dtu|dtu_electronic|dtupub|dtupub_electronic";"";"";"";"";"";"";"";"";"";"";"";"";"";"Fysik og nanotek.|Master of Science in Engineering|Master of Science in Physics and Nanotechnology|kandidat";"Fysik og nanotek.|Master of Science in Engineering|Master of Science in Physics and Nanotechnology|kandidat";"Fysik og nanotek.|Master of Science in Engineering|Master of Science in Physics and Nanotechnology|kandidat";"und";"56d754b3bf194551020004d3";"";"56d754b3bf194551020004d3";"DTU Department of Micro- and Nanotechnology";"sorbit";"sorbit";"MEMS Heater Platform for in-situ TEM Research of 2D Materials: Fabrication, Simulation, and Characterisation|MEMS varmeplade til in-situ TEM forskning af 2D materialer: Fabrikation, simulering og karakterisering"
"";"dtu|dtupub|third_party";"";"2022-01-03T13:15:26.205Z";"Stathopoulos, Georgios";"";"2292737181";"";"dtu";"2015";"";"";"";"";"thesis";"dtu|dtu_electronic|dtupub|dtupub_electronic";"";"";"";"";"";"";"";"";"";"";"";"";"";"Akustisk tek.|Master of Science in Engineering|Master of Science in Engineering Acoustics|kandidat";"Akustisk tek.|Master of Science in Engineering|Master of Science in Engineering Acoustics|kandidat";"Akustisk tek.|Master of Science in Engineering|Master of Science in Engineering Acoustics|kandidat";"und";"56d754b9bf194551020008f3";"";"56d754b9bf194551020008f3";"DTU Department of Electrical Engineering";"sorbit";"sorbit";"Investigation of the sound scattering coefficient in diffuse and non-diffuse conditions|Undersøgelse af lydspredningskoefficienten under diffuse og ikke-diffuse forhold"
"";"dtu|dtupub|third_party";"";"2022-01-03T13:15:18.166Z";"Voss, Susanne";"";"2292737580";"";"dtu";"2015";"";"";"";"";"thesis";"dtu|dtu_electronic|dtupub|dtupub_electronic";"";"";"";"";"";"";"";"";"";"";"";"";"";"Anvendt kemi|Master of Science in Advanced and Applied Chemistry|Master of Science in Engineering|kandidat";"Anvendt kemi|Master of Science in Advanced and Applied Chemistry|Master of Science in Engineering|kandidat";"Anvendt kemi|Master of Science in Advanced and Applied Chemistry|Master of Science in Engineering|kandidat";"und";"56d754bbbf19455102000a4f";"";"56d754bbbf19455102000a4f";"DTU Department of Chemistry";"sorbit";"sorbit";"Experimental determination of fetal hemoglobin in the blood|Eksperimentel bestemmelse af føtal hæmoglobin i blodprøver"
"";"dtu|dtupub|third_party";"";"2022-01-03T13:15:27.463Z";"Pavic, Stefan Alexander|Madsen, Jonathan";"";"2292737294";"";"dtu";"2015";"";"";"";"";"thesis";"dtu|dtu_electronic|dtupub|dtupub_electronic";"";"";"";"";"";"";"";"";"";"";"";"";"";"Bygningsdesign|Master of Science in Engineering|Master og Science in Architectural Engineering|kandidat";"Bygningsdesign|Master of Science in Engineering|Master og Science in Architectural Engineering|kandidat";"Bygningsdesign|Master of Science in Engineering|Master og Science in Architectural Engineering|kandidat";"und";"56d754babf19455102000966";"";"56d754babf19455102000966";"DTU Department of Civil Engineering";"sorbit";"sorbit";"The Future of IDM in BIM and Lighting Design|Fremtidens IDM i BIM og belysningsdesign"
"";"dtu|dtupub|third_party";"";"2022-01-03T13:16:02.445Z";"Dagorn, Anne-Charlotte Clémence|Tiercelin, Antoine";"";"2292736105";"";"dtu";"2015";"";"";"";"";"thesis";"dtu|dtu_electronic|dtupub_external";"";"";"";"";"";"";"";"";"";"";"";"";"";"Master of Science in Engineering|Master of Science in Engineering Management|Planl. innovation og led.|kandidat";"Master of Science in Engineering|Master of Science in Engineering Management|Planl. innovation og led.|kandidat";"Master of Science in Engineering|Master of Science in Engineering Management|Planl. innovation og led.|kandidat";"und";"56d754b5bf194551020005f8";"";"56d754b5bf194551020005f8";"DTU Department of Technology, Management and Economics";"sorbit";"sorbit";"Creating Economic and Social Value in a Developing Economy context|Skabe økonomisk og social værdi i en udviklingsøkonomi"
"";"dtu|dtupub|third_party";"";"2022-01-03T13:15:53.407Z";"Mieritz, Andreas Falkenstrøm";"";"2292735329";"";"dtu";"2015";"";"";"";"";"thesis";"dtu|dtu_electronic|dtupub|dtupub_electronic";"";"";"";"";"";"";"";"";"";"";"";"";"";"Master of Science in Engineering|Master of Science in Mathematical Modelling and Computation|Mat. modellering|kandidat";"Master of Science in Engineering|Master of Science in Mathematical Modelling and Computation|Mat. modellering|kandidat";"Master of Science in Engineering|Master of Science in Mathematical Modelling and Computation|Mat. modellering|kandidat";"und";"56d754b0bf19455102000391";"";"56d754b0bf19455102000391";"DTU Department of Applied Mathematics and Computer Science";"sorbit";"sorbit";"Robust massively parallel free surface simulation using the Spectral Element Method|Robust massivt parallel fri overflade løser med Spektral Element metoden"
"";"dtu|dtupub|third_party";"";"2022-01-03T13:07:59.100Z";"Bompou, Evangelia";"";"2342992396";"";"dtu";"2016";"";"";"";"";"thesis";"dtu|dtu_electronic|dtupub_external";"";"";"";"";"";"";"";"";"";"";"";"";"";"Bæredygtig energi|Master of Science in Engineering|Master of Science in Sustainable Energy|kandidat";"Bæredygtig energi|Master of Science in Engineering|Master of Science in Sustainable Energy|kandidat";"Bæredygtig energi|Master of Science in Engineering|Master of Science in Sustainable Energy|kandidat";"und";"57d2963f2993be9573000004";"";"57d2963f2993be9573000004";"DTU Department of Electrical Engineering";"sorbit";"sorbit";"Modelling of losses in the steel armour in submarine cables|Modellering af tabene i stalarmeringen i et søkabel"
"";"dtu|dtupub|third_party";"";"2022-01-03T13:15:13.310Z";"Lund, Stine Rosenqvist";"";"2292737291";"";"dtu";"2015";"";"";"";"";"thesis";"dtu|dtu_electronic|dtupub|dtupub_electronic";"";"";"";"";"";"";"";"";"";"";"";"";"";"Master of Science in Engineering|civil 5-årig";"Master of Science in Engineering|civil 5-årig";"Master of Science in Engineering|civil 5-årig";"und";"56d754babf1945510200095b";"";"56d754babf1945510200095b";"DTU National Veterinary Institute";"sorbit";"sorbit";"Stability and functionality of synthetic HLA-DQ complexes|Stabilitet og funktionalitetstest af syntetiske HLA-DQ komplekser."
"";"dtu|dtupub|third_party";"";"2022-01-03T13:07:59.309Z";"Frandsen, Anna Kjelstrup";"";"2306781304";"";"dtu";"2016";"";"";"";"";"thesis";"dtu|dtu_electronic|dtupub|dtupub_electronic";"";"";"";"";"";"";"";"";"";"";"";"";"";"Byggetek.|Master of Science in Civil Engineering|Master of Science in Engineering|kandidat";"Byggetek.|Master of Science in Civil Engineering|Master of Science in Engineering|kandidat";"Byggetek.|Master of Science in Civil Engineering|Master of Science in Engineering|kandidat";"und";"5795f14a6bbf232e7000087e";"";"5795f14a6bbf232e7000087e";"DTU Department of Civil and Mechanical Engineering";"sorbit";"sorbit";"Numerical modelling of tsunamis in the ocean|Numerisk modellering af tsunamier i oceanet"
"";"dtu|dtupub|third_party";"";"2022-01-03T13:12:57.858Z";"Andersen, Thomas Munk";"";"2306510070";"";"dtu";"2016";"";"";"";"";"thesis";"dtu|dtu_electronic|dtupub|dtupub_electronic";"";"";"";"";"";"";"";"";"";"";"";"";"";"Byggetek.|Master of Science in Civil Engineering|Master of Science in Engineering|kandidat";"Byggetek.|Master of Science in Civil Engineering|Master of Science in Engineering|kandidat";"Byggetek.|Master of Science in Civil Engineering|Master of Science in Engineering|kandidat";"und";"578770c26bbf232e70000095";"";"578770c26bbf232e70000095";"DTU Department of Civil and Mechanical Engineering";"sorbit";"sorbit";"Spectral modelling of water waves with high-order Boussinesq equations|Spectral simulering af vandbølge med høj ordens Boussinesq ligninger"
"";"dtu|dtupub|third_party";"";"2022-01-03T13:12:24.734Z";"Myrhøj, Christian Møller";"";"2292734142";"";"dtu";"2016";"";"";"";"";"thesis";"dtu|dtu_electronic|dtupub|dtupub_electronic";"";"";"";"";"";"";"";"";"";"";"";"";"";"Elektrotek.|Master of Science in Electrical Engineering|Master of Science in Engineering|kandidat";"Elektrotek.|Master of Science in Electrical Engineering|Master of Science in Engineering|kandidat";"Elektrotek.|Master of Science in Electrical Engineering|Master of Science in Engineering|kandidat";"und";"56d754a9bf1945510200008b";"";"56d754a9bf1945510200008b";"DTU Department of Electrical Engineering";"sorbit";"sorbit";"Image based object detection and tracking for mobile robot situation awareness|Kamerabaseret objekt detektering og tracking for situationsbevisthed i mobile robotter"
"";"dtu|dtupub|third_party";"";"2022-01-03T13:16:18.337Z";"Altuntas, Burcu";"";"2305633356";"";"dtu";"2016";"";"";"";"";"thesis";"dtu|dtu_electronic|dtupub|dtupub_electronic";"";"";"";"";"";"";"";"";"";"";"";"";"";"Anvendt kemi|Master of Science in Advanced and Applied Chemistry|Master of Science in Engineering|kandidat";"Anvendt kemi|Master of Science in Advanced and Applied Chemistry|Master of Science in Engineering|kandidat";"Anvendt kemi|Master of Science in Advanced and Applied Chemistry|Master of Science in Engineering|kandidat";"und";"575ea60ce6f951534a00dfae";"";"575ea60ce6f951534a00dfae";"DTU Department of Energy Conversion and Storage";"sorbit";"sorbit";"Compact metanol reformer and product gas analysis using gas chromatography|Kompakt metanol reformer og produkt gasanalyse ved anvendelse af gaskromatografi"
"";"dtu|dtupub|third_party";"";"2022-01-03T13:13:05.947Z";"Bertelsen, Niklas Weinreich";"";"2347513139";"";"dtu";"2016";"";"";"";"";"thesis";"dtu|dtu_electronic|dtupub|dtupub_electronic";"";"";"";"";"";"";"";"";"";"";"";"";"";"Fødevareteknologi|Master of Science in Engineering|Master of Science in Food Technology|kandidat";"Fødevareteknologi|Master of Science in Engineering|Master of Science in Food Technology|kandidat";"Fødevareteknologi|Master of Science in Engineering|Master of Science in Food Technology|kandidat";"und";"58020c3f2f2c96d43a000006";"";"58020c3f2f2c96d43a000006";"DTU DTU National Food Institute";"sorbit";"sorbit";"Development of salt concentration local measuring techniques on fish muscle|Udvikling af metoder til saltgradient maling pa fiskemuskel"
"";"dtu|dtupub|third_party";"";"2022-01-03T13:15:48.313Z";"Kofod, Ditte";"";"2292737273";"";"dtu";"2015";"";"";"";"";"thesis";"dtu|dtu_electronic|dtupub|dtupub_electronic";"";"";"";"";"";"";"";"";"";"";"";"";"";"Bioteknologi|Master of Science in Biotechnology|Master of Science in Engineering|kandidat";"Bioteknologi|Master of Science in Biotechnology|Master of Science in Engineering|kandidat";"Bioteknologi|Master of Science in Biotechnology|Master of Science in Engineering|kandidat";"und";"56d754babf19455102000950";"";"56d754babf19455102000950";"DTU Department of Biotechnology and Biomedicine";"sorbit";"sorbit";"Interactions between Staphylococcus aureus and Staphylococcus epidermidis nasal isolates|Interaktion mellem Staphylococcus aureus and Staphylococcus epidermidis næse-isolater"
"";"dtu|dtupub|third_party";"";"2022-01-03T13:16:01.696Z";"Papachristou, Christina|Foteinaki, Kyriaki";"";"2292737016";"";"dtu";"2015";"";"";"";"";"thesis";"dtu|dtu_electronic|dtupub|dtupub_electronic";"";"";"";"";"";"";"";"";"";"";"";"";"";"Bygningsdesign|Bæredygtig energi|Master of Science in Engineering|Master of Science in Sustainable Energy|Master og Science in Architectural Engineering|kandidat";"Bygningsdesign|Bæredygtig energi|Master of Science in Engineering|Master of Science in Sustainable Energy|Master og Science in Architectural Engineering|kandidat";"Bygningsdesign|Bæredygtig energi|Master of Science in Engineering|Master of Science in Sustainable Energy|Master og Science in Architectural Engineering|kandidat";"und";"56d754b9bf19455102000863";"";"56d754b9bf19455102000863";"DTU Department of Civil Engineering";"sorbit";"sorbit";"Experimental and theoretical study of Indoor Environment and Energy use in Houses with a second ""Skin"" and Semi-outdoor Space|Eksperimental og teoretisk undersøgelse af indeklima og energiforbrug i et hus med en ekstra ""hud"" og et delvis udeareal"
"";"dtu|dtupub|third_party";"";"2022-01-03T13:12:07.965Z";"Andersen, Dorte Brandt";"";"2292734842";"";"dtu";"2015";"";"";"";"";"thesis";"dtu|dtu_electronic|dtupub|dtupub_electronic";"";"";"";"";"";"";"";"";"";"";"";"";"";"Bæredygtig energi|Master of Science in Engineering|Master of Science in Sustainable Energy|kandidat";"Bæredygtig energi|Master of Science in Engineering|Master of Science in Sustainable Energy|kandidat";"Bæredygtig energi|Master of Science in Engineering|Master of Science in Sustainable Energy|kandidat";"und";"56d754adbf1945510200025e";"";"56d754adbf1945510200025e";"DTU Department of Wind and Energy Systems";"sorbit";"sorbit";"Energy Plan for Roskilde Municipality with Focus on Onshore Wind Turbines|Energiplan for Roskilde kommune og mulige placeringer for vindmøller"
"";"dtu|dtupub|third_party";"";"2022-01-03T13:16:00.749Z";"Kyriakidis, Kyriakos";"";"2292735988";"";"dtu";"2015";"";"";"";"";"thesis";"dtu|dtu_electronic|dtupub|dtupub_electronic";"";"";"";"";"";"";"";"";"";"";"";"";"";"Master of Science in Engineering|Master of Science in Wind Energy|Vindenergi|kandidat";"Master of Science in Engineering|Master of Science in Wind Energy|Vindenergi|kandidat";"Master of Science in Engineering|Master of Science in Wind Energy|Vindenergi|kandidat";"und";"56d754b4bf194551020005af";"";"56d754b4bf194551020005af";"DTU Department of Electrical Engineering";"sorbit";"sorbit";"Detection and active damping of unwanted frequencies by converter modulation control|Detektering og aktiv dempning af uønskede frekvenser ved hjælp af modulations kontrol"
"";"dtu|dtupub|third_party";"";"2022-01-03T13:16:01.357Z";"Nazar, Shafi";"";"2292735946";"";"dtu";"2015";"";"";"";"";"thesis";"dtu|dtu_electronic|dtupub|dtupub_electronic";"";"";"";"";"";"";"";"";"";"";"";"";"";"Digitale medietek.|Master of Science in Digital Media Engineering|Master of Science in Engineering|kandidat";"Digitale medietek.|Master of Science in Digital Media Engineering|Master of Science in Engineering|kandidat";"Digitale medietek.|Master of Science in Digital Media Engineering|Master of Science in Engineering|kandidat";"und";"56d754b4bf19455102000597";"";"56d754b4bf19455102000597";"DTU Department of Applied Mathematics and Computer Science";"sorbit";"sorbit";"Exploring Time Series with Interactive Data Visualization Using Touch Interaction|Exploring Time Series with Interactive Data Visualization Using Touch Interaction"
"";"dtu|dtupub|third_party";"";"2022-01-03T13:13:02.306Z";"Vives, Francesc Uyá";"";"2306782321";"";"dtu";"2016";"";"";"";"";"thesis";"dtu|dtu_electronic|dtupub_external";"";"";"";"";"";"";"";"";"";"";"";"";"";"Master of Science in Engineering|Master of Science in Wind Energy|Vindenergi|kandidat";"Master of Science in Engineering|Master of Science in Wind Energy|Vindenergi|kandidat";"Master of Science in Engineering|Master of Science in Wind Energy|Vindenergi|kandidat";"und";"5795f1c96bbf232e70000c7a";"";"5795f1c96bbf232e70000c7a";"DTU Department of Wind and Energy Systems";"sorbit";"sorbit";"Analysis of overplanting with dynamic cable rating for large offshore wind farms|Oversaning af store havmølleparker med anvendelse af dynamisk kabelkapacitet"
"";"dtu|dtupub|third_party";"";"2022-01-03T13:13:05.822Z";"Jensen, Janus Nørtoft|Hannemose, Morten";"";"2343264105";"";"dtu";"2016";"";"";"";"";"thesis";"dtu|dtu_electronic|dtupub|dtupub_electronic";"";"";"";"";"";"";"";"";"";"";"";"";"";"Master of Science in Engineering|Master of Science in Mathematical Modelling and Computation|Mat. modellering|kandidat";"Master of Science in Engineering|Master of Science in Mathematical Modelling and Computation|Mat. modellering|kandidat";"Master of Science in Engineering|Master of Science in Mathematical Modelling and Computation|Mat. modellering|kandidat";"und";"57d7dc422993be957300007e";"";"57d7dc422993be957300007e";"DTU Department of Applied Mathematics and Computer Science";"sorbit";"sorbit";"Automatic Localization of Impact Position in Golf Swing using Computer Vision|Automatic Localization of Impact Position in Golf Swing using Computer Vision"
"";"dtu|dtupub|third_party";"";"2022-01-03T13:07:31.968Z";"Jiang, Yinan";"";"2306791710";"";"dtu";"2016";"";"";"";"";"thesis";"dtu|dtu_electronic|dtupub|dtupub_electronic";"";"";"";"";"";"";"";"";"";"";"";"";"";"Master of Science in Engineering|Master of Science in Environmental Engineering|Miljøteknologi|kandidat";"Master of Science in Engineering|Master of Science in Environmental Engineering|Miljøteknologi|kandidat";"Master of Science in Engineering|Master of Science in Environmental Engineering|Miljøteknologi|kandidat";"und";"579743ba6bbf232e70000fb4";"";"579743ba6bbf232e70000fb4";"DTU Department of Environmental and Resource Engineering";"sorbit";"sorbit";"Models for assessment of tracer leaching from a passive flux meter to determine groundwater transport parameters|Modeller til evaluering af sporstof udvaskning fra et passive flux meter til bestemmelse af grundvands transport parametre"
"";"dtu|dtupub|third_party";"";"2022-01-11T08:43:41.693Z";"Hansen, Andreas Baldur Nørregård";"";"2349391980";"";"dtu";"2016";"";"";"";"";"thesis";"dtu|dtu_electronic|dtupub|dtupub_electronic";"";"";"";"";"";"";"";"";"";"";"";"";"";"Elektrotek.|Master of Science in Electrical Engineering|Master of Science in Engineering|kandidat";"Elektrotek.|Master of Science in Electrical Engineering|Master of Science in Engineering|kandidat";"Elektrotek.|Master of Science in Electrical Engineering|Master of Science in Engineering|kandidat";"und";"584162527f9c2b212d000016";"";"584162527f9c2b212d000016";"DTU Department of Electrical Engineering";"sorbit";"sorbit";"System Identification and Dynamic Positioning of Autonomous Underwater Vehicle|System identifikation og dynamisk positionering af AUV"
"";"dtu|dtupub|third_party";"";"2022-01-03T13:16:12.997Z";"Mortensen, Ulrich Andreas";"";"2292734705";"";"dtu";"2015";"";"";"";"";"thesis";"dtu|dtu_electronic|dtupub|dtupub_electronic";"";"";"";"";"";"";"";"";"";"";"";"";"";"Konst. og mekanik|Master of Science in Engineering|Master of Science in Engineering Design and Applied Mechanics|kandidat";"Konst. og mekanik|Master of Science in Engineering|Master of Science in Engineering Design and Applied Mechanics|kandidat";"Konst. og mekanik|Master of Science in Engineering|Master of Science in Engineering Design and Applied Mechanics|kandidat";"und";"56d754acbf194551020001f2";"";"56d754acbf194551020001f2";"DTU Department of Wind and Energy Systems";"sorbit";"sorbit";"The influence of fiber-misalignment on the compression properties for uni-directional composites|Indflydelsen af fiber-misorientering pa kompressionsstyrken af ensrettede kompositter"
"";"dtu|dtupub|third_party";"";"2022-01-03T13:12:21.445Z";"Wysocka-Korzun, Halszka";"";"2292734757";"";"dtu";"2016";"";"";"";"";"thesis";"dtu|dtu_electronic|dtupub|dtupub_electronic";"";"";"";"";"";"";"";"";"";"";"";"";"";"Bioteknologi|Master of Science in Biotechnology|Master of Science in Engineering|kandidat";"Bioteknologi|Master of Science in Biotechnology|Master of Science in Engineering|kandidat";"Bioteknologi|Master of Science in Biotechnology|Master of Science in Engineering|kandidat";"und";"56d754adbf1945510200021d";"";"56d754adbf1945510200021d";"DTU National Veterinary Institute";"sorbit";"sorbit";"Effect of BCG vaccination on non-specific resistance to infections|Uspecific resistens mod infektioner efter BCG vaccination"
"";"dtu|dtupub|third_party";"";"2022-01-03T13:16:13.398Z";"Petersen, Kasper Pagh";"";"2292734758";"";"dtu";"2015";"";"";"";"";"thesis";"dtu|dtu_electronic|dtupub|dtupub_electronic";"";"";"";"";"";"";"";"";"";"";"";"";"";"Byggetek.|Master of Science in Civil Engineering|Master of Science in Engineering|kandidat";"Byggetek.|Master of Science in Civil Engineering|Master of Science in Engineering|kandidat";"Byggetek.|Master of Science in Civil Engineering|Master of Science in Engineering|kandidat";"und";"56d754adbf1945510200021f";"";"56d754adbf1945510200021f";"DTU Department of Civil and Mechanical Engineering";"sorbit";"sorbit";"Experimental analyses of flow and turbulence in large porous structures|Eksperimentelle analyser af flow og turbulens i store porøse strukturer"
"";"dtu|dtupub|third_party";"";"2022-01-03T13:15:23.390Z";"Pedersen, Martin Kofoed";"";"2292737094";"";"dtu";"2015";"";"";"";"";"thesis";"dtu|dtu_electronic|dtupub|dtupub_electronic";"";"";"";"";"";"";"";"";"";"";"";"";"";"Elektrotek.|Master of Science in Electrical Engineering|Master of Science in Engineering|kandidat";"Elektrotek.|Master of Science in Electrical Engineering|Master of Science in Engineering|kandidat";"Elektrotek.|Master of Science in Electrical Engineering|Master of Science in Engineering|kandidat";"und";"56d754b9bf1945510200089b";"";"56d754b9bf1945510200089b";"DTU Department of Electrical Engineering";"sorbit";"sorbit";"Low Power Linearization of an Audio Class D Stage for Hearing Aids|Low power Linearisering af et audio klasse D trin til brug i Høreapparater"
"";"dtu|dtupub|third_party";"";"2022-01-03T13:11:54.427Z";"Larruy, Maria Aguilar|Garibay, Maria Montserrat Heiras";"";"2292736171";"";"dtu";"2015";"";"";"";"";"thesis";"dtu|dtu_electronic|dtupub|dtupub_electronic";"";"";"";"";"";"";"";"";"";"";"";"";"";"Master of Science in Engineering|Master of Science in Transportation and Logistics|Transp. og logistik|kandidat";"Master of Science in Engineering|Master of Science in Transportation and Logistics|Transp. og logistik|kandidat";"Master of Science in Engineering|Master of Science in Transportation and Logistics|Transp. og logistik|kandidat";"und";"56d754b5bf19455102000628";"";"56d754b5bf19455102000628";"DTU Department of Transport";"sorbit";"sorbit";"Heuristic Algorithms for Vehicle Routing Problems with Cross-Docking|Heuristiske Algoritmer til løsning af ruteplanlægningsproblemer med omlæsning"
"";"dtu|dtupub|third_party";"";"2022-01-03T13:06:05.281Z";"Drozdowski, Pawel Grzegorz";"";"2306781180";"";"dtu";"2016";"";"";"";"";"thesis";"dtu|dtu_electronic|dtupub|dtupub_electronic";"";"";"";"";"";"";"";"";"";"";"";"";"";"Informationstek.|Master of Science in Computer Science and Engineering|Master of Science in Engineering|kandidat";"Informationstek.|Master of Science in Computer Science and Engineering|Master of Science in Engineering|kandidat";"Informationstek.|Master of Science in Computer Science and Engineering|Master of Science in Engineering|kandidat";"und";"5795f1446bbf232e70000826";"";"5795f1446bbf232e70000826";"DTU Department of Applied Mathematics and Computer Science";"sorbit";"sorbit";"Efficient biometric identification in large-scale iris databases|Effektiv biometrisk identifkation i iris databaser"
"";"dtu|dtupub|third_party";"";"2022-01-03T13:12:15.197Z";"Mazlom, Naka Ali Akla";"";"2292737199";"";"dtu";"2015";"";"";"";"";"thesis";"dtu|dtu_electronic|dtupub_external";"";"";"";"";"";"";"";"";"";"";"";"";"";"Kemisk/biokemisk tek.|Master of Science in Chemical and Biochemical Engineering|Master of Science in Engineering|kandidat";"Kemisk/biokemisk tek.|Master of Science in Chemical and Biochemical Engineering|Master of Science in Engineering|kandidat";"Kemisk/biokemisk tek.|Master of Science in Chemical and Biochemical Engineering|Master of Science in Engineering|kandidat";"und";"56d754b9bf19455102000906";"";"56d754b9bf19455102000906";"DTU Department of Chemical and Biochemical Engineering";"sorbit";"sorbit";"Investigation of the influence from compounds in Inbicon bioliquid on fermentation|Undersøgelse af indflydelsen fra stoffer i Inbicon væske pa fermentering"
"";"dtu|dtupub|third_party";"";"2022-01-03T13:16:21.059Z";"Knudsen, Mikkel Kirkeskov";"";"2305633416";"";"dtu";"2016";"";"";"";"";"thesis";"dtu|dtu_electronic|dtupub|dtupub_electronic";"";"";"";"";"";"";"";"";"";"";"";"";"";"Bygningsdesign|Master of Science in Engineering|Master og Science in Architectural Engineering|kandidat";"Bygningsdesign|Master of Science in Engineering|Master og Science in Architectural Engineering|kandidat";"Bygningsdesign|Master of Science in Engineering|Master og Science in Architectural Engineering|kandidat";"und";"575ea6d6e6f951534a00e8e9";"";"575ea6d6e6f951534a00e8e9";"DTU Department of Civil Engineering";"sorbit";"sorbit";"Sustainable Design in an indoor climate and energy perspective|Bæredygtigt design i indeklima og energi perspektiv"
"";"dtu|dtupub|third_party";"";"2022-01-03T13:16:35.748Z";"Sanchez, Carlos Monteserin";"";"2347598783";"";"dtu";"2016";"";"";"";"";"thesis";"dtu|dtu_electronic|dtupub|dtupub_electronic";"";"";"";"";"";"";"";"";"";"";"";"";"";"Master of Science in Engineering|Master of Science in Mathematical Modelling and Computation|Mat. modellering|kandidat";"Master of Science in Engineering|Master of Science in Mathematical Modelling and Computation|Mat. modellering|kandidat";"Master of Science in Engineering|Master of Science in Mathematical Modelling and Computation|Mat. modellering|kandidat";"und";"580600be0eaf79e53f000002";"";"580600be0eaf79e53f000002";"DTU Department of Applied Mathematics and Computer Science";"sorbit";"sorbit";"Robust Spectral Element Methods for Free Surface flows with Structures|Robuste Spectral Element Metoder for Fri Overflade beregninger med konstruktioner"
"";"dtu|dtupub|third_party";"";"2022-01-03T13:13:03.572Z";"Kjær, Jesper Byrdal";"";"2306945986";"";"dtu";"2016";"";"";"";"";"thesis";"dtu|dtu_electronic|dtupub|dtupub_electronic";"";"";"";"";"";"";"";"";"";"";"";"";"";"Informationstek.|Master of Science in Computer Science and Engineering|Master of Science in Engineering|kandidat";"Informationstek.|Master of Science in Computer Science and Engineering|Master of Science in Engineering|kandidat";"Informationstek.|Master of Science in Computer Science and Engineering|Master of Science in Engineering|kandidat";"und";"579f2cac6bbf232e7000197b";"";"579f2cac6bbf232e7000197b";"DTU Department of Applied Mathematics and Computer Science";"sorbit";"sorbit";"Architectural Modeling for Requirements Engineering in RED|Arkitektonisk modelering til kravspecifikation i RED"
"";"dtu|dtupub|third_party";"";"2022-01-03T13:15:45.235Z";"Ñiguez, Pablo Ros";"";"2292735500";"";"dtu";"2015";"";"";"";"";"thesis";"dtu|dtu_electronic|dtupub|dtupub_electronic";"";"";"";"";"";"";"";"";"";"";"";"";"";"Bæredygtig energi|Master of Science in Engineering|Master of Science in Sustainable Energy|kandidat";"Bæredygtig energi|Master of Science in Engineering|Master of Science in Sustainable Energy|kandidat";"Bæredygtig energi|Master of Science in Engineering|Master of Science in Sustainable Energy|kandidat";"und";"56d754b1bf19455102000406";"";"56d754b1bf19455102000406";"DTU Department of Civil Engineering";"sorbit";"sorbit";"Micro Urban Solar Integrated Concentrators|Mini CSP solfangere integreret i byomrader"
"";"dtu|dtupub|third_party";"";"2022-01-03T13:15:40.080Z";"Laurenza, Gabriella";"";"2292735579";"";"dtu";"2015";"";"";"";"";"thesis";"dtu|dtu_electronic|dtupub|dtupub_electronic";"";"";"";"";"";"";"";"";"";"";"";"";"";"Informationstek.|Master of Science in Computer Science and Engineering|Master of Science in Engineering|kandidat";"Informationstek.|Master of Science in Computer Science and Engineering|Master of Science in Engineering|kandidat";"Informationstek.|Master of Science in Computer Science and Engineering|Master of Science in Engineering|kandidat";"und";"56d754b2bf19455102000451";"";"56d754b2bf19455102000451";"DTU Department of Applied Mathematics and Computer Science";"sorbit";"sorbit";"Model Checking using Action Computation Tree Logic|Model tjek ved hjælp af en beregningslogik med handlinger"
"";"dtu|dtupub|third_party";"";"2022-01-03T13:16:05.328Z";"Vandecrux, Baptiste Robert Marcel";"";"2292735122";"";"dtu";"2015";"";"";"";"";"thesis";"dtu|dtu_electronic|dtupub|dtupub_electronic";"";"";"";"";"";"";"";"";"";"";"";"";"";"Master of Science in Engineering|Master of Science in Environmental Engineering|Miljøteknologi|kandidat";"Master of Science in Engineering|Master of Science in Environmental Engineering|Miljøteknologi|kandidat";"Master of Science in Engineering|Master of Science in Environmental Engineering|Miljøteknologi|kandidat";"und";"56d754afbf19455102000308";"";"56d754afbf19455102000308";"DTU Department of Civil Engineering";"sorbit";"sorbit";"Determining the distribution and characteristics of the Snow Cover of a High Arctic Area using Unmanned Areal Vehicle, Digital Photogrammetry and Numerical Simulation|Fordeling og karakteristika af en højarktisk snepakke undersøgt ved hjælp af UAV, digital fotografering og numerisk simulering"
"";"dtu|dtupub|third_party";"";"2022-01-03T13:15:53.617Z";"Lindbjerg, Nicklas";"";"2292736135";"";"dtu";"2015";"";"";"";"";"thesis";"dtu|dtu_electronic|dtupub_external";"";"";"";"";"";"";"";"";"";"";"";"";"";"Elektrotek.|Master of Science in Electrical Engineering|Master of Science in Engineering|kandidat";"Elektrotek.|Master of Science in Electrical Engineering|Master of Science in Engineering|kandidat";"Elektrotek.|Master of Science in Electrical Engineering|Master of Science in Engineering|kandidat";"und";"56d754b5bf19455102000610";"";"56d754b5bf19455102000610";"DTU Department of Electrical Engineering";"sorbit";"sorbit";"Output Driver for Hearing Aids with Improved Power Supply Rejection Ratio (PSRR)|Udgangstrin med forbedret power supply rejection ratio (PSRR) til brug i høreapparater"
"";"dtu|dtupub|third_party";"";"2022-01-06T23:53:47.531Z";"Petersen, Nikolaj From";"";"2306445386";"";"dtu";"2016";"";"";"";"";"thesis";"dtu|dtu_electronic|dtupub_external";"";"";"";"";"";"";"";"";"";"";"";"";"";"Master of Science in Engineering|Master of Science in Environmental Engineering|Miljøteknologi|kandidat";"Master of Science in Engineering|Master of Science in Environmental Engineering|Miljøteknologi|kandidat";"Master of Science in Engineering|Master of Science in Environmental Engineering|Miljøteknologi|kandidat";"und";"57822ac0c34db37569000114";"";"57822ac0c34db37569000114";"DTU Department of Environmental and Resource Engineering";"sorbit";"sorbit";"Pilot scale biorefining of the brown macroalgae Laminaria digitata for integrated biobutanol and protein production|Pilotskala bioraffinering af den brune makroalge Laminaria digitata for integreret produktion af biobutanol og protein"
"";"dtu|dtupub|third_party";"";"2022-01-03T13:13:02.060Z";"Nørgaard, Cecilie Dehnfeld";"";"2306782187";"";"dtu";"2016";"";"";"";"";"thesis";"dtu|dtu_electronic|dtupub_external";"";"";"";"";"";"";"";"";"";"";"";"";"";"Bioteknologi|Master of Science in Biotechnology|Master of Science in Engineering|kandidat";"Bioteknologi|Master of Science in Biotechnology|Master of Science in Engineering|kandidat";"Bioteknologi|Master of Science in Biotechnology|Master of Science in Engineering|kandidat";"und";"5795f1c56bbf232e70000c5f";"";"5795f1c56bbf232e70000c5f";"DTU Department of Biotechnology and Biomedicine";"sorbit";"sorbit";"Development of a protease resistant tag to ease the purification of proteins|Udvikling af protease resitent tag til at lette oprensningen af proteiner"
"";"dtu|dtupub|third_party";"";"2022-01-03T13:12:51.860Z";"Malek-Shah, Masoud Mohamed";"";"2292734660";"";"dtu";"2015";"";"";"";"";"thesis";"dtu|dtu_electronic|dtupub|dtupub_electronic";"";"";"";"";"";"";"";"";"";"";"";"";"";"Kemisk/biokemisk tek.|Master of Science in Chemical and Biochemical Engineering|Master of Science in Engineering|kandidat";"Kemisk/biokemisk tek.|Master of Science in Chemical and Biochemical Engineering|Master of Science in Engineering|kandidat";"Kemisk/biokemisk tek.|Master of Science in Chemical and Biochemical Engineering|Master of Science in Engineering|kandidat";"und";"56d754acbf194551020001ca";"";"56d754acbf194551020001ca";"DTU Department of Chemical and Biochemical Engineering";"sorbit";"sorbit";"Validation of a general acid-base equilibria model plug-in for bio-based processes|Validering af en generel model plug-in til syre-base ligevægte i bioprocesser"
"";"dtu|dtupub|third_party";"";"2022-01-03T13:15:25.166Z";"Novakova, Kristyna";"";"2292737399";"";"dtu";"2015";"";"";"";"";"thesis";"dtu|dtu_electronic|dtupub_external";"";"";"";"";"";"";"";"";"";"";"";"";"";"Anvendt kemi|Master of Science in Advanced and Applied Chemistry|Master of Science in Engineering|kandidat";"Anvendt kemi|Master of Science in Advanced and Applied Chemistry|Master of Science in Engineering|kandidat";"Anvendt kemi|Master of Science in Advanced and Applied Chemistry|Master of Science in Engineering|kandidat";"und";"56d754babf194551020009ad";"";"56d754babf194551020009ad";"DTU Department of Chemical and Biochemical Engineering";"sorbit";"sorbit";"Laser welding of polymers|Lasersvejsning af polymerer"
"";"dtu|dtupub|third_party";"";"2022-01-03T13:06:46.773Z";"Hansen, Majse Granberg";"";"2292737190";"";"dtu";"2015";"";"";"";"";"thesis";"dtu|dtu_electronic|dtupub|dtupub_electronic";"";"";"";"";"";"";"";"";"";"";"";"";"";"Konst. og mekanik|Master of Science in Engineering|Master of Science in Engineering Design and Applied Mechanics|kandidat";"Konst. og mekanik|Master of Science in Engineering|Master of Science in Engineering Design and Applied Mechanics|kandidat";"Konst. og mekanik|Master of Science in Engineering|Master of Science in Engineering Design and Applied Mechanics|kandidat";"und";"56d754b9bf194551020008fb";"";"56d754b9bf194551020008fb";"DTU Department of Civil and Mechanical Engineering";"sorbit";"sorbit";"Structural Damage Detection using Multisensor Vibration Signals|Detektion af Strukturel Skade via Multisensor-vibrationssignaler"
"";"dtu|dtupub|third_party";"";"2022-01-03T13:12:13.226Z";"Johannesen, Thor Bech";"";"2292735752";"";"dtu";"2015";"";"";"";"";"thesis";"dtu|dtu_electronic|dtupub|dtupub_electronic";"";"";"";"";"";"";"";"";"";"";"";"";"";"Master of Science in Engineering|Master of science in Bioinformatics and Systems Biology|Systembiologi|kandidat";"Master of Science in Engineering|Master of science in Bioinformatics and Systems Biology|Systembiologi|kandidat";"Master of Science in Engineering|Master of science in Bioinformatics and Systems Biology|Systembiologi|kandidat";"und";"56d754b3bf194551020004ed";"";"56d754b3bf194551020004ed";"DTU Department of Biotechnology and Biomedicine";"sorbit";"sorbit";"Analysis and optimization metagenome read assignment|Analyse og optimering af metagenom sekvensanalyse"
"";"dtu|dtupub|third_party";"";"2022-01-03T13:08:04.482Z";"Phan, Thanh Tu";"";"2342057099";"";"dtu";"2016";"";"";"";"";"thesis";"dtu|dtu_electronic|dtupub|dtupub_electronic";"";"";"";"";"";"";"";"";"";"";"";"";"";"Byggetek.|Master of Science in Civil Engineering|Master of Science in Engineering|kandidat";"Byggetek.|Master of Science in Civil Engineering|Master of Science in Engineering|kandidat";"Byggetek.|Master of Science in Civil Engineering|Master of Science in Engineering|kandidat";"und";"57becfc1febd22f360000152";"";"57becfc1febd22f360000152";"DTU Department of Civil Engineering";"sorbit";"sorbit";"Moment capacity of reinforced concrete frame corners|Momentkapacitet af armerede betonrammehjørner"
"";"dtu|dtupub|third_party";"";"2022-01-03T13:12:58.113Z";"Kirstein, Joachim Maaløe";"";"2344905189";"";"dtu";"2016";"";"";"";"";"thesis";"dtu|dtu_electronic|dtupub|dtupub_electronic";"";"";"";"";"";"";"";"";"";"";"";"";"";"Byggetek.|Master of Science in Civil Engineering|Master of Science in Engineering|kandidat";"Byggetek.|Master of Science in Civil Engineering|Master of Science in Engineering|kandidat";"Byggetek.|Master of Science in Civil Engineering|Master of Science in Engineering|kandidat";"und";"57dd223e1f4bfa107d000022";"";"57dd223e1f4bfa107d000022";"DTU Department of Civil Engineering";"sorbit";"sorbit";"Evaluation of settlements due to deep excavations|Vurdering af sætninger ved dybe udgravninger"
"";"dtu|dtupub|third_party";"";"2022-01-03T13:11:42.733Z";"Philip, Julie";"";"2292735111";"";"dtu";"2015";"";"";"";"";"thesis";"dtu|dtu_electronic|dtupub_external";"";"";"";"";"";"";"";"";"";"";"";"";"";"Bioteknologi|Master of Science in Biotechnology|Master of Science in Engineering|kandidat";"Bioteknologi|Master of Science in Biotechnology|Master of Science in Engineering|kandidat";"Bioteknologi|Master of Science in Biotechnology|Master of Science in Engineering|kandidat";"und";"56d754afbf19455102000300";"";"56d754afbf19455102000300";"DTU Department of Biotechnology and Biomedicine";"sorbit";"sorbit";"Design of Experiments for cell line screening for pharmaceutical protein production|Forsøgsdesign til celleliniescreening for produktion af farmaceutiske proteiner"
"";"dtu|dtupub|third_party";"";"2022-01-03T13:11:31.431Z";"Haastrup, Sten";"";"2292737330";"";"dtu";"2015";"";"";"";"";"thesis";"dtu|dtu_electronic|dtupub|dtupub_electronic";"";"";"";"";"";"";"";"";"";"";"";"";"";"Fysik og nanotek.|Master of Science in Engineering|Master of Science in Physics and Nanotechnology|kandidat";"Fysik og nanotek.|Master of Science in Engineering|Master of Science in Physics and Nanotechnology|kandidat";"Fysik og nanotek.|Master of Science in Engineering|Master of Science in Physics and Nanotechnology|kandidat";"und";"56d754babf1945510200097d";"";"56d754babf1945510200097d";"DTU Department of Physics";"sorbit";"sorbit";"Making the RPA total energy method efficient|Effektive total energi beregninger med RPA"
"";"dtu|dtupub|third_party";"";"2022-01-03T13:06:07.918Z";"Hariri, Ali Mansour";"";"2342768015";"";"dtu";"2016";"";"";"";"";"thesis";"dtu|dtu_electronic|dtupub_external";"";"";"";"";"";"";"";"";"";"";"";"";"";"Byggetek.|Master of Science in Civil Engineering|Master of Science in Engineering|kandidat";"Byggetek.|Master of Science in Civil Engineering|Master of Science in Engineering|kandidat";"Byggetek.|Master of Science in Civil Engineering|Master of Science in Engineering|kandidat";"und";"57cd503dabd781272100012a";"";"57cd503dabd781272100012a";"DTU Department of Civil Engineering";"sorbit";"sorbit";"Settlement validation of deep excavations based on monitoring data|Validering af sætninger af dybe udgravninger baseret pa overvagningsdata"
"";"dtu|dtupub|third_party";"";"2022-01-06T23:53:52.365Z";"Andreasen, David Richterhausen";"";"2344805459";"";"dtu";"2016";"";"";"";"";"thesis";"dtu|dtu_electronic|dtupub_external";"";"";"";"";"";"";"";"";"";"";"";"";"";"Master of Science in Engineering|Master of Science in Petroleum Engineering|Olie- og gastek.|kandidat";"Master of Science in Engineering|Master of Science in Petroleum Engineering|Olie- og gastek.|kandidat";"Master of Science in Engineering|Master of Science in Petroleum Engineering|Olie- og gastek.|kandidat";"und";"57dbd0c11f4bfa107d000000";"";"57dbd0c11f4bfa107d000000";"DTU Department of Chemical and Biochemical Engineering";"sorbit";"sorbit";"Reduction of Metal Contaminants in Coal Tars|Nedbringelse af metalliske urenheder i tjære fra kul"
"";"dtu|dtupub|third_party";"";"2022-01-03T13:11:17.305Z";"Steen-Jensen, Dennis Bisgaard";"";"2292737381";"";"dtu";"2015";"";"";"";"";"thesis";"dtu|dtu_electronic|dtupub|dtupub_electronic";"";"";"";"";"";"";"";"";"";"";"";"";"";"Bioteknologi|Master of Science in Biotechnology|Master of Science in Engineering|kandidat";"Bioteknologi|Master of Science in Biotechnology|Master of Science in Engineering|kandidat";"Bioteknologi|Master of Science in Biotechnology|Master of Science in Engineering|kandidat";"und";"56d754babf194551020009a2";"";"56d754babf194551020009a2";"DTU Department of Biotechnology and Biomedicine";"sorbit";"sorbit";"Morphology of protein producing filamentous fungi|Morfologi af proteinproducerende skimmelsvampe"
"";"dtu|dtupub|third_party";"";"2022-01-03T13:11:08.368Z";"Hansen, Rasmus Jul";"";"2292735588";"";"dtu";"2015";"";"";"";"";"thesis";"dtu|dtu_electronic|dtupub|dtupub_electronic";"";"";"";"";"";"";"";"";"";"";"";"";"";"Fysik og nanotek.|Master of Science in Engineering|Master of Science in Physics and Nanotechnology|kandidat";"Fysik og nanotek.|Master of Science in Engineering|Master of Science in Physics and Nanotechnology|kandidat";"Fysik og nanotek.|Master of Science in Engineering|Master of Science in Physics and Nanotechnology|kandidat";"und";"56d754b2bf1945510200045b";"";"56d754b2bf1945510200045b";"DTU Department of Micro- and Nanotechnology";"sorbit";"sorbit";"Waveguide-based Absorption Spectroscopy for Hemoglobin Detection|Bølgeleder-absorptionsspektroskopi til detektion af hæmoglobin"
"";"dtu|dtupub|third_party";"";"2022-01-03T13:15:45.453Z";"Schoen, Nick Silvester|Hughes, Sam";"";"2292735800";"";"dtu";"2015";"";"";"";"";"thesis";"dtu|dtu_electronic|dtupub|dtupub_electronic";"";"";"";"";"";"";"";"";"";"";"";"";"";"Master of Science in Engineering|Master of Science in Engineering Management|Planl. innovation og led.|kandidat";"Master of Science in Engineering|Master of Science in Engineering Management|Planl. innovation og led.|kandidat";"Master of Science in Engineering|Master of Science in Engineering Management|Planl. innovation og led.|kandidat";"und";"56d754b3bf19455102000512";"";"56d754b3bf19455102000512";"DTU Department of Technology, Management and Economics";"sorbit";"sorbit";"Uncertainty in managerial decision-making: A closer look at current and future measures in a globalising world|Usikkerhed i ledelsesmæssige beslutninger: Et nærmere kig pa nuværende og fremtidige foranstaltninger i en stadig mere globaliseret verden"
"";"dtu|dtupub|third_party";"";"2022-01-03T13:15:41.098Z";"Kjær, Jacob Kibsgaard";"";"2292737529";"";"dtu";"2015";"";"";"";"";"thesis";"dtu|dtu_electronic|dtupub|dtupub_electronic";"";"";"";"";"";"";"";"";"";"";"";"";"";"Fysik og nanotek.|Master of Science in Engineering|Master of Science in Physics and Nanotechnology|kandidat";"Fysik og nanotek.|Master of Science in Engineering|Master of Science in Physics and Nanotechnology|kandidat";"Fysik og nanotek.|Master of Science in Engineering|Master of Science in Physics and Nanotechnology|kandidat";"und";"56d754bbbf19455102000a1e";"";"56d754bbbf19455102000a1e";"DTU Department of Physics";"sorbit";"sorbit";"Development of a fibre microcavity for diamond-based magnetometry|Udvikling af en fiber-mikrokavitet for diamant-baseret magnetometri"
"";"dtu|dtupub|third_party";"";"2022-01-06T23:53:54.770Z";"Paraskeva, Ioulietta";"";"2328003947";"";"dtu";"2016";"";"";"";"";"thesis";"dtu|dtu_electronic|dtupub|dtupub_electronic";"";"";"";"";"";"";"";"";"";"";"";"";"";"Kemisk/biokemisk tek.|Master of Science in Chemical and Biochemical Engineering|Master of Science in Engineering|kandidat";"Kemisk/biokemisk tek.|Master of Science in Chemical and Biochemical Engineering|Master of Science in Engineering|kandidat";"Kemisk/biokemisk tek.|Master of Science in Chemical and Biochemical Engineering|Master of Science in Engineering|kandidat";"und";"57b2f23f272bfcc23000000a";"";"57b2f23f272bfcc23000000a";"DTU Department of Chemical and Biochemical Engineering";"sorbit";"sorbit";"Solvent Swap Method for Separation Tasks|Opløsningsmiddel ombytningsmetode til separationsopgaver"
"";"dtu|dtupub|third_party";"";"2022-01-03T13:13:04.468Z";"Larsen, Pål Røe";"";"2307357275";"";"dtu";"2016";"";"";"";"";"thesis";"dtu|dtu_electronic|dtupub|dtupub_electronic";"";"";"";"";"";"";"";"";"";"";"";"";"";"Byggetek.|Master of Science in Civil Engineering|Master of Science in Engineering|kandidat";"Byggetek.|Master of Science in Civil Engineering|Master of Science in Engineering|kandidat";"Byggetek.|Master of Science in Civil Engineering|Master of Science in Engineering|kandidat";"und";"57a9b7c53fec415c3b000065";"";"57a9b7c53fec415c3b000065";"DTU Department of Civil Engineering";"sorbit";"sorbit";"Implementation of 3D-reinforcement in structures with complex geometry|Implementering af 3D-armering i konstruktioner med kompleks geometri"
"";"dtu|dtupub|third_party";"";"2022-01-03T13:15:44.003Z";"Kjellerup, Marie Kjær";"";"2292737068";"";"dtu";"2015";"";"";"";"";"thesis";"dtu|dtu_electronic|dtupub_external";"";"";"";"";"";"";"";"";"";"";"";"";"";"Design og inn.|Master of Science in Design and Innovation|Master of Science in Engineering|kandidat";"Design og inn.|Master of Science in Design and Innovation|Master of Science in Engineering|kandidat";"Design og inn.|Master of Science in Design and Innovation|Master of Science in Engineering|kandidat";"und";"56d754b9bf19455102000882";"";"56d754b9bf19455102000882";"DTU Department of Civil and Mechanical Engineering";"sorbit";"sorbit";"User Centered Platform Design|Brugercentreret platform design"
"";"dtu|dtupub|third_party";"";"2022-01-03T13:13:03.655Z";"Marazaki, Ilektra";"";"2346606344";"";"dtu";"2016";"";"";"";"";"thesis";"dtu|dtu_electronic|dtupub_external";"";"";"";"";"";"";"";"";"";"";"";"";"";"Design og inn.|Master of Science in Design and Innovation|Master of Science in Engineering|kandidat";"Design og inn.|Master of Science in Design and Innovation|Master of Science in Engineering|kandidat";"Design og inn.|Master of Science in Design and Innovation|Master of Science in Engineering|kandidat";"und";"57f62ec3e6fd4e3451000016";"";"57f62ec3e6fd4e3451000016";"DTU Department of Technology, Management and Economics";"sorbit";"sorbit";"Reducing complexity in procurement at Novo Nordisk A/S|Reduktion af kompleksitet i indkøb hos Novo Nordisk A/S"
"";"dtu|dtupub|third_party";"";"2022-01-03T13:16:04.990Z";"Thomsen, Morten Bjelbo";"";"2305633546";"";"dtu";"2016";"";"";"";"";"thesis";"dtu|dtu_electronic|dtupub_external";"";"";"";"";"";"";"";"";"";"";"";"";"";"Master of Science in Engineering|Master of Science in Mathematical Modelling and Computation|Mat. modellering|kandidat";"Master of Science in Engineering|Master of Science in Mathematical Modelling and Computation|Mat. modellering|kandidat";"Master of Science in Engineering|Master of Science in Mathematical Modelling and Computation|Mat. modellering|kandidat";"und";"575ea7dbe6f951534a00f4eb";"";"575ea7dbe6f951534a00f4eb";"DTU Department of Applied Mathematics and Computer Science";"sorbit";"sorbit";"Neural networks for text analysis|Neurale netværk for tekstdokumentfortolkning"
"";"dtu|dtupub|third_party";"";"2022-01-03T13:15:53.757Z";"Papadakis, Dimitrios";"";"2305633456";"";"dtu";"2016";"";"";"";"";"thesis";"dtu|dtu_electronic|dtupub|dtupub_electronic";"";"";"";"";"";"";"";"";"";"";"";"";"";"Bæredygtig energi|Master of Science in Engineering|Master of Science in Sustainable Energy|kandidat";"Bæredygtig energi|Master of Science in Engineering|Master of Science in Sustainable Energy|kandidat";"Bæredygtig energi|Master of Science in Engineering|Master of Science in Sustainable Energy|kandidat";"und";"575ea74ce6f951534a00ee8e";"";"575ea74ce6f951534a00ee8e";"DTU Department of Electrical Engineering";"sorbit";"sorbit";"Modelling a subsea electric power system with long feeding cable using RTDS|Modellering af et sø-kabelsystem med lange tilslutningskabler ved hjælp af RTDS"
"";"dtu|dtupub|third_party";"";"2022-01-03T13:10:31.629Z";"Ragnarsson, Gisli";"";"2292737891";"";"dtu";"2015";"";"";"";"";"thesis";"dtu|dtu_electronic|dtupub_external";"";"";"";"";"";"";"";"";"";"";"";"";"";"Elektrotek.|Master of Science in Electrical Engineering|Master of Science in Engineering|kandidat";"Elektrotek.|Master of Science in Electrical Engineering|Master of Science in Engineering|kandidat";"Elektrotek.|Master of Science in Electrical Engineering|Master of Science in Engineering|kandidat";"und";"56d754bdbf19455102000b75";"";"56d754bdbf19455102000b75";"DTU Department of Electrical Engineering";"sorbit";"sorbit";"Robots for Automotive Catalyst Plant|Robotter til bil-katalysator anlæg"
"";"dtu|dtupub|third_party";"";"2022-01-03T13:12:37.080Z";"Garnotel, Gaëtan André Georges Jules";"";"2306312205";"";"dtu";"2016";"";"";"";"";"thesis";"dtu|dtu_electronic|dtupub|dtupub_electronic";"";"";"";"";"";"";"";"";"";"";"";"";"";"Master of Science in Engineering|Master of Science in Engineering Management|Planl. innovation og led.|kandidat";"Master of Science in Engineering|Master of Science in Engineering Management|Planl. innovation og led.|kandidat";"Master of Science in Engineering|Master of Science in Engineering Management|Planl. innovation og led.|kandidat";"und";"577a423937562d157a0000d3";"";"577a423937562d157a0000d3";"DTU Department of Technology, Management and Economics";"sorbit";"sorbit";"An entrepreneurial journey for inexperienced entrepreneurs|En iværksætter rejse for uerfarne iværksættere"
"";"dtu|dtupub|third_party";"";"2022-01-03T13:15:23.406Z";"Asmussen, Maria Facchin";"";"2292736767";"";"dtu";"2015";"";"";"";"";"thesis";"dtu|dtu_electronic|dtupub|dtupub_electronic";"";"";"";"";"";"";"";"";"";"";"";"";"";"Geofysik og rumtek.|Master of Science|Master of Science in Engineering|kandidat";"Geofysik og rumtek.|Master of Science|Master of Science in Engineering|kandidat";"Geofysik og rumtek.|Master of Science|Master of Science in Engineering|kandidat";"und";"56d754b8bf19455102000788";"";"56d754b8bf19455102000788";"DTU Department of Environmental and Resource Engineering";"sorbit";"sorbit";"Operational hydrological forecasting for the upper Zambezi River basin, Southern Africa|Operationelle hydrologiske prognoser for øvre Zambezi i det sydlige Afrika"
"";"dtu|dtupub|third_party";"";"2022-01-03T13:15:20.801Z";"Bielefeldt, Julie Koefoed";"";"2292737492";"";"dtu";"2015";"";"";"";"";"thesis";"dtu|dtu_electronic|dtupub|dtupub_electronic";"";"";"";"";"";"";"";"";"";"";"";"";"";"Master of Science in Engineering|Master of Science in Environmental Engineering|Miljøteknologi|kandidat";"Master of Science in Engineering|Master of Science in Environmental Engineering|Miljøteknologi|kandidat";"Master of Science in Engineering|Master of Science in Environmental Engineering|Miljøteknologi|kandidat";"und";"56d754bbbf194551020009f4";"";"56d754bbbf194551020009f4";"DTU Department of Environmental and Resource Engineering";"sorbit";"sorbit";"The effect of sea level fluctuations on groundwater levels and the risk at excavation sites|Grundvands pavirkninger som følge af havvandsstigninger og risikoen ved udgravninger"
"";"dtu|dtupub|third_party";"";"2022-01-03T13:08:04.494Z";"Ethelberg-Findsen, Pelle";"";"2348749129";"";"dtu";"2016";"";"";"";"";"thesis";"dtu|dtu_electronic|dtupub|dtupub_electronic";"";"";"";"";"";"";"";"";"";"";"";"";"";"Elektrotek.|Master of Science in Electrical Engineering|Master of Science in Engineering|kandidat";"Elektrotek.|Master of Science in Electrical Engineering|Master of Science in Engineering|kandidat";"Elektrotek.|Master of Science in Electrical Engineering|Master of Science in Engineering|kandidat";"und";"58230fcd13270e8a3e000009";"";"58230fcd13270e8a3e000009";"DTU Department of Electrical Engineering";"sorbit";"sorbit";"Snow Shedding of PV Panels in Greenland|Sne- og Isbelægninger af PV-paneler i Grønland"
"";"dtu|dtupub|third_party";"";"2022-01-03T13:08:02.678Z";"Pedersen, Jens Joachim Krogsløkke";"";"2342664659";"";"dtu";"2016";"";"";"";"";"thesis";"dtu|dtu_electronic|dtupub|dtupub_electronic";"";"";"";"";"";"";"";"";"";"";"";"";"";"Informationstek.|Master of Science in Computer Science and Engineering|Master of Science in Engineering|kandidat";"Informationstek.|Master of Science in Computer Science and Engineering|Master of Science in Engineering|kandidat";"Informationstek.|Master of Science in Computer Science and Engineering|Master of Science in Engineering|kandidat";"und";"57cbfebeabd7812721000120";"";"57cbfebeabd7812721000120";"DTU Department of Applied Mathematics and Computer Science";"sorbit";"sorbit";"Asynchronous SoC serial communication infrastructures|Asynkron seriel kommunikationsstruktur til system-on-chip"
"";"dtu|dtupub|third_party";"";"2022-01-06T23:53:55.784Z";"El-Wali, Rihab Mohammed";"";"2349195080";"";"dtu";"2016";"";"";"";"";"thesis";"dtu|dtu_electronic|dtupub|dtupub_electronic";"";"";"";"";"";"";"";"";"";"";"";"";"";"Konst. og mekanik|Master of Science in Engineering|Master of Science in Engineering Design and Applied Mechanics|kandidat";"Konst. og mekanik|Master of Science in Engineering|Master of Science in Engineering Design and Applied Mechanics|kandidat";"Konst. og mekanik|Master of Science in Engineering|Master of Science in Engineering Design and Applied Mechanics|kandidat";"und";"5836d65413270e8a3e00002c";"";"5836d65413270e8a3e00002c";"DTU Department of Civil and Mechanical Engineering";"sorbit";"sorbit";"Vibration damping of a high pressure washer lance|Svingningsdæmpning af højtryksrenserlanse"
"";"dtu|dtupub|third_party";"";"2022-01-03T13:12:00.062Z";"Serhan, Salim Khamis";"";"2292736187";"";"dtu";"2015";"";"";"";"";"thesis";"dtu|dtu_electronic|dtupub|dtupub_electronic";"";"";"";"";"";"";"";"";"";"";"";"";"";"Master of Science in Engineering|Master of Science in Mathematical Modelling and Computation|Mat. modellering|kandidat";"Master of Science in Engineering|Master of Science in Mathematical Modelling and Computation|Mat. modellering|kandidat";"Master of Science in Engineering|Master of Science in Mathematical Modelling and Computation|Mat. modellering|kandidat";"und";"56d754b5bf19455102000633";"";"56d754b5bf19455102000633";"DTU Department of Applied Mathematics and Computer Science";"sorbit";"sorbit";"Estimation in Markov processes|Estimation i Markov processer"
"";"dtu|dtupub|third_party";"";"2022-01-03T13:11:34.564Z";"Rasmussen, Emil Kallenbach";"";"2292737211";"";"dtu";"2015";"";"";"";"";"thesis";"dtu|dtu_electronic|dtupub|dtupub_electronic";"";"";"";"";"";"";"";"";"";"";"";"";"";"åben udd.";"åben udd.";"åben udd.";"und";"56d754b9bf19455102000911";"";"56d754b9bf19455102000911";"DTU Department of Civil Engineering";"sorbit";"sorbit";"What effect does the Height Difference between the Traincar and the Escapeway surface have on the Evacuationtime in Tunnels|Hvilken indflydelse har højdeforskellen mellem togvogn og flugtvejsoverfladen pa evakueringstiden i tunneller"
"";"dtu|dtupub|third_party";"";"2022-01-03T13:06:07.611Z";"Carmaciu, Catalin";"";"2346530044";"";"dtu";"2016";"";"";"";"";"thesis";"dtu|dtu_electronic|dtupub|dtupub_electronic";"";"";"";"";"";"";"";"";"";"";"";"";"";"Informationstek.|Master of Science in Computer Science and Engineering|Master of Science in Engineering|kandidat";"Informationstek.|Master of Science in Computer Science and Engineering|Master of Science in Engineering|kandidat";"Informationstek.|Master of Science in Computer Science and Engineering|Master of Science in Engineering|kandidat";"und";"57f4dd3f5fef926e0f000016";"";"57f4dd3f5fef926e0f000016";"DTU Department of Applied Mathematics and Computer Science";"sorbit";"sorbit";"Performance Evaluation of an Embedded platform for Image Processing Algorithms|Præstationsevaluering af en Embedded Platform til billedbehandling algoritmer"
"";"dtu|dtupub|third_party";"";"2022-01-03T13:15:31.389Z";"Jacobsen, Kåre Wedel";"";"2292737369";"";"dtu";"2015";"";"";"";"";"thesis";"dtu|dtu_electronic|dtupub|dtupub_electronic";"";"";"";"";"";"";"";"";"";"";"";"";"";"Fysik og nanotek.|Master of Science in Engineering|Master of Science in Physics and Nanotechnology|kandidat";"Fysik og nanotek.|Master of Science in Engineering|Master of Science in Physics and Nanotechnology|kandidat";"Fysik og nanotek.|Master of Science in Engineering|Master of Science in Physics and Nanotechnology|kandidat";"und";"56d754babf19455102000997";"";"56d754babf19455102000997";"DTU Department of Micro- and Nanotechnology";"sorbit";"sorbit";"Graphene T-junctions|Grafen T-forbindelser"
"";"dtu|dtupub|third_party";"";"2022-01-03T13:16:01.692Z";"Beusekom, Johan van";"";"2292735977";"";"dtu";"2015";"";"";"";"";"thesis";"dtu|dtu_electronic|dtupub|dtupub_electronic";"";"";"";"";"";"";"";"";"";"";"";"";"";"Informationstek.|Master of Science in Computer Science and Engineering|Master of Science in Engineering|kandidat";"Informationstek.|Master of Science in Computer Science and Engineering|Master of Science in Engineering|kandidat";"Informationstek.|Master of Science in Computer Science and Engineering|Master of Science in Engineering|kandidat";"und";"56d754b4bf194551020005a9";"";"56d754b4bf194551020005a9";"DTU Department of Applied Mathematics and Computer Science";"sorbit";"sorbit";"Representing Genomic Variation in Reference Graphs|Repræsentation af Genetisk Variation med Referencegrafer"
"";"dtu|dtupub|third_party";"";"2022-01-06T23:53:41.548Z";"Hansen, Rikke Opstrup";"";"2306781374";"";"dtu";"2016";"";"";"";"";"thesis";"dtu|dtu_electronic|dtupub|dtupub_electronic";"";"";"";"";"";"";"";"";"";"";"";"";"";"Bygningsdesign|Master of Science in Engineering|Master og Science in Architectural Engineering|kandidat";"Bygningsdesign|Master of Science in Engineering|Master og Science in Architectural Engineering|kandidat";"Bygningsdesign|Master of Science in Engineering|Master og Science in Architectural Engineering|kandidat";"und";"5795f14d6bbf232e70000892";"";"5795f14d6bbf232e70000892";"DTU Department of Civil Engineering";"sorbit";"sorbit";"Application of the adaptive model in the design of indoor climate in Danish buildings|Anvendelse af den adaptive model til design af indeklima i danske bygninger"
"";"dtu|dtupub|third_party";"";"2022-01-06T23:53:59.976Z";"Ockert, Martina Klinten";"";"2307019634";"";"dtu";"2016";"";"";"";"";"thesis";"dtu|dtu_electronic|dtupub|dtupub_electronic";"";"";"";"";"";"";"";"";"";"";"";"";"";"Konst. og mekanik|Master of Science in Engineering|Master of Science in Engineering Design and Applied Mechanics|kandidat";"Konst. og mekanik|Master of Science in Engineering|Master of Science in Engineering Design and Applied Mechanics|kandidat";"Konst. og mekanik|Master of Science in Engineering|Master of Science in Engineering Design and Applied Mechanics|kandidat";"und";"57a1cec212855c654e00002f";"";"57a1cec212855c654e00002f";"DTU Department of Civil and Mechanical Engineering";"sorbit";"sorbit";"Calibration and analysis of plasticity models for metallic single crystals|Kalibrering og analyse af plastiske modeller for metalliske enkelt krystaller"
"";"dtu|dtupub|third_party";"";"2022-01-03T13:06:05.341Z";"Peoples, Jaz Christian";"";"2341802853";"";"dtu";"2016";"";"";"";"";"thesis";"dtu|dtu_electronic|dtupub|dtupub_electronic";"";"";"";"";"";"";"";"";"";"";"";"";"";"Byggetek.|Master of Science in Civil Engineering|Master of Science in Engineering|kandidat";"Byggetek.|Master of Science in Civil Engineering|Master of Science in Engineering|kandidat";"Byggetek.|Master of Science in Civil Engineering|Master of Science in Engineering|kandidat";"und";"57badb413e47d6ad7700005b";"";"57badb413e47d6ad7700005b";"DTU Department of Civil Engineering";"sorbit";"sorbit";"Clean rooms: relation between flow and pressure difference between two rooms|Rent rum: relation mellem luftstrømning og tryk difference mellem to rum"
"";"dtu|dtupub|third_party";"";"2022-01-03T13:16:26.307Z";"Lynderup, Mads Bæk";"";"2292734096";"";"dtu";"2016";"";"";"";"";"thesis";"dtu|dtu_electronic|dtupub_external";"";"";"";"";"";"";"";"";"";"";"";"";"";"Design og inn.|Master of Science in Design and Innovation|Master of Science in Engineering|kandidat";"Design og inn.|Master of Science in Design and Innovation|Master of Science in Engineering|kandidat";"Design og inn.|Master of Science in Design and Innovation|Master of Science in Engineering|kandidat";"und";"56d754a9bf19455102000070";"";"56d754a9bf19455102000070";"DTU Department of Civil and Mechanical Engineering";"sorbit";"sorbit";"Robust Product Development of an add-on for a new injection device|Robust produktudvikling af en add-on til en ny indsprøjtning enhed"
"";"dtu|dtupub|third_party";"";"2022-01-03T13:12:12.061Z";"Erikshøj, Christina|Landgren, Mathilde";"";"2292736007";"";"dtu";"2015";"";"";"";"";"thesis";"dtu|dtu_electronic|dtupub|dtupub_electronic";"";"";"";"";"";"";"";"";"";"";"";"";"";"Bygningsdesign|Master of Science in Engineering|Master og Science in Architectural Engineering|kandidat";"Bygningsdesign|Master of Science in Engineering|Master og Science in Architectural Engineering|kandidat";"Bygningsdesign|Master of Science in Engineering|Master og Science in Architectural Engineering|kandidat";"und";"56d754b4bf194551020005c1";"";"56d754b4bf194551020005c1";"DTU Department of Civil Engineering";"sorbit";"sorbit";"Questioning the Glasshouse|Perspektiver pa glashuset"
"";"dtu|dtupub|third_party";"";"2022-01-03T13:16:28.536Z";"Madsen, Anders Normann";"";"2306791657";"";"dtu";"2016";"";"";"";"";"thesis";"dtu|dtu_electronic|dtupub|dtupub_electronic";"";"";"";"";"";"";"";"";"";"";"";"";"";"Akustisk tek.|Master of Science in Engineering|Master of Science in Engineering Acoustics|kandidat";"Akustisk tek.|Master of Science in Engineering|Master of Science in Engineering Acoustics|kandidat";"Akustisk tek.|Master of Science in Engineering|Master of Science in Engineering Acoustics|kandidat";"und";"5797439e6bbf232e70000f0b";"";"5797439e6bbf232e70000f0b";"DTU Department of Electrical Engineering";"sorbit";"sorbit";"Efficient Fractional Order Derivative Models for Loudspeakers|Beregningseffektive højttaler modeller med ikke heltallige afledte"
"";"dtu|dtupub|third_party";"";"2022-01-03T13:16:27.800Z";"Arduin, Igor Arthur Benjamin";"";"2306586991";"";"dtu";"2016";"";"";"";"";"thesis";"dtu|dtu_electronic|dtupub|dtupub_electronic";"";"";"";"";"";"";"";"";"";"";"";"";"";"Bæredygtig energi|Master of Science in Engineering|Master of Science in Sustainable Energy|kandidat";"Bæredygtig energi|Master of Science in Engineering|Master of Science in Sustainable Energy|kandidat";"Bæredygtig energi|Master of Science in Engineering|Master of Science in Sustainable Energy|kandidat";"und";"578cb6c46bbf232e7000021e";"";"578cb6c46bbf232e7000021e";"DTU Department of Electrical Engineering";"sorbit";"sorbit";"Development of an Open-source Platform for Wind and Solar Probabilistic Forecasting|Development of an Open-source Platform for Wind and Solar Probabilistic Forecasting"
"";"dtu|dtupub|third_party";"";"2022-01-03T13:16:27.787Z";"López, Carlos Moreno";"";"2306822969";"";"dtu";"2016";"";"";"";"";"thesis";"dtu|dtu_electronic|dtupub|dtupub_electronic";"";"";"";"";"";"";"";"";"";"";"";"";"";"Master of Science in Engineering|Master of Science in Engineering Management|Planl. innovation og led.|kandidat";"Master of Science in Engineering|Master of Science in Engineering Management|Planl. innovation og led.|kandidat";"Master of Science in Engineering|Master of Science in Engineering Management|Planl. innovation og led.|kandidat";"und";"579894456bbf232e70001165";"";"579894456bbf232e70001165";"DTU Department of Technology, Management and Economics";"sorbit";"sorbit";"Adoption of risk management within projects in an organizational context|Vedtagelse af risikostyring inden for projekter i en organisatorisk kontekst"
"";"dtu|dtupub|third_party";"";"2022-01-03T13:08:16.527Z";"Chan, Sherry Stephanie";"";"2306906992";"";"dtu";"2016";"";"";"";"";"thesis";"dtu|dtu_electronic|dtupub|dtupub_electronic";"";"";"";"";"";"";"";"";"";"";"";"";"";"Fødevareteknologi|Master of Science in Engineering|Master of Science in Food Technology|kandidat";"Fødevareteknologi|Master of Science in Engineering|Master of Science in Food Technology|kandidat";"Fødevareteknologi|Master of Science in Engineering|Master of Science in Food Technology|kandidat";"und";"579c88cb6bbf232e700012ff";"";"579c88cb6bbf232e700012ff";"DTU DTU National Food Institute";"sorbit";"sorbit";"The Effect of Osmotic Pressure on Rigor Mortis in Salmonids|Effekten af osmotisk tryk pa Rigor mortis i laksefisk"
"";"dtu|dtupub|third_party";"";"2022-01-03T13:16:27.840Z";"Trolé, Vincent Serg Alain";"";"2307050885";"";"dtu";"2016";"";"";"";"";"thesis";"dtu|dtu_electronic|dtupub|dtupub_electronic";"";"";"";"";"";"";"";"";"";"";"";"";"";"Fysik og nanotek.|Master of Science in Engineering|Master of Science in Physics and Nanotechnology|kandidat";"Fysik og nanotek.|Master of Science in Engineering|Master of Science in Physics and Nanotechnology|kandidat";"Fysik og nanotek.|Master of Science in Engineering|Master of Science in Physics and Nanotechnology|kandidat";"und";"57a3206212855c654e0002fb";"";"57a3206212855c654e0002fb";"DTU Department of Micro- and Nanotechnology";"sorbit";"sorbit";"Corrosion Protective Coatings Based on 2D Materials|Korrosionsbeskyttende coatings baseret pa 2D materialer"
"";"dtu|dtupub|third_party";"";"2022-01-06T23:53:32.136Z";"Wolff, Peter Persson";"";"2342140435";"";"dtu";"2016";"";"";"";"";"thesis";"dtu|dtu_electronic|dtupub|dtupub_electronic";"";"";"";"";"";"";"";"";"";"";"";"";"";"Bioteknologi|Master of Science in Biotechnology|Master of Science in Engineering|kandidat";"Bioteknologi|Master of Science in Biotechnology|Master of Science in Engineering|kandidat";"Bioteknologi|Master of Science in Biotechnology|Master of Science in Engineering|kandidat";"und";"57c0213c8784c77e70000008";"";"57c0213c8784c77e70000008";"DTU Department of Biotechnology and Biomedicine";"sorbit";"sorbit";"Molecular Characterization of Biosynthetic Pathways in Aspergillus|Molekylær karakterisering af biosynteseveje i Aspergillus"
"";"dtu|dtupub|third_party";"";"2022-01-03T13:16:18.454Z";"Lucherini, Andrea";"";"2292734286";"";"dtu";"2016";"";"";"";"";"thesis";"dtu|dtu_electronic|dtupub|dtupub_electronic";"";"";"";"";"";"";"";"";"";"";"";"";"";"gæst udl.";"gæst udl.";"gæst udl.";"und";"56d754aabf194551020000e1";"";"56d754aabf194551020000e1";"DTU Department of Civil Engineering";"sorbit";"sorbit";"Experimental study of the behaviour of steel structures protected by different intumescent coatings and exposed to various fire scenarios|Experimentelt studie af stalkonstruktioner beskyttet med forskellige brandmalinger og udsat for forskellige brand scenarier"
"";"dtu|dtupub|third_party";"";"2022-01-06T23:53:47.469Z";"Borgen, Andreas Waage Lopdrup";"";"2305633392";"";"dtu";"2016";"";"";"";"";"thesis";"dtu|dtu_electronic|dtupub|dtupub_electronic";"";"";"";"";"";"";"";"";"";"";"";"";"";"Bæredygtig energi|Master of Science in Engineering|Master of Science in Sustainable Energy|kandidat";"Bæredygtig energi|Master of Science in Engineering|Master of Science in Sustainable Energy|kandidat";"Bæredygtig energi|Master of Science in Engineering|Master of Science in Sustainable Energy|kandidat";"und";"575ea69ae6f951534a00e5dc";"";"575ea69ae6f951534a00e5dc";"DTU Department of Civil and Mechanical Engineering";"sorbit";"sorbit";"From municipal waste to cooling through gasification, SOFC and absorption plant|Fra kommunalt affald til køling igennem forgasning, SOFC brændselsceller og absorption"
"";"dtu|dtupub|third_party";"";"2022-01-03T13:16:22.318Z";"Espersen, Christian Jacob Friis|Malm, Toke";"";"2305633449";"";"dtu";"2016";"";"";"";"";"thesis";"dtu|dtu_electronic|dtupub|dtupub_electronic";"";"";"";"";"";"";"";"";"";"";"";"";"";"Design og inn.|Konst. og mekanik|Master of Science in Design and Innovation|Master of Science in Engineering|Master of Science in Engineering Design and Applied Mechanics|kandidat";"Design og inn.|Konst. og mekanik|Master of Science in Design and Innovation|Master of Science in Engineering|Master of Science in Engineering Design and Applied Mechanics|kandidat";"Design og inn.|Konst. og mekanik|Master of Science in Design and Innovation|Master of Science in Engineering|Master of Science in Engineering Design and Applied Mechanics|kandidat";"und";"575ea72fe6f951534a00ed2e";"";"575ea72fe6f951534a00ed2e";"DTU Department of Electrical Engineering";"sorbit";"sorbit";"Module and connector system for an AUV swarm|Modul og connector system for en AUV sværm"
"";"dtu|dtupub|third_party";"";"2022-01-03T13:15:44.501Z";"Klyver, Cecilia Louise|Nielsen, Mette Marie";"";"2292736900";"";"dtu";"2015";"";"";"";"";"thesis";"dtu|dtu_electronic|dtupub|dtupub_electronic";"";"";"";"";"";"";"";"";"";"";"";"";"";"Master of Science in Engineering|Master of Science in Medicine and Technology|Medicin og tek.|kandidat";"Master of Science in Engineering|Master of Science in Medicine and Technology|Medicin og tek.|kandidat";"Master of Science in Engineering|Master of Science in Medicine and Technology|Medicin og tek.|kandidat";"und";"56d754b8bf194551020007f4";"";"56d754b8bf194551020007f4";"DTU Department of Applied Mathematics and Computer Science";"sorbit";"sorbit";"Assessment of resting-state functional connectivity changes in multiple sclerosis patients treated with erythropoietin|Undersøgelser af ændringer i funktionelle hjerne netværk hos sklerose patienter ved behandling med erythropoietin."
"";"dtu|dtupub|third_party";"";"2022-01-03T13:15:45.222Z";"Øvrelid, Lasse Herstad";"";"2292735639";"";"dtu";"2015";"";"";"";"";"thesis";"dtu|dtu_electronic|dtupub|dtupub_electronic";"";"";"";"";"";"";"";"";"";"";"";"";"";"Byggetek.|Master of Science in Civil Engineering|Master of Science in Engineering|kandidat";"Byggetek.|Master of Science in Civil Engineering|Master of Science in Engineering|kandidat";"Byggetek.|Master of Science in Civil Engineering|Master of Science in Engineering|kandidat";"und";"56d754b2bf1945510200048c";"";"56d754b2bf1945510200048c";"DTU Department of Civil Engineering";"sorbit";"sorbit";"Test and Analysis of Keyed Shear Joints between Precast Concrete Walls - influence of Key Depth on Failure Mode|Test og analyse af fortandede forskydningssamlinger mellem betonelementer - Indflydelse af tanddybde pa brudmekanismen"
"";"dtu|dtupub|third_party";"";"2022-01-03T13:15:52.082Z";"Clausen, Mikkel";"";"2292736164";"";"dtu";"2015";"";"";"";"";"thesis";"dtu|dtu_electronic|dtupub|dtupub_electronic";"";"";"";"";"";"";"";"";"";"";"";"";"";"Master of Science in Engineering|Master of Science in Transportation and Logistics|Transp. og logistik|kandidat";"Master of Science in Engineering|Master of Science in Transportation and Logistics|Transp. og logistik|kandidat";"Master of Science in Engineering|Master of Science in Transportation and Logistics|Transp. og logistik|kandidat";"und";"56d754b5bf19455102000621";"";"56d754b5bf19455102000621";"DTU Department of Transport";"sorbit";"sorbit";"Analysis of Rail Freight Services in Denmark|Analyse af Jernbanegodstransport i Danmark"
"";"dtu|dtupub|third_party";"";"2022-01-03T13:12:01.283Z";"Poulsen, Rehab";"";"2292736182";"";"dtu";"2015";"";"";"";"";"thesis";"dtu|dtu_electronic|dtupub|dtupub_electronic";"";"";"";"";"";"";"";"";"";"";"";"";"";"Bioteknologi|Master of Science in Biotechnology|Master of Science in Engineering|kandidat";"Bioteknologi|Master of Science in Biotechnology|Master of Science in Engineering|kandidat";"Bioteknologi|Master of Science in Biotechnology|Master of Science in Engineering|kandidat";"und";"56d754b5bf19455102000632";"";"56d754b5bf19455102000632";"DTU Department of Biotechnology and Biomedicine";"sorbit";"sorbit";"Screening of indoor fungi for enzyme production|Screening af indeklimasvampe for enzymproduktion"
"";"dtu|dtupub|third_party";"";"2022-01-03T13:11:58.641Z";"Pizzut, Alexandre Jean-Claude";"";"2292736719";"";"dtu";"2015";"";"";"";"";"thesis";"dtu|dtu_electronic|dtupub_external";"";"";"";"";"";"";"";"";"";"";"";"";"";"Master of Science in Engineering|Master of Science in Mathematical Modelling and Computation|Mat. modellering|kandidat";"Master of Science in Engineering|Master of Science in Mathematical Modelling and Computation|Mat. modellering|kandidat";"Master of Science in Engineering|Master of Science in Mathematical Modelling and Computation|Mat. modellering|kandidat";"und";"56d754b7bf1945510200076f";"";"56d754b7bf1945510200076f";"DTU Department of Applied Mathematics and Computer Science";"sorbit";"sorbit";"Probabilistic methods for estimating weather conditioned down time for offshore installation campaigns|Probabilistiske metoder for estimation af vejrbetingede nedetid i forbindelse med offshore byggeprojekter"
"";"dtu|dtupub|third_party";"";"2022-01-03T13:11:57.038Z";"Martins, Gabriel Zeitouni";"";"2292735202";"";"dtu";"2015";"";"";"";"";"thesis";"dtu|dtu_electronic|dtupub_external";"";"";"";"";"";"";"";"";"";"";"";"";"";"Bæredygtig energi|Master of Science in Engineering|Master of Science in Sustainable Energy|kandidat";"Bæredygtig energi|Master of Science in Engineering|Master of Science in Sustainable Energy|kandidat";"Bæredygtig energi|Master of Science in Engineering|Master of Science in Sustainable Energy|kandidat";"und";"56d754afbf19455102000348";"";"56d754afbf19455102000348";"DTU Department of Wind and Energy Systems";"sorbit";"sorbit";"Feasibility study of a Wind Farm in the North-east of Brazil and comparison against reanalysis data from the Global Wind Atlas in the region|Feasibilitystudie af en vindmøllepark i det Nordøstlige Brasilien og sammenligning med reanalyse data fra Global WInd Atlas"
"";"dtu|dtupub|third_party";"";"2022-01-03T13:15:23.621Z";"Hansen, Tobias Anker";"";"2292737596";"";"dtu";"2015";"";"";"";"";"thesis";"dtu|dtu_electronic|dtupub|dtupub_electronic";"";"";"";"";"";"";"";"";"";"";"";"";"";"Kemisk/biokemisk tek.|Master of Science in Chemical and Biochemical Engineering|Master of Science in Engineering|kandidat";"Kemisk/biokemisk tek.|Master of Science in Chemical and Biochemical Engineering|Master of Science in Engineering|kandidat";"Kemisk/biokemisk tek.|Master of Science in Chemical and Biochemical Engineering|Master of Science in Engineering|kandidat";"und";"56d754bbbf19455102000a56";"";"56d754bbbf19455102000a56";"DTU Department of Chemical and Biochemical Engineering";"sorbit";"sorbit";"Development of a predictive version of the CPA equation of state for applications in the chemical industry|Udviklingen af CPA modellen for anvendelser i den kemiske industri"
"";"dtu|dtupub|third_party";"";"2022-01-03T13:10:51.032Z";"Colom, Juan-Manuel";"";"2292737391";"";"dtu";"2015";"";"";"";"";"thesis";"dtu|dtu_electronic|dtupub|dtupub_electronic";"";"";"";"";"";"";"";"";"";"";"";"";"";"gæst udl.";"gæst udl.";"gæst udl.";"und";"56d754babf194551020009a8";"";"56d754babf194551020009a8";"DTU Department of Chemical and Biochemical Engineering";"sorbit";"sorbit";"Vanadium catalyzed oxidation of SO2 to SO3|Vanadiumkatalyseret oxidation af SO2 til SO3."
"";"dtu|dtupub|third_party";"";"2022-01-03T13:11:14.068Z";"Wessel, Simon Kirkeby";"";"2292737394";"";"dtu";"2015";"";"";"";"";"thesis";"dtu|dtu_electronic|dtupub|dtupub_electronic";"";"";"";"";"";"";"";"";"";"";"";"";"";"Master of Science in Engineering|Master of Science in Mathematical Modelling and Computation|Mat. modellering|kandidat";"Master of Science in Engineering|Master of Science in Mathematical Modelling and Computation|Mat. modellering|kandidat";"Master of Science in Engineering|Master of Science in Mathematical Modelling and Computation|Mat. modellering|kandidat";"und";"56d754babf194551020009a9";"";"56d754babf194551020009a9";"DTU Department of Applied Mathematics and Computer Science";"sorbit";"sorbit";"Power optimization of wind farms by curtailment of upwind turbines|Effektoptimering af vindmølleparker ved nedregulering af foranstaende vindmøller"
"";"dtu|dtupub|third_party";"";"2022-01-03T13:16:15.927Z";"Madsen, Nicole Brogaard";"";"2292734656";"";"dtu";"2015";"";"";"";"";"thesis";"dtu|dtu_electronic|dtupub|dtupub_electronic";"";"";"";"";"";"";"";"";"";"";"";"";"";"Master of Science in Engineering|Master of Science in Environmental Engineering|Miljøteknologi|kandidat";"Master of Science in Engineering|Master of Science in Environmental Engineering|Miljøteknologi|kandidat";"Master of Science in Engineering|Master of Science in Environmental Engineering|Miljøteknologi|kandidat";"und";"56d754acbf194551020001c6";"";"56d754acbf194551020001c6";"DTU Department of Environmental and Resource Engineering";"sorbit";"sorbit";"Gas compositions and emissions from sludge treatment reed beds focusing on biological processes|Gassammensætning og emissioner fra slammineraliseringsanlæg med fokus pa biologiske processer"
"";"dtu|dtupub|third_party";"";"2022-01-06T23:53:42.929Z";"Toftegaard, Andreas";"";"2351661156";"";"dtu";"2016";"";"";"";"";"thesis";"dtu|dtu_electronic|dtupub|dtupub_electronic";"";"";"";"";"";"";"";"";"";"";"";"";"";"Informationstek.|Master of Science in Computer Science and Engineering|Master of Science in Engineering|kandidat";"Informationstek.|Master of Science in Computer Science and Engineering|Master of Science in Engineering|kandidat";"Informationstek.|Master of Science in Computer Science and Engineering|Master of Science in Engineering|kandidat";"und";"589045775460241149000074";"";"589045775460241149000074";"DTU Department of Applied Mathematics and Computer Science";"sorbit";"sorbit";"A System for Hiding Steganography in Plain Sight|Et system der gemmer steganografi i fuld offentlighed"
"";"dtu|dtupub|third_party";"";"2022-01-03T13:07:28.039Z";"Guerra, Jesus Fernando Almansa";"";"2305856888";"";"dtu";"2016";"";"";"";"";"thesis";"dtu|dtu_electronic|dtupub|dtupub_electronic";"";"";"";"";"";"";"";"";"";"";"";"";"";"Geofysik og rumtek.|Master of Science in Earth and Space Physics and Engineering|Master of Science in Engineering|kandidat";"Geofysik og rumtek.|Master of Science in Earth and Space Physics and Engineering|Master of Science in Engineering|kandidat";"Geofysik og rumtek.|Master of Science in Earth and Space Physics and Engineering|Master of Science in Engineering|kandidat";"und";"576286c04d87d62e75000003";"";"576286c04d87d62e75000003";"DTU Department of Space Research and Space Technology";"sorbit";"sorbit";"3D Reconstruction of Environments from Full Waveform LIDAR Data|3D rekonstruktion af omrader fra ""full waveform"" LIDAR data"
"";"dtu|dtupub|third_party";"";"2022-01-03T13:13:05.809Z";"Toftekær, Johan Frederik";"";"2328005116";"";"dtu";"2016";"";"";"";"";"thesis";"dtu|dtu_electronic|dtupub|dtupub_electronic";"";"";"";"";"";"";"";"";"";"";"";"";"";"Byggetek.|Master of Science in Civil Engineering|Master of Science in Engineering|kandidat";"Byggetek.|Master of Science in Civil Engineering|Master of Science in Engineering|kandidat";"Byggetek.|Master of Science in Civil Engineering|Master of Science in Engineering|kandidat";"und";"57b2f25b272bfcc2300000e9";"";"57b2f25b272bfcc2300000e9";"DTU Department of Civil and Mechanical Engineering";"sorbit";"sorbit";"Cross-section Properties By a Slice Of Cubic Langrange Elements|Tværsnits egenskaber ved opdeling i kubiske Lagrange elementer"
"";"dtu|dtupub|third_party";"";"2022-01-03T13:16:00.520Z";"Meldstad, Fataneh";"";"2292736025";"";"dtu";"2015";"";"";"";"";"thesis";"dtu|dtu_electronic|dtupub|dtupub_electronic";"";"";"";"";"";"";"";"";"";"";"";"";"";"Fødevareteknologi|Master of Science in Engineering|Master of Science in Food Technology|kandidat";"Fødevareteknologi|Master of Science in Engineering|Master of Science in Food Technology|kandidat";"Fødevareteknologi|Master of Science in Engineering|Master of Science in Food Technology|kandidat";"und";"56d754b5bf194551020005c9";"";"56d754b5bf194551020005c9";"DTU DTU National Food Institute";"sorbit";"sorbit";"Utilization of rest raw material from cod for production of ingredients for human consumption|Udnyttelse af restmateriale fra torsk til produktionen af ingredienser til human konsum"
"";"dtu|dtupub|third_party";"";"2022-01-03T13:15:43.863Z";"Sørensen, Kim";"";"2292737011";"";"dtu";"2015";"";"";"";"";"thesis";"dtu|dtu_electronic|dtupub|dtupub_electronic";"";"";"";"";"";"";"";"";"";"";"";"";"";"Informationstek.|Master of Science in Computer Science and Engineering|Master of Science in Engineering|kandidat";"Informationstek.|Master of Science in Computer Science and Engineering|Master of Science in Engineering|kandidat";"Informationstek.|Master of Science in Computer Science and Engineering|Master of Science in Engineering|kandidat";"und";"56d754b9bf1945510200085c";"";"56d754b9bf1945510200085c";"DTU Department of Applied Mathematics and Computer Science";"sorbit";"sorbit";"Model Checking RAISE Specifications Using nuXmv|Model Tjek af RAISE Specifikationer under Anvendelse af nuXmv"
"";"dtu|dtupub|third_party";"";"2022-01-03T13:15:48.192Z";"Paludan, Anders Glud";"";"2292735710";"";"dtu";"2015";"";"";"";"";"thesis";"dtu|dtu_electronic|dtupub_external";"";"";"";"";"";"";"";"";"";"";"";"";"";"Digitale medietek.|Master of Science in Digital Media Engineering|Master of Science in Engineering|kandidat";"Digitale medietek.|Master of Science in Digital Media Engineering|Master of Science in Engineering|kandidat";"Digitale medietek.|Master of Science in Digital Media Engineering|Master of Science in Engineering|kandidat";"und";"56d754b3bf194551020004d0";"";"56d754b3bf194551020004d0";"DTU Department of Applied Mathematics and Computer Science";"sorbit";"sorbit";"The transformation of Microsoft: Engaging customers in the Cloud|Microsofts transformation: At engagere kunder i Skyen"
"";"dtu|dtupub|third_party";"";"2022-01-03T13:07:42.202Z";"Kinalis, Savvas";"";"2292735227";"";"dtu";"2015";"";"";"";"";"thesis";"dtu|dtu_electronic|dtupub_external";"";"";"";"";"";"";"";"";"";"";"";"";"";"Master of Science in Engineering|Master of Science in Mathematical Modelling and Computation|Mat. modellering|kandidat";"Master of Science in Engineering|Master of Science in Mathematical Modelling and Computation|Mat. modellering|kandidat";"Master of Science in Engineering|Master of Science in Mathematical Modelling and Computation|Mat. modellering|kandidat";"und";"56d754afbf19455102000355";"";"56d754afbf19455102000355";"DTU Department of Applied Mathematics and Computer Science";"sorbit";"sorbit";"Stochastic modelling and data analysis of fishery data|Stokastisk modellering og dataanalyse af fiskeridata"
"";"dtu|dtupub|third_party";"";"2022-01-06T23:53:30.605Z";"Frøstrup, Liv Eli";"";"2351661159";"";"dtu";"2016";"";"";"";"";"thesis";"dtu|dtu_electronic|dtupub_external";"";"";"";"";"";"";"";"";"";"";"";"";"";"Master of Science in Engineering|Master of Science in Transportation and Logistics|Transp. og logistik|kandidat";"Master of Science in Engineering|Master of Science in Transportation and Logistics|Transp. og logistik|kandidat";"Master of Science in Engineering|Master of Science in Transportation and Logistics|Transp. og logistik|kandidat";"und";"589045795460241149000085";"";"589045795460241149000085";"DTU Department of Technology, Management and Economics";"sorbit";"sorbit";"Traffic optimisation of Stormgade using microsimulation|Trafikoptimering af Stormgade ved brug af mikrosimulering"
"";"dtu|dtupub|third_party";"";"2022-01-03T13:12:17.862Z";"Haase, Eric Juergen";"";"2305633446";"";"dtu";"2016";"";"";"";"";"thesis";"dtu|dtu_electronic|dtupub|dtupub_electronic";"";"";"";"";"";"";"";"";"";"";"";"";"";"Geofysik og rumtek.|Master of Science in Earth and Space Physics and Engineering|Master of Science in Engineering|kandidat";"Geofysik og rumtek.|Master of Science in Earth and Space Physics and Engineering|Master of Science in Engineering|kandidat";"Geofysik og rumtek.|Master of Science in Earth and Space Physics and Engineering|Master of Science in Engineering|kandidat";"und";"575ea71fe6f951534a00ec66";"";"575ea71fe6f951534a00ec66";"DTU Department of Applied Mathematics and Computer Science";"sorbit";"sorbit";"Spectral mapping of wild life in southern Africa|Spektral kortlægning af vildt i det sydlige Afrika"
"";"dtu|dtupub|third_party";"";"2022-01-03T13:12:55.343Z";"Hammerbak, Thomas Kjøller";"";"2306320607";"";"dtu";"2016";"";"";"";"";"thesis";"dtu|dtu_electronic|dtupub|dtupub_electronic";"";"";"";"";"";"";"";"";"";"";"";"";"";"Digitale medietek.|Master of Science in Digital Media Engineering|Master of Science in Engineering|kandidat";"Digitale medietek.|Master of Science in Digital Media Engineering|Master of Science in Engineering|kandidat";"Digitale medietek.|Master of Science in Digital Media Engineering|Master of Science in Engineering|kandidat";"und";"577b935437562d157a000223";"";"577b935437562d157a000223";"DTU Department of Applied Mathematics and Computer Science";"sorbit";"sorbit";"A Data Driven Web-Based Course Planner|En datadrevet og web-baseret kursusplanlægger"
"";"dtu|dtupub|third_party";"";"2022-01-03T13:15:59.840Z";"Enghuus, Casper Nørskov";"";"2292735240";"";"dtu";"2015";"";"";"";"";"thesis";"dtu|dtu_electronic|dtupub|dtupub_electronic";"";"";"";"";"";"";"";"";"";"";"";"";"";"Master of Science in Engineering|Master of science in Bioinformatics and Systems Biology|Systembiologi|kandidat";"Master of Science in Engineering|Master of science in Bioinformatics and Systems Biology|Systembiologi|kandidat";"Master of Science in Engineering|Master of science in Bioinformatics and Systems Biology|Systembiologi|kandidat";"und";"56d754b0bf1945510200035d";"";"56d754b0bf1945510200035d";"DTU Department of Biotechnology and Biomedicine";"sorbit";"sorbit";"Multiplex Profiling of Gene Circuits Using Fluorescence-Activated Cell Sorting and Next-Generation Sequencing|Multiplex profilering af gen netværk ved brug af Fluorescence-Activated Cell Sorting og Next-Generation Sequencing"
"";"dtu|dtupub|third_party";"";"2022-01-03T13:15:38.441Z";"Moustgaard, Nicolai";"";"2292737591";"";"dtu";"2015";"";"";"";"";"thesis";"dtu|dtu_electronic|dtupub_external";"";"";"";"";"";"";"";"";"";"";"";"";"";"Master of Science in Engineering|Master of Science in Engineering Management|Planl. innovation og led.|kandidat";"Master of Science in Engineering|Master of Science in Engineering Management|Planl. innovation og led.|kandidat";"Master of Science in Engineering|Master of Science in Engineering Management|Planl. innovation og led.|kandidat";"und";"56d754bbbf19455102000a5b";"";"56d754bbbf19455102000a5b";"DTU Department of Technology, Management and Economics";"sorbit";"sorbit";"Improvement of DALO Maintenance Processes for the Helicopter EH101 using Data|Improvement of DALO Maintenance Processes for the Helicopter EH101 using Data"
"";"dtu|dtupub|third_party";"";"2022-01-03T13:07:31.972Z";"Villa, Juan Sebastian Cervantes";"";"2306791716";"";"dtu";"2016";"";"";"";"";"thesis";"dtu|dtu_electronic|dtupub|dtupub_electronic";"";"";"";"";"";"";"";"";"";"";"";"";"";"Geofysik og rumtek.|Master of Science in Earth and Space Physics and Engineering|Master of Science in Engineering|kandidat";"Geofysik og rumtek.|Master of Science in Earth and Space Physics and Engineering|Master of Science in Engineering|kandidat";"Geofysik og rumtek.|Master of Science in Earth and Space Physics and Engineering|Master of Science in Engineering|kandidat";"und";"579743c56bbf232e70000ffb";"";"579743c56bbf232e70000ffb";"DTU Department of Space Research and Space Technology";"sorbit";"sorbit";"Empirical model of field-aligned currents and geomagnetic storms|Empiriske modeller af feltrettede strømme og geomagnetiske storme"
"";"dtu|dtupub|third_party";"";"2022-01-03T13:16:28.635Z";"Papadimitriou, Christina";"";"2306791724";"";"dtu";"2016";"";"";"";"";"thesis";"dtu|dtu_electronic|dtupub|dtupub_electronic";"";"";"";"";"";"";"";"";"";"";"";"";"";"Master of Science in Engineering|Master of Science in Environmental Engineering|Miljøteknologi|kandidat";"Master of Science in Engineering|Master of Science in Environmental Engineering|Miljøteknologi|kandidat";"Master of Science in Engineering|Master of Science in Environmental Engineering|Miljøteknologi|kandidat";"und";"579743cb6bbf232e70001019";"";"579743cb6bbf232e70001019";"DTU Department of Technology, Management and Economics";"sorbit";"sorbit";"Decision support for climate mitigation policies combining risk assessment and life cycle assessment – Case study of wind power development in Vietnam|Beslutningsstøtte til risiko- og livscyklus vurdering af klimapolitik til begrænsning af udslip af drivhusgasser - Case studie af udvikling af vindenergi i Vietnam"
"";"dtu|dtupub|third_party";"";"2022-01-03T13:16:28.653Z";"Leese, Patrick James";"";"2306781676";"";"dtu";"2016";"";"";"";"";"thesis";"dtu|dtu_electronic|dtupub|dtupub_electronic";"";"";"";"";"";"";"";"";"";"";"";"";"";"Digitale medietek.|Master of Science in Digital Media Engineering|Master of Science in Engineering|kandidat";"Digitale medietek.|Master of Science in Digital Media Engineering|Master of Science in Engineering|kandidat";"Digitale medietek.|Master of Science in Digital Media Engineering|Master of Science in Engineering|kandidat";"und";"5795f1af6bbf232e70000bd4";"";"5795f1af6bbf232e70000bd4";"DTU Department of Technology, Management and Economics";"sorbit";"sorbit";"Communicating eHealth information within the dementia care service system|Kommunikation af eHealth informationer i sundhedssystemet vedrørende demens"
"";"dtu|dtupub|third_party";"";"2022-01-03T13:13:02.323Z";"Manousakis, Eleftherios|Johannsen, Sigurd Knarhøi";"";"2306782522";"";"dtu";"2016";"";"";"";"";"thesis";"dtu|dtu_electronic|dtupub|dtupub_electronic";"";"";"";"";"";"";"";"";"";"";"";"";"";"Digitale medietek.|Master of Science in Digital Media Engineering|Master of Science in Engineering|kandidat";"Digitale medietek.|Master of Science in Digital Media Engineering|Master of Science in Engineering|kandidat";"Digitale medietek.|Master of Science in Digital Media Engineering|Master of Science in Engineering|kandidat";"und";"5795f1d76bbf232e70000d3a";"";"5795f1d76bbf232e70000d3a";"DTU Department of Applied Mathematics and Computer Science";"sorbit";"sorbit";"Using eye-tracking to measure immersion in procedurally generated games|Brug af øjen-sporing til at male fordybelse i proceduralt generede spil"
"";"dtu|dtupub|third_party";"";"2022-01-03T13:16:35.554Z";"Falcone, Alessia";"";"2307114880";"";"dtu";"2016";"";"";"";"";"thesis";"dtu|dtu_electronic|dtupub|dtupub_electronic";"";"";"";"";"";"";"";"";"";"";"";"";"";"gæst udl.";"gæst udl.";"gæst udl.";"und";"57a714bf12855c654e000416";"";"57a714bf12855c654e000416";"DTU Department of Energy Conversion and Storage";"sorbit";"sorbit";"Analysis of the possibilities to optimise the forward temperature of a district heating system combined with local temperature increase by electrical energy inputs|Analyse af muligheder for at optimere fremløbstemperatur i fjernvarme kombineret med lokal temperaturforhøjelse via input af el"
"";"dtu|dtupub|third_party";"";"2022-01-03T13:07:59.008Z";"Wang, Jiawei";"";"2342057215";"";"dtu";"2016";"";"";"";"";"thesis";"dtu|dtu_electronic|dtupub|dtupub_electronic";"";"";"";"";"";"";"";"";"";"";"";"";"";"Elektrotek.|Master of Science in Electrical Engineering|Master of Science in Engineering|kandidat";"Elektrotek.|Master of Science in Electrical Engineering|Master of Science in Engineering|kandidat";"Elektrotek.|Master of Science in Electrical Engineering|Master of Science in Engineering|kandidat";"und";"57becfdffebd22f360000233";"";"57becfdffebd22f360000233";"DTU Department of Electrical Engineering";"sorbit";"sorbit";"Battery impact study on stressed distribution grid|Studie af et batteris betydning for stressede distributionsnet"
"";"dtu|dtupub|third_party";"";"2022-01-06T23:53:38.549Z";"Andersen, Nana";"";"2351661154";"";"dtu";"2016";"";"";"";"";"thesis";"dtu|dtu_electronic|dtupub|dtupub_electronic";"";"";"";"";"";"";"";"";"";"";"";"";"";"Bygningsdesign|Master of Science in Engineering|Master og Science in Architectural Engineering|kandidat";"Bygningsdesign|Master of Science in Engineering|Master og Science in Architectural Engineering|kandidat";"Bygningsdesign|Master of Science in Engineering|Master og Science in Architectural Engineering|kandidat";"und";"589045765460241149000066";"";"589045765460241149000066";"DTU Department of Civil Engineering";"sorbit";"sorbit";"Design guidelines for optimizing the indoor environment and energy use in refurbishment of schools|Design guidelines for indeklima og energiforbrug ved renovering af skoler"
"";"dtu|dtupub|third_party";"";"2022-01-03T13:08:04.484Z";"Seaby, Brian Graham";"";"2343456301";"";"dtu";"2016";"";"";"";"";"thesis";"dtu|dtu_electronic|dtupub_external";"";"";"";"";"";"";"";"";"";"";"";"";"";"Kemisk/biokemisk tek.|Master of Science in Chemical and Biochemical Engineering|Master of Science in Engineering|kandidat";"Kemisk/biokemisk tek.|Master of Science in Chemical and Biochemical Engineering|Master of Science in Engineering|kandidat";"Kemisk/biokemisk tek.|Master of Science in Chemical and Biochemical Engineering|Master of Science in Engineering|kandidat";"und";"57da7f412993be95730000c4";"";"57da7f412993be95730000c4";"DTU Department of Chemical and Biochemical Engineering";"sorbit";"sorbit";"Value-added biochemical production from complex substrates|Produktion af høj-værdi kemikalier fra komplekse substrater"
"";"dtu|dtupub|third_party";"";"2022-01-11T08:43:37.069Z";"Soare, Alina-Emanuela";"";"2342768048";"";"dtu";"2016";"";"";"";"";"thesis";"dtu|dtu_electronic|dtupub|dtupub_electronic";"";"";"";"";"";"";"";"";"";"";"";"";"";"Byggetek.|Master of Science in Civil Engineering|Master of Science in Engineering|kandidat";"Byggetek.|Master of Science in Civil Engineering|Master of Science in Engineering|kandidat";"Byggetek.|Master of Science in Civil Engineering|Master of Science in Engineering|kandidat";"und";"57cd503fabd7812721000146";"";"57cd503fabd7812721000146";"DTU Department of Civil Engineering";"sorbit";"sorbit";"Reconstituted properties of Røsnæs clay|Rekonstituerede egenskaber af Røsnæs ler"
"";"dtu|dtupub|third_party";"";"2022-01-03T13:08:29.377Z";"Górecki, Radoslaw Pawel";"";"2307020163";"";"dtu";"2016";"";"";"";"";"thesis";"dtu|dtu_electronic|dtupub_external";"";"";"";"";"";"";"";"";"";"";"";"";"";"Bæredygtig energi|Master of Science in Engineering|Master of Science in Sustainable Energy|kandidat";"Bæredygtig energi|Master of Science in Engineering|Master of Science in Sustainable Energy|kandidat";"Bæredygtig energi|Master of Science in Engineering|Master of Science in Sustainable Energy|kandidat";"und";"57a1cee512855c654e000194";"";"57a1cee512855c654e000194";"DTU Department of Environmental and Resource Engineering";"sorbit";"sorbit";"Coating, testing and cleaning of hollow fiber membrane modules|Coating, testing og rengøring af hulfiber membran moduler"
"";"dtu|dtupub|third_party";"";"2022-01-03T13:13:02.334Z";"Jensen, Peter";"";"2306852099";"";"dtu";"2016";"";"";"";"";"thesis";"dtu|dtu_electronic|dtupub|dtupub_electronic";"";"";"";"";"";"";"";"";"";"";"";"";"";"Elektrotek.|Master of Science in Electrical Engineering|Master of Science in Engineering|kandidat";"Elektrotek.|Master of Science in Electrical Engineering|Master of Science in Engineering|kandidat";"Elektrotek.|Master of Science in Electrical Engineering|Master of Science in Engineering|kandidat";"und";"5799e5c36bbf232e70001202";"";"5799e5c36bbf232e70001202";"DTU Department of Electrical Engineering";"sorbit";"sorbit";"Robot Task Control Using Vision|Robot opgavestyring med vision"
"";"dtu|dtupub|third_party";"";"2022-01-03T13:12:33.295Z";"Liu, Jiahe";"";"2292734015";"";"dtu";"2016";"";"";"";"";"thesis";"dtu|dtu_electronic|dtupub|dtupub_electronic";"";"";"";"";"";"";"";"";"";"";"";"";"";"Akustisk tek.|Master of Science in Engineering|Master of Science in Engineering Acoustics|kandidat";"Akustisk tek.|Master of Science in Engineering|Master of Science in Engineering Acoustics|kandidat";"Akustisk tek.|Master of Science in Engineering|Master of Science in Engineering Acoustics|kandidat";"und";"56d754a8bf19455102000024";"";"56d754a8bf19455102000024";"DTU Department of Electrical Engineering";"sorbit";"sorbit";"Identification of nonlinear loudspeakers parameters using a nonlinear compensation algorithm|Identifikation af ulineære højttaler parametre via ulineær compensering"
"";"dtu|dtupub|third_party";"";"2022-01-03T13:15:47.740Z";"Kompolias, Dimitrios";"";"2292735422";"";"dtu";"2015";"";"";"";"";"thesis";"dtu|dtu_electronic|dtupub|dtupub_electronic";"";"";"";"";"";"";"";"";"";"";"";"";"";"Master of Science in Engineering|Master of Science in Wind Energy|Vindenergi|kandidat";"Master of Science in Engineering|Master of Science in Wind Energy|Vindenergi|kandidat";"Master of Science in Engineering|Master of Science in Wind Energy|Vindenergi|kandidat";"und";"56d754b0bf194551020003bc";"";"56d754b0bf194551020003bc";"DTU Department of Wind and Energy Systems";"sorbit";"sorbit";"Accurate and fast prediction of wind turbine performance in wind farm for layout optimization|Accurate and fast prediction of wind turbine performance in wind farm for layout optimization"
"";"dtu|dtupub|third_party";"";"2022-01-03T13:13:04.960Z";"Kouris, Nikolaos";"";"2319826622";"";"dtu";"2016";"";"";"";"";"thesis";"dtu|dtu_electronic|dtupub|dtupub_electronic";"";"";"";"";"";"";"";"";"";"";"";"";"";"Master of Science in Engineering|Master of Science in Wind Energy|Vindenergi|kandidat";"Master of Science in Engineering|Master of Science in Wind Energy|Vindenergi|kandidat";"Master of Science in Engineering|Master of Science in Wind Energy|Vindenergi|kandidat";"und";"57aefdbf9baf2b177e000075";"";"57aefdbf9baf2b177e000075";"DTU Department of Wind and Energy Systems";"sorbit";"sorbit";"Coastal Boundary Layer Development, Impacted by terrain inhomogeneity and non-ideal conditions|Boundary-Layer udvikling langs kystlinjen, som pavirket af terræn uensartethed og ikke-ideelle betingelser"
"";"dtu|dtupub|third_party";"";"2022-01-03T13:16:26.360Z";"Assaf, Rima Adnan";"";"2305633502";"";"dtu";"2016";"";"";"";"";"thesis";"dtu|dtu_electronic|dtupub|dtupub_electronic";"";"";"";"";"";"";"";"";"";"";"";"";"";"Anvendt kemi|Master of Science in Advanced and Applied Chemistry|Master of Science in Engineering|kandidat";"Anvendt kemi|Master of Science in Advanced and Applied Chemistry|Master of Science in Engineering|kandidat";"Anvendt kemi|Master of Science in Advanced and Applied Chemistry|Master of Science in Engineering|kandidat";"und";"575ea7a1e6f951534a00f244";"";"575ea7a1e6f951534a00f244";"DTU Department of Chemical and Biochemical Engineering";"sorbit";"sorbit";"Identification of antioxidants in polymers by HPLC|Identifikation af antioxidanter i polymerer ved HPLC"
"";"dtu|dtupub|third_party";"";"2022-01-03T13:16:12.181Z";"Mandrup-Poulsen, Christian";"";"2292735228";"";"dtu";"2015";"";"";"";"";"thesis";"dtu|dtu_electronic|dtupub_external";"";"";"";"";"";"";"";"";"";"";"";"";"";"Konst. og mekanik|Master of Science in Engineering|Master of Science in Engineering Design and Applied Mechanics|kandidat";"Konst. og mekanik|Master of Science in Engineering|Master of Science in Engineering Design and Applied Mechanics|kandidat";"Konst. og mekanik|Master of Science in Engineering|Master of Science in Engineering Design and Applied Mechanics|kandidat";"und";"56d754afbf19455102000358";"";"56d754afbf19455102000358";"DTU Department of Civil and Mechanical Engineering";"sorbit";"sorbit";"High Precision Contact Free Force Measurements for Rotating Machinery: Calibration of a Set of Active Magnetic Bearings with Embedded Hall Sensors – Theory and Application|Højpræcisions kontaktfri kraftmaling for roterende maskineri: Kalibrering af et sæt aktive magnetlejer – Teori og anvendelse"
"";"dtu|dtupub|third_party";"";"2022-01-06T23:53:46.382Z";"Vogt, Martin Silvan";"";"2305633343";"";"dtu";"2016";"";"";"";"";"thesis";"dtu|dtu_electronic|dtupub|dtupub_electronic";"";"";"";"";"";"";"";"";"";"";"";"";"";"Master of Science in Engineering|Master of Science in Environmental Engineering|Miljøteknologi|kandidat";"Master of Science in Engineering|Master of Science in Environmental Engineering|Miljøteknologi|kandidat";"Master of Science in Engineering|Master of Science in Environmental Engineering|Miljøteknologi|kandidat";"und";"575ea5e5e6f951534a00dde9";"";"575ea5e5e6f951534a00dde9";"DTU Department of Environmental and Resource Engineering";"sorbit";"sorbit";"Modelling and design of nitrification processes in biological rapid sand filters for drinking water supply|Modellering og design af nitrikationsprocesser i biologisk sand filtre til drikkevandsforsyning"
"";"dtu|dtupub|third_party";"";"2022-01-03T13:12:29.932Z";"Nielsen, Jens Henrik Lilleskov|Fabricius, Andreas Schack";"";"2292734099";"";"dtu";"2016";"";"";"";"";"thesis";"dtu|dtu_electronic|dtupub_external";"";"";"";"";"";"";"";"";"";"";"";"";"";"Master of Science in Engineering|Master of Science in Engineering Management|Planl. innovation og led.|kandidat";"Master of Science in Engineering|Master of Science in Engineering Management|Planl. innovation og led.|kandidat";"Master of Science in Engineering|Master of Science in Engineering Management|Planl. innovation og led.|kandidat";"und";"56d754a9bf19455102000075";"";"56d754a9bf19455102000075";"DTU Department of Technology, Management and Economics";"sorbit";"sorbit";"Product and Process Complexity in Novozymes - Quantifying the true costs of Complexity|Produkter og Proces Complexity hos Novozymes - Kvantificering af de sande omkostninger af Complexity"
"";"dtu|dtupub|third_party";"";"2022-01-03T13:12:24.863Z";"Havmøller, Boris Lund";"";"2292734624";"";"dtu";"2016";"";"";"";"";"thesis";"dtu|dtu_electronic|dtupub|dtupub_electronic";"";"";"";"";"";"";"";"";"";"";"";"";"";"Bæredygtig energi|Master of Science in Engineering|Master of Science in Sustainable Energy|kandidat";"Bæredygtig energi|Master of Science in Engineering|Master of Science in Sustainable Energy|kandidat";"Bæredygtig energi|Master of Science in Engineering|Master of Science in Sustainable Energy|kandidat";"und";"56d754acbf194551020001a8";"";"56d754acbf194551020001a8";"DTU Department of Electrical Engineering";"sorbit";"sorbit";"Modelling of Kriegers Flaks HVDC connection with reactive power support|Modellering af Kriegers Flaks HVDC-forbindelse med reaktiv kontrol"
"";"dtu|dtupub|third_party";"";"2022-01-03T13:12:20.539Z";"Nielsen, Emilie Finnerup|Mølholm, Ida Kjærgaard";"";"2305633365";"";"dtu";"2016";"";"";"";"";"thesis";"dtu|dtu_electronic|dtupub|dtupub_electronic";"";"";"";"";"";"";"";"";"";"";"";"";"";"Master of Science in Engineering|Master of Science in Medicine and Technology|Medicin og tek.|kandidat";"Master of Science in Engineering|Master of Science in Medicine and Technology|Medicin og tek.|kandidat";"Master of Science in Engineering|Master of Science in Medicine and Technology|Medicin og tek.|kandidat";"und";"575ea63fe6f951534a00e1ce";"";"575ea63fe6f951534a00e1ce";"DTU Department of Applied Mathematics and Computer Science";"sorbit";"sorbit";"Quantification of heterogeneity in breast cancer tissue|Kvantificering af heterogenitet i brystcancervæv"
"";"dtu|dtupub|third_party";"";"2022-01-03T13:11:27.088Z";"Wong, Koh Yin";"";"2292735220";"";"dtu";"2015";"";"";"";"";"thesis";"dtu|dtu_electronic|dtupub|dtupub_electronic";"";"";"";"";"";"";"";"";"";"";"";"";"";"Byggetek.|Master of Science in Civil Engineering|Master of Science in Engineering|kandidat";"Byggetek.|Master of Science in Civil Engineering|Master of Science in Engineering|kandidat";"Byggetek.|Master of Science in Civil Engineering|Master of Science in Engineering|kandidat";"und";"56d754afbf19455102000353";"";"56d754afbf19455102000353";"DTU Department of Civil and Mechanical Engineering";"sorbit";"sorbit";"Calculation of a severely eroding coast close to a river mouth|Beregning af en flodmundingskyst under kraftig tilbagerykning"
"";"dtu|dtupub|third_party";"";"2022-01-03T13:11:31.998Z";"Vangsgård, Mikkel";"";"2292737121";"";"dtu";"2015";"";"";"";"";"thesis";"dtu|dtu_electronic|dtupub|dtupub_electronic";"";"";"";"";"";"";"";"";"";"";"";"";"";"Master of Science in Engineering|Master of Science in Engineering Management|Planl. innovation og led.|kandidat";"Master of Science in Engineering|Master of Science in Engineering Management|Planl. innovation og led.|kandidat";"Master of Science in Engineering|Master of Science in Engineering Management|Planl. innovation og led.|kandidat";"und";"56d754b9bf194551020008b7";"";"56d754b9bf194551020008b7";"DTU Department of Technology, Management and Economics";"sorbit";"sorbit";"It is just rocket science, not project management - managing a Danish space program|Det er bare raketvidenskab ikke projektledelse - ledelse af et dansk rumprogram"
"";"dtu|dtupub|third_party";"";"2022-01-03T13:15:27.747Z";"Adjal, Nadia Sara";"";"2292737115";"";"dtu";"2015";"";"";"";"";"thesis";"dtu|dtu_electronic|dtupub|dtupub_electronic";"";"";"";"";"";"";"";"";"";"";"";"";"";"Farmateknologi|Master of Science in Engineering|Master of Science in Pharmaceutical Design and Engineering|kandidat";"Farmateknologi|Master of Science in Engineering|Master of Science in Pharmaceutical Design and Engineering|kandidat";"Farmateknologi|Master of Science in Engineering|Master of Science in Pharmaceutical Design and Engineering|kandidat";"und";"56d754b9bf194551020008b0";"";"56d754b9bf194551020008b0";"DTU National Veterinary Institute";"sorbit";"sorbit";"Protein and peptide fibrillation: Effect of dendrimers|Protein- og peptidfibrillering: Effekt af dendrimerer"
"";"dtu|dtupub|third_party";"";"2022-01-03T13:15:46.622Z";"Kaas, Peter Freiberg";"";"2292736241";"";"dtu";"2015";"";"";"";"";"thesis";"dtu|dtu_electronic|dtupub_external";"";"";"";"";"";"";"";"";"";"";"";"";"";"Elektrotek.|Master of Science in Electrical Engineering|Master of Science in Engineering|kandidat";"Elektrotek.|Master of Science in Electrical Engineering|Master of Science in Engineering|kandidat";"Elektrotek.|Master of Science in Electrical Engineering|Master of Science in Engineering|kandidat";"und";"56d754b6bf1945510200064e";"";"56d754b6bf1945510200064e";"DTU Department of Electrical Engineering";"sorbit";"sorbit";"Control of very high frequency switch-mode power supplies|Kontrol af meget høj frekvente strømforsyninger"
"";"dtu|dtupub|third_party";"";"2022-01-03T13:15:49.249Z";"Madsen, Daniel";"";"2292736269";"";"dtu";"2015";"";"";"";"";"thesis";"dtu|dtu_electronic|dtupub|dtupub_electronic";"";"";"";"";"";"";"";"";"";"";"";"";"";"Anvendt kemi|Master of Science in Advanced and Applied Chemistry|Master of Science in Engineering|kandidat";"Anvendt kemi|Master of Science in Advanced and Applied Chemistry|Master of Science in Engineering|kandidat";"Anvendt kemi|Master of Science in Advanced and Applied Chemistry|Master of Science in Engineering|kandidat";"und";"56d754b6bf19455102000652";"";"56d754b6bf19455102000652";"DTU Department of Chemistry";"sorbit";"sorbit";"In-Bead High-Throughput Screening Technology for Profiling of Substrates for Histone Deacetylase Enzymes|Udvikling af screenings assay til profilering af substrater for histone deacetylase enzymer"
"";"dtu|dtupub|third_party";"";"2022-01-03T13:11:44.999Z";"Bjerre, Jesper";"";"2292736691";"";"dtu";"2015";"";"";"";"";"thesis";"dtu|dtu_electronic|dtupub|dtupub_electronic";"";"";"";"";"";"";"";"";"";"";"";"";"";"Byggetek.|Master of Science in Civil Engineering|Master of Science in Engineering|kandidat";"Byggetek.|Master of Science in Civil Engineering|Master of Science in Engineering|kandidat";"Byggetek.|Master of Science in Civil Engineering|Master of Science in Engineering|kandidat";"und";"56d754b7bf19455102000761";"";"56d754b7bf19455102000761";"DTU Department of Civil Engineering";"sorbit";"sorbit";"Development and evaluation of an effective stress based model for soft clays|Udvikling og validering af en effektiv spændings model til blødt ler"
"";"dtu|dtupub|third_party";"";"2022-01-03T13:11:52.894Z";"Pold, Casper Fabian Hillestrøm";"";"2292735019";"";"dtu";"2015";"";"";"";"";"thesis";"dtu|dtu_electronic|dtupub|dtupub_electronic";"";"";"";"";"";"";"";"";"";"";"";"";"";"Byggetek.|Master of Science in Civil Engineering|Master of Science in Engineering|kandidat";"Byggetek.|Master of Science in Civil Engineering|Master of Science in Engineering|kandidat";"Byggetek.|Master of Science in Civil Engineering|Master of Science in Engineering|kandidat";"und";"56d754aebf194551020002c1";"";"56d754aebf194551020002c1";"DTU Department of Civil Engineering";"sorbit";"sorbit";"Ventilation Design of Cold Attics for avoiding Moisture-related Problems|Ventilationsdesign af kolde loftsrum for at undga fugtrelaterede problemer"
"";"dtu|dtupub|third_party";"";"2022-01-03T13:11:10.961Z";"Madsen, Thomas Lind";"";"2292737243";"";"dtu";"2015";"";"";"";"";"thesis";"dtu|dtu_electronic|dtupub_external";"";"";"";"";"";"";"";"";"";"";"";"";"";"Master of Science in Engineering|Master of Science in Materials and Manufacturing Engineering|Materialetek.|kandidat";"Master of Science in Engineering|Master of Science in Materials and Manufacturing Engineering|Materialetek.|kandidat";"Master of Science in Engineering|Master of Science in Materials and Manufacturing Engineering|Materialetek.|kandidat";"und";"56d754babf19455102000932";"";"56d754babf19455102000932";"DTU Department of Civil and Mechanical Engineering";"sorbit";"sorbit";"Preparation and characterization of metal substrate for use in PVD fabrication of high effective CSP absorber tubes|Præparering og karakterisering af metalsubstrat til brug for PVD fabrikation af højeffektive CSP absorberrør"
"";"dtu|dtupub|third_party";"";"2022-01-03T13:11:08.335Z";"Jensen, Lasse Specht";"";"2292737497";"";"dtu";"2015";"";"";"";"";"thesis";"dtu|dtu_electronic|dtupub|dtupub_electronic";"";"";"";"";"";"";"";"";"";"";"";"";"";"Konst. og mekanik|Master of Science in Engineering|Master of Science in Engineering Design and Applied Mechanics|kandidat";"Konst. og mekanik|Master of Science in Engineering|Master of Science in Engineering Design and Applied Mechanics|kandidat";"Konst. og mekanik|Master of Science in Engineering|Master of Science in Engineering Design and Applied Mechanics|kandidat";"und";"56d754bbbf194551020009fb";"";"56d754bbbf194551020009fb";"DTU Department of Civil and Mechanical Engineering";"sorbit";"sorbit";"Experimental and numerical study of mixed mode III/I crack propagation|Eksperimentel og numerisk studie af mode III/I revnevækst"
"";"dtu|dtupub|third_party";"";"2022-01-03T13:11:25.846Z";"Jakobsen, Amanda Lee|Nielsen, Ida Kjærsgaard";"";"2292736954";"";"dtu";"2015";"";"";"";"";"thesis";"dtu|dtu_electronic|dtupub_external";"";"";"";"";"";"";"";"";"";"";"";"";"";"Design og inn.|Master of Science in Design and Innovation|Master of Science in Engineering|kandidat";"Design og inn.|Master of Science in Design and Innovation|Master of Science in Engineering|kandidat";"Design og inn.|Master of Science in Design and Innovation|Master of Science in Engineering|kandidat";"und";"56d754b8bf19455102000827";"";"56d754b8bf19455102000827";"DTU Department of Civil and Mechanical Engineering";"sorbit";"sorbit";"Designing the User Experience of the Future Durable Injection System|Design af brugeroplevelsen til systemet omkring flergangs insulin pen."
"";"dtu|dtupub|third_party";"";"2022-01-03T13:11:44.936Z";"Hansen, Thomas Hjorth";"";"2292736995";"";"dtu";"2015";"";"";"";"";"thesis";"dtu|dtu_electronic|dtupub|dtupub_electronic";"";"";"";"";"";"";"";"";"";"";"";"";"";"Informationstek.|Master of Science in Computer Science and Engineering|Master of Science in Engineering|kandidat";"Informationstek.|Master of Science in Computer Science and Engineering|Master of Science in Engineering|kandidat";"Informationstek.|Master of Science in Computer Science and Engineering|Master of Science in Engineering|kandidat";"und";"56d754b9bf19455102000850";"";"56d754b9bf19455102000850";"DTU Department of Applied Mathematics and Computer Science";"sorbit";"sorbit";"Aggregator for smart home related data and visualization Project Description|Aggregator for smart home relaterede data og visualisering"
"";"dtu|dtupub|third_party";"";"2022-01-03T13:15:54.645Z";"Taglass, Jaafar Maher";"";"2292735347";"";"dtu";"2015";"";"";"";"";"thesis";"dtu|dtu_electronic|dtupub|dtupub_electronic";"";"";"";"";"";"";"";"";"";"";"";"";"";"Konst. og mekanik|Master of Science in Engineering|Master of Science in Engineering Design and Applied Mechanics|kandidat";"Konst. og mekanik|Master of Science in Engineering|Master of Science in Engineering Design and Applied Mechanics|kandidat";"Konst. og mekanik|Master of Science in Engineering|Master of Science in Engineering Design and Applied Mechanics|kandidat";"und";"56d754b0bf194551020003a5";"";"56d754b0bf194551020003a5";"DTU Department of Civil and Mechanical Engineering";"sorbit";"sorbit";"Acoustic design with topology optimization|Akustisk design med topologioptimering"
"";"dtu|dtupub|third_party";"";"2022-01-03T13:16:39.822Z";"Søndergaard, Stine";"";"2351661163";"";"dtu";"2016";"";"";"";"";"thesis";"dtu|dtu_electronic|dtupub|dtupub_electronic";"";"";"";"";"";"";"";"";"";"";"";"";"";"Digitale medietek.|Master of Science in Digital Media Engineering|Master of Science in Engineering|kandidat";"Digitale medietek.|Master of Science in Digital Media Engineering|Master of Science in Engineering|kandidat";"Digitale medietek.|Master of Science in Digital Media Engineering|Master of Science in Engineering|kandidat";"und";"5890457c54602411490000c1";"";"5890457c54602411490000c1";"DTU Department of Applied Mathematics and Computer Science";"sorbit";"sorbit";"Improving the user experience in Internet of Things-connected hearing devices|Forbedring af brugeroplevelsen i Internet of Things-forbundne høreapparater"
"";"dtu|dtupub|third_party";"";"2022-01-03T13:07:25.595Z";"Miguel, Lucia Escolar de";"";"2346179477";"";"dtu";"2016";"";"";"";"";"thesis";"dtu|dtu_electronic|dtupub|dtupub_electronic";"";"";"";"";"";"";"";"";"";"";"";"";"";"Master of Science in Engineering|Master of Science in Wind Energy|Vindenergi|kandidat";"Master of Science in Engineering|Master of Science in Wind Energy|Vindenergi|kandidat";"Master of Science in Engineering|Master of Science in Wind Energy|Vindenergi|kandidat";"und";"57ee45c7ad6a549d07000061";"";"57ee45c7ad6a549d07000061";"DTU Department of Wind and Energy Systems";"sorbit";"sorbit";"Modeling damage evolution in laminated composite wind turbine blade components|Modeling damage evolution in laminated composite wind turbine blade components"
"";"dtu|dtupub|third_party";"";"2022-01-03T13:08:39.504Z";"Hansen, Isabella Kirkeby";"";"2306781415";"";"dtu";"2016";"";"";"";"";"thesis";"dtu|dtu_electronic|dtupub_external";"";"";"";"";"";"";"";"";"";"";"";"";"";"Fødevareteknologi|Master of Science in Engineering|Master of Science in Food Technology|kandidat";"Fødevareteknologi|Master of Science in Engineering|Master of Science in Food Technology|kandidat";"Fødevareteknologi|Master of Science in Engineering|Master of Science in Food Technology|kandidat";"und";"5795f1696bbf232e700009c4";"";"5795f1696bbf232e700009c4";"DTU Department of Biotechnology and Biomedicine";"sorbit";"sorbit";"Probing endo-glucanase activity in concentrated fruit juice|Maling af endo-glucanase aktivitet i frugt juicekoncentrat"
"";"dtu|dtupub|third_party";"";"2022-01-03T13:12:57.803Z";"Stam, Cornelis Jan";"";"2306489868";"";"dtu";"2016";"";"";"";"";"thesis";"dtu|dtu_electronic|dtupub|dtupub_electronic";"";"";"";"";"";"";"";"";"";"";"";"";"";"Master of Science in Engineering|Master of Science in Wind Energy|Vindenergi|kandidat";"Master of Science in Engineering|Master of Science in Wind Energy|Vindenergi|kandidat";"Master of Science in Engineering|Master of Science in Wind Energy|Vindenergi|kandidat";"und";"57861f406bbf232e70000007";"";"57861f406bbf232e70000007";"DTU Department of Civil and Mechanical Engineering";"sorbit";"sorbit";"Vortex Generator Modelling in CFD by Using Source Term|CFD simulering af Vortex generator ved brug af volumenkrafter"
"";"dtu|dtupub|third_party";"";"2022-01-03T13:16:28.545Z";"Israelsen, Kasper Christian";"";"2306781443";"";"dtu";"2016";"";"";"";"";"thesis";"dtu|dtu_electronic|dtupub|dtupub_electronic";"";"";"";"";"";"";"";"";"";"";"";"";"";"Kemisk/biokemisk tek.|Master of Science in Chemical and Biochemical Engineering|Master of Science in Engineering|kandidat";"Kemisk/biokemisk tek.|Master of Science in Chemical and Biochemical Engineering|Master of Science in Engineering|kandidat";"Kemisk/biokemisk tek.|Master of Science in Chemical and Biochemical Engineering|Master of Science in Engineering|kandidat";"und";"5795f1836bbf232e70000a85";"";"5795f1836bbf232e70000a85";"DTU Department of Chemical and Biochemical Engineering";"sorbit";"sorbit";"Development of a glucose oxidase method for mass transfer characterization in a bioreactor|Udvikling af en glucose oxidase metode til karakterisering af masseoverførsel i en i en bioreaktor"
"";"dtu|dtupub|third_party";"";"2022-01-03T13:16:28.943Z";"Souaille, Tom Gabin";"";"2306791733";"";"dtu";"2016";"";"";"";"";"thesis";"dtu|dtu_electronic|dtupub|dtupub_electronic";"";"";"";"";"";"";"";"";"";"";"";"";"";"Akustisk tek.|Master of Science in Engineering|Master of Science in Engineering Acoustics|kandidat";"Akustisk tek.|Master of Science in Engineering|Master of Science in Engineering Acoustics|kandidat";"Akustisk tek.|Master of Science in Engineering|Master of Science in Engineering Acoustics|kandidat";"und";"579743d26bbf232e70001053";"";"579743d26bbf232e70001053";"DTU Department of Electrical Engineering";"sorbit";"sorbit";"Sound field control at low frequencies|Lydfelt kontrol ved lave frekvenser"
"";"dtu|dtupub|third_party";"";"2022-01-03T13:16:27.742Z";"Wolf, Niels Thorbjørn August";"";"2306320587";"";"dtu";"2016";"";"";"";"";"thesis";"dtu|dtu_electronic|dtupub_external";"";"";"";"";"";"";"";"";"";"";"";"";"";"Digitale medietek.|Master of Science in Digital Media Engineering|Master of Science in Engineering|kandidat";"Digitale medietek.|Master of Science in Digital Media Engineering|Master of Science in Engineering|kandidat";"Digitale medietek.|Master of Science in Digital Media Engineering|Master of Science in Engineering|kandidat";"und";"577b935337562d157a00021b";"";"577b935337562d157a00021b";"DTU Department of Applied Mathematics and Computer Science";"sorbit";"sorbit";"Improving throughput in Danish slaughterhouses|Mod øget effektivitet i danske slagterier"
"";"dtu|dtupub|third_party";"";"2022-01-03T13:16:28.472Z";"Symeonidis, Avraam";"";"2306791582";"";"dtu";"2016";"";"";"";"";"thesis";"dtu|dtu_electronic|dtupub|dtupub_electronic";"";"";"";"";"";"";"";"";"";"";"";"";"";"Master of Science in Engineering|Master of Science in Environmental Engineering|Miljøteknologi|kandidat";"Master of Science in Engineering|Master of Science in Environmental Engineering|Miljøteknologi|kandidat";"Master of Science in Engineering|Master of Science in Environmental Engineering|Miljøteknologi|kandidat";"und";"579743916bbf232e70000e8c";"";"579743916bbf232e70000e8c";"DTU Department of Environmental and Resource Engineering";"sorbit";"sorbit";"Life cycle assessment of anaerobic co-digestion of casted seaweed|Livscyklusvurdering af anaerob co-nedbrydning af tang"
"";"dtu|dtupub|third_party";"";"2022-01-03T13:15:23.617Z";"Vang, Noel Martin";"";"2292737196";"";"dtu";"2015";"";"";"";"";"thesis";"dtu|dtu_electronic|dtupub_external";"";"";"";"";"";"";"";"";"";"";"";"";"";"Informationstek.|Master of Science in Computer Science and Engineering|Master of Science in Engineering|kandidat";"Informationstek.|Master of Science in Computer Science and Engineering|Master of Science in Engineering|kandidat";"Informationstek.|Master of Science in Computer Science and Engineering|Master of Science in Engineering|kandidat";"und";"56d754b9bf19455102000903";"";"56d754b9bf19455102000903";"DTU Department of Applied Mathematics and Computer Science";"sorbit";"sorbit";"Automated security analysis framework|Automatiseret sikkerhedsanalyseværktøj"
"";"dtu|dtupub|third_party";"";"2022-01-06T23:53:47.454Z";"Engberg, Astrid Margareta Elisabet";"";"2305633485";"";"dtu";"2016";"";"";"";"";"thesis";"dtu|dtu_electronic|dtupub|dtupub_electronic";"";"";"";"";"";"";"";"";"";"";"";"";"";"Master of Science in Engineering|Master of Science in Medicine and Technology|Medicin og tek.|kandidat";"Master of Science in Engineering|Master of Science in Medicine and Technology|Medicin og tek.|kandidat";"Master of Science in Engineering|Master of Science in Medicine and Technology|Medicin og tek.|kandidat";"und";"575ea787e6f951534a00f117";"";"575ea787e6f951534a00f117";"DTU Department of Applied Mathematics and Computer Science";"sorbit";"sorbit";"Multivariate Modeling for the Characterization of Variability in Multi-Subject fMRI Data|Multivariate metoder til karakterisering af variabilitet i gruppe fMRI analyser"
"";"dtu|dtupub|third_party";"";"2022-01-11T08:43:39.766Z";"Agerholm, Rasmus";"";"2306688493";"";"dtu";"2016";"";"";"";"";"thesis";"dtu|dtu_electronic|dtupub|dtupub_electronic";"";"";"";"";"";"";"";"";"";"";"";"";"";"Farmateknologi|Master of Science in Engineering|Master of Science in Pharmaceutical Design and Engineering|kandidat";"Farmateknologi|Master of Science in Engineering|Master of Science in Pharmaceutical Design and Engineering|kandidat";"Farmateknologi|Master of Science in Engineering|Master of Science in Pharmaceutical Design and Engineering|kandidat";"und";"5790ab506bbf232e70000356";"";"5790ab506bbf232e70000356";"DTU National Veterinary Institute";"sorbit";"sorbit";"Signals regulating homeostasis and inflammatory responses of innate ?d T cells|Regulerende signaler for homeostasis og inflammations svar hos innate ?d T celler"
"";"dtu|dtupub|third_party";"";"2022-01-03T13:15:16.074Z";"Mikkelsen, Rune Tind";"";"2292735705";"";"dtu";"2015";"";"";"";"";"thesis";"dtu|dtu_electronic|dtupub_external";"";"";"";"";"";"";"";"";"";"";"";"";"";"Master of Science in Engineering|Master of Science in Engineering Management|Planl. innovation og led.|kandidat";"Master of Science in Engineering|Master of Science in Engineering Management|Planl. innovation og led.|kandidat";"Master of Science in Engineering|Master of Science in Engineering Management|Planl. innovation og led.|kandidat";"und";"56d754b3bf194551020004cc";"";"56d754b3bf194551020004cc";"DTU Department of Technology, Management and Economics";"sorbit";"sorbit";"Cyber Risk and Resilience in The Maritime Supply Chain|Cyber Risici og Modstandsdygtighed i den Maritime Forsyningskæde."
"";"dtu|dtupub|third_party";"";"2022-01-03T13:07:27.604Z";"Nielsen, Emil Tang Ravnkilde";"";"2342447825";"";"dtu";"2016";"";"";"";"";"thesis";"dtu|dtu_electronic|dtupub_external";"";"";"";"";"";"";"";"";"";"";"";"";"";"Bioteknologi|Master of Science in Biotechnology|Master of Science in Engineering|kandidat";"Bioteknologi|Master of Science in Biotechnology|Master of Science in Engineering|kandidat";"Bioteknologi|Master of Science in Biotechnology|Master of Science in Engineering|kandidat";"und";"57c6b8cbabd78127210000a0";"";"57c6b8cbabd78127210000a0";"DTU DTU National Food Institute";"sorbit";"sorbit";"Optimization of freeze-drying process for new Factor protein formulation|Optimering af frysetørrings proces for ny Factor protein formulering"
"";"dtu|dtupub|third_party";"";"2022-01-06T23:53:50.870Z";"Sadat, Hojat";"";"2306791765";"";"dtu";"2016";"";"";"";"";"thesis";"dtu|dtu_electronic|dtupub|dtupub_electronic";"";"";"";"";"";"";"";"";"";"";"";"";"";"Elektrotek.|Master of Science in Electrical Engineering|Master of Science in Engineering|kandidat";"Elektrotek.|Master of Science in Electrical Engineering|Master of Science in Engineering|kandidat";"Elektrotek.|Master of Science in Electrical Engineering|Master of Science in Engineering|kandidat";"und";"579743e86bbf232e7000111f";"";"579743e86bbf232e7000111f";"DTU Department of Electrical Engineering";"sorbit";"sorbit";"Robot Navigation in Indoor Environment|Robot navigation i indendørs miljø"
"";"dtu|dtupub|third_party";"";"2022-01-03T13:16:19.782Z";"Eskelund, Sofie Alvilda";"";"2385162003";"";"dtu";"2016";"";"";"";"";"thesis";"dtu|dtu_electronic|dtupub_external";"";"";"";"";"";"";"";"";"";"";"";"";"";"Master of Science in Engineering|Master of Science in Medicine and Technology|Medicin og tek.|kandidat";"Master of Science in Engineering|Master of Science in Medicine and Technology|Medicin og tek.|kandidat";"Master of Science in Engineering|Master of Science in Medicine and Technology|Medicin og tek.|kandidat";"und";"56d754a9bf19455102000084";"";"56d754a9bf19455102000084";"DTU Department of Micro- and Nanotechnology";"sorbit";"sorbit";"Urethra Model for Testing of Catheters|Urinrørsmodel til test af katetre"
"";"dtu|dtupub|third_party";"";"2022-01-03T13:16:28.548Z";"Herrera, Maria Eugenia Negrete";"";"2306791699";"";"dtu";"2016";"";"";"";"";"thesis";"dtu|dtu_electronic|dtupub_external";"";"";"";"";"";"";"";"";"";"";"";"";"";"Farmateknologi|Master of Science in Engineering|Master of Science in Pharmaceutical Design and Engineering|kandidat";"Farmateknologi|Master of Science in Engineering|Master of Science in Pharmaceutical Design and Engineering|kandidat";"Farmateknologi|Master of Science in Engineering|Master of Science in Pharmaceutical Design and Engineering|kandidat";"und";"579743aa6bbf232e70000f42";"";"579743aa6bbf232e70000f42";"DTU Department of Biotechnology and Biomedicine";"sorbit";"sorbit";"Evaluation of a potential biomarker for type 2 diabetes|Evaluering af en potential biomarkør for type 2 diabetes"
"";"dtu|dtupub|third_party";"";"2022-01-03T13:12:12.997Z";"Katsaros, Ioannis";"";"2292734955";"";"dtu";"2015";"";"";"";"";"thesis";"dtu|dtu_electronic|dtupub|dtupub_electronic";"";"";"";"";"";"";"";"";"";"";"";"";"";"Bæredygtig energi|Master of Science in Engineering|Master of Science in Sustainable Energy|kandidat";"Bæredygtig energi|Master of Science in Engineering|Master of Science in Sustainable Energy|kandidat";"Bæredygtig energi|Master of Science in Engineering|Master of Science in Sustainable Energy|kandidat";"und";"56d754aebf1945510200029c";"";"56d754aebf1945510200029c";"DTU Department of Civil and Mechanical Engineering";"sorbit";"sorbit";"Trigeneration system based on municipal waste gasification, fuel cell and absorption chiller|Trigeneration kraftværk basered pa kommunalt affald forgasning, brændselsceller og absorptionskølere"
"";"dtu|dtupub|third_party";"";"2022-01-06T23:53:36.943Z";"Pedersen, Emil Launtoft";"";"2306688444";"";"dtu";"2016";"";"";"";"";"thesis";"dtu|dtu_electronic|dtupub|dtupub_electronic";"";"";"";"";"";"";"";"";"";"";"";"";"";"Fysik og nanotek.|Master of Science in Engineering|Master of Science in Physics and Nanotechnology|kandidat";"Fysik og nanotek.|Master of Science in Engineering|Master of Science in Physics and Nanotechnology|kandidat";"Fysik og nanotek.|Master of Science in Engineering|Master of Science in Physics and Nanotechnology|kandidat";"und";"5790ab476bbf232e70000314";"";"5790ab476bbf232e70000314";"DTU Department of Physics";"sorbit";"sorbit";"Fluid dynamics of biological micropores|Væskestrømninger i selektive biologiske mikroporer"
"";"dtu|dtupub|third_party";"";"2022-01-03T13:12:44.279Z";"Mortensen, Mathias Emil";"";"2305633488";"";"dtu";"2016";"";"";"";"";"thesis";"dtu|dtu_electronic|dtupub|dtupub_electronic";"";"";"";"";"";"";"";"";"";"";"";"";"";"Digitale medietek.|Master of Science in Digital Media Engineering|Master of Science in Engineering|kandidat";"Digitale medietek.|Master of Science in Digital Media Engineering|Master of Science in Engineering|kandidat";"Digitale medietek.|Master of Science in Digital Media Engineering|Master of Science in Engineering|kandidat";"und";"575ea792e6f951534a00f198";"";"575ea792e6f951534a00f198";"DTU Department of Applied Mathematics and Computer Science";"sorbit";"sorbit";"Motivational Feedback Interfaces in Mobile Pedometer Apps|Motiverende feedback interfaces i mobil pedometer apps"
"";"dtu|dtupub|third_party";"";"2022-01-03T13:12:35.929Z";"Andersen-Hoppe, Esbern";"";"2306320242";"";"dtu";"2016";"";"";"";"";"thesis";"dtu|dtu_electronic|dtupub|dtupub_electronic";"";"";"";"";"";"";"";"";"";"";"";"";"";"Informationstek.|Master of Science in Computer Science and Engineering|Master of Science in Engineering|kandidat";"Informationstek.|Master of Science in Computer Science and Engineering|Master of Science in Engineering|kandidat";"Informationstek.|Master of Science in Computer Science and Engineering|Master of Science in Engineering|kandidat";"und";"577b934137562d157a000140";"";"577b934137562d157a000140";"DTU Department of Applied Mathematics and Computer Science";"sorbit";"sorbit";"Iris recognition on mobile devices|Iris genkendelse pa mobile enheder"
"";"dtu|dtupub|third_party";"";"2022-01-03T13:12:56.734Z";"Justesen, Mikkel Jonathan";"";"2306320299";"";"dtu";"2016";"";"";"";"";"thesis";"dtu|dtu_electronic|dtupub_external";"";"";"";"";"";"";"";"";"";"";"";"";"";"Farmateknologi|Master of Science in Engineering|Master of Science in Pharmaceutical Design and Engineering|kandidat";"Farmateknologi|Master of Science in Engineering|Master of Science in Pharmaceutical Design and Engineering|kandidat";"Farmateknologi|Master of Science in Engineering|Master of Science in Pharmaceutical Design and Engineering|kandidat";"und";"577b934437562d157a000156";"";"577b934437562d157a000156";"DTU Department of Biotechnology and Biomedicine";"sorbit";"sorbit";"Characterization of the cell death mechanism induced by ingenol mebutate|Karakterisering af celledøds mekanismen induceret af ingenol mebutate"
"";"dtu|dtupub|third_party";"";"2022-01-03T13:06:29.878Z";"Karlsson, Sverrir Kári";"";"2307050704";"";"dtu";"2016";"";"";"";"";"thesis";"dtu|dtu_electronic|dtupub_external";"";"";"";"";"";"";"";"";"";"";"";"";"";"Konst. og mekanik|Master of Science in Engineering|Master of Science in Engineering Design and Applied Mechanics|kandidat";"Konst. og mekanik|Master of Science in Engineering|Master of Science in Engineering Design and Applied Mechanics|kandidat";"Konst. og mekanik|Master of Science in Engineering|Master of Science in Engineering Design and Applied Mechanics|kandidat";"und";"57a3204a12855c654e00028e";"";"57a3204a12855c654e00028e";"DTU Department of Civil and Mechanical Engineering";"sorbit";"sorbit";"Finite Element Analysis of Fatigue in Jacket Structures|Finite Element Analyse af Udmattelse i Jacket Structurer"
"";"dtu|dtupub|third_party";"";"2022-01-03T13:07:33.210Z";"Wojciechowska, Joanna";"";"2306791777";"";"dtu";"2016";"";"";"";"";"thesis";"dtu|dtu_electronic|dtupub|dtupub_electronic";"";"";"";"";"";"";"";"";"";"";"";"";"";"Bygningsdesign|Master of Science in Engineering|Master og Science in Architectural Engineering|kandidat";"Bygningsdesign|Master of Science in Engineering|Master og Science in Architectural Engineering|kandidat";"Bygningsdesign|Master of Science in Engineering|Master og Science in Architectural Engineering|kandidat";"und";"579743f96bbf232e70001159";"";"579743f96bbf232e70001159";"DTU Department of Civil Engineering";"sorbit";"sorbit";"Reconsidering single family house design in terms of modern Sustainable Architecture - Passive solutions and its energy performance|Revurdering af enfamiliehuses design med brug af moderne bæredygtig arkitektur - Passive løsninger og dets energimæssige ydeevne."
"";"dtu|dtupub|third_party";"";"2022-01-03T13:16:08.524Z";"Galinos, Christos";"";"2292736599";"";"dtu";"2015";"";"";"";"";"thesis";"dtu|dtu_electronic|dtupub|dtupub_electronic";"";"";"";"";"";"";"";"";"";"";"";"";"";"Master of Science in Engineering|Master of Science in Wind Energy|Vindenergi|kandidat";"Master of Science in Engineering|Master of Science in Wind Energy|Vindenergi|kandidat";"Master of Science in Engineering|Master of Science in Wind Energy|Vindenergi|kandidat";"und";"56d754b7bf19455102000727";"";"56d754b7bf19455102000727";"DTU Department of Wind and Energy Systems";"sorbit";"sorbit";"A Study of Design Load Cases for Multi-Megawatt Onshore Vertical Axis Wind Turbines|Undersøgelse af design laster for en multi-megawatt landbaseret vertical akset vindmølle"
"";"dtu|dtupub|third_party";"";"2022-01-03T13:15:52.405Z";"Pörzgen, Jesse|Bull, Sebbe Sidenius";"";"2292736173";"";"dtu";"2015";"";"";"";"";"thesis";"dtu|dtu_electronic|dtupub|dtupub_electronic";"";"";"";"";"";"";"";"";"";"";"";"";"";"Master of Science in Engineering|Master of Science in Engineering Management|Planl. innovation og led.|kandidat";"Master of Science in Engineering|Master of Science in Engineering Management|Planl. innovation og led.|kandidat";"Master of Science in Engineering|Master of Science in Engineering Management|Planl. innovation og led.|kandidat";"und";"56d754b5bf1945510200061b";"";"56d754b5bf1945510200061b";"DTU Department of Technology, Management and Economics";"sorbit";"sorbit";"Revealing the complexity in the Design Process of Facades through application of Modularity - A foundation for successful Design Management|Afsløring af kompleksitet i Facade Design Processen ved anvendelse af Modularitet - Et fundament for succesfuld Projekteringsledelse"
"";"dtu|dtupub|third_party";"";"2022-01-03T13:15:56.281Z";"Ghadirian, Amin";"";"2292736448";"";"dtu";"2015";"";"";"";"";"thesis";"dtu|dtu_electronic|dtupub|dtupub_electronic";"";"";"";"";"";"";"";"";"";"";"";"";"";"Master of Science in Engineering|Master of Science in Wind Energy|Vindenergi|kandidat";"Master of Science in Engineering|Master of Science in Wind Energy|Vindenergi|kandidat";"Master of Science in Engineering|Master of Science in Wind Energy|Vindenergi|kandidat";"und";"56d754b6bf194551020006c0";"";"56d754b6bf194551020006c0";"DTU Department of Wind and Energy Systems";"sorbit";"sorbit";"Comparative study of rotor blade induction using full-scale measurements and CFD|Sammenlignende studie af organiserede strømningsstrukturer omkring et vindmølleblad baseret pa fuldskala malinger og CFD"
"";"dtu|dtupub|third_party";"";"2022-01-03T13:12:24.682Z";"Olsen, Andreas Damgaard";"";"2292734774";"";"dtu";"2015";"";"";"";"";"thesis";"dtu|dtu_electronic|dtupub|dtupub_electronic";"";"";"";"";"";"";"";"";"";"";"";"";"";"Digitale medietek.|Master of Science in Digital Media Engineering|Master of Science in Engineering|kandidat";"Digitale medietek.|Master of Science in Digital Media Engineering|Master of Science in Engineering|kandidat";"Digitale medietek.|Master of Science in Digital Media Engineering|Master of Science in Engineering|kandidat";"und";"56d754adbf1945510200022e";"";"56d754adbf1945510200022e";"DTU Department of Applied Mathematics and Computer Science";"sorbit";"sorbit";"Enhancing User Experience in Games using Eye Tracking|Forbedring af brugeroplevelse i spil med brug af eye tracking"
"";"dtu|dtupub|third_party";"";"2022-01-03T13:16:09.350Z";"Bertelsen, Thomas Bruun";"";"2305633414";"";"dtu";"2016";"";"";"";"";"thesis";"dtu|dtu_electronic|dtupub|dtupub_electronic";"";"";"";"";"";"";"";"";"";"";"";"";"";"Master of Science in Engineering|Master of Science in Petroleum Engineering|Olie- og gastek.|kandidat";"Master of Science in Engineering|Master of Science in Petroleum Engineering|Olie- og gastek.|kandidat";"Master of Science in Engineering|Master of Science in Petroleum Engineering|Olie- og gastek.|kandidat";"und";"575ea6cae6f951534a00e832";"";"575ea6cae6f951534a00e832";"DTU Department of Applied Mathematics and Computer Science";"sorbit";"sorbit";"Uncertainty Quantification, Filtering and Prediction for Oil Reservoir Operations|Usikkerhedskvantificering, filtrering og prædiktion til drift af oliefelter"
"";"dtu|dtupub|third_party";"";"2022-01-03T13:16:13.293Z";"Lindgren, Aya Hjortshøj|Hansen, Rikke Odborg";"";"2305633338";"";"dtu";"2016";"";"";"";"";"thesis";"dtu|dtu_electronic|dtupub_external";"";"";"";"";"";"";"";"";"";"";"";"";"";"Byggetek.|Master of Science in Civil Engineering|Master of Science in Engineering|kandidat";"Byggetek.|Master of Science in Civil Engineering|Master of Science in Engineering|kandidat";"Byggetek.|Master of Science in Civil Engineering|Master of Science in Engineering|kandidat";"und";"575ea5cee6f951534a00dd02";"";"575ea5cee6f951534a00dd02";"DTU Department of Civil Engineering";"sorbit";"sorbit";"Development and Testing of a High Performance Fiber Reinforced Concrete with Conventional Reinforcement|Udvikling og test af en højstyrke fiberarmeret beton med konventionel armering"
"";"dtu|dtupub|third_party";"";"2022-01-03T13:15:48.251Z";"Krog, Nicolai Linding";"";"2292735862";"";"dtu";"2015";"";"";"";"";"thesis";"dtu|dtu_electronic|dtupub|dtupub_electronic";"";"";"";"";"";"";"";"";"";"";"";"";"";"Byggetek.|Master of Science in Civil Engineering|Master of Science in Engineering|kandidat";"Byggetek.|Master of Science in Civil Engineering|Master of Science in Engineering|kandidat";"Byggetek.|Master of Science in Civil Engineering|Master of Science in Engineering|kandidat";"und";"56d754b4bf1945510200054b";"";"56d754b4bf1945510200054b";"DTU Department of Civil and Mechanical Engineering";"sorbit";"sorbit";"Numerical modeling of conductor line galloping|Numerisk modellering af galloping i højspændingsledninger"
"";"dtu|dtupub|third_party";"";"2022-01-03T13:16:27.273Z";"Eftekhar, Morteza Ghorbani";"";"2292734524";"";"dtu";"2015";"";"";"";"";"thesis";"dtu|dtu_electronic|dtupub|dtupub_electronic";"";"";"";"";"";"";"";"";"";"";"";"";"";"Elektrotek.|Master of Science in Electrical Engineering|Master of Science in Engineering|kandidat";"Elektrotek.|Master of Science in Electrical Engineering|Master of Science in Engineering|kandidat";"Elektrotek.|Master of Science in Electrical Engineering|Master of Science in Engineering|kandidat";"und";"56d754abbf19455102000173";"";"56d754abbf19455102000173";"DTU Department of Electrical Engineering";"sorbit";"sorbit";"Efficiency Study of Vertical Distance Variations in Wireless Power Transfer for E-Mobility|Effektivitetsstudie af vertikale afstands variationer og deres effekt pa tradløs energioverførsel i E-Mobility"
"";"dtu|dtupub|third_party";"";"2022-01-03T13:12:38.281Z";"Hansen, Jonas Ertmann";"";"2305633533";"";"dtu";"2016";"";"";"";"";"thesis";"dtu|dtu_electronic|dtupub|dtupub_electronic";"";"";"";"";"";"";"";"";"";"";"";"";"";"Konst. og mekanik|Master of Science in Engineering|Master of Science in Engineering Design and Applied Mechanics|kandidat";"Konst. og mekanik|Master of Science in Engineering|Master of Science in Engineering Design and Applied Mechanics|kandidat";"Konst. og mekanik|Master of Science in Engineering|Master of Science in Engineering Design and Applied Mechanics|kandidat";"und";"575ea7d4e6f951534a00f48c";"";"575ea7d4e6f951534a00f48c";"DTU Department of Civil and Mechanical Engineering";"sorbit";"sorbit";"Numerical Simulation of Sail Coefficients|Numerisk Beregning af Sejlkoefficienter"
"";"dtu|dtupub|third_party";"";"2022-01-03T13:15:18.165Z";"Engholm, Mathias";"";"2292737410";"";"dtu";"2015";"";"";"";"";"thesis";"dtu|dtu_electronic|dtupub|dtupub_electronic";"";"";"";"";"";"";"";"";"";"";"";"";"";"Fysik og nanotek.|Master of Science in Engineering|Master of Science in Physics and Nanotechnology|kandidat";"Fysik og nanotek.|Master of Science in Engineering|Master of Science in Physics and Nanotechnology|kandidat";"Fysik og nanotek.|Master of Science in Engineering|Master of Science in Physics and Nanotechnology|kandidat";"und";"56d754babf194551020009b5";"";"56d754babf194551020009b5";"DTU Department of Micro- and Nanotechnology";"sorbit";"sorbit";"Capacitive Micromachined Ultrasonic Transducers for 3D Medical Imaging using a LOCOS Based Process|Kapacitive mikrofremstillede ultralydstransducere til 3D medicinsk billeddannelse baseret pa en LOCOS proces"
"";"dtu|dtupub|third_party";"";"2022-01-03T13:15:24.665Z";"Larsen, Daniel Bo";"";"2292737430";"";"dtu";"2015";"";"";"";"";"thesis";"dtu|dtu_electronic|dtupub|dtupub_electronic";"";"";"";"";"";"";"";"";"";"";"";"";"";"Anvendt kemi|Master of Science in Advanced and Applied Chemistry|Master of Science in Engineering|kandidat";"Anvendt kemi|Master of Science in Advanced and Applied Chemistry|Master of Science in Engineering|kandidat";"Anvendt kemi|Master of Science in Advanced and Applied Chemistry|Master of Science in Engineering|kandidat";"und";"56d754babf194551020009c2";"";"56d754babf194551020009c2";"DTU Department of Chemistry";"sorbit";"sorbit";"Theoretical and Experimental Studies of the Transannular Mannich Reaction|Teoretiske og experimentelle studier af den transannulære Mannich reaktion"
"";"dtu|dtupub|third_party";"";"2022-01-03T13:15:24.583Z";"Nilsson, Claes Nymand";"";"2292737342";"";"dtu";"2015";"";"";"";"";"thesis";"dtu|dtu_electronic|dtupub_external";"";"";"";"";"";"";"";"";"";"";"";"";"";"Bioteknologi|Master of Science in Biotechnology|Master of Science in Engineering|kandidat";"Bioteknologi|Master of Science in Biotechnology|Master of Science in Engineering|kandidat";"Bioteknologi|Master of Science in Biotechnology|Master of Science in Engineering|kandidat";"und";"56d754babf19455102000984";"";"56d754babf19455102000984";"DTU Department of Biotechnology and Biomedicine";"sorbit";"sorbit";"High-throughput product titer determination of therapeutic glycoproteins by split-GFP|High-throughput bestemmelse af koncentrationen af terapeutiske glycoproteiner ved hjælp af split-GFP"
"";"dtu|dtupub|third_party";"";"2022-01-03T13:11:38.457Z";"Luc, Katarzyna Marta";"";"2292735640";"";"dtu";"2015";"";"";"";"";"thesis";"dtu|dtu_electronic|dtupub|dtupub_electronic";"";"";"";"";"";"";"";"";"";"";"";"";"";"Bæredygtig energi|Master of Science in Engineering|Master of Science in Sustainable Energy|kandidat";"Bæredygtig energi|Master of Science in Engineering|Master of Science in Sustainable Energy|kandidat";"Bæredygtig energi|Master of Science in Engineering|Master of Science in Sustainable Energy|kandidat";"und";"56d754b2bf1945510200048b";"";"56d754b2bf1945510200048b";"DTU Department of Civil Engineering";"sorbit";"sorbit";"Optimal Heat Supply Plan for Low-energy building Area|Optimal varmeforsyningsplan for omrade med lavenergibygninger"
"";"dtu|dtupub|third_party";"";"2022-01-03T13:15:45.594Z";"Andrich, Marine Marie";"";"2292735642";"";"dtu";"2015";"";"";"";"";"thesis";"dtu|dtu_electronic|dtupub_external";"";"";"";"";"";"";"";"";"";"";"";"";"";"Bæredygtig energi|Master of Science in Engineering|Master of Science in Sustainable Energy|kandidat";"Bæredygtig energi|Master of Science in Engineering|Master of Science in Sustainable Energy|kandidat";"Bæredygtig energi|Master of Science in Engineering|Master of Science in Sustainable Energy|kandidat";"und";"56d754b2bf1945510200048a";"";"56d754b2bf1945510200048a";"DTU Department of Civil and Mechanical Engineering";"sorbit";"sorbit";"Analysis of heat transfers when filling or emptying hydrogen storage tanks|Analyse af varmetransmission ved pafyldning eller tømning af brint tanke"
"";"dtu|dtupub|third_party";"";"2022-01-03T13:14:42.508Z";"Kaastrup, Morten Mengel";"";"2292737242";"";"dtu";"2015";"";"";"";"";"thesis";"dtu|dtu_electronic|dtupub_external";"";"";"";"";"";"";"";"";"";"";"";"";"";"Konst. og mekanik|Master of Science in Engineering|Master of Science in Engineering Design and Applied Mechanics|kandidat";"Konst. og mekanik|Master of Science in Engineering|Master of Science in Engineering Design and Applied Mechanics|kandidat";"Konst. og mekanik|Master of Science in Engineering|Master of Science in Engineering Design and Applied Mechanics|kandidat";"und";"56d754babf19455102000933";"";"56d754babf19455102000933";"DTU Department of Civil and Mechanical Engineering";"sorbit";"sorbit";"Optimization of sensor placement in mechanical structures|optimering af sensorpladsering i mekaniske konstruktioner"
"";"dtu|dtupub|third_party";"";"2022-01-03T13:11:25.846Z";"Foverskov, Karoline|Ravnskjær, Line";"";"2292737227";"";"dtu";"2015";"";"";"";"";"thesis";"dtu|dtu_electronic|dtupub_external";"";"";"";"";"";"";"";"";"";"";"";"";"";"Master of Science in Engineering|Master of Science in Mathematical Modelling and Computation|Mat. modellering|kandidat";"Master of Science in Engineering|Master of Science in Mathematical Modelling and Computation|Mat. modellering|kandidat";"Master of Science in Engineering|Master of Science in Mathematical Modelling and Computation|Mat. modellering|kandidat";"und";"56d754babf19455102000920";"";"56d754babf19455102000920";"DTU Department of Technology, Management and Economics";"sorbit";"sorbit";"Planning of Operating Rooms at Rigshospitalet|Planlægning af operationsstuer pa Rigshospitalet"
"In regulated domains, such as nuclear power, a documented justification of safety is demanded for licensing and qualifying systems important to safety. One emerging way of communicating the safety of a complex system in a structured and comprehensive manner is using a safety case. Safety case is understood as a documented body of evidence that provides a convincing and a valid argument that a system is adequately safe for a given application in a given environment. It is one option to give the safety justification the transparency and traceability required by the stakeholders. Because of the amount and complexity of the required material, a practical way of preparing safety cases is to use a software tool. This thesis evaluated software tools for developing a structured safety case for nuclear instrumentation and control systems justification.<br/><br/>For tool evaluation, a set of criteria was done derived from a description of the tool usage environment in the nuclear domain. There is still unestablished terminology in the domain, so the description needed some clarification to its concepts. Main terms were nuclear safety case, safety demonstration and structured safety case. Nuclear safety case was defined as an informal overall term referring to the totality of the safety justification and management material gathered under one ‘case’. Safety demonstration was defined as the part of nuclear safety case, which contains the argumentation connecting the relevant evidence to given safety claims. Structured safety case was defined as a safety demonstration following a presentation of well-defined notation and related standards. It presents the claims, arguments and evidences required to assure the safety of the given system clearly and unambiguously. A development process for the structured safety case was outlined, from which the criteria for planning, structure, data inserting, review and management features were identified for tool evaluation.<br/><br/>A list of safety case tools was gathered from which five tools were selected for further study: Astah GSN, ASCE, NORSTA, ACEdit and D-case Editor. As a result of the tool review, it was concluded that none of the selected tools had good support for the identified requirements. All of the tools had some good features for structure and data inserting. Most lack of support was identified among the features relating to planning, managing and reviewing the safety case. All of the tools also had difficulties with handling the presentation of large systems. Results implicated that the reviewed safety case software tools are not yet ready for large scale industrial use for the justification of instrumentation and control nuclear power plants. For further actions it was recommended to follow the development and continue testing of the current and new software tools.";"dtu|dtupub";"BA1621 AI-aided systems engineering";"2022-03-28T07:11:38.316Z";"Linnosmaa, Joonas";"";"2708546123";"";"dtu";"2016";"";"";"";"";"thesis";"dtu|dtu_electronic|dtupub|dtupub_electronic";"";"";"";"";"";"";"";"";"";"";"";"";"";"Safety case|assurance case|automation|instrumentation & control systems|licensing|nuclear power plant|qualification|safety case tools|safety justification";"Safety case|assurance case|automation|instrumentation & control systems|licensing|nuclear power plant|qualification|safety case tools|safety justification";"Safety case|assurance case|automation|instrumentation & control systems|licensing|nuclear power plant|qualification|safety case tools|safety justification";"eng";"6231fa0304563db6f3b0da8b";"";"6231fa0304563db6f3b0da8b";"Tampere University of Technology";"vtt";"vtt";"Structured safety case tools for nuclear facility automation"
"";"dtu|dtupub|third_party";"";"2022-01-03T13:15:27.665Z";"Jakobsen, Mark Qvistgaard";"";"2292737436";"";"dtu";"2015";"";"";"";"";"thesis";"dtu|dtu_electronic|dtupub|dtupub_electronic";"";"";"";"";"";"";"";"";"";"";"";"";"";"Anvendt kemi|Master of Science in Advanced and Applied Chemistry|Master of Science in Engineering|kandidat";"Anvendt kemi|Master of Science in Advanced and Applied Chemistry|Master of Science in Engineering|kandidat";"Anvendt kemi|Master of Science in Advanced and Applied Chemistry|Master of Science in Engineering|kandidat";"und";"56d754babf194551020009c9";"";"56d754babf194551020009c9";"DTU National Veterinary Institute";"sorbit";"sorbit";"Strategies for convergent synthesis of polylysine dendrimers|Strategier til konvergent syntese af polylysine dendrimerer"
"";"dtu|dtupub|third_party";"";"2022-01-03T13:15:43.164Z";"Mejdahl, Jens Anker";"";"2292737047";"";"dtu";"2015";"";"";"";"";"thesis";"dtu|dtu_electronic|dtupub|dtupub_electronic";"";"";"";"";"";"";"";"";"";"";"";"";"";"Elektrotek.|Master of Science in Electrical Engineering|Master of Science in Engineering|kandidat";"Elektrotek.|Master of Science in Electrical Engineering|Master of Science in Engineering|kandidat";"Elektrotek.|Master of Science in Electrical Engineering|Master of Science in Engineering|kandidat";"und";"56d754b9bf19455102000872";"";"56d754b9bf19455102000872";"DTU Department of Electrical Engineering";"sorbit";"sorbit";"Vision Based Localization in Indoor Environment using Upward Pointing Camera|Indendørs visionbaseret lokalisering med opad pegende kamera"
"";"dtu|dtupub|third_party";"";"2022-01-03T13:09:18.754Z";"Hansen, Jeanette Brender";"";"2292736959";"";"dtu";"2015";"";"";"";"";"thesis";"dtu|dtu_electronic|dtupub|dtupub_electronic";"";"";"";"";"";"";"";"";"";"";"";"";"";"Byggetek.|Master of Science in Civil Engineering|Master of Science in Engineering|kandidat";"Byggetek.|Master of Science in Civil Engineering|Master of Science in Engineering|kandidat";"Byggetek.|Master of Science in Civil Engineering|Master of Science in Engineering|kandidat";"und";"56d754b8bf1945510200082b";"";"56d754b8bf1945510200082b";"DTU Department of Civil Engineering";"sorbit";"sorbit";"SentryGlas Laminated Glass Beams|SentryGlas laminated glass beams"
"";"dtu|dtupub|third_party";"";"2022-01-03T13:11:35.903Z";"Rofalis, Nikolaos";"";"2292736296";"";"dtu";"2015";"";"";"";"";"thesis";"dtu|dtu_electronic|dtupub|dtupub_electronic";"";"";"";"";"";"";"";"";"";"";"";"";"";"Elektrotek.|Master of Science in Electrical Engineering|Master of Science in Engineering|kandidat";"Elektrotek.|Master of Science in Electrical Engineering|Master of Science in Engineering|kandidat";"Elektrotek.|Master of Science in Electrical Engineering|Master of Science in Engineering|kandidat";"und";"56d754b6bf19455102000675";"";"56d754b6bf19455102000675";"DTU Department of Electrical Engineering";"sorbit";"sorbit";"Object Placing Using Computer Vision Based Robotic Arm|Objektplacering med robotarm og computer vision."
"";"dtu|dtupub|third_party";"";"2022-01-03T13:11:38.479Z";"Tejnø, Line Sommermark";"";"2292737004";"";"dtu";"2015";"";"";"";"";"thesis";"dtu|dtu_electronic|dtupub|dtupub_electronic";"";"";"";"";"";"";"";"";"";"";"";"";"";"Byggetek.|Master of Science in Civil Engineering|Master of Science in Engineering|kandidat";"Byggetek.|Master of Science in Civil Engineering|Master of Science in Engineering|kandidat";"Byggetek.|Master of Science in Civil Engineering|Master of Science in Engineering|kandidat";"und";"56d754b9bf19455102000857";"";"56d754b9bf19455102000857";"DTU Department of Civil Engineering";"sorbit";"sorbit";"Assessment of different Methods of Classroom Ventilation|Betydning for elevernes velvære og indlæring af ventilation i klasseværelser"
"";"dtu|dtupub|third_party";"";"2022-01-03T13:11:40.083Z";"Verge, Lea Helene";"";"2292736791";"";"dtu";"2015";"";"";"";"";"thesis";"dtu|dtu_electronic|dtupub_external";"";"";"";"";"";"";"";"";"";"";"";"";"";"Bæredygtig energi|Master of Science in Engineering|Master of Science in Sustainable Energy|kandidat";"Bæredygtig energi|Master of Science in Engineering|Master of Science in Sustainable Energy|kandidat";"Bæredygtig energi|Master of Science in Engineering|Master of Science in Sustainable Energy|kandidat";"und";"56d754b8bf19455102000796";"";"56d754b8bf19455102000796";"DTU Department of Civil and Mechanical Engineering";"sorbit";"sorbit";"Integration And Design Of Ejector For Heat Pump System|Integration og design af ejektorer til varmepumper"
"";"dtu|dtupub|third_party";"";"2022-01-03T13:11:41.452Z";"Nielsen, Søren Peter";"";"2292735477";"";"dtu";"2015";"";"";"";"";"thesis";"dtu|dtu_electronic|dtupub|dtupub_electronic";"";"";"";"";"";"";"";"";"";"";"";"";"";"Bæredygtig energi|Master of Science in Engineering|Master of Science in Sustainable Energy|kandidat";"Bæredygtig energi|Master of Science in Engineering|Master of Science in Sustainable Energy|kandidat";"Bæredygtig energi|Master of Science in Engineering|Master of Science in Sustainable Energy|kandidat";"und";"56d754b1bf194551020003ed";"";"56d754b1bf194551020003ed";"DTU Department of Electrical Engineering";"sorbit";"sorbit";"Modelling and experimental verification of power generation characteristics of different PV technologies under various operation conditions|Modellering og eksperimentel verifikation af produktionskarakteristika af forskellige PV-teknologier under varierende driftsbetingelser"
"";"dtu|dtupub|third_party";"";"2022-01-03T13:15:28.698Z";"Vagt-Andersen, Louise|Høst, Mette";"";"2292737213";"";"dtu";"2015";"";"";"";"";"thesis";"dtu|dtu_electronic|dtupub_external";"";"";"";"";"";"";"";"";"";"";"";"";"";"Design og inn.|Master of Science in Design and Innovation|Master of Science in Engineering|kandidat";"Design og inn.|Master of Science in Design and Innovation|Master of Science in Engineering|kandidat";"Design og inn.|Master of Science in Design and Innovation|Master of Science in Engineering|kandidat";"und";"56d754babf19455102000914";"";"56d754babf19455102000914";"DTU Department of Technology, Management and Economics";"sorbit";"sorbit";"Design of a development model for needle-based drug delivery devices in the pharmaceutical industry|Design af en udviklingsmodel for injektions-baserede apparater til lægemidler"
"";"dtu|dtupub|third_party";"";"2022-01-03T13:15:30.161Z";"Kaiser, Christian Windfeld|Teinby, Benjamin Nicky";"";"2292737540";"";"dtu";"2015";"";"";"";"";"thesis";"dtu|dtu_electronic|dtupub|dtupub_electronic";"";"";"";"";"";"";"";"";"";"";"";"";"";"Design og inn.|Master of Science in Design and Innovation|Master of Science in Engineering|kandidat";"Design og inn.|Master of Science in Design and Innovation|Master of Science in Engineering|kandidat";"Design og inn.|Master of Science in Design and Innovation|Master of Science in Engineering|kandidat";"und";"56d754bbbf19455102000a25";"";"56d754bbbf19455102000a25";"DTU Department of Civil and Mechanical Engineering";"sorbit";"sorbit";"Reducing the Effect of Thermal Expansion on the Position of Optical Components based on a Sensitivity Analysis, a Thermal Study and principles of Robust Design|Reducering af pavirkningen fra termisk udvidelse, pa positionerne af optiske komponenter, baseret pa en sensitivitetsanalyse, en termisk undersøgelse og principper fra Robust Design."
"";"dtu|dtupub|third_party";"";"2022-01-03T13:11:32.197Z";"Møller, Mads";"";"2292735221";"";"dtu";"2015";"";"";"";"";"thesis";"dtu|dtu_electronic|dtupub|dtupub_electronic";"";"";"";"";"";"";"";"";"";"";"";"";"";"Byggetek.|Master of Science in Civil Engineering|Master of Science in Engineering|kandidat";"Byggetek.|Master of Science in Civil Engineering|Master of Science in Engineering|kandidat";"Byggetek.|Master of Science in Civil Engineering|Master of Science in Engineering|kandidat";"und";"56d754afbf19455102000352";"";"56d754afbf19455102000352";"DTU Department of Civil and Mechanical Engineering";"sorbit";"sorbit";"Morphological Development of Skagen sand spit|Morfologisk udvikling af Skagen krum-odde"
"";"dtu|dtupub|third_party";"";"2022-01-03T13:08:06.933Z";"Junqing, Qian";"";"2306718655";"";"dtu";"2016";"";"";"";"";"thesis";"dtu|dtu_electronic|dtupub|dtupub_electronic";"";"";"";"";"";"";"";"";"";"";"";"";"";"Digitale medietek.|Master of Science in Digital Media Engineering|Master of Science in Engineering|kandidat";"Digitale medietek.|Master of Science in Digital Media Engineering|Master of Science in Engineering|kandidat";"Digitale medietek.|Master of Science in Digital Media Engineering|Master of Science in Engineering|kandidat";"und";"5791fcc26bbf232e7000039a";"";"5791fcc26bbf232e7000039a";"DTU Department of Applied Mathematics and Computer Science";"sorbit";"sorbit";"Topic modeling of documents and translators across knowledge domains|Topic modellering af dokumenter og oversættere pa tværs af domæner"
"";"dtu|dtupub|third_party";"";"2022-01-03T13:09:15.785Z";"Christensen, Mette Louise|Trinh, Yen Mai Thi";"";"2306945720";"";"dtu";"2016";"";"";"";"";"thesis";"dtu|dtu_electronic|dtupub|dtupub_electronic";"";"";"";"";"";"";"";"";"";"";"";"";"";"Design og inn.|Master of Science in Design and Innovation|Master of Science in Engineering|kandidat";"Design og inn.|Master of Science in Design and Innovation|Master of Science in Engineering|kandidat";"Design og inn.|Master of Science in Design and Innovation|Master of Science in Engineering|kandidat";"und";"579f2c926bbf232e700018f6";"";"579f2c926bbf232e700018f6";"DTU Department of Technology, Management and Economics";"sorbit";"sorbit";"Designing Through the Senses: The Effect of Influencing Attitude and Behaviour by Means of the Human senses in design|Designe ved brug af sanserne: Effekten af at pavirke indstilling og adfærd via de menneskelige sanser i design."
"";"dtu|dtupub|third_party";"";"2022-01-03T13:07:20.112Z";"Cuenca, Pablo Cuesta";"";"2307051081";"";"dtu";"2016";"";"";"";"";"thesis";"dtu|dtu_electronic|dtupub_external";"";"";"";"";"";"";"";"";"";"";"";"";"";"Bioteknologi|Master of Science in Biotechnology|Master of Science in Engineering|kandidat";"Bioteknologi|Master of Science in Biotechnology|Master of Science in Engineering|kandidat";"Bioteknologi|Master of Science in Biotechnology|Master of Science in Engineering|kandidat";"und";"57a3206e12855c654e000342";"";"57a3206e12855c654e000342";"DTU Department of Biotechnology and Biomedicine";"sorbit";"sorbit";"Development of a Cas1/2-based tool for genetic engineering|Udvikling af et Cas1/2-baserede værktøj til genteknologi"
"";"dtu|dtupub|third_party";"";"2022-01-06T23:53:21.598Z";"Pedersen, Patrick Nicklas";"";"2306312294";"";"dtu";"2016";"";"";"";"";"thesis";"dtu|dtu_electronic|dtupub|dtupub_electronic";"";"";"";"";"";"";"";"";"";"";"";"";"";"Kemisk/biokemisk tek.|Master of Science in Chemical and Biochemical Engineering|Master of Science in Engineering|kandidat";"Kemisk/biokemisk tek.|Master of Science in Chemical and Biochemical Engineering|Master of Science in Engineering|kandidat";"Kemisk/biokemisk tek.|Master of Science in Chemical and Biochemical Engineering|Master of Science in Engineering|kandidat";"und";"577a423b37562d157a0000e4";"";"577a423b37562d157a0000e4";"DTU Department of Chemical and Biochemical Engineering";"sorbit";"sorbit";"NOx in RDF combustion|NOx i RDF forbrænding"
"";"dtu|dtupub|third_party";"";"2022-01-03T13:16:27.829Z";"Zilio, Emanuele";"";"2306921193";"";"dtu";"2016";"";"";"";"";"thesis";"dtu|dtu_electronic|dtupub|dtupub_electronic";"";"";"";"";"";"";"";"";"";"";"";"";"";"Bæredygtig energi|Master of Science in Engineering|Master of Science in Sustainable Energy|kandidat";"Bæredygtig energi|Master of Science in Engineering|Master of Science in Sustainable Energy|kandidat";"Bæredygtig energi|Master of Science in Engineering|Master of Science in Sustainable Energy|kandidat";"und";"579dda476bbf232e700014c3";"";"579dda476bbf232e700014c3";"DTU Department of Civil Engineering";"sorbit";"sorbit";"Analysis of building services systems for flexible operation of buildings in smart city district Nordhavn|Analyse af bygningsinstallationer for fleksibel drift af bygninger i smart city Nordhavn"
"";"dtu|dtupub|third_party";"";"2022-01-06T23:53:55.886Z";"Martínez, Helena Pérez";"";"2321126997";"";"dtu";"2016";"";"";"";"";"thesis";"dtu|dtu_electronic|dtupub|dtupub_electronic";"";"";"";"";"";"";"";"";"";"";"";"";"";"Elektrotek.|Master of Science in Electrical Engineering|Master of Science in Engineering|gæst udl.|kandidat";"Elektrotek.|Master of Science in Electrical Engineering|Master of Science in Engineering|gæst udl.|kandidat";"Elektrotek.|Master of Science in Electrical Engineering|Master of Science in Engineering|gæst udl.|kandidat";"und";"57b1a0bd9baf2b177e00022d";"";"57b1a0bd9baf2b177e00022d";"DTU Department of Electrical Engineering";"sorbit";"sorbit";"Strategic Ramp Offering of a Flexible Producer in the Electricity Market|Strategic Ramp Offering of a Flexible Producer in the Electricity Market"
"";"dtu|dtupub|third_party";"";"2022-01-03T13:06:56.130Z";"Lemaire, Grégory Guillaume";"";"2347782940";"";"dtu";"2016";"";"";"";"";"thesis";"dtu|dtu_electronic|dtupub|dtupub_electronic";"";"";"";"";"";"";"";"";"";"";"";"";"";"Master of Science in Engineering|Master of Science in Environmental Engineering|Miljøteknologi|kandidat";"Master of Science in Engineering|Master of Science in Environmental Engineering|Miljøteknologi|kandidat";"Master of Science in Engineering|Master of Science in Environmental Engineering|Miljøteknologi|kandidat";"und";"58108cc55262fa0f0e000081";"";"58108cc55262fa0f0e000081";"DTU Department of Environmental and Resource Engineering";"sorbit";"sorbit";"Temporal variations of contaminant mass discharge to streams and in-stream mixing effects|Tidslige variationer i indstrømning af forureningsflux til vandløb og opblanding i vandløb"
"";"dtu|dtupub|third_party";"";"2022-01-03T13:12:58.225Z";"Rey, Estelle";"";"2306781598";"";"dtu";"2016";"";"";"";"";"thesis";"dtu|dtu_electronic|dtupub|dtupub_electronic";"";"";"";"";"";"";"";"";"";"";"";"";"";"Master of Science in Engineering|Master of Science in Engineering Management|Planl. innovation og led.|kandidat";"Master of Science in Engineering|Master of Science in Engineering Management|Planl. innovation og led.|kandidat";"Master of Science in Engineering|Master of Science in Engineering Management|Planl. innovation og led.|kandidat";"und";"5795f1a86bbf232e70000b9a";"";"5795f1a86bbf232e70000b9a";"DTU Department of Technology, Management and Economics";"sorbit";"sorbit";"Chute allocation at Copenhagen Airport|Chute allocation at Copenhagen Airport"
"";"dtu|dtupub|third_party";"";"2022-01-03T13:07:57.904Z";"Plauchu, Robin";"";"2342447821";"";"dtu";"2016";"";"";"";"";"thesis";"dtu|dtu_electronic|dtupub_external";"";"";"";"";"";"";"";"";"";"";"";"";"";"Geofysik og rumtek.|Master of Science in Earth and Space Physics and Engineering|Master of Science in Engineering|kandidat";"Geofysik og rumtek.|Master of Science in Earth and Space Physics and Engineering|Master of Science in Engineering|kandidat";"Geofysik og rumtek.|Master of Science in Earth and Space Physics and Engineering|Master of Science in Engineering|kandidat";"und";"57c6b8caabd781272100009b";"";"57c6b8caabd781272100009b";"DTU Department of Electrical Engineering";"sorbit";"sorbit";"Trajectory and performance studies for advanced concepts of launchers|Bane og performance studier for avancerede koncepter til løfteraketter"
"";"dtu|dtupub|third_party";"";"2022-01-03T13:12:52.750Z";"Pedersen, Julie Søs Røn Thorsgaard|Carlsen, David Miles";"";"2305633562";"";"dtu";"2016";"";"";"";"";"thesis";"dtu|dtu_electronic|dtupub|dtupub_electronic";"";"";"";"";"";"";"";"";"";"";"";"";"";"Master of Science in Engineering|Master of Science in Mathematical Modelling and Computation|Mat. modellering|kandidat";"Master of Science in Engineering|Master of Science in Mathematical Modelling and Computation|Mat. modellering|kandidat";"Master of Science in Engineering|Master of Science in Mathematical Modelling and Computation|Mat. modellering|kandidat";"und";"575ea7f1e6f951534a00f5f7";"";"575ea7f1e6f951534a00f5f7";"DTU Department of Technology, Management and Economics";"sorbit";"sorbit";"Line planning of intercity trains|Linjeplanlægning for intercitytog"
"";"dtu|dtupub|third_party";"";"2022-01-03T13:08:19.092Z";"Bro-Rasmussen, Klaus";"";"2342524097";"";"dtu";"2016";"";"";"";"";"thesis";"dtu|dtu_electronic|dtupub|dtupub_electronic";"";"";"";"";"";"";"";"";"";"";"";"";"";"Bæredygtig energi|Master of Science in Engineering|Master of Science in Sustainable Energy|kandidat";"Bæredygtig energi|Master of Science in Engineering|Master of Science in Sustainable Energy|kandidat";"Bæredygtig energi|Master of Science in Engineering|Master of Science in Sustainable Energy|kandidat";"und";"57c80a52abd7812721000110";"";"57c80a52abd7812721000110";"DTU Department of Technology, Management and Economics";"sorbit";"sorbit";"Storage of wind power in the district heating system|Lagring af vind-el i fjernvarmesystemet"
"";"dtu|dtupub|third_party";"";"2022-01-03T13:16:02.618Z";"Ortind, Elma á Geilini";"";"2292734944";"";"dtu";"2015";"";"";"";"";"thesis";"dtu|dtu_electronic|dtupub|dtupub_electronic";"";"";"";"";"";"";"";"";"";"";"";"";"";"Fødevareteknologi|Master of Science in Engineering|Master of Science in Food Technology|kandidat";"Fødevareteknologi|Master of Science in Engineering|Master of Science in Food Technology|kandidat";"Fødevareteknologi|Master of Science in Engineering|Master of Science in Food Technology|kandidat";"und";"56d754aebf19455102000297";"";"56d754aebf19455102000297";"DTU DTU National Food Institute";"sorbit";"sorbit";"Seasonal variations in growth, yield and amino acid profile of sugar kelp (Saccharina latissima) cultivated in a sound in the Faroe Islands|Sæsonmæssig variation i vækst, udbytte og aminosyreprofil for sukkertang (Saccharina latissima) dyrket i et sund pa Færøerne"
"";"dtu|dtupub|third_party";"";"2022-01-03T13:15:47.785Z";"Mortensen, Morten Døssing";"";"2292735406";"";"dtu";"2015";"";"";"";"";"thesis";"dtu|dtu_electronic|dtupub|dtupub_electronic";"";"";"";"";"";"";"";"";"";"";"";"";"";"Konst. og mekanik|Master of Science in Engineering|Master of Science in Engineering Design and Applied Mechanics|kandidat";"Konst. og mekanik|Master of Science in Engineering|Master of Science in Engineering Design and Applied Mechanics|kandidat";"Konst. og mekanik|Master of Science in Engineering|Master of Science in Engineering Design and Applied Mechanics|kandidat";"und";"56d754b0bf194551020003ab";"";"56d754b0bf194551020003ab";"DTU Department of Civil and Mechanical Engineering";"sorbit";"sorbit";"Numerical and Experimental Study of the Flow Past an Impulsively Started Sphere|Numeriske og Eksperimentelle Undersøgelser af Strømning Forbi Impulsivt Startet Kugle"
"";"dtu|dtupub|third_party";"";"2022-01-03T13:15:37.174Z";"Raffaelli, Matteo";"";"2292735296";"";"dtu";"2015";"";"";"";"";"thesis";"dtu|dtu_electronic|dtupub|dtupub_electronic";"";"";"";"";"";"";"";"";"";"";"";"";"";"Byggetek.|Master of Science in Civil Engineering|Master of Science in Engineering|kandidat";"Byggetek.|Master of Science in Civil Engineering|Master of Science in Engineering|kandidat";"Byggetek.|Master of Science in Civil Engineering|Master of Science in Engineering|kandidat";"und";"56d754b0bf1945510200037d";"";"56d754b0bf1945510200037d";"DTU Department of Applied Mathematics and Computer Science";"sorbit";"sorbit";"Quaternions and the geometry of flat ribbons|Quaternions and the geometry of flat ribbons"
"";"dtu|dtupub|third_party";"";"2022-01-03T13:12:29.336Z";"Ma, Nila";"";"2524896216";"";"dtu";"2015";"";"";"";"";"thesis";"dtu|dtu_electronic|dtupub|dtupub_electronic";"";"";"";"";"";"";"";"";"";"";"";"";"";"Master of Science in Engineering|Master of Science in Telecommunication|Telekom.|kandidat";"Master of Science in Engineering|Master of Science in Telecommunication|Telekom.|kandidat";"Master of Science in Engineering|Master of Science in Telecommunication|Telekom.|kandidat";"und";"56d754afbf194551020002f8";"";"56d754afbf194551020002f8";"DTU Department of Electrical and Photonics Engineering";"sorbit";"sorbit";"Software Defined Networking in Heterogenous Radio Access Networks|Software Defined Networking i Heterogene Radio Access Net"