"abstract_ts";"access_ss";"Affiliations";"Timestamp";"Author";"citation_count_i";"ID";"dtu_library_collection_facet";"collection_facet";"Publication Year";"Conference";"DOI";"Editor";"embargo_ssf";"format";"fulltext_availability_facet";"has_openaccess_fulltext_b";"holdings_ssf";"ISBN";"Journal Issue";"journal_issue_tsort";"journal_oa_model_ss";"Journal Page";"journal_page_start_tsort";"Journal Title";"journal_title_facet";"toc_key_s";"Journal Volume";"journal_vol_tsort";"keywords_ts";"keywords_facet";"keywords_normalized";"isolanguage_facet";"member_id_ss";"ORCID";"primary_member_id_s";"Publisher";"Source";"source_all_ss";"Title"
"";"dtu|dtupub|third_party";"";"2022-01-03T13:05:26.740Z";"Hansen, Regitza Cammilla Egegård";"";"2548113242";"";"dtu";"2020";"";"";"";"";"thesis";"dtu|dtu_electronic|dtupub|dtupub_electronic";"";"";"";"";"";"";"";"";"";"";"";"";"";"";"";"";"und";"5ed390ecd9001d01696a457c";"";"5ed390ecd9001d01696a457c";"DTU Department of Civil Engineering";"sorbit";"sorbit";"Efficient Capacity Enhancement of Bridges using Multiple Structural Information Sources (ECEB-MI)|Effektiv kapacitetsopgradering af broer ved anvendelse af adskillige strukturelle informationskilder (ECEB-MI)"
"";"dtu|dtupub|third_party";"";"2022-01-03T13:16:36.728Z";"Sharma, Aditya";"";"2604853602";"";"dtu";"2020";"";"";"";"";"thesis";"dtu|dtu_electronic|dtupub|dtupub_electronic";"";"";"";"";"";"";"";"";"";"";"";"";"";"";"";"";"und";"5f996049d9001d016970fe83";"";"5f996049d9001d016970fe83";"DTU Department of Electrical Engineering";"sorbit";"sorbit";"Digital twin for balancing robot|Digital tvilling for balancerende robot"
"";"dtu|dtupub|third_party";"";"2022-01-03T13:13:22.059Z";"Jensen, Sara Emilie Vestergaard|Karmann, Annika Nørgaard";"";"2595488062";"";"dtu";"2020";"";"";"";"";"thesis";"dtu|dtu_electronic|dtupub_external";"";"";"";"";"";"";"";"";"";"";"";"";"";"";"";"";"und";"5f1eb6bfd9001d016b4e2089";"";"5f1eb6bfd9001d016b4e2089";"DTU Department of Technology, Management and Economics";"sorbit";"sorbit";"Circular Economy Strategies for Lendager Group|Strategi for cirkulær økonomi i Lendager Group"
"";"dtu|dtupub|third_party";"";"2022-01-06T23:56:34.042Z";"Rolsted, Kasper Pryds";"";"2595125572";"";"dtu";"2020";"";"";"";"";"thesis";"dtu|dtu_electronic|dtupub|dtupub_electronic";"";"";"";"";"";"";"";"";"";"";"";"";"";"";"";"";"und";"5f1187b9d9001d016b4e1e53";"";"5f1187b9d9001d016b4e1e53";"DTU Department of Technology, Management and Economics";"sorbit";"sorbit";"Generalized Heteroscedastic Multi-output Censored Gaussian Processes for Demand Prediction|Generalized Heteroscedastic Multi-output Censored Gaussian Processes for Demand Prediction"
"";"dtu|dtupub|third_party";"";"2022-01-03T13:05:28.006Z";"Bilert, Sascha Peter";"";"2599039255";"";"dtu";"2020";"";"";"";"";"thesis";"dtu|dtu_electronic|dtupub|dtupub_electronic";"";"";"";"";"";"";"";"";"";"";"";"";"";"";"";"";"und";"5f804631d9001d0170025906";"";"5f804631d9001d0170025906";"DTU Department of Health Technology";"sorbit";"sorbit";"Decoding attention in real-world listening|Opmærksomhedsafkodning i realistiske lyttescenarier"
"";"dtu|dtupub|third_party";"";"2022-01-03T13:16:34.063Z";"Mølgaard, Nicolai Lauritzen";"";"2604853399";"";"dtu";"2020";"";"";"";"";"thesis";"dtu|dtu_electronic|dtupub_external";"";"";"";"";"";"";"";"";"";"";"";"";"";"";"";"";"und";"5f99603ad9001d016970fe48";"";"5f99603ad9001d016970fe48";"DTU Department of Civil and Mechanical Engineering";"sorbit";"sorbit";"Influence of cold deformation on the mechanical and corrosion properties of austenitic stainless steel|Indflydelse af kold deformation pa de mekaniske egenskaber og korrosion af austenitisk rustfrit stal"
"";"dtu|dtupub|third_party";"";"2022-01-11T08:43:15.824Z";"Buhl, Mikkel Kristoffer";"";"2463100051";"";"dtu";"2019";"";"";"";"";"thesis";"dtu|dtu_electronic|dtupub|dtupub_electronic";"";"";"";"";"";"";"";"";"";"";"";"";"";"";"";"";"und";"5d88a880d9001d016b47bd3d";"";"5d88a880d9001d016b47bd3d";"DTU Department of Applied Mathematics and Computer Science";"sorbit";"sorbit";"Comparison of Visualization Techniques for Self-tracking Data to Facilitate Reflection|Sammenligning af visualiseringsteknikker til self-tracking data for at facilitere refleksion"
"";"dtu|dtupub|third_party";"";"2022-01-03T13:16:35.573Z";"Vestbjerg, Christian";"";"2518334402";"";"dtu";"2020";"";"";"";"";"thesis";"dtu|dtu_electronic|dtupub_external";"";"";"";"";"";"";"";"";"";"";"";"";"";"";"";"";"und";"5e7755fed9001d01712988bd";"";"5e7755fed9001d01712988bd";"DTU Department of Civil and Mechanical Engineering";"sorbit";"sorbit";"Development of Modular Architecture for Cannabinoid Extraction Device|Udvikling af Modulær Arkitektur til Cannabinoidekstraktionsapparat"
"";"dtu|dtupub|third_party";"";"2022-01-06T23:55:13.360Z";"Olsen, Jeppe Johan Waarkjær";"";"2489514652";"";"dtu";"2020";"";"";"";"";"thesis";"dtu|dtu_electronic|dtupub|dtupub_electronic";"";"";"";"";"";"";"";"";"";"";"";"";"";"";"";"";"und";"5e3419a6d9001d01573c1510";"";"5e3419a6d9001d01573c1510";"DTU Department of Applied Mathematics and Computer Science";"sorbit";"sorbit";"Evaluation of contextual molecular representations on predicting structural properties in binarized molecules|Evaluering af kontekstuelle molekylerepræsentationer til forudsigelse af strukturelle egenskaber for binariserede molekyler"
"";"dtu|dtupub|third_party";"";"2022-01-03T13:16:35.777Z";"Jakobsen, Daniel Blankenstejner";"";"2487468778";"";"dtu";"2019";"";"";"";"";"thesis";"dtu|dtu_electronic|dtupub|dtupub_electronic";"";"";"";"";"";"";"";"";"";"";"";"";"";"";"";"";"und";"5e283c13d9001d015654a11d";"";"5e283c13d9001d015654a11d";"DTU Department of Electrical Engineering";"sorbit";"sorbit";"Control of Light Weight Robotic Arm|Styring af letvægts robotarm"
"";"dtu|dtupub|third_party";"";"2022-01-03T13:05:25.384Z";"Serrie, Corentin Gilles Bernard Noel|Hansen, Martin Dariush Rahmatollahi";"";"2508667060";"";"dtu";"2020";"";"";"";"";"thesis";"dtu|dtu_electronic|dtupub|dtupub_electronic";"";"";"";"";"";"";"";"";"";"";"";"";"";"";"";"";"und";"5e6e1b7fd9001d016e432c8f";"";"5e6e1b7fd9001d016e432c8f";"DTU Department of Technology, Management and Economics";"sorbit";"sorbit";"Improving the Game Development Process of Indy Studios via Agile Co-Creation|Improving the Game Development Process of Indy Studios via Agile Co-Creation"
"";"dtu|dtupub|third_party";"";"2022-01-03T13:16:55.526Z";"Gluhovic, Srdjan|Kofoed-Hansen, Johnas";"";"2497546895";"";"dtu";"2020";"";"";"";"";"thesis";"dtu|dtu_electronic|dtupub_external";"";"";"";"";"";"";"";"";"";"";"";"";"";"";"";"";"und";"5e60eca7d9001d016338ace7";"";"5e60eca7d9001d016338ace7";"DTU Department of Technology, Management and Economics";"sorbit";"sorbit";"Effective Communication in Mergers & Acquisitions|Effektiv kommunikation inden for fusioner og erhvervelser"
"";"dtu|dtupub|third_party";"";"2021-12-25T09:01:15.201Z";"Grønne, Tobias Stougaard|Larsen, Mads Dahl";"";"2596670068";"";"dtu";"2020";"";"";"";"";"thesis";"dtu|dtu_electronic|dtupub|dtupub_electronic";"";"";"";"";"";"";"";"";"";"";"";"";"";"";"";"";"und";"5f43a07cd9001d01721d7db3";"";"5f43a07cd9001d01721d7db3";"DTU Department of Electrical Engineering";"sorbit";"sorbit";"Optimal Route Planning and Navigation for Autonomous Track Driving|Optimal ruteplanlægning og navigation til autonom banekørsel"
"";"dtu|dtupub|third_party";"";"2022-01-06T23:55:15.306Z";"Albrechtsen, Christine";"";"2595078584";"";"dtu";"2020";"";"";"";"";"thesis";"dtu|dtu_electronic|dtupub_external";"";"";"";"";"";"";"";"";"";"";"";"";"";"";"";"";"und";"5f103636d9001d016b4e1e38";"";"5f103636d9001d016b4e1e38";"DTU Department of Electrical and Photonics Engineering";"sorbit";"sorbit";"Development of Wired Fog Communication Architecture|Development of Wired Fog Communication Architecture"
"";"dtu|dtupub|third_party";"";"2022-01-03T13:16:17.024Z";"Walch, Florian";"";"2595588489";"";"dtu";"2020";"";"";"";"";"thesis";"dtu|dtu_electronic|dtupub_external";"";"";"";"";"";"";"";"";"";"";"";"";"";"";"";"";"und";"5f200857d9001d016b4e216c";"";"5f200857d9001d016b4e216c";"DTU Department of Chemistry";"sorbit";"sorbit";"Experimental investigation on the kinetics of glycolaldehyde conversion to MVG over the zeotype Sn-Beta|Kinetisk undersøgelse af katalytisk glycolaldehydkonvertering med zeotype Sn-Beta"
"";"dtu|dtupub|third_party";"";"2022-01-03T13:16:56.779Z";"Jensen, Sofia Krüger";"";"2594465493";"";"dtu";"2020";"";"";"";"";"thesis";"dtu|dtu_electronic|dtupub_external";"";"";"";"";"";"";"";"";"";"";"";"";"";"";"";"";"und";"5eff12c9d9001d0169116fa8";"";"5eff12c9d9001d0169116fa8";"DTU DTU National Food Institute";"sorbit";"sorbit";"Explore additional cell health markers in an in vitro cytotoxicity HCS assay to improve the predictivity of DILI|Optimering af markører for cytotoksicitet i leverceller vha. High Content Imaging for at forbedre forudsigelse af lægemiddel-inducerede leverskader"
"";"dtu|dtupub|third_party";"";"2022-01-06T23:55:16.927Z";"Nguetsop, Patricia Jieugang";"";"2606951415";"";"dtu";"2020";"";"";"";"";"thesis";"dtu|dtu_electronic|dtupub_external";"";"";"";"";"";"";"";"";"";"";"";"";"";"";"";"";"und";"5fc4e1bfd9001d017b593372";"";"5fc4e1bfd9001d017b593372";"DTU Department of Biotechnology and Biomedicine";"sorbit";"sorbit";"Diet modifications and its effect on microbial composition in an in vitro gut fermenter|Kostændringer og deres virkning pa den mikrobielle sammensætning i en in vitro-tarmfermenter"
"";"dtu|dtupub|third_party";"";"2022-01-03T13:13:32.913Z";"Milanovic, Nikola";"";"2495324789";"";"dtu";"2020";"";"";"";"";"thesis";"dtu|dtu_electronic|dtupub_external";"";"";"";"";"";"";"";"";"";"";"";"";"";"";"";"";"und";"5e4bd47fd9001d2ceb5bbacd";"";"5e4bd47fd9001d2ceb5bbacd";"DTU Department of Environmental and Resource Engineering";"sorbit";"sorbit";"Long-term model-based evaluation of Model Predictive Control at Kolding WRRF – Linking wastewater treatment, energy costs, and environmental impact|Modelbaseret langtidsevaluering af Model Prædiktiv Styring pa Kolding Renseanlæg – Kobling af spildevandsrensning, energiomkostninger og miljøpavirkning."
"";"dtu|dtupub|third_party";"";"2022-01-03T13:13:42.176Z";"Jensen, Malte Engmann Kjeldskov";"";"2511701152";"";"dtu";"2020";"";"";"";"";"thesis";"dtu|dtu_electronic|dtupub|dtupub_electronic";"";"";"";"";"";"";"";"";"";"";"";"";"";"";"";"";"und";"5e70be82d9001d0171298888";"";"5e70be82d9001d0171298888";"DTU Department of Health Technology";"sorbit";"sorbit";"Ambient room sound as a predictor of sleep apnea|Respiratorisk lyd i rum som prædiktor for søvnapnø"
"";"dtu|dtupub|third_party";"";"2022-01-06T23:54:31.526Z";"Yu, Emilie Xiang-Tian";"";"2597117785";"";"dtu";"2020";"";"";"";"";"thesis";"dtu|dtu_electronic|dtupub|dtupub_electronic";"";"";"";"";"";"";"";"";"";"";"";"";"";"";"";"";"und";"5f50cf79d9001d01694aafb9";"";"5f50cf79d9001d01694aafb9";"DTU Department of Applied Mathematics and Computer Science";"sorbit";"sorbit";"Interactive 3D Curve Sketching in Virtual Reality|Interaktiv skitsering af 3D kurver i virtual reality"
"";"dtu|dtupub|third_party";"";"2022-01-06T23:55:10.502Z";"Martín, Laura Montero";"";"2451314125";"";"dtu";"2019";"";"";"";"";"thesis";"dtu|dtu_electronic|dtupub|dtupub_electronic";"";"";"";"";"";"";"";"";"";"";"";"";"";"";"";"";"und";"5d4ab1e4d9001d1f8a6c4197";"";"5d4ab1e4d9001d1f8a6c4197";"DTU Department of Electrical and Photonics Engineering";"sorbit";"sorbit";"Hardware Accelerated Machine Learning Training|Hardware Accelereret Machine Learning Træning"
"";"dtu|dtupub|third_party";"";"2022-01-03T13:13:23.114Z";"Ledur, Sylvain";"";"2596766043";"";"dtu";"2020";"";"";"";"";"thesis";"dtu|dtu_electronic|dtupub_external";"";"";"";"";"";"";"";"";"";"";"";"";"";"";"";"";"und";"5f464388d9001d01721d7e18";"";"5f464388d9001d01721d7e18";"DTU Department of Electrical Engineering";"sorbit";"sorbit";"Price-only trading strategies for assets in pay-as-bid balancing markets|Price-only trading strategies for assets in pay-as-bid balancing markets"
"";"dtu|dtupub|third_party";"";"2022-01-03T13:05:21.242Z";"Mancari, Carlo";"";"2451314126";"";"dtu";"2019";"";"";"";"";"thesis";"dtu|dtu_electronic|dtupub|dtupub_electronic";"";"";"";"";"";"";"";"";"";"";"";"";"";"";"";"";"und";"5d4ab1e5d9001d1f8a6c419a";"";"5d4ab1e5d9001d1f8a6c419a";"DTU Department of Civil Engineering";"sorbit";"sorbit";"Sustainable design and operation of residential buildings. An integrated approach towards energy efficiency and thermal comfort for housing in heating dominated climates|Bæredygtig design og drift af boliger. En integreret metode til bedre energieffektivitet og komfort i klimazoner domineret af opvarmningsbehov."
"";"dtu|dtupub|third_party";"";"2022-01-03T13:16:34.004Z";"Borrison, Justin";"";"2451028614";"";"dtu";"2019";"";"";"";"";"thesis";"dtu|dtu_electronic|dtupub_external";"";"";"";"";"";"";"";"";"";"";"";"";"";"";"";"";"und";"5d3d8315d9001d32f558c0cf";"";"5d3d8315d9001d32f558c0cf";"DTU Department of Environmental and Resource Engineering";"sorbit";"sorbit";"Optimization of growth (medium, temperature, pH and dissolved oxygen (DO) control) and expression conditions for the production of selected aquaporins in S. cerevisiae|Optimering af ekspressions-betingelser (medium, temperatur, pH m.m.) for produktion af udvalgte aquaporiner i S. Cerevisiae"
"";"dtu|dtupub|third_party";"";"2022-01-03T13:13:18.175Z";"Søborg, Nicolai";"";"2451139200";"";"dtu";"2019";"";"";"";"";"thesis";"dtu|dtu_electronic|dtupub_external";"";"";"";"";"";"";"";"";"";"";"";"";"";"";"";"";"und";"5d417767d9001d32f558c389";"";"5d417767d9001d32f558c389";"DTU Department of Applied Mathematics and Computer Science";"sorbit";"sorbit";"Analyzing the security of IoT devices|Analyse af sikkerheden i internet forbundne enheder"
"";"dtu|dtupub|third_party";"";"2022-01-03T13:16:33.198Z";"Trilyraki, Aikaterini";"";"2449259844";"";"dtu";"2019";"";"";"";"";"thesis";"dtu|dtu_electronic|dtupub|dtupub_electronic";"";"";"";"";"";"";"";"";"";"";"";"";"";"";"";"";"und";"5d022f64d9001d010a45c02d";"";"5d022f64d9001d010a45c02d";"DTU Department of Micro- and Nanotechnology";"sorbit";"sorbit";"Optimizing visualization of 3D printed organoids|Optimeret visualisering af 3D printede organoider"
"";"dtu|dtupub|third_party";"";"2022-01-06T23:56:31.071Z";"Douglas, Jesper Riis";"";"2453337552";"";"dtu";"2019";"";"";"";"";"thesis";"dtu|dtu_electronic|dtupub|dtupub_electronic";"";"";"";"";"";"";"";"";"";"";"";"";"";"";"";"";"und";"5d6e4a87d9001d66e80217f7";"";"5d6e4a87d9001d66e80217f7";"DTU Department of Applied Mathematics and Computer Science";"sorbit";"sorbit";"Analysis of Integers|Analyse af integers"
"";"dtu|dtupub|third_party";"";"2022-01-03T13:16:59.111Z";"Hüttel, Frederik Boe";"";"2596832138";"";"dtu";"2020";"";"";"";"";"thesis";"dtu|dtu_electronic|dtupub|dtupub_electronic";"";"";"";"";"";"";"";"";"";"";"";"";"";"";"";"";"und";"5f48e685d9001d01721d7e8e";"";"5f48e685d9001d01721d7e8e";"DTU Department of Applied Mathematics and Computer Science";"sorbit";"sorbit";"Exoplanetisk Spectra analyse - En dyb lærings tilgang|Exoplanetary Spectra analysis - A deep learning approach"
"";"dtu|dtupub|third_party";"";"2022-01-06T23:55:17.951Z";"Vang, Filip Birkmose";"";"2612006816";"";"dtu";"2020";"";"";"";"";"thesis";"dtu|dtu_electronic|dtupub_external";"";"";"";"";"";"";"";"";"";"";"";"";"";"";"";"";"und";"601941add9001d017146d2a1";"";"601941add9001d017146d2a1";"DTU Department of Technology, Management and Economics";"sorbit";"sorbit";"Stochastic simulation of travel time reliability for city busses in operation|Stokastisk simulation af rejsetidspalidelighed for bybusser i rute"
"";"dtu|dtupub|third_party";"";"2022-01-03T13:13:42.204Z";"Kristensen, Jakob Øvli";"";"2499453145";"";"dtu";"2020";"";"";"";"";"thesis";"dtu|dtu_electronic|dtupub_external";"";"";"";"";"";"";"";"";"";"";"";"";"";"";"";"";"und";"5e623e0fd9001d018609a0e8";"";"5e623e0fd9001d018609a0e8";"DTU Department of Technology, Management and Economics";"sorbit";"sorbit";"Real-time recovery planning in home health care|Automatisk genopretning af kørselsplaner for hjemmeplejen"
"";"dtu|dtupub|third_party";"";"2022-01-06T23:54:30.148Z";"Daraaoui, Mohamed Nabil";"";"2595680971";"";"dtu";"2020";"";"";"";"";"thesis";"dtu|dtu_electronic|dtupub_external";"";"";"";"";"";"";"";"";"";"";"";"";"";"";"";"";"und";"5f23fcacd9001d016b4e2269";"";"5f23fcacd9001d016b4e2269";"DTU Department of Electrical Engineering";"sorbit";"sorbit";"Sensor Based Indoor Navigation for Mobile Robot|Sensorbaseret indendørs navigation til mobil robot"
"";"dtu|dtupub|third_party";"";"2022-01-03T13:16:36.065Z";"Kumar, Rajat";"";"2598443282";"";"dtu";"2020";"";"";"";"";"thesis";"dtu|dtu_electronic|dtupub|dtupub_electronic";"";"";"";"";"";"";"";"";"";"";"";"";"";"";"";"";"und";"5f7457d4d9001d5518098afe";"";"5f7457d4d9001d5518098afe";"DTU Department of Civil Engineering";"sorbit";"sorbit";"Decoupling materials for a new role in building design|Decoupling materials for a new role in building design"
"";"dtu|dtupub|third_party";"";"2022-01-03T13:13:18.106Z";"Kudahl, Manja Marie";"";"2450876373";"";"dtu";"2019";"";"";"";"";"thesis";"dtu|dtu_electronic|dtupub|dtupub_electronic";"";"";"";"";"";"";"";"";"";"";"";"";"";"";"";"";"und";"5d34488fd9001d016b24698d";"";"5d34488fd9001d016b24698d";"DTU National Institute of Aquatic Resources";"sorbit";"sorbit";"Vulnerability assessment of European fisheries to climate change|Analyse af Europas fiskeris sarbarhed over for klimaændringer."
"";"dtu|dtupub|third_party";"";"2022-01-03T13:16:38.324Z";"Seidelin, Tina Kauffmann";"";"2497547298";"";"dtu";"2020";"";"";"";"";"thesis";"dtu|dtu_electronic|dtupub_external";"";"";"";"";"";"";"";"";"";"";"";"";"";"";"";"";"und";"5e60ecb9d9001d016338ad37";"";"5e60ecb9d9001d016338ad37";"DTU Department of Health Technology";"sorbit";"sorbit";"Evaluation of anti-metastatic properties of a sustained intratumoral immune stimulation technology in spontaneous murine metastasis models|Evaluering af anti-metastase egenskaber ved en vedvarende intratumoral immunstimulerende teknologi i spontane metastatiske musemodeller"
"";"dtu|dtupub|third_party";"";"2022-01-11T08:43:18.394Z";"Fredriksson, Fanny Cornelia";"";"2595004879";"";"dtu";"2020";"";"";"";"";"thesis";"dtu|dtu_electronic|dtupub_external";"";"";"";"";"";"";"";"";"";"";"";"";"";"";"";"";"und";"5f0d9334d9001d016b4e1de5";"";"5f0d9334d9001d016b4e1de5";"DTU Department of Applied Mathematics and Computer Science";"sorbit";"sorbit";"Resting state EEG in computational psychiatry|Psykiatrisk modellering baseret pa hvile-EEG"
"";"dtu|dtupub|third_party";"";"2022-01-06T23:54:27.378Z";"Monjezi, Sanna";"";"2507582841";"";"dtu";"2020";"";"";"";"";"thesis";"dtu|dtu_electronic|dtupub_external";"";"";"";"";"";"";"";"";"";"";"";"";"";"";"";"";"und";"5e6cca02d9001d016e432c81";"";"5e6cca02d9001d016e432c81";"DTU Department of Technology, Management and Economics";"sorbit";"sorbit";"Optimization of Standard Operating Procedures in Energinet|Optimering af standardiseringsprocesser i Energinet"
"";"dtu|dtupub|third_party";"";"2022-01-03T13:05:18.590Z";"Nordstrøm, Bendik Odland";"";"2453314484";"";"dtu";"2019";"";"";"";"";"thesis";"dtu|dtu_electronic|dtupub|dtupub_electronic";"";"";"";"";"";"";"";"";"";"";"";"";"";"";"";"";"und";"5d6ba773d9001d452b768651";"";"5d6ba773d9001d452b768651";"DTU Department of Environmental and Resource Engineering";"sorbit";"sorbit";"Modeling Carbon and Water fluxes using spectral data from Unmanned Aerial Systems (UAS) in a commercial agricultural farm|Modeling Carbon and Water fluxes using spectral data from Unmanned Aerial Systems (UAS) in a commercial agricultural farm"
"";"dtu|dtupub|third_party";"";"2022-01-06T23:54:28.961Z";"Manke, Gregor Gabriel";"";"2595488080";"";"dtu";"2020";"";"";"";"";"thesis";"dtu|dtu_electronic|dtupub_external";"";"";"";"";"";"";"";"";"";"";"";"";"";"";"";"";"und";"5f1eb6c3d9001d016b4e20a9";"";"5f1eb6c3d9001d016b4e20a9";"DTU Department of Civil and Mechanical Engineering";"sorbit";"sorbit";"ETO Product Modelling|ETO produktmodellering"
"";"dtu|dtupub|third_party";"";"2022-01-03T13:13:22.354Z";"Girardini, Eleonora";"";"2595776949";"";"dtu";"2020";"";"";"";"";"thesis";"dtu|dtu_electronic|dtupub|dtupub_electronic";"";"";"";"";"";"";"";"";"";"";"";"";"";"";"";"";"und";"5f27f159d9001d016b4e2375";"";"5f27f159d9001d016b4e2375";"DTU Department of Applied Mathematics and Computer Science";"sorbit";"sorbit";"Algorithms for the Study and Analysis of Human Mobility from Mobile Phone Location Data|Algoritmer til Studie og Analyse af Menneskelig Mobolitet fra Mobil Telefon Lokations Data"
"";"dtu|dtupub|third_party";"";"2022-01-03T13:16:35.942Z";"Traore, Sibien Youssouf";"";"2595588550";"";"dtu";"2020";"";"";"";"";"thesis";"dtu|dtu_electronic|dtupub|dtupub_electronic";"";"";"";"";"";"";"";"";"";"";"";"";"";"";"";"";"und";"5f20085ed9001d016b4e2187";"";"5f20085ed9001d016b4e2187";"DTU Department of Technology, Management and Economics";"sorbit";"sorbit";"BUSINESS MODEL DEVELOPMENT FOR SENSORY DEVICE USED IN EPILEPSY TREATMENT|FORRETNINGSMODELUDVIKLING FOR SENSORS TIL EPILEPSI BEHANDLING"
"";"dtu|dtupub|third_party";"";"2022-01-03T13:13:37.799Z";"Olsen, Tim Felle";"";"2444215424";"";"dtu";"2019";"";"";"";"";"thesis";"dtu|dtu_electronic|dtupub|dtupub_electronic";"";"";"";"";"";"";"";"";"";"";"";"";"";"";"";"";"und";"5c752d43d9001d016d4b58d5";"";"5c752d43d9001d016d4b58d5";"DTU Department of Applied Mathematics and Computer Science";"sorbit";"sorbit";"Point Cloud Registration and Procedures for Optical Acquisition|Registrering af punktskyer og procedurer for optisk scanning af 3D objekter"
"";"dtu|dtupub|third_party";"";"2022-01-06T23:55:06.974Z";"Melchiorsen, Rikke Fli";"";"2446276394";"";"dtu";"2019";"";"";"";"";"thesis";"dtu|dtu_electronic|dtupub|dtupub_electronic";"";"";"";"";"";"";"";"";"";"";"";"";"";"";"";"";"und";"5cb5b869d9001d016b475ad4";"";"5cb5b869d9001d016b475ad4";"DTU Department of Biotechnology and Biomedicine";"sorbit";"sorbit";"Regulation of Immune cell function by Short chain Fatty acids (SCFA)|Regulering af immuncelle funktion ved korte fedtsyrekæder (SCFA)"
"";"dtu|dtupub|third_party";"";"2022-01-03T13:05:22.456Z";"Cisse, Aminata Marie Madeleine";"";"2463232533";"";"dtu";"2019";"";"";"";"";"thesis";"dtu|dtu_electronic|dtupub|dtupub_electronic";"";"";"";"";"";"";"";"";"";"";"";"";"";"";"";"";"und";"5d8b4b82d9001d016b47bd5e";"";"5d8b4b82d9001d016b47bd5e";"DTU Department of Technology, Management and Economics";"sorbit";"sorbit";"Techno-economic assessment of renewable energy options for rural electrification in Senegal|Tekno-økonomisk vurdering af muligheder for vedvarende energi til elektrificering i landdistrikter i Senegal"
"";"dtu|dtupub|third_party";"";"2022-01-06T23:56:30.612Z";"Jensdottir, Thorhildur";"";"2450772836";"";"dtu";"2019";"";"";"";"";"thesis";"dtu|dtu_electronic|dtupub|dtupub_electronic";"";"";"";"";"";"";"";"";"";"";"";"";"";"";"";"";"und";"5d2db0e3d9001d018a23348c";"";"5d2db0e3d9001d018a23348c";"DTU Department of Applied Mathematics and Computer Science";"sorbit";"sorbit";"Exploration, Exploitation, and Mobility in High Resolution Behavioral Data|Analyse af Udforskning, Udnyttelse, og Bevægelsesmønstre i Detaljerede Adfærdsdata"
"";"dtu|dtupub|third_party";"";"2022-01-03T13:16:34.029Z";"Blöndal, Brynja Rut";"";"2451028630";"";"dtu";"2019";"";"";"";"";"thesis";"dtu|dtu_electronic|dtupub_external";"";"";"";"";"";"";"";"";"";"";"";"";"";"";"";"";"und";"5d3d8327d9001d32f558c0fa";"";"5d3d8327d9001d32f558c0fa";"DTU Department of Technology, Management and Economics";"sorbit";"sorbit";"Supply Chain Performance|Supply Chain Performance"
"";"dtu|dtupub|third_party";"";"2022-01-03T13:13:18.989Z";"Jensen, Nicolai Dige";"";"2595078583";"";"dtu";"2020";"";"";"";"";"thesis";"dtu|dtu_electronic|dtupub|dtupub_electronic";"";"";"";"";"";"";"";"";"";"";"";"";"";"";"";"";"und";"5f103636d9001d016b4e1e37";"";"5f103636d9001d016b4e1e37";"DTU Department of Environmental and Resource Engineering";"sorbit";"sorbit";"Virtual Forestry: Analysis of microclimate, crown structure, and growth conditions using a three-dimensional biophysical forest model|Virtuelt Skovbrug: Analyse af mikroklima, kronestruktur og vækstbetingelser ved brug af en 3-dimensionel biofysisk skovmodel"
"";"dtu|dtupub|third_party";"";"2022-01-03T13:05:40.114Z";"Strømsted, Astrid Kirsten";"";"2445823372";"";"dtu";"2019";"";"";"";"";"thesis";"dtu|dtu_electronic|dtupub|dtupub_electronic";"";"";"";"";"";"";"";"";"";"";"";"";"";"";"";"";"und";"5caf2a09d9001d01a64243b0";"";"5caf2a09d9001d01a64243b0";"DTU DTU National Food Institute";"sorbit";"sorbit";"Characterisation of thermal animal bone processing for soup stock production|Karakterisering af fremstillingen af suppe fond baseret pa dyreknogler"
"";"dtu|dtupub|third_party";"";"2022-01-03T13:05:52.039Z";"Rusborg, Rebecca Borum";"";"2611507653";"";"dtu";"2020";"";"";"";"";"thesis";"dtu|dtu_electronic|dtupub|dtupub_electronic";"";"";"";"";"";"";"";"";"";"";"";"";"";"";"";"";"und";"60096f9dd9001d01710d6e38";"";"60096f9dd9001d01710d6e38";"DTU Department of Health Technology";"sorbit";"sorbit";"Data driven analysis of nocturnal instability and arousability in patients with primary|Data drevet analyse af natlig ustabilitet og opvagninger hos patienter med primær søvnløshed"
"";"dtu|dtupub|third_party";"";"2022-01-03T13:05:46.844Z";"Gjelstrup, Frederik Koefoed";"";"2452634759";"";"dtu";"2019";"";"";"";"";"thesis";"dtu|dtu_electronic|dtupub_external";"";"";"";"";"";"";"";"";"";"";"";"";"";"";"";"";"und";"5d553deed9001d05d7613ab5";"";"5d553deed9001d05d7613ab5";"DTU Department of Space Research and Space Technology";"sorbit";"sorbit";"Advanced modulation schemes for CW radar|Avancerede modulationsformer for CW radar"
"";"dtu|dtupub|third_party";"";"2022-01-03T13:05:54.592Z";"Hussain, Javaid";"";"2598443197";"";"dtu";"2020";"";"";"";"";"thesis";"dtu|dtu_electronic|dtupub_external";"";"";"";"";"";"";"";"";"";"";"";"";"";"";"";"";"und";"5f744536d9001d5518098ac4";"";"5f744536d9001d5518098ac4";"DTU Department of Chemical and Biochemical Engineering";"sorbit";"sorbit";"Design of WFI-system|Design af WFI-system"
"";"dtu|dtupub|third_party";"";"2022-01-03T13:13:16.868Z";"Olsen, Julius Pallisgaard";"";"2444441683";"";"dtu";"2019";"";"";"";"";"thesis";"dtu|dtu_electronic|dtupub|dtupub_electronic";"";"";"";"";"";"";"";"";"";"";"";"";"";"";"";"";"und";"5c865098d9001d016f5dc398";"";"5c865098d9001d016f5dc398";"DTU Department of Space Research and Space Technology";"sorbit";"sorbit";"Time-resolved spectral analyses of thermonuclear X-ray bursts observed by INTEGRAL/JEM-X|Tidsopdelt spektrale analyser af termonukleare X-ray bursts observeret af INTEGRAL/JEM-X"
"";"dtu|dtupub|third_party";"";"2022-01-03T13:05:13.177Z";"Rønsbro, Kristoffer";"";"2450542274";"";"dtu";"2019";"";"";"";"";"thesis";"dtu|dtu_electronic|dtupub|dtupub_electronic";"";"";"";"";"";"";"";"";"";"";"";"";"";"";"";"";"und";"5d21d368d9001d2d454f0551";"";"5d21d368d9001d2d454f0551";"DTU Department of Chemical and Biochemical Engineering";"sorbit";"sorbit";"Experimental determination and modelling of reaction kinetics for condensation curing silicone coatings|Eksperimentel bestemmelse og modellering af reaktionskinetik for kondensationshærdende silikone coatings"
"";"dtu|dtupub|third_party";"";"2022-01-03T13:13:19.006Z";"Støvring, Nicolai";"";"2497103993";"";"dtu";"2020";"";"";"";"";"thesis";"dtu|dtu_electronic|dtupub|dtupub_electronic";"";"";"";"";"";"";"";"";"";"";"";"";"";"";"";"";"und";"5e5cf81bd9001d01632c006c";"";"5e5cf81bd9001d01632c006c";"DTU Department of Health Technology";"sorbit";"sorbit";"Design, Fabrication, and Characterization of Capacitive Micromachined Ultrasound Transducers (CMUTs) for Laparoscopy|Design, fabrikation, og karakterisering af Capacitive Mikrofremstillede ultralyds transducere (CMUTs) til Laparoskopi"
"";"dtu|dtupub|third_party";"";"2022-01-03T13:13:22.158Z";"Hernandez, Susana Patricia Amaya";"";"2597481371";"";"dtu";"2020";"";"";"";"";"thesis";"dtu|dtu_electronic|dtupub|dtupub_electronic";"";"";"";"";"";"";"";"";"";"";"";"";"";"";"";"";"und";"5f5f4ffcd9001d01706cbcdd";"";"5f5f4ffcd9001d01706cbcdd";"DTU Department of Health Technology";"sorbit";"sorbit";"Development and validation of novel disulfide-stabilized MHC class I molecules for T cell identification|Udvikling og validering af nye disulfid stabiliserede MHC klasse I molekyler til T celle identifikation"
"";"dtu|dtupub|third_party";"";"2022-01-03T13:13:17.863Z";"Panousi, Maria|Fotis, Athanasios";"";"2595949370";"";"dtu";"2020";"";"";"";"";"thesis";"dtu|dtu_electronic|dtupub_external";"";"";"";"";"";"";"";"";"";"";"";"";"";"";"";"";"und";"5f2be5aad9001d016b4e23ab";"";"5f2be5aad9001d016b4e23ab";"DTU Department of Technology, Management and Economics";"sorbit";"sorbit";"Decision support framework for preliminary assessment of alternative fuels in international shipping|Beslutningsstøttesystem for indledende vurderinger af alternative brændstoffer til international skibsfart"
"";"dtu|dtupub|third_party";"";"2022-01-03T13:16:35.922Z";"Schødt, Frederik Sofus|Nielsen, Rasmus Esbjørn";"";"2595308565";"";"dtu";"2020";"";"";"";"";"thesis";"dtu|dtu_electronic|dtupub_external";"";"";"";"";"";"";"";"";"";"";"";"";"";"";"";"";"und";"5f16cdb7d9001d016b4e1f0e";"";"5f16cdb7d9001d016b4e1f0e";"DTU Department of Electrical Engineering";"sorbit";"sorbit";"Semantic Segmentation using Synthetic Data for Quality Inspection|Semantic Segmentation using Synthetic Data for Quality Inspection"
"";"dtu|dtupub|third_party";"";"2022-01-03T13:13:22.229Z";"Benediktsdóttir, Brynja";"";"2595757662";"";"dtu";"2020";"";"";"";"";"thesis";"dtu|dtu_electronic|dtupub|dtupub_electronic";"";"";"";"";"";"";"";"";"";"";"";"";"";"";"";"";"und";"5f269faad9001d016b4e22c5";"";"5f269faad9001d016b4e22c5";"DTU Department of Civil Engineering";"sorbit";"sorbit";"Modeling of heterogeneous pedestrian flows during evacuation - a comparative analysis using different numerical models|Modellering af heterogene fodgængerstrømme under evakuering - en komparativ analyse af dfferente numeriske modeller"
"";"dtu|dtupub|third_party";"";"2022-01-03T13:13:19.609Z";"Christensen, Keld Boje";"";"2494957865";"";"dtu";"2020";"";"";"";"";"thesis";"dtu|dtu_electronic|dtupub|dtupub_electronic";"";"";"";"";"";"";"";"";"";"";"";"";"";"";"";"";"und";"5e453d0dd9001d015a0280d3";"";"5e453d0dd9001d015a0280d3";"DTU Department of Civil and Mechanical Engineering";"sorbit";"sorbit";"Numerical and experimental investigation of simple and optimized infill structures for buckling strength|Numerisk og eksperimentel undersøgelse af enkle og optimerede udfyldningsstrukturer for sikkerhed mod buling"
"";"dtu|dtupub|third_party";"";"2022-01-03T13:13:21.732Z";"Hureau, Fantine Laure Anne-Sophie";"";"2596670083";"";"dtu";"2020";"";"";"";"";"thesis";"dtu|dtu_electronic|dtupub|dtupub_electronic";"";"";"";"";"";"";"";"";"";"";"";"";"";"";"";"";"und";"5f43a080d9001d01721d7dc1";"";"5f43a080d9001d01721d7dc1";"DTU Department of Environmental and Resource Engineering";"sorbit";"sorbit";"Hydroeconomic analysis of infrastructure investment options within the water-energy-food nexus in the Niger River basin|Hydroøkonomisk analyse af infrastrukturinvesteringsmuligheder inden for water-energy-food nexus i Niger flodbasinet"
"";"dtu|dtupub|third_party";"";"2022-01-03T13:13:21.996Z";"Blanco, Daniela Ramos";"";"2597481373";"";"dtu";"2020";"";"";"";"";"thesis";"dtu|dtu_electronic|dtupub|dtupub_electronic";"";"";"";"";"";"";"";"";"";"";"";"";"";"";"";"";"und";"5f5f4ffdd9001d01706cbce3";"";"5f5f4ffdd9001d01706cbce3";"DTU Department of Physics";"sorbit";"sorbit";"Synthesis, Characterization, and Testing of Atomic Overlayer Electrocatalysts for CO and CO2 Reduction|Syntese, karakterisering og aktivitetsmaling af elektrokatalysatorer med atomare overlag til CO og CO2 reduktion."
"";"dtu|dtupub|third_party";"";"2022-01-03T13:13:23.265Z";"Gallagher, Ruairi James";"";"2596859494";"";"dtu";"2020";"";"";"";"";"thesis";"dtu|dtu_electronic|dtupub|dtupub_electronic";"";"";"";"";"";"";"";"";"";"";"";"";"";"";"";"";"und";"5f4a37fed9001d01721d7e9f";"";"5f4a37fed9001d01721d7e9f";"DTU National Institute of Aquatic Resources";"sorbit";"sorbit";"Acoustic data mining to characterise fish school formation in response to environmental drivers|Akustisk data mining til karakterisering af fiskestimedannelse og afhængighed af vandkvalitetsparametre"
"";"dtu|dtupub|third_party";"";"2022-01-03T13:05:44.007Z";"Turan, Timur|Ozcan, Mikail";"";"2451028660";"";"dtu";"2019";"";"";"";"";"thesis";"dtu|dtu_electronic|dtupub|dtupub_electronic";"";"";"";"";"";"";"";"";"";"";"";"";"";"";"";"";"und";"5d3d834bd9001d32f558c149";"";"5d3d834bd9001d32f558c149";"DTU Department of Wind and Energy Systems";"sorbit";"sorbit";"Repowering of wind turbines in Odsherred Municipality|Udskiftning af vindmøller i Odsherred kommune"
"";"dtu|dtupub|third_party";"";"2022-01-03T13:16:32.576Z";"Castera, Odei Barcos";"";"2451028653";"";"dtu";"2019";"";"";"";"";"thesis";"dtu|dtu_electronic|dtupub|dtupub_electronic";"";"";"";"";"";"";"";"";"";"";"";"";"";"";"";"";"und";"5d3d8341d9001d32f558c131";"";"5d3d8341d9001d32f558c131";"DTU Department of Space Research and Space Technology";"sorbit";"sorbit";"Correction of ionospheric propagation effects in Synthetic Aperture Radar ground motion measurements|Correction of ionospheric propagation effects in Synthetic Aperture Radar ground motion measurements"
"";"dtu|dtupub|third_party";"";"2022-01-03T13:05:44.046Z";"Eriksen, Mads Bille";"";"2451028885";"";"dtu";"2019";"";"";"";"";"thesis";"dtu|dtu_electronic|dtupub|dtupub_electronic";"";"";"";"";"";"";"";"";"";"";"";"";"";"";"";"";"und";"5d3d8370d9001d32f558c19a";"";"5d3d8370d9001d32f558c19a";"DTU Department of Technology, Management and Economics";"sorbit";"sorbit";"Co-creating across cultures - Development of a method to facilitate effective co-creation and anticipate and mitigate cultural barriers|Co-creating across cultures - Development of a method to facilitate effective co-creation and anticipate and mitigate cultural barriers"
"";"dtu|dtupub|third_party";"";"2022-01-03T13:13:39.762Z";"Krumm, Charlotte Lana Zoe";"";"2451175600";"";"dtu";"2019";"";"";"";"";"thesis";"dtu|dtu_electronic|dtupub_external";"";"";"";"";"";"";"";"";"";"";"";"";"";"";"";"";"und";"5d456be1d9001d32f558c430";"";"5d456be1d9001d32f558c430";"DTU Department of Electrical Engineering";"sorbit";"sorbit";"Machine learning algorithm built on sleep spindle characteristics reveals early and mature Parkinson's disease|Machine learning algoritme bygget pa søvn spindle karakteristika afslører tidlige og sene stadier af Parkinson's sygdom"
"";"dtu|dtupub|third_party";"";"2022-01-03T13:16:32.692Z";"Chawla, Ashish";"";"2444586729";"";"dtu";"2019";"";"";"";"";"thesis";"dtu|dtu_electronic|dtupub_external";"";"";"";"";"";"";"";"";"";"";"";"";"";"";"";"";"und";"5c8e3987d9001d017a0bd836";"";"5c8e3987d9001d017a0bd836";"DTU Department of Civil and Mechanical Engineering";"sorbit";"sorbit";"Energy Optimization at Equinor Refining Denmark|Energioptimering ved Equinor Refining Denmark"
"";"dtu|dtupub|third_party";"";"2022-01-03T13:05:14.770Z";"Andersen, Mikkel Bilgrav|Hansen, Mads Bjørn Wehlast";"";"2444111017";"";"dtu";"2019";"";"";"";"";"thesis";"dtu|dtu_electronic|dtupub|dtupub_electronic";"";"";"";"";"";"";"";"";"";"";"";"";"";"";"";"";"und";"5c6e95a9d9001d016d145e84";"";"5c6e95a9d9001d016d145e84";"DTU Department of Applied Mathematics and Computer Science";"sorbit";"sorbit";"Towards a user-friendly and intelligent emergency room queue management system|Et brugervenligt og intelligent kø-handteringssystem i akutmodtagelsen"
"";"dtu|dtupub|third_party";"";"2022-01-03T13:16:32.608Z";"Schaumburg-Müller, Philip Frederik";"";"2445374235";"";"dtu";"2019";"";"";"";"";"thesis";"dtu|dtu_electronic|dtupub_external";"";"";"";"";"";"";"";"";"";"";"";"";"";"";"";"";"und";"5ca5b5f4d9001d48605f3bb6";"";"5ca5b5f4d9001d48605f3bb6";"DTU Department of Technology, Management and Economics";"sorbit";"sorbit";"Optimization and planning of maintenance routes for offshore windparks|Optimering og planlægning af ruter for vedligeholdelse af offshore vindmøller"
"";"dtu|dtupub|third_party";"";"2022-01-11T08:42:58.621Z";"Kreutzfeldt, Mads Grøndal|Gregers-Høegh, Christopher";"";"2444474357";"";"dtu";"2019";"";"";"";"";"thesis";"dtu|dtu_electronic|dtupub_external";"";"";"";"";"";"";"";"";"";"";"";"";"";"";"";"";"und";"5c7bc4b3d9001d361b4cd486";"";"5c7bc4b3d9001d361b4cd486";"DTU Department of Technology, Management and Economics";"sorbit";"sorbit";"Exploration of Discrete Event Simulation in Process Manufacturing Industries|Evaluering og analyse af diskret event-baseret simulering i procesindustrien"
"";"dtu|dtupub|third_party";"";"2022-01-03T13:13:16.855Z";"Bertelsen, Martin Emil Gieysztor";"";"2444430922";"";"dtu";"2019";"";"";"";"";"thesis";"dtu|dtu_electronic|dtupub|dtupub_electronic";"";"";"";"";"";"";"";"";"";"";"";"";"";"";"";"";"und";"5c84fefed9001d4ea5690164";"";"5c84fefed9001d4ea5690164";"DTU Department of Applied Mathematics and Computer Science";"sorbit";"sorbit";"Circadian Rythms - Synchronization of Oscilllators|Cirkadiske Rytmer - Synkronisering af Oscillatorer"
"";"dtu|dtupub|third_party";"";"2022-01-03T13:16:34.460Z";"Ribaudo, Stefano";"";"2451029077";"";"dtu";"2019";"";"";"";"";"thesis";"dtu|dtu_electronic|dtupub|dtupub_electronic";"";"";"";"";"";"";"";"";"";"";"";"";"";"";"";"";"und";"5d3d83edd9001d32f558c2c1";"";"5d3d83edd9001d32f558c2c1";"DTU Department of Wind and Energy Systems";"sorbit";"sorbit";"Conditional error statistics for offshore winds, from WRF modelling and ASCAT satellite data|Betingede offshore vindforskelstatistik, fra WRF modellering og ASCAT satellit-data"
"";"dtu|dtupub|third_party";"";"2022-01-03T13:16:34.442Z";"Hansen, Emil Charlie";"";"2451029067";"";"dtu";"2019";"";"";"";"";"thesis";"dtu|dtu_electronic|dtupub|dtupub_electronic";"";"";"";"";"";"";"";"";"";"";"";"";"";"";"";"";"und";"5d3d83ebd9001d32f558c2ae";"";"5d3d83ebd9001d32f558c2ae";"DTU Department of Electrical Engineering";"sorbit";"sorbit";"Different approaches to measure/estimate the flow resistivity of sound absorbers|Forskellige tilgange til maling/estimering af strømningsmodstand af lydabsorbere"
"";"dtu|dtupub|third_party";"";"2022-01-03T13:16:33.461Z";"Apli, Julianna";"";"2451028610";"";"dtu";"2019";"";"";"";"";"thesis";"dtu|dtu_electronic|dtupub|dtupub_electronic";"";"";"";"";"";"";"";"";"";"";"";"";"";"";"";"";"und";"5d3d830ad9001d32f558c0c3";"";"5d3d830ad9001d32f558c0c3";"DTU Department of Technology, Management and Economics";"sorbit";"sorbit";"Lyngby as a student-friendly university town: A sustainability assessment of Lyngby from a student perspective|Lyngby som en studentervenlig universitetsby: En bæredygtighedsvurdering af Lyngby fra et student perspektiv"
"";"dtu|dtupub|third_party";"";"2022-01-03T13:05:25.464Z";"Anagnostara, Ioanna";"";"2525156576";"";"dtu";"2020";"";"";"";"";"thesis";"dtu|dtu_electronic|dtupub|dtupub_electronic";"";"";"";"";"";"";"";"";"";"";"";"";"";"";"";"";"und";"5e83256fd9001d01923ead72";"";"5e83256fd9001d01923ead72";"DTU DTU National Food Institute";"sorbit";"sorbit";"Evaluation of variations in the nutritional composition and antioxidant activity of Saccharina latissima during a commercial drying process|Evaluering af ændringer i næringsindhold og antioxidanter i sukkertang, Saccharina latissima under industriel tørringsproces"
"";"dtu|dtupub|third_party";"";"2022-01-03T13:05:49.577Z";"Iqbal, Irem";"";"2519323207";"";"dtu";"2020";"";"";"";"";"thesis";"dtu|dtu_electronic|dtupub|dtupub_electronic";"";"";"";"";"";"";"";"";"";"";"";"";"";"";"";"";"und";"5e78a782d9001d81975c7f97";"";"5e78a782d9001d81975c7f97";"DTU Department of Physics";"sorbit";"sorbit";"In Vitro Sensing of Histamine with Microneedle Electrodes|In Vitro Sensing of Histamine with Microneedle Electrodes"
"";"dtu|dtupub|third_party";"";"2022-01-03T13:13:20.365Z";"Wolters, Jesper Antonius";"";"2497057556";"";"dtu";"2020";"";"";"";"";"thesis";"dtu|dtu_electronic|dtupub|dtupub_electronic";"";"";"";"";"";"";"";"";"";"";"";"";"";"";"";"";"und";"5e5ba686d9001d016b3f36f4";"";"5e5ba686d9001d016b3f36f4";"DTU Department of Civil Engineering";"sorbit";"sorbit";"Fire properties of wooden beams of different types - with and without fire retardants|Brandmæssige egenskaber i træbjælker af forskellige typer - med og uden flammehæmmer"
"";"dtu|dtupub|third_party";"";"2022-01-06T23:54:27.388Z";"Illyés, Marcell";"";"2508667049";"";"dtu";"2020";"";"";"";"";"thesis";"dtu|dtu_electronic|dtupub_external";"";"";"";"";"";"";"";"";"";"";"";"";"";"";"";"";"und";"5e6e1b7dd9001d016e432c82";"";"5e6e1b7dd9001d016e432c82";"DTU Department of Health Technology";"sorbit";"sorbit";"Motion-sensitive sensors for monitoring the well-being of the heart|Bevægelses sensorer til monitoring af hjertet"
"";"dtu|dtupub|third_party";"";"2022-01-03T13:13:42.456Z";"Eriksen, Walther Emil|Larsen, Joachim Schou|Clifford, Jonathan Nøddeskov";"";"2525226590";"";"dtu";"2020";"";"";"";"";"thesis";"dtu|dtu_electronic|dtupub|dtupub_electronic";"";"";"";"";"";"";"";"";"";"";"";"";"";"";"";"";"und";"5e8476f2d9001d0ae019bee5";"";"5e8476f2d9001d0ae019bee5";"DTU Department of Technology, Management and Economics";"sorbit";"sorbit";"Implementation of digitalisation of production and service systems - an evaluation of opportunities and challenges|Implementering af digitalisering i produktions- og service systemer - en evaluering af muligheder og udfordringer"
"";"dtu|dtupub|third_party";"";"2022-01-06T23:55:14.857Z";"Rokosa, Adrianna";"";"2526106248";"";"dtu";"2020";"";"";"";"";"thesis";"dtu|dtu_electronic|dtupub_external";"";"";"";"";"";"";"";"";"";"";"";"";"";"";"";"";"und";"5e96ebebd9001d016475f407";"";"5e96ebebd9001d016475f407";"DTU Department of Health Technology";"sorbit";"sorbit";"Investigations of morphological and fluorescent features of immortalized colon cell lines|Undersøgelse af morfologiske og fluorescerende egenskaber for immortaliserede kolon cellelinjer"
"";"dtu|dtupub|third_party";"";"2022-01-03T13:16:53.505Z";"Gumenuks, Arturs";"";"2524896228";"";"dtu";"2019";"";"";"";"";"thesis";"dtu|dtu_electronic|dtupub|dtupub_electronic";"";"";"";"";"";"";"";"";"";"";"";"";"";"";"";"";"und";"5d1c8d76d9001d146569a4cb";"";"5d1c8d76d9001d146569a4cb";"DTU Department of Applied Mathematics and Computer Science";"sorbit";"sorbit";"Epistemic Planning in Robotics|Epistemisk planlægning pa robotter"
"";"dtu|dtupub|third_party";"";"2022-01-03T13:13:22.048Z";"Torne, Arnau Guiu";"";"2595488042";"";"dtu";"2020";"";"";"";"";"thesis";"dtu|dtu_electronic|dtupub_external";"";"";"";"";"";"";"";"";"";"";"";"";"";"";"";"";"und";"5f1eb6b8d9001d016b4e2055";"";"5f1eb6b8d9001d016b4e2055";"DTU Department of Technology, Management and Economics";"sorbit";"sorbit";"Strategic assessment of the implementation of Intelligent Automation in a target process of Novo Nordisk's supply chain|Strategic assessment of the implementation of Intelligent Automation in a target process of Novo Nordisk's supply chain"
"";"dtu|dtupub|third_party";"";"2022-01-03T13:16:34.124Z";"Henriksen, Mathias";"";"2451028928";"";"dtu";"2019";"";"";"";"";"thesis";"dtu|dtu_electronic|dtupub|dtupub_electronic";"";"";"";"";"";"";"";"";"";"";"";"";"";"";"";"";"und";"5d3d83a0d9001d32f558c217";"";"5d3d83a0d9001d32f558c217";"DTU Department of Applied Mathematics and Computer Science";"sorbit";"sorbit";"Deriving unique locators for web elements|Deriving unique locators for web elements"
"";"dtu|dtupub|third_party";"";"2022-01-03T13:16:58.478Z";"Mas, Jaume Alavedra";"";"2595758194";"";"dtu";"2020";"";"";"";"";"thesis";"dtu|dtu_electronic|dtupub|dtupub_electronic";"";"";"";"";"";"";"";"";"";"";"";"";"";"";"";"";"und";"5f269fb6d9001d016b4e22fe";"";"5f269fb6d9001d016b4e22fe";"DTU Department of Applied Mathematics and Computer Science";"sorbit";"sorbit";"Development of feature-based smart virtual sensors|Development of feature-based smart virtual sensors."
"";"dtu|dtupub|third_party";"";"2022-01-03T13:16:44.052Z";"Alm, Lisa";"";"2463189388";"";"dtu";"2019";"";"";"";"";"thesis";"dtu|dtu_electronic|dtupub_external";"";"";"";"";"";"";"";"";"";"";"";"";"";"";"";"";"und";"5d89fa05d9001d016b47bd50";"";"5d89fa05d9001d016b47bd50";"DTU Department of Civil Engineering";"sorbit";"sorbit";"High-Rise project Thors Bakke. Statical calculations for a selection of load bearing and stabilising structural elements|Højhusprojekt Thors Bakke. Statiske beregninger af udvalgte bærende og afstivende hovedkonstruktioner."
"";"dtu|dtupub|third_party";"";"2022-01-03T13:16:14.503Z";"Mubark, Habiba";"";"2452917928";"";"dtu";"2019";"";"";"";"";"thesis";"dtu|dtu_electronic|dtupub|dtupub_electronic";"";"";"";"";"";"";"";"";"";"";"";"";"";"";"";"";"und";"5d651035d9001d452b7685b6";"";"5d651035d9001d452b7685b6";"DTU Department of Civil Engineering";"sorbit";"sorbit";"Form Finding of grid shell structures with bending|Form Finding of grid shell structures with bending"
"";"dtu|dtupub|third_party";"";"2022-01-03T13:13:12.800Z";"Nørmark, Felix";"";"2605040677";"";"dtu";"2020";"";"";"";"";"thesis";"dtu|dtu_electronic|dtupub|dtupub_electronic";"";"";"";"";"";"";"";"";"";"";"";"";"";"";"";"";"und";"5f9ea632d9001d45a96ed1f7";"";"5f9ea632d9001d45a96ed1f7";"DTU Department of Electrical Engineering";"sorbit";"sorbit";"Modelling and Robustness analysis of a grid-connected converter|Modellering og robusthedsanalyse af en nettilsluttet konverter"
"";"dtu|dtupub|third_party";"";"2022-01-03T13:05:23.883Z";"Brodal, Jacob Overbye";"";"2503201598";"";"dtu";"2020";"";"";"";"";"thesis";"dtu|dtu_electronic|dtupub_external";"";"";"";"";"";"";"";"";"";"";"";"";"";"";"";"";"und";"5e64e0fdd9001d018609a0f5";"";"5e64e0fdd9001d018609a0f5";"DTU Department of Technology, Management and Economics";"sorbit";"sorbit";"Optimization of the Supply Chain in the Danish Ministry of Defence Group|Optimering af forsyningskæden i Forsvaret"
"";"dtu|dtupub|third_party";"";"2022-01-11T08:43:18.502Z";"Kostopoulos, Georgios";"";"2597621633";"";"dtu";"2020";"";"";"";"";"thesis";"dtu|dtu_electronic|dtupub|dtupub_electronic";"";"";"";"";"";"";"";"";"";"";"";"";"";"";"";"";"und";"5f634488d9001d01706cbd7f";"";"5f634488d9001d01706cbd7f";"DTU Department of Wind and Energy Systems";"sorbit";"sorbit";"Uncertainties in the assessment of remaining wind turbine lifetime|Usikkerheder i beregningen af restlevetid af vindmøller"
"";"dtu|dtupub|third_party";"";"2022-01-03T13:05:22.347Z";"Pas, Michelle Erina ten";"";"2453337493";"";"dtu";"2019";"";"";"";"";"thesis";"dtu|dtu_electronic|dtupub_external";"";"";"";"";"";"";"";"";"";"";"";"";"";"";"";"";"und";"5d6e4a7ed9001d66e80217df";"";"5d6e4a7ed9001d66e80217df";"DTU Department of Applied Mathematics and Computer Science";"sorbit";"sorbit";"Designing the user experience of an AI-based differentiation tool in a digital learning platform|Designing the user experience of an AI-based differentiation tool in a digital learning platform"
"";"dtu|dtupub|third_party";"";"2022-01-06T23:56:36.832Z";"Nielsen, Malene Leonora";"";"2604984430";"";"dtu";"2020";"";"";"";"";"thesis";"dtu|dtu_electronic|dtupub_external";"";"";"";"";"";"";"";"";"";"";"";"";"";"";"";"";"und";"5f9d54b2d9001d45a96ed1e4";"";"5f9d54b2d9001d45a96ed1e4";"DTU Department of Applied Mathematics and Computer Science";"sorbit";"sorbit";"Innovating epilepsy diagnostics in low-income countries: A Lean Business and UX approach|Innovativ diagnosticering af epilepsi i lavindkomstland: En Lean Business og UX tilgang"
"";"dtu|dtupub|third_party";"";"2022-01-06T23:56:30.960Z";"Daugaard, Sebastian Graff";"";"2451229716";"";"dtu";"2019";"";"";"";"";"thesis";"dtu|dtu_electronic|dtupub_external";"";"";"";"";"";"";"";"";"";"";"";"";"";"";"";"";"und";"5d49605dd9001d1f8a6c4171";"";"5d49605dd9001d1f8a6c4171";"DTU Department of Technology, Management and Economics";"sorbit";"sorbit";"Strategic Supply Chain Optimization using Operations Research|Strategisk supply chain optimering vha. operationsanalyse"
"";"dtu|dtupub|third_party";"";"2022-01-06T23:56:35.755Z";"Hantusch, Tim";"";"2597586042";"";"dtu";"2020";"";"";"";"";"thesis";"dtu|dtu_electronic|dtupub_external";"";"";"";"";"";"";"";"";"";"";"";"";"";"";"";"";"und";"5f61f2f9d9001d01706cbd43";"";"5f61f2f9d9001d01706cbd43";"DTU Department of Civil and Mechanical Engineering";"sorbit";"sorbit";"Modelling and characterization of friction in piston rod seals|Modelering og karakterisering af friktionsforhold for stempelstangstætninger"
"";"dtu|dtupub|third_party";"";"2022-01-03T13:05:27.872Z";"Zino, David Munk";"";"2596799080";"";"dtu";"2020";"";"";"";"";"thesis";"dtu|dtu_electronic|dtupub|dtupub_electronic";"";"";"";"";"";"";"";"";"";"";"";"";"";"";"";"";"und";"5f47950bd9001d01721d7e68";"";"5f47950bd9001d01721d7e68";"DTU Department of Electrical Engineering";"sorbit";"sorbit";"Consistent Local Mapping Using the Invariant Extended Kalman Filter|Konsistent lokal kortlægning med invariant extended Kalman filter"
"";"dtu|dtupub|third_party";"";"2022-01-03T13:05:39.560Z";"Nastouli, Alexandra";"";"2451091225";"";"dtu";"2019";"";"";"";"";"thesis";"dtu|dtu_electronic|dtupub_external";"";"";"";"";"";"";"";"";"";"";"";"";"";"";"";"";"und";"5d4025e6d9001d32f558c354";"";"5d4025e6d9001d32f558c354";"DTU Department of Chemical and Biochemical Engineering";"sorbit";"sorbit";"Optimization of growth and expression conditions for the production of selected aquaporins in S. cerevisiae|Optimering af vækst- og ekspressionsbetingelser for produktion af udvalgte aquaporiner i S. cerevisiae"
"";"dtu|dtupub|third_party";"";"2022-01-03T13:13:39.172Z";"Agianniotis, Spyridon";"";"2444215453";"";"dtu";"2019";"";"";"";"";"thesis";"dtu|dtu_electronic|dtupub|dtupub_electronic";"";"";"";"";"";"";"";"";"";"";"";"";"";"";"";"";"und";"5c752d4ed9001d016d4b58f5";"";"5c752d4ed9001d016d4b58f5";"DTU Department of Civil and Mechanical Engineering";"sorbit";"sorbit";"Waste to Energy systems for hotels through waste gasification and solid oxide fuel cells|Affald til energisystemer for hoteller gennem affaldsforgasning og fastoxidbrændselsceller"
"";"dtu|dtupub|third_party";"";"2022-01-03T13:13:42.457Z";"Despujols, Hélène Emilie Madeleine";"";"2591910665";"";"dtu";"2020";"";"";"";"";"thesis";"dtu|dtu_electronic|dtupub|dtupub_electronic";"";"";"";"";"";"";"";"";"";"";"";"";"";"";"";"";"und";"5eeb4bf2d9001d0169229157";"";"5eeb4bf2d9001d0169229157";"DTU Department of Environmental and Resource Engineering";"sorbit";"sorbit";"The role of tree-based ecosystem services for the resilience of a tropical city|Træbaserede økosystemtjenesters rolle for resilens af en tropisk by"
"";"dtu|dtupub|third_party";"";"2022-01-03T13:16:32.661Z";"Gomez-Polo, Maria Beneyto";"";"2445374294";"";"dtu";"2019";"";"";"";"";"thesis";"dtu|dtu_electronic|dtupub|dtupub_electronic";"";"";"";"";"";"";"";"";"";"";"";"";"";"";"";"";"und";"5ca5b64ed9001d48605f3c17";"";"5ca5b64ed9001d48605f3c17";"DTU Department of Civil and Mechanical Engineering";"sorbit";"sorbit";"Classical Control Design Theory Applied to Mitigate Rotor-Blade Vibrations – A Numerical Investigation|Anvendelse af Klassisk Reguleringsteknik til Formindskelse af Vibrationer i Rotorblade"
"";"dtu|dtupub|third_party";"";"2022-01-03T13:05:49.580Z";"Bindslev, Jakob";"";"2519323214";"";"dtu";"2020";"";"";"";"";"thesis";"dtu|dtu_electronic|dtupub|dtupub_electronic";"";"";"";"";"";"";"";"";"";"";"";"";"";"";"";"";"und";"5e78a782d9001d81975c7f9b";"";"5e78a782d9001d81975c7f9b";"DTU Department of Space Research and Space Technology";"sorbit";"sorbit";"Versatile Tracking Radar for Educational Use|Alsidig tracking-radar til uddannelsesbrug"
"";"dtu|dtupub|third_party";"";"2022-01-03T13:13:39.625Z";"Kirkegaard, Martin Davidsen";"";"2450820491";"";"dtu";"2019";"";"";"";"";"thesis";"dtu|dtu_electronic|dtupub_external";"";"";"";"";"";"";"";"";"";"";"";"";"";"";"";"";"und";"5d2f0268d9001d016b246860";"";"5d2f0268d9001d016b246860";"DTU Department of Space Research and Space Technology";"sorbit";"sorbit";"Measurements of the Power State in Transformer Stations|Malinger af strømtilstanden i transformatorstationer"
"";"dtu|dtupub";"University of Eastern Finland";"2022-03-28T07:11:26.965Z";"Shahwar, Dura";"";"2708548671";"";"dtu";"2019";"";"";"";"";"thesis";"dtu|dtu_electronic|dtupub|dtupub_electronic";"";"";"";"";"";"";"";"";"";"";"";"";"";"";"";"";"eng";"6231fa4b915bafb6f3c04b81";"";"6231fa4b915bafb6f3c04b81";"University of Eastern Finland";"vtt";"vtt";"Fabrication tolerant polarization splitters for micron-scale silicon photonics"
"The majority of human gait analysis methods are limited to clinical gait laboratories. The calculation of gait parameters for athletes, during running in open environment, has endless possibilities of performance analysis to keep track of training. This thesis demonstrates a method to capture three-dimensional measurements of multidimensional human body movements during walking and running by means of GPS-aided-INS equipped data logger and also describes the two-dimensional (forward and vertical) analysis of captured three-dimensional movement. The gait segmentation based on the vertical velocity has been presented and the built data processing software can compute majority of traditional gait metrics such as stride duration, average speed, stride length, cadence and vertical oscillation. The equipment uses inexpensive pressure insoles to generate foot pressure data for model training and indirect estimation of vertical ground reaction force and ground contact time. Both machine and deep learning approaches are detailed for indirect estimation of vertical ground reaction force and ground contact time. The possibilities are also explored to make interpersonal gait parameter estimation by means of generalised prediction models. Both machine leaning and deep learning solution are presented to generate continuous vertical ground reaction force curves along with gait components. The methods, presented in this thesis, help to analyse human motion by means of gait segmentation and to calculate or estimate numerous spatio-temporal gait parameters. The intra-step variations in motion parameters are great help to analyse the different aspects of running in outdoor. The encouraging results reported in this thesis demonstrate the feasibility of device that provides detailed analysis about the performance of an athlete in outdoor running environment.";"dtu|dtupub";"BA1623 Trustworthy cyber physical systems";"2022-03-28T07:11:13.530Z";"Sharma, Dharmendra";"";"2708550946";"";"dtu";"2019";"";"";"";"";"thesis";"dtu|dtu_electronic|dtupub|dtupub_electronic";"";"";"";"";"";"";"";"";"";"";"";"";"";"";"";"";"eng";"6231faa01e4949b6f3d1dd75";"";"6231faa01e4949b6f3d1dd75";"";"vtt";"vtt";"Application of Machine Learning Methods for Human Gait Analysis"
"";"dtu|dtupub|third_party";"";"2022-01-06T23:56:36.819Z";"Kazemi, Mohammadhossein";"";"2604853595";"";"dtu";"2020";"";"";"";"";"thesis";"dtu|dtu_electronic|dtupub|dtupub_electronic";"";"";"";"";"";"";"";"";"";"";"";"";"";"";"";"";"und";"5f996048d9001d016970fe80";"";"5f996048d9001d016970fe80";"DTU Department of Wind and Energy Systems";"sorbit";"sorbit";"Development and validation of an aerodynamic/aeroacoustics model for a dual performance rotor and its application to airbone wind energy kites|Udvikling og validering af aerodynamik/aeroakustisk model for en dobbeltvirkende rotor og dennes applikation til airborne vindenergi drager"
"";"dtu|dtupub|third_party";"";"2022-01-03T13:13:22.362Z";"Kristensen, Tobias Elleskov Lachkenborg";"";"2595776947";"";"dtu";"2020";"";"";"";"";"thesis";"dtu|dtu_electronic|dtupub|dtupub_electronic";"";"";"";"";"";"";"";"";"";"";"";"";"";"";"";"";"und";"5f27f159d9001d016b4e2371";"";"5f27f159d9001d016b4e2371";"DTU Department of Civil and Mechanical Engineering";"sorbit";"sorbit";"Development of a General Tool for Comparing the Economic Viability of Heating Systems|Udvikling af et generisk værktøj for økonomisk sammenligning af varmeløsninger"
"";"dtu|dtupub|third_party";"";"2022-01-03T13:05:27.929Z";"Stearn, Carmen Suzanne";"";"2597546929";"";"dtu";"2020";"";"";"";"";"thesis";"dtu|dtu_electronic|dtupub_external";"";"";"";"";"";"";"";"";"";"";"";"";"";"";"";"";"und";"5f60a17bd9001d01706cbd35";"";"5f60a17bd9001d01706cbd35";"DTU Department of Chemical and Biochemical Engineering";"sorbit";"sorbit";"Downstream processing of an opioid from a novel enzymatic conversion|Downstream-behandling af et opioid fra en ny enzymatisk reaktion"
"";"dtu|dtupub|third_party";"";"2022-01-03T13:13:22.393Z";"Cossu, Alessandra";"";"2596404218";"";"dtu";"2020";"";"";"";"";"thesis";"dtu|dtu_electronic|dtupub|dtupub_electronic";"";"";"";"";"";"";"";"";"";"";"";"";"";"";"";"";"und";"5f3bb7a7d9001d01721d7cd7";"";"5f3bb7a7d9001d01721d7cd7";"DTU Department of Wind and Energy Systems";"sorbit";"sorbit";"Optimal sizing of hybrid power plant|Optimal dimensionering af hybridkraftværk"
"";"dtu|dtupub|third_party";"";"2022-01-03T13:16:58.287Z";"Panagiotis, Efthymios";"";"2598107934";"";"dtu";"2020";"";"";"";"";"thesis";"dtu|dtu_electronic|dtupub|dtupub_electronic";"";"";"";"";"";"";"";"";"";"";"";"";"";"";"";"";"und";"5f6d931cd9001d016947a729";"";"5f6d931cd9001d016947a729";"DTU Department of Civil Engineering";"sorbit";"sorbit";"Centrifuge testing of laterally loaded piles in intermediate soils|Eksperimentel forsøg i centrifugen af tværbelastende pæle i mellemliggende jordarter"
"";"dtu|dtupub|third_party";"";"2022-01-06T23:56:36.787Z";"Xia, Lu";"";"2604853370";"";"dtu";"2020";"";"";"";"";"thesis";"dtu|dtu_electronic|dtupub|dtupub_electronic";"";"";"";"";"";"";"";"";"";"";"";"";"";"";"";"";"und";"5f996034d9001d016970fe33";"";"5f996034d9001d016970fe33";"DTU Department of Health Technology";"sorbit";"sorbit";"Effects of hearing loss and hearing aids on the perception of environmental sounds|Effekter af høretab og høreapparater pa opfattelsen af miljølyde"
"";"dtu|dtupub|third_party";"";"2022-01-03T13:13:39.588Z";"Sciacca, Giuseppe";"";"2452037931";"";"dtu";"2019";"";"";"";"";"thesis";"dtu|dtu_electronic|dtupub|dtupub_electronic";"";"";"";"";"";"";"";"";"";"";"";"";"";"";"";"";"und";"5d51495ed9001d1f8a6c4214";"";"5d51495ed9001d1f8a6c4214";"DTU Department of Civil Engineering";"sorbit";"sorbit";"Glass structures subjected to seismic excitations|Glaskonstruktioner under jordskælvsbelastning"
"";"dtu|dtupub|third_party";"";"2022-01-03T13:13:43.848Z";"Rustemi, Alajdin";"";"2596339172";"";"dtu";"2020";"";"";"";"";"thesis";"dtu|dtu_electronic|dtupub_external";"";"";"";"";"";"";"";"";"";"";"";"";"";"";"";"";"und";"5f3a6635d9001d01721d7cbc";"";"5f3a6635d9001d01721d7cbc";"DTU Department of Electrical Engineering";"sorbit";"sorbit";"56 Gbaud VCSEL driver|56 Gbaud VCSEL driver"
"";"dtu|dtupub|third_party";"";"2022-01-03T13:05:41.253Z";"Marker, Jesper Benjamin Bitsch";"";"2443778271";"";"dtu";"2019";"";"";"";"";"thesis";"dtu|dtu_electronic|dtupub|dtupub_electronic";"";"";"";"";"";"";"";"";"";"";"";"";"";"";"";"";"und";"5c5acf1fd9001d01a513e75b";"";"5c5acf1fd9001d01a513e75b";"DTU Department of Environmental and Resource Engineering";"sorbit";"sorbit";"Material flow analysis of plastic waste in Denmark|Materialestrømsanalyse af plastaffald i Danmark"
"";"dtu|dtupub|third_party";"";"2022-01-03T13:05:39.506Z";"Leerbeck, Kenneth|Tveit, Anna";"";"2444800816";"";"dtu";"2019";"";"";"";"";"thesis";"dtu|dtu_electronic|dtupub|dtupub_electronic";"";"";"";"";"";"";"";"";"";"";"";"";"";"";"";"";"und";"5c922e06d9001d017d637d3a";"";"5c922e06d9001d017d637d3a";"DTU Department of Applied Mathematics and Computer Science";"sorbit";"sorbit";"Control of heat pumps with CO2 forecasts|Styring af varmepumper med CO2 prognoser"
"";"dtu|dtupub|third_party";"";"2022-01-03T13:13:38.269Z";"Bjørke, Benjamin";"";"2444215420";"";"dtu";"2019";"";"";"";"";"thesis";"dtu|dtu_electronic|dtupub|dtupub_electronic";"";"";"";"";"";"";"";"";"";"";"";"";"";"";"";"";"und";"5c752d33d9001d016d4b58c8";"";"5c752d33d9001d016d4b58c8";"DTU Department of Civil and Mechanical Engineering";"sorbit";"sorbit";"Electrochemical investigation of performance of corrosion inhibitor used for oil & gas production|Elektrokemisk undersøgelse af korrosionsinhibitor brugt i oile and gas produktion"
"";"dtu|dtupub|third_party";"";"2022-01-06T23:56:29.708Z";"Mezövari, Adam Gergö";"";"2444586719";"";"dtu";"2019";"";"";"";"";"thesis";"dtu|dtu_electronic|dtupub|dtupub_electronic";"";"";"";"";"";"";"";"";"";"";"";"";"";"";"";"";"und";"5c8e3985d9001d017a0bd822";"";"5c8e3985d9001d017a0bd822";"DTU Department of Technology, Management and Economics";"sorbit";"sorbit";"Safety assessment of autonomous vehicles|Sikkerhedsvurdering af selvkørende køretøjer"
"";"dtu|dtupub|third_party";"";"2022-01-03T13:13:15.174Z";"Gunay, Kaan";"";"2444092384";"";"dtu";"2019";"";"";"";"";"thesis";"dtu|dtu_electronic|dtupub|dtupub_electronic";"";"";"";"";"";"";"";"";"";"";"";"";"";"";"";"";"und";"5c6d4412d9001d01834fbc4c";"";"5c6d4412d9001d01834fbc4c";"DTU Department of Wind and Energy Systems";"sorbit";"sorbit";"Understanding of Ice Accretion Behavior for a Wind Turbine Airfoil|Undersøgelse og forstaelse af isdannelsesprocess pa vindmøllevinger"
"";"dtu|dtupub|third_party";"";"2022-01-06T23:56:30.934Z";"Lekowski, Maksymilian Aleksander";"";"2451190009";"";"dtu";"2019";"";"";"";"";"thesis";"dtu|dtu_electronic|dtupub_external";"";"";"";"";"";"";"";"";"";"";"";"";"";"";"";"";"und";"5d480ee6d9001d1f8a6c4161";"";"5d480ee6d9001d1f8a6c4161";"DTU Department of Civil Engineering";"sorbit";"sorbit";"Log interpretation of Lower Cretaceous mixed sediments and chalk|Tolkning af borehulslogs gennem lag fra Nedre Kridt."
"";"dtu|dtupub|third_party";"";"2022-01-03T13:05:22.428Z";"Derewianko, Slawomir Marcin";"";"2453337453";"";"dtu";"2019";"";"";"";"";"thesis";"dtu|dtu_electronic|dtupub|dtupub_electronic";"";"";"";"";"";"";"";"";"";"";"";"";"";"";"";"";"und";"5d6e4a79d9001d66e80217d4";"";"5d6e4a79d9001d66e80217d4";"DTU Department of Civil Engineering";"sorbit";"sorbit";"Influence of aggregate interface on the elastic modulus of concrete|Effekt af aggregatgrænseflade pa betons elasticitetsmodul"
"";"dtu|dtupub|third_party";"";"2022-01-03T13:05:44.036Z";"Backen, Mathis";"";"2451028716";"";"dtu";"2019";"";"";"";"";"thesis";"dtu|dtu_electronic|dtupub|dtupub_electronic";"";"";"";"";"";"";"";"";"";"";"";"";"";"";"";"";"und";"5d3d835bd9001d32f558c166";"";"5d3d835bd9001d32f558c166";"DTU Department of Technology, Management and Economics";"sorbit";"sorbit";"Renewable Energy Investments in Greenland - A prioritisation based on energy system optimisation and socio-economic analysis|Vedvarende energi investeringer i Grønland - En prioritering baseret pa energisystem optimering og samfundsøkonomisk analyse"
"";"dtu|dtupub|third_party";"";"2022-01-03T13:16:31.674Z";"Højen, Ulla Breaum";"";"2451028878";"";"dtu";"2019";"";"";"";"";"thesis";"dtu|dtu_electronic|dtupub|dtupub_electronic";"";"";"";"";"";"";"";"";"";"";"";"";"";"";"";"";"und";"5d3d8368d9001d32f558c184";"";"5d3d8368d9001d32f558c184";"DTU DTU National Food Institute";"sorbit";"sorbit";"Neurotoxic metals in tea|Neurotoksiske metaller i te"
"";"dtu|dtupub|third_party";"";"2022-01-03T13:16:34.119Z";"Roy, Nilakantha";"";"2452917610";"";"dtu";"2019";"";"";"";"";"thesis";"dtu|dtu_electronic|dtupub|dtupub_electronic";"";"";"";"";"";"";"";"";"";"";"";"";"";"";"";"";"und";"5d65101ed9001d452b76857d";"";"5d65101ed9001d452b76857d";"DTU Department of Electrical Engineering";"sorbit";"sorbit";"The 2035 Nordic Power System: Modelling, Simulation and Stability Studies|Det nordiske elsystem i 2035: modellering, simulering og stabilitetsstudier"
"";"dtu|dtupub|third_party";"";"2022-01-03T13:05:23.794Z";"Westergaard, Casper";"";"2494993763";"";"dtu";"2020";"";"";"";"";"thesis";"dtu|dtu_electronic|dtupub|dtupub_electronic";"";"";"";"";"";"";"";"";"";"";"";"";"";"";"";"";"und";"5e468e7fd9001d015a0280ed";"";"5e468e7fd9001d015a0280ed";"DTU DTU National Food Institute";"sorbit";"sorbit";"Genotypic detection of antimicrobial resistance through Oxford Nanopore|Genotypisk resistensgensbestemmelser fra Oxford Nanopore"
"";"dtu|dtupub|third_party";"";"2022-01-03T13:05:25.361Z";"Andersen, Aleksander";"";"2506938483";"";"dtu";"2020";"";"";"";"";"thesis";"dtu|dtu_electronic|dtupub|dtupub_electronic";"";"";"";"";"";"";"";"";"";"";"";"";"";"";"";"";"und";"5e6b787dd9001d016b1c5308";"";"5e6b787dd9001d016b1c5308";"DTU Department of Civil and Mechanical Engineering";"sorbit";"sorbit";"Modelling and control practices for motion tracking of pneumatically actuated systems|Metoder til modellering og regulering af pneumatiske bevægelsessystemer"
"";"dtu|dtupub|third_party";"";"2022-01-03T13:13:42.754Z";"Ledro, Mirko";"";"2596188738";"";"dtu";"2020";"";"";"";"";"thesis";"dtu|dtu_electronic|dtupub|dtupub_electronic";"";"";"";"";"";"";"";"";"";"";"";"";"";"";"";"";"und";"5f33ceabd9001d01697d6a3e";"";"5f33ceabd9001d01697d6a3e";"DTU Department of Electrical Engineering";"sorbit";"sorbit";"Design of a hybrid wind-electric vehicles power plant model fleet model for ancillary services provision in Bornholm|Design af et Hybrid-Kraftvaerk, vindmøller og elbiler -flademodel til levering af systemydelser i Bornholm"
"";"dtu|dtupub|third_party";"";"2022-01-03T13:13:22.300Z";"Villaseñor, Hiram Eustacio Lucatero";"";"2595776829";"";"dtu";"2020";"";"";"";"";"thesis";"dtu|dtu_electronic|dtupub|dtupub_electronic";"";"";"";"";"";"";"";"";"";"";"";"";"";"";"";"";"und";"5f27f13dd9001d016b4e2333";"";"5f27f13dd9001d016b4e2333";"DTU Department of Wind and Energy Systems";"sorbit";"sorbit";"Investigation and modeling of blockage effects in wind farms|Undersøgelse og modellering af blokeringseffekten i vindmølleparker"
"";"dtu|dtupub|third_party";"";"2022-01-03T13:05:52.053Z";"Hesselberg-Thomsen, Viktor";"";"2595588360";"";"dtu";"2020";"";"";"";"";"thesis";"dtu|dtu_electronic|dtupub|dtupub_electronic";"";"";"";"";"";"";"";"";"";"";"";"";"";"";"";"";"und";"5f20084ad9001d016b4e2130";"";"5f20084ad9001d016b4e2130";"DTU Department of Biotechnology and Biomedicine";"sorbit";"sorbit";"Modelling of interactions in synthethic microcosms|Modellering af interaktioner i syntetiske mikrokosmer"
"";"dtu|dtupub|third_party";"";"2022-01-03T13:05:23.687Z";"Guidje, Alexandre Hallkvist";"";"2489514286";"";"dtu";"2019";"";"";"";"";"thesis";"dtu|dtu_electronic|dtupub|dtupub_electronic";"";"";"";"";"";"";"";"";"";"";"";"";"";"";"";"";"und";"5e341990d9001d01573c14ca";"";"5e341990d9001d01573c14ca";"DTU Department of Environmental and Resource Engineering";"sorbit";"sorbit";"Automated long term simulations in SWMM for calculating performance indicators for Nature Based Solutions|Automatiserede langtidssimuleringer i SWMM til udregning af effektindikatorer for naturbaserede regnvandsløsninger"
"";"dtu|dtupub|third_party";"";"2022-01-03T13:13:32.385Z";"From, Andreas Halkjær";"";"2495324782";"";"dtu";"2020";"";"";"";"";"thesis";"dtu|dtu_electronic|dtupub|dtupub_electronic";"";"";"";"";"";"";"";"";"";"";"";"";"";"";"";"";"und";"5e4bd47cd9001d2ceb5bbac8";"";"5e4bd47cd9001d2ceb5bbac8";"DTU Department of Applied Mathematics and Computer Science";"sorbit";"sorbit";"Hybrid Logic|Hybridlogik"
"";"dtu|dtupub|third_party";"";"2022-01-03T13:16:59.041Z";"Roager, Jonas Bak";"";"2596670109";"";"dtu";"2020";"";"";"";"";"thesis";"dtu|dtu_electronic|dtupub_external";"";"";"";"";"";"";"";"";"";"";"";"";"";"";"";"";"und";"5f43a082d9001d01721d7dc5";"";"5f43a082d9001d01721d7dc5";"DTU Department of Civil Engineering";"sorbit";"sorbit";"Response changes in EW system strengthening coursed by CFRP NSMR rod property deviations|Respons ændringer i EW system forstærkning forarsaget af CFRP NSMR egenskabsvariationer"
"";"dtu|dtupub|third_party";"";"2022-01-03T13:13:21.706Z";"Olsen, Loke Rantzau";"";"2598850896";"";"dtu";"2020";"";"";"";"";"thesis";"dtu|dtu_electronic|dtupub|dtupub_electronic";"";"";"";"";"";"";"";"";"";"";"";"";"";"";"";"";"und";"5f7da342d9001d01700258df";"";"5f7da342d9001d01700258df";"DTU Department of Electrical Engineering";"sorbit";"sorbit";"Autonomous Drone Path Planning Navigation and Operation|Autonom drone ruteplanlægning, navigation og operation"
"";"dtu|dtupub|third_party";"";"2022-01-06T23:54:28.735Z";"Hagbarth, Mathias|Nørregaard, Jacob";"";"2595488044";"";"dtu";"2020";"";"";"";"";"thesis";"dtu|dtu_electronic|dtupub|dtupub_electronic";"";"";"";"";"";"";"";"";"";"";"";"";"";"";"";"";"und";"5f1eb6b8d9001d016b4e205b";"";"5f1eb6b8d9001d016b4e205b";"DTU Department of Civil Engineering";"sorbit";"sorbit";"Detection of Structural Changes|Detektering af Strukturelle Forandringer"
"";"dtu|dtupub|third_party";"";"2022-01-03T13:16:52.786Z";"Høgsvig, Malene Fangel|Jacobsen, Ida Kjær";"";"2496058641";"";"dtu";"2020";"";"";"";"";"thesis";"dtu|dtu_electronic|dtupub_external";"";"";"";"";"";"";"";"";"";"";"";"";"";"";"";"";"und";"5e550f23d9001d0164073f11";"";"5e550f23d9001d0164073f11";"DTU Department of Technology, Management and Economics";"sorbit";"sorbit";"Layout and design of offshore wind farms using optimization|Layout og design af offshore vindmølleparker ved brug af optimering"
"";"dtu|dtupub|third_party";"";"2022-01-03T13:16:35.601Z";"Axelsen, Joachim Langtved";"";"2526479074";"";"dtu";"2020";"";"";"";"";"thesis";"dtu|dtu_electronic|dtupub|dtupub_electronic";"";"";"";"";"";"";"";"";"";"";"";"";"";"";"";"";"und";"5ea0267ad9001d016475f45e";"";"5ea0267ad9001d016475f45e";"DTU Department of Electrical Engineering";"sorbit";"sorbit";"Visual Tracking of Objects for Feedback Control|Visuel sporing af objekter til tilbagekoblet styring"
"";"dtu|dtupub|third_party";"";"2022-01-03T13:13:31.440Z";"Ali, Abdur Rahman Thamjigar";"";"2452038147";"";"dtu";"2019";"";"";"";"";"thesis";"dtu|dtu_electronic|dtupub|dtupub_electronic";"";"";"";"";"";"";"";"";"";"";"";"";"";"";"";"";"und";"5d51498fd9001d1f8a6c4256";"";"5d51498fd9001d1f8a6c4256";"DTU Department of Technology, Management and Economics";"sorbit";"sorbit";"Integration of absolute sustainability into the ICAT Transformational Change guidance|Integration af absolut bæredygtighed i ICAT Transformational Change guiden"
"";"dtu|dtupub|third_party";"";"2022-01-03T13:13:40.730Z";"Maibohm, Mads Ejdesgaard";"";"2451175666";"";"dtu";"2019";"";"";"";"";"thesis";"dtu|dtu_electronic|dtupub|dtupub_electronic";"";"";"";"";"";"";"";"";"";"";"";"";"";"";"";"";"und";"5d456c06d9001d32f558c487";"";"5d456c06d9001d32f558c487";"DTU Department of Applied Mathematics and Computer Science";"sorbit";"sorbit";"Epistemic Agents in a Dynamic Social Network|Epistemiske agenter i et dynamisk socialt netværk"
"";"dtu|dtupub|third_party";"";"2022-01-03T13:13:16.902Z";"Jiang, Yiliang";"";"2446808875";"";"dtu";"2019";"";"";"";"";"thesis";"dtu|dtu_electronic|dtupub_external";"";"";"";"";"";"";"";"";"";"";"";"";"";"";"";"";"und";"5cc58a6ad9001d62546a1889";"";"5cc58a6ad9001d62546a1889";"DTU Department of Energy Conversion and Storage";"sorbit";"sorbit";"Chemical synthesis of platinum alloy nanocatalysts for fuel cells|Kemisk syntese af platin legering nanokatalysatorer til brændselsceller"
"";"dtu|dtupub|third_party";"";"2022-01-03T13:13:16.780Z";"Jørgensen, Kasper Gramstrup Lund";"";"2444474356";"";"dtu";"2019";"";"";"";"";"thesis";"dtu|dtu_electronic|dtupub|dtupub_electronic";"";"";"";"";"";"";"";"";"";"";"";"";"";"";"";"";"und";"5c7bc4aed9001d361b4cd47a";"";"5c7bc4aed9001d361b4cd47a";"DTU Department of Civil and Mechanical Engineering";"sorbit";"sorbit";"Brazing of cemented tungsten carbide to steel for mineral processing equipment|Lodning af cementeret wolframkarbid til stal i mineral forarbejdnings processer"
"";"dtu|dtupub|third_party";"";"2022-01-06T23:54:25.807Z";"Galiano, Maria Mediavilla";"";"2462436304";"";"dtu";"2019";"";"";"";"";"thesis";"dtu|dtu_electronic|dtupub_external";"";"";"";"";"";"";"";"";"";"";"";"";"";"";"";"";"und";"5d80bf8fd9001d19993e1b47";"";"5d80bf8fd9001d19993e1b47";"DTU Department of Applied Mathematics and Computer Science";"sorbit";"sorbit";"Mathematical Oncology|Matematisk onkologi"
"";"dtu|dtupub|third_party";"";"2022-01-06T23:55:09.272Z";"Bernhoft, Nina";"";"2451028933";"";"dtu";"2019";"";"";"";"";"thesis";"dtu|dtu_electronic|dtupub_external";"";"";"";"";"";"";"";"";"";"";"";"";"";"";"";"";"und";"5d3d83a6d9001d32f558c228";"";"5d3d83a6d9001d32f558c228";"DTU Department of Technology, Management and Economics";"sorbit";"sorbit";"Optimization of Packaging|Optimering af pakkeri"
"";"dtu|dtupub|third_party";"";"2022-01-03T13:05:48.037Z";"Krygier, Natalia";"";"2452917587";"";"dtu";"2019";"";"";"";"";"thesis";"dtu|dtu_electronic|dtupub_external";"";"";"";"";"";"";"";"";"";"";"";"";"";"";"";"";"und";"5d65101cd9001d452b76856f";"";"5d65101cd9001d452b76856f";"DTU Department of Civil Engineering";"sorbit";"sorbit";"Analysis of Non Productive Time (NPT) while drilling with regards to well stability issues|Analyse af ikke-produktiv tid (NPT) i brøndboring med hensyn til brøndstabilitetsproblemer"
"";"dtu|dtupub|third_party";"";"2022-01-03T13:16:36.086Z";"Carrio, Esperanca Ruiz";"";"2597117828";"";"dtu";"2020";"";"";"";"";"thesis";"dtu|dtu_electronic|dtupub|dtupub_electronic";"";"";"";"";"";"";"";"";"";"";"";"";"";"";"";"";"und";"5f50cf7fd9001d01694aafde";"";"5f50cf7fd9001d01694aafde";"DTU Department of Civil and Mechanical Engineering";"sorbit";"sorbit";"Wind-assisted propulsion systems for cargo ships|Vind-assisterede fremdrivningssystemer for handelsskibe"
"";"dtu|dtupub|third_party";"";"2022-01-03T13:16:34.133Z";"Haubro, Martin";"";"2451028930";"";"dtu";"2019";"";"";"";"";"thesis";"dtu|dtu_electronic|dtupub|dtupub_electronic";"";"";"";"";"";"";"";"";"";"";"";"";"";"";"";"";"und";"5d3d83a1d9001d32f558c21d";"";"5d3d83a1d9001d32f558c21d";"DTU Department of Applied Mathematics and Computer Science";"sorbit";"sorbit";"TSCH-over-LoRA: Long Range and Reliable IPv6 Multi-hop Networks for the Internet of Things|TSCH-over-LoRa: Langdistance og palidelige IPv6 multi-hop netværk for Internet of Things."
"";"dtu|dtupub|third_party";"";"2022-01-03T13:13:16.490Z";"Tsang, Pak Ho";"";"2453302199";"";"dtu";"2019";"";"";"";"";"thesis";"dtu|dtu_electronic|dtupub_external";"";"";"";"";"";"";"";"";"";"";"";"";"";"";"";"";"und";"5d6a55e1d9001d452b768611";"";"5d6a55e1d9001d452b768611";"DTU Department of Civil and Mechanical Engineering";"sorbit";"sorbit";"Bio inspired solution for reduced urban heat|Bio inspireret løsning til reduktion af udendørs varme i storbyer"
"";"dtu|dtupub|third_party";"";"2022-01-03T13:13:42.058Z";"Crotti, Giampaolo";"";"2470274075";"";"dtu";"2019";"";"";"";"";"thesis";"dtu|dtu_electronic|dtupub|dtupub_electronic";"";"";"";"";"";"";"";"";"";"";"";"";"";"";"";"";"und";"5dcd449fd9001d035e00bba8";"";"5dcd449fd9001d035e00bba8";"DTU Department of Environmental and Resource Engineering";"sorbit";"sorbit";"River RunFlood Forecast using Artificial Neural Networks for the city of Kulmbach|Afstrømningsprediktioner ved hjælp af neurale netværk for byen Kulmbach"
"";"dtu|dtupub|third_party";"";"2022-01-06T23:55:09.231Z";"Kristensen, Nanna Lykke Rickers";"";"2451028896";"";"dtu";"2019";"";"";"";"";"thesis";"dtu|dtu_electronic|dtupub|dtupub_electronic";"";"";"";"";"";"";"";"";"";"";"";"";"";"";"";"";"und";"5d3d837ed9001d32f558c1b8";"";"5d3d837ed9001d32f558c1b8";"DTU Department of Technology, Management and Economics";"sorbit";"sorbit";"AI voice-assistance in eldercare – designing interactions & ethical considerations|AI voice-assistance in eldercare – designing interactions and ethical considerations"
"";"dtu|dtupub|third_party";"";"2022-01-03T13:04:50.820Z";"Kappert, Mario";"";"2452218004";"";"dtu";"2019";"";"";"";"";"thesis";"dtu|dtu_electronic|dtupub_external";"";"";"";"";"";"";"";"";"";"";"";"";"";"";"";"";"und";"5d529ae2d9001d016c7bad4a";"";"5d529ae2d9001d016c7bad4a";"DTU Department of Applied Mathematics and Computer Science";"sorbit";"sorbit";"Connection of a decentralized IO node considering deterministic and high-availability radio communication|Tilslutning af et decentraliseret IO-knudepunkt i betragtning af deterministisk og høj tilgængelig radiokommunikation"
"";"dtu|dtupub|third_party";"";"2022-01-03T13:05:22.610Z";"Soerensen, Christoffer Vinther";"";"2477420063";"";"dtu";"2019";"";"";"";"";"thesis";"dtu|dtu_electronic|dtupub|dtupub_electronic";"";"";"";"";"";"";"";"";"";"";"";"";"";"";"";"";"und";"5df22e9dd9001d03d63c9763";"";"5df22e9dd9001d03d63c9763";"DTU Department of Biotechnology and Biomedicine";"sorbit";"sorbit";"Discovery and engineering of therapeutic antibodies against toxins from venomous animals|Opdagelse og optimering af terapeutiske antistoffer mod toksiner fra giftige dyr"
"";"dtu|dtupub|third_party";"";"2022-01-11T08:43:52.033Z";"Talleruphuus, Anne Sofie";"";"2448497056";"";"dtu";"2019";"";"";"";"";"thesis";"dtu|dtu_electronic|dtupub|dtupub_electronic";"";"";"";"";"";"";"";"";"";"";"";"";"";"";"";"";"und";"5cf10bded9001d206429933f";"";"5cf10bded9001d206429933f";"DTU Department of Applied Mathematics and Computer Science";"sorbit";"sorbit";"Data augmentation of CT scans|Data augmentation til CT scans"
"";"dtu|dtupub|third_party";"";"2022-01-03T13:16:35.553Z";"Klok, Aske Bluhme";"";"2450969050";"";"dtu";"2019";"";"";"";"";"thesis";"dtu|dtu_electronic|dtupub|dtupub_electronic";"";"";"";"";"";"";"";"";"";"";"";"";"";"";"";"";"und";"5d3c319bd9001d016b246ae3";"";"5d3c319bd9001d016b246ae3";"DTU Department of Health Technology";"sorbit";"sorbit";"Deep learning prediction of brain age in children using sleep EEG|Deep learning prædiktion af børns alder ud fra hjernesignaler (EEG)"
"";"dtu|dtupub|third_party";"";"2022-01-03T13:05:25.299Z";"Laursen, Kathrine Godsvig";"";"2497102067";"";"dtu";"2020";"";"";"";"";"thesis";"dtu|dtu_electronic|dtupub|dtupub_electronic";"";"";"";"";"";"";"";"";"";"";"";"";"";"";"";"";"und";"5e5cf806d9001d01632c0024";"";"5e5cf806d9001d01632c0024";"DTU Department of Civil Engineering";"sorbit";"sorbit";"Integration of client requirements into early stages of building design|Integration af 'client requirements' i tidlige designfaser"
"";"dtu|dtupub|third_party";"";"2022-01-03T13:16:34.796Z";"Langkilde, Simon Rask";"";"2450969000";"";"dtu";"2019";"";"";"";"";"thesis";"dtu|dtu_electronic|dtupub|dtupub_electronic";"";"";"";"";"";"";"";"";"";"";"";"";"";"";"";"";"und";"5d3c3193d9001d016b246ab7";"";"5d3c3193d9001d016b246ab7";"DTU Department of Applied Mathematics and Computer Science";"sorbit";"sorbit";"Lorentzian Finsler Geometry|Lorentz-Finsler Geometri"
"";"dtu|dtupub|third_party";"";"2022-01-06T23:54:25.044Z";"Østergård, Mathias Schmidt";"";"2452033410";"";"dtu";"2019";"";"";"";"";"thesis";"dtu|dtu_electronic|dtupub|dtupub_electronic";"";"";"";"";"";"";"";"";"";"";"";"";"";"";"";"";"und";"5d4ff7f8d9001d1f8a6c4203";"";"5d4ff7f8d9001d1f8a6c4203";"DTU Department of Applied Mathematics and Computer Science";"sorbit";"sorbit";"A Configurable Data Mining System with Data Validation|Et konfigurerbar datamining-system med data validering"
"";"dtu|dtupub|third_party";"";"2022-01-06T23:56:36.825Z";"Qasim, Osama";"";"2604853688";"";"dtu";"2020";"";"";"";"";"thesis";"dtu|dtu_electronic|dtupub_external";"";"";"";"";"";"";"";"";"";"";"";"";"";"";"";"";"und";"5f99604dd9001d016970fe93";"";"5f99604dd9001d016970fe93";"DTU Department of Technology, Management and Economics";"sorbit";"sorbit";"How can Dynamic Simulation be used in Layout Design of an Assembly Department|Hvorledes kan dynamisk simulering blive anvendt ved designet af montagelayout"
"";"dtu|dtupub|third_party";"";"2022-01-03T13:16:35.593Z";"Haagh, Oliver Steensen-Bech";"";"2495864883";"";"dtu";"2020";"";"";"";"";"thesis";"dtu|dtu_electronic|dtupub|dtupub_electronic";"";"";"";"";"";"";"";"";"";"";"";"";"";"";"";"";"und";"5e526bfdd9001d0191679b42";"";"5e526bfdd9001d0191679b42";"DTU Department of Applied Mathematics and Computer Science";"sorbit";"sorbit";"Distributed Identities in the Maritime Domain|Distribuerede Identiteter i det Maritime Domæne"
"";"dtu|dtupub|third_party";"";"2022-01-03T13:13:35.537Z";"Hejjo, Rihab";"";"2448616106";"";"dtu";"2019";"";"";"";"";"thesis";"dtu|dtu_electronic|dtupub|dtupub_electronic";"";"";"";"";"";"";"";"";"";"";"";"";"";"";"";"";"und";"5cf3aee6d9001d2064299346";"";"5cf3aee6d9001d2064299346";"DTU Department of Civil Engineering";"sorbit";"sorbit";"Human response to increased temperatures in offices|Humane respons til forøget temperatur i kontormiljø"
"";"dtu|dtupub|third_party";"";"2022-01-03T13:16:32.615Z";"Ilhan, Ali";"";"2445374250";"";"dtu";"2019";"";"";"";"";"thesis";"dtu|dtu_electronic|dtupub|dtupub_electronic";"";"";"";"";"";"";"";"";"";"";"";"";"";"";"";"";"und";"5ca5b611d9001d48605f3bd6";"";"5ca5b611d9001d48605f3bd6";"DTU Department of Electrical Engineering";"sorbit";"sorbit";"Likelihood Estimation of Drug Occupancy using PET – Generalization to Multiple Doses|Likelihood estimering af lægemiddel occupans udfra PET malinger - generalisering til anvendelse af flere doser"
"";"dtu|dtupub|third_party";"";"2022-01-03T13:05:25.503Z";"Hyldig, Tatiana Legendre -";"";"2525156618";"";"dtu";"2020";"";"";"";"";"thesis";"dtu|dtu_electronic|dtupub_external";"";"";"";"";"";"";"";"";"";"";"";"";"";"";"";"";"und";"5e832576d9001d01923ead8c";"";"5e832576d9001d01923ead8c";"DTU Department of Health Technology";"sorbit";"sorbit";"Investigating biophysical properties of antibodies during the course of in vivo maturation of B-cells by mining of the B-cell repertoire of Kymab mice|Undersøgelse af de biofysiske egenskaber for antistoffer under in vivo modning af B celler ved minering af B celle repertoire fra Kymab mus"
"";"dtu|dtupub|third_party";"";"2022-01-03T13:16:31.683Z";"Gonzalez, Fernando Reyes";"";"2452917559";"";"dtu";"2019";"";"";"";"";"thesis";"dtu|dtu_electronic|dtupub|dtupub_electronic";"";"";"";"";"";"";"";"";"";"";"";"";"";"";"";"";"und";"5d651017d9001d452b768563";"";"5d651017d9001d452b768563";"DTU Department of Civil Engineering";"sorbit";"sorbit";"Wellbore Stability around Salt Bodies|Boreholestabilitet i oliebrønde i nærheden af saltmasse"
"";"dtu|dtupub|third_party";"";"2022-01-03T13:16:56.677Z";"Casas, Gonzalo Rubio";"";"2595078574";"";"dtu";"2020";"";"";"";"";"thesis";"dtu|dtu_electronic|dtupub_external";"";"";"";"";"";"";"";"";"";"";"";"";"";"";"";"";"und";"5f10362fd9001d016b4e1e21";"";"5f10362fd9001d016b4e1e21";"DTU Department of Applied Mathematics and Computer Science";"sorbit";"sorbit";"Formal Verification and Static Analysis of Infrastructure as a Code Environments|Formal Verification and Static Analysis of Infrastructure as a Code Environments"
"There has been an inclination in industrial coatings towards the utilization of more eco-friendly, renewable, and biodegradable solutions. Among these solutions, a material of special interest is nanocellulose, which, owing to its biodegradable and renewable nature in addition to properties such as mechanical robustness, flexibility, low density, non-toxicity, and surface modification ability, has become an extremely popular research topic.<br/><br/>This work dealt with non-contact measurement of coating thickness for nanocellulose-based films and coatings. Knife coating was used throughout the work. Three non-contact methods, viz. NIR spectroscopy, IR thermography, and optical confocal displacement sensing were used to measure thickness of nanocellulose coatings, both in dry and wet state. Two different types of nanocellulosic materials, namely, microfibrillated cellulose (MFC) and cellulose nanofibrils (CNF) were used in the study. Polypropylene, polyether sulfone membrane, and stainless steel were used as substrates.<br/><br/>Optical confocal displacement sensing was found to be the most accurate technique for measuring the thickness of MFC films with an RMS error of 9.3% for wet films and 29.1% for dry films. For CNF films, IR thermography produced best results with an RMS errors of 26.1% and 13.2% for wet and dry films respectively. As evident, the measurements were lacking industry-standard accuracy, which leaves the scope for improvement in future work.";"dtu|dtupub";"BA3508 Functional cellulose";"2022-03-28T07:11:18.008Z";"Jaiswal, Aayush";"";"2708551566";"";"dtu";"2019";"";"";"";"";"thesis";"dtu|dtu_electronic|dtupub|dtupub_electronic";"";"";"";"";"";"";"";"";"";"";"";"";"";"NIR|SDG 13 - Climate Action|SDG 7 - Affordable and Clean Energy|coatings|nanocellulose|non-contact examination|online measurement|thermography|thin-films";"NIR|SDG 13 - Climate Action|SDG 7 - Affordable and Clean Energy|coatings|nanocellulose|non-contact examination|online measurement|thermography|thin-films";"NIR|SDG 13 - Climate Action|SDG 7 - Affordable and Clean Energy|coatings|nanocellulose|non-contact examination|online measurement|thermography|thin-films";"eng";"6231fabe91f966b6f31dc079";"";"6231fabe91f966b6f31dc079";"Åbo Akademi";"vtt";"vtt";"Online measurement techniques for nanocellulose films and coatings"
"";"dtu|dtupub|third_party";"";"2022-01-03T13:16:50.720Z";"Catalani, Lorenzo Maria";"";"2452018743";"";"dtu";"2019";"";"";"";"";"thesis";"dtu|dtu_electronic|dtupub|dtupub_electronic";"";"";"";"";"";"";"";"";"";"";"";"";"";"";"";"";"und";"5d4ea65ed9001d1f8a6c41d2";"";"5d4ea65ed9001d1f8a6c41d2";"DTU Department of Wind and Energy Systems";"sorbit";"sorbit";"Modelling of vortex generator|Modellering af vortex generator"
"";"dtu|dtupub|third_party";"";"2022-01-06T23:56:35.630Z";"Svendsen, Camilla Zimmer";"";"2596339153";"";"dtu";"2020";"";"";"";"";"thesis";"dtu|dtu_electronic|dtupub_external";"";"";"";"";"";"";"";"";"";"";"";"";"";"";"";"";"und";"5f3a662bd9001d01721d7c94";"";"5f3a662bd9001d01721d7c94";"DTU Department of Civil and Mechanical Engineering";"sorbit";"sorbit";"Standardization and modular product design of chocolate depositors at Aasted|Standardisering og modulopbygget produktdesign af chokolade støbere hos Aasted."
"";"dtu|dtupub|third_party";"";"2022-01-06T23:55:13.391Z";"Herskind, Lasse";"";"2495051157";"";"dtu";"2019";"";"";"";"";"thesis";"dtu|dtu_electronic|dtupub|dtupub_electronic";"";"";"";"";"";"";"";"";"";"";"";"";"";"";"";"";"und";"5e47e001d9001d015a028107";"";"5e47e001d9001d015a028107";"DTU Department of Applied Mathematics and Computer Science";"sorbit";"sorbit";"Horizon - Anonymous and Confidential Transactions without a Trusted Third Party|Horizon - Private Værdi-Overførsler uden en Betroet Tredjepart"
"";"dtu|dtupub|third_party";"";"2022-01-03T13:13:20.860Z";"Wischmann, Camilla Sara";"";"2594465449";"";"dtu";"2020";"";"";"";"";"thesis";"dtu|dtu_electronic|dtupub_external";"";"";"";"";"";"";"";"";"";"";"";"";"";"";"";"";"und";"5eff12c0d9001d0169116f9b";"";"5eff12c0d9001d0169116f9b";"DTU DTU National Food Institute";"sorbit";"sorbit";"Replacement of Methylcellulose and other Additives in Plant-based Meat-analogue Products using Enzymes|Erstatning af methylcellulose og andre tilsætningsstoffer i plantebaserede køderstatningsprodukter ved anvendelse af enzymer"
"";"dtu|dtupub|third_party";"";"2022-01-03T13:16:52.142Z";"Karlson, Sofie Melchior";"";"2444259717";"";"dtu";"2019";"";"";"";"";"thesis";"dtu|dtu_electronic|dtupub|dtupub_electronic";"";"";"";"";"";"";"";"";"";"";"";"";"";"";"";"";"und";"5c7fb8ffd9001d361b4cd4fe";"";"5c7fb8ffd9001d361b4cd4fe";"DTU Department of Technology, Management and Economics";"sorbit";"sorbit";"Design guide for sustainable buildings|Design guide til bæredygtige bygninger"
"";"dtu|dtupub|third_party";"";"2022-01-03T13:13:42.166Z";"Larsen, Mads Scharling";"";"2490470817";"";"dtu";"2020";"";"";"";"";"thesis";"dtu|dtu_electronic|dtupub|dtupub_electronic";"";"";"";"";"";"";"";"";"";"";"";"";"";"";"";"";"und";"5e356b0fd9001d01573c152a";"";"5e356b0fd9001d01573c152a";"DTU Department of Civil and Mechanical Engineering";"sorbit";"sorbit";"Smart Electromagnetic Damping of Stay-Cables|Smart elektromagnetisk dæmping af skrastage"
"";"dtu|dtupub|third_party";"";"2022-01-06T23:56:35.786Z";"Guanziroli, Francesco";"";"2597735927";"";"dtu";"2020";"";"";"";"";"thesis";"dtu|dtu_electronic|dtupub_external";"";"";"";"";"";"";"";"";"";"";"";"";"";"";"";"";"und";"5f688a7ad9001d0169505fef";"";"5f688a7ad9001d0169505fef";"DTU Department of Electrical Engineering";"sorbit";"sorbit";"Digital twin of the heating and cooling system of the Siemens Gamesa SWT-6.0-154|Digital twin of the heating and cooling system of the Siemens Gamesa SWT-6.0-154"
"";"dtu|dtupub|third_party";"";"2022-01-03T13:16:52.455Z";"Thaarup, Martin";"";"2444760396";"";"dtu";"2019";"";"";"";"";"thesis";"dtu|dtu_electronic|dtupub|dtupub_electronic";"";"";"";"";"";"";"";"";"";"";"";"";"";"";"";"";"und";"5c90dc86d9001d017d637d28";"";"5c90dc86d9001d017d637d28";"DTU Department of Civil Engineering";"sorbit";"sorbit";"Optimized design of steel car parks for fully spread fires|Optimalt design af stal parkeringspladser til fuld brand spredning"
"";"dtu|dtupub|third_party";"";"2022-01-06T23:54:31.603Z";"Lambaa-Bonde, Emma";"";"2597447581";"";"dtu";"2020";"";"";"";"";"thesis";"dtu|dtu_electronic|dtupub_external";"";"";"";"";"";"";"";"";"";"";"";"";"";"";"";"";"und";"5f5cacf4d9001d01706cbca7";"";"5f5cacf4d9001d01706cbca7";"DTU Department of Biotechnology and Biomedicine";"sorbit";"sorbit";"Development of a Point-Of-Care assay to detect Streptococcus agalactiae, Group B streptococcus (GBS)|Udvikling af Point-Of-Care assay til detektion af Streptococcus agalactiae, Group B streptococcus (GBS)"
"";"dtu|dtupub|third_party";"";"2022-01-03T13:16:58.463Z";"Gaspar, Tiago Alexandre Neves";"";"2596404219";"";"dtu";"2020";"";"";"";"";"thesis";"dtu|dtu_electronic|dtupub|dtupub_electronic";"";"";"";"";"";"";"";"";"";"";"";"";"";"";"";"";"und";"5f3bb7a8d9001d01721d7cda";"";"5f3bb7a8d9001d01721d7cda";"DTU Department of Technology, Management and Economics";"sorbit";"sorbit";"Multi-Factor Portfolio Construction: A Risk-Based Approach|Multi-Factor Portfolio Construction: A Risk-Based Approach"
"";"dtu|dtupub|third_party";"";"2022-01-03T13:16:32.647Z";"Thúróczy, Tomás";"";"2445374279";"";"dtu";"2019";"";"";"";"";"thesis";"dtu|dtu_electronic|dtupub_external";"";"";"";"";"";"";"";"";"";"";"";"";"";"";"";"";"und";"5ca5b62ed9001d48605f3c05";"";"5ca5b62ed9001d48605f3c05";"DTU Department of Electrical Engineering";"sorbit";"sorbit";"W- to Ka- band frequency converter|W- til Ka-band frekvensomformer"
"";"dtu|dtupub|third_party";"";"2022-01-03T13:13:11.144Z";"Andersen, Mathias";"";"2444474353";"";"dtu";"2019";"";"";"";"";"thesis";"dtu|dtu_electronic|dtupub|dtupub_electronic";"";"";"";"";"";"";"";"";"";"";"";"";"";"";"";"";"und";"5c7bc486d9001d361b4cd423";"";"5c7bc486d9001d361b4cd423";"DTU Department of Civil Engineering";"sorbit";"sorbit";"Welding residual stresses in offshore steel structures|Svejseresidualspændinger i offshore stalkonstruktioner"
"";"dtu|dtupub|third_party";"";"2022-01-03T13:05:54.582Z";"Carstensen, Laura Stentoft";"";"2598443196";"";"dtu";"2020";"";"";"";"";"thesis";"dtu|dtu_electronic|dtupub|dtupub_electronic";"";"";"";"";"";"";"";"";"";"";"";"";"";"";"";"";"und";"5f744536d9001d5518098ac3";"";"5f744536d9001d5518098ac3";"DTU Department of Health Technology";"sorbit";"sorbit";"Evaluating the combined use of CD4+ T cell transfer and nanoparticle vaccination in syngeneic, murine models of cancer|Evaluering af kombinations behandling med CD4+ T celle transfer og nanopartikel vaccination i murine cancer modeller"
"";"dtu|dtupub|third_party";"";"2022-01-03T13:05:25.508Z";"Andonovski, Christian Jovan";"";"2525156619";"";"dtu";"2020";"";"";"";"";"thesis";"dtu|dtu_electronic|dtupub_external";"";"";"";"";"";"";"";"";"";"";"";"";"";"";"";"";"und";"5e832576d9001d01923ead8d";"";"5e832576d9001d01923ead8d";"DTU Department of Technology, Management and Economics";"sorbit";"sorbit";"Analysis, design validation and redesign of a mobility device (entrepreneurship thesis)|Analyse, designvalidering og redesign af et mobilitetsapparat (iværksætteri-afhandling)"
"";"dtu|dtupub|third_party";"";"2022-01-03T13:16:35.911Z";"Stentoft, Hans Lindenberg";"";"2595588468";"";"dtu";"2020";"";"";"";"";"thesis";"dtu|dtu_electronic|dtupub_external";"";"";"";"";"";"";"";"";"";"";"";"";"";"";"";"";"und";"5f200856d9001d016b4e2164";"";"5f200856d9001d016b4e2164";"DTU Department of Technology, Management and Economics";"sorbit";"sorbit";"Optimization of the demand & supply of loggers: Setting up an optimized supply chain model for new vendor|Optimering af udbud og efterspørgsel af temperaturloggere: Design af model for forsyningskæden for ny leverandør"
"";"dtu|dtupub|third_party";"";"2022-01-06T23:56:34.002Z";"Ringive, Simon Outzen";"";"2594426759";"";"dtu";"2020";"";"";"";"";"thesis";"dtu|dtu_electronic|dtupub|dtupub_electronic";"";"";"";"";"";"";"";"";"";"";"";"";"";"";"";"";"und";"5efdc165d9001d0169116f7a";"";"5efdc165d9001d0169116f7a";"DTU Department of Technology, Management and Economics";"sorbit";"sorbit";"Design & evaluation of a seed stage startup accelerator|Design and evaluering af en seed stage startup accelerator"
"";"dtu|dtupub|third_party";"";"2022-01-03T13:16:36.743Z";"Barthelemy, Guillermo Botella";"";"2448324480";"";"dtu";"2019";"";"";"";"";"thesis";"dtu|dtu_electronic|dtupub|dtupub_electronic";"";"";"";"";"";"";"";"";"";"";"";"";"";"";"";"";"und";"5cee68fad9001d206429932b";"";"5cee68fad9001d206429932b";"DTU Department of Electrical Engineering";"sorbit";"sorbit";"Thermal modelling and optimized transformer utilization for offshore windfarms|Termisk modellering og optimeret udnyttelse af transformere for offshore vindmølleparker"
"";"dtu|dtupub|third_party";"";"2022-01-03T13:16:52.470Z";"Reusch, Niklas";"";"2450280097";"";"dtu";"2019";"";"";"";"";"thesis";"dtu|dtu_electronic|dtupub|dtupub_electronic";"";"";"";"";"";"";"";"";"";"";"";"";"";"";"";"";"und";"5d1c8d65d9001d146569a498";"";"5d1c8d65d9001d146569a498";"DTU Department of Applied Mathematics and Computer Science";"sorbit";"sorbit";"Flexible Scheduling of Time-Triggered Traffic in Time-Sensitive Networking|Fleksibel planlægning af tids-aktiveret traffik i tidsfølsomme netværk"
"";"dtu|dtupub|third_party";"";"2022-01-03T13:16:52.388Z";"Bruun, Christian Gjessing";"";"2448777767";"";"dtu";"2019";"";"";"";"";"thesis";"dtu|dtu_electronic|dtupub|dtupub_electronic";"";"";"";"";"";"";"";"";"";"";"";"";"";"";"";"";"und";"5cf8f4dfd9001d010a45c003";"";"5cf8f4dfd9001d010a45c003";"DTU Department of Civil Engineering";"sorbit";"sorbit";"Optimization of building operation using high-resolution sensor data|Optimering af bygningsdrift med detaljeret sensor data"
"";"dtu|dtupub|third_party";"";"2022-01-03T13:05:42.382Z";"Gudmann, Tommy";"";"2444586720";"";"dtu";"2019";"";"";"";"";"thesis";"dtu|dtu_electronic|dtupub|dtupub_electronic";"";"";"";"";"";"";"";"";"";"";"";"";"";"";"";"";"und";"5c8e3985d9001d017a0bd825";"";"5c8e3985d9001d017a0bd825";"DTU Department of Technology, Management and Economics";"sorbit";"sorbit";"Implementation of safety management systems and their effectiveness in reducing risk|Implementering af sikkerhedsledelsessystemer og deres risikoreducerende effekt"
"";"dtu|dtupub|third_party";"";"2022-01-03T13:16:34.045Z";"Schlüter, Hjørdis Amanda";"";"2451028651";"";"dtu";"2019";"";"";"";"";"thesis";"dtu|dtu_electronic|dtupub|dtupub_electronic";"";"";"";"";"";"";"";"";"";"";"";"";"";"";"";"";"und";"5d3d8340d9001d32f558c12c";"";"5d3d8340d9001d32f558c12c";"DTU Department of Applied Mathematics and Computer Science";"sorbit";"sorbit";"Elliptic methods for hybrid inverse problems|Elliptiske metoder for hybride inverse problemer"
"";"dtu|dtupub|third_party";"";"2022-01-03T13:05:42.479Z";"Kongsted, Sofie Amalie";"";"2452917506";"";"dtu";"2019";"";"";"";"";"thesis";"dtu|dtu_electronic|dtupub|dtupub_electronic";"";"";"";"";"";"";"";"";"";"";"";"";"";"";"";"";"und";"5d651011d9001d452b768551";"";"5d651011d9001d452b768551";"DTU Department of Technology, Management and Economics";"sorbit";"sorbit";"A study on multi-terminal berth allocation and the impact of speed optimization|A study on multi-terminal berth allocation and the impact of speed optimization"
"";"dtu|dtupub|third_party";"";"2022-01-03T13:13:22.283Z";"Topalian, Sebastian Olivier Nymann";"";"2597481476";"";"dtu";"2020";"";"";"";"";"thesis";"dtu|dtu_electronic|dtupub|dtupub_electronic";"";"";"";"";"";"";"";"";"";"";"";"";"";"";"";"";"und";"5f5f5014d9001d01706cbd2f";"";"5f5f5014d9001d01706cbd2f";"DTU Department of Chemical and Biochemical Engineering";"sorbit";"sorbit";"Data-driven modelling of wastewater treatment plants|Datadrevet modellering af spildevandsrensningsanlæg"
"";"dtu|dtupub|third_party";"";"2022-01-03T13:04:52.586Z";"Cassias, Johan";"";"2514204406";"";"dtu";"2020";"";"";"";"";"thesis";"dtu|dtu_electronic|dtupub_external";"";"";"";"";"";"";"";"";"";"";"";"";"";"";"";"";"und";"5e736182d9001d01712988ab";"";"5e736182d9001d01712988ab";"DTU Department of Biotechnology and Biomedicine";"sorbit";"sorbit";"Development of an LC-MS method for quantification of the intracellular nucleotide metabolome|Udvikling af en LC-MS metode til kvantificering af det intracellulære nukleotid-metabolom"
"";"dtu|dtupub|third_party";"";"2022-01-03T13:13:20.816Z";"Devilee, Jari";"";"2594426673";"";"dtu";"2020";"";"";"";"";"thesis";"dtu|dtu_electronic|dtupub|dtupub_electronic";"";"";"";"";"";"";"";"";"";"";"";"";"";"";"";"";"und";"5efdc15dd9001d0169116f63";"";"5efdc15dd9001d0169116f63";"DTU Department of Civil Engineering";"sorbit";"sorbit";"Flexibility design for optimization of bridge girder|Design af fleksibilitet til optimering af brodrager"
"";"dtu|dtupub|third_party";"";"2022-01-03T13:16:45.767Z";"Unnarsson, Eyjólfur";"";"2597319565";"";"dtu";"2020";"";"";"";"";"thesis";"dtu|dtu_electronic|dtupub_external";"";"";"";"";"";"";"";"";"";"";"";"";"";"";"";"";"und";"5f58b8a8d9001d01706cbc5b";"";"5f58b8a8d9001d01706cbc5b";"DTU Department of Civil and Mechanical Engineering";"sorbit";"sorbit";"Thermal optimization of plastic containers for dry-ice storage|Termisk optimering af plastikbeholdere til opbevaring af tøris"
"";"dtu|dtupub|third_party";"";"2022-01-03T13:05:27.536Z";"Ruiz, José María Garrachón";"";"2596339154";"";"dtu";"2020";"";"";"";"";"thesis";"dtu|dtu_electronic|dtupub_external";"";"";"";"";"";"";"";"";"";"";"";"";"";"";"";"";"und";"5f3a662bd9001d01721d7c95";"";"5f3a662bd9001d01721d7c95";"DTU Department of Electrical Engineering";"sorbit";"sorbit";"State-of-the-art SWAP-C AUV navigation|Avanceret SWAP-C AUV-navigation"
"";"dtu|dtupub|third_party";"";"2022-01-03T13:13:23.088Z";"Alimagham, Kamran Thomas";"";"2598587207";"";"dtu";"2020";"";"";"";"";"thesis";"dtu|dtu_electronic|dtupub|dtupub_electronic";"";"";"";"";"";"";"";"";"";"";"";"";"";"";"";"";"und";"5f770bb5d9001d5518098b3e";"";"5f770bb5d9001d5518098b3e";"DTU Department of Applied Mathematics and Computer Science";"sorbit";"sorbit";"Simulating Recommender Agents for Hearing Health Care using Reinforcement Learning|Simulering af recommender system agenter med brug af reinforcement learning"
"";"dtu|dtupub|third_party";"";"2022-01-03T13:05:24.041Z";"Møller, Mette Torsbjerg";"";"2499452692";"";"dtu";"2020";"";"";"";"";"thesis";"dtu|dtu_electronic|dtupub|dtupub_electronic";"";"";"";"";"";"";"";"";"";"";"";"";"";"";"";"";"und";"5e623e05d9001d018609a0e3";"";"5e623e05d9001d018609a0e3";"DTU Department of Environmental and Resource Engineering";"sorbit";"sorbit";"Biodegradation kinetics of a complex mixture in treated wastewater|Bionedbrydningskinetik af en kompleks blanding i udløbsvandet fra et renseanlæg"
"";"dtu|dtupub|third_party";"";"2022-01-03T13:05:48.975Z";"Zhu, Guojian";"";"2460637544";"";"dtu";"2019";"";"";"";"";"thesis";"dtu|dtu_electronic|dtupub|dtupub_electronic";"";"";"";"";"";"";"";"";"";"";"";"";"";"";"";"";"und";"5d7e1c7bd9001d016f1553ca";"";"5d7e1c7bd9001d016f1553ca";"DTU Department of Technology, Management and Economics";"sorbit";"sorbit";"Mobility assessment for transport infrastructure expansion: framework and a case study|Vurdering af tilgængelighed ved udvidelse af trafikal infrastruktur: modelramme og case-studie"
"";"dtu|dtupub|third_party";"";"2022-01-03T13:13:19.037Z";"Helgason, Atli Páll";"";"2452825580";"";"dtu";"2019";"";"";"";"";"thesis";"dtu|dtu_electronic|dtupub_external";"";"";"";"";"";"";"";"";"";"";"";"";"";"";"";"";"und";"5d626cf9d9001d0887793017";"";"5d626cf9d9001d0887793017";"DTU Department of Technology, Management and Economics";"sorbit";"sorbit";"Optimal Trading Strategies for the Pound Sterling - Focusing on the period after the Brexit Vote|Optimale handelsstrategier for den britiske pund - med fokus pa perioden efter Brexit afstemningen"
"";"dtu|dtupub|third_party";"";"2022-01-06T23:55:09.328Z";"Guillon, Thomas Louis Etienne";"";"2451029056";"";"dtu";"2019";"";"";"";"";"thesis";"dtu|dtu_electronic|dtupub|dtupub_electronic";"";"";"";"";"";"";"";"";"";"";"";"";"";"";"";"";"und";"5d3d83dad9001d32f558c28f";"";"5d3d83dad9001d32f558c28f";"DTU Department of Civil Engineering";"sorbit";"sorbit";"CLT based structural systems: comparison of structural, economical and architectural properties. Design and analysis of connection concepts|CLT baserede konstruktive systemer, en sammen ligning af konstruktive, økonomiske og arkitektoniske forhold."
"";"dtu|dtupub|third_party";"";"2022-01-03T13:04:51.166Z";"Mücke, Nikolaj Takata";"";"2444215378";"";"dtu";"2019";"";"";"";"";"thesis";"dtu|dtu_electronic|dtupub|dtupub_electronic";"";"";"";"";"";"";"";"";"";"";"";"";"";"";"";"";"und";"5c752d10d9001d016d4b586a";"";"5c752d10d9001d016d4b586a";"DTU Department of Applied Mathematics and Computer Science";"sorbit";"sorbit";"Optimal Control of Nonlinear PDE Systems Using Reduced Order Modeling and Neural Networks|Optimal kontrol af ikke-lineære PDE systemer ved brug af modelreduktion og neurale netværk"
"";"dtu|dtupub|third_party";"";"2022-01-03T13:13:16.889Z";"Jensen, Simon Bo";"";"2445640331";"";"dtu";"2019";"";"";"";"";"thesis";"dtu|dtu_electronic|dtupub|dtupub_electronic";"";"";"";"";"";"";"";"";"";"";"";"";"";"";"";"";"und";"5cac7dfbd9001d016b01743a";"";"5cac7dfbd9001d016b01743a";"DTU Department of Civil and Mechanical Engineering";"sorbit";"sorbit";"Control of Rotor-Bearing System Dynamics Interacting with Gas Seal Forces - Design, Implementation and Analysis|Regulering af Rotor-Leje System Dynamik Vekselvirkende med Gastætning Kræfter - Design, Implementering og Analyse"
"";"dtu|dtupub|third_party";"";"2022-01-03T13:05:14.632Z";"Lanters, Chloe Annelies";"";"2444215409";"";"dtu";"2019";"";"";"";"";"thesis";"dtu|dtu_electronic|dtupub|dtupub_electronic";"";"";"";"";"";"";"";"";"";"";"";"";"";"";"";"";"und";"5c752d2cd9001d016d4b58a9";"";"5c752d2cd9001d016d4b58a9";"DTU Department of Environmental and Resource Engineering";"sorbit";"sorbit";"Model-based investigation of solute transport in macropores and heterogeneous fractured clay till|Model-baseret undersøgelse af stoftransport i makroporer og heterogen sprækket moræneler"
"";"dtu|dtupub|third_party";"";"2022-01-03T13:13:15.414Z";"Lucchetta, Fabio";"";"2444474373";"";"dtu";"2019";"";"";"";"";"thesis";"dtu|dtu_electronic|dtupub|dtupub_electronic";"";"";"";"";"";"";"";"";"";"";"";"";"";"";"";"";"und";"5c7bc4bcd9001d361b4cd49c";"";"5c7bc4bcd9001d361b4cd49c";"DTU Department of Civil and Mechanical Engineering";"sorbit";"sorbit";"Optimization of heat pump for utilization of geothermal energy in district heating|Optimering af varmepumpe for udnyttelse af geotermisk energi i fjernvarme"
"";"dtu|dtupub|third_party";"";"2022-01-03T13:05:45.044Z";"Laier, Anna von Halling|Rossing, Jonas Hem";"";"2451029121";"";"dtu";"2019";"";"";"";"";"thesis";"dtu|dtu_electronic|dtupub|dtupub_electronic";"";"";"";"";"";"";"";"";"";"";"";"";"";"";"";"";"und";"5d3d8404d9001d32f558c2f9";"";"5d3d8404d9001d32f558c2f9";"DTU Department of Electrical Engineering";"sorbit";"sorbit";"Characterization and evaluation of 82Rb PET in a pre-clinical scanner|Karakterisering og evaluering af 82Rb PET i en præ-klinisk scanner"
"";"dtu|dtupub|third_party";"";"2022-01-03T13:05:46.767Z";"Mongoin, Nicolas";"";"2451183674";"";"dtu";"2019";"";"";"";"";"thesis";"dtu|dtu_electronic|dtupub|dtupub_electronic";"";"";"";"";"";"";"";"";"";"";"";"";"";"";"";"";"und";"5d46bd83d9001d32f558c4cd";"";"5d46bd83d9001d32f558c4cd";"DTU Department of Civil Engineering";"sorbit";"sorbit";"Development of an arch roof structure based on the Pearl-Chain concept|Udvikling af bueformet tagkonstruktion baseret pa Perlekædearmering"
"";"dtu|dtupub|third_party";"";"2022-01-03T13:13:40.998Z";"Varnavskaya, Ekaterina";"";"2451175672";"";"dtu";"2019";"";"";"";"";"thesis";"dtu|dtu_electronic|dtupub_external";"";"";"";"";"";"";"";"";"";"";"";"";"";"";"";"";"und";"5d456c09d9001d32f558c490";"";"5d456c09d9001d32f558c490";"DTU Department of Civil and Mechanical Engineering";"sorbit";"sorbit";"Energy Analysis of Hydronic Heating System with Low Enthalpy Geothermal Source|Energianalyse af vandbaret varmeforsyning med lavtemperatur geotermisk varmekilde"
"";"dtu|dtupub|third_party";"";"2022-01-03T13:05:22.122Z";"Lyons, John Thomas";"";"2452995102";"";"dtu";"2019";"";"";"";"";"thesis";"dtu|dtu_electronic|dtupub_external";"";"";"";"";"";"";"";"";"";"";"";"";"";"";"";"";"und";"5d67b2e0d9001d452b7685da";"";"5d67b2e0d9001d452b7685da";"DTU Department of Wind and Energy Systems";"sorbit";"sorbit";"Applied Machine Learning Techniques for Performance Analysis in Large Wind Farms|Anvendte maskin indlærings teknikker til ydelsesanalyse i store vindparker"
"";"dtu|dtupub|third_party";"";"2022-01-03T13:05:18.611Z";"Tsagkaroulis, Panagiotis";"";"2453685671";"";"dtu";"2019";"";"";"";"";"thesis";"dtu|dtu_electronic|dtupub|dtupub_electronic";"";"";"";"";"";"";"";"";"";"";"";"";"";"";"";"";"und";"5d7b796dd9001d03f84818db";"";"5d7b796dd9001d03f84818db";"DTU Department of Electrical Engineering";"sorbit";"sorbit";"Individual Flexibility Profiles of EV Users for Optimization of Ancillary Service Provision and Charging with Electric Vehicles|Individuelle fleksibilitetsprofiler af elbilsbrugere til optimering af netydelser og opladning af elbiler"
"";"dtu|dtupub|third_party";"";"2022-01-03T13:05:54.731Z";"Kowalski, Coralie";"";"2604853457";"";"dtu";"2020";"";"";"";"";"thesis";"dtu|dtu_electronic|dtupub|dtupub_electronic";"";"";"";"";"";"";"";"";"";"";"";"";"";"";"";"";"und";"5f99603cd9001d016970fe50";"";"5f99603cd9001d016970fe50";"DTU Department of Technology, Management and Economics";"sorbit";"sorbit";"Using GIS-based Energy Mapping to Accelerate the Deployment of Urban District Energy Systems|GIS-baseret energikortlægning skal fremskynde implementeringen af distriktenergisystemer"
"";"dtu|dtupub|third_party";"";"2022-01-03T13:13:21.765Z";"Jeune, Pierre Jean Le";"";"2595223024";"";"dtu";"2020";"";"";"";"";"thesis";"dtu|dtu_electronic|dtupub|dtupub_electronic";"";"";"";"";"";"";"";"";"";"";"";"";"";"";"";"";"und";"5f157c3cd9001d016b4e1eb1";"";"5f157c3cd9001d016b4e1eb1";"DTU Department of Applied Mathematics and Computer Science";"sorbit";"sorbit";"3D Ken Burns effect with Generative Adversarial networks|3D Ken Burns effekter med Generative Adverserial netværk"
"";"dtu|dtupub|third_party";"";"2022-01-03T13:13:19.689Z";"Sumampouw, Giovanni Arneldi";"";"2596403846";"";"dtu";"2020";"";"";"";"";"thesis";"dtu|dtu_electronic|dtupub|dtupub_electronic";"";"";"";"";"";"";"";"";"";"";"";"";"";"";"";"";"und";"5f3bb79dd9001d01721d7cc3";"";"5f3bb79dd9001d01721d7cc3";"DTU DTU National Food Institute";"sorbit";"sorbit";"Optimization of extraction of phenolic antioxidants from Fucus vesiculosus by pressurized liquid extraction|Optimering af ekstraktion af phenoliske antioxidanter fra Fucus vesiculosus ved brug af væskeekstraktion under tryk"
"";"dtu|dtupub|third_party";"";"2022-01-03T13:05:23.756Z";"Sandfeld, Camilla";"";"2489514644";"";"dtu";"2019";"";"";"";"";"thesis";"dtu|dtu_electronic|dtupub_external";"";"";"";"";"";"";"";"";"";"";"";"";"";"";"";"";"und";"5e3419a3d9001d01573c14fe";"";"5e3419a3d9001d01573c14fe";"DTU Department of Chemical and Biochemical Engineering";"sorbit";"sorbit";"Improving barrier properties of multi-layer polyethylene films to enable recycling|Forbedring af barriereegenskaber for genanvendelige polyetylen multilagsfolier"
"";"dtu|dtupub|third_party";"";"2022-01-03T13:05:27.541Z";"Ahlgren, Benjamin";"";"2595983853";"";"dtu";"2020";"";"";"";"";"thesis";"dtu|dtu_electronic|dtupub|dtupub_electronic";"";"";"";"";"";"";"";"";"";"";"";"";"";"";"";"";"und";"5f2d3723d9001d016b4e23c9";"";"5f2d3723d9001d016b4e23c9";"DTU Department of Civil Engineering";"sorbit";"sorbit";"Optimization of the design and control of solar thermal fields with parabolic trough collectors, flat plate collectors and seasonal storage|Optimering af udformning og styresystem for solvarmecentraler baseret pa PTC solfangere, plane solfangere og sæsonvarmelager"
"";"dtu|dtupub|third_party";"";"2022-01-03T13:05:27.740Z";"Hoffmann, Sarah Maria Elisabeth";"";"2596339131";"";"dtu";"2020";"";"";"";"";"thesis";"dtu|dtu_electronic|dtupub_external";"";"";"";"";"";"";"";"";"";"";"";"";"";"";"";"";"und";"5f3a6621d9001d01721d7c68";"";"5f3a6621d9001d01721d7c68";"DTU Department of Civil Engineering";"sorbit";"sorbit";"Modelling of improvements to domestic hot water systems based on district heating|Modellering af forbedringer af varmt brugsvandssystemer baseret pa fjernvarme"
"";"dtu|dtupub|third_party";"";"2022-01-03T13:05:42.022Z";"Laczek, Kim";"";"2445374393";"";"dtu";"2019";"";"";"";"";"thesis";"dtu|dtu_electronic|dtupub_external";"";"";"";"";"";"";"";"";"";"";"";"";"";"";"";"";"und";"5ca5b6b6d9001d48605f3c82";"";"5ca5b6b6d9001d48605f3c82";"DTU Department of Chemical and Biochemical Engineering";"sorbit";"sorbit";"Experimental investigation of a water jet CIP cleaning device|Eksperimentelt undersøgelse af en vand jet CIP rengørings udstyr"
"";"dtu|dtupub|third_party";"";"2025-10-16T00:34:01.530Z";"Bourgeois, César Antonin Jean";"";"2874581365";"";"dtu";"2019";"";"";"";"";"thesis";"dtu|dtu_electronic|dtupub|dtupub_electronic";"";"";"";"";"";"";"";"";"";"";"";"";"";"";"";"";"und";"68f037f13f3af115e13acf9a";"";"68f037f13f3af115e13acf9a";"DTU Department of Wind and Energy Systems";"sorbit";"sorbit";"Quantification of variability in offshore wind turbine jacket fatigue damage from environmental variations|Kvantificering af variabilitet i offshore vindmøllejakke træthedskader fra miljøvariationer"
"";"dtu|dtupub|third_party";"";"2022-01-03T13:13:42.217Z";"Madsen, Peter Ditlev Tarras";"";"2497102629";"";"dtu";"2020";"";"";"";"";"thesis";"dtu|dtu_electronic|dtupub|dtupub_electronic";"";"";"";"";"";"";"";"";"";"";"";"";"";"";"";"";"und";"5e5cf80cd9001d01632c0040";"";"5e5cf80cd9001d01632c0040";"DTU Department of Civil and Mechanical Engineering";"sorbit";"sorbit";"Microstructure evolution in tungsten alloys at high temperatures|Mikrostruktur udvikling i wolfram legeringer ved høje temperaturer"
"";"dtu|dtupub|third_party";"";"2022-01-06T23:56:30.848Z";"Guillebeaud, Florian";"";"2451153128";"";"dtu";"2019";"";"";"";"";"thesis";"dtu|dtu_electronic|dtupub_external";"";"";"";"";"";"";"";"";"";"";"";"";"";"";"";"";"und";"5d42c8edd9001d32f558c3b8";"";"5d42c8edd9001d32f558c3b8";"DTU Department of Wind and Energy Systems";"sorbit";"sorbit";"Development of a methodology to estimate vessel performance (operation efficiency and cost impact) on wind farm installation through vessel displacement analysis|Udvikling af en metode til at analyse fartøjers bevægelsesmønster ved offshore vindmølleparker og derigennem estimere deres indflydelse pa savel den samlede investering som pa driftsomkostningerne."
"";"dtu|dtupub|third_party";"";"2022-01-03T13:16:32.591Z";"Kongstad, Lauge";"";"2443553250";"";"dtu";"2019";"";"";"";"";"thesis";"dtu|dtu_electronic|dtupub|dtupub_electronic";"";"";"";"";"";"";"";"";"";"";"";"";"";"";"";"";"und";"5c52e621d9001d01677a4de6";"";"5c52e621d9001d01677a4de6";"DTU Department of Civil and Mechanical Engineering";"sorbit";"sorbit";"Modelling of thermal response of containers and their cargo|Modelling of thermal response of containers and their cargo"
"";"dtu|dtupub|third_party";"";"2022-01-06T23:56:29.763Z";"Otzen, Mikkel";"";"2444760392";"";"dtu";"2019";"";"";"";"";"thesis";"dtu|dtu_electronic|dtupub|dtupub_electronic";"";"";"";"";"";"";"";"";"";"";"";"";"";"";"";"";"und";"5c90dc85d9001d017d637d1e";"";"5c90dc85d9001d017d637d1e";"DTU Department of Space Research and Space Technology";"sorbit";"sorbit";"Probabilistic inversion of satellite magnetic data using geostatistical simulation in spherical geometry|Probabilistisk inversion af magnetisk data fra satellitter ved brug af geostatistisk simulation i sfærisk geometri"
"";"dtu|dtupub|third_party";"";"2022-01-03T13:13:09.762Z";"Wodzka, Emilia";"";"2524918630";"";"dtu";"2020";"";"";"";"";"thesis";"dtu|dtu_electronic|dtupub|dtupub_electronic";"";"";"";"";"";"";"";"";"";"";"";"";"";"";"";"";"und";"5e7ded8dd9001d016d012cf8";"";"5e7ded8dd9001d016d012cf8";"DTU Department of Applied Mathematics and Computer Science";"sorbit";"sorbit";"Generating Semantic Information from Video Surveillance for Behaviour Analysis|Generering af Semantisk Information fra Videoovervagning til Adfærdsanalyse"
"";"dtu|dtupub|third_party";"";"2022-01-03T13:16:35.831Z";"Olsen, Kenneth Dan";"";"2595356310";"";"dtu";"2020";"";"";"";"";"thesis";"dtu|dtu_electronic|dtupub|dtupub_electronic";"";"";"";"";"";"";"";"";"";"";"";"";"";"";"";"";"und";"5f181f33d9001d016b4e1f31";"";"5f181f33d9001d016b4e1f31";"DTU Department of Civil Engineering";"sorbit";"sorbit";"Generalized block tearing - Theory and experiments|Generaliseret blokudrivning - Teori og forsøg"
"";"dtu|dtupub|third_party";"";"2022-01-03T13:16:52.448Z";"Poulsen, Christine Thue";"";"2451153124";"";"dtu";"2019";"";"";"";"";"thesis";"dtu|dtu_electronic|dtupub|dtupub_electronic";"";"";"";"";"";"";"";"";"";"";"";"";"";"";"";"";"und";"5d42c8e5d9001d32f558c3ab";"";"5d42c8e5d9001d32f558c3ab";"DTU Department of Chemistry";"sorbit";"sorbit";"Synthesis of a natural product-derived compound collection|Syntese af et bibliotek af naturstof derivater"
"";"dtu|dtupub|third_party";"";"2022-01-03T13:13:42.095Z";"Johannsen, Mathilde";"";"2494993757";"";"dtu";"2020";"";"";"";"";"thesis";"dtu|dtu_electronic|dtupub|dtupub_electronic";"";"";"";"";"";"";"";"";"";"";"";"";"";"";"";"";"und";"5e468e7ed9001d015a0280e6";"";"5e468e7ed9001d015a0280e6";"DTU Department of Civil and Mechanical Engineering";"sorbit";"sorbit";"An experimental investigation of current-induced seabed scour around artificial reefs|Eksperimental undersøgelse af strøm-induceret erosion af havbunden omkring kunstige rev"
"";"dtu|dtupub|third_party";"";"2022-01-03T13:13:23.455Z";"Sparre, Natasja Vesterskov Gjørup";"";"2597274442";"";"dtu";"2020";"";"";"";"";"thesis";"dtu|dtu_electronic|dtupub_external";"";"";"";"";"";"";"";"";"";"";"";"";"";"";"";"";"und";"5f576703d9001d01706cbbc8";"";"5f576703d9001d01706cbbc8";"DTU Department of Chemical and Biochemical Engineering";"sorbit";"sorbit";"Test and evaluation of adhesive paste in complicated geometries|Test og evaluering af klæberpasta i komplicerede geometrier"
"";"dtu|dtupub|third_party";"";"2022-01-03T13:05:47.906Z";"Zhang, Ning";"";"2452682960";"";"dtu";"2019";"";"";"";"";"thesis";"dtu|dtu_electronic|dtupub|dtupub_electronic";"";"";"";"";"";"";"";"";"";"";"";"";"";"";"";"";"und";"5d593295d9001d05d7613b3b";"";"5d593295d9001d05d7613b3b";"DTU Department of Technology, Management and Economics";"sorbit";"sorbit";"Business Model Innovating through Design Thinking principles for a Start-up Company about Chinese tea culture promoting|Forretningsmodel Innovating med Design Thinking principper for en Start-up firma til Kinesisk te kultur"
"";"dtu|dtupub|third_party";"";"2022-01-03T13:05:20.049Z";"Hjaltalín, Bríet";"";"2452037934";"";"dtu";"2019";"";"";"";"";"thesis";"dtu|dtu_electronic|dtupub_external";"";"";"";"";"";"";"";"";"";"";"";"";"";"";"";"";"und";"5d514961d9001d1f8a6c421d";"";"5d514961d9001d1f8a6c421d";"DTU Department of Technology, Management and Economics";"sorbit";"sorbit";"Improving Project Management Practices in a Multidisciplinary Organization According to Lean Principles|Forbedring af projektledelsespraksis i en tværfaglig organisation ifølge Lean Principles"
"";"dtu|dtupub|third_party";"";"2022-01-03T13:05:26.351Z";"Lumby, Christian Kaalø";"";"2526106274";"";"dtu";"2020";"";"";"";"";"thesis";"dtu|dtu_electronic|dtupub_external";"";"";"";"";"";"";"";"";"";"";"";"";"";"";"";"";"und";"5e96ebecd9001d016475f40d";"";"5e96ebecd9001d016475f40d";"DTU Department of Electrical Engineering";"sorbit";"sorbit";"Design of CMOS Ring Oscillator for 53 Gbaud Serializer/Deserializer Systems|Design af CMOS ring-oscillator til brug i 53 Gbaud serializer/deserializer systemer"
"";"dtu|dtupub|third_party";"";"2022-01-06T23:54:27.193Z";"Christensen, Pernille Vosbein";"";"2497546627";"";"dtu";"2020";"";"";"";"";"thesis";"dtu|dtu_electronic|dtupub_external";"";"";"";"";"";"";"";"";"";"";"";"";"";"";"";"";"und";"5e60ec9bd9001d016338acc4";"";"5e60ec9bd9001d016338acc4";"DTU Department of Chemistry";"sorbit";"sorbit";"Investigations of key steps in the synthesis of modified GLP-1|Undersøgelser af vigtige reaktions trin i syntesen af modificeret GLP-1"
"";"dtu|dtupub|third_party";"";"2022-01-11T08:43:01.603Z";"Warburg, Frederik Rahbæk";"";"2496058409";"";"dtu";"2020";"";"";"";"";"thesis";"dtu|dtu_electronic|dtupub_external";"";"";"";"";"";"";"";"";"";"";"";"";"";"";"";"";"und";"5e550f15d9001d0164073ec8";"";"5e550f15d9001d0164073ec8";"DTU Department of Applied Mathematics and Computer Science";"sorbit";"sorbit";"Uncertainty-Aware Place Recognition using Deep Learning|Usikker stedgenkendelse via deep learning"
"";"dtu|dtupub|third_party";"";"2022-01-03T13:05:46.801Z";"Spasov, Filip Strashimirov";"";"2451183839";"";"dtu";"2019";"";"";"";"";"thesis";"dtu|dtu_electronic|dtupub_external";"";"";"";"";"";"";"";"";"";"";"";"";"";"";"";"";"und";"5d46bd86d9001d32f558c4d5";"";"5d46bd86d9001d32f558c4d5";"DTU Department of Wind and Energy Systems";"sorbit";"sorbit";"Lidar- Assisted Control for Wind Turbines with minor changes on the Feedback Controller|LiDAR-baseret kontrol af vindmøller med mindre tilpasninger af feedback styringen"
"";"dtu|dtupub|third_party";"";"2022-01-03T13:13:18.249Z";"Ramos, Rodrigo Camarillo";"";"2451153202";"";"dtu";"2019";"";"";"";"";"thesis";"dtu|dtu_electronic|dtupub_external";"";"";"";"";"";"";"";"";"";"";"";"";"";"";"";"";"und";"5d42c90ad9001d32f558c406";"";"5d42c90ad9001d32f558c406";"DTU Department of Civil and Mechanical Engineering";"sorbit";"sorbit";"Solar photovoltaic, diesel engine and battery-based repowering and control implementation of power systems|Solar photovoltaic, dieselmotor og batteribaseret opladning og kontrol implementering af elsystemer"
"";"dtu|dtupub|third_party";"";"2022-01-03T13:16:35.559Z";"Wassmann, Maria Teresa";"";"2460637571";"";"dtu";"2019";"";"";"";"";"thesis";"dtu|dtu_electronic|dtupub_external";"";"";"";"";"";"";"";"";"";"";"";"";"";"";"";"";"und";"5d7e1c7bd9001d016f1553cf";"";"5d7e1c7bd9001d016f1553cf";"DTU Department of Biotechnology and Biomedicine";"sorbit";"sorbit";"Cloning, expression and basic characterization of modular enzymes from the human gut symbiont Akkermansia muciniphila|Kloning, ekspression og grundlæggende karakterisering af modulære enzymer fra den menneskelige tarmsymbion Akkermansia muciniphila"
"";"dtu|dtupub|third_party";"";"2022-01-03T13:13:19.687Z";"Hansen, Rasmus Eilkær";"";"2496058240";"";"dtu";"2020";"";"";"";"";"thesis";"dtu|dtu_electronic|dtupub|dtupub_electronic";"";"";"";"";"";"";"";"";"";"";"";"";"";"";"";"";"und";"5e550f03d9001d0164073e90";"";"5e550f03d9001d0164073e90";"DTU Department of Electrical and Photonics Engineering";"sorbit";"sorbit";"Cascaded mid-infrared supercontinuum lasers|Kaskadede midt-infrarøde superkontinuum lasere"
"";"dtu|dtupub|third_party";"";"2022-01-03T13:05:43.935Z";"Xie, Dongdong";"";"2451028919";"";"dtu";"2019";"";"";"";"";"thesis";"dtu|dtu_electronic|dtupub|dtupub_electronic";"";"";"";"";"";"";"";"";"";"";"";"";"";"";"";"";"und";"5d3d8398d9001d32f558c1fe";"";"5d3d8398d9001d32f558c1fe";"DTU Department of Environmental and Resource Engineering";"sorbit";"sorbit";"Equilibrium Sampling with Baking Paper for Measuring Exposure to Semi-Volatiles in Air|Equilibrium Sampling with Baking Paper for Measuring Exposure to Semi-Volatiles in Air"
"";"dtu|dtupub|third_party";"";"2022-01-03T13:05:47.911Z";"Dotti, Andrea";"";"2452727885";"";"dtu";"2019";"";"";"";"";"thesis";"dtu|dtu_electronic|dtupub|dtupub_electronic";"";"";"";"";"";"";"";"";"";"";"";"";"";"";"";"";"und";"5d5bd578d9001d05d7613b4d";"";"5d5bd578d9001d05d7613b4d";"DTU Department of Biotechnology and Biomedicine";"sorbit";"sorbit";"Fabrication and characterization of opto-electrical device for real time dopamine exocytosis|Fremstilling og karakterisering af opto-elektrisk enhed til reel tid dopamin eksocytose"
"";"dtu|dtupub|third_party";"";"2022-01-11T08:43:16.001Z";"Einfeldt, Hannah Dølør|Tønder, Josephine Byskov";"";"2497102069";"";"dtu";"2020";"";"";"";"";"thesis";"dtu|dtu_electronic|dtupub_external";"";"";"";"";"";"";"";"";"";"";"";"";"";"";"";"";"und";"5e5cf806d9001d01632c0028";"";"5e5cf806d9001d01632c0028";"DTU Department of Technology, Management and Economics";"sorbit";"sorbit";"Optimal route planning of technicians in TDC|Optimering af kørsel for teknikere i TDC"
"";"dtu|dtupub|third_party";"";"2022-01-03T13:05:22.047Z";"Lonardo, Luca";"";"2452038022";"";"dtu";"2019";"";"";"";"";"thesis";"dtu|dtu_electronic|dtupub|dtupub_electronic";"";"";"";"";"";"";"";"";"";"";"";"";"";"";"";"";"und";"5d514984d9001d1f8a6c4245";"";"5d514984d9001d1f8a6c4245";"DTU Department of Environmental and Resource Engineering";"sorbit";"sorbit";"Quantification of emissions and losses of chemicals during plastic waste recycling|Kvantificering af emissioner og tab af kemikalier under genbrug af plastaffald"
"";"dtu|dtupub|third_party";"";"2022-01-03T13:05:44.821Z";"Zoulis, Pavlos|Athanasiadis, Nikolaos";"";"2451029027";"";"dtu";"2019";"";"";"";"";"thesis";"dtu|dtu_electronic|dtupub|dtupub_electronic";"";"";"";"";"";"";"";"";"";"";"";"";"";"";"";"";"und";"5d3d83d0d9001d32f558c270";"";"5d3d83d0d9001d32f558c270";"DTU Department of Civil Engineering";"sorbit";"sorbit";"Viscoelastic pavement modeling for use with the Dynatest Raptor|Viskoelastisk model for analyse af Dynatest Raptor data"
"";"dtu|dtupub|third_party";"";"2022-01-03T13:05:42.452Z";"Sørensen, Johanne Rann Salten";"";"2449346304";"";"dtu";"2019";"";"";"";"";"thesis";"dtu|dtu_electronic|dtupub|dtupub_electronic";"";"";"";"";"";"";"";"";"";"";"";"";"";"";"";"";"und";"5d04d261d9001d010a45c03d";"";"5d04d261d9001d010a45c03d";"DTU Department of Civil Engineering";"sorbit";"sorbit";"Comparativ analysis of intervention strategies for a high rise building using Fire Brigade Intervention Model indsatsstrategier for højhusbyggeri ved brug af FBIM|Komparativ analyse af indsatsstrategier for højhusbyggeri ved brug af Fire Brigade Intervention Model"
"";"dtu|dtupub|third_party";"";"2022-01-03T13:05:02.787Z";"Budden, Christian Leslie|Jepsen, Jacob Pyung Hwa";"";"2446276395";"";"dtu";"2019";"";"";"";"";"thesis";"dtu|dtu_electronic|dtupub_external";"";"";"";"";"";"";"";"";"";"";"";"";"";"";"";"";"und";"5cb5b869d9001d016b475ad5";"";"5cb5b869d9001d016b475ad5";"DTU Department of Civil and Mechanical Engineering";"sorbit";"sorbit";"Feasibility Study on Substituting Petro-based to Bio-based Polymers in the Novo Nordisk FlexPen®|Undersøgelse af de tekniske-, miljømæssige- og forretningsmæssige potentialer ved udskiftning af petrobaseret til biobaseret plast i Novo Nordisk FlexPen®"
"";"dtu|dtupub|third_party";"";"2022-01-03T13:05:42.530Z";"Joensen, Anna Biskopstø|Frederiksen, Anna";"";"2445374310";"";"dtu";"2019";"";"";"";"";"thesis";"dtu|dtu_electronic|dtupub|dtupub_electronic";"";"";"";"";"";"";"";"";"";"";"";"";"";"";"";"";"und";"5ca5b66ed9001d48605f3c35";"";"5ca5b66ed9001d48605f3c35";"DTU Department of Applied Mathematics and Computer Science";"sorbit";"sorbit";"Analyzing capillary network captured by retinal function imager|Analyse af kapillærnet afbildet vha. retinal function imager"
"";"dtu|dtupub|third_party";"";"2022-01-03T13:13:19.018Z";"Coskun, Servet";"";"2452812536";"";"dtu";"2019";"";"";"";"";"thesis";"dtu|dtu_electronic|dtupub|dtupub_electronic";"";"";"";"";"";"";"";"";"";"";"";"";"";"";"";"";"und";"5d611b6ed9001d0887792fec";"";"5d611b6ed9001d0887792fec";"DTU Department of Electrical and Photonics Engineering";"sorbit";"sorbit";"Sensor based visual communication through city luminaires|Sensorbaseret visuel kommunikation gennem bybelysningsarmaturer"
"";"dtu|dtupub|third_party";"";"2022-01-03T13:05:22.432Z";"Mereddy, Vijayaraghavareddy";"";"2462933473";"";"dtu";"2019";"";"";"";"";"thesis";"dtu|dtu_electronic|dtupub|dtupub_electronic";"";"";"";"";"";"";"";"";"";"";"";"";"";"";"";"";"und";"5d84b3f5d9001d016b47bd19";"";"5d84b3f5d9001d016b47bd19";"DTU Department of Health Technology";"sorbit";"sorbit";"Encapsulation and release studies of Amoxicilin encapsulated into chitosan nanofibers/nanoparticles|Indkapslings- og frigivelsesundersøgelser af amoxicillin indkapslet i chitosan nanofibre / nanopartikler"
"";"dtu|dtupub|third_party";"";"2022-01-03T13:13:19.020Z";"Gawlowska, Martyna";"";"2452812548";"";"dtu";"2019";"";"";"";"";"thesis";"dtu|dtu_electronic|dtupub|dtupub_electronic";"";"";"";"";"";"";"";"";"";"";"";"";"";"";"";"";"und";"5d611b75d9001d0887792ffc";"";"5d611b75d9001d0887792ffc";"DTU Department of Health Technology";"sorbit";"sorbit";"4D fluorescence microscopy of pharmaceutical peptide trafficking in single cells|4D fluorescens-mikroskopi af farmaceutisk peptid-trafik i enkelte celler"
"";"dtu|dtupub|third_party";"";"2022-01-03T13:05:43.920Z";"Roman, Daniel";"";"2451028546";"";"dtu";"2019";"";"";"";"";"thesis";"dtu|dtu_electronic|dtupub|dtupub_electronic";"";"";"";"";"";"";"";"";"";"";"";"";"";"";"";"";"und";"5d3d82fad9001d32f558c0a5";"";"5d3d82fad9001d32f558c0a5";"DTU Department of Civil Engineering";"sorbit";"sorbit";"Investigation of energy dissipating connections for blast load|Undersøgelse af energidissiperende samlinger for eksplosionslaster"
"";"dtu|dtupub|third_party";"";"2022-01-03T13:13:19.321Z";"Sørensen, Maja Østergaard|Caspersen, Alexandra";"";"2463100025";"";"dtu";"2019";"";"";"";"";"thesis";"dtu|dtu_electronic|dtupub|dtupub_electronic";"";"";"";"";"";"";"";"";"";"";"";"";"";"";"";"";"und";"5d88a87dd9001d016b47bd3a";"";"5d88a87dd9001d016b47bd3a";"DTU Department of Civil Engineering";"sorbit";"sorbit";"The effect of impregnation of reinforced young high-quality concrete exposed to saline environments including influence from water pressure|Effekten af imprægnering af armeret ung højkvalitetsbeton udsat for saltholdige miljøer inklusiv pavirkning af vandtryk"
"";"dtu|dtupub|third_party";"";"2022-01-03T13:16:59.051Z";"Dam, Jonathan Hannibal";"";"2597373136";"";"dtu";"2020";"";"";"";"";"thesis";"dtu|dtu_electronic|dtupub_external";"";"";"";"";"";"";"";"";"";"";"";"";"";"";"";"";"und";"5f5a09fcd9001d01706cbc7b";"";"5f5a09fcd9001d01706cbc7b";"DTU Department of Civil and Mechanical Engineering";"sorbit";"sorbit";"Investigation of heat pump solution(s) for food drying processes|Undersøgelse af varmepumpeløsning for tørringsproces af fødevarer"
"";"dtu|dtupub|third_party";"";"2022-01-03T13:05:52.898Z";"Farrugia, Daniel";"";"2595588641";"";"dtu";"2020";"";"";"";"";"thesis";"dtu|dtu_electronic|dtupub|dtupub_electronic";"";"";"";"";"";"";"";"";"";"";"";"";"";"";"";"";"und";"5f20086fd9001d016b4e21b8";"";"5f20086fd9001d016b4e21b8";"DTU Department of Wind and Energy Systems";"sorbit";"sorbit";"Design and evaluation of mooring configurations for the Tetra Floater concept in shallow waters|Design og validering af fortøjningssystemer for Tetra flyder konceptet pa lavt vand"
"";"dtu|dtupub|third_party";"";"2022-01-06T23:55:17.933Z";"Butt, Usman";"";"2611233517";"";"dtu";"2020";"";"";"";"";"thesis";"dtu|dtu_electronic|dtupub|dtupub_electronic";"";"";"";"";"";"";"";"";"";"";"";"";"";"";"";"";"und";"5ffee3b7d9001d017676a8a7";"";"5ffee3b7d9001d017676a8a7";"DTU Department of Space Research and Space Technology";"sorbit";"sorbit";"Comparision and analysis of LiDAR and Photogrammetric methods for Digital Elevation Models|Analyse og sammenligning af LiDAR og fotogrammetriske metoder for digitale elevations modeller"
"";"dtu|dtupub|third_party";"";"2022-01-06T23:56:37.247Z";"Papadopoulou, Anastasia";"";"2612117963";"";"dtu";"2020";"";"";"";"";"thesis";"dtu|dtu_electronic|dtupub|dtupub_electronic";"";"";"";"";"";"";"";"";"";"";"";"";"";"";"";"";"und";"601d3625d9001d03e5621f73";"";"601d3625d9001d03e5621f73";"DTU Department of Environmental and Resource Engineering";"sorbit";"sorbit";"Towards sustainable farming: Mapping crop evapotranspiration at the farm level|Mod et bæredygtig landbrug: Kortlægning af afgrøders evapotranspiration pa landbrugsniveau"
"";"dtu|dtupub|third_party";"";"2022-01-06T23:54:31.532Z";"Ibsen, Rasmus";"";"2597117814";"";"dtu";"2020";"";"";"";"";"thesis";"dtu|dtu_electronic|dtupub|dtupub_electronic";"";"";"";"";"";"";"";"";"";"";"";"";"";"";"";"";"und";"5f50cf7bd9001d01694aafc9";"";"5f50cf7bd9001d01694aafc9";"DTU Department of Civil Engineering";"sorbit";"sorbit";"Evacuation of High-rise Buildings During Fire|Evakuering af højhuse under brand"
"";"dtu|dtupub|third_party";"";"2022-01-03T13:13:21.737Z";"Stordalen, Tord Joakim|Bjørn, Mads Okholm";"";"2595078586";"";"dtu";"2020";"";"";"";"";"thesis";"dtu|dtu_electronic|dtupub|dtupub_electronic";"";"";"";"";"";"";"";"";"";"";"";"";"";"";"";"";"und";"5f103637d9001d016b4e1e3b";"";"5f103637d9001d016b4e1e3b";"DTU Department of Applied Mathematics and Computer Science";"sorbit";"sorbit";"Algorithms for Modern Processor Architectures|Algoritmer for moderne processorarkitekturer"
"";"dtu|dtupub|third_party";"";"2022-01-11T08:43:02.049Z";"Jóhannesson, Ari";"";"2597117797";"";"dtu";"2020";"";"";"";"";"thesis";"dtu|dtu_electronic|dtupub|dtupub_electronic";"";"";"";"";"";"";"";"";"";"";"";"";"";"";"";"";"und";"5f50cf7ad9001d01694aafbf";"";"5f50cf7ad9001d01694aafbf";"DTU Department of Environmental and Resource Engineering";"sorbit";"sorbit";"Comparison of data-driven flow forecast models|Udvikling af data-drevne modeller til flow prognoser i afløbssystemet"
"";"dtu|dtupub|third_party";"";"2022-01-03T13:16:36.044Z";"Karagkiolidou, Sofia";"";"2595588597";"";"dtu";"2020";"";"";"";"";"thesis";"dtu|dtu_electronic|dtupub|dtupub_electronic";"";"";"";"";"";"";"";"";"";"";"";"";"";"";"";"";"und";"5f200867d9001d016b4e21a1";"";"5f200867d9001d016b4e21a1";"DTU Department of Environmental and Resource Engineering";"sorbit";"sorbit";"Contactless drone-borne stream discharge estimation|Kontaktløs drone-baret estimering af vandføring i vandløb"
"";"dtu|dtupub|third_party";"";"2022-01-03T13:13:20.589Z";"Rohde, Malou Tolstrup|Gunvig, Maj Riber";"";"2504395892";"";"dtu";"2020";"";"";"";"";"thesis";"dtu|dtu_electronic|dtupub_external";"";"";"";"";"";"";"";"";"";"";"";"";"";"";"";"";"und";"5e678400d9001d018609a105";"";"5e678400d9001d018609a105";"DTU Department of Civil and Mechanical Engineering";"sorbit";"sorbit";"A user-centered approach to designing interactions between humans and physical products - Designing a drying device for CytoTrack|En brugercentreret tilgang til at designe interaktioner mellem mennesker og fysiske produkter - Design af et tørreapparat til CytoTrack"
"";"dtu|dtupub|third_party";"";"2022-01-03T13:16:35.601Z";"Cole, Sarah Margaret";"";"2522536689";"";"dtu";"2020";"";"";"";"";"thesis";"dtu|dtu_electronic|dtupub|dtupub_electronic";"";"";"";"";"";"";"";"";"";"";"";"";"";"";"";"";"und";"5e7b4a82d9001d8ba34d1dc4";"";"5e7b4a82d9001d8ba34d1dc4";"DTU Department of Technology, Management and Economics";"sorbit";"sorbit";"Investment strategies for life-cycle pension products for home-owners versus renters|Investeringsstrategier for livscykluspensionsprodukter for husejere kontra lejere"
"";"dtu|dtupub|third_party";"";"2022-01-06T23:54:31.627Z";"Rasmussen, Frederik Kaare Høj";"";"2597481370";"";"dtu";"2020";"";"";"";"";"thesis";"dtu|dtu_electronic|dtupub_external";"";"";"";"";"";"";"";"";"";"";"";"";"";"";"";"";"und";"5f5f4ffbd9001d01706cbcd9";"";"5f5f4ffbd9001d01706cbcd9";"DTU Department of Technology, Management and Economics";"sorbit";"sorbit";"Manufacturing foot print hos Leo Pharma|produktions struktur hos Leo Pharma"
"";"dtu|dtupub|third_party";"";"2022-01-03T13:16:32.632Z";"Tsontzos, Ioannis";"";"2445374266";"";"dtu";"2019";"";"";"";"";"thesis";"dtu|dtu_electronic|dtupub_external";"";"";"";"";"";"";"";"";"";"";"";"";"";"";"";"";"und";"5ca5b624d9001d48605f3bf8";"";"5ca5b624d9001d48605f3bf8";"DTU DTU National Food Institute";"sorbit";"sorbit";"Itaconic acid bioprocess intensification through bioreactor engineering|Bioproces intensivering for itakonsyre produktion i en bioreaktor"
"";"dtu|dtupub|third_party";"";"2022-01-03T13:16:35.839Z";"Lukowiak, Kacper Marcin";"";"2595422397";"";"dtu";"2020";"";"";"";"";"thesis";"dtu|dtu_electronic|dtupub|dtupub_electronic";"";"";"";"";"";"";"";"";"";"";"";"";"";"";"";"";"und";"5f1ac231d9001d016b4e1fa8";"";"5f1ac231d9001d016b4e1fa8";"DTU Department of Electrical and Photonics Engineering";"sorbit";"sorbit";"Optical velocity sensor by image processing|Optisk hastigheds sensor ved billedbehandling"
"";"dtu|dtupub|third_party";"";"2022-01-11T08:43:53.785Z";"Nielsen, Mads Lyngsaae";"";"2596535778";"";"dtu";"2020";"";"";"";"";"thesis";"dtu|dtu_electronic|dtupub|dtupub_electronic";"";"";"";"";"";"";"";"";"";"";"";"";"";"";"";"";"und";"5f3e5a78d9001d01721d7d38";"";"5f3e5a78d9001d01721d7d38";"DTU Department of Applied Mathematics and Computer Science";"sorbit";"sorbit";"Individual user tracking in dynamic environments using machine vision and monocular cameras|Individuel bruger tracking i dynamiske miljøer ved brug af machine vision og monokulære kameraer"
"";"dtu|dtupub|third_party";"";"2022-01-03T13:05:28.112Z";"Jørgensen, Jonas El Mongy";"";"2609693370";"";"dtu";"2020";"";"";"";"";"thesis";"dtu|dtu_electronic|dtupub|dtupub_electronic";"";"";"";"";"";"";"";"";"";"";"";"";"";"";"";"";"und";"5fe1e2aed9001d016c292f23";"";"5fe1e2aed9001d016c292f23";"DTU Department of Health Technology";"sorbit";"sorbit";"Insulin-stimulated regulation of skeletal muscle Carnitine uptake by OCTN2|Insulin-stimuleret regulering af OCTN2 medieret carnitin optag i skeletmuskulatur."
"";"dtu|dtupub|third_party";"";"2022-01-03T13:16:59.039Z";"Winckelmann, Bjørn Gersholm";"";"2595476215";"";"dtu";"2020";"";"";"";"";"thesis";"dtu|dtu_electronic|dtupub|dtupub_electronic";"";"";"";"";"";"";"";"";"";"";"";"";"";"";"";"";"und";"5f1d6538d9001d016b4e201d";"";"5f1d6538d9001d016b4e201d";"DTU Department of Physics";"sorbit";"sorbit";"Theoretical microfluidics: combined acoustic streaming and electroosmosis|Teoretisk mikrofluidik: kombineret akustisk streaming og elektroosmosis"
"";"dtu|dtupub|third_party";"";"2022-01-03T13:05:42.480Z";"Chuang, Kwong Zu";"";"2445374259";"";"dtu";"2019";"";"";"";"";"thesis";"dtu|dtu_electronic|dtupub|dtupub_electronic";"";"";"";"";"";"";"";"";"";"";"";"";"";"";"";"";"und";"5ca5b61ed9001d48605f3beb";"";"5ca5b61ed9001d48605f3beb";"DTU Department of Applied Mathematics and Computer Science";"sorbit";"sorbit";"A platform for collecting, processing and analysing data in scientific projects|En platform til at indsamle, behandle og analysere data i videnskabelige projekter"
"";"dtu|dtupub|third_party";"";"2022-01-03T13:13:15.154Z";"Dsilva, Jason Joel";"";"2451153160";"";"dtu";"2019";"";"";"";"";"thesis";"dtu|dtu_electronic|dtupub_external";"";"";"";"";"";"";"";"";"";"";"";"";"";"";"";"";"und";"5d42c8fcd9001d32f558c3de";"";"5d42c8fcd9001d32f558c3de";"DTU Department of Chemical and Biochemical Engineering";"sorbit";"sorbit";"Gas phase conversion of glycolaldehyde to new chemicals|Gasfasekonvertering af glycolaldehyd til nye kemikaler"
"";"dtu|dtupub|third_party";"";"2022-01-06T23:54:25.065Z";"Thomsen, Mathias Dahl";"";"2452038023";"";"dtu";"2019";"";"";"";"";"thesis";"dtu|dtu_electronic|dtupub|dtupub_electronic";"";"";"";"";"";"";"";"";"";"";"";"";"";"";"";"";"und";"5d514985d9001d1f8a6c4248";"";"5d514985d9001d1f8a6c4248";"DTU Department of Applied Mathematics and Computer Science";"sorbit";"sorbit";"Device-Based Access Control (DBAC)|Enhedsbaseret Adgangskontrol"
"";"dtu|dtupub|third_party";"";"2022-01-03T13:05:47.642Z";"Kanagaratnam, Anojjan";"";"2455567036";"";"dtu";"2019";"";"";"";"";"thesis";"dtu|dtu_electronic|dtupub|dtupub_electronic";"";"";"";"";"";"";"";"";"";"";"";"";"";"";"";"";"und";"5d7ccaf2d9001d016f1553a8";"";"5d7ccaf2d9001d016f1553a8";"DTU Department of Applied Mathematics and Computer Science";"sorbit";"sorbit";"Privacy Enhancement for Public Train Ticket System|Privacy Enhancement for Public Train Ticket System"
"";"dtu|dtupub|third_party";"";"2022-01-03T13:13:39.754Z";"Nielsen, Jesper Bæk";"";"2453337459";"";"dtu";"2019";"";"";"";"";"thesis";"dtu|dtu_electronic|dtupub|dtupub_electronic";"";"";"";"";"";"";"";"";"";"";"";"";"";"";"";"";"und";"5d6e4a7bd9001d66e80217d8";"";"5d6e4a7bd9001d66e80217d8";"DTU Department of Applied Mathematics and Computer Science";"sorbit";"sorbit";"Detektering og behandling af anomaliteter i data fra drikkevands behandlings anlæg|Detection and processing of anomalies in data from drinking water treatment plants"
"";"dtu|dtupub|third_party";"";"2022-01-06T23:56:33.989Z";"Akyol, Mehtap Polat";"";"2559832683";"";"dtu";"2020";"";"";"";"";"thesis";"dtu|dtu_electronic|dtupub|dtupub_electronic";"";"";"";"";"";"";"";"";"";"";"";"";"";"";"";"";"und";"5ee2116fd9001d51ce1fc463";"";"5ee2116fd9001d51ce1fc463";"DTU DTU National Food Institute";"sorbit";"sorbit";"Bacillus cereus in hot-hold liquid ready-to-eat foods|Bacillus cereus i varmholdte flydende færdigretter"
"";"dtu|dtupub|third_party";"";"2022-01-03T13:16:56.636Z";"Westh, Lasse Brejdal";"";"2595488031";"";"dtu";"2020";"";"";"";"";"thesis";"dtu|dtu_electronic|dtupub|dtupub_electronic";"";"";"";"";"";"";"";"";"";"";"";"";"";"";"";"";"und";"5f1eb6b4d9001d016b4e2038";"";"5f1eb6b4d9001d016b4e2038";"DTU Department of Civil Engineering";"sorbit";"sorbit";"Durability of concrete with fly ash that does not comply with EN 450|Holdbarhed af beton med flyveaske, der ikke er dækket af EN 450"
"";"dtu|dtupub|third_party";"";"2022-01-03T13:13:20.690Z";"Silberbrandt, Sophie Natasha Ragnvald";"";"2525645319";"";"dtu";"2020";"";"";"";"";"thesis";"dtu|dtu_electronic|dtupub_external";"";"";"";"";"";"";"";"";"";"";"";"";"";"";"";"";"und";"5e8db170d9001d016475f3ee";"";"5e8db170d9001d016475f3ee";"DTU Department of Applied Mathematics and Computer Science";"sorbit";"sorbit";"Machine learning on X-ray images for prediction of fat in meat|Machine learning pa x-ray billeder til prædiktion af fedt indhold i kød."
"";"dtu|dtupub|third_party";"";"2022-01-11T08:43:05.105Z";"Pina, Sandro Da Silva";"";"2595488073";"";"dtu";"2020";"";"";"";"";"thesis";"dtu|dtu_electronic|dtupub_external";"";"";"";"";"";"";"";"";"";"";"";"";"";"";"";"";"und";"5f1eb6c2d9001d016b4e20a0";"";"5f1eb6c2d9001d016b4e20a0";"DTU Department of Technology, Management and Economics";"sorbit";"sorbit";"Risk Evaluation in the Evacuation from Trains with ATKINS|Risikovurdering I evakuering fra tog med ATKINS"
"";"dtu|dtupub|third_party";"";"2022-01-03T13:13:25.053Z";"Hindhede, Daniel Højgaard";"";"2450655054";"";"dtu";"2019";"";"";"";"";"thesis";"dtu|dtu_electronic|dtupub_external";"";"";"";"";"";"";"";"";"";"";"";"";"";"";"";"";"und";"5d25c7dfd9001d2d454f05a3";"";"5d25c7dfd9001d2d454f05a3";"DTU Department of Technology, Management and Economics";"sorbit";"sorbit";"Dealing with disruption - Strategic recommendations for a supplier of store concepts with increasing e-commerce and the imminent arrival of Amazon|Handtering af disruption - strategiske anbefalinger til en leverandør af butikker med stigende e-handel og Amazons ankomst"
"";"dtu|dtupub|third_party";"";"2022-01-06T23:55:09.482Z";"Schmitt, Mikkel Paltorp";"";"2451029082";"";"dtu";"2019";"";"";"";"";"thesis";"dtu|dtu_electronic|dtupub|dtupub_electronic";"";"";"";"";"";"";"";"";"";"";"";"";"";"";"";"";"und";"5d3d83f0d9001d32f558c2d0";"";"5d3d83f0d9001d32f558c2d0";"DTU Department of Applied Mathematics and Computer Science";"sorbit";"sorbit";"Empirical Bayes Estimation of Parametric Gaussian Models|Empirisk-Bayes-estimering af parametriske Gaussiske modeller"
"";"dtu|dtupub|third_party";"";"2022-01-03T13:05:48.078Z";"Hauge, Frederik Hjort";"";"2452917707";"";"dtu";"2019";"";"";"";"";"thesis";"dtu|dtu_electronic|dtupub|dtupub_electronic";"";"";"";"";"";"";"";"";"";"";"";"";"";"";"";"";"und";"5d65102ad9001d452b768597";"";"5d65102ad9001d452b768597";"DTU National Institute of Aquatic Resources";"sorbit";"sorbit";"Using acoustic telemetry to evaluate impact of river diverging: implications for marine protected area|Anvendelse af telemetri til evaluering af effekten af marint beskyttet omrade ved flytning af a-munding"
"";"dtu|dtupub|third_party";"";"2022-01-11T08:43:15.255Z";"Patniboon, Tipaporn";"";"2451028882";"";"dtu";"2019";"";"";"";"";"thesis";"dtu|dtu_electronic|dtupub|dtupub_electronic";"";"";"";"";"";"";"";"";"";"";"";"";"";"";"";"";"und";"5d3d836bd9001d32f558c18d";"";"5d3d836bd9001d32f558c18d";"DTU Department of Energy Conversion and Storage";"sorbit";"sorbit";"Density functional theory study of the oxygen reduction reaction at carbon surfaces|Tæthedsfunktionalteoristudier af iltreduktion pa kulstofoverflader"
"";"dtu|dtupub|third_party";"";"2022-01-06T23:55:14.852Z";"Rasmussen, Mint";"";"2525943195";"";"dtu";"2020";"";"";"";"";"thesis";"dtu|dtu_electronic|dtupub|dtupub_electronic";"";"";"";"";"";"";"";"";"";"";"";"";"";"";"";"";"und";"5e9448eed9001d016475f3fd";"";"5e9448eed9001d016475f3fd";"DTU Department of Technology, Management and Economics";"sorbit";"sorbit";"Agile Management of building projects|Agil projektledelse af byggeprojekter"
"";"dtu|dtupub|third_party";"";"2022-01-03T13:05:50.278Z";"Kacperski, Kamil Piotr";"";"2526479045";"";"dtu";"2020";"";"";"";"";"thesis";"dtu|dtu_electronic|dtupub|dtupub_electronic";"";"";"";"";"";"";"";"";"";"";"";"";"";"";"";"";"und";"5ea02679d9001d016475f457";"";"5ea02679d9001d016475f457";"DTU Department of Space Research and Space Technology";"sorbit";"sorbit";"Mapping the hydrological system of the Greenland ice sheet in coarse satellite products with a machine learning approach|Kortlægning af hydrologiske systemer pa Indlandsisen med machine learning"
"";"dtu|dtupub|third_party";"";"2022-01-03T13:13:20.827Z";"Hansen, Renée Mie Fredensborg";"";"2594426806";"";"dtu";"2020";"";"";"";"";"thesis";"dtu|dtu_electronic|dtupub|dtupub_electronic";"";"";"";"";"";"";"";"";"";"";"";"";"";"";"";"";"und";"5efdc167d9001d0169116f81";"";"5efdc167d9001d0169116f81";"DTU Department of Space Research and Space Technology";"sorbit";"sorbit";"Assessment of measurements from NASA's ICESat-2 photon counting laser altimeter in the Baltic Sea to support ice mapping estimates of ridging and local bathymetry|Anvendelse af malinger fra NASA's ICESat-2 foton laser altimeter i den Baltiske Bugt til at understøtte iskortlægning af isskruninger og lokale dybdemalinger"
"";"dtu|dtupub|third_party";"";"2022-01-03T13:13:19.410Z";"Patalan, Mikolaj Adam";"";"2469845334";"";"dtu";"2019";"";"";"";"";"thesis";"dtu|dtu_electronic|dtupub|dtupub_electronic";"";"";"";"";"";"";"";"";"";"";"";"";"";"";"";"";"und";"5dcbf316d9001d035e00bba3";"";"5dcbf316d9001d035e00bba3";"DTU Department of Space Research and Space Technology";"sorbit";"sorbit";"Evaluation of Visual Odometry methods with applications to UAVs|Evaluering af Visuel Odometri metoder med henblik pa anvendelse pa UAV'er"
"";"dtu|dtupub|third_party";"";"2022-01-03T13:16:53.867Z";"Saldarini, Elena";"";"2452018739";"";"dtu";"2019";"";"";"";"";"thesis";"dtu|dtu_electronic|dtupub_external";"";"";"";"";"";"";"";"";"";"";"";"";"";"";"";"";"und";"5d4ea65bd9001d1f8a6c41c5";"";"5d4ea65bd9001d1f8a6c41c5";"DTU DTU National Food Institute";"sorbit";"sorbit";"Electrospinning and electrospray of proteins for the encapsulation and delivery of bioactives|Elektrospinning og elektrospray af proteiner til indkapsling og levering af bioaktive stoffer"
"";"dtu|dtupub|third_party";"";"2022-01-03T13:05:21.259Z";"Palias, Marios Apostolis";"";"2451314127";"";"dtu";"2019";"";"";"";"";"thesis";"dtu|dtu_electronic|dtupub|dtupub_electronic";"";"";"";"";"";"";"";"";"";"";"";"";"";"";"";"";"und";"5d4ab1e8d9001d1f8a6c419d";"";"5d4ab1e8d9001d1f8a6c419d";"DTU Department of Environmental and Resource Engineering";"sorbit";"sorbit";"Vegetation and hydrological changes in the Guadalquivir river basin-Results from satellite and hydrological modeling|Vegetation and hydrological changes in the Guadalquivir river basin-Results from satellite and hydrological modeling."
"";"dtu|dtupub|third_party";"";"2022-01-03T13:05:51.675Z";"Ranger, Maxime Adrien Auguste|Ingstrup, Thomas";"";"2595588274";"";"dtu";"2020";"";"";"";"";"thesis";"dtu|dtu_electronic|dtupub|dtupub_electronic";"";"";"";"";"";"";"";"";"";"";"";"";"";"";"";"";"und";"5f200842d9001d016b4e211a";"";"5f200842d9001d016b4e211a";"DTU Department of Civil Engineering";"sorbit";"sorbit";"Experimental study of the damage mechanisms resulting in salt frost scaling of concrete|Eksperimentel undersøgelse af skadesmekanismer, der fører til frostafskalninger for beton"
"";"dtu|dtupub|third_party";"";"2022-01-03T13:13:42.494Z";"Hemmingsen, Charles Thillemann";"";"2531642752";"";"dtu";"2020";"";"";"";"";"thesis";"dtu|dtu_electronic|dtupub_external";"";"";"";"";"";"";"";"";"";"";"";"";"";"";"";"";"und";"5eb29b6cd9001d0166610a14";"";"5eb29b6cd9001d0166610a14";"DTU Department of Electrical Engineering";"sorbit";"sorbit";"Analysis and Improvement of Noise Reduction in a Battery Application|Analysis and Improvement of Noise Reduction in a Battery Application"
"";"dtu|dtupub|third_party";"";"2022-01-06T23:54:28.677Z";"Jul-Rasmussen, Peter";"";"2594824999";"";"dtu";"2020";"";"";"";"";"thesis";"dtu|dtu_electronic|dtupub_external";"";"";"";"";"";"";"";"";"";"";"";"";"";"";"";"";"und";"5f0c41b6d9001d016b4e1dc4";"";"5f0c41b6d9001d016b4e1dc4";"DTU Department of Chemical and Biochemical Engineering";"sorbit";"sorbit";"Development of control structure for heat pump integration into spray drying plants|Udvikling af reguleringsstruktur til varmepumpe integreret i en spraytørringsproces"
"";"dtu|dtupub|third_party";"";"2022-01-03T13:05:27.553Z";"Karakonstantis, Xenofon";"";"2597735934";"";"dtu";"2020";"";"";"";"";"thesis";"dtu|dtu_electronic|dtupub|dtupub_electronic";"";"";"";"";"";"";"";"";"";"";"";"";"";"";"";"";"und";"5f688a82d9001d0169506002";"";"5f688a82d9001d0169506002";"DTU Department of Electrical Engineering";"sorbit";"sorbit";"Generative networks for modelling the sound field in a room|Generative netværk for modellering af et rums impulsrespons"
"";"dtu|dtupub|third_party";"";"2022-01-06T23:55:16.887Z";"Sampathkumar, Suhas Nuggehalli";"";"2605495555";"";"dtu";"2020";"";"";"";"";"thesis";"dtu|dtu_electronic|dtupub|dtupub_electronic";"";"";"";"";"";"";"";"";"";"";"";"";"";"";"";"";"und";"5fa3ec49d9001d0169385ca5";"";"5fa3ec49d9001d0169385ca5";"DTU Department of Energy Conversion and Storage";"sorbit";"sorbit";"Using ammonia in solid oxide fuel cells for heavy duty transport|Anvendelse af ammoniak til faststof-oxidbrændselsceller i tung transport"
"";"dtu|dtupub|third_party";"";"2022-01-06T23:55:06.907Z";"Garcia, Andre Bernal";"";"2443988058";"";"dtu";"2019";"";"";"";"";"thesis";"dtu|dtu_electronic|dtupub_external";"";"";"";"";"";"";"";"";"";"";"";"";"";"";"";"";"und";"5c66aca2d9001d016f39037a";"";"5c66aca2d9001d016f39037a";"DTU Department of Electrical Engineering";"sorbit";"sorbit";"Synergy analysis of HOFOR Flex-Heat and Radius Battery|Synergy analysis of HOFOR Flex-Heat and Radius Battery"
"";"dtu|dtupub|third_party";"";"2022-01-03T13:13:16.779Z";"Matteucci, Ario";"";"2444474361";"";"dtu";"2019";"";"";"";"";"thesis";"dtu|dtu_electronic|dtupub_external";"";"";"";"";"";"";"";"";"";"";"";"";"";"";"";"";"und";"5c7bc48bd9001d361b4cd43b";"";"5c7bc48bd9001d361b4cd43b";"DTU Department of Electrical Engineering";"sorbit";"sorbit";"Improving energy efficiency in a smart grid by means of demand response and peer-to-peer approaches|Improving energy efficiency in a smart grid by means of demand response and peer-to-peer approaches"
"";"dtu|dtupub|third_party";"";"2022-01-03T13:13:20.679Z";"Kool, Rick Pieter";"";"2525610187";"";"dtu";"2020";"";"";"";"";"thesis";"dtu|dtu_electronic|dtupub|dtupub_electronic";"";"";"";"";"";"";"";"";"";"";"";"";"";"";"";"";"und";"5e8c5fefd9001d016475f3d8";"";"5e8c5fefd9001d016475f3d8";"DTU Department of Technology, Management and Economics";"sorbit";"sorbit";"Managed Retreat for Coastal Communities under Deep Uncertainty|Managed Retreat for Coastal Communities under Deep Uncertainty"
"";"dtu|dtupub|third_party";"";"2022-01-03T13:13:20.658Z";"Esch, Helge Stefan";"";"2506715998";"";"dtu";"2020";"";"";"";"";"thesis";"dtu|dtu_electronic|dtupub|dtupub_electronic";"";"";"";"";"";"";"";"";"";"";"";"";"";"";"";"";"und";"5e6a2700d9001d018d0f0933";"";"5e6a2700d9001d018d0f0933";"DTU Department of Electrical Engineering";"sorbit";"sorbit";"Bidding strategies in multi-time period online matching markets for electricity|Bidding strategies in multi-time period online matching markets for electricity"
"";"dtu|dtupub|third_party";"";"2022-01-06T23:56:32.536Z";"Becker, Henning";"";"2497057699";"";"dtu";"2020";"";"";"";"";"thesis";"dtu|dtu_electronic|dtupub|dtupub_electronic";"";"";"";"";"";"";"";"";"";"";"";"";"";"";"";"";"und";"5e5ba688d9001d016b3f3702";"";"5e5ba688d9001d016b3f3702";"DTU Department of Chemistry";"sorbit";"sorbit";"Numerical modelling of imbibition in chalk for modified salinity water|Numerisk modellering af imbibitionsforsøg i kridt for salinitetsmodificeret vand"
"";"dtu|dtupub|third_party";"";"2022-01-06T23:54:24.972Z";"Winthereik, Frederik Ploug|Carstensen, Jeppe Rosendal";"";"2451175601";"";"dtu";"2019";"";"";"";"";"thesis";"dtu|dtu_electronic|dtupub_external";"";"";"";"";"";"";"";"";"";"";"";"";"";"";"";"";"und";"5d456be1d9001d32f558c431";"";"5d456be1d9001d32f558c431";"DTU Department of Civil and Mechanical Engineering";"sorbit";"sorbit";"Energy mapping and process integration at an oleochemical processing plant|Energikortlægning og procesintegration pa en oleokemisk fabrik"
"";"dtu|dtupub|third_party";"";"2022-01-03T13:05:48.025Z";"Jüttner, Benjamin";"";"2452917585";"";"dtu";"2019";"";"";"";"";"thesis";"dtu|dtu_electronic|dtupub|dtupub_electronic";"";"";"";"";"";"";"";"";"";"";"";"";"";"";"";"";"und";"5d65101cd9001d452b76856c";"";"5d65101cd9001d452b76856c";"DTU Department of Applied Mathematics and Computer Science";"sorbit";"sorbit";"Collective behavior in two populations of coupled Theta neurons|Kollektiv adfærd i to populationer af koblede theta neuroner"
"";"dtu|dtupub|third_party";"";"2022-01-11T08:43:53.886Z";"Einarsdottir, Patrycja Wittstock";"";"2596339146";"";"dtu";"2020";"";"";"";"";"thesis";"dtu|dtu_electronic|dtupub_external";"";"";"";"";"";"";"";"";"";"";"";"";"";"";"";"";"und";"5f3a6629d9001d01721d7c8a";"";"5f3a6629d9001d01721d7c8a";"DTU Department of Technology, Management and Economics";"sorbit";"sorbit";"Introducing Machine Learning/AI in a high-tech company: An organizational analysis based on learnings from a hearing-aid manufacturer|Introducing Machine Learning/AI in a high-tech company: An organizational analysis based on learnings from a hearing-aid manufacturer"
"";"dtu|dtupub|third_party";"";"2022-01-03T13:05:55.836Z";"Wang, Xin";"";"2611466885";"";"dtu";"2020";"";"";"";"";"thesis";"dtu|dtu_electronic|dtupub|dtupub_electronic";"";"";"";"";"";"";"";"";"";"";"";"";"";"";"";"";"und";"6006cc9dd9001d016f1ea5e3";"";"6006cc9dd9001d016f1ea5e3";"DTU DTU National Food Institute";"sorbit";"sorbit";"Risk assessment of cadmium and nickel in dark chocolate in Denmark|Risikovurdering af cadmium og nikkel i dansk mørke chokolade"
"";"dtu|dtupub|third_party";"";"2022-01-03T13:13:23.262Z";"Trevino, Jokin Brito";"";"2596859483";"";"dtu";"2020";"";"";"";"";"thesis";"dtu|dtu_electronic|dtupub|dtupub_electronic";"";"";"";"";"";"";"";"";"";"";"";"";"";"";"";"";"und";"5f4a37f7d9001d01721d7e97";"";"5f4a37f7d9001d01721d7e97";"DTU Department of Civil and Mechanical Engineering";"sorbit";"sorbit";"Experimental investigation of one-way energy capture by an oscillating water column wave energy device|Eksperimentel undersøgelse af envejs energiabsorbering i en oscillerende vandsøjle bølgenergianlæg"
"";"dtu|dtupub|third_party";"";"2022-01-03T13:13:19.087Z";"Lorenz, Mathias Sorgenfri";"";"2453302268";"";"dtu";"2019";"";"";"";"";"thesis";"dtu|dtu_electronic|dtupub|dtupub_electronic";"";"";"";"";"";"";"";"";"";"";"";"";"";"";"";"";"und";"5d6a5600d9001d452b768643";"";"5d6a5600d9001d452b768643";"DTU Department of Applied Mathematics and Computer Science";"sorbit";"sorbit";"A Massively Parallel and Scalable p-multigrid Solver for the Poisson problem|En Massiv Parallel og Skalerbar p-multigrid løser for løsning af et Poisson problem"
"";"dtu|dtupub|third_party";"";"2022-01-03T13:13:19.403Z";"Hansen, Anne Normann";"";"2467766061";"";"dtu";"2019";"";"";"";"";"thesis";"dtu|dtu_electronic|dtupub|dtupub_electronic";"";"";"";"";"";"";"";"";"";"";"";"";"";"";"";"";"und";"5db97e1fd9001d015f172116";"";"5db97e1fd9001d015f172116";"DTU Department of Space Research and Space Technology";"sorbit";"sorbit";"Development and evaluation of Machine learning algorithms for the 3D CZT detector pulse-shape analysis|Udvikling og evaluering af Machine learning-algoritmer til 3D CZT detektor puls-form analyse"
"";"dtu|dtupub|third_party";"";"2022-01-03T13:05:47.995Z";"Listian, Stevanus Aditya";"";"2452917504";"";"dtu";"2019";"";"";"";"";"thesis";"dtu|dtu_electronic|dtupub|dtupub_electronic";"";"";"";"";"";"";"";"";"";"";"";"";"";"";"";"";"und";"5d651010d9001d452b76854e";"";"5d651010d9001d452b76854e";"DTU Department of Biotechnology and Biomedicine";"sorbit";"sorbit";"Bacillus subtilis and its potential role as biocontrol agent: protection of Agaricus bisporus against Trichoderma aggresivum|Bacillus subtilis og dets potentielle rolle som biokontrolmiddel: beskyttelse af Agaricus bisporus mod Trichoderma aggresivum"
"";"dtu|dtupub|third_party";"";"2022-01-03T13:05:43.954Z";"Hjort, Christoffer";"";"2451028608";"";"dtu";"2019";"";"";"";"";"thesis";"dtu|dtu_electronic|dtupub|dtupub_electronic";"";"";"";"";"";"";"";"";"";"";"";"";"";"";"";"";"und";"5d3d8309d9001d32f558c0bd";"";"5d3d8309d9001d32f558c0bd";"DTU Department of Applied Mathematics and Computer Science";"sorbit";"sorbit";"Deep learning for segmentation and determination of particle size distribution on catalyst material|Dyb læring for segmentering og bestemmelse af partikelstørrelsesfordeling pa katalysatormateriale"
"";"dtu|dtupub|third_party";"";"2022-01-03T13:13:19.809Z";"Walther, Nikoline Kaae";"";"2496058547";"";"dtu";"2020";"";"";"";"";"thesis";"dtu|dtu_electronic|dtupub|dtupub_electronic";"";"";"";"";"";"";"";"";"";"";"";"";"";"";"";"";"und";"5e550f1ed9001d0164073eeb";"";"5e550f1ed9001d0164073eeb";"DTU Department of Civil Engineering";"sorbit";"sorbit";"Modelling of airflow through windows in residential buildings using dynamic computer simulations|Modellering af ventilation gennem vinduer i boliger ved brug af dynamisk bygningssimulering"
"";"dtu|dtupub|third_party";"";"2022-01-03T13:05:25.423Z";"Caindec, Alyssa Marie Soria";"";"2515824007";"";"dtu";"2020";"";"";"";"";"thesis";"dtu|dtu_electronic|dtupub|dtupub_electronic";"";"";"";"";"";"";"";"";"";"";"";"";"";"";"";"";"und";"5e74b2fed9001d01712988ae";"";"5e74b2fed9001d01712988ae";"DTU DTU National Food Institute";"sorbit";"sorbit";"Physical and oxidative stability of emulsions produced with peptides derived from various sources: potatoes, seaweed and single cell|Fysisk og oxidativ stability af emulsioner produceret med peptider produceret fra forskellige kilder: kartofler, tang og single cell protein"
"";"dtu|dtupub|third_party";"";"2022-01-06T23:55:09.322Z";"Madsen, Mathias Kirkeskov|Stavnsbjerg, Nina";"";"2451029052";"";"dtu";"2019";"";"";"";"";"thesis";"dtu|dtu_electronic|dtupub|dtupub_electronic";"";"";"";"";"";"";"";"";"";"";"";"";"";"";"";"";"und";"5d3d83d4d9001d32f558c281";"";"5d3d83d4d9001d32f558c281";"DTU Department of Applied Mathematics and Computer Science";"sorbit";"sorbit";"Detecting hidden functionality in open source libraries|En detektor for gemt funktionalitet i open-source biblioteker"
"";"dtu|dtupub|third_party";"";"2022-01-03T13:05:44.847Z";"Hjalsted, Anjila Clara Wegge";"";"2451029044";"";"dtu";"2019";"";"";"";"";"thesis";"dtu|dtu_electronic|dtupub|dtupub_electronic";"";"";"";"";"";"";"";"";"";"";"";"";"";"";"";"";"und";"5d3d83d1d9001d32f558c27a";"";"5d3d83d1d9001d32f558c27a";"DTU Department of Technology, Management and Economics";"sorbit";"sorbit";"Downscaling of the planetary boundaries: a quantitative and ethical approach|Nedskalering af planetary boundaries: en kvantitativ og etisk tilgang"
"";"dtu|dtupub|third_party";"";"2022-01-03T13:05:27.552Z";"Szankowski, Yaacob Amichai";"";"2596188742";"";"dtu";"2020";"";"";"";"";"thesis";"dtu|dtu_electronic|dtupub|dtupub_electronic";"";"";"";"";"";"";"";"";"";"";"";"";"";"";"";"";"und";"5f33ceacd9001d01697d6a41";"";"5f33ceacd9001d01697d6a41";"DTU Department of Civil and Mechanical Engineering";"sorbit";"sorbit";"Sammenbike: Entrepreneurial development of a prototype and production of a unique human powered vehicle|Sammenbike: Iværksætterudvikling af prototype og produktion af et unikt menneskedrevet køretøj"
"";"dtu|dtupub|third_party";"";"2022-01-03T13:15:53.869Z";"Michopoulos, Fotios";"";"2596535835";"";"dtu";"2020";"";"";"";"";"thesis";"dtu|dtu_electronic|dtupub_external";"";"";"";"";"";"";"";"";"";"";"";"";"";"";"";"";"und";"5f3e5a86d9001d01721d7d50";"";"5f3e5a86d9001d01721d7d50";"DTU Department of Civil Engineering";"sorbit";"sorbit";"Investigation of sand bed settlements below the Guldborgsund immersed tunnel|Undersøgelse af sætninger i sand under Guldborgsund sænketunnel"
"";"dtu|dtupub|third_party";"";"2022-01-03T13:16:35.939Z";"Barisic, Lucija";"";"2605495562";"";"dtu";"2020";"";"";"";"";"thesis";"dtu|dtu_electronic|dtupub|dtupub_electronic";"";"";"";"";"";"";"";"";"";"";"";"";"";"";"";"";"und";"5fa3ec4ad9001d0169385ca9";"";"5fa3ec4ad9001d0169385ca9";"DTU Department of Civil Engineering";"sorbit";"sorbit";"A Digital Twin of an Asphalt Road|En digital tvilling af en asfaltvej"
"";"dtu|dtupub|third_party";"";"2022-01-06T23:55:14.049Z";"Bátrla, Lukás";"";"2497102820";"";"dtu";"2020";"";"";"";"";"thesis";"dtu|dtu_electronic|dtupub|dtupub_electronic";"";"";"";"";"";"";"";"";"";"";"";"";"";"";"";"";"und";"5e5cf80ed9001d01632c0048";"";"5e5cf80ed9001d01632c0048";"DTU Department of Applied Mathematics and Computer Science";"sorbit";"sorbit";"Detection of new states encountered by a reinforcement learning agent|Detektion af nye tilstande i selvforstærkende læring"
"";"dtu|dtupub|third_party";"";"2022-01-03T13:16:52.434Z";"Wehnert, Cecilie Halskov";"";"2444474368";"";"dtu";"2019";"";"";"";"";"thesis";"dtu|dtu_electronic|dtupub_external";"";"";"";"";"";"";"";"";"";"";"";"";"";"";"";"";"und";"5c7bc4b9d9001d361b4cd490";"";"5c7bc4b9d9001d361b4cd490";"DTU DTU National Food Institute";"sorbit";"sorbit";"Potato peptides as stabilizer of water in oil emulsions|Stabilisering af vand-i-olie emulsioner ved hjælp af kartoffel peptider"
"";"dtu|dtupub|third_party";"";"2022-01-03T13:05:42.526Z";"Zhao, Qi de|Justsen, Nikolaj";"";"2445374321";"";"dtu";"2019";"";"";"";"";"thesis";"dtu|dtu_electronic|dtupub_external";"";"";"";"";"";"";"";"";"";"";"";"";"";"";"";"";"und";"5ca5b675d9001d48605f3c3e";"";"5ca5b675d9001d48605f3c3e";"DTU Department of Technology, Management and Economics";"sorbit";"sorbit";"Digitization of construction projects – An evaluation method to measure the impacts of BIM and VDC on construction projects|Digitalisering af bygge projekter – En evalueringsmetode til at male effekten af BIM og VDC i bygge projekter"
"";"dtu|dtupub|third_party";"";"2022-01-03T13:16:35.533Z";"Viñals, Monica Torrellas";"";"2453338081";"";"dtu";"2019";"";"";"";"";"thesis";"dtu|dtu_electronic|dtupub|dtupub_electronic";"";"";"";"";"";"";"";"";"";"";"";"";"";"";"";"";"und";"5d6e4aaed9001d66e8021846";"";"5d6e4aaed9001d66e8021846";"DTU Department of Health Technology";"sorbit";"sorbit";"Functional and transcriptional characterization of IL-17 producing gamma delta T cells|Funktionel og transkriptionel karakterisering af IL-17-producerende gamma delta T celler"
"";"dtu|dtupub|third_party";"";"2022-01-03T13:05:44.898Z";"Broeken, Valentijn Floris";"";"2451029111";"";"dtu";"2019";"";"";"";"";"thesis";"dtu|dtu_electronic|dtupub_external";"";"";"";"";"";"";"";"";"";"";"";"";"";"";"";"";"und";"5d3d8401d9001d32f558c2f3";"";"5d3d8401d9001d32f558c2f3";"DTU Department of Health Technology";"sorbit";"sorbit";"Generative deep learning for codon optimization|Generativ dyb læring til kodon-optimering"
"";"dtu|dtupub|third_party";"";"2022-01-03T13:16:34.760Z";"Sørensen, Rasmus Norre";"";"2451029093";"";"dtu";"2019";"";"";"";"";"thesis";"dtu|dtu_electronic|dtupub_external";"";"";"";"";"";"";"";"";"";"";"";"";"";"";"";"";"und";"5d3d83f7d9001d32f558c2e3";"";"5d3d83f7d9001d32f558c2e3";"DTU Department of Civil and Mechanical Engineering";"sorbit";"sorbit";"Servitisation of an image analysis software platform: Visiopharm as a case company|Servitisering af en software billedanalyse platform: Visiopharm som case-virksomhed"
"";"dtu|dtupub|third_party";"";"2022-01-03T13:13:41.169Z";"Zisi, Vasiliki";"";"2452218022";"";"dtu";"2019";"";"";"";"";"thesis";"dtu|dtu_electronic|dtupub|dtupub_electronic";"";"";"";"";"";"";"";"";"";"";"";"";"";"";"";"";"und";"5d529ae4d9001d016c7bad4d";"";"5d529ae4d9001d016c7bad4d";"DTU Department of Technology, Management and Economics";"sorbit";"sorbit";"Impact of global sulphur cap on maritime transport|Impact of global sulphur cap on maritime transport"
"";"dtu|dtupub|third_party";"";"2022-01-06T23:55:11.894Z";"Pichon, Niels Johan Michel";"";"2464663924";"";"dtu";"2019";"";"";"";"";"thesis";"dtu|dtu_electronic|dtupub|dtupub_electronic";"";"";"";"";"";"";"";"";"";"";"";"";"";"";"";"";"und";"5d987a77d9001d340f7bfe59";"";"5d987a77d9001d340f7bfe59";"DTU Department of Physics";"sorbit";"sorbit";"Bandgap engineering in graphene|Bandgaps modificering af graphene"
"";"dtu|dtupub|third_party";"";"2022-01-03T13:05:22.703Z";"He, Zhiming";"";"2490470816";"";"dtu";"2020";"";"";"";"";"thesis";"dtu|dtu_electronic|dtupub|dtupub_electronic";"";"";"";"";"";"";"";"";"";"";"";"";"";"";"";"";"und";"5e356b0cd9001d01573c1527";"";"5e356b0cd9001d01573c1527";"DTU Department of Biotechnology and Biomedicine";"sorbit";"sorbit";"Construction and use of whole-cell biosensors for detection of secondary metabolites from Pseudomonads|Konstruktion og brug af ""whole-cell biosensors"" til detektion af sekundære metabolitter fra Pseudomonader."
"";"dtu|dtupub|third_party";"";"2022-01-03T13:16:52.454Z";"Thomasen, Christopher Weis";"";"2450921611";"";"dtu";"2019";"";"";"";"";"thesis";"dtu|dtu_electronic|dtupub_external";"";"";"";"";"";"";"";"";"";"";"";"";"";"";"";"";"und";"5d36eb67d9001d016b2469c3";"";"5d36eb67d9001d016b2469c3";"DTU Department of Civil and Mechanical Engineering";"sorbit";"sorbit";"Development of a Vertical Farming System|Udvikling af vertical farming system"
"";"dtu|dtupub|third_party";"";"2022-01-06T23:54:24.036Z";"Matsumoto, Haruka";"";"2450280312";"";"dtu";"2019";"";"";"";"";"thesis";"dtu|dtu_electronic|dtupub|dtupub_electronic";"";"";"";"";"";"";"";"";"";"";"";"";"";"";"";"";"und";"5d1c8d73d9001d146569a4c4";"";"5d1c8d73d9001d146569a4c4";"DTU Department of Space Research and Space Technology";"sorbit";"sorbit";"The effect of Forbush Decreases on atmospheric aerosols and clouds|Effekten af Forbush Decreases pa atmosfæriske aerosoler og skyer"
"";"dtu|dtupub|third_party";"";"2022-01-03T13:13:20.676Z";"Johansen, Jacob";"";"2525282020";"";"dtu";"2020";"";"";"";"";"thesis";"dtu|dtu_electronic|dtupub|dtupub_electronic";"";"";"";"";"";"";"";"";"";"";"";"";"";"";"";"";"und";"5e85c86fd9001d01631874f3";"";"5e85c86fd9001d01631874f3";"DTU Department of Applied Mathematics and Computer Science";"sorbit";"sorbit";"Visual question answering using structured exploration and reinforcement learning|Visual spørgmal-svar med brug af struktureret efterforskning og forstærkning læring"
"";"dtu|dtupub|third_party";"";"2022-01-03T13:13:20.394Z";"Sloth, Steffen";"";"2497546663";"";"dtu";"2020";"";"";"";"";"thesis";"dtu|dtu_electronic|dtupub|dtupub_electronic";"";"";"";"";"";"";"";"";"";"";"";"";"";"";"";"";"und";"5e60ec9dd9001d016338accc";"";"5e60ec9dd9001d016338accc";"DTU Department of Physics";"sorbit";"sorbit";"Development and characterisation of single crystal diamond compound refractive lenses|Udvikling og karakterisering af enkrystal diamant compound refractive lens."
"";"dtu|dtupub|third_party";"";"2022-01-03T13:05:22.666Z";"Kimber, Alexander John Edward";"";"2501486766";"";"dtu";"2020";"";"";"";"";"thesis";"dtu|dtu_electronic|dtupub|dtupub_electronic";"";"";"";"";"";"";"";"";"";"";"";"";"";"";"";"";"und";"5e638f7cd9001d018609a0f1";"";"5e638f7cd9001d018609a0f1";"DTU Department of Civil and Mechanical Engineering";"sorbit";"sorbit";"Design of a prototyping tool for engaging with the maker movement|Design af et prototyping værktøj til at engagere med maker bevægelse"
"";"dtu|dtupub|third_party";"";"2022-01-06T23:54:26.092Z";"Christensen, Silja Westphal";"";"2496058277";"";"dtu";"2020";"";"";"";"";"thesis";"dtu|dtu_electronic|dtupub|dtupub_electronic";"";"";"";"";"";"";"";"";"";"";"";"";"";"";"";"";"und";"5e550f07d9001d0164073ea1";"";"5e550f07d9001d0164073ea1";"DTU Department of Environmental and Resource Engineering";"sorbit";"sorbit";"A new parameterization method for calibration of a hydrodynamic simulation model informed by CryoSat-2 radar altimetry - A case study of the Songhua River|En ny parameteriseringsmetode til kalibrering af en hydrodynamisk simuleringsmodel informeret af CryoSat-2 radar altimetri - Et casestudie af Songhua-floden"
"";"dtu|dtupub|third_party";"";"2022-01-03T13:13:19.081Z";"Heung, Shuk Man|Zheng, Huayu";"";"2453302267";"";"dtu";"2019";"";"";"";"";"thesis";"dtu|dtu_electronic|dtupub|dtupub_electronic";"";"";"";"";"";"";"";"";"";"";"";"";"";"";"";"";"und";"5d6a5600d9001d452b768640";"";"5d6a5600d9001d452b768640";"DTU Department of Applied Mathematics and Computer Science";"sorbit";"sorbit";"Cultural heritage classification by image recognition|Cultural heritage classification by image recognition"
"";"dtu|dtupub|third_party";"";"2022-01-03T13:05:47.882Z";"Vidagany, Joan Miquel Faubel";"";"2452682899";"";"dtu";"2019";"";"";"";"";"thesis";"dtu|dtu_electronic|dtupub|dtupub_electronic";"";"";"";"";"";"";"";"";"";"";"";"";"";"";"";"";"und";"5d593291d9001d05d7613b2d";"";"5d593291d9001d05d7613b2d";"DTU Department of Chemical and Biochemical Engineering";"sorbit";"sorbit";"Feasibility study on energy recovery from brewers spent grains|Forundersøgelse af energiudnyttelse fra bryggeriernes brugte korn"
"";"dtu|dtupub|third_party";"";"2022-01-03T13:05:44.238Z";"Papagiannidis, Odyssefs";"";"2451028921";"";"dtu";"2019";"";"";"";"";"thesis";"dtu|dtu_electronic|dtupub|dtupub_electronic";"";"";"";"";"";"";"";"";"";"";"";"";"";"";"";"";"und";"5d3d8399d9001d32f558c204";"";"5d3d8399d9001d32f558c204";"DTU Department of Environmental and Resource Engineering";"sorbit";"sorbit";"Environmental Assessment of Waste Management Scenarios towards a Circular Economy|Miljøvurdering af affaldshandteringsscenarier mod en cirkulær økonomi"
"";"dtu|dtupub|third_party";"";"2022-01-03T13:05:46.753Z";"Hösel, Julia Maria Ute|Hansen, Emma Balstrup Klinke";"";"2451182467";"";"dtu";"2019";"";"";"";"";"thesis";"dtu|dtu_electronic|dtupub|dtupub_electronic";"";"";"";"";"";"";"";"";"";"";"";"";"";"";"";"";"und";"5d46bd6bd9001d32f558c4bb";"";"5d46bd6bd9001d32f558c4bb";"DTU Department of Technology, Management and Economics";"sorbit";"sorbit";"A successful future with Augmented Reality Technology? A critical evaluation based on the perspectives of affected interest groups|En succesfuld fremtid med Augmented Reality Technology? En kritisk evaluering baseret pa perspektiver fra berørte interessegrupper"
"";"dtu|dtupub|third_party";"";"2022-01-03T13:13:19.023Z";"Sveinsdóttir, Melkorka Rún|Juul-Nyholm, Herle Bagh";"";"2452825567";"";"dtu";"2019";"";"";"";"";"thesis";"dtu|dtu_electronic|dtupub_external";"";"";"";"";"";"";"";"";"";"";"";"";"";"";"";"";"und";"5d626ce8d9001d0887793008";"";"5d626ce8d9001d0887793008";"DTU Department of Civil and Mechanical Engineering";"sorbit";"sorbit";"Multi-objective robust design and mechanical analysis of electromechanical encoders at Novo Nordisk|Robust design og mekanisk analyse af elektro-mekaniske delsystemer hos Novo Nordisk"
"";"dtu|dtupub|third_party";"";"2022-01-03T13:13:18.987Z";"Hansen, Johnny Skaarup Redzin";"";"2452788201";"";"dtu";"2019";"";"";"";"";"thesis";"dtu|dtu_electronic|dtupub|dtupub_electronic";"";"";"";"";"";"";"";"";"";"";"";"";"";"";"";"";"und";"5d5e7878d9001d63873dbcb6";"";"5d5e7878d9001d63873dbcb6";"DTU Department of Applied Mathematics and Computer Science";"sorbit";"sorbit";"Applying Transport Theory to Problems in Computer Graphics|Anvendelse af transportteori til problemer i computergrafik"
"";"dtu|dtupub|third_party";"";"2022-01-03T13:13:22.027Z";"O'Sullivan, Conor Patrick";"";"2597373154";"";"dtu";"2020";"";"";"";"";"thesis";"dtu|dtu_electronic|dtupub_external";"";"";"";"";"";"";"";"";"";"";"";"";"";"";"";"";"und";"5f5a09ffd9001d01706cbc89";"";"5f5a09ffd9001d01706cbc89";"DTU Department of Biotechnology and Biomedicine";"sorbit";"sorbit";"Evaluation of liquid flow dynamics on microfluidic devices containing vertically aligned Si nanowires for biosensing purposes|Evaluering af væskestrømning i mikrofluidiske systemer der indeholder lodrette silicium nanotrad"
"";"dtu|dtupub|third_party";"";"2022-01-03T13:16:59.052Z";"Ferreira, Pedro Velho";"";"2595758449";"";"dtu";"2020";"";"";"";"";"thesis";"dtu|dtu_electronic|dtupub|dtupub_electronic";"";"";"";"";"";"";"";"";"";"";"";"";"";"";"";"";"und";"5f269fbdd9001d016b4e2316";"";"5f269fbdd9001d016b4e2316";"DTU Department of Chemical and Biochemical Engineering";"sorbit";"sorbit";"Development of a predictive thermodynamic model based on the CPA equation of state|Udvikling af en forudsigende termodynamisk model baseret pa CPA tilstandsligningen"
"";"dtu|dtupub|third_party";"";"2022-01-03T13:13:23.045Z";"Andersen, Niels Klindt";"";"2599119107";"";"dtu";"2020";"";"";"";"";"thesis";"dtu|dtu_electronic|dtupub|dtupub_electronic";"";"";"";"";"";"";"";"";"";"";"";"";"";"";"";"";"und";"5f82e91ad9001d0170025916";"";"5f82e91ad9001d0170025916";"DTU Department of Technology, Management and Economics";"sorbit";"sorbit";"Gender differences in road anger|Kønsforskelle i vejvrede"
"";"dtu|dtupub|third_party";"";"2022-01-03T13:13:22.034Z";"Petersen, Simon|Svendsen, Christoffer John";"";"2595488039";"";"dtu";"2020";"";"";"";"";"thesis";"dtu|dtu_electronic|dtupub|dtupub_electronic";"";"";"";"";"";"";"";"";"";"";"";"";"";"";"";"";"und";"5f1eb6b7d9001d016b4e2050";"";"5f1eb6b7d9001d016b4e2050";"DTU Department of Health Technology";"sorbit";"sorbit";"3rd Party Data Integration Service for an Open Source Mobile Health Platform|Tredje parts data integration til open source mobil sundhedsplatform."
"";"dtu|dtupub|third_party";"";"2022-01-03T13:13:32.621Z";"Bacher, Eva Neel";"";"2596282241";"";"dtu";"2020";"";"";"";"";"thesis";"dtu|dtu_electronic|dtupub|dtupub_electronic";"";"";"";"";"";"";"";"";"";"";"";"";"";"";"";"";"und";"5f36719cd9001d01721d7c35";"";"5f36719cd9001d01721d7c35";"DTU Department of Civil Engineering";"sorbit";"sorbit";"Mapping of sustainable renovation potentials|Kortlægning af bæredygtige renoveringspotentialer"
"";"dtu|dtupub|third_party";"";"2022-01-03T13:05:26.775Z";"Srna, Jakub";"";"2592287576";"";"dtu";"2020";"";"";"";"";"thesis";"dtu|dtu_electronic|dtupub|dtupub_electronic";"";"";"";"";"";"";"";"";"";"";"";"";"";"";"";"";"und";"5ef3355dd9001d0169229175";"";"5ef3355dd9001d0169229175";"DTU Department of Space Research and Space Technology";"sorbit";"sorbit";"Drone-based remote sensing of oil-spill in water|Drone-baseret remote sensing af olie-spild i vand"
"";"dtu|dtupub|third_party";"";"2022-01-06T23:54:30.218Z";"Shelly, Nishtha";"";"2596663498";"";"dtu";"2020";"";"";"";"";"thesis";"dtu|dtu_electronic|dtupub|dtupub_electronic";"";"";"";"";"";"";"";"";"";"";"";"";"";"";"";"";"und";"5f424ef4d9001d01721d7d86";"";"5f424ef4d9001d01721d7d86";"DTU Department of Energy Conversion and Storage";"sorbit";"sorbit";"Experimental platform for controlled migration of oxygen vacancies in SrTiO3 heterostructures under elevated temperatures|Eksperimentel platform til at kontrollere migration af ilt-vakancer i SrTiO3-heterostrukturer under forhøjet temperaturer"
"";"dtu|dtupub|third_party";"";"2022-01-06T23:55:15.328Z";"Hansen, Sebastian August Egeborg|Larsen, Jeff";"";"2595757633";"";"dtu";"2020";"";"";"";"";"thesis";"dtu|dtu_electronic|dtupub|dtupub_electronic";"";"";"";"";"";"";"";"";"";"";"";"";"";"";"";"";"und";"5f269fa9d9001d016b4e22c2";"";"5f269fa9d9001d016b4e22c2";"DTU Department of Civil Engineering";"sorbit";"sorbit";"Optimization of suspension bridge considering several limit states|Optimering af hængebro under hensyntagen til adskillige grænsetilstande"
"";"dtu|dtupub|third_party";"";"2022-01-03T13:16:35.872Z";"Phutrakul, Sataponn";"";"2595588393";"";"dtu";"2020";"";"";"";"";"thesis";"dtu|dtu_electronic|dtupub|dtupub_electronic";"";"";"";"";"";"";"";"";"";"";"";"";"";"";"";"";"und";"5f20084cd9001d016b4e213c";"";"5f20084cd9001d016b4e213c";"DTU Department of Applied Mathematics and Computer Science";"sorbit";"sorbit";"Evaluation of Emerging Serverless Platforms|Evaluering af Nye Serverløse Platforme"
"";"dtu|dtupub|third_party";"";"2021-12-25T09:01:15.214Z";"Christensen, Michael Teglgaard";"";"2598704905";"";"dtu";"2020";"";"";"";"";"thesis";"dtu|dtu_electronic|dtupub|dtupub_electronic";"";"";"";"";"";"";"";"";"";"";"";"";"";"";"";"";"und";"5f7b0052d9001d017507eb55";"";"5f7b0052d9001d017507eb55";"DTU Department of Electrical Engineering";"sorbit";"sorbit";"Visual localization of an autonomous vehicle on a track|Visual lokalisering af et autonomt køretøj pa bane"
"";"dtu|dtupub|third_party";"";"2022-01-03T13:05:54.553Z";"Zachariae, August Axel";"";"2597621617";"";"dtu";"2020";"";"";"";"";"thesis";"dtu|dtu_electronic|dtupub|dtupub_electronic";"";"";"";"";"";"";"";"";"";"";"";"";"";"";"";"";"und";"5f634487d9001d01706cbd7a";"";"5f634487d9001d01706cbd7a";"DTU Department of Technology, Management and Economics";"sorbit";"sorbit";"Projections of electricity prices and uncertainty using the energy systems model BALMOREL and satellite derived weather data|Projektioner af elpriser og usikkerheder ved brug af energisystemsmodellen BALMOREL og satellit-baseret vejrdata"
"";"dtu|dtupub|third_party";"";"2022-01-03T13:05:54.420Z";"Nakis, Nikolaos";"";"2597117825";"";"dtu";"2020";"";"";"";"";"thesis";"dtu|dtu_electronic|dtupub|dtupub_electronic";"";"";"";"";"";"";"";"";"";"";"";"";"";"";"";"";"und";"5f50cf7fd9001d01694aafd9";"";"5f50cf7fd9001d01694aafd9";"DTU Department of Technology, Management and Economics";"sorbit";"sorbit";"Task-free Variational Continual Learning|Task-free Variational Continual Learning"
"";"dtu|dtupub|third_party";"";"2022-01-03T13:13:16.818Z";"Tyrrestrup, Christian Harder|Sørensen, Thomas Alexander Vestergaard";"";"2444259676";"";"dtu";"2019";"";"";"";"";"thesis";"dtu|dtu_electronic|dtupub|dtupub_electronic";"";"";"";"";"";"";"";"";"";"";"";"";"";"";"";"";"und";"5c7e6784d9001d361b4cd4c4";"";"5c7e6784d9001d361b4cd4c4";"DTU Department of Civil and Mechanical Engineering";"sorbit";"sorbit";"Thermomechanical Topology Optimization|Termomekanisk topologioptimering"
"";"dtu|dtupub|third_party";"";"2022-01-06T23:54:21.745Z";"Strebøl, Vibeke Højberg";"";"2444111022";"";"dtu";"2019";"";"";"";"";"thesis";"dtu|dtu_electronic|dtupub|dtupub_electronic";"";"";"";"";"";"";"";"";"";"";"";"";"";"";"";"";"und";"5c6e95a8d9001d016d145e80";"";"5c6e95a8d9001d016d145e80";"DTU Department of Technology, Management and Economics";"sorbit";"sorbit";"Feasibility study of Power to Gas in the Danish energy system|Feasibility studie for El til Gas i det danske energisystem"
"";"dtu|dtupub|third_party";"";"2022-01-03T13:16:32.629Z";"Kjærgaard, Susanne Vinther";"";"2445374264";"";"dtu";"2019";"";"";"";"";"thesis";"dtu|dtu_electronic|dtupub|dtupub_electronic";"";"";"";"";"";"";"";"";"";"";"";"";"";"";"";"";"und";"5ca5b624d9001d48605f3bf7";"";"5ca5b624d9001d48605f3bf7";"DTU Department of Civil Engineering";"sorbit";"sorbit";"Daylight quality in multistory residential building: A simulation-based study on daylight performance and use of shading devices|Dagslyskvalitet i etageboliger: En simuleringsbaseret undersøgelse af dagslys og brug af solafskærmning"
"";"dtu|dtupub|third_party";"";"2022-01-03T13:16:46.812Z";"Ellegaard, Andreas Høyby";"";"2524896226";"";"dtu";"2019";"";"";"";"";"thesis";"dtu|dtu_electronic|dtupub|dtupub_electronic";"";"";"";"";"";"";"";"";"";"";"";"";"";"";"";"";"und";"5c7a72ffd9001d361b4cd3ec";"";"5c7a72ffd9001d361b4cd3ec";"DTU Department of Applied Mathematics and Computer Science";"sorbit";"sorbit";"Heart segmentation using deep learning|Segmentering af hjertestrukturer via deep learning"
"";"dtu|dtupub|third_party";"";"2022-01-03T13:16:30.536Z";"Dickow, Jeppe Mads";"";"2443960169";"";"dtu";"2019";"";"";"";"";"thesis";"dtu|dtu_electronic|dtupub|dtupub_electronic";"";"";"";"";"";"";"";"";"";"";"";"";"";"";"";"";"und";"5c655b1ad9001d016f39030f";"";"5c655b1ad9001d016f39030f";"DTU Department of Applied Mathematics and Computer Science";"sorbit";"sorbit";"Web service choreography using a Domain Specific Language|Web service choreography ved brug af Domæne-specifikke sprog"
"";"dtu|dtupub|third_party";"";"2022-01-06T23:54:21.853Z";"Roumpedaki, Panagiota Mela";"";"2444474347";"";"dtu";"2019";"";"";"";"";"thesis";"dtu|dtu_electronic|dtupub_external";"";"";"";"";"";"";"";"";"";"";"";"";"";"";"";"";"und";"5c7bc48bd9001d361b4cd436";"";"5c7bc48bd9001d361b4cd436";"DTU Department of Technology, Management and Economics";"sorbit";"sorbit";"A lean process improvement approach for a compliant retirement of a Validation Discontinuation phase: The case of Aseptic Production Lines for Novo Nordisk A/S|En lean og effektiv nedlukning af produktionslinie"
"";"dtu|dtupub|third_party";"";"2022-01-03T13:13:42.391Z";"Holmden, Caitlin";"";"2489514655";"";"dtu";"2019";"";"";"";"";"thesis";"dtu|dtu_electronic|dtupub|dtupub_electronic";"";"";"";"";"";"";"";"";"";"";"";"";"";"";"";"";"und";"5e3419a8d9001d01573c1518";"";"5e3419a8d9001d01573c1518";"DTU Department of Technology, Management and Economics";"sorbit";"sorbit";"Indexing Happiness Within Metropolitan Cities|Indeksering af lykke i metropolomrader"
"";"dtu|dtupub|third_party";"";"2022-01-03T13:05:20.036Z";"Aagaard, Michel Berglykke";"";"2451166348";"";"dtu";"2019";"";"";"";"";"thesis";"dtu|dtu_electronic|dtupub_external";"";"";"";"";"";"";"";"";"";"";"";"";"";"";"";"";"und";"5d441a67d9001d32f558c40a";"";"5d441a67d9001d32f558c40a";"DTU Department of Chemical and Biochemical Engineering";"sorbit";"sorbit";"Influence of TiO2 crystal defects on automotive V-SCR|Indflydelse af TiO2 krystaldefekter pa V-SCR til køretøjer"
"";"dtu|dtupub|third_party";"";"2022-01-06T23:56:35.638Z";"Malvault, Gaulthier Joël Yves";"";"2596535769";"";"dtu";"2020";"";"";"";"";"thesis";"dtu|dtu_electronic|dtupub_external";"";"";"";"";"";"";"";"";"";"";"";"";"";"";"";"";"und";"5f3e5a75d9001d01721d7d28";"";"5f3e5a75d9001d01721d7d28";"DTU Department of Civil and Mechanical Engineering";"sorbit";"sorbit";"Study and characterization of a device for generating an atmospheric boundary layer|Undersøgelser og karakterisering af en opstilling for at generere atmosfæriske grænselag"
"";"dtu|dtupub|third_party";"";"2022-01-03T13:05:19.822Z";"Rodriguez, Daniel Alberto Dik";"";"2451175598";"";"dtu";"2019";"";"";"";"";"thesis";"dtu|dtu_electronic|dtupub|dtupub_electronic";"";"";"";"";"";"";"";"";"";"";"";"";"";"";"";"";"und";"5d456be1d9001d32f558c42c";"";"5d456be1d9001d32f558c42c";"DTU Department of Electrical and Photonics Engineering";"sorbit";"sorbit";"Latency control and optimization for precision time applications in FPGA based communication systems|Latency kontrol og optimering til tidskritiske applikationer i FPGA baserede kommunikationssystemer"
"";"dtu|dtupub|third_party";"";"2022-01-03T13:13:42.036Z";"Simonsen, Cathrine Planck";"";"2477420174";"";"dtu";"2019";"";"";"";"";"thesis";"dtu|dtu_electronic|dtupub|dtupub_electronic";"";"";"";"";"";"";"";"";"";"";"";"";"";"";"";"";"und";"5df22eb8d9001d03d63c9792";"";"5df22eb8d9001d03d63c9792";"DTU Department of Civil Engineering";"sorbit";"sorbit";"Salt crystallization in masonry bricks|Saltkrystaller i mursten"
"";"dtu|dtupub|third_party";"";"2022-01-03T13:16:40.047Z";"Rønholt-Pedersen, Julie";"";"2444474341";"";"dtu";"2019";"";"";"";"";"thesis";"dtu|dtu_electronic|dtupub_external";"";"";"";"";"";"";"";"";"";"";"";"";"";"";"";"";"und";"5c7bc486d9001d361b4cd424";"";"5c7bc486d9001d361b4cd424";"DTU Department of Technology, Management and Economics";"sorbit";"sorbit";"Circular Economy Potential within the building stock|Analyse af det Cirkulære Økonomi-potentiale indenfor den eksisterende bygningsmasse"
"";"dtu|dtupub|third_party";"";"2022-01-03T13:16:52.676Z";"Ravenhorst, Willem Bastiaan van";"";"2444474329";"";"dtu";"2019";"";"";"";"";"thesis";"dtu|dtu_electronic|dtupub_external";"";"";"";"";"";"";"";"";"";"";"";"";"";"";"";"";"und";"5c7a7306d9001d361b4cd407";"";"5c7a7306d9001d361b4cd407";"DTU National Institute of Aquatic Resources";"sorbit";"sorbit";"Overwinter survival of Coho Salmon Parr related to environmental conditions in a tributary of the Siletz River|Miljøforholdenes pavirkning pa vinter overlevelse hos sølvlaks parr i Siletz River, Oregon"
"";"dtu|dtupub|third_party";"";"2022-01-03T13:05:49.519Z";"Pedersen, Thomas Kainamura";"";"2496728116";"";"dtu";"2020";"";"";"";"";"thesis";"dtu|dtu_electronic|dtupub_external";"";"";"";"";"";"";"";"";"";"";"";"";"";"";"";"";"und";"5e56607dd9001d0164073f18";"";"5e56607dd9001d0164073f18";"DTU Department of Biotechnology and Biomedicine";"sorbit";"sorbit";"Immunomodulatory components from gut bacteria|Immun-modelerende effekter af komponenter fra tarmbakterier"
"";"dtu|dtupub|third_party";"";"2022-01-03T13:13:42.455Z";"Yaafi, Emmanuel Obeng-Ankoana";"";"2524918629";"";"dtu";"2020";"";"";"";"";"thesis";"dtu|dtu_electronic|dtupub_external";"";"";"";"";"";"";"";"";"";"";"";"";"";"";"";"";"und";"5e7ded8dd9001d016d012cf5";"";"5e7ded8dd9001d016d012cf5";"DTU Department of Technology, Management and Economics";"sorbit";"sorbit";"Using DAI stable coins as payment intermediary for import/export to countries with volatile fiat currencies|Anvendelse af DAI stable coins som betalingsmiddel i forbindelse med import/eksport til lande med volatile fiat valutaer"
"";"dtu|dtupub|third_party";"";"2022-01-11T08:43:01.883Z";"Tello, Francisco";"";"2497546894";"";"dtu";"2020";"";"";"";"";"thesis";"dtu|dtu_electronic|dtupub|dtupub_electronic";"";"";"";"";"";"";"";"";"";"";"";"";"";"";"";"";"und";"5e60eca7d9001d016338ace6";"";"5e60eca7d9001d016338ace6";"DTU Department of Technology, Management and Economics";"sorbit";"sorbit";"Implementation of Circular Economy thinking in campus operation at DTU|Implementering af cirkulær økonomi tankegangen hos Campusservice pa DTU"
"";"dtu|dtupub|third_party";"";"2022-01-06T23:54:30.269Z";"Thaisen, Lasse Vinblad";"";"2596915340";"";"dtu";"2020";"";"";"";"";"thesis";"dtu|dtu_electronic|dtupub|dtupub_electronic";"";"";"";"";"";"";"";"";"";"";"";"";"";"";"";"";"und";"5f4cdaffd9001d01694aaf55";"";"5f4cdaffd9001d01694aaf55";"DTU Department of Civil and Mechanical Engineering";"sorbit";"sorbit";"Development of framework for Municipality-driven Public-Private Partnerships to foster Circular Value Chains of Post-Consumer Plastic Waste|Udvikling af framework til kommunedrevne public-private partnerskaber for genanvendelse af plastaffald fra husholdninger i cirkulære værdikæder"
"";"dtu|dtupub|third_party";"";"2022-01-03T13:13:35.074Z";"Szathmáry, Zsófia Edit";"";"2444215436";"";"dtu";"2019";"";"";"";"";"thesis";"dtu|dtu_electronic|dtupub_external";"";"";"";"";"";"";"";"";"";"";"";"";"";"";"";"";"und";"5c752d4bd9001d016d4b58e9";"";"5c752d4bd9001d016d4b58e9";"DTU Department of Biotechnology and Biomedicine";"sorbit";"sorbit";"Production and testing of a protein receptor for measuring tetracyclines in milk|Produktion og test af proteinreceptor til maling af tetracykliner i mælk"
"";"dtu|dtupub|third_party";"";"2022-01-06T23:55:10.635Z";"Svendsen, Mark Kamper";"";"2452917732";"";"dtu";"2019";"";"";"";"";"thesis";"dtu|dtu_electronic|dtupub|dtupub_electronic";"";"";"";"";"";"";"";"";"";"";"";"";"";"";"";"";"und";"5d65102cd9001d452b76859a";"";"5d65102cd9001d452b76859a";"DTU Department of Physics";"sorbit";"sorbit";"Exploring strong light-matter interaction in reduced dimensional materials|Undersøgelse af stærk lys-stof vekselvirkninger i materialer med reduceret dimensionalitet"
"";"dtu|dtupub|third_party";"";"2022-01-03T13:13:18.302Z";"Andersen, Josefine Hvarregaard";"";"2452018740";"";"dtu";"2019";"";"";"";"";"thesis";"dtu|dtu_electronic|dtupub|dtupub_electronic";"";"";"";"";"";"";"";"";"";"";"";"";"";"";"";"";"und";"5d4ea65cd9001d1f8a6c41c8";"";"5d4ea65cd9001d1f8a6c41c8";"DTU Department of Chemistry";"sorbit";"sorbit";"Derivation and implementation of coupled cluster linear response in the molecular-orbital-based coupled cluster code eT|Afledning og implementering af coupled cluster lineær respons i den molekylorbital-baserede coupled cluster kode eT"
"";"dtu|dtupub|third_party";"";"2022-01-06T23:54:22.059Z";"Wahlstrøm, Julie Emilie";"";"2444474349";"";"dtu";"2019";"";"";"";"";"thesis";"dtu|dtu_electronic|dtupub_external";"";"";"";"";"";"";"";"";"";"";"";"";"";"";"";"";"und";"5c7bc4b3d9001d361b4cd482";"";"5c7bc4b3d9001d361b4cd482";"DTU Department of Bio and Health Informatics";"sorbit";"sorbit";"Prophage exploration in human microbiome samples|Undersøgelse af profager i humane mikrobiom prøver"
"";"dtu|dtupub|third_party";"";"2022-01-06T23:55:12.236Z";"Vasile, Alexandru-Cosmin";"";"2483520198";"";"dtu";"2019";"";"";"";"";"thesis";"dtu|dtu_electronic|dtupub|dtupub_electronic";"";"";"";"";"";"";"";"";"";"";"";"";"";"";"";"";"und";"5e0b3b10d9001d578f5d17e6";"";"5e0b3b10d9001d578f5d17e6";"DTU Department of Applied Mathematics and Computer Science";"sorbit";"sorbit";"Evaluation of Deep Learning Methods for Fingerprint Presentation Attack Detection|Evaluering af deep learning metoder til detektering af fingeraftrykpræsentationangreb"
"";"dtu|dtupub|third_party";"";"2022-01-03T13:04:50.886Z";"Nguyen, Mai Ly";"";"2453337492";"";"dtu";"2019";"";"";"";"";"thesis";"dtu|dtu_electronic|dtupub_external";"";"";"";"";"";"";"";"";"";"";"";"";"";"";"";"";"und";"5d6e4a7ed9001d66e80217de";"";"5d6e4a7ed9001d66e80217de";"DTU Department of Technology, Management and Economics";"sorbit";"sorbit";"Understanding transition to smart design through play|Forsta transaktion til smart design igennem spil"
"";"dtu|dtupub|third_party";"";"2022-01-03T13:16:34.094Z";"Ajloo, Shahab Brandt";"";"2445374406";"";"dtu";"2019";"";"";"";"";"thesis";"dtu|dtu_electronic|dtupub|dtupub_electronic";"";"";"";"";"";"";"";"";"";"";"";"";"";"";"";"";"und";"5ca5b6c6d9001d48605f3c9d";"";"5ca5b6c6d9001d48605f3c9d";"DTU Department of Applied Mathematics and Computer Science";"sorbit";"sorbit";"The impact of intra axonal nano sized neurofilaments on the diffusion MRI signal|Neurofilamenters indflydelse pa diffusion MRI signalet"
"";"dtu|dtupub|third_party";"";"2022-01-06T23:56:31.005Z";"Hanson, Ida Grüner";"";"2452975986";"";"dtu";"2019";"";"";"";"";"thesis";"dtu|dtu_electronic|dtupub|dtupub_electronic";"";"";"";"";"";"";"";"";"";"";"";"";"";"";"";"";"und";"5d6661a9d9001d452b7685d3";"";"5d6661a9d9001d452b7685d3";"DTU Department of Electrical Engineering";"sorbit";"sorbit";"Implementing positron range correction in preclinical PET imaging|Korrektion af positron effekter i preklinisk PET billeddannelse"
"";"dtu|dtupub|third_party";"";"2022-01-03T13:16:35.602Z";"Lapinskas, Vytis";"";"2524390056";"";"dtu";"2020";"";"";"";"";"thesis";"dtu|dtu_electronic|dtupub|dtupub_electronic";"";"";"";"";"";"";"";"";"";"";"";"";"";"";"";"";"und";"5e7c9c08d9001d8ba34d1dd4";"";"5e7c9c08d9001d8ba34d1dd4";"DTU Department of Civil and Mechanical Engineering";"sorbit";"sorbit";"Topology optimization of Wind Turbine Towers|Topologioptimering af vindmølletarne"
"";"dtu|dtupub|third_party";"";"2022-01-03T13:16:42.939Z";"Elwan, Ebtihal Basem";"";"2594465551";"";"dtu";"2020";"";"";"";"";"thesis";"dtu|dtu_electronic|dtupub|dtupub_electronic";"";"";"";"";"";"";"";"";"";"";"";"";"";"";"";"";"und";"5eff12cfd9001d0169116fc0";"";"5eff12cfd9001d0169116fc0";"DTU Department of Technology, Management and Economics";"sorbit";"sorbit";"Road safety for vulnerable road users in signal controlled intersections|Trafiksikkerhed for bløde trafikanter i signalregulerede kryds"
"";"dtu|dtupub|third_party";"";"2022-01-03T13:13:31.603Z";"Culic, Paulo";"";"2596339161";"";"dtu";"2020";"";"";"";"";"thesis";"dtu|dtu_electronic|dtupub_external";"";"";"";"";"";"";"";"";"";"";"";"";"";"";"";"";"und";"5f3a662dd9001d01721d7ca5";"";"5f3a662dd9001d01721d7ca5";"DTU Department of Wind and Energy Systems";"sorbit";"sorbit";"Enhancing the Objective Roughness Assessment approach with Leaf-Area-Index data for wind turbine siting|Kombination af Leaf Area Index data og skovhøjdemalinger for mere nøjagtige vindressource-estimater"
"";"dtu|dtupub|third_party";"";"2022-01-03T13:05:48.369Z";"Madsen, Joakim Peter";"";"2452976056";"";"dtu";"2019";"";"";"";"";"thesis";"dtu|dtu_electronic|dtupub_external";"";"";"";"";"";"";"";"";"";"";"";"";"";"";"";"";"und";"5d6661c2d9001d452b7685d8";"";"5d6661c2d9001d452b7685d8";"DTU Department of Technology, Management and Economics";"sorbit";"sorbit";"Systematic Warehouse Optimization: Redesign of Royal Unibrew’s Storage System for Packaging Material|Systematisk Lageroptimering: Redesign af Royal Unibrews Lagerhandting af Emballage"
"";"dtu|dtupub|third_party";"";"2022-01-03T13:16:58.463Z";"Haider, Tom";"";"2597470188";"";"dtu";"2020";"";"";"";"";"thesis";"dtu|dtu_electronic|dtupub_external";"";"";"";"";"";"";"";"";"";"";"";"";"";"";"";"";"und";"5f5dfe7ad9001d01706cbcbe";"";"5f5dfe7ad9001d01706cbcbe";"DTU Department of Applied Mathematics and Computer Science";"sorbit";"sorbit";"Digital Labeling Companion - Semi-automated data labeling in computer vision|Den digitale label hjælper - semiautomatisk data labeling i computer vision"
"";"dtu|dtupub|third_party";"";"2022-01-03T13:05:54.786Z";"Moe, Ole Henrik";"";"2607066991";"";"dtu";"2020";"";"";"";"";"thesis";"dtu|dtu_electronic|dtupub|dtupub_electronic";"";"";"";"";"";"";"";"";"";"";"";"";"";"";"";"";"und";"5fc63342d9001d017b593377";"";"5fc63342d9001d017b593377";"DTU Department of Technology, Management and Economics";"sorbit";"sorbit";"A feasibility study of possible offshore wind suppliers in Europe|Undersøgelse af muligheder for identifikation af leverandører til offshore vind industrien i Europa"
"";"dtu|dtupub|third_party";"";"2022-01-03T13:05:27.994Z";"Fernández, Eduard Ballvé I";"";"2597735926";"";"dtu";"2020";"";"";"";"";"thesis";"dtu|dtu_electronic|dtupub_external";"";"";"";"";"";"";"";"";"";"";"";"";"";"";"";"";"und";"5f688a79d9001d0169505fee";"";"5f688a79d9001d0169505fee";"DTU Department of Technology, Management and Economics";"sorbit";"sorbit";"Inland Network Design in the Liner Shipping Industry|Netværksdesign for indenlandske transportnetværk"
"";"dtu|dtupub|third_party";"";"2022-01-03T13:05:50.247Z";"Ahl, Jakob";"";"2524390019";"";"dtu";"2020";"";"";"";"";"thesis";"dtu|dtu_electronic|dtupub|dtupub_electronic";"";"";"";"";"";"";"";"";"";"";"";"";"";"";"";"";"und";"5e7c9c02d9001d8ba34d1dcb";"";"5e7c9c02d9001d8ba34d1dcb";"DTU Department of Space Research and Space Technology";"sorbit";"sorbit";"Automotive sensor for airborne drone applications|Automobilsensor til luftbarne drone applikationer"
"";"dtu|dtupub|third_party";"";"2022-01-03T13:16:34.936Z";"Amirijavid, Shaghayegh";"";"2453337986";"";"dtu";"2019";"";"";"";"";"thesis";"dtu|dtu_electronic|dtupub_external";"";"";"";"";"";"";"";"";"";"";"";"";"";"";"";"";"und";"5d6e4aa9d9001d66e802182f";"";"5d6e4aa9d9001d66e802182f";"DTU Department of Biotechnology and Biomedicine";"sorbit";"sorbit";"Future value of Real world Evidence in regulatory context|Future value of Real world Evidence in regulatory context"
"";"dtu|dtupub|third_party";"";"2022-01-03T13:13:42.559Z";"Zakryvydoroga, Vadym";"";"2510214299";"";"dtu";"2020";"";"";"";"";"thesis";"dtu|dtu_electronic|dtupub|dtupub_electronic";"";"";"";"";"";"";"";"";"";"";"";"";"";"";"";"";"und";"5e6f6d00d9001d016e432c9a";"";"5e6f6d00d9001d016e432c9a";"DTU Department of Technology, Management and Economics";"sorbit";"sorbit";"Bicycle demand and biking behaviour in Denmark|Cykelefterspørgsel og cyklistadfærd i Danmark"
"";"dtu|dtupub|third_party";"";"2022-01-03T13:05:25.398Z";"Kletti, Hori Ranason undir";"";"2511701160";"";"dtu";"2020";"";"";"";"";"thesis";"dtu|dtu_electronic|dtupub|dtupub_electronic";"";"";"";"";"";"";"";"";"";"";"";"";"";"";"";"";"und";"5e70be84d9001d0171298893";"";"5e70be84d9001d0171298893";"DTU Department of Applied Mathematics and Computer Science";"sorbit";"sorbit";"WaveNet and global conditioning|WaveNet og global betingning"
"";"dtu|dtupub|third_party";"";"2022-01-03T13:13:23.262Z";"Jensen, Marc Lundholm";"";"2597274416";"";"dtu";"2020";"";"";"";"";"thesis";"dtu|dtu_electronic|dtupub|dtupub_electronic";"";"";"";"";"";"";"";"";"";"";"";"";"";"";"";"";"und";"5f576701d9001d01706cbbbc";"";"5f576701d9001d01706cbbbc";"DTU Department of Civil and Mechanical Engineering";"sorbit";"sorbit";"Analysis and design of active control for spray boom|Analyse og design af aktivt kontrolsystem for sprøjtebom"
"";"dtu|dtupub|third_party";"";"2022-01-03T13:05:27.849Z";"Ramsing, Thomas Wichmand";"";"2596798808";"";"dtu";"2020";"";"";"";"";"thesis";"dtu|dtu_electronic|dtupub|dtupub_electronic";"";"";"";"";"";"";"";"";"";"";"";"";"";"";"";"";"und";"5f4794fed9001d01721d7e42";"";"5f4794fed9001d01721d7e42";"DTU Department of Applied Mathematics and Computer Science";"sorbit";"sorbit";"Classification of PD-L1 positive tumour cells using artificial intelligence|Klassifikation af PD-L1 positive tumorceller ved brug af kunstig intelligens"
"";"dtu|dtupub|third_party";"";"2022-01-06T23:55:15.169Z";"Pedersen, Tobias Oppenhagen";"";"2594525123";"";"dtu";"2020";"";"";"";"";"thesis";"dtu|dtu_electronic|dtupub|dtupub_electronic";"";"";"";"";"";"";"";"";"";"";"";"";"";"";"";"";"und";"5f01b5b5d9001d0169116fd7";"";"5f01b5b5d9001d0169116fd7";"DTU Department of Civil and Mechanical Engineering";"sorbit";"sorbit";"Establishing an understanding of organisations' sustainability through life cycle screening: Acrimo VS 1382 screen as a case|Etablering af en forstaelse af virksomheders bæredygtighed gennem livscyklus-screening: Acrimo VS 1382 skærm som casestudie"
"";"dtu|dtupub|third_party";"";"2022-01-03T13:05:24Z";"Psyrri, Georgia";"";"2497102211";"";"dtu";"2020";"";"";"";"";"thesis";"dtu|dtu_electronic|dtupub|dtupub_electronic";"";"";"";"";"";"";"";"";"";"";"";"";"";"";"";"";"und";"5e5cf808d9001d01632c0030";"";"5e5cf808d9001d01632c0030";"DTU Department of Environmental and Resource Engineering";"sorbit";"sorbit";"Using bioprotection solutions to improve the supply chains of dairy products: an environmental assessment|Brug af bioprotektionsløsninger til forbedring af forsyningskæderne i mejeriprodukter: En miljøvurdering"
"";"dtu|dtupub|third_party";"";"2022-01-03T13:16:53.606Z";"Guillemette, Tamara Perez";"";"2497546614";"";"dtu";"2020";"";"";"";"";"thesis";"dtu|dtu_electronic|dtupub_external";"";"";"";"";"";"";"";"";"";"";"";"";"";"";"";"";"und";"5e60ec99d9001d016338acc0";"";"5e60ec99d9001d016338acc0";"DTU Department of Environmental and Resource Engineering";"sorbit";"sorbit";"Developing a sustainable cleaning strategy for Aquaporin Inside Forward Osmosis Membranes in concentration of municipal wastewater|Udvikling af en bæredygtig rengøringsstrategi for Aquaporin Inside Forward Osmosis Membranes i koncentrationen af kommunalt spildevand"
"";"dtu|dtupub|third_party";"";"2022-01-03T13:16:35.581Z";"Efternavn, Rhythm Ej";"";"2526236707";"";"dtu";"2020";"";"";"";"";"thesis";"dtu|dtu_electronic|dtupub_external";"";"";"";"";"";"";"";"";"";"";"";"";"";"";"";"";"und";"5e9ae06ad9001d016475f426";"";"5e9ae06ad9001d016475f426";"DTU Department of Electrical Engineering";"sorbit";"sorbit";"Modelling and stability assessment of the Bornholm power system with battery energy storage|Modellering og stabilitetsvurdering af Bornholms elnet inklusiv et batterilager"
"";"dtu|dtupub|third_party";"";"2022-01-03T13:05:23.823Z";"Sigshøj, Johan|Jensen, Nick Holm";"";"2489514651";"";"dtu";"2019";"";"";"";"";"thesis";"dtu|dtu_electronic|dtupub_external";"";"";"";"";"";"";"";"";"";"";"";"";"";"";"";"";"und";"5e3419a6d9001d01573c150d";"";"5e3419a6d9001d01573c150d";"DTU Department of Civil and Mechanical Engineering";"sorbit";"sorbit";"Analysis and Optimisation of filling lines in insulin manufacturing based on Robust Design Methodology|Analyse og optimering af fyldelinjer i insulin fremstilling med Robust Design Metodik"
"";"dtu|dtupub|third_party";"";"2022-01-06T23:54:26.791Z";"Brockhoff, Christian Skovlund|Grønbech, Mette";"";"2496058619";"";"dtu";"2020";"";"";"";"";"thesis";"dtu|dtu_electronic|dtupub|dtupub_electronic";"";"";"";"";"";"";"";"";"";"";"";"";"";"";"";"";"und";"5e550f22d9001d0164073f09";"";"5e550f22d9001d0164073f09";"DTU Department of Applied Mathematics and Computer Science";"sorbit";"sorbit";"Sikkerhed i Microservices|Security in Microservices"
"";"dtu|dtupub|third_party";"";"2022-01-03T13:05:25.443Z";"Dahir, Alla Hassan";"";"2524918650";"";"dtu";"2020";"";"";"";"";"thesis";"dtu|dtu_electronic|dtupub|dtupub_electronic";"";"";"";"";"";"";"";"";"";"";"";"";"";"";"";"";"und";"5e7ded8fd9001d016d012d02";"";"5e7ded8fd9001d016d012d02";"DTU Department of Health Technology";"sorbit";"sorbit";"The effect of checkpoint inhibitor therapy on the lymphocyte repertoire composition|Effekten af checkpoint inhibitor terapi pa lymfocytrepertoire-sammensætningen"
"";"dtu|dtupub|third_party";"";"2022-01-03T13:13:20.384Z";"Lützen, Jacob Andreas|Lissalde, Christoph Daniel Bengtsson";"";"2497547063";"";"dtu";"2020";"";"";"";"";"thesis";"dtu|dtu_electronic|dtupub_external";"";"";"";"";"";"";"";"";"";"";"";"";"";"";"";"";"und";"5e60ecaed9001d016338ad0a";"";"5e60ecaed9001d016338ad0a";"DTU Department of Civil and Mechanical Engineering";"sorbit";"sorbit";"Development of product design tool for circularity at Bang & Olufsen|Udvikling af et cirkulær værktøj inden for produktudvikling hos Bang and Olufsen"
"";"dtu|dtupub|third_party";"";"2022-01-03T13:04:52.045Z";"Bonnor, Pernille";"";"2489514291";"";"dtu";"2019";"";"";"";"";"thesis";"dtu|dtu_electronic|dtupub_external";"";"";"";"";"";"";"";"";"";"";"";"";"";"";"";"";"und";"5e341994d9001d01573c14da";"";"5e341994d9001d01573c14da";"DTU DTU National Food Institute";"sorbit";"sorbit";"Preventive capacity of birch sap to birch pollen|Den forebyggende kapacitet af birkesaft over for birkepollen"
"";"dtu|dtupub|third_party";"";"2022-01-06T23:55:13.394Z";"Silveira, Lucas Gomes de Camargos";"";"2495110115";"";"dtu";"2020";"";"";"";"";"thesis";"dtu|dtu_electronic|dtupub|dtupub_electronic";"";"";"";"";"";"";"";"";"";"";"";"";"";"";"";"";"und";"5e493180d9001d2ceb5bbaa3";"";"5e493180d9001d2ceb5bbaa3";"DTU Department of Wind and Energy Systems";"sorbit";"sorbit";"Implementation of an open-source tool for aeroelastic simulations of Horizontal wind turbines|Implementering af en open sourse kode til aeroelastisk simulering af en horizontal akslet vindmølle"
"";"dtu|dtupub|third_party";"";"2022-01-03T13:13:20.732Z";"Cady, Christoffer|Mehdawi, Anas";"";"2531205547";"";"dtu";"2020";"";"";"";"";"thesis";"dtu|dtu_electronic|dtupub_external";"";"";"";"";"";"";"";"";"";"";"";"";"";"";"";"";"und";"5ea960eed9001d0166520ffa";"";"5ea960eed9001d0166520ffa";"DTU Department of Civil and Mechanical Engineering";"sorbit";"sorbit";"Design and business validation of low-viscosity filtration technology|Design and business validation of low-viscosity filtration technology"
"";"dtu|dtupub|third_party";"";"2022-01-03T13:05:48.082Z";"Hansen, Cecilie Marie";"";"2452917689";"";"dtu";"2019";"";"";"";"";"thesis";"dtu|dtu_electronic|dtupub|dtupub_electronic";"";"";"";"";"";"";"";"";"";"";"";"";"";"";"";"";"und";"5d651029d9001d452b76858f";"";"5d651029d9001d452b76858f";"DTU Department of Civil and Mechanical Engineering";"sorbit";"sorbit";"The effect of deformation on corrosion properties of stainless steel|Effekten af deformation pa rustfri stal korrosionsegenskaber"
"";"dtu|dtupub|third_party";"";"2022-01-03T13:05:44.102Z";"Rasmussen, Frederik|Pedersen, Mikkel Kofod";"";"2451028912";"";"dtu";"2019";"";"";"";"";"thesis";"dtu|dtu_electronic|dtupub|dtupub_electronic";"";"";"";"";"";"";"";"";"";"";"";"";"";"";"";"";"und";"5d3d8395d9001d32f558c1eb";"";"5d3d8395d9001d32f558c1eb";"DTU Department of Civil Engineering";"sorbit";"sorbit";"A SENSITIVITY ANALYSIS ON THE EFFECT OF BSDF RESOLUTIONS FOR SOLAR SHADING DEVICES COUPLED WITH PRACTICAL MEASUREMENTS|SENSITIVITETSANALYSE AF BSDF-OPLØSNINGER FOR SOLAFSKÆRMNINGSSYSTEMER SAMMENLIGNET MED PRAKTISKE MALINGER"
"";"dtu|dtupub|third_party";"";"2022-01-03T13:05:44.085Z";"Otterstrøm, Emil Bejstrup|Hansen, Tanja Lind";"";"2451028904";"";"dtu";"2019";"";"";"";"";"thesis";"dtu|dtu_electronic|dtupub|dtupub_electronic";"";"";"";"";"";"";"";"";"";"";"";"";"";"";"";"";"und";"5d3d838ad9001d32f558c1d6";"";"5d3d838ad9001d32f558c1d6";"DTU Department of Applied Mathematics and Computer Science";"sorbit";"sorbit";"Platform Design for Sharing Novel Driver Perspective Video as a Remedy in Fault Claims - Validating the business case|Design af Platform til Deling af Video fra Chaufførens Perspektiv som Værktøj til Afklaring af Skyld i Forsikringssammenhæng - Validering af forretningside"
"";"dtu|dtupub|third_party";"";"2022-01-06T23:54:25.059Z";"Camps, Martina Alvarez";"";"2452037969";"";"dtu";"2019";"";"";"";"";"thesis";"dtu|dtu_electronic|dtupub_external";"";"";"";"";"";"";"";"";"";"";"";"";"";"";"";"";"und";"5d514973d9001d1f8a6c423d";"";"5d514973d9001d1f8a6c423d";"DTU Department of Chemical and Biochemical Engineering";"sorbit";"sorbit";"Control of divided wall distillation columns|Regulering af opdelte vægdestillationskolonner"
"";"dtu|dtupub|third_party";"";"2022-01-03T13:16:33.448Z";"Knudsen, Charlotte Vad";"";"2451028500";"";"dtu";"2019";"";"";"";"";"thesis";"dtu|dtu_electronic|dtupub|dtupub_electronic";"";"";"";"";"";"";"";"";"";"";"";"";"";"";"";"";"und";"5d3d82e9d9001d32f558c087";"";"5d3d82e9d9001d32f558c087";"DTU Department of Environmental and Resource Engineering";"sorbit";"sorbit";"Spatial variation and uncertainty in contaminant characterization of clayey tills|Rumlig variation og usikkerhed ved forureningskarakterisering af moræneler"
"";"dtu|dtupub|third_party";"";"2022-01-03T13:13:17.785Z";"Chopde, Siddharth";"";"2450280356";"";"dtu";"2019";"";"";"";"";"thesis";"dtu|dtu_electronic|dtupub|dtupub_electronic";"";"";"";"";"";"";"";"";"";"";"";"";"";"";"";"";"und";"5d1c8d7cd9001d146569a4ef";"";"5d1c8d7cd9001d146569a4ef";"DTU Department of Applied Mathematics and Computer Science";"sorbit";"sorbit";"Insights on anomalies in ERP Systems|Insights on anomalies in ERP Systems"
"";"dtu|dtupub|third_party";"";"2022-01-06T23:55:09.146Z";"Albrechtsen, Simon Holst";"";"2450280331";"";"dtu";"2019";"";"";"";"";"thesis";"dtu|dtu_electronic|dtupub|dtupub_electronic";"";"";"";"";"";"";"";"";"";"";"";"";"";"";"";"";"und";"5d3d8324d9001d32f558c0ee";"";"5d3d8324d9001d32f558c0ee";"DTU Department of Applied Mathematics and Computer Science";"sorbit";"sorbit";"Epistemic Planning in Robotics|Epistemisk planlægning pa robotter"
"";"dtu|dtupub|third_party";"";"2022-01-03T13:13:42.177Z";"Kaarsholm, Søren Majdal";"";"2489514642";"";"dtu";"2020";"";"";"";"";"thesis";"dtu|dtu_electronic|dtupub|dtupub_electronic";"";"";"";"";"";"";"";"";"";"";"";"";"";"";"";"";"und";"5e3419a3d9001d01573c14fa";"";"5e3419a3d9001d01573c14fa";"DTU Department of Wind and Energy Systems";"sorbit";"sorbit";"Optimizing wind farm power output through wake steering|Optimering af vindmøllepark energiproduktion gennem wake styring"
"";"dtu|dtupub|third_party";"";"2022-01-03T13:16:56.319Z";"Rasmussen, Joachim Brinch";"";"2531205517";"";"dtu";"2020";"";"";"";"";"thesis";"dtu|dtu_electronic|dtupub|dtupub_electronic";"";"";"";"";"";"";"";"";"";"";"";"";"";"";"";"";"und";"5ea960edd9001d0166520ff3";"";"5ea960edd9001d0166520ff3";"DTU DTU National Food Institute";"sorbit";"sorbit";"Study of fractionation of brewers spent grains|Undersøgelse af oprensnng af mask"
"";"dtu|dtupub|third_party";"";"2022-01-03T13:13:12.534Z";"Gonzalez, Rebeca Garcia";"";"2444760387";"";"dtu";"2019";"";"";"";"";"thesis";"dtu|dtu_electronic|dtupub|dtupub_electronic";"";"";"";"";"";"";"";"";"";"";"";"";"";"";"";"";"und";"5c90dc81d9001d017d637d13";"";"5c90dc81d9001d017d637d13";"DTU Department of Bio and Health Informatics";"sorbit";"sorbit";"Unravelling the genomic aetiology of intellectual disability|Udviklingshæmning og dens genetiske baggrund"
"";"dtu|dtupub|third_party";"";"2022-01-03T13:16:34.436Z";"Calicchia, Luca";"";"2451029062";"";"dtu";"2019";"";"";"";"";"thesis";"dtu|dtu_electronic|dtupub|dtupub_electronic";"";"";"";"";"";"";"";"";"";"";"";"";"";"";"";"";"und";"5d3d83e4d9001d32f558c2a0";"";"5d3d83e4d9001d32f558c2a0";"DTU Department of Applied Mathematics and Computer Science";"sorbit";"sorbit";"Design of an Approximated Floating-Point Accelerator for Energy Efficient Embedded Systems|Design of an Approximated Floating-Point Accelerator for Energy Efficient Embedded Systems"
"";"dtu|dtupub|third_party";"";"2022-01-03T13:05:54.739Z";"Knudsen, Rikke Kirstine";"";"2604853580";"";"dtu";"2020";"";"";"";"";"thesis";"dtu|dtu_electronic|dtupub_external";"";"";"";"";"";"";"";"";"";"";"";"";"";"";"";"";"und";"5f996046d9001d016970fe77";"";"5f996046d9001d016970fe77";"DTU Department of Chemical and Biochemical Engineering";"sorbit";"sorbit";"Modification of Hydrophilic Coating Formulations by use of Polymeric Additives|Modifikation af hydrofile coating formuleringer med polymeradditiver"
"";"dtu|dtupub|third_party";"";"2022-01-03T13:05:25.501Z";"Gao, Shenghan";"";"2525156605";"";"dtu";"2020";"";"";"";"";"thesis";"dtu|dtu_electronic|dtupub|dtupub_electronic";"";"";"";"";"";"";"";"";"";"";"";"";"";"";"";"";"und";"5e832575d9001d01923ead88";"";"5e832575d9001d01923ead88";"DTU Department of Applied Mathematics and Computer Science";"sorbit";"sorbit";"Estimation of Shallow Groundwater using Machine Learning|Estimering af terrænnært grundvand ved brug af machine learning"
"";"dtu|dtupub|third_party";"";"2022-01-03T13:16:30.522Z";"Afrashi, Mehdi";"";"2443429726";"";"dtu";"2019";"";"";"";"";"thesis";"dtu|dtu_electronic|dtupub|dtupub_electronic";"";"";"";"";"";"";"";"";"";"";"";"";"";"";"";"";"und";"5c4da004d9001d01670c6e89";"";"5c4da004d9001d01670c6e89";"DTU Department of Civil and Mechanical Engineering";"sorbit";"sorbit";"Vibration Mitigation in Offshore Wind Turbines using Electromagnetic Pendulum Absorbers|Vibrationsdæmpning af offshore-vindmøller med elektromagnetisk pendulabsorber"
"";"dtu|dtupub|third_party";"";"2022-01-03T13:13:18.226Z";"Thyssen, Sebrina";"";"2451153140";"";"dtu";"2019";"";"";"";"";"thesis";"dtu|dtu_electronic|dtupub|dtupub_electronic";"";"";"";"";"";"";"";"";"";"";"";"";"";"";"";"";"und";"5d42c8f5d9001d32f558c3ca";"";"5d42c8f5d9001d32f558c3ca";"DTU DTU National Food Institute";"sorbit";"sorbit";"The effect of UV-treatment of recycled water in food processing plants|Effekten af UV-behandling af recirkuleret vand i fødevarevirksomheder"
"";"dtu|dtupub|third_party";"";"2022-01-03T13:16:35.900Z";"Chen, Lu";"";"2604853392";"";"dtu";"2020";"";"";"";"";"thesis";"dtu|dtu_electronic|dtupub|dtupub_electronic";"";"";"";"";"";"";"";"";"";"";"";"";"";"";"";"";"und";"5f996039d9001d016970fe42";"";"5f996039d9001d016970fe42";"DTU Department of Health Technology";"sorbit";"sorbit";"Microfluidics for imaging of single cells in gradients|Mikrofluidik til imaging af enkelteceller i gradienter."
"";"dtu|dtupub|third_party";"";"2022-01-03T13:13:38.320Z";"Reinert, Sebastian Vejlgaard";"";"2444215423";"";"dtu";"2019";"";"";"";"";"thesis";"dtu|dtu_electronic|dtupub_external";"";"";"";"";"";"";"";"";"";"";"";"";"";"";"";"";"und";"5c752d43d9001d016d4b58d2";"";"5c752d43d9001d016d4b58d2";"DTU Department of Civil and Mechanical Engineering";"sorbit";"sorbit";"Robust Design for Manufacture and Assembly of LNG Two-stroke Engine for marine propulsion systems|Robust Design med fokus pa produktion og samling af to-takts LNG motor for maritime fremdriftsenheder"
"";"dtu|dtupub|third_party";"";"2022-01-03T13:16:59.139Z";"Biasini, Mirko";"";"2610569078";"";"dtu";"2020";"";"";"";"";"thesis";"dtu|dtu_electronic|dtupub_external";"";"";"";"";"";"";"";"";"";"";"";"";"";"";"";"";"und";"5fedc03ad9001d016c586147";"";"5fedc03ad9001d016c586147";"DTU Department of Applied Mathematics and Computer Science";"sorbit";"sorbit";"Design and Implementation of Gamification in a Social e-Learning Platform for Increasing Learner Engagement|Design og implementering af Gamification i en social e-læringsplatform for at øge lærerengagement"
"";"dtu|dtupub|third_party";"";"2022-01-06T23:55:09.471Z";"Staciokas, Justas";"";"2451029075";"";"dtu";"2019";"";"";"";"";"thesis";"dtu|dtu_electronic|dtupub_external";"";"";"";"";"";"";"";"";"";"";"";"";"";"";"";"";"und";"5d3d83ecd9001d32f558c2ba";"";"5d3d83ecd9001d32f558c2ba";"DTU Department of Chemical and Biochemical Engineering";"sorbit";"sorbit";"Investigation of cross-linking effect on proteopolymersome reconstituting Aquaporin Z proteins|Undersøgelse af krydsbindingseffekter for proteopolymersomer indeholdende Aquaporin Z proteiner"
"";"dtu|dtupub|third_party";"";"2022-01-03T13:16:32.589Z";"Niels-Christiansen, Morten";"";"2445374198";"";"dtu";"2019";"";"";"";"";"thesis";"dtu|dtu_electronic|dtupub|dtupub_electronic";"";"";"";"";"";"";"";"";"";"";"";"";"";"";"";"";"und";"5ca5b5afd9001d48605f3ba4";"";"5ca5b5afd9001d48605f3ba4";"DTU Department of Applied Mathematics and Computer Science";"sorbit";"sorbit";"Automated implementation and maintenance of regulatory initiatives|Automatiseret implementering og vedligeholdelse af regulatoriske initiativer"
"";"dtu|dtupub|third_party";"";"2022-01-03T13:16:53.883Z";"Kristjansson, Sveinn Heidar";"";"2451139203";"";"dtu";"2019";"";"";"";"";"thesis";"dtu|dtu_electronic|dtupub|dtupub_electronic";"";"";"";"";"";"";"";"";"";"";"";"";"";"";"";"";"und";"5d41776cd9001d32f558c392";"";"5d41776cd9001d32f558c392";"DTU Department of Technology, Management and Economics";"sorbit";"sorbit";"Optimizing Leveraged Asset Allocation Strategies|Optimering af gearede aktivallokeringsstrategier"
"";"dtu|dtupub|third_party";"";"2022-01-06T23:55:09.219Z";"Mahitthiburin, Kornpong";"";"2451028884";"";"dtu";"2019";"";"";"";"";"thesis";"dtu|dtu_electronic|dtupub|dtupub_electronic";"";"";"";"";"";"";"";"";"";"";"";"";"";"";"";"";"und";"5d3d836cd9001d32f558c193";"";"5d3d836cd9001d32f558c193";"DTU Department of Technology, Management and Economics";"sorbit";"sorbit";"Optimal Scheduling of Railway Infrastructure Maintenance to Minimize Disruption|Optimal Planlæggning af Jernbane Vedligholdelse for at Minimere Forstyrrelser"
"";"dtu|dtupub|third_party";"";"2022-01-03T13:16:36.190Z";"Juhl, Albert";"";"2594825030";"";"dtu";"2020";"";"";"";"";"thesis";"dtu|dtu_electronic|dtupub|dtupub_electronic";"";"";"";"";"";"";"";"";"";"";"";"";"";"";"";"";"und";"5f0c41bcd9001d016b4e1dd1";"";"5f0c41bcd9001d016b4e1dd1";"DTU Department of Electrical and Photonics Engineering";"sorbit";"sorbit";"Backend system for internet of things|Backend system til internet of things"
"";"dtu|dtupub|third_party";"";"2022-01-03T13:13:23.945Z";"Lassen, Henrik Bødker";"";"2597373148";"";"dtu";"2020";"";"";"";"";"thesis";"dtu|dtu_electronic|dtupub|dtupub_electronic";"";"";"";"";"";"";"";"";"";"";"";"";"";"";"";"";"und";"5f5a09ffd9001d01706cbc84";"";"5f5a09ffd9001d01706cbc84";"DTU Department of Electrical and Photonics Engineering";"sorbit";"sorbit";"High harmonic generation from the narrow-gap semiconductor indium arsenide|High harmonic generation from the narrow-gap semiconductor indium arsenide"
"";"dtu|dtupub|third_party";"";"2022-01-03T13:05:49.240Z";"Lu, Pengfei";"";"2483158784";"";"dtu";"2019";"";"";"";"";"thesis";"dtu|dtu_electronic|dtupub_external";"";"";"";"";"";"";"";"";"";"";"";"";"";"";"";"";"und";"5e05f510d9001d578f5d17c1";"";"5e05f510d9001d578f5d17c1";"DTU Department of Wind and Energy Systems";"sorbit";"sorbit";"Lidar based wind field estimation techniques for load verification|Lidar baserede vindfelt estimering for lastverificering"
"";"dtu|dtupub|third_party";"";"2022-01-03T13:13:19.436Z";"Hagen, Nicolai Højsgaard";"";"2471512194";"";"dtu";"2019";"";"";"";"";"thesis";"dtu|dtu_electronic|dtupub|dtupub_electronic";"";"";"";"";"";"";"";"";"";"";"";"";"";"";"";"";"und";"5dd67f15d9001d01574a1b7c";"";"5dd67f15d9001d01574a1b7c";"DTU Department of Technology, Management and Economics";"sorbit";"sorbit";"Strategy in managing technology co-creation through wind power projects: A case study of the paradox of data centers in Denmark|Strategy in managing technology co-creation through wind power projects: A case study of the paradox of data centers in Denmark."
"";"dtu|dtupub|third_party";"";"2022-01-03T13:13:19.007Z";"Nirula, Achint";"";"2452663736";"";"dtu";"2019";"";"";"";"";"thesis";"dtu|dtu_electronic|dtupub|dtupub_electronic";"";"";"";"";"";"";"";"";"";"";"";"";"";"";"";"";"und";"5d568f6ed9001d05d7613ad3";"";"5d568f6ed9001d05d7613ad3";"DTU Department of Wind and Energy Systems";"sorbit";"sorbit";"Experimental Study and Numerical Simulation of Cross Flow Vortex Induced Vibration on OC3 Hywind Floating Spar Platform|Eksperimentel og numerisk undersøgelse af hvirvel induceret vibration af en OC3 ""Hywind Floating Spar"" platform"
"";"dtu|dtupub|third_party";"";"2022-01-06T23:55:10.670Z";"Didier, Paul Henri Marcel";"";"2453020892";"";"dtu";"2019";"";"";"";"";"thesis";"dtu|dtu_electronic|dtupub|dtupub_electronic";"";"";"";"";"";"";"";"";"";"";"";"";"";"";"";"";"und";"5d690469d9001d452b7685e7";"";"5d690469d9001d452b7685e7";"DTU Department of Electrical Engineering";"sorbit";"sorbit";"In situ estimation of the acoustic properties of vehicle interiors|In situ-estimering af bilinteriørers akustiske egenskaber"
"";"dtu|dtupub|third_party";"";"2022-01-03T13:13:40.679Z";"Li, Ming";"";"2451175662";"";"dtu";"2019";"";"";"";"";"thesis";"dtu|dtu_electronic|dtupub|dtupub_electronic";"";"";"";"";"";"";"";"";"";"";"";"";"";"";"";"";"und";"5d456c03d9001d32f558c47f";"";"5d456c03d9001d32f558c47f";"DTU Department of Civil and Mechanical Engineering";"sorbit";"sorbit";"Compound layer formation on nitriding steels|Fonbindelseslagsdannelse pa nitrerstal"
"";"dtu|dtupub|third_party";"";"2022-01-03T13:05:52.054Z";"Larsen, Andreas Juul";"";"2595588382";"";"dtu";"2020";"";"";"";"";"thesis";"dtu|dtu_electronic|dtupub|dtupub_electronic";"";"";"";"";"";"";"";"";"";"";"";"";"";"";"";"";"und";"5f20084bd9001d016b4e2136";"";"5f20084bd9001d016b4e2136";"DTU Department of Civil Engineering";"sorbit";"sorbit";"Structural analysis and design of a residential tower in timber structures|Konsruktionsanalyse og design af et bolighøjhus som trækonstruktion"
"";"dtu|dtupub|third_party";"";"2022-01-03T13:13:23.432Z";"Viana, Veronica Ramos";"";"2597213918";"";"dtu";"2020";"";"";"";"";"thesis";"dtu|dtu_electronic|dtupub|dtupub_electronic";"";"";"";"";"";"";"";"";"";"";"";"";"";"";"";"";"und";"5f561584d9001d01706cbb81";"";"5f561584d9001d01706cbb81";"DTU Department of Biotechnology and Biomedicine";"sorbit";"sorbit";"Functional characterization of cell wall deletions and influence on secretion of the final product in cell factories|Functional characterization of cell wall deletions and influence on secretion of the final product in cell factories"
"";"dtu|dtupub|third_party";"";"2022-01-03T13:05:50.299Z";"Larsen, Morten Højrup";"";"2531373601";"";"dtu";"2020";"";"";"";"";"thesis";"dtu|dtu_electronic|dtupub|dtupub_electronic";"";"";"";"";"";"";"";"";"";"";"";"";"";"";"";"";"und";"5ead556ed9001d016652101b";"";"5ead556ed9001d016652101b";"DTU Department of Electrical Engineering";"sorbit";"sorbit";"Calibration of Laser Scanners for Robots|Kalibrering af laserskannere til robotter"
"";"dtu|dtupub|third_party";"";"2022-01-03T13:13:42.901Z";"Ribaconka, Martynas";"";"2597735923";"";"dtu";"2020";"";"";"";"";"thesis";"dtu|dtu_electronic|dtupub|dtupub_electronic";"";"";"";"";"";"";"";"";"";"";"";"";"";"";"";"";"und";"5f688a79d9001d0169505fe9";"";"5f688a79d9001d0169505fe9";"DTU Department of Electrical and Photonics Engineering";"sorbit";"sorbit";"Impact of Spectral Albedo on Bifacial PV Performance Assessment|Albedoens spektrale fordelings indflydelse pa ydelses vurderingen af Bifacielle PV installationer."
"";"dtu|dtupub|third_party";"";"2022-01-03T13:13:43.881Z";"Kjærgaard, Leo Andreas";"";"2597009673";"";"dtu";"2020";"";"";"";"";"thesis";"dtu|dtu_electronic|dtupub_external";"";"";"";"";"";"";"";"";"";"";"";"";"";"";"";"";"und";"5f4e2c8ed9001d01694aaf81";"";"5f4e2c8ed9001d01694aaf81";"DTU Department of Electrical and Photonics Engineering";"sorbit";"sorbit";"Backend solution for IoT|Backend løsninger for IoT"
"";"dtu|dtupub|third_party";"";"2022-01-03T13:13:23.920Z";"Bjarnason, Benedikt Natanael";"";"2610569074";"";"dtu";"2020";"";"";"";"";"thesis";"dtu|dtu_electronic|dtupub_external";"";"";"";"";"";"";"";"";"";"";"";"";"";"";"";"";"und";"5fedc03ad9001d016c58613f";"";"5fedc03ad9001d016c58613f";"DTU Department of Applied Mathematics and Computer Science";"sorbit";"sorbit";"Combined finite element and modal method for offshore wind turbine structures|Endelige elementers metode i kombination med udvikling efter egensvingningstilstande for offshore vind turbine strukturer"
"";"dtu|dtupub|third_party";"";"2022-01-03T13:16:59.058Z";"Rostrup-Nielsen, Madeleine Durieux";"";"2599206775";"";"dtu";"2020";"";"";"";"";"thesis";"dtu|dtu_electronic|dtupub|dtupub_electronic";"";"";"";"";"";"";"";"";"";"";"";"";"";"";"";"";"und";"5f858c22d9001d017002592f";"";"5f858c22d9001d017002592f";"DTU Department of Civil and Mechanical Engineering";"sorbit";"sorbit";"Experimental analyses of wave interaction with monopiles|Eksperimentelle analyser af bølgeinteraktion med monopæle"
"";"dtu|dtupub|third_party";"";"2022-01-06T23:54:30.122Z";"Thorsen, Andreas";"";"2595588615";"";"dtu";"2020";"";"";"";"";"thesis";"dtu|dtu_electronic|dtupub|dtupub_electronic";"";"";"";"";"";"";"";"";"";"";"";"";"";"";"";"";"und";"5f20086dd9001d016b4e21b0";"";"5f20086dd9001d016b4e21b0";"DTU Department of Wind and Energy Systems";"sorbit";"sorbit";"Wind Turbine Operational Strategies for Increasing Value of Energy|Vindmølle kontrolstrategier til værdiforøgning af vindenergi"
"";"dtu|dtupub|third_party";"";"2022-01-03T13:05:28.069Z";"Moscatelli, Fabrizio";"";"2605626572";"";"dtu";"2020";"";"";"";"";"thesis";"dtu|dtu_electronic|dtupub|dtupub_electronic";"";"";"";"";"";"";"";"";"";"";"";"";"";"";"";"";"und";"5fa7e0b9d9001d0169385cb4";"";"5fa7e0b9d9001d0169385cb4";"DTU Department of Technology, Management and Economics";"sorbit";"sorbit";"Assessment of new transport links across the Øresund Strait|Vurdering af nye transportforbindelser over Øresund"
"";"dtu|dtupub|third_party";"";"2022-01-03T13:05:54.627Z";"Gutheil, Moritz";"";"2598443214";"";"dtu";"2020";"";"";"";"";"thesis";"dtu|dtu_electronic|dtupub_external";"";"";"";"";"";"";"";"";"";"";"";"";"";"";"";"";"und";"5f745726d9001d5518098af0";"";"5f745726d9001d5518098af0";"DTU Department of Civil and Mechanical Engineering";"sorbit";"sorbit";"Characterization of benchmark artefacts made by metal additive manufacturing from a quality and cost perspective|Karakterisering af benchmark emner fremstillet med 3D metalprint ud fra et kvalitets- og kostperspektiv"
"";"dtu|dtupub|third_party";"";"2022-01-03T13:05:54.554Z";"Balakrishnan, Ribka";"";"2597721553";"";"dtu";"2020";"";"";"";"";"thesis";"dtu|dtu_electronic|dtupub|dtupub_electronic";"";"";"";"";"";"";"";"";"";"";"";"";"";"";"";"";"und";"5f6738f8d9001d0169505fdd";"";"5f6738f8d9001d0169505fdd";"DTU Department of Physics";"sorbit";"sorbit";"Visualizing crystal defects in semiconductor nanowires using scanning electron microscopy|Visualisering af krystaldefekter i semiconductor nanowires med scanningselektronmikroskopi"
"";"dtu|dtupub|third_party";"";"2022-01-03T13:05:28.077Z";"Viuff, Marie Christine";"";"2608697515";"";"dtu";"2020";"";"";"";"";"thesis";"dtu|dtu_electronic|dtupub|dtupub_electronic";"";"";"";"";"";"";"";"";"";"";"";"";"";"";"";"";"und";"5fd9f9c5d9001d016c130924";"";"5fd9f9c5d9001d016c130924";"DTU Department of Health Technology";"sorbit";"sorbit";"Interrogating immune recognition to HPV neoplasia and cancer|Analyse af immunolgisk respons til HPV drevet cancer og præ-maligne læsioner"
"";"dtu|dtupub|third_party";"";"2022-01-03T13:05:54.564Z";"Xie, Mengying";"";"2597721555";"";"dtu";"2020";"";"";"";"";"thesis";"dtu|dtu_electronic|dtupub|dtupub_electronic";"";"";"";"";"";"";"";"";"";"";"";"";"";"";"";"";"und";"5f6738f8d9001d0169505fe1";"";"5f6738f8d9001d0169505fe1";"DTU DTU National Food Institute";"sorbit";"sorbit";"Genetic analysis of thermotolerant mutant strains|Genetisk karakterisering af termotolerante Lactococcus lactis stammer"
"";"dtu|dtupub|third_party";"";"2022-01-03T13:13:11.483Z";"Lugaresi, Lorenzo";"";"2610697868";"";"dtu";"2020";"";"";"";"";"thesis";"dtu|dtu_electronic|dtupub|dtupub_electronic";"";"";"";"";"";"";"";"";"";"";"";"";"";"";"";"";"und";"5ff1b4c2d9001d016c58616e";"";"5ff1b4c2d9001d016c58616e";"DTU Department of Wind and Energy Systems";"sorbit";"sorbit";"Aeolus space lidar for wind energy applications|Aeolus lidar til maling af vindens rumlige fordeling"
"";"dtu|dtupub|third_party";"";"2022-01-03T13:16:34.034Z";"Rocosa, Balbina Virgili";"";"2451028643";"";"dtu";"2019";"";"";"";"";"thesis";"dtu|dtu_electronic|dtupub|dtupub_electronic";"";"";"";"";"";"";"";"";"";"";"";"";"";"";"";"";"und";"5d3d8335d9001d32f558c115";"";"5d3d8335d9001d32f558c115";"DTU Department of Applied Mathematics and Computer Science";"sorbit";"sorbit";"Understanding Sentiment on Social Media|En Undersøgelse af “Sentiment” pa Sociale Medier"
"";"dtu|dtupub|third_party";"";"2022-01-03T13:05:21.315Z";"Imeri, Valentina";"";"2452037966";"";"dtu";"2019";"";"";"";"";"thesis";"dtu|dtu_electronic|dtupub|dtupub_electronic";"";"";"";"";"";"";"";"";"";"";"";"";"";"";"";"";"und";"5d514973d9001d1f8a6c423a";"";"5d514973d9001d1f8a6c423a";"DTU Department of Civil Engineering";"sorbit";"sorbit";"A super-light shell structure|En super-let skalkonstruktion"
"";"dtu|dtupub|third_party";"";"2022-01-06T23:55:08.440Z";"Zajkas, Benedek Aron";"";"2450542270";"";"dtu";"2019";"";"";"";"";"thesis";"dtu|dtu_electronic|dtupub_external";"";"";"";"";"";"";"";"";"";"";"";"";"";"";"";"";"und";"5d21d364d9001d2d454f0543";"";"5d21d364d9001d2d454f0543";"DTU Department of Technology, Management and Economics";"sorbit";"sorbit";"Investigation of the business potential of a university platform technology by proposing a viable spinout case|Investigation of the business potential of a university platform technology by proposing a viable spinout case."
"";"dtu|dtupub|third_party";"";"2022-01-03T13:13:39.827Z";"Pedersen, Mathias Sixten";"";"2450655057";"";"dtu";"2019";"";"";"";"";"thesis";"dtu|dtu_electronic|dtupub|dtupub_electronic";"";"";"";"";"";"";"";"";"";"";"";"";"";"";"";"";"und";"5d25c7e1d9001d2d454f05ac";"";"5d25c7e1d9001d2d454f05ac";"DTU Department of Applied Mathematics and Computer Science";"sorbit";"sorbit";"Facilitating longitudinal interaction in a learning environment, using microgoals|Facilitating longitudinal interaction in a learning environment, using microgoals"
"";"dtu|dtupub|third_party";"";"2022-01-03T13:13:42.137Z";"Poulsen, Ida Kirstine";"";"2497101091";"";"dtu";"2020";"";"";"";"";"thesis";"dtu|dtu_electronic|dtupub_external";"";"";"";"";"";"";"";"";"";"";"";"";"";"";"";"";"und";"5e5cf7fdd9001d01632c0005";"";"5e5cf7fdd9001d01632c0005";"DTU Department of Technology, Management and Economics";"sorbit";"sorbit";"Distribution and Transportation of Multiple Pallet Types using Heuristics|Distribution og Transport af Flere Palletyper ved brug af Heuristikker"
"";"dtu|dtupub|third_party";"";"2022-01-06T23:56:29.669Z";"Moll-Elsborg, Jens";"";"2444215465";"";"dtu";"2019";"";"";"";"";"thesis";"dtu|dtu_electronic|dtupub|dtupub_electronic";"";"";"";"";"";"";"";"";"";"";"";"";"";"";"";"";"und";"5c752d4fd9001d016d4b58f8";"";"5c752d4fd9001d016d4b58f8";"DTU Department of Technology, Management and Economics";"sorbit";"sorbit";"Impact Optimized Index Tracking|Indekstracking med Bæredygtige Investeringer"
"";"dtu|dtupub|third_party";"";"2022-01-06T23:54:30.256Z";"Dickerman, Ross Conway";"";"2596765997";"";"dtu";"2020";"";"";"";"";"thesis";"dtu|dtu_electronic|dtupub_external";"";"";"";"";"";"";"";"";"";"";"";"";"";"";"";"";"und";"5f464381d9001d01721d7df9";"";"5f464381d9001d01721d7df9";"DTU Department of Chemical and Biochemical Engineering";"sorbit";"sorbit";"Mapping of Irradiation dose (absorbed dose distribution) within products packed in different packaging configurations, and prediction of max absorbed dose variance at Max Acc Irradiation Dose|Undersøgelse af effekten af bestraling pa polymere materialer, herunder afbildning og forudsigelse af absorberede doser i forskellige pakningskonfigurationer."
"";"dtu|dtupub|third_party";"";"2022-01-03T13:13:43.460Z";"Cai, Siying";"";"2596798818";"";"dtu";"2020";"";"";"";"";"thesis";"dtu|dtu_electronic|dtupub|dtupub_electronic";"";"";"";"";"";"";"";"";"";"";"";"";"";"";"";"";"und";"5f479500d9001d01721d7e46";"";"5f479500d9001d01721d7e46";"DTU Department of Environmental and Resource Engineering";"sorbit";"sorbit";"Evaluating environmental and economic performance of microgrids as an alternative for community scale water supply|Miljø og økonomisk vurdering af et ""microgrid"" som alternativ til lokal vandforsyning"
"";"dtu|dtupub|third_party";"";"2022-01-03T13:13:19.015Z";"Kuchynka, Jaromír";"";"2452812533";"";"dtu";"2019";"";"";"";"";"thesis";"dtu|dtu_electronic|dtupub_external";"";"";"";"";"";"";"";"";"";"";"";"";"";"";"";"";"und";"5d611b6cd9001d0887792fe8";"";"5d611b6cd9001d0887792fe8";"DTU Department of Applied Mathematics and Computer Science";"sorbit";"sorbit";"Safe and non-identifiable comparison of candidates for elections|Sikker og ikke-identificerbar sammenligning af kandidater til valg"
"";"dtu|dtupub|third_party";"";"2022-01-03T13:13:18.224Z";"Delabriére, Coline Louise Frédérique";"";"2451153135";"";"dtu";"2019";"";"";"";"";"thesis";"dtu|dtu_electronic|dtupub|dtupub_electronic";"";"";"";"";"";"";"";"";"";"";"";"";"";"";"";"";"und";"5d42c8f3d9001d32f558c3c5";"";"5d42c8f3d9001d32f558c3c5";"DTU Department of Technology, Management and Economics";"sorbit";"sorbit";"Optimizing processes and modeling organizations to set up operational rules in a new automated warehouse to support operational ramp up phase|Optimering af processer og operationer I et automatiseert lager til understøtning af ramp-up"
"";"dtu|dtupub|third_party";"";"2022-01-03T13:13:21.666Z";"Bjerrum, Signe Harvig";"";"2595488050";"";"dtu";"2020";"";"";"";"";"thesis";"dtu|dtu_electronic|dtupub|dtupub_electronic";"";"";"";"";"";"";"";"";"";"";"";"";"";"";"";"";"und";"5f1eb6bad9001d016b4e206c";"";"5f1eb6bad9001d016b4e206c";"DTU Department of Civil Engineering";"sorbit";"sorbit";"Concrete with recycled concrete aggregates: Review of freeze-thaw resistance and evaluation by application of partial least square regression|Concrete with recycled concrete aggregates: Review of freeze-thaw resistance and evaluation by application of partial least square regression"
"";"dtu|dtupub|third_party";"";"2022-01-03T13:16:34.050Z";"Meade, James Erik Groving";"";"2451028659";"";"dtu";"2019";"";"";"";"";"thesis";"dtu|dtu_electronic|dtupub|dtupub_electronic";"";"";"";"";"";"";"";"";"";"";"";"";"";"";"";"";"und";"5d3d8341d9001d32f558c139";"";"5d3d8341d9001d32f558c139";"DTU Department of Applied Mathematics and Computer Science";"sorbit";"sorbit";"Application-Specific Hardware to Accelerate Neural Network Training|Hardwareaccelerator til træning af neurale netværk"
"";"dtu|dtupub|third_party";"";"2022-01-06T23:54:24.198Z";"Hecht, Sabina Pascale";"";"2450711971";"";"dtu";"2019";"";"";"";"";"thesis";"dtu|dtu_electronic|dtupub|dtupub_electronic";"";"";"";"";"";"";"";"";"";"";"";"";"";"";"";"";"und";"5d2b0dead9001d018a2333e5";"";"5d2b0dead9001d018a2333e5";"DTU Department of Wind and Energy Systems";"sorbit";"sorbit";"Biobased Carbon Fibres: Investigation of the Carbonisation Step of Lignin-Cellulose Precursors|Biobaserede kulfibre: Undersøgelse af forkulningstrin af lignin-cellulose precursors"
"";"dtu|dtupub|third_party";"";"2022-01-03T13:05:45.275Z";"Haeren, Brandon John van";"";"2451091228";"";"dtu";"2019";"";"";"";"";"thesis";"dtu|dtu_electronic|dtupub|dtupub_electronic";"";"";"";"";"";"";"";"";"";"";"";"";"";"";"";"";"und";"5d4025e8d9001d32f558c35b";"";"5d4025e8d9001d32f558c35b";"DTU Department of Electrical Engineering";"sorbit";"sorbit";"Acoustic Fingerpring: Spectral Identification of Trains in Urban Areas|Akustik fingeraftryk: Spektralanalyse af tog i byomrader"
"";"dtu|dtupub|third_party";"";"2022-01-03T13:16:38.931Z";"Vincenti, Stefano";"";"2597151367";"";"dtu";"2020";"";"";"";"";"thesis";"dtu|dtu_electronic|dtupub|dtupub_electronic";"";"";"";"";"";"";"";"";"";"";"";"";"";"";"";"";"und";"5f5220fdd9001d01694ab007";"";"5f5220fdd9001d01694ab007";"DTU Department of Health Technology";"sorbit";"sorbit";"Using three-dimensional vectorcardiography to determine evolutionary differences in cardiac activation|Using three-dimensional vectorcardiography to determine evolutionary differences in cardiac activation"
"";"dtu|dtupub|third_party";"";"2022-01-06T23:56:34.049Z";"Echegaray, Maria Victoria Roig";"";"2595308560";"";"dtu";"2020";"";"";"";"";"thesis";"dtu|dtu_electronic|dtupub_external";"";"";"";"";"";"";"";"";"";"";"";"";"";"";"";"";"und";"5f16cdb5d9001d016b4e1f08";"";"5f16cdb5d9001d016b4e1f08";"DTU Department of Technology, Management and Economics";"sorbit";"sorbit";"A strategy for sustainability in a global supply chain|A strategy for sustainability in a global supply chain"
"";"dtu|dtupub|third_party";"";"2022-01-06T23:55:15.114Z";"Wang, Jing";"";"2548042784";"";"dtu";"2020";"";"";"";"";"thesis";"dtu|dtu_electronic|dtupub|dtupub_electronic";"";"";"";"";"";"";"";"";"";"";"";"";"";"";"";"";"und";"5ed0edecd9001d01696a4576";"";"5ed0edecd9001d01696a4576";"DTU Department of Civil and Mechanical Engineering";"sorbit";"sorbit";"Converting coal based DME plants to green DME production in China|Konvertering af kulbaserede DME anlæg til grøn DME produktion i Kina"
"";"dtu|dtupub|third_party";"";"2022-01-03T13:16:55.226Z";"Talamillo, Paula Hurtado";"";"2496058515";"";"dtu";"2020";"";"";"";"";"thesis";"dtu|dtu_electronic|dtupub_external";"";"";"";"";"";"";"";"";"";"";"";"";"";"";"";"";"und";"5e550f1bd9001d0164073eda";"";"5e550f1bd9001d0164073eda";"DTU Department of Electrical Engineering";"sorbit";"sorbit";"Integration and optimization of a new Automatic Generation Control (AGC) system in Acciona´s Control Centre|Integration og optimering af et nyt AGC-system i Accionas kontrolcenter"
"";"dtu|dtupub|third_party";"";"2022-01-03T13:05:18.709Z";"Svendsen, Michael Rømer";"";"2452037936";"";"dtu";"2019";"";"";"";"";"thesis";"dtu|dtu_electronic|dtupub|dtupub_electronic";"";"";"";"";"";"";"";"";"";"";"";"";"";"";"";"";"und";"5d514962d9001d1f8a6c4224";"";"5d514962d9001d1f8a6c4224";"DTU Department of Applied Mathematics and Computer Science";"sorbit";"sorbit";"Extending Attribute Enhanced Role Based Access Control with Protection Against Secondary Use of Data|Udvidelse af Attribute Enhanced Role Based Access Control med beskyttelse mod sekondær brug af data"
"Mechanical elements in microelectromechanical system (MEMS) structures require releasing in order to function correctly. Thus sacrificial layers must be etched away. Traditionally the etching of these sacrificial layers has been done with wet etching. However, this typically causes stiction related problems. One way to try to avoid stiction is to replace the use of liquids with dry vapor-based etch technologies. Xenon difluoride (XeF2) is a fluorine-based dry vapor etch that provides isotropic etching for e.g. silicon (Si). The purpose of this thesis is to present the characterization of the XeF2 etch process with various different materials typically used in MEMS. Firstly, the etch rates for the materials are determined. The results show that poly-Si and molybdenum (Mo) are reactive materials, Tungsten (W) is a conditionally reactive material, SiO2 and Si3N4 are low attack materials, Al2O3 and AlN are non-reactive materials. Secondly, the performed under etching tests provide a vertical etch rate of 3.8 - 4.9 µm / min for poly-Si sacrificial layers under photoresist mask and SiO2 hard mask. The achieved etch rates are high enough that successful etching of polysilicon sacrificial layers can be obtained. The final test in this thesis presents results obtained from a simplified self-supporting device structure. A successful release demonstrating the vast potential of XeF2 etching in microfabrication is obtained with a lateral etch rate of ~ 15 µm / min. The vertical and lateral etching tests presented in this thesis, both with the test and device structures, provide important information about the behavior of XeF2 in different etching environments. Based on the results it is possible to determine processes that are compatible with XeF2 etching. Furthermore, the results presented here provide valuable help in determining the suitable etching parameters for the processes. Thus the data collected for this thesis is a useful reference when considering the implementation of XeF2 etching.";"dtu|dtupub";"BA1401 MEMS";"2022-03-28T07:09:15.373Z";"Vähänissi, Jonne";"";"2708548235";"";"dtu";"2019";"";"";"";"";"thesis";"dtu|dtu_electronic|dtupub|dtupub_electronic";"";"";"";"";"";"";"";"";"";"";"";"";"";"XeF2|dry vapor-phase etching|etching|microelectromechanical systems (MEMS)|xenon difluoride";"XeF2|dry vapor-phase etching|etching|microelectromechanical systems (MEMS)|xenon difluoride";"XeF2|dry vapor-phase etching|etching|microelectromechanical systems (MEMS)|xenon difluoride";"eng";"6231fa3c2cb4feb6f3153519";"";"6231fa3c2cb4feb6f3153519";"Aalto University";"vtt";"vtt";"Xenon difluoride etching of sacrificial layers for fabrication of microelectromechanical devices"
"";"dtu|dtupub|third_party";"";"2022-01-03T13:05:42.355Z";"Bording, David Gottlied";"";"2445405818";"";"dtu";"2019";"";"";"";"";"thesis";"dtu|dtu_electronic|dtupub_external";"";"";"";"";"";"";"";"";"";"";"";"";"";"";"";"";"und";"5ca5e698d9001d48605f3ca4";"";"5ca5e698d9001d48605f3ca4";"DTU Department of Chemical and Biochemical Engineering";"sorbit";"sorbit";"Model based Capacity Analysis for an Insulin Product|Modelbaseret kapacitets analyse for et insulin produkt"
"";"dtu|dtupub|third_party";"";"2022-01-03T13:05:48.385Z";"Vulinovic, Jure";"";"2453475836";"";"dtu";"2019";"";"";"";"";"thesis";"dtu|dtu_electronic|dtupub_external";"";"";"";"";"";"";"";"";"";"";"";"";"";"";"";"";"und";"5d70ed61d9001d66e802185c";"";"5d70ed61d9001d66e802185c";"DTU Department of Electrical Engineering";"sorbit";"sorbit";"Sliding electrical contacts for wind turbines|Glidende elektriske kontakter til vindmøller"
"";"dtu|dtupub|third_party";"";"2022-01-03T13:05:43.972Z";"Davidsen, Rasmus Pedersen|Hamann, Lukkas";"";"2452634760";"";"dtu";"2019";"";"";"";"";"thesis";"dtu|dtu_electronic|dtupub_external";"";"";"";"";"";"";"";"";"";"";"";"";"";"";"";"";"und";"5d553df0d9001d05d7613abc";"";"5d553df0d9001d05d7613abc";"DTU Department of Technology, Management and Economics";"sorbit";"sorbit";"Large Scale Optimization of the Variable Sized Bin Packing Problem with Mixing Constraints|Løsning af Bin Packing problemet med variable bins og blandingsbegrænsninger i stor skala"
"";"dtu|dtupub|third_party";"";"2022-01-06T23:55:11.853Z";"Ragupathy, Imaiyan Chitra|Rafique, Sidra";"";"2463602589";"";"dtu";"2019";"";"";"";"";"thesis";"dtu|dtu_electronic|dtupub_external";"";"";"";"";"";"";"";"";"";"";"";"";"";"";"";"";"und";"5d909171d9001d667441a505";"";"5d909171d9001d667441a505";"DTU Department of Electrical Engineering";"sorbit";"sorbit";"Development Of Digital Algorithms To Optimize Vascular Segmentation In Optical Imaging|Udvikling Af Digitale Algoritmer Til Optimering Af Vaskulær Segmentering I Optisk Billeddannelse"
"";"dtu|dtupub|third_party";"";"2022-01-06T23:56:35.635Z";"Poulsen, Thomas|Olsen, Steffen Rasch";"";"2596339157";"";"dtu";"2020";"";"";"";"";"thesis";"dtu|dtu_electronic|dtupub|dtupub_electronic";"";"";"";"";"";"";"";"";"";"";"";"";"";"";"";"";"und";"5f3a662dd9001d01721d7ca0";"";"5f3a662dd9001d01721d7ca0";"DTU Department of Electrical Engineering";"sorbit";"sorbit";"Effects of replacing large synchronous generators with grid former inverters in western Danish transmission system|Effekter ved erstatning af store synkrongeneratorer med grid former vekselrettere i Danmarks vestlige transmissionsnet"
"";"dtu|dtupub|third_party";"";"2022-01-03T13:05:55.620Z";"Zeqiraj, Eva";"";"2611346042";"";"dtu";"2020";"";"";"";"";"thesis";"dtu|dtu_electronic|dtupub|dtupub_electronic";"";"";"";"";"";"";"";"";"";"";"";"";"";"";"";"";"und";"60057b1ed9001d016f1ea5c8";"";"60057b1ed9001d016f1ea5c8";"DTU Department of Biotechnology and Biomedicine";"sorbit";"sorbit";"Integration of silicon nanowires in microfluidic channels for the development of sensors|Integration of silicon nanowires in microfluidic channels for the development of sensors"
"";"dtu|dtupub|third_party";"";"2022-01-03T13:05:52.864Z";"Kade, Oliver Howard|Lenz, Matthias";"";"2595588607";"";"dtu";"2020";"";"";"";"";"thesis";"dtu|dtu_electronic|dtupub|dtupub_electronic";"";"";"";"";"";"";"";"";"";"";"";"";"";"";"";"";"und";"5f20086ad9001d016b4e21ad";"";"5f20086ad9001d016b4e21ad";"DTU Department of Environmental and Resource Engineering";"sorbit";"sorbit";"The Development and Use of Backcasting as Methodology to meet the 2050 Sustainability Goals|Udvikling og brug af Backcasting som metode til at opfylde 2050's bæredygtighedsmal"
"";"dtu|dtupub|third_party";"";"2022-01-03T13:05:52.013Z";"Belveze, Jules Maxime Michel";"";"2595422423";"";"dtu";"2020";"";"";"";"";"thesis";"dtu|dtu_electronic|dtupub_external";"";"";"";"";"";"";"";"";"";"";"";"";"";"";"";"";"und";"5f1ac235d9001d016b4e1fb0";"";"5f1ac235d9001d016b4e1fb0";"DTU Department of Applied Mathematics and Computer Science";"sorbit";"sorbit";"Pattern analysis on multi-dimensional times series|Mønsteranallyse for multidimensionelle tidsserier"
"";"dtu|dtupub|third_party";"";"2022-01-03T13:13:19.541Z";"Holm, Anders Richard Pankoke";"";"2595488054";"";"dtu";"2020";"";"";"";"";"thesis";"dtu|dtu_electronic|dtupub|dtupub_electronic";"";"";"";"";"";"";"";"";"";"";"";"";"";"";"";"";"und";"5f1eb6bcd9001d016b4e2072";"";"5f1eb6bcd9001d016b4e2072";"DTU Department of Applied Mathematics and Computer Science";"sorbit";"sorbit";"Convolutional Neural Networks for Sea Ice Mapping|Convolutional neural networks og haviskortlægning"
"";"dtu|dtupub|third_party";"";"2022-01-03T13:13:23.109Z";"Filtenborg-Simonsen, Peter";"";"2596766003";"";"dtu";"2020";"";"";"";"";"thesis";"dtu|dtu_electronic|dtupub|dtupub_electronic";"";"";"";"";"";"";"";"";"";"";"";"";"";"";"";"";"und";"5f464383d9001d01721d7dfe";"";"5f464383d9001d01721d7dfe";"DTU Department of Electrical Engineering";"sorbit";"sorbit";"Robot Assembly of Complex Object|Samling af komplekst emne med en robot"
"";"dtu|dtupub|third_party";"";"2022-01-03T13:13:22.282Z";"Calderón, Irati Larrinaga";"";"2595757980";"";"dtu";"2020";"";"";"";"";"thesis";"dtu|dtu_electronic|dtupub|dtupub_electronic";"";"";"";"";"";"";"";"";"";"";"";"";"";"";"";"";"und";"5f269fb0d9001d016b4e22df";"";"5f269fb0d9001d016b4e22df";"DTU Department of Civil Engineering";"sorbit";"sorbit";"Estimation of nonlinear performance of structures subjected to earthquake loads|Estimering af Ikke-Lineær Ydeevne for Konstruktioner ved Jordskælvslaster"
"";"dtu|dtupub|third_party";"";"2022-01-06T23:55:15.523Z";"Molzen, Julie Fli|Paluch, Yasmin Acda";"";"2597373130";"";"dtu";"2020";"";"";"";"";"thesis";"dtu|dtu_electronic|dtupub_external";"";"";"";"";"";"";"";"";"";"";"";"";"";"";"";"";"und";"5f5a09fbd9001d01706cbc70";"";"5f5a09fbd9001d01706cbc70";"DTU Department of Civil and Mechanical Engineering";"sorbit";"sorbit";"Increasing user motivation for an enhanced hearing aid experience|Forøgelse af bruger motivation for en bedre brugeroplevelse inden for høreapparater"
"";"dtu|dtupub|third_party";"";"2022-01-11T08:43:05.082Z";"Huang, Huayi";"";"2598443199";"";"dtu";"2020";"";"";"";"";"thesis";"dtu|dtu_electronic|dtupub|dtupub_electronic";"";"";"";"";"";"";"";"";"";"";"";"";"";"";"";"";"und";"5f744537d9001d5518098aca";"";"5f744537d9001d5518098aca";"DTU DTU National Food Institute";"sorbit";"sorbit";"Validation of a new method for non-invasive sampling of the small intestinal microbiota|Validering af en ny metode til non-invasiv prøvetagning af bakteriesamfundet i tyndtarmen"
"";"dtu|dtupub|third_party";"";"2022-01-11T08:43:53.889Z";"Palsson, Ragnar";"";"2596339148";"";"dtu";"2020";"";"";"";"";"thesis";"dtu|dtu_electronic|dtupub|dtupub_electronic";"";"";"";"";"";"";"";"";"";"";"";"";"";"";"";"";"und";"5f3a6629d9001d01721d7c8d";"";"5f3a6629d9001d01721d7c8d";"DTU Department of Applied Mathematics and Computer Science";"sorbit";"sorbit";"Dose guidance for new long acting insulin in diabetes|Beslutningsstøtte til ny langtidsvirkende insulin i diabetesbehandling"
"";"dtu|dtupub|third_party";"";"2022-01-03T13:16:55.246Z";"Jørgensen, Karen Marie";"";"2496058609";"";"dtu";"2020";"";"";"";"";"thesis";"dtu|dtu_electronic|dtupub|dtupub_electronic";"";"";"";"";"";"";"";"";"";"";"";"";"";"";"";"";"und";"5e550f21d9001d0164073efe";"";"5e550f21d9001d0164073efe";"DTU Department of Biotechnology and Biomedicine";"sorbit";"sorbit";"Antibiotic-mediated interactions between marine Vibrionaceae|Antibiotika-medieret interaktion mellem marine Vibrionaceae"
"";"dtu|dtupub|third_party";"";"2022-01-03T13:16:28.573Z";"Krog, Dan";"";"2496058621";"";"dtu";"2020";"";"";"";"";"thesis";"dtu|dtu_electronic|dtupub|dtupub_electronic";"";"";"";"";"";"";"";"";"";"";"";"";"";"";"";"";"und";"5e550f22d9001d0164073f0c";"";"5e550f22d9001d0164073f0c";"DTU Department of Space Research and Space Technology";"sorbit";"sorbit";"Monte Carlo simulation of ion assisted cloud formation|Monte Carlo simulering af ion-induceret skydannelse"
"";"dtu|dtupub|third_party";"";"2022-01-03T13:13:18.089Z";"Pian, Aki";"";"2504395886";"";"dtu";"2020";"";"";"";"";"thesis";"dtu|dtu_electronic|dtupub|dtupub_electronic";"";"";"";"";"";"";"";"";"";"";"";"";"";"";"";"";"und";"5e678400d9001d018609a100";"";"5e678400d9001d018609a100";"DTU Department of Wind and Energy Systems";"sorbit";"sorbit";"Evaluating potential electricity generation using wind estimates from the Global and New European Wind Atlases|Evaluering af potentiel vind-elproduktion fra det globale vindatlas og det nye europæiske vindatlas"
"";"dtu|dtupub|third_party";"";"2022-01-03T13:13:20.413Z";"Hallberg, Martin Johan";"";"2497547039";"";"dtu";"2020";"";"";"";"";"thesis";"dtu|dtu_electronic|dtupub|dtupub_electronic";"";"";"";"";"";"";"";"";"";"";"";"";"";"";"";"";"und";"5e60ecadd9001d016338acff";"";"5e60ecadd9001d016338acff";"DTU Department of Technology, Management and Economics";"sorbit";"sorbit";"Analazying the potential of cycle superhighways in the Capital Region of Denmark|Analyse af potentialet i Supercykelstierne i Hovedstadsomradet"
"";"dtu|dtupub|third_party";"";"2022-01-03T13:05:41.266Z";"Reymann, Michael|Sørensen, Lise Horup";"";"2443553222";"";"dtu";"2019";"";"";"";"";"thesis";"dtu|dtu_electronic|dtupub|dtupub_electronic";"";"";"";"";"";"";"";"";"";"";"";"";"";"";"";"";"und";"5c52e61ad9001d01677a4dcc";"";"5c52e61ad9001d01677a4dcc";"DTU Department of Technology, Management and Economics";"sorbit";"sorbit";"Explorative life-cycle assessment of windows|Eksplorativ livscyklusvurdering af vinduer"
"";"dtu|dtupub|third_party";"";"2022-01-03T13:05:16.067Z";"Drøhse, Maja Brusgaard";"";"2444215403";"";"dtu";"2019";"";"";"";"";"thesis";"dtu|dtu_electronic|dtupub|dtupub_electronic";"";"";"";"";"";"";"";"";"";"";"";"";"";"";"";"";"und";"5c752d24d9001d016d4b5895";"";"5c752d24d9001d016d4b5895";"DTU Department of Civil and Mechanical Engineering";"sorbit";"sorbit";"Material properties and corrosion of stainless steel types used for electrocardiography|Materiale egenskaber og korrosion af rustfri stal anvendt til elektrokardiografi"
"";"dtu|dtupub|third_party";"";"2022-01-03T13:13:38.250Z";"Mazzella, Alessio";"";"2444215417";"";"dtu";"2019";"";"";"";"";"thesis";"dtu|dtu_electronic|dtupub|dtupub_electronic";"";"";"";"";"";"";"";"";"";"";"";"";"";"";"";"";"und";"5c752d2ed9001d016d4b58b7";"";"5c752d2ed9001d016d4b58b7";"DTU Department of Chemical and Biochemical Engineering";"sorbit";"sorbit";"Immobilization of MAO for continuous operation|Immobilisering af MAO til kontinuerlig drift"
"";"dtu|dtupub|third_party";"";"2022-01-03T13:16:27.811Z";"Krogager, Louise";"";"2443960180";"";"dtu";"2019";"";"";"";"";"thesis";"dtu|dtu_electronic|dtupub|dtupub_electronic";"";"";"";"";"";"";"";"";"";"";"";"";"";"";"";"";"und";"5c655b1cd9001d016f39031a";"";"5c655b1cd9001d016f39031a";"DTU Department of Micro- and Nanotechnology";"sorbit";"sorbit";"Fluorescence-based biodistribution of reconstituted high-density lipoproteins in tumor bearing mice – studies on the effect of PEGylation|Fluorescensbaseret biodistribution af rekonstituerede high-density lipoproteins i tumorbærende mus – studier pa effekten af PEGylering"
"";"dtu|dtupub|third_party";"";"2022-01-06T23:54:25.802Z";"Werner, Konstantin Victor";"";"2462436114";"";"dtu";"2019";"";"";"";"";"thesis";"dtu|dtu_electronic|dtupub|dtupub_electronic";"";"";"";"";"";"";"";"";"";"";"";"";"";"";"";"";"und";"5d80bf81d9001d19993e1b36";"";"5d80bf81d9001d19993e1b36";"DTU Department of Civil and Mechanical Engineering";"sorbit";"sorbit";"Composition. residual stress and magnetic properties in carburized austenitic stainless steels|Sammensætning, spændinger og magnetiske egenskaber i karbureret austenitisk rustfrit stal"
"";"dtu|dtupub|third_party";"";"2022-01-03T13:05:19.770Z";"Kousidis, Vergis";"";"2450820493";"";"dtu";"2019";"";"";"";"";"thesis";"dtu|dtu_electronic|dtupub|dtupub_electronic";"";"";"";"";"";"";"";"";"";"";"";"";"";"";"";"";"und";"5d2f0269d9001d016b246866";"";"5d2f0269d9001d016b246866";"DTU Department of Civil and Mechanical Engineering";"sorbit";"sorbit";"Analysis and optimization of high-temperature heat pumps in combination with renewable electricity sources|Analyse og optimering af højtemperaturvarmepumper i kombination med vedvarende energikilder"
"";"dtu|dtupub|third_party";"";"2022-01-03T13:05:42.479Z";"Tsoumpa, Georgia Evangelia";"";"2445374258";"";"dtu";"2019";"";"";"";"";"thesis";"dtu|dtu_electronic|dtupub|dtupub_electronic";"";"";"";"";"";"";"";"";"";"";"";"";"";"";"";"";"und";"5ca5b61ad9001d48605f3be7";"";"5ca5b61ad9001d48605f3be7";"DTU Department of Technology, Management and Economics";"sorbit";"sorbit";"Optimisation of fleet size and vessel mix for the operation and maintenance of offshore wind farms|Optimisation of fleet size and vessel mix for the operation and maintenance of offshore wind farms"
"";"dtu|dtupub|third_party";"";"2022-01-03T13:13:16.439Z";"Norden, Jacob Vollmond";"";"2444474365";"";"dtu";"2019";"";"";"";"";"thesis";"dtu|dtu_electronic|dtupub|dtupub_electronic";"";"";"";"";"";"";"";"";"";"";"";"";"";"";"";"";"und";"5c7bc4b3d9001d361b4cd485";"";"5c7bc4b3d9001d361b4cd485";"DTU Department of Environmental and Resource Engineering";"sorbit";"sorbit";"Quantifying emissions and losses of critical chemicals during plastic recycling|Kvantificering af emissioner og tab af kritiske kemikalier i plastgenanvendelse"
"";"dtu|dtupub|third_party";"";"2022-01-03T13:05:43.910Z";"Højgaard, Jesper";"";"2451028499";"";"dtu";"2019";"";"";"";"";"thesis";"dtu|dtu_electronic|dtupub|dtupub_electronic";"";"";"";"";"";"";"";"";"";"";"";"";"";"";"";"";"und";"5d3d82e6d9001d32f558c081";"";"5d3d82e6d9001d32f558c081";"DTU Department of Micro- and Nanotechnology";"sorbit";"sorbit";"Detection of bacterial growth inhibition using the oCelloScope|Detektion af bakteriel væksthæmning ved hjælp af et oCelloScope"
"";"dtu|dtupub|third_party";"";"2022-01-06T23:56:31.041Z";"Baust, Sebastian Stefan";"";"2453302238";"";"dtu";"2019";"";"";"";"";"thesis";"dtu|dtu_electronic|dtupub|dtupub_electronic";"";"";"";"";"";"";"";"";"";"";"";"";"";"";"";"";"und";"5d6a55f7d9001d452b768628";"";"5d6a55f7d9001d452b768628";"DTU Department of Civil and Mechanical Engineering";"sorbit";"sorbit";"The influence of geometrical and structural properties of wind turbine blades on blade bearings|The influence of geometrical and structural properties of wind turbine blades on blade bearings"
"";"dtu|dtupub|third_party";"";"2022-01-03T13:05:37.427Z";"Okugawa, Takuya";"";"2451028900";"";"dtu";"2019";"";"";"";"";"thesis";"dtu|dtu_electronic|dtupub|dtupub_electronic";"";"";"";"";"";"";"";"";"";"";"";"";"";"";"";"";"und";"5d3d8388d9001d32f558c1c9";"";"5d3d8388d9001d32f558c1c9";"DTU Department of Physics";"sorbit";"sorbit";"Many-body effects in quantum-transport physics of 2D materials|Mange-partikel effekter i 2D materialers kvantetransport fysik"
"";"dtu|dtupub|third_party";"";"2022-01-03T13:05:18.717Z";"Naudó, Guillem Richard|Ducreux, Thomas";"";"2450655058";"";"dtu";"2019";"";"";"";"";"thesis";"dtu|dtu_electronic|dtupub|dtupub_electronic";"";"";"";"";"";"";"";"";"";"";"";"";"";"";"";"";"und";"5d25c7e2d9001d2d454f05af";"";"5d25c7e2d9001d2d454f05af";"DTU Department of Civil Engineering";"sorbit";"sorbit";"Optimization of HVAC systems in the Arctic: Student dormitory Apisseq|Optimering af VVS-systemer i Arktis: Kollegie Apisseq"
"";"dtu|dtupub|third_party";"";"2022-01-03T13:16:34.055Z";"Norinkevicius, Karolis";"";"2451028681";"";"dtu";"2019";"";"";"";"";"thesis";"dtu|dtu_electronic|dtupub_external";"";"";"";"";"";"";"";"";"";"";"";"";"";"";"";"";"und";"5d3d8359d9001d32f558c15e";"";"5d3d8359d9001d32f558c15e";"DTU Department of Chemical and Biochemical Engineering";"sorbit";"sorbit";"Tailoring and optimization of matrix properties and interactions between enzymes and support materials|Design og optimering af matriceegenskaber og interaktioner imellem enzymer og support materialer"
"";"dtu|dtupub|third_party";"";"2022-01-03T13:05:22.484Z";"Li, Ru";"";"2463782196";"";"dtu";"2019";"";"";"";"";"thesis";"dtu|dtu_electronic|dtupub|dtupub_electronic";"";"";"";"";"";"";"";"";"";"";"";"";"";"";"";"";"und";"5d93346cd9001d667441a51b";"";"5d93346cd9001d667441a51b";"DTU Department of Wind and Energy Systems";"sorbit";"sorbit";"Characterizing extreme load conditions offshore: identification and intrepretation of gust events|Karakterisering af ekstreme offshore lastbetingelser: identifikation og fortolkning af vindstød"
"";"dtu|dtupub|third_party";"";"2022-01-03T13:13:17.829Z";"Saez, Javier Saez";"";"2450516012";"";"dtu";"2019";"";"";"";"";"thesis";"dtu|dtu_electronic|dtupub_external";"";"";"";"";"";"";"";"";"";"";"";"";"";"";"";"";"und";"5d1f305fd9001d2d454f051e";"";"5d1f305fd9001d2d454f051e";"DTU Department of Biotechnology and Biomedicine";"sorbit";"sorbit";"Metabolic Engineering of oleaginous yeast Yarrowia lipolytica for production of aromatic chemicals|Metabolic Engineering af gær Yarrowia lipolytica til produktion af aromatiske stoffer"
"";"dtu|dtupub|third_party";"";"2022-01-03T13:16:35.539Z";"Johansen, Christian Hans Marker";"";"2470914854";"";"dtu";"2019";"";"";"";"";"thesis";"dtu|dtu_electronic|dtupub|dtupub_electronic";"";"";"";"";"";"";"";"";"";"";"";"";"";"";"";"";"und";"5dd3dc18d9001d01574a1b74";"";"5dd3dc18d9001d01574a1b74";"DTU Department of Electrical Engineering";"sorbit";"sorbit";"Robotic Assembly of a Complex Object|Robotsamling af komplekst object"
"";"dtu|dtupub|third_party";"";"2022-01-03T13:05:46.655Z";"Zhang, Yutong";"";"2451091236";"";"dtu";"2019";"";"";"";"";"thesis";"dtu|dtu_electronic|dtupub_external";"";"";"";"";"";"";"";"";"";"";"";"";"";"";"";"";"und";"5d4025eed9001d32f558c373";"";"5d4025eed9001d32f558c373";"DTU Department of Civil and Mechanical Engineering";"sorbit";"sorbit";"Effect of rare earths elements contamination on the corrosion of aluminium alloys|Effekten af forurening fra sjældne jordarter pa korrosion af aluminiumslegeringer"
"";"dtu|dtupub|third_party";"";"2022-01-03T13:05:54.574Z";"Liu, Yuxuan";"";"2604853458";"";"dtu";"2020";"";"";"";"";"thesis";"dtu|dtu_electronic|dtupub|dtupub_electronic";"";"";"";"";"";"";"";"";"";"";"";"";"";"";"";"";"und";"5f99603dd9001d016970fe53";"";"5f99603dd9001d016970fe53";"DTU Department of Civil Engineering";"sorbit";"sorbit";"Measuring the ice melting rate of deicers with a calorimeter|Maling af issmeltningsrate for afisnings kemikalier ved brug af kalirometer"
"";"dtu|dtupub|third_party";"";"2022-01-03T13:13:17.828Z";"Watson, Sam David";"";"2451153167";"";"dtu";"2019";"";"";"";"";"thesis";"dtu|dtu_electronic|dtupub|dtupub_electronic";"";"";"";"";"";"";"";"";"";"";"";"";"";"";"";"";"und";"5d42c8fed9001d32f558c3e4";"";"5d42c8fed9001d32f558c3e4";"DTU Department of Electrical Engineering";"sorbit";"sorbit";"Investigation of interaction effects in binaural auditory steady-state response measurements|Undersøgelse af binaural vekselvirkning i auditory steady-state response malinger"
"Piezoelectric micromachined ultrasonic transducers (PMUT) are devices, which are based on the piezoelectric effect and are used for sensing applications. A typical PMUT structure has diaphragm with a piezoelectric material between thin high conductivity electrode layers. There are several methods which can be used for PMUT structure fabrication, including back- and front-side etching, wafer bonding, and sacrificial layer release. The state-of-the-art methods used currently for PMUT structure fabrication still face several problems. Xenon difluoride (XeF2) etching is a fluorine-based dry vapour etch method that provides highly selective isotropic etch. It is an ideal solution for the release of self-supporting layers within MEMS devices. In this work, XeF2 etching of amorphous silicon (a-Si) for the release of PMUT structures was investigated. Different designs with varying dimensions were tested and characterized. The XeF2 etching process demonstrated to be efficient and very fast compared to other methods used for PMUT/MEMS release etching. Results from the optimization tests on the XeF2 process demonstrated total etching of 2 µm thick a-Si. Structures with sizes from 50 to 500 µm diameter were completely released after only 20 minutes of etching. Additionally, this work demonstrates that the etching rate of XeF2 is also influenced by the size, shape and location of the via openings. Furthermore, sputtered aluminium nitride AlN piezo layer process optimization and residual stress control contributed to the fabrication of suspended structures. All observed structures from 50 to 500 µm diameter which used AlN in the structural layer were suspended after release.";"dtu|dtupub";"";"2022-03-28T07:09:34.074Z";"";"";"2708550332";"";"dtu";"2020";"";"";"";"";"thesis";"dtu|dtu_electronic|dtupub|dtupub_electronic";"";"";"";"";"";"";"";"";"";"";"";"";"";"PECVD|Pizoelectric ultrasonic transducers (PMUT)|aluminium nitride (AlN)|amorphous silicon (a-Si)|sacrificial layer|thin film stress|xenon difluoride (XeF2)";"PECVD|Pizoelectric ultrasonic transducers (PMUT)|aluminium nitride (AlN)|amorphous silicon (a-Si)|sacrificial layer|thin film stress|xenon difluoride (XeF2)";"PECVD|Pizoelectric ultrasonic transducers (PMUT)|aluminium nitride (AlN)|amorphous silicon (a-Si)|sacrificial layer|thin film stress|xenon difluoride (XeF2)";"eng";"6231fa8c3c5766b6f3e51924";"";"6231fa8c3c5766b6f3e51924";"Aalto University";"vtt";"vtt";"Xenon difluoride etching of amorphous silicon for release of piezoelectric micromachined ultrasonic transducer structures"
"";"dtu|dtupub|third_party";"";"2022-01-03T13:16:56.793Z";"Hedberg, Camilla Berg";"";"2595776849";"";"dtu";"2020";"";"";"";"";"thesis";"dtu|dtu_electronic|dtupub_external";"";"";"";"";"";"";"";"";"";"";"";"";"";"";"";"";"und";"5f27f141d9001d016b4e2338";"";"5f27f141d9001d016b4e2338";"DTU Department of Environmental and Resource Engineering";"sorbit";"sorbit";"Indicative methods for analysis of ballast water|Indikative metoder til analyser af ballastvand"
"";"dtu|dtupub|third_party";"";"2022-01-03T13:16:58.466Z";"Kjartansson, Steinn Arnar";"";"2595488086";"";"dtu";"2020";"";"";"";"";"thesis";"dtu|dtu_electronic|dtupub|dtupub_electronic";"";"";"";"";"";"";"";"";"";"";"";"";"";"";"";"";"und";"5f1eb6c7d9001d016b4e20bf";"";"5f1eb6c7d9001d016b4e20bf";"DTU Department of Technology, Management and Economics";"sorbit";"sorbit";"Performance Evaluation of Mutual Funds versus ETF-based portfolios - using Optimization Techniques|Performanceanalyse af investeringsforeninger versus porteføljer af ETFer - ud fra optimeringsteknikker"
"";"dtu|dtupub|third_party";"";"2022-01-03T13:05:25.364Z";"JR, Mark Steven Gockenbach";"";"2531693616";"";"dtu";"2020";"";"";"";"";"thesis";"dtu|dtu_electronic|dtupub_external";"";"";"";"";"";"";"";"";"";"";"";"";"";"";"";"";"und";"5eb53e6bd9001d0166610a15";"";"5eb53e6bd9001d0166610a15";"DTU Department of Health Technology";"sorbit";"sorbit";"Volumetric microparticle visualization|Volumetric microparticle visualization"
"";"dtu|dtupub|third_party";"";"2022-01-03T13:16:56.706Z";"Katsaiti, Christina Anthoula";"";"2595488034";"";"dtu";"2020";"";"";"";"";"thesis";"dtu|dtu_electronic|dtupub|dtupub_electronic";"";"";"";"";"";"";"";"";"";"";"";"";"";"";"";"";"und";"5f1eb6b5d9001d016b4e2041";"";"5f1eb6b5d9001d016b4e2041";"DTU Department of Technology, Management and Economics";"sorbit";"sorbit";"Corporate Social Responsibility and Customer Loyalty|CSR og kundeloyalitet"
"";"dtu|dtupub|third_party";"";"2022-01-03T13:13:20.893Z";"Verhey, Meike Marleen";"";"2594465460";"";"dtu";"2020";"";"";"";"";"thesis";"dtu|dtu_electronic|dtupub|dtupub_electronic";"";"";"";"";"";"";"";"";"";"";"";"";"";"";"";"";"und";"5eff12c3d9001d0169116fa1";"";"5eff12c3d9001d0169116fa1";"DTU Department of Technology, Management and Economics";"sorbit";"sorbit";"Integrating sustainability assessment into business strategy: exploring the feasibility of the application to Ramboll of the Practice Assurance Standards for SDG Bonds|Integrering af bæredygtighedsvurdering i virksomhedsstrategi: Undersøgelse af gennemførlighed for anvendelsen af Practice Assurance Standards for SDG Bonds til Rambøll"
"";"dtu|dtupub|third_party";"";"2022-01-03T13:13:23.931Z";"Wierzbowski, Krzysztof Marcin";"";"2597319601";"";"dtu";"2020";"";"";"";"";"thesis";"dtu|dtu_electronic|dtupub_external";"";"";"";"";"";"";"";"";"";"";"";"";"";"";"";"";"und";"5f58b8abd9001d01706cbc5f";"";"5f58b8abd9001d01706cbc5f";"DTU Department of Electrical Engineering";"sorbit";"sorbit";"12-bit Incremental Sigma-Delta Analog-to-Digital Converter|12-bit Incremental Sigma-Delta Analog-til-Digital Konverter"
"";"dtu|dtupub|third_party";"";"2022-01-03T13:05:42.513Z";"Skovlund, Allan";"";"2447727649";"";"dtu";"2019";"";"";"";"";"thesis";"dtu|dtu_electronic|dtupub_external";"";"";"";"";"";"";"";"";"";"";"";"";"";"";"";"";"und";"5ce67fe9d9001d016b4fccc4";"";"5ce67fe9d9001d016b4fccc4";"DTU Department of Civil Engineering";"sorbit";"sorbit";"Vehicles with non-fossil fuels and their impact on their environment and emergency services when on fire|Køretøjer med ikke fossile brændstoffer og deres pavirkning af omgivelser og beredskabet ved brand"
"";"dtu|dtupub|third_party";"";"2022-01-11T08:43:15.720Z";"Balaloti, Marina";"";"2452918009";"";"dtu";"2019";"";"";"";"";"thesis";"dtu|dtu_electronic|dtupub_external";"";"";"";"";"";"";"";"";"";"";"";"";"";"";"";"";"und";"5d65103bd9001d452b7685c1";"";"5d65103bd9001d452b7685c1";"DTU Department of Civil Engineering";"sorbit";"sorbit";"Parametric and Structural Design of Modular Buildings|Konstruktionsdesign af bygningsmoduler via parametrisk design metode"
"";"dtu|dtupub|third_party";"";"2022-01-03T13:13:42.502Z";"Gudjónsson, Gísli Tómas";"";"2525156585";"";"dtu";"2020";"";"";"";"";"thesis";"dtu|dtu_electronic|dtupub|dtupub_electronic";"";"";"";"";"";"";"";"";"";"";"";"";"";"";"";"";"und";"5e832571d9001d01923ead7a";"";"5e832571d9001d01923ead7a";"DTU Department of Applied Mathematics and Computer Science";"sorbit";"sorbit";"Stochastic differential equation models of thermostatic controlled systems|Stokastiske differentialligningsmodeller af termostatstyrede systemer"
"";"dtu|dtupub|third_party";"";"2022-01-03T13:13:19.615Z";"Jensen, Jakob Henning";"";"2531205521";"";"dtu";"2020";"";"";"";"";"thesis";"dtu|dtu_electronic|dtupub|dtupub_electronic";"";"";"";"";"";"";"";"";"";"";"";"";"";"";"";"";"und";"5ea960eed9001d0166520ff6";"";"5ea960eed9001d0166520ff6";"DTU Department of Applied Mathematics and Computer Science";"sorbit";"sorbit";"Classification of Imbalanced Data|Klassificering af ubalanceret data"
"";"dtu|dtupub|third_party";"";"2022-01-03T13:16:34.363Z";"Johansen, Lasse";"";"2451028945";"";"dtu";"2019";"";"";"";"";"thesis";"dtu|dtu_electronic|dtupub|dtupub_electronic";"";"";"";"";"";"";"";"";"";"";"";"";"";"";"";"";"und";"5d3d83b1d9001d32f558c23f";"";"5d3d83b1d9001d32f558c23f";"DTU Department of Chemistry";"sorbit";"sorbit";"Iron-Catalyzed Dehydrogenation of Alcohols|Jernkatalyseret Dehydrogenering af Alkoholer"
"";"dtu|dtupub|third_party";"";"2022-01-03T13:05:27.909Z";"McKinley, Zoey Lynn";"";"2596915361";"";"dtu";"2020";"";"";"";"";"thesis";"dtu|dtu_electronic|dtupub|dtupub_electronic";"";"";"";"";"";"";"";"";"";"";"";"";"";"";"";"";"und";"5f4cdb0cd9001d01694aaf6a";"";"5f4cdb0cd9001d01694aaf6a";"DTU Department of Technology, Management and Economics";"sorbit";"sorbit";"Biases in Technology-Neutral Auctions for Renewable Energy Projects|Biases in Technology-Neutral Auctions for Renewable Energy Projects"
"";"dtu|dtupub|third_party";"";"2022-01-03T13:16:32.636Z";"Bonk, Aziza";"";"2443553595";"";"dtu";"2019";"";"";"";"";"thesis";"dtu|dtu_electronic|dtupub|dtupub_electronic";"";"";"";"";"";"";"";"";"";"";"";"";"";"";"";"";"und";"5c52e62ad9001d01677a4e09";"";"5c52e62ad9001d01677a4e09";"DTU Department of Applied Mathematics and Computer Science";"sorbit";"sorbit";"Social Engineering: Intelligent Collection of Open Source Intelligence|Social Engineering: Intelligent indsamling af open source intelligence"
"";"dtu|dtupub|third_party";"";"2022-01-03T13:16:35.545Z";"Larsen, Matthew Helmi Leth";"";"2452918038";"";"dtu";"2019";"";"";"";"";"thesis";"dtu|dtu_electronic|dtupub|dtupub_electronic";"";"";"";"";"";"";"";"";"";"";"";"";"";"";"";"";"und";"5d651040d9001d452b7685d0";"";"5d651040d9001d452b7685d0";"DTU Department of Physics";"sorbit";"sorbit";"Effect of lattice polarisation on the band structure of semiconductors|Effekt af gitter polarisering pa halvleder bandstrukturer"
"";"dtu|dtupub|third_party";"";"2022-01-03T13:16:59.048Z";"Björk, Jeppe";"";"2596328680";"";"dtu";"2020";"";"";"";"";"thesis";"dtu|dtu_electronic|dtupub|dtupub_electronic";"";"";"";"";"";"";"";"";"";"";"";"";"";"";"";"";"und";"5f391498d9001d01721d7c5a";"";"5f391498d9001d01721d7c5a";"DTU Department of Civil and Mechanical Engineering";"sorbit";"sorbit";"Monitoring and Detecting Bearing Failure via Electrical Load Monitoring|Overvagning og registrering af bæresvigt i leje via elektrisk belastningsovervagning"
"";"dtu|dtupub|third_party";"";"2022-01-06T23:56:32.740Z";"Tengvall, Sebastian";"";"2521332004";"";"dtu";"2020";"";"";"";"";"thesis";"dtu|dtu_electronic|dtupub_external";"";"";"";"";"";"";"";"";"";"";"";"";"";"";"";"";"und";"5e79f900d9001d8ba34d1dac";"";"5e79f900d9001d8ba34d1dac";"DTU Department of Electrical Engineering";"sorbit";"sorbit";"Efficiency comparison between Si-, SiC- and GaN-FETs in a class-D audio amplifier|Effektivitetssammenligning mellem Si-, SiC- og GaN-FETs i en klasse-D audio forstærker"
"";"dtu|dtupub|third_party";"";"2022-01-03T13:16:54.865Z";"Jacobsen, Jacob Hedemand";"";"2471512195";"";"dtu";"2019";"";"";"";"";"thesis";"dtu|dtu_electronic|dtupub|dtupub_electronic";"";"";"";"";"";"";"";"";"";"";"";"";"";"";"";"";"und";"5dd67f16d9001d01574a1b7f";"";"5dd67f16d9001d01574a1b7f";"DTU DTU National Food Institute";"sorbit";"sorbit";"Optimization of a 3D human hepatocyte model for early toxicity testing|Optimering af en 3D human hepatocyt model til tidlig toxicitetstestning"
"";"dtu|dtupub|third_party";"";"2022-01-03T13:16:34.020Z";"Arora, Shobhit";"";"2604853402";"";"dtu";"2020";"";"";"";"";"thesis";"dtu|dtu_electronic|dtupub|dtupub_electronic";"";"";"";"";"";"";"";"";"";"";"";"";"";"";"";"";"und";"5f99603ad9001d016970fe4b";"";"5f99603ad9001d016970fe4b";"DTU Department of Electrical Engineering";"sorbit";"sorbit";"Analysis of Li-ion battery charge/discharge characteristics using machine learning|Analyse af Li-ion batteri lade/aflade karakteristik ved hjælp af maskinlæring"
"";"dtu|dtupub|third_party";"";"2022-01-06T23:56:34.064Z";"Mølsted, Lasse Toftlund";"";"2595356290";"";"dtu";"2020";"";"";"";"";"thesis";"dtu|dtu_electronic|dtupub|dtupub_electronic";"";"";"";"";"";"";"";"";"";"";"";"";"";"";"";"";"und";"5f181f30d9001d016b4e1f26";"";"5f181f30d9001d016b4e1f26";"DTU Department of Civil Engineering";"sorbit";"sorbit";"Experimental investigation of C-block tearing of external gusset plates|Eksperimentel undersøgelse af C-blokudrivning i udvendige laskeplader"
"";"dtu|dtupub|third_party";"";"2022-01-03T13:16:34.788Z";"Schmidt, Søren Emil";"";"2451029130";"";"dtu";"2019";"";"";"";"";"thesis";"dtu|dtu_electronic|dtupub|dtupub_electronic";"";"";"";"";"";"";"";"";"";"";"";"";"";"";"";"";"und";"5d3d8409d9001d32f558c307";"";"5d3d8409d9001d32f558c307";"DTU Department of Applied Mathematics and Computer Science";"sorbit";"sorbit";"Financial models based on bivariate distributions|Finansielle modeller baseret pa bivariate fordelinger"
"";"dtu|dtupub|third_party";"";"2022-01-03T13:05:22.590Z";"Petersen, Julie Athene Osterman";"";"2497101092";"";"dtu";"2020";"";"";"";"";"thesis";"dtu|dtu_electronic|dtupub|dtupub_electronic";"";"";"";"";"";"";"";"";"";"";"";"";"";"";"";"";"und";"5e5cf7fdd9001d01632c0008";"";"5e5cf7fdd9001d01632c0008";"DTU Department of Environmental and Resource Engineering";"sorbit";"sorbit";"Real Time Control of Urban Stormwater Systems|Realtidskontrol af afløbssystemer"
"";"dtu|dtupub|third_party";"";"2022-01-03T13:13:18.087Z";"Christensen, Niklas Marcel";"";"2497057194";"";"dtu";"2020";"";"";"";"";"thesis";"dtu|dtu_electronic|dtupub|dtupub_electronic";"";"";"";"";"";"";"";"";"";"";"";"";"";"";"";"";"und";"5e5ba67fd9001d016b3f36e2";"";"5e5ba67fd9001d016b3f36e2";"DTU Department of Environmental and Resource Engineering";"sorbit";"sorbit";"Assessment of field injection and processes in a pilot scale remediation with microscale zero valent iron|Evaluering af injektion og processer i en pilotskala oprensning med mikroskala nulvalent jern"
"";"dtu|dtupub|third_party";"";"2022-01-03T13:13:18.235Z";"Hansen, Caroline Grønbech";"";"2451190018";"";"dtu";"2019";"";"";"";"";"thesis";"dtu|dtu_electronic|dtupub|dtupub_electronic";"";"";"";"";"";"";"";"";"";"";"";"";"";"";"";"";"und";"5d480ee6d9001d1f8a6c4164";"";"5d480ee6d9001d1f8a6c4164";"DTU Department of Chemistry";"sorbit";"sorbit";"Analysis of natural products from the fish killing microalgae Prymnesium polylepis and Karlodinium armiger|Analyse af naturstoffer fra den fiskedræbende mikroalgen Prymnesium polylepis and Karlodinium armiger"
"";"dtu|dtupub|third_party";"";"2022-01-03T13:16:52.703Z";"Camacho, Daniel Diaz";"";"2450280293";"";"dtu";"2019";"";"";"";"";"thesis";"dtu|dtu_electronic|dtupub|dtupub_electronic";"";"";"";"";"";"";"";"";"";"";"";"";"";"";"";"";"und";"5d1c8d6ad9001d146569a4b0";"";"5d1c8d6ad9001d146569a4b0";"DTU Department of Wind and Energy Systems";"sorbit";"sorbit";"Wind variability and regionalization in South Africa|Vindvariationen og regionalisering i Sydafrika"
"";"dtu|dtupub|third_party";"";"2022-01-03T13:05:12.037Z";"Sørensen, Søren Storgaard";"";"2446627965";"";"dtu";"2019";"";"";"";"";"thesis";"dtu|dtu_electronic|dtupub|dtupub_electronic";"";"";"";"";"";"";"";"";"";"";"";"";"";"";"";"";"und";"5cbbc0d9d9001d016b475b00";"";"5cbbc0d9d9001d016b475b00";"DTU Department of Technology, Management and Economics";"sorbit";"sorbit";"Analysis of energy storage and flexibility in Denmark's future energy system with the Balmorel energy system model|Analyse af energilagring og fleksibilitet i Danmarks fremtidige energisystem med energisystemmodellen Balmorel"
"";"dtu|dtupub|third_party";"";"2022-01-03T13:16:52.417Z";"Thomsen, Thore Bach";"";"2444266064";"";"dtu";"2019";"";"";"";"";"thesis";"dtu|dtu_electronic|dtupub|dtupub_electronic";"";"";"";"";"";"";"";"";"";"";"";"";"";"";"";"";"und";"5c8360d3d9001d249b171717";"";"5c8360d3d9001d249b171717";"DTU Department of Biotechnology and Biomedicine";"sorbit";"sorbit";"Kinetic characterization of fungal pectin lyases|Kinetikkarakterisering af fungale pektin lyaser"
"";"dtu|dtupub|third_party";"";"2022-01-03T13:05:38.608Z";"Mani, Arnau Sanroma|Acero, Alicia Parra";"";"2450820585";"";"dtu";"2019";"";"";"";"";"thesis";"dtu|dtu_electronic|dtupub|dtupub_electronic";"";"";"";"";"";"";"";"";"";"";"";"";"";"";"";"";"und";"5d2f0286d9001d016b246887";"";"5d2f0286d9001d016b246887";"DTU Department of Applied Mathematics and Computer Science";"sorbit";"sorbit";"Relative Compression for Highly-Repetitive Data|Relativ kompression for høj-repetitiv data"
"";"dtu|dtupub|third_party";"";"2022-01-03T13:05:48.128Z";"Suelves, Silvia Fernandez";"";"2452975991";"";"dtu";"2019";"";"";"";"";"thesis";"dtu|dtu_electronic|dtupub|dtupub_electronic";"";"";"";"";"";"";"";"";"";"";"";"";"";"";"";"";"und";"5d6661add9001d452b7685d7";"";"5d6661add9001d452b7685d7";"DTU Department of Technology, Management and Economics";"sorbit";"sorbit";"Listening Effort and Cognitive Functioning: Developing a Virtual Reality Solution|Listening Effort and Cognitive Functioning: Developing a Virtual Reality Solution"
"";"dtu|dtupub|third_party";"";"2022-01-03T13:05:44.057Z";"Nielsen, Anne Kaae";"";"2452682742";"";"dtu";"2019";"";"";"";"";"thesis";"dtu|dtu_electronic|dtupub_external";"";"";"";"";"";"";"";"";"";"";"";"";"";"";"";"";"und";"5d59327cd9001d05d7613b05";"";"5d59327cd9001d05d7613b05";"DTU Department of Civil and Mechanical Engineering";"sorbit";"sorbit";"A user-driven innovation approach to create business models for circular economy: A case in the textile and fashion industry|Brugerdreven innovation til at udvikle cirkulere forretningsmodeller: I textil- og modeindustrien"
"";"dtu|dtupub|third_party";"";"2022-01-03T13:05:44.891Z";"Jæpelt, Simone Marie Østergård";"";"2451029084";"";"dtu";"2019";"";"";"";"";"thesis";"dtu|dtu_electronic|dtupub|dtupub_electronic";"";"";"";"";"";"";"";"";"";"";"";"";"";"";"";"";"und";"5d3d83f1d9001d32f558c2d6";"";"5d3d83f1d9001d32f558c2d6";"DTU Department of Technology, Management and Economics";"sorbit";"sorbit";"Managing Risks in Digital Transformation of the Danish Public Sector|Styring af Risiko i Digital Transformation af den Offentlige Sektor"
"";"dtu|dtupub|third_party";"";"2022-01-03T13:05:18.721Z";"Pinter, Zoltan Mark";"";"2462933479";"";"dtu";"2019";"";"";"";"";"thesis";"dtu|dtu_electronic|dtupub|dtupub_electronic";"";"";"";"";"";"";"";"";"";"";"";"";"";"";"";"";"und";"5d84b3f5d9001d016b47bd1c";"";"5d84b3f5d9001d016b47bd1c";"DTU Department of Electrical Engineering";"sorbit";"sorbit";"Fault diagnosis for control of supermarket refrigeration systems|Fejl diagnos for regulering af kølesystems til supermarked"
"";"dtu|dtupub|third_party";"";"2022-01-03T13:13:19.006Z";"Nielsen, Anton Emde|Stepukonis, Edgaras";"";"2466325896";"";"dtu";"2019";"";"";"";"";"thesis";"dtu|dtu_electronic|dtupub_external";"";"";"";"";"";"";"";"";"";"";"";"";"";"";"";"";"und";"5daaef84d9001d015d46d7e1";"";"5daaef84d9001d015d46d7e1";"DTU Department of Technology, Management and Economics";"sorbit";"sorbit";"Utilizing blue light therapy for the athletes|Brugerorienteret lysterapi til atleter"
"";"dtu|dtupub|third_party";"";"2022-01-06T23:54:23.464Z";"Lauesen, Jon Kipp";"";"2445374395";"";"dtu";"2019";"";"";"";"";"thesis";"dtu|dtu_electronic|dtupub|dtupub_electronic";"";"";"";"";"";"";"";"";"";"";"";"";"";"";"";"";"und";"5ca5b6bad9001d48605f3c86";"";"5ca5b6bad9001d48605f3c86";"DTU Department of Civil and Mechanical Engineering";"sorbit";"sorbit";"Modelling and structural optimization of coatings for table tennis rackets|Modellering og strukturel optimering af overfladebelægninger for bordtennisbats"
"";"dtu|dtupub|third_party";"";"2022-01-03T13:05:39.937Z";"Nørregaard, Emil";"";"2452682731";"";"dtu";"2019";"";"";"";"";"thesis";"dtu|dtu_electronic|dtupub_external";"";"";"";"";"";"";"";"";"";"";"";"";"";"";"";"";"und";"5d593279d9001d05d7613afd";"";"5d593279d9001d05d7613afd";"DTU Department of Technology, Management and Economics";"sorbit";"sorbit";"A visual BIM management tool for project managers in the construction industry|Et visuelt BIM projektledelses værktøj for projektledere i byggeindustrien"
"";"dtu|dtupub|third_party";"";"2022-01-03T13:05:42.595Z";"Dohrmann, Anne Birgitte Hoegh";"";"2450666120";"";"dtu";"2019";"";"";"";"";"thesis";"dtu|dtu_electronic|dtupub|dtupub_electronic";"";"";"";"";"";"";"";"";"";"";"";"";"";"";"";"";"und";"5d271968d9001d2d454f0614";"";"5d271968d9001d2d454f0614";"DTU Department of Electrical Engineering";"sorbit";"sorbit";"Improved calculation of the point dose kernel for Cu-64 and radiobiological considerations for therapeutic and diagnostic applications|Forbedret udregning af ""point dose kernel"" for Cu-64 og radiobiologiske overvejelser for terapeutiske og diagnostiske anvendelser"
"";"dtu|dtupub|third_party";"";"2022-01-03T13:05:41.206Z";"Ravindran, Thuritha";"";"2446700827";"";"dtu";"2019";"";"";"";"";"thesis";"dtu|dtu_electronic|dtupub|dtupub_electronic";"";"";"";"";"";"";"";"";"";"";"";"";"";"";"";"";"und";"5cbef2ebd9001d016b475b2d";"";"5cbef2ebd9001d016b475b2d";"DTU Department of Technology, Management and Economics";"sorbit";"sorbit";"BIM and operation and maintenance of buildings|BIM og drift og vedligehold af bygninger"
"";"dtu|dtupub|third_party";"";"2022-01-03T13:05:42.516Z";"Filis, Vasileios";"";"2445374308";"";"dtu";"2019";"";"";"";"";"thesis";"dtu|dtu_electronic|dtupub|dtupub_electronic";"";"";"";"";"";"";"";"";"";"";"";"";"";"";"";"";"und";"5ca5b662d9001d48605f3c26";"";"5ca5b662d9001d48605f3c26";"DTU Department of Civil Engineering";"sorbit";"sorbit";"Design and optimisation of HVAC solutions in buildings with semi-outdoor spaces|Design og optimering af HVAC løsninger i bygninger med tredje-rum"
"";"dtu|dtupub|third_party";"";"2022-01-03T13:15:59.090Z";"Jensen, Jakob Lindegaard|Nouri, Ali Asghar";"";"2445374328";"";"dtu";"2019";"";"";"";"";"thesis";"dtu|dtu_electronic|dtupub|dtupub_electronic";"";"";"";"";"";"";"";"";"";"";"";"";"";"";"";"";"und";"5ca5b680d9001d48605f3c47";"";"5ca5b680d9001d48605f3c47";"DTU Department of Civil Engineering";"sorbit";"sorbit";"Influence of negative reinforcement on cracking and stiffness of fiber reinforced concrete slabs|Negativ armerings indflydelse pa revnedannelse og stivhed af fiberarmerede betonplader"
"";"dtu|dtupub|third_party";"";"2022-01-06T23:54:30.139Z";"Zheng, Jiaqi";"";"2595649671";"";"dtu";"2020";"";"";"";"";"thesis";"dtu|dtu_electronic|dtupub|dtupub_electronic";"";"";"";"";"";"";"";"";"";"";"";"";"";"";"";"";"und";"5f22ab30d9001d016b4e221f";"";"5f22ab30d9001d016b4e221f";"DTU Department of Civil Engineering";"sorbit";"sorbit";"Trnsys modelling and simulations of solar collector fields and water pits|TRNSYS modeller og simulering af solfangerfelter og damvarmelagre"
"";"dtu|dtupub|third_party";"";"2022-01-03T13:05:41.266Z";"Thorsted, Laura Skovgaard|Østergaard, Natasha Lykke Lademann";"";"2443553251";"";"dtu";"2019";"";"";"";"";"thesis";"dtu|dtu_electronic|dtupub|dtupub_electronic";"";"";"";"";"";"";"";"";"";"";"";"";"";"";"";"";"und";"5c52e620d9001d01677a4de2";"";"5c52e620d9001d01677a4de2";"DTU Department of Civil Engineering";"sorbit";"sorbit";"Development of multifunctional façade elements for renovation of building facades|Udvikling af multifunktionel facade elementer til renovering af bygningers facader"
"";"dtu|dtupub|third_party";"";"2022-01-03T13:16:35.947Z";"Helk, Andreas";"";"2597586063";"";"dtu";"2020";"";"";"";"";"thesis";"dtu|dtu_electronic|dtupub_external";"";"";"";"";"";"";"";"";"";"";"";"";"";"";"";"";"und";"5f61f2fbd9001d01706cbd4a";"";"5f61f2fbd9001d01706cbd4a";"DTU Department of Civil and Mechanical Engineering";"sorbit";"sorbit";"Energy optimization and electrification of brewery|Energioptimering og elektrificering af bryggeri"
"";"dtu|dtupub|third_party";"";"2022-01-03T13:05:51.963Z";"Dittmann, Anne Kiesbye|Foss, Clara Frederikke";"";"2595588533";"";"dtu";"2020";"";"";"";"";"thesis";"dtu|dtu_electronic|dtupub_external";"";"";"";"";"";"";"";"";"";"";"";"";"";"";"";"";"und";"5f20085cd9001d016b4e2181";"";"5f20085cd9001d016b4e2181";"DTU Department of Technology, Management and Economics";"sorbit";"sorbit";"Accelerating digitalization in Demant A/S|Accelerering af digitalisering i Demant A/S"
"";"dtu|dtupub|third_party";"";"2022-01-06T23:54:28.748Z";"Kobrossi, Dimitri Nicolas|Talas, Jan";"";"2595488067";"";"dtu";"2020";"";"";"";"";"thesis";"dtu|dtu_electronic|dtupub_external";"";"";"";"";"";"";"";"";"";"";"";"";"";"";"";"";"und";"5f1eb6c0d9001d016b4e2092";"";"5f1eb6c0d9001d016b4e2092";"DTU Department of Technology, Management and Economics";"sorbit";"sorbit";"Digital transformation at Novo Nordisk Pharmatech|Digital transformation i Novo Nordisk Pharmatech"
"";"dtu|dtupub|third_party";"";"2022-01-03T13:13:20.703Z";"Braaby, Anna Ellen Vedel";"";"2525645333";"";"dtu";"2020";"";"";"";"";"thesis";"dtu|dtu_electronic|dtupub|dtupub_electronic";"";"";"";"";"";"";"";"";"";"";"";"";"";"";"";"";"und";"5e8db170d9001d016475f3f1";"";"5e8db170d9001d016475f3f1";"DTU Department of Electrical and Photonics Engineering";"sorbit";"sorbit";"Time lenses for optical communication|Tidslinser til optisk kommunikation"
"";"dtu|dtupub|third_party";"";"2022-01-03T13:05:54.472Z";"Jester, Renaud Jean-Pierre Gerard";"";"2597117823";"";"dtu";"2020";"";"";"";"";"thesis";"dtu|dtu_electronic|dtupub|dtupub_electronic";"";"";"";"";"";"";"";"";"";"";"";"";"";"";"";"";"und";"5f50cf7ed9001d01694aafd3";"";"5f50cf7ed9001d01694aafd3";"DTU Department of Applied Mathematics and Computer Science";"sorbit";"sorbit";"Matrices over Ore polynomial rings and applications in coding theory|Matricer over Ore polynomiumsringe og anvendelser i kodningsteori"
"";"dtu|dtupub|third_party";"";"2022-01-03T13:05:26.729Z";"Klein, Lukas";"";"2596339141";"";"dtu";"2020";"";"";"";"";"thesis";"dtu|dtu_electronic|dtupub|dtupub_electronic";"";"";"";"";"";"";"";"";"";"";"";"";"";"";"";"";"und";"5f3a6624d9001d01721d7c7c";"";"5f3a6624d9001d01721d7c7c";"DTU Department of Applied Mathematics and Computer Science";"sorbit";"sorbit";"Shoulder-Surfing Protection for Textual Information|Beskyttelse af tekst output mod ""shoulder surfing"""
"";"dtu|dtupub|third_party";"";"2022-01-03T13:13:42.528Z";"Petersen, Mads Kampmann";"";"2497103075";"";"dtu";"2020";"";"";"";"";"thesis";"dtu|dtu_electronic|dtupub|dtupub_electronic";"";"";"";"";"";"";"";"";"";"";"";"";"";"";"";"";"und";"5e5cf810d9001d01632c0051";"";"5e5cf810d9001d01632c0051";"DTU Department of Civil Engineering";"sorbit";"sorbit";"Metal-organic frameworks MIL-100(Fe) and its application as a moisture buffer material in built environment|Metal-organiske materialer MIL-100(Fe) og dets applikation som fugt-buffer materiale i byggeri"
"";"dtu|dtupub|third_party";"";"2022-01-03T13:16:49.856Z";"Tuncer, Onur Onat";"";"2595488040";"";"dtu";"2020";"";"";"";"";"thesis";"dtu|dtu_electronic|dtupub_external";"";"";"";"";"";"";"";"";"";"";"";"";"";"";"";"";"und";"5f1eb6b7d9001d016b4e2051";"";"5f1eb6b7d9001d016b4e2051";"DTU Department of Wind and Energy Systems";"sorbit";"sorbit";"Fracture mechanics based prediction of fatigue crack growth in thick plate butt joints under high postwelding residual stress|Brudmekanisk baseret numerisk analyse af udmattelsesrevnervækst i tykke stuksvejste plader under høj post svejsning restspændinger"
"";"dtu|dtupub|third_party";"";"2022-01-03T13:13:23.065Z";"Deroo, Cléo Judith Adrienne";"";"2599206773";"";"dtu";"2020";"";"";"";"";"thesis";"dtu|dtu_electronic|dtupub|dtupub_electronic";"";"";"";"";"";"";"";"";"";"";"";"";"";"";"";"";"und";"5f858c21d9001d017002592c";"";"5f858c21d9001d017002592c";"DTU Department of Technology, Management and Economics";"sorbit";"sorbit";"E-scooters: increasing mobility at the expense of safety?|El-løbehjul: øget mobilitet pa bekostning af sikkerhed?"
"";"dtu|dtupub|third_party";"";"2022-01-06T23:55:10.528Z";"Jensen, Frederik|Vind, Frederik Alexander Meinzer";"";"2452634758";"";"dtu";"2019";"";"";"";"";"thesis";"dtu|dtu_electronic|dtupub_external";"";"";"";"";"";"";"";"";"";"";"";"";"";"";"";"";"und";"5d553dedd9001d05d7613ab4";"";"5d553dedd9001d05d7613ab4";"DTU Department of Civil Engineering";"sorbit";"sorbit";"Strengthening of T-section RC beam using activated CFRP bars in combination with a low E-modulus adhesive material|Forstærkning af T-tværsnit betonbjælker vha. aktiverede CFRP stænger i kombination med et lav E-moduls klæbemateriale"
"";"dtu|dtupub|third_party";"";"2022-01-03T13:16:53.617Z";"Tamaro, Simone";"";"2453302197";"";"dtu";"2019";"";"";"";"";"thesis";"dtu|dtu_electronic|dtupub|dtupub_electronic";"";"";"";"";"";"";"";"";"";"";"";"";"";"";"";"";"und";"5d6a55e0d9001d452b76860f";"";"5d6a55e0d9001d452b76860f";"DTU Department of Wind and Energy Systems";"sorbit";"sorbit";"Numerical and experimental study of airfoils with porous trailing edge|Numerisk og eksperimentel undersøgelse af vingeprofiler med porøs bagkant"
"";"dtu|dtupub|third_party";"";"2022-01-03T13:05:27.971Z";"Babin, Markus";"";"2597735919";"";"dtu";"2020";"";"";"";"";"thesis";"dtu|dtu_electronic|dtupub|dtupub_electronic";"";"";"";"";"";"";"";"";"";"";"";"";"";"";"";"";"und";"5f688a78d9001d0169505fe5";"";"5f688a78d9001d0169505fe5";"DTU Department of Electrical and Photonics Engineering";"sorbit";"sorbit";"Experimental characterization of angular dependent color perception of colored PV samples in combination with IAM measurements targeting building integrated photovoltaic products|Eksperimentel karakterisering af vinkelafhængig farve perception af farvede solcelle prøver kombineret med IAM malinger malrettet bygnings integrerede solcelleprodukter."
"";"dtu|dtupub|third_party";"";"2022-01-03T13:13:21.760Z";"Kajatin, Roland";"";"2595222594";"";"dtu";"2020";"";"";"";"";"thesis";"dtu|dtu_electronic|dtupub_external";"";"";"";"";"";"";"";"";"";"";"";"";"";"";"";"";"und";"5f157c37d9001d016b4e1ea1";"";"5f157c37d9001d016b4e1ea1";"DTU Department of Electrical Engineering";"sorbit";"sorbit";"Computer Vision System for Autonomous Mortar Raking Robots|Computer Vision System for Autonomous Mortar Raking Robots"
"";"dtu|dtupub|third_party";"";"2022-01-06T23:54:23.995Z";"Lund, Kristian Østergaard";"";"2450155152";"";"dtu";"2019";"";"";"";"";"thesis";"dtu|dtu_electronic|dtupub|dtupub_electronic";"";"";"";"";"";"";"";"";"";"";"";"";"";"";"";"";"und";"5d1898e5d9001d041e6f5bfe";"";"5d1898e5d9001d041e6f5bfe";"DTU Department of Technology, Management and Economics";"sorbit";"sorbit";"Monitoring and evaluating semi-permanent classrooms for displaced children in fragile contexts|Monitorering og evaluering af semipermanente klasselokaler til udsatte børn i konfliktramte omrader"
"";"dtu|dtupub|third_party";"";"2022-01-03T13:05:54.749Z";"Frain, Jack Martin";"";"2604853678";"";"dtu";"2020";"";"";"";"";"thesis";"dtu|dtu_electronic|dtupub|dtupub_electronic";"";"";"";"";"";"";"";"";"";"";"";"";"";"";"";"";"und";"5f99604dd9001d016970fe8f";"";"5f99604dd9001d016970fe8f";"DTU Department of Technology, Management and Economics";"sorbit";"sorbit";"How can the R&D process remain at Foss remain innovative while reducing optimization risks?|Hvordan kan R&D processen forblive pa Foss forblive nyskabende og samtidig reducere optimeringsrisikoen?"
"";"dtu|dtupub|third_party";"";"2022-01-03T13:05:11.722Z";"Bellouard, Théophile Benoît Marie";"";"2450542269";"";"dtu";"2019";"";"";"";"";"thesis";"dtu|dtu_electronic|dtupub_external";"";"";"";"";"";"";"";"";"";"";"";"";"";"";"";"";"und";"5d21d364d9001d2d454f0544";"";"5d21d364d9001d2d454f0544";"DTU Department of Electrical Engineering";"sorbit";"sorbit";"Revenue optimization for aggregated PV-storage systems|Revenue optimization for aggregated PV-storage systems"
"";"dtu|dtupub|third_party";"";"2022-01-03T13:16:29.101Z";"Jensen, Mads Krarup";"";"2451028944";"";"dtu";"2019";"";"";"";"";"thesis";"dtu|dtu_electronic|dtupub_external";"";"";"";"";"";"";"";"";"";"";"";"";"";"";"";"";"und";"5d3d83afd9001d32f558c23c";"";"5d3d83afd9001d32f558c23c";"DTU Department of Civil Engineering";"sorbit";"sorbit";"The Cactus Towers. Structural design of load bearing and bracing members, building parts and joints|Kaktus-tarnene. Projektering af bærende og afstivende bygningsdele, samt statisk aktive samlinger."
"";"dtu|dtupub|third_party";"";"2022-01-03T13:05:17.285Z";"Buch, Bastian";"";"2449444312";"";"dtu";"2019";"";"";"";"";"thesis";"dtu|dtu_electronic|dtupub_external";"";"";"";"";"";"";"";"";"";"";"";"";"";"";"";"";"und";"5d0623e2d9001d010a45c045";"";"5d0623e2d9001d010a45c045";"DTU Department of Applied Mathematics and Computer Science";"sorbit";"sorbit";"Theoretical design and practical implementation of GDPR, Privacy-by-Design and information security in Competencehouse A/S|Teoretisk design og praktisk implementering af GDPR, Privacy-by-Design og informationssikkerhed i Competencehouse A/S"
"";"dtu|dtupub|third_party";"";"2022-01-03T13:05:21.239Z";"Albani, Giovanna";"";"2451175689";"";"dtu";"2019";"";"";"";"";"thesis";"dtu|dtu_electronic|dtupub|dtupub_electronic";"";"";"";"";"";"";"";"";"";"";"";"";"";"";"";"";"und";"5d456c0bd9001d32f558c493";"";"5d456c0bd9001d32f558c493";"DTU National Institute of Aquatic Resources";"sorbit";"sorbit";"The warming and freshening of the Nordic Seas and impact on circulation|Opvarmning og forfriskning af Nordiske Havet og pavirkning pa cirkulationen."
"";"dtu|dtupub|third_party";"";"2022-01-06T23:55:10.513Z";"Chang, Xianwen";"";"2452018738";"";"dtu";"2019";"";"";"";"";"thesis";"dtu|dtu_electronic|dtupub_external";"";"";"";"";"";"";"";"";"";"";"";"";"";"";"";"";"und";"5d4ea65bd9001d1f8a6c41c4";"";"5d4ea65bd9001d1f8a6c41c4";"DTU Department of Civil and Mechanical Engineering";"sorbit";"sorbit";"Laser treatment of beta Titanium surfaces for articular joint implant applications: Influence on the tribological properties and antimicrobial resistance|Laserbehandling af beta-titaniumoverflader til leddede implantatapplikationer: Pavirkninger af tribologiske egenskaber og antimikrobielle resistens"
"";"dtu|dtupub|third_party";"";"2022-01-06T23:55:09.340Z";"Moutard, Camille Leila";"";"2451029061";"";"dtu";"2019";"";"";"";"";"thesis";"dtu|dtu_electronic|dtupub|dtupub_electronic";"";"";"";"";"";"";"";"";"";"";"";"";"";"";"";"";"und";"5d3d83e4d9001d32f558c29d";"";"5d3d83e4d9001d32f558c29d";"DTU Department of Technology, Management and Economics";"sorbit";"sorbit";"Assessing the ‘acceptable’ onshore wind potential in the UK|Vurdering af det 'acceptable' onshore vindpotentiale i Storbritannien"
"";"dtu|dtupub|third_party";"";"2022-01-03T13:16:31.642Z";"Hansen, Dorthe";"";"2447727648";"";"dtu";"2019";"";"";"";"";"thesis";"dtu|dtu_electronic|dtupub|dtupub_electronic";"";"";"";"";"";"";"";"";"";"";"";"";"";"";"";"";"und";"5ce67fe8d9001d016b4fccc3";"";"5ce67fe8d9001d016b4fccc3";"DTU Department of Civil Engineering";"sorbit";"sorbit";"Reliability of smoke detectors exposed to theatrical smoke|Palideligheden af detektorer under anvendelse af scenerøg"
"";"dtu|dtupub|third_party";"";"2022-01-03T13:16:54.940Z";"Hansen, Henrik Hviid";"";"2495110123";"";"dtu";"2020";"";"";"";"";"thesis";"dtu|dtu_electronic|dtupub_external";"";"";"";"";"";"";"";"";"";"";"";"";"";"";"";"";"und";"5e493182d9001d2ceb5bbaa8";"";"5e493182d9001d2ceb5bbaa8";"DTU Department of Applied Mathematics and Computer Science";"sorbit";"sorbit";"Machine learning for corporate bond selection|Machine learning til udvælgelse af erhvervsobligationer"
"";"dtu|dtupub|third_party";"";"2022-01-03T13:05:47.679Z";"Wang, Weiji";"";"2452682772";"";"dtu";"2019";"";"";"";"";"thesis";"dtu|dtu_electronic|dtupub_external";"";"";"";"";"";"";"";"";"";"";"";"";"";"";"";"";"und";"5d593280d9001d05d7613b0c";"";"5d593280d9001d05d7613b0c";"DTU Department of Technology, Management and Economics";"sorbit";"sorbit";"Optimal Rolling Stock Scheduling with Maintenance Requirements at the Chinese High Speed Railway|Optimal skemalægning af rullende materiel med krav om vedligeholdelse for den kinesiske højhastighedsjernbane"
"";"dtu|dtupub|third_party";"";"2022-01-03T13:16:47.301Z";"Morling, Louisa Zebis";"";"2595776920";"";"dtu";"2020";"";"";"";"";"thesis";"dtu|dtu_electronic|dtupub|dtupub_electronic";"";"";"";"";"";"";"";"";"";"";"";"";"";"";"";"";"und";"5f27f151d9001d016b4e235a";"";"5f27f151d9001d016b4e235a";"DTU Department of Applied Mathematics and Computer Science";"sorbit";"sorbit";"Method for autofocusing panoramic CT scans of teeth|Metoden for automatisk fokus for panoramic CT scan af tænder"
"";"dtu|dtupub|third_party";"";"2022-01-03T13:16:35.570Z";"Sveinsdóttir, Melkorka Rún";"";"2519323198";"";"dtu";"2020";"";"";"";"";"thesis";"dtu|dtu_electronic|dtupub_external";"";"";"";"";"";"";"";"";"";"";"";"";"";"";"";"";"und";"5e78a781d9001d81975c7f94";"";"5e78a781d9001d81975c7f94";"DTU Department of Civil and Mechanical Engineering";"sorbit";"sorbit";"Development of Modular Product Architectures for Depositors at Aasted|Udvikling af Modulær Produktarkitektur for Depositors hos Aasted"
"";"dtu|dtupub|third_party";"";"2022-01-03T13:16:58.280Z";"Schlachter, Alexander";"";"2596766029";"";"dtu";"2020";"";"";"";"";"thesis";"dtu|dtu_electronic|dtupub|dtupub_electronic";"";"";"";"";"";"";"";"";"";"";"";"";"";"";"";"";"und";"5f464387d9001d01721d7e11";"";"5f464387d9001d01721d7e11";"DTU Department of Civil Engineering";"sorbit";"sorbit";"Real-time and integrative logistic management process of temporary construction items|Realtid og integrebar logistik handtering af midlertidige konstruktionselementer"
"";"dtu|dtupub|third_party";"";"2022-01-06T23:55:10.101Z";"Rögnvaldsson, Ríkhardur Þór";"";"2451091220";"";"dtu";"2019";"";"";"";"";"thesis";"dtu|dtu_electronic|dtupub_external";"";"";"";"";"";"";"";"";"";"";"";"";"";"";"";"";"und";"5d4025e1d9001d32f558c345";"";"5d4025e1d9001d32f558c345";"DTU Department of Applied Mathematics and Computer Science";"sorbit";"sorbit";"Model predictive control for an industrial aluminium holding furnace|Model prædiktiv regulering til en industriel aluminium holdeovn"
"";"dtu|dtupub|third_party";"";"2022-01-03T13:05:26.828Z";"Røygaard, Gustav Julius Rode";"";"2596188814";"";"dtu";"2020";"";"";"";"";"thesis";"dtu|dtu_electronic|dtupub|dtupub_electronic";"";"";"";"";"";"";"";"";"";"";"";"";"";"";"";"";"und";"5f33ceb0d9001d01697d6a51";"";"5f33ceb0d9001d01697d6a51";"DTU Department of Technology, Management and Economics";"sorbit";"sorbit";"Performance of bio-based plastics against the UN's Sustainable Development Goals|Bæredygtighedsvurdering af biobaseret plastik mod FN's verdensmal"
"";"dtu|dtupub|third_party";"";"2022-01-03T13:16:53.874Z";"Linval, Victor Edmond Jacques Lantzenberg Dit";"";"2451153203";"";"dtu";"2019";"";"";"";"";"thesis";"dtu|dtu_electronic|dtupub|dtupub_electronic";"";"";"";"";"";"";"";"";"";"";"";"";"";"";"";"";"und";"5d42c909d9001d32f558c400";"";"5d42c909d9001d32f558c400";"DTU Department of Technology, Management and Economics";"sorbit";"sorbit";"Machine learning for the optimization of on-demand public transport|Machine learning til optimering af on-demand offentlig transport"
"";"dtu|dtupub|third_party";"";"2022-01-03T13:13:16.857Z";"Pruissen, Elisabeth Gabriëlla van";"";"2444259748";"";"dtu";"2019";"";"";"";"";"thesis";"dtu|dtu_electronic|dtupub_external";"";"";"";"";"";"";"";"";"";"";"";"";"";"";"";"";"und";"5c810a7dd9001d361b4cd50c";"";"5c810a7dd9001d361b4cd50c";"DTU Department of Electrical Engineering";"sorbit";"sorbit";"Sound localization using a tetrahedral microphone array configuration|Lokalisering af lydkilder med en tetrahedral mikrofon array"
"";"dtu|dtupub|third_party";"";"2022-01-03T13:05:19.954Z";"Hersted, Harald Bjørndal";"";"2525226591";"";"dtu";"2020";"";"";"";"";"thesis";"dtu|dtu_electronic|dtupub_external";"";"";"";"";"";"";"";"";"";"";"";"";"";"";"";"";"und";"5e8476f2d9001d0ae019bee6";"";"5e8476f2d9001d0ae019bee6";"DTU Department of Technology, Management and Economics";"sorbit";"sorbit";"3D print of spare parts at Rockwool|3 D print af reservedele hos Rockwool"
"";"dtu|dtupub|third_party";"";"2022-01-03T13:16:53.864Z";"Prasini, Eleni";"";"2453652803";"";"dtu";"2019";"";"";"";"";"thesis";"dtu|dtu_electronic|dtupub_external";"";"";"";"";"";"";"";"";"";"";"";"";"";"";"";"";"und";"5d7a27ebd9001d3bab112bca";"";"5d7a27ebd9001d3bab112bca";"DTU Department of Technology, Management and Economics";"sorbit";"sorbit";"The Shift Ahead Planning Problem - Stochastic Optimization for Maintenance Planning|The Shift Ahead Planning Problem - Stochastic Optimization for Maintenance Planning"
"";"dtu|dtupub|third_party";"";"2022-01-06T23:56:29.272Z";"Hørsholt, Alexander";"";"2444215379";"";"dtu";"2019";"";"";"";"";"thesis";"dtu|dtu_electronic|dtupub|dtupub_electronic";"";"";"";"";"";"";"";"";"";"";"";"";"";"";"";"";"und";"5c752d10d9001d016d4b586d";"";"5c752d10d9001d016d4b586d";"DTU Department of Applied Mathematics and Computer Science";"sorbit";"sorbit";"A discontinuous spectral Galerkin scheme for uncertainty quantification and state estimation in chromatographic processes|En diskontinuert spektral Galerkin metode til usikkerhedsberegninger og tilstandsestimering for kromatografiske processer"
"";"dtu|dtupub|third_party";"";"2022-01-03T13:16:32.618Z";"Voineag, Bogdan-Vlad";"";"2445374253";"";"dtu";"2019";"";"";"";"";"thesis";"dtu|dtu_electronic|dtupub|dtupub_electronic";"";"";"";"";"";"";"";"";"";"";"";"";"";"";"";"";"und";"5ca5b613d9001d48605f3bd9";"";"5ca5b613d9001d48605f3bd9";"DTU Department of Civil Engineering";"sorbit";"sorbit";"Structural Biomimicry|Bio inspirerede konstruktioner"
"";"dtu|dtupub|third_party";"";"2022-01-03T13:16:33.230Z";"Kumar, Rohit Akshay";"";"2445374365";"";"dtu";"2019";"";"";"";"";"thesis";"dtu|dtu_electronic|dtupub_external";"";"";"";"";"";"";"";"";"";"";"";"";"";"";"";"";"und";"5ca5b6a2d9001d48605f3c63";"";"5ca5b6a2d9001d48605f3c63";"DTU Department of Biotechnology and Biomedicine";"sorbit";"sorbit";"In vitro models for the validation of biomarkers for neurodegenerative diseases|In vitro modeller for validering af biomarkers for neurodegenerative sygdomme"
"";"dtu|dtupub|third_party";"";"2022-01-03T13:16:52.436Z";"Popa, Alexandru";"";"2444373514";"";"dtu";"2019";"";"";"";"";"thesis";"dtu|dtu_electronic|dtupub_external";"";"";"";"";"";"";"";"";"";"";"";"";"";"";"";"";"und";"5c83ad86d9001d249b17171d";"";"5c83ad86d9001d249b17171d";"DTU Department of Electrical and Photonics Engineering";"sorbit";"sorbit";"Implementation of IoT Solution for Hearing Aids|Implementation of IoT Solution for Hearing Aids"
"";"dtu|dtupub|third_party";"";"2022-01-03T13:13:19.102Z";"Macheta, Kamil";"";"2453540335";"";"dtu";"2019";"";"";"";"";"thesis";"dtu|dtu_electronic|dtupub|dtupub_electronic";"";"";"";"";"";"";"";"";"";"";"";"";"";"";"";"";"und";"5d7784edd9001d120702567a";"";"5d7784edd9001d120702567a";"DTU Department of Electrical and Photonics Engineering";"sorbit";"sorbit";"Internet of things communication framework|Kommunikation for IoT"
"";"dtu|dtupub|third_party";"";"2022-01-03T13:13:40.647Z";"Mediavilla, Ana Torrijos";"";"2451175617";"";"dtu";"2019";"";"";"";"";"thesis";"dtu|dtu_electronic|dtupub_external";"";"";"";"";"";"";"";"";"";"";"";"";"";"";"";"";"und";"5d456bf3d9001d32f558c45e";"";"5d456bf3d9001d32f558c45e";"DTU Department of Electrical and Photonics Engineering";"sorbit";"sorbit";"Green IoT security|Bæredygtig sikkerhed for Internet of Things"
"";"dtu|dtupub|third_party";"";"2022-01-06T23:55:09.256Z";"Møller, Nadia Sara";"";"2451028916";"";"dtu";"2019";"";"";"";"";"thesis";"dtu|dtu_electronic|dtupub|dtupub_electronic";"";"";"";"";"";"";"";"";"";"";"";"";"";"";"";"";"und";"5d3d8397d9001d32f558c1f5";"";"5d3d8397d9001d32f558c1f5";"DTU Department of Biotechnology and Biomedicine";"sorbit";"sorbit";"Local and hepatic immune response to bone infections in pigs|Lokal og hepatisk immunerespons ved knogleinfektioner hos grise"
"";"dtu|dtupub|third_party";"";"2022-01-03T13:13:39.875Z";"Loft, Mathilde Pryds";"";"2452037970";"";"dtu";"2019";"";"";"";"";"thesis";"dtu|dtu_electronic|dtupub_external";"";"";"";"";"";"";"";"";"";"";"";"";"";"";"";"";"und";"5d514973d9001d1f8a6c423c";"";"5d514973d9001d1f8a6c423c";"DTU Department of Technology, Management and Economics";"sorbit";"sorbit";"Deep Survival Analysis for Shared Mobility|Dyb overlevelses analyse for delt mobilitet"
"";"dtu|dtupub|third_party";"";"2022-01-03T13:05:44.127Z";"Sørensen, Mathies Brinks";"";"2451028929";"";"dtu";"2019";"";"";"";"";"thesis";"dtu|dtu_electronic|dtupub|dtupub_electronic";"";"";"";"";"";"";"";"";"";"";"";"";"";"";"";"";"und";"5d3d83a1d9001d32f558c21a";"";"5d3d83a1d9001d32f558c21a";"DTU Department of Electrical Engineering";"sorbit";"sorbit";"Optimizing data acquisition in dissolution DNP. Simulations versus experiments and Stochastic Differential Equations (SDE) modelling of data|Optimering af dataindsamling i Dissolution DNP. Simuleringer versus eksperimenter og Stochastic Differential Equations (SDE) modellering af data"
"";"dtu|dtupub|third_party";"";"2022-01-06T23:55:09.253Z";"Hansen, Frederik Mette Jelshøj";"";"2451028932";"";"dtu";"2019";"";"";"";"";"thesis";"dtu|dtu_electronic|dtupub|dtupub_electronic";"";"";"";"";"";"";"";"";"";"";"";"";"";"";"";"";"und";"5d3d83a6d9001d32f558c227";"";"5d3d83a6d9001d32f558c227";"DTU Department of Civil and Mechanical Engineering";"sorbit";"sorbit";"Assessment of damping estimation methods for offshore wind turbines on monopile|Vurdering af dæmpnings estimeringsmetoder for offshore vindmøller pa monopile"
"";"dtu|dtupub|third_party";"";"2022-01-06T23:56:32.407Z";"Binder, Anne-Katrine Thisted";"";"2460636962";"";"dtu";"2019";"";"";"";"";"thesis";"dtu|dtu_electronic|dtupub|dtupub_electronic";"";"";"";"";"";"";"";"";"";"";"";"";"";"";"";"";"und";"5d7e1c6ed9001d016f1553b5";"";"5d7e1c6ed9001d016f1553b5";"DTU Department of Applied Mathematics and Computer Science";"sorbit";"sorbit";"Monitoring the well-being of horses: A hardware- and software-infrastructure for tracking horses and their daily care|Monitorering af hestes trivsel: En hardware- og software-infrastruktur til sporing af heste og deres daglige pasning"
"";"dtu|dtupub|third_party";"";"2022-01-03T13:05:43.971Z";"Rye, Camilla";"";"2451028626";"";"dtu";"2019";"";"";"";"";"thesis";"dtu|dtu_electronic|dtupub|dtupub_electronic";"";"";"";"";"";"";"";"";"";"";"";"";"";"";"";"";"und";"5d3d8322d9001d32f558c0eb";"";"5d3d8322d9001d32f558c0eb";"DTU Department of Space Research and Space Technology";"sorbit";"sorbit";"Spatially analysing the perception of crime and public safety in the built environment in relation to public transport hubs|Kvantificeret, rumlig analyse og relationen til oplevet tryghed og sikkerhed I stationsmiljøer."
"";"dtu|dtupub|third_party";"";"2022-01-03T13:05:43.982Z";"Ellmann, Ernesto Rodrigo Hurtado";"";"2451028629";"";"dtu";"2019";"";"";"";"";"thesis";"dtu|dtu_electronic|dtupub|dtupub_electronic";"";"";"";"";"";"";"";"";"";"";"";"";"";"";"";"";"und";"5d3d8327d9001d32f558c0f9";"";"5d3d8327d9001d32f558c0f9";"DTU Department of Wind and Energy Systems";"sorbit";"sorbit";"Application of Global Wind Atlas microscale data in large-scale wind generation time series simulation|Anvendelse af mikro-skala data fra globale vindatlas til simulering af storskala vindkraftproduktion"
"";"dtu|dtupub|third_party";"";"2022-01-03T13:05:21.298Z";"Olsen, Terkel Bo";"";"2452037938";"";"dtu";"2019";"";"";"";"";"thesis";"dtu|dtu_electronic|dtupub_external";"";"";"";"";"";"";"";"";"";"";"";"";"";"";"";"";"und";"5d514963d9001d1f8a6c4229";"";"5d514963d9001d1f8a6c4229";"DTU Department of Applied Mathematics and Computer Science";"sorbit";"sorbit";"Predicting pectin gel strength using Near infrared spectroscopic data|Prædiktering af pektin gel styrke ved brug a nær-infrarød spektroskopi data"
"";"dtu|dtupub|third_party";"";"2022-01-06T23:55:11.801Z";"Valentínyová, Jana";"";"2453517855";"";"dtu";"2019";"";"";"";"";"thesis";"dtu|dtu_electronic|dtupub_external";"";"";"";"";"";"";"";"";"";"";"";"";"";"";"";"";"und";"5d74e1e8d9001d0172282800";"";"5d74e1e8d9001d0172282800";"DTU Department of Applied Mathematics and Computer Science";"sorbit";"sorbit";"Using Large-Scale Twitter Data to Model Attitudes Towards Climate Change|Modelering af Holdninger til Klimaforandring via Twitter Data"
"";"dtu|dtupub|third_party";"";"2022-01-03T13:13:17.767Z";"Ísberg, Ari Páll";"";"2450280366";"";"dtu";"2019";"";"";"";"";"thesis";"dtu|dtu_electronic|dtupub|dtupub_electronic";"";"";"";"";"";"";"";"";"";"";"";"";"";"";"";"";"und";"5d1c8d7ed9001d146569a4f3";"";"5d1c8d7ed9001d146569a4f3";"DTU Department of Applied Mathematics and Computer Science";"sorbit";"sorbit";"Learning optimal edge weights for dictionary-based interactive segmentation|Læring af optimale vægte for dictionary-baseret interaktiv segmentering"
"";"dtu|dtupub|third_party";"";"2022-01-06T23:55:15.435Z";"Guðjohnsen, Sveinbjörn";"";"2596404220";"";"dtu";"2020";"";"";"";"";"thesis";"dtu|dtu_electronic|dtupub|dtupub_electronic";"";"";"";"";"";"";"";"";"";"";"";"";"";"";"";"";"und";"5f3bb7a8d9001d01721d7cdd";"";"5f3bb7a8d9001d01721d7cdd";"DTU Department of Applied Mathematics and Computer Science";"sorbit";"sorbit";"IT vulnerabilities with timing from Global Navigation Satellite Systems|Sarbarheder i Satellitbaserede tidsopdateringer"
"";"dtu|dtupub|third_party";"";"2022-01-03T13:16:45.451Z";"Alvarez, Javier Perez-Escariz";"";"2595488083";"";"dtu";"2020";"";"";"";"";"thesis";"dtu|dtu_electronic|dtupub_external";"";"";"";"";"";"";"";"";"";"";"";"";"";"";"";"";"und";"5f1eb6c6d9001d016b4e20b4";"";"5f1eb6c6d9001d016b4e20b4";"DTU Department of Electrical and Photonics Engineering";"sorbit";"sorbit";"Evaluation of communication technologies for Internet of Things|Evaluering af kommunikationsteknologier for Internet of Things"
"";"dtu|dtupub|third_party";"";"2022-01-06T23:54:31.593Z";"Heijne, Yannick Christopher";"";"2597420367";"";"dtu";"2020";"";"";"";"";"thesis";"dtu|dtu_electronic|dtupub|dtupub_electronic";"";"";"";"";"";"";"";"";"";"";"";"";"";"";"";"";"und";"5f5b5b79d9001d01706cbc8e";"";"5f5b5b79d9001d01706cbc8e";"DTU Department of Wind and Energy Systems";"sorbit";"sorbit";"Detection of cup anemometer anomalies using machine learning|Detektering af kop anemometer fejl ved hjælpe af kunstig intelligens"
"";"dtu|dtupub|third_party";"";"2022-01-03T13:16:36.729Z";"Rodrigo, Ignacio Agudo";"";"2597891923";"";"dtu";"2020";"";"";"";"";"thesis";"dtu|dtu_electronic|dtupub_external";"";"";"";"";"";"";"";"";"";"";"";"";"";"";"";"";"und";"5f69dd97d9001d0169506015";"";"5f69dd97d9001d0169506015";"DTU Department of Technology, Management and Economics";"sorbit";"sorbit";"Data-driven prediction of trading signals in energy markets with machine learning|Datadrevet forudsigelse af handelssignaler pa energimarkeder med machine learning"
"";"dtu|dtupub|third_party";"";"2022-01-03T13:13:18.284Z";"Rasmussen, Bodil Holdt";"";"2597470183";"";"dtu";"2020";"";"";"";"";"thesis";"dtu|dtu_electronic|dtupub_external";"";"";"";"";"";"";"";"";"";"";"";"";"";"";"";"";"und";"5f5dfe77d9001d01706cbcb3";"";"5f5dfe77d9001d01706cbcb3";"DTU Department of Wind and Energy Systems";"sorbit";"sorbit";"White Etching Crack resistance of case hardened bearing steel|Modstandsdygtighed af overfladehærdede lejestal over for White Etching Crack"
"";"dtu|dtupub|third_party";"";"2022-01-03T13:05:21.257Z";"Raj, Athish Raj Sunil";"";"2451175807";"";"dtu";"2019";"";"";"";"";"thesis";"dtu|dtu_electronic|dtupub|dtupub_electronic";"";"";"";"";"";"";"";"";"";"";"";"";"";"";"";"";"und";"5d456c14d9001d32f558c4a1";"";"5d456c14d9001d32f558c4a1";"DTU Department of Wind and Energy Systems";"sorbit";"sorbit";"Extreme wave force predictions for monopiles: Validation of a pressure impulse model against experiments|Ekstrembølgelaster for monopæle. Validering af en tryk-impuls model mod forsøg."
"";"dtu|dtupub|third_party";"";"2022-01-06T23:56:31.044Z";"Ghosh, Sujay";"";"2453302250";"";"dtu";"2019";"";"";"";"";"thesis";"dtu|dtu_electronic|dtupub|dtupub_electronic";"";"";"";"";"";"";"";"";"";"";"";"";"";"";"";"";"und";"5d6a55fbd9001d452b768633";"";"5d6a55fbd9001d452b768633";"DTU Department of Electrical Engineering";"sorbit";"sorbit";"Real time fault detection using travelling wave fault locator for offshore wind farm cables|Real time fault detection using travelling wave fault locator for offshore wind farm cables"
"";"dtu|dtupub|third_party";"";"2022-01-03T13:05:47.697Z";"Monsalves, Juan Jesús Jerez";"";"2452682879";"";"dtu";"2019";"";"";"";"";"thesis";"dtu|dtu_electronic|dtupub|dtupub_electronic";"";"";"";"";"";"";"";"";"";"";"";"";"";"";"";"";"und";"5d59328ed9001d05d7613b28";"";"5d59328ed9001d05d7613b28";"DTU Department of Civil and Mechanical Engineering";"sorbit";"sorbit";"Solar thermal energy powered multi-generation systems based on the organic Rankine cycle technology|Multigenerationssystemer drevet af termisk solenergi, baseret pa organisk Rankine-cyklusteknologi"
"";"dtu|dtupub|third_party";"";"2022-01-03T13:13:42.096Z";"Larsen, Marc Storm|Mortensen, Mathias Peter Viekær";"";"2489514287";"";"dtu";"2019";"";"";"";"";"thesis";"dtu|dtu_electronic|dtupub|dtupub_electronic";"";"";"";"";"";"";"";"";"";"";"";"";"";"";"";"";"und";"5e341990d9001d01573c14cd";"";"5e341990d9001d01573c14cd";"DTU Department of Applied Mathematics and Computer Science";"sorbit";"sorbit";"Graph-based data repository with provenance-preserving confidentiality and integrity policies|Graf-baseret data depot med proveniens-bevarende fortroligheds- og integritetspolitikker"
"";"dtu|dtupub|third_party";"";"2022-01-06T23:56:32.716Z";"Paidis, Konstantinos|Carnazzola, Matteo";"";"2521331991";"";"dtu";"2020";"";"";"";"";"thesis";"dtu|dtu_electronic|dtupub_external";"";"";"";"";"";"";"";"";"";"";"";"";"";"";"";"";"und";"5e79f8fdd9001d8ba34d1da1";"";"5e79f8fdd9001d8ba34d1da1";"DTU Department of Electrical Engineering";"sorbit";"sorbit";"Advanced forecasting and trading of wind power generation in electricity markets|Advanced forecasting and trading of wind power generation in electricity markets"
"";"dtu|dtupub|third_party";"";"2022-01-03T13:16:34.042Z";"Lin, Meimei";"";"2604853725";"";"dtu";"2020";"";"";"";"";"thesis";"dtu|dtu_electronic|dtupub_external";"";"";"";"";"";"";"";"";"";"";"";"";"";"";"";"";"und";"5f99604fd9001d016970fea0";"";"5f99604fd9001d016970fea0";"DTU Department of Civil and Mechanical Engineering";"sorbit";"sorbit";"Additive Manufacturing of Functionally Classified Multi-Material Composites|Additivfremstilling af funktionelt klassificerede multimateriale kompositter"
"";"dtu|dtupub|third_party";"";"2022-01-03T13:13:23.933Z";"Sindlinger, Jonas";"";"2597319256";"";"dtu";"2020";"";"";"";"";"thesis";"dtu|dtu_electronic|dtupub|dtupub_electronic";"";"";"";"";"";"";"";"";"";"";"";"";"";"";"";"";"und";"5f58b87fd9001d01706cbc54";"";"5f58b87fd9001d01706cbc54";"DTU Department of Biotechnology and Biomedicine";"sorbit";"sorbit";"Exploring proteome adaptation of Escherichia coli to environmental changes from a quantitative perspective|Exploring proteome adaptation of Escherichia coli to environmental changes from a quantitative perspective"
"";"dtu|dtupub|third_party";"";"2022-01-03T13:13:23.101Z";"Pintz, Bernadett";"";"2596765978";"";"dtu";"2020";"";"";"";"";"thesis";"dtu|dtu_electronic|dtupub_external";"";"";"";"";"";"";"";"";"";"";"";"";"";"";"";"";"und";"5f46437cd9001d01721d7deb";"";"5f46437cd9001d01721d7deb";"DTU Department of Technology, Management and Economics";"sorbit";"sorbit";"Reducing cost and emissions in logistics through digitalization and collaboration|Reduktion af omkostninger og CO2 udledning indenfor transport ved hjælp af digitalisering og samarbejde mellem virksomheder"
"";"dtu|dtupub|third_party";"";"2022-01-03T13:13:20.873Z";"Tsotakos, Nikolaos";"";"2594465490";"";"dtu";"2020";"";"";"";"";"thesis";"dtu|dtu_electronic|dtupub|dtupub_electronic";"";"";"";"";"";"";"";"";"";"";"";"";"";"";"";"";"und";"5eff12c9d9001d0169116fa5";"";"5eff12c9d9001d0169116fa5";"DTU Department of Wind and Energy Systems";"sorbit";"sorbit";"Improving Floating Wind Turbine Yaw Control using Individual Pitch Control|Forbedring af flydende vindmøllekontrol ved hjælp af individuel tonestyring"
"";"dtu|dtupub|third_party";"";"2022-01-03T13:16:47.251Z";"Andersen, Erik";"";"2595758326";"";"dtu";"2020";"";"";"";"";"thesis";"dtu|dtu_electronic|dtupub|dtupub_electronic";"";"";"";"";"";"";"";"";"";"";"";"";"";"";"";"";"und";"5f269fbad9001d016b4e230b";"";"5f269fbad9001d016b4e230b";"DTU Department of Physics";"sorbit";"sorbit";"Atomic-scale simulations of ferromagnetic two-dimensional materials|Atomar-skala simulering af ferromagnetiske to-dimensionelle materialer"
"";"dtu|dtupub|third_party";"";"2022-01-03T13:05:52.853Z";"Frederiksen, Helene Cecilie Kiilerich";"";"2604853530";"";"dtu";"2020";"";"";"";"";"thesis";"dtu|dtu_electronic|dtupub|dtupub_electronic";"";"";"";"";"";"";"";"";"";"";"";"";"";"";"";"";"und";"5f996044d9001d016970fe69";"";"5f996044d9001d016970fe69";"DTU Department of Biotechnology and Biomedicine";"sorbit";"sorbit";"Characterization of the metabolic interaction of co-cultures between Botrytis, Monilinia, Penicillium, and Trichothecium on apples|Karakterisering af den metabolske interaktion i co kulturer af Botrytis, Monilinia, Penicillium og Trichothecium pa æbler"
"";"dtu|dtupub|third_party";"";"2022-01-03T13:16:59.070Z";"Rao, Jyothsna Murli";"";"2597481473";"";"dtu";"2020";"";"";"";"";"thesis";"dtu|dtu_electronic|dtupub_external";"";"";"";"";"";"";"";"";"";"";"";"";"";"";"";"";"und";"5f5f5013d9001d01706cbd28";"";"5f5f5013d9001d01706cbd28";"DTU Department of Civil and Mechanical Engineering";"sorbit";"sorbit";"Detailed investigation of humidity robustness of Zinc-Air batteries|Palidelighed af Zink-luft-batterier under fugtbetingelser"
"";"dtu|dtupub|third_party";"";"2022-01-03T13:13:42.198Z";"Møller, Vilhelm Krarup";"";"2497102215";"";"dtu";"2020";"";"";"";"";"thesis";"dtu|dtu_electronic|dtupub_external";"";"";"";"";"";"";"";"";"";"";"";"";"";"";"";"";"und";"5e5cf808d9001d01632c0031";"";"5e5cf808d9001d01632c0031";"DTU Department of Biotechnology and Biomedicine";"sorbit";"sorbit";"Build and design a bioreactor for chemostat|Bygge og designe en bioreaktor for chemostat"
"";"dtu|dtupub|third_party";"";"2022-01-03T13:05:23.794Z";"Nielsen, Mette Noll";"";"2489514649";"";"dtu";"2019";"";"";"";"";"thesis";"dtu|dtu_electronic|dtupub_external";"";"";"";"";"";"";"";"";"";"";"";"";"";"";"";"";"und";"5e3419a6d9001d01573c150b";"";"5e3419a6d9001d01573c150b";"DTU DTU National Food Institute";"sorbit";"sorbit";"Production and stabilization of oil in water multi-layer emulsion containing sodium caseinate and citrus fiber|Produktion og stabilisering af olie i vand multi-lags emulsion, indeholdende natriumkaseinat og citrus fibre"
"";"dtu|dtupub|third_party";"";"2022-01-03T13:05:53.272Z";"Joshi, Shreya Suhas";"";"2596065963";"";"dtu";"2020";"";"";"";"";"thesis";"dtu|dtu_electronic|dtupub_external";"";"";"";"";"";"";"";"";"";"";"";"";"";"";"";"";"und";"5f312bb5d9001d016b4e2417";"";"5f312bb5d9001d016b4e2417";"DTU Department of Biotechnology and Biomedicine";"sorbit";"sorbit";"The design and development of a human anti-dengue IgG and IgM immunomagnetic assay|Design og udvikling af humant anti-dengue IgG og IgM immunomagnetisk assay"
"";"dtu|dtupub|third_party";"";"2022-01-03T13:05:28.019Z";"Strand, Josephine Frederikke Landberg";"";"2598891020";"";"dtu";"2020";"";"";"";"";"thesis";"dtu|dtu_electronic|dtupub_external";"";"";"";"";"";"";"";"";"";"";"";"";"";"";"";"";"und";"5f7ef4c2d9001d01700258f3";"";"5f7ef4c2d9001d01700258f3";"DTU Department of Biotechnology and Biomedicine";"sorbit";"sorbit";"Rapid measurement of phenolics in grapes for wine production|Hurtigmetode til maling af phenoler i druer til vinproduktion"
"";"dtu|dtupub|third_party";"";"2022-01-03T13:16:33.451Z";"Madsen, Christian Degnbol";"";"2451182432";"";"dtu";"2019";"";"";"";"";"thesis";"dtu|dtu_electronic|dtupub|dtupub_electronic";"";"";"";"";"";"";"";"";"";"";"";"";"";"";"";"";"und";"5d46bd61d9001d32f558c4a5";"";"5d46bd61d9001d32f558c4a5";"DTU Department of Biotechnology and Biomedicine";"sorbit";"sorbit";"Regulatory pathway inference using gene expression from knock-out studies|Inferens af regulatoriske signalveje ved brug af genekspression fra knockout-studier"
"";"dtu|dtupub|third_party";"";"2022-01-03T13:16:37.043Z";"Hansen, Stephanie Thea";"";"2450280103";"";"dtu";"2019";"";"";"";"";"thesis";"dtu|dtu_electronic|dtupub|dtupub_electronic";"";"";"";"";"";"";"";"";"";"";"";"";"";"";"";"";"und";"5d1c8d65d9001d146569a49e";"";"5d1c8d65d9001d146569a49e";"DTU Department of Biotechnology and Biomedicine";"sorbit";"sorbit";"Chitinolytic bacteria from insectivores|Chitinolytiske bakterier fra insektivorer"
"";"dtu|dtupub|third_party";"";"2022-01-03T13:16:35.948Z";"Maksimov, Oleksandr";"";"2596642670";"";"dtu";"2020";"";"";"";"";"thesis";"dtu|dtu_electronic|dtupub_external";"";"";"";"";"";"";"";"";"";"";"";"";"";"";"";"";"und";"5f40fd72d9001d01721d7d7d";"";"5f40fd72d9001d01721d7d7d";"DTU Department of Applied Mathematics and Computer Science";"sorbit";"sorbit";"Multivariate Statistical Data Analysis in Drilling Operations|Multivariat Statistisk Dataanalyse i Boreoperationer"
"";"dtu|dtupub|third_party";"";"2022-01-03T13:04:56.278Z";"Hannani, Monica Toft";"";"2444215413";"";"dtu";"2019";"";"";"";"";"thesis";"dtu|dtu_electronic|dtupub|dtupub_electronic";"";"";"";"";"";"";"";"";"";"";"";"";"";"";"";"";"und";"5c752d2ed9001d016d4b58b4";"";"5c752d2ed9001d016d4b58b4";"DTU Department of Bio and Health Informatics";"sorbit";"sorbit";"Unraveling of the regulatory effects of ibuprofen in professional athlete’s skeletal muscle recovery|Kortlægning af de regulatoriske effekter af ibuprofen pa professionelle atleters restitution af skeletmuskulatur"
"";"dtu|dtupub|third_party";"";"2022-01-03T13:13:24.565Z";"Ariyasinghe, Withanage Malmindi Srimale|Kurukuladithya, Handunkuttihettige Don Shamal Surain";"";"2610630901";"";"dtu";"2020";"";"";"";"";"thesis";"dtu|dtu_electronic|dtupub|dtupub_electronic";"";"";"";"";"";"";"";"";"";"";"";"";"";"";"";"";"und";"5fef11c8d9001d016c586153";"";"5fef11c8d9001d016c586153";"DTU Department of Health Technology";"sorbit";"sorbit";"Pressure gradient estimation using ultrasound|Trykgradient estimation med ultralyd"
"";"dtu|dtupub|third_party";"";"2022-01-06T23:54:31.639Z";"Sandoval, Mario Alfredo Montoya";"";"2597481411";"";"dtu";"2020";"";"";"";"";"thesis";"dtu|dtu_electronic|dtupub|dtupub_electronic";"";"";"";"";"";"";"";"";"";"";"";"";"";"";"";"";"und";"5f5f5008d9001d01706cbd07";"";"5f5f5008d9001d01706cbd07";"DTU Department of Electrical Engineering";"sorbit";"sorbit";"Characterization of acoustic material properties using the acousto-optic effect|Maling af de akustiske egenskaber af materialer med den akusto-optisk effekt"
"";"dtu|dtupub|third_party";"";"2022-01-03T13:05:52.001Z";"Meinert, Kenneth Ælkær";"";"2595422400";"";"dtu";"2020";"";"";"";"";"thesis";"dtu|dtu_electronic|dtupub_external";"";"";"";"";"";"";"";"";"";"";"";"";"";"";"";"";"und";"5f1ac232d9001d016b4e1fa9";"";"5f1ac232d9001d016b4e1fa9";"DTU Department of Civil and Mechanical Engineering";"sorbit";"sorbit";"Modelling of heat distribution during welding of ostomy wafers|Modellering af varmefordeling under svejsning af stomiplade"
"";"dtu|dtupub|third_party";"";"2022-01-03T13:13:22.240Z";"Zhang, Jie";"";"2595757895";"";"dtu";"2020";"";"";"";"";"thesis";"dtu|dtu_electronic|dtupub|dtupub_electronic";"";"";"";"";"";"";"";"";"";"";"";"";"";"";"";"";"und";"5f269fafd9001d016b4e22d8";"";"5f269fafd9001d016b4e22d8";"DTU Department of Environmental and Resource Engineering";"sorbit";"sorbit";"Quantify the contaminant mass discharge leaching out of a clayey til by a modeling approach|Kvantificere forureningsfluxen fra en moræneler til en underliggende akvifer ved brug af en transport model"
"";"dtu|dtupub|third_party";"";"2022-01-06T23:55:15.424Z";"Merola, Elena";"";"2596404216";"";"dtu";"2020";"";"";"";"";"thesis";"dtu|dtu_electronic|dtupub|dtupub_electronic";"";"";"";"";"";"";"";"";"";"";"";"";"";"";"";"";"und";"5f3bb7a7d9001d01721d7cd4";"";"5f3bb7a7d9001d01721d7cd4";"DTU Department of Environmental and Resource Engineering";"sorbit";"sorbit";"Informing a stream temperature model with airborne thermal images – the Usserød case, Denmark|Modellering af temperatur i floder med luftbarne termiske billeder - anvendelse i Usserød A, Danmark"
"";"dtu|dtupub|third_party";"";"2022-01-11T08:43:52.215Z";"Nielsen, Marcus Krogh";"";"2448777771";"";"dtu";"2019";"";"";"";"";"thesis";"dtu|dtu_electronic|dtupub_external";"";"";"";"";"";"";"";"";"";"";"";"";"";"";"";"";"und";"5cf8f4dfd9001d010a45c009";"";"5cf8f4dfd9001d010a45c009";"DTU Department of Applied Mathematics and Computer Science";"sorbit";"sorbit";"Applications of Model Predictive Control|Anvendelser af model prædiktiv regulering"
"";"dtu|dtupub|third_party";"";"2022-01-06T23:55:06.901Z";"Christoffersen, Grith";"";"2443988054";"";"dtu";"2019";"";"";"";"";"thesis";"dtu|dtu_electronic|dtupub|dtupub_electronic";"";"";"";"";"";"";"";"";"";"";"";"";"";"";"";"";"und";"5c66ac9dd9001d016f390371";"";"5c66ac9dd9001d016f390371";"DTU Department of Civil and Mechanical Engineering";"sorbit";"sorbit";"Laboratory scale CFD simulation of wave breaking and sediment transport|CFD-simulering i laboratorieskala af brydende bølger og sedimenttransport"
"";"dtu|dtupub|third_party";"";"2022-01-03T13:05:52.013Z";"Blake, Christopher";"";"2598443205";"";"dtu";"2020";"";"";"";"";"thesis";"dtu|dtu_electronic|dtupub|dtupub_electronic";"";"";"";"";"";"";"";"";"";"";"";"";"";"";"";"";"und";"5f74556dd9001d5518098adb";"";"5f74556dd9001d5518098adb";"DTU Department of Biotechnology and Biomedicine";"sorbit";"sorbit";"Studying B. subtilis root colonization of different plant species|Et studium af B. subtilis rodkolonisering af forskellige plantearter"
"";"dtu|dtupub|third_party";"";"2022-01-03T13:13:42.116Z";"Brunak, Karla";"";"2489514290";"";"dtu";"2019";"";"";"";"";"thesis";"dtu|dtu_electronic|dtupub|dtupub_electronic";"";"";"";"";"";"";"";"";"";"";"";"";"";"";"";"";"und";"5e341994d9001d01573c14d9";"";"5e341994d9001d01573c14d9";"DTU Department of Electrical Engineering";"sorbit";"sorbit";"Optimisation of the energy system in Aasiaat, Greenland, by integration of renewable energy|Optimering af energisystemet i Aasiaat, Grønland, ved integration af vedvarende energi"
"";"dtu|dtupub|third_party";"";"2022-01-03T13:13:17.818Z";"Pind, Christopher Holten";"";"2597420413";"";"dtu";"2020";"";"";"";"";"thesis";"dtu|dtu_electronic|dtupub|dtupub_electronic";"";"";"";"";"";"";"";"";"";"";"";"";"";"";"";"";"und";"5f5b5b7fd9001d01706cbca2";"";"5f5b5b7fd9001d01706cbca2";"DTU Department of Applied Mathematics and Computer Science";"sorbit";"sorbit";"Debugging in Model Based Software Engineering – Designing a debugging framework for the ECNO tool|Debugging i Modelbaseret Softwareudvikling – Design af et debugging-framework til ECNO toolet"
"";"dtu|dtupub|third_party";"";"2022-01-06T23:54:28.655Z";"Bundgaard, Søren";"";"2548157493";"";"dtu";"2020";"";"";"";"";"thesis";"dtu|dtu_electronic|dtupub|dtupub_electronic";"";"";"";"";"";"";"";"";"";"";"";"";"";"";"";"";"und";"5ed4e271d9001d01696a4583";"";"5ed4e271d9001d01696a4583";"DTU Department of Civil and Mechanical Engineering";"sorbit";"sorbit";"Sandwich Disbond Damage Thresholds in Aircraft Components|Sandwich debond skadesniveauer i flykomponenter"
"";"dtu|dtupub|third_party";"";"2022-01-03T13:16:55.572Z";"Thydal, Tobias";"";"2525036799";"";"dtu";"2020";"";"";"";"";"thesis";"dtu|dtu_electronic|dtupub|dtupub_electronic";"";"";"";"";"";"";"";"";"";"";"";"";"";"";"";"";"und";"5e81d3f3d9001d01923ead6a";"";"5e81d3f3d9001d01923ead6a";"DTU Department of Electrical Engineering";"sorbit";"sorbit";"Experimental validation and uncertainty quantification of boundary conditions in high-order finite element room acoustic simulations|Eksperimentel validering og usikkerhedskvantificering af randbetingelser i højere-ordens finite element rumakustik simuleringer"
"";"dtu|dtupub|third_party";"";"2022-01-03T13:05:44.127Z";"Petersen, Martin Hatting";"";"2453338068";"";"dtu";"2019";"";"";"";"";"thesis";"dtu|dtu_electronic|dtupub|dtupub_electronic";"";"";"";"";"";"";"";"";"";"";"";"";"";"";"";"";"und";"5d6e4aadd9001d66e8021842";"";"5d6e4aadd9001d66e8021842";"DTU Department of Applied Mathematics and Computer Science";"sorbit";"sorbit";"Question answering with deep learning|Dyb læring for spørgsmal svar"
"";"dtu|dtupub|third_party";"";"2022-01-03T13:13:19.587Z";"Mohammadi, Milad";"";"2488745755";"";"dtu";"2020";"";"";"";"";"thesis";"dtu|dtu_electronic|dtupub_external";"";"";"";"";"";"";"";"";"";"";"";"";"";"";"";"";"und";"5e32e222d9001d01573c14c1";"";"5e32e222d9001d01573c14c1";"DTU Department of Chemistry";"sorbit";"sorbit";"Modelling and optimization of a stimulation treatment in a Danish north sea field|Modellering og optimering af en stimuleringsbehandling i et dansk Nordsø- felt"
"";"dtu|dtupub|third_party";"";"2022-01-03T13:16:33.459Z";"Kjær, Ola Hovland|Fjærestrand, Mats";"";"2452917425";"";"dtu";"2019";"";"";"";"";"thesis";"dtu|dtu_electronic|dtupub|dtupub_electronic";"";"";"";"";"";"";"";"";"";"";"";"";"";"";"";"";"und";"5d650ffbd9001d452b768524";"";"5d650ffbd9001d452b768524";"DTU Department of Civil Engineering";"sorbit";"sorbit";"Shear behaviour of arch-shaped concrete members|Forskydning i bueformede beton elementer"
"";"dtu|dtupub|third_party";"";"2022-01-03T13:05:41.319Z";"Håkan-Mose, Mathias";"";"2444066434";"";"dtu";"2019";"";"";"";"";"thesis";"dtu|dtu_electronic|dtupub|dtupub_electronic";"";"";"";"";"";"";"";"";"";"";"";"";"";"";"";"";"und";"5c6bf291d9001d01834fbc37";"";"5c6bf291d9001d01834fbc37";"DTU Department of Civil Engineering";"sorbit";"sorbit";"Sustainable adiabatic cooling for schools using harvested rainwater|Bæredygtig adiabatisk køling i skoler med regnvand"
"";"dtu|dtupub|third_party";"";"2022-01-03T13:13:17.779Z";"Schledorn, Amos";"";"2463007408";"";"dtu";"2019";"";"";"";"";"thesis";"dtu|dtu_electronic|dtupub|dtupub_electronic";"";"";"";"";"";"";"";"";"";"";"";"";"";"";"";"";"und";"5d860573d9001d016b47bd22";"";"5d860573d9001d016b47bd22";"DTU Department of Technology, Management and Economics";"sorbit";"sorbit";"Stochastic Bi-Objective Power System Planning: A Case Study on the European ETS|Stokastisk bi-objektiv elsystemplanlægning: Et case studie af EU's ETS system"
"";"dtu|dtupub|third_party";"";"2022-01-03T13:05:40.024Z";"Kristensen, Thea";"";"2443604288";"";"dtu";"2019";"";"";"";"";"thesis";"dtu|dtu_electronic|dtupub|dtupub_electronic";"";"";"";"";"";"";"";"";"";"";"";"";"";"";"";"";"und";"5c5437e7d9001d022261d964";"";"5c5437e7d9001d022261d964";"DTU Department of Biotechnology and Biomedicine";"sorbit";"sorbit";"Sequencing and comparative genomics of fungal species|Genomsekventering og -sammenligning af svampearter"
"";"dtu|dtupub|third_party";"";"2022-01-06T23:56:29.617Z";"Mark, Jesper Holbæk";"";"2444215410";"";"dtu";"2019";"";"";"";"";"thesis";"dtu|dtu_electronic|dtupub|dtupub_electronic";"";"";"";"";"";"";"";"";"";"";"";"";"";"";"";"";"und";"5c752d2ed9001d016d4b58b1";"";"5c752d2ed9001d016d4b58b1";"DTU Department of Applied Mathematics and Computer Science";"sorbit";"sorbit";"Mining Software Repositories: Using Change History and Process Metrics to Predict Software Bugs|Mining Software Repositories: Forudsigelse af fejlbehæftet software ved brug af procesmetrikker"
"";"dtu|dtupub|third_party";"";"2022-01-03T13:05:16.094Z";"Ohlsen, Gyde Liane";"";"2444215411";"";"dtu";"2019";"";"";"";"";"thesis";"dtu|dtu_electronic|dtupub|dtupub_electronic";"";"";"";"";"";"";"";"";"";"";"";"";"";"";"";"";"und";"5c752d2dd9001d016d4b58ad";"";"5c752d2dd9001d016d4b58ad";"DTU Department of Wind and Energy Systems";"sorbit";"sorbit";"Positioning of Danish offshore wind farms until 2030 - using Levelized Cost of Energy (LCoE)|Placering af danske offshore vindmølleparker frem til 2030 under hensyn til Levelized Cost of Energy (LCoE)"
"";"dtu|dtupub|third_party";"";"2022-01-03T13:05:13.291Z";"Suhr, Jacob";"";"2446627964";"";"dtu";"2019";"";"";"";"";"thesis";"dtu|dtu_electronic|dtupub|dtupub_electronic";"";"";"";"";"";"";"";"";"";"";"";"";"";"";"";"";"und";"5cbbc0d8d9001d016b475afd";"";"5cbbc0d8d9001d016b475afd";"DTU Department of Civil and Mechanical Engineering";"sorbit";"sorbit";"Efficient evaluation of nonlinear excitation and hydrostatic forces on a barge-like wave energy device|Effektiv beregning af ikke lineær eksitations og hydrostatiske krafter pa et pram formede bølgeenergi anlæg."
"";"dtu|dtupub|third_party";"";"2022-01-03T13:05:34.616Z";"Silau, Harald";"";"2451028680";"";"dtu";"2019";"";"";"";"";"thesis";"dtu|dtu_electronic|dtupub|dtupub_electronic";"";"";"";"";"";"";"";"";"";"";"";"";"";"";"";"";"und";"5d3d8359d9001d32f558c15d";"";"5d3d8359d9001d32f558c15d";"DTU Department of Chemical and Biochemical Engineering";"sorbit";"sorbit";"Preparation of polymer solutions for 3D printing|Fremstilling af polymer opløsninger til 3D printning"
"";"dtu|dtupub|third_party";"";"2022-01-03T13:13:17.770Z";"Justsen, Stine";"";"2450280350";"";"dtu";"2019";"";"";"";"";"thesis";"dtu|dtu_electronic|dtupub|dtupub_electronic";"";"";"";"";"";"";"";"";"";"";"";"";"";"";"";"";"und";"5d1c8d7ad9001d146569a4df";"";"5d1c8d7ad9001d146569a4df";"DTU Department of Electrical Engineering";"sorbit";"sorbit";"Fast Sequences for Magnetic Resonance Current Density Imaging|Hurtige metoder til maling af strømtæthed ved Magnetisk Resonans billeddannelse"
"";"dtu|dtupub|third_party";"";"2022-01-03T13:16:53.586Z";"Salman, Ali Hussain Ali Al";"";"2463547204";"";"dtu";"2019";"";"";"";"";"thesis";"dtu|dtu_electronic|dtupub_external";"";"";"";"";"";"";"";"";"";"";"";"";"";"";"";"";"und";"5d8dee77d9001d667441a501";"";"5d8dee77d9001d667441a501";"DTU Department of Civil Engineering";"sorbit";"sorbit";"Papirtårnet, a 22 storey building. Structural design of the bracing system|Papirtarnet, 22 etagers byggeri. Ingeniørmæssig projektering af bygningens afstivende system."
"";"dtu|dtupub|third_party";"";"2022-01-03T13:13:21.741Z";"Puggaard, Johannes Gamborg";"";"2595125700";"";"dtu";"2020";"";"";"";"";"thesis";"dtu|dtu_electronic|dtupub_external";"";"";"";"";"";"";"";"";"";"";"";"";"";"";"";"";"und";"5f1187bed9001d016b4e1e5b";"";"5f1187bed9001d016b4e1e5b";"DTU Department of Chemical and Biochemical Engineering";"sorbit";"sorbit";"Quantifying potential of optimisation in a pharmaceutical downstream factory|Kvantificering af optimeringspotentiale i en farmaceutisk oprensningsfabrik"
"";"dtu|dtupub|third_party";"";"2022-01-06T23:56:32.757Z";"Schou-Jensen, Julie";"";"2525226525";"";"dtu";"2020";"";"";"";"";"thesis";"dtu|dtu_electronic|dtupub_external";"";"";"";"";"";"";"";"";"";"";"";"";"";"";"";"";"und";"5e8476edd9001d0ae019bed1";"";"5e8476edd9001d0ae019bed1";"DTU Department of Health Technology";"sorbit";"sorbit";"Needle tissue interactions in relation to design of shield activated pen devices|Interaktion mellem nal og væv i relation til skjoldaktiverede devices"
"";"dtu|dtupub|third_party";"";"2022-01-03T13:16:30.594Z";"Mortensen, Line Karin";"";"2598443204";"";"dtu";"2020";"";"";"";"";"thesis";"dtu|dtu_electronic|dtupub|dtupub_electronic";"";"";"";"";"";"";"";"";"";"";"";"";"";"";"";"";"und";"5f745567d9001d5518098ad8";"";"5f745567d9001d5518098ad8";"DTU Department of Applied Mathematics and Computer Science";"sorbit";"sorbit";"Development of a Spectral Element Nonlinear Wave-Body solver|Udvikling af en Spectral Element Ikke-linear bølge-struktur løser"
"";"dtu|dtupub|third_party";"";"2022-01-03T13:16:34.118Z";"Möller, Morlin";"";"2451028917";"";"dtu";"2019";"";"";"";"";"thesis";"dtu|dtu_electronic|dtupub|dtupub_electronic";"";"";"";"";"";"";"";"";"";"";"";"";"";"";"";"";"und";"5d3d8398d9001d32f558c1f8";"";"5d3d8398d9001d32f558c1f8";"DTU DTU National Food Institute";"sorbit";"sorbit";"Endocrine disrupting effects of organophosphate flame retardants|Hormonforstyrrende effekter af organophosphat-flammehæmmere"
"";"dtu|dtupub|third_party";"";"2022-01-03T13:13:42.161Z";"Karpf, Ida Emilie";"";"2489514637";"";"dtu";"2020";"";"";"";"";"thesis";"dtu|dtu_electronic|dtupub_external";"";"";"";"";"";"";"";"";"";"";"";"";"";"";"";"";"und";"5e3419a0d9001d01573c14f0";"";"5e3419a0d9001d01573c14f0";"DTU Department of Technology, Management and Economics";"sorbit";"sorbit";"Front end exploration of opportunities for future translation solutions within a municipality context|Front end exploration of opportunities for future translation solutions within a municipality context"
"";"dtu|dtupub|third_party";"";"2022-01-03T13:16:57.726Z";"Indrebø, Andreas";"";"2595488057";"";"dtu";"2020";"";"";"";"";"thesis";"dtu|dtu_electronic|dtupub|dtupub_electronic";"";"";"";"";"";"";"";"";"";"";"";"";"";"";"";"";"und";"5f1eb6bcd9001d016b4e2079";"";"5f1eb6bcd9001d016b4e2079";"DTU Department of Civil and Mechanical Engineering";"sorbit";"sorbit";"Derailment analysis for high-speed trains on long-span bridges|Afsporingsanalyse for højhastighedstog pa store broer"
"";"dtu|dtupub|third_party";"";"2022-01-03T13:16:38.201Z";"Larsen, Katja Kimmer";"";"2531240542";"";"dtu";"2020";"";"";"";"";"thesis";"dtu|dtu_electronic|dtupub|dtupub_electronic";"";"";"";"";"";"";"";"";"";"";"";"";"";"";"";"";"und";"5eaab26dd9001d0166521005";"";"5eaab26dd9001d0166521005";"DTU Department of Technology, Management and Economics";"sorbit";"sorbit";"Sustainability assessment of proposed citypark in Copenhagen|Bæredygtighedsvurdering af et forslag til bypark i København"
"";"dtu|dtupub|third_party";"";"2022-01-03T13:16:34.462Z";"Montemurro, Alessandro";"";"2451029078";"";"dtu";"2019";"";"";"";"";"thesis";"dtu|dtu_electronic|dtupub|dtupub_electronic";"";"";"";"";"";"";"";"";"";"";"";"";"";"";"";"";"und";"5d3d83edd9001d32f558c2c4";"";"5d3d83edd9001d32f558c2c4";"DTU Department of Applied Mathematics and Computer Science";"sorbit";"sorbit";"Deep Learning in Electrocardiography|Deep Learning for elektrocardiografi"
"";"dtu|dtupub|third_party";"";"2022-01-06T23:54:21.827Z";"Sagredo, Irene Arrieta";"";"2444474330";"";"dtu";"2019";"";"";"";"";"thesis";"dtu|dtu_electronic|dtupub|dtupub_electronic";"";"";"";"";"";"";"";"";"";"";"";"";"";"";"";"";"und";"5c7bc47dd9001d361b4cd40d";"";"5c7bc47dd9001d361b4cd40d";"DTU Department of Electrical Engineering";"sorbit";"sorbit";"Auditory assessment of children with cochlear implant|auditiv vurdering af børn med et cochlear implantat"
"";"dtu|dtupub|third_party";"";"2022-01-03T13:16:56.781Z";"Hu, Jingshi";"";"2595476171";"";"dtu";"2020";"";"";"";"";"thesis";"dtu|dtu_electronic|dtupub|dtupub_electronic";"";"";"";"";"";"";"";"";"";"";"";"";"";"";"";"";"und";"5f1d652ed9001d016b4e1fee";"";"5f1d652ed9001d016b4e1fee";"DTU Department of Applied Mathematics and Computer Science";"sorbit";"sorbit";"ROI real-time tracking for precapillary sphincter|ROI-sporing i realtid for prækapillær sfinkter"
"";"dtu|dtupub|third_party";"";"2022-01-03T13:13:18.281Z";"Kokotas, Theodosios";"";"2451229723";"";"dtu";"2019";"";"";"";"";"thesis";"dtu|dtu_electronic|dtupub|dtupub_electronic";"";"";"";"";"";"";"";"";"";"";"";"";"";"";"";"";"und";"5d496066d9001d1f8a6c4184";"";"5d496066d9001d1f8a6c4184";"DTU Department of Technology, Management and Economics";"sorbit";"sorbit";"Kortlægning og udvikling af det strategiske landskab for en SME, med henblik på at styrke konkurrencefordele|Mapping and developing the strategic landscape for a SME, to re-gain its competitive advantage"
"";"dtu|dtupub|third_party";"";"2022-01-03T13:13:22.049Z";"Einarsdóttir, Jónína Þóra";"";"2595488046";"";"dtu";"2020";"";"";"";"";"thesis";"dtu|dtu_electronic|dtupub|dtupub_electronic";"";"";"";"";"";"";"";"";"";"";"";"";"";"";"";"";"und";"5f1eb6b9d9001d016b4e2061";"";"5f1eb6b9d9001d016b4e2061";"DTU Department of Electrical Engineering";"sorbit";"sorbit";"Acoustic satisfaction in open-plan offices: The effect of individual parameters on the user's experience|Akustisk tilfredshed i abne kontorer: Effekten af individuelle parametre pa brugerens oplevelse"
"";"dtu|dtupub|third_party";"";"2022-01-03T13:16:53.896Z";"Lopidana, Diego Tobarra Gonzalez de";"";"2451139206";"";"dtu";"2019";"";"";"";"";"thesis";"dtu|dtu_electronic|dtupub|dtupub_electronic";"";"";"";"";"";"";"";"";"";"";"";"";"";"";"";"";"und";"5d41776ed9001d32f558c39c";"";"5d41776ed9001d32f558c39c";"DTU Department of Applied Mathematics and Computer Science";"sorbit";"sorbit";"Procedurally generation of puzzle levels with adaptive difficulty|Proceduralt generering af puslespil med adaptiv vanskelighed"
"";"dtu|dtupub|third_party";"";"2022-01-03T13:16:54.855Z";"Eijkelhof, Dylan";"";"2453020901";"";"dtu";"2019";"";"";"";"";"thesis";"dtu|dtu_electronic|dtupub|dtupub_electronic";"";"";"";"";"";"";"";"";"";"";"";"";"";"";"";"";"und";"5d690472d9001d452b768600";"";"5d690472d9001d452b768600";"DTU Department of Wind and Energy Systems";"sorbit";"sorbit";"Design and optimization framework of a 3MW airborne wind energy system in terms of LCOE|Design og optimerings framework for et 3MW airborne vind energi system med hensyn til LCOE"
"";"dtu|dtupub|third_party";"";"2022-01-11T08:43:53.474Z";"Masouridis, Marios";"";"2525226570";"";"dtu";"2020";"";"";"";"";"thesis";"dtu|dtu_electronic|dtupub|dtupub_electronic";"";"";"";"";"";"";"";"";"";"";"";"";"";"";"";"";"und";"5e8476f1d9001d0ae019bedb";"";"5e8476f1d9001d0ae019bedb";"DTU Department of Space Research and Space Technology";"sorbit";"sorbit";"Design and Construction of a Continuous Wave Radar for Educational use|Design og opbygning af en continuous wave radar til uddannelsesbrug"
"";"dtu|dtupub|third_party";"";"2022-01-03T13:05:49.354Z";"Jacobsen, Martin Arentoft";"";"2494015354";"";"dtu";"2020";"";"";"";"";"thesis";"dtu|dtu_electronic|dtupub|dtupub_electronic";"";"";"";"";"";"";"";"";"";"";"";"";"";"";"";"";"und";"5e3d5408d9001d01637ca3e9";"";"5e3d5408d9001d01637ca3e9";"DTU Department of Electrical and Photonics Engineering";"sorbit";"sorbit";"Modeling thermo-optic modal instabilities in high-power fiber amplifiers with pump noise|Modellering af termo-optisk modal ustabilitet i højeffekts-fiberforstærkere med pumpestøj"
"";"dtu|dtupub|third_party";"";"2022-01-03T13:16:35.539Z";"Patne, Raghav";"";"2460637546";"";"dtu";"2019";"";"";"";"";"thesis";"dtu|dtu_electronic|dtupub_external";"";"";"";"";"";"";"";"";"";"";"";"";"";"";"";"";"und";"5d7e1c7bd9001d016f1553cb";"";"5d7e1c7bd9001d016f1553cb";"DTU Department of Applied Mathematics and Computer Science";"sorbit";"sorbit";"Convolutional Neural Networks for Raman Spectra Classification|Convolutional neurale netværk til klassifikation af Raman Spektra"
"";"dtu|dtupub|third_party";"";"2022-01-03T13:16:53.574Z";"Hansen, Josefine";"";"2450280358";"";"dtu";"2019";"";"";"";"";"thesis";"dtu|dtu_electronic|dtupub|dtupub_electronic";"";"";"";"";"";"";"";"";"";"";"";"";"";"";"";"";"und";"5d1c8d7bd9001d146569a4ec";"";"5d1c8d7bd9001d146569a4ec";"DTU Department of Biotechnology and Biomedicine";"sorbit";"sorbit";"Impact of probiotic tropodithietic acid (TDA) producing Phaeobacter piscinae on microbial community members related to aquaculture live-feed|Effekt af probiotisk tropodithietic acid (TDA) producerende Phaeobacter piscinae pa medlemmer af mikrobiomer associeret med levende foder til akvakultur"
"";"dtu|dtupub|third_party";"";"2022-01-06T23:55:15.425Z";"Holm, Frederikke Rose";"";"2596403839";"";"dtu";"2020";"";"";"";"";"thesis";"dtu|dtu_electronic|dtupub_external";"";"";"";"";"";"";"";"";"";"";"";"";"";"";"";"";"und";"5f3bb79dd9001d01721d7cc0";"";"5f3bb79dd9001d01721d7cc0";"DTU Department of Chemical and Biochemical Engineering";"sorbit";"sorbit";"Enzymatic catalyzed production of mono-glycerides|Enzymatisk katalyseret produktion af mono-glycerider"
"";"dtu|dtupub|third_party";"";"2022-01-11T08:43:51.949Z";"Poline, Ulysse Aurelien";"";"2453337454";"";"dtu";"2019";"";"";"";"";"thesis";"dtu|dtu_electronic|dtupub_external";"";"";"";"";"";"";"";"";"";"";"";"";"";"";"";"";"und";"5d6e4a79d9001d66e80217d5";"";"5d6e4a79d9001d66e80217d5";"DTU Department of Technology, Management and Economics";"sorbit";"sorbit";"Assessing early stage technical and financial feasibility of off shore windfarms: development of integrated simulation tool|Vurdere teknisk og finansiel gennemførlighed af offshore vindmølleparker pa tidligt stadium: udvikling af integreret simuleringsværktøj"
"";"dtu|dtupub|third_party";"";"2022-01-03T13:16:56.347Z";"Larsen, Benjamin";"";"2497057934";"";"dtu";"2020";"";"";"";"";"thesis";"dtu|dtu_electronic|dtupub|dtupub_electronic";"";"";"";"";"";"";"";"";"";"";"";"";"";"";"";"";"und";"5e5ba68dd9001d016b3f371f";"";"5e5ba68dd9001d016b3f371f";"DTU Department of Applied Mathematics and Computer Science";"sorbit";"sorbit";"Strong Authentication via Trusted Platforms: Integrating the use of TPMs in the FIDO U2F Protocol|Strong Authentication via Trusted Platforms: Integrating the use of TPMs in the FIDO U2F Protocol"
"";"dtu|dtupub|third_party";"";"2022-01-03T13:13:25.020Z";"Kunte, Mugdha Sanjay";"";"2597546916";"";"dtu";"2020";"";"";"";"";"thesis";"dtu|dtu_electronic|dtupub_external";"";"";"";"";"";"";"";"";"";"";"";"";"";"";"";"";"und";"5f60a17ad9001d01706cbd34";"";"5f60a17ad9001d01706cbd34";"DTU DTU National Food Institute";"sorbit";"sorbit";"Production of umami-flavored ingredient from Atlantic Cod side-stream (Gadus morhua)|Produktion af en ingrediens med umami smag fra side-strømme fra Atlantisk torsk (Gadus morhua)"
"";"dtu|dtupub|third_party";"";"2022-01-03T13:05:25.435Z";"Karstensen, Peter Iwer Hoedt";"";"2595983865";"";"dtu";"2020";"";"";"";"";"thesis";"dtu|dtu_electronic|dtupub|dtupub_electronic";"";"";"";"";"";"";"";"";"";"";"";"";"";"";"";"";"und";"5f2d3723d9001d016b4e23cc";"";"5f2d3723d9001d016b4e23cc";"DTU Department of Electrical Engineering";"sorbit";"sorbit";"An Optimization Framework for Robust Path Planning of Autonomous Ships|En optimeringsramme for robust ruteplanlægning af autonome skibe"
"";"dtu|dtupub|third_party";"";"2022-01-03T13:13:44.882Z";"Petersen, Anne Sophie Ahm";"";"2590556233";"";"dtu";"2020";"";"";"";"";"thesis";"dtu|dtu_electronic|dtupub_external";"";"";"";"";"";"";"";"";"";"";"";"";"";"";"";"";"und";"5ee8a8f4d9001d0169229127";"";"5ee8a8f4d9001d0169229127";"DTU Department of Biotechnology and Biomedicine";"sorbit";"sorbit";"Metabolic engineering of volatile compound production in thermophilic bacteria|Metabolic engineering af produktion af flygtige stoffer i thermofile bakterier"
"";"dtu|dtupub|third_party";"";"2022-01-03T13:05:14.551Z";"Muktupavela, Rasa Audange";"";"2443886291";"";"dtu";"2019";"";"";"";"";"thesis";"dtu|dtu_electronic|dtupub|dtupub_electronic";"";"";"";"";"";"";"";"";"";"";"";"";"";"";"";"";"und";"5c62b821d9001d02ce6c6a90";"";"5c62b821d9001d02ce6c6a90";"DTU National Institute of Aquatic Resources";"sorbit";"sorbit";"Copepod demography|Demografi af vandlopper"
"";"dtu|dtupub|third_party";"";"2022-01-06T23:54:23.458Z";"Strandgaard, Josefine Lange";"";"2445374366";"";"dtu";"2019";"";"";"";"";"thesis";"dtu|dtu_electronic|dtupub|dtupub_electronic";"";"";"";"";"";"";"";"";"";"";"";"";"";"";"";"";"und";"5ca5b6a2d9001d48605f3c66";"";"5ca5b6a2d9001d48605f3c66";"DTU Department of Civil and Mechanical Engineering";"sorbit";"sorbit";"Development of an impact measurement tool for the UN Sustainable Development Goals implementation in SMEs|Udvikling af et redskab til impact beregning for implementering af FN’s Verdensmal i SMV’er"
"";"dtu|dtupub|third_party";"";"2022-01-03T13:13:16.940Z";"Fredberg, Martin Bechmann";"";"2450280098";"";"dtu";"2019";"";"";"";"";"thesis";"dtu|dtu_electronic|dtupub|dtupub_electronic";"";"";"";"";"";"";"";"";"";"";"";"";"";"";"";"";"und";"5d1c8d64d9001d146569a495";"";"5d1c8d64d9001d146569a495";"DTU Department of Civil and Mechanical Engineering";"sorbit";"sorbit";"Simulation of breaking waves with Reynolds stress turbulence models|Simulering af brydende bølger med Reynolds stress turbulensmodeller"
"";"dtu|dtupub|third_party";"";"2022-01-03T13:16:52.137Z";"Farhan, Hajan Reiadh";"";"2444760385";"";"dtu";"2019";"";"";"";"";"thesis";"dtu|dtu_electronic|dtupub|dtupub_electronic";"";"";"";"";"";"";"";"";"";"";"";"";"";"";"";"";"und";"5c90dc80d9001d017d637d0d";"";"5c90dc80d9001d017d637d0d";"DTU Department of Civil Engineering";"sorbit";"sorbit";"Multi-pane glazing in frame-less windows|Flerlags ruder I rammeløse vinduer"
"";"dtu|dtupub|third_party";"";"2022-01-03T13:16:34.114Z";"Aradóttir, Erna Gudný|Thórisdóttir, Eva";"";"2451028914";"";"dtu";"2019";"";"";"";"";"thesis";"dtu|dtu_electronic|dtupub|dtupub_electronic";"";"";"";"";"";"";"";"";"";"";"";"";"";"";"";"";"und";"5d3d8395d9001d32f558c1ef";"";"5d3d8395d9001d32f558c1ef";"DTU Department of Technology, Management and Economics";"sorbit";"sorbit";"Rostering optimization in crew scheduling of bus drivers|Optimering af vagtplaner i mandskabsplanlægning for buschauffører"
"";"dtu|dtupub|third_party";"";"2022-01-03T13:05:28.021Z";"Doverman, Maria Martina";"";"2598891032";"";"dtu";"2020";"";"";"";"";"thesis";"dtu|dtu_electronic|dtupub|dtupub_electronic";"";"";"";"";"";"";"";"";"";"";"";"";"";"";"";"";"und";"5f7ef4c3d9001d01700258fa";"";"5f7ef4c3d9001d01700258fa";"DTU Department of Health Technology";"sorbit";"sorbit";"Dissecting the impact of early-life RSV infection on lung pathology upon reinfection in adult life|RSV-infektion i det tidlige livs betydning for lungepatologien ved reinfektion som voksne"
"";"dtu|dtupub|third_party";"";"2022-01-03T13:13:21.731Z";"Pedersen, Camilla Tennås";"";"2597274838";"";"dtu";"2020";"";"";"";"";"thesis";"dtu|dtu_electronic|dtupub|dtupub_electronic";"";"";"";"";"";"";"";"";"";"";"";"";"";"";"";"";"und";"5f57672bd9001d01706cbc27";"";"5f57672bd9001d01706cbc27";"DTU Department of Technology, Management and Economics";"sorbit";"sorbit";"Socio-technical analysis of the wind potential in Europe|Socio-technical analysis of the wind potential in Europe"
"";"dtu|dtupub|third_party";"";"2022-01-03T13:13:23.048Z";"Andersen, Troels Frey|Pham, Johannes Tuan Dan|Starklint, Christian Eli";"";"2596663508";"";"dtu";"2020";"";"";"";"";"thesis";"dtu|dtu_electronic|dtupub|dtupub_electronic";"";"";"";"";"";"";"";"";"";"";"";"";"";"";"";"";"und";"5f424efad9001d01721d7d9c";"";"5f424efad9001d01721d7d9c";"DTU Department of Environmental and Resource Engineering";"sorbit";"sorbit";"Roadmap to decarbonise buildings in Denmark|Roadmap til decarbonisering af bygninger i Danmark"
"";"dtu|dtupub|third_party";"";"2022-01-06T23:54:28.981Z";"Brinch, Christoffer Haug";"";"2595588329";"";"dtu";"2020";"";"";"";"";"thesis";"dtu|dtu_electronic|dtupub|dtupub_electronic";"";"";"";"";"";"";"";"";"";"";"";"";"";"";"";"";"und";"5f200846d9001d016b4e2127";"";"5f200846d9001d016b4e2127";"DTU Department of Civil Engineering";"sorbit";"sorbit";"Performance analytics and ongoing commissioning of residential ventilation and heating systems|Online præstations analyse og løbende commissioning af boligventilation og varmesystemer"
"";"dtu|dtupub|third_party";"";"2022-01-03T13:16:35.502Z";"Redondo, Hernan Gomez";"";"2460637510";"";"dtu";"2019";"";"";"";"";"thesis";"dtu|dtu_electronic|dtupub_external";"";"";"";"";"";"";"";"";"";"";"";"";"";"";"";"";"und";"5d7e1c7ad9001d016f1553c6";"";"5d7e1c7ad9001d016f1553c6";"DTU DTU National Food Institute";"sorbit";"sorbit";"Risk assessment of unintended allergen prensence in semi-finished food items|Risikovurdering af utilsigtede allergener i halvfabrikata"
"";"dtu|dtupub|third_party";"";"2022-01-03T13:13:20.677Z";"Laursen, Julie Krogsgaard|Condamine, André Agertoft";"";"2524967496";"";"dtu";"2020";"";"";"";"";"thesis";"dtu|dtu_electronic|dtupub_external";"";"";"";"";"";"";"";"";"";"";"";"";"";"";"";"";"und";"5e7f3f03d9001d01923ead61";"";"5e7f3f03d9001d01923ead61";"DTU Department of Technology, Management and Economics";"sorbit";"sorbit";"Risk evaluation of climate change impact on Novo Nordisk products|Risikovurdering af klimaforandringernes pavirkning pa Novo Nordisk produkter"
"";"dtu|dtupub|third_party";"";"2022-01-03T13:13:19.587Z";"Skaarup, Asbjørn Eller";"";"2491839336";"";"dtu";"2020";"";"";"";"";"thesis";"dtu|dtu_electronic|dtupub|dtupub_electronic";"";"";"";"";"";"";"";"";"";"";"";"";"";"";"";"";"und";"5e395f92d9001d04266dbaf1";"";"5e395f92d9001d04266dbaf1";"DTU Department of Health Technology";"sorbit";"sorbit";"Improved prediction of MHC ligand hotspots by use of Deep artificial neural networks|Forbedret forudsigelse af MHC ligand hotspots vha deep artificial neural networks"
"";"dtu|dtupub|third_party";"";"2022-01-06T23:55:16.961Z";"Leoncino, Valentina";"";"2610238122";"";"dtu";"2020";"";"";"";"";"thesis";"dtu|dtu_electronic|dtupub|dtupub_electronic";"";"";"";"";"";"";"";"";"";"";"";"";"";"";"";"";"und";"5fe33428d9001d016c586113";"";"5fe33428d9001d016c586113";"DTU Department of Civil Engineering";"sorbit";"sorbit";"Assessment of earthquake performance of retaining walls|Evaluering af jordskælv udførelse til indfatningsvægge"
"";"dtu|dtupub|third_party";"";"2022-01-03T13:13:22.393Z";"Tosun, Altug";"";"2596766039";"";"dtu";"2020";"";"";"";"";"thesis";"dtu|dtu_electronic|dtupub|dtupub_electronic";"";"";"";"";"";"";"";"";"";"";"";"";"";"";"";"";"und";"5f464388d9001d01721d7e14";"";"5f464388d9001d01721d7e14";"DTU Department of Applied Mathematics and Computer Science";"sorbit";"sorbit";"VPNs and RESIP detection|VPN'er og RESIP-detektion"
"";"dtu|dtupub|third_party";"";"2022-01-11T08:43:01.988Z";"Bøllingtoft, Anton Bo";"";"2595488030";"";"dtu";"2020";"";"";"";"";"thesis";"dtu|dtu_electronic|dtupub|dtupub_electronic";"";"";"";"";"";"";"";"";"";"";"";"";"";"";"";"";"und";"5f1eb6b1d9001d016b4e2030";"";"5f1eb6b1d9001d016b4e2030";"DTU Department of Environmental and Resource Engineering";"sorbit";"sorbit";"Quantification of uncertainties in determination of contaminant mass discharge in groundwater|Kvantificering af usikkerheder i bestemmelse af forureningsflux i grundvand"
"";"dtu|dtupub|third_party";"";"2022-01-03T13:16:34.447Z";"Villarreal, Adex Fernando Gomez";"";"2451029066";"";"dtu";"2019";"";"";"";"";"thesis";"dtu|dtu_electronic|dtupub|dtupub_electronic";"";"";"";"";"";"";"";"";"";"";"";"";"";"";"";"";"und";"5d3d83e8d9001d32f558c2aa";"";"5d3d83e8d9001d32f558c2aa";"DTU Department of Electrical Engineering";"sorbit";"sorbit";"Cognitive Robotic System for Adaptive Surveying of Marine Environment|Kognitive robotsystem til adaptiv opmaling af havmiljø"
"";"dtu|dtupub|third_party";"";"2022-01-03T13:16:33.796Z";"Sainz, Javier Gutierrez";"";"2452682869";"";"dtu";"2019";"";"";"";"";"thesis";"dtu|dtu_electronic|dtupub|dtupub_electronic";"";"";"";"";"";"";"";"";"";"";"";"";"";"";"";"";"und";"5d59328dd9001d05d7613b21";"";"5d59328dd9001d05d7613b21";"DTU Department of Technology, Management and Economics";"sorbit";"sorbit";"Integration of a Temporary Settlement into the Urban Fabric|Integration af en Midlertidig Afgørelse i Urbanstoffet"
"";"dtu|dtupub|third_party";"";"2022-01-06T23:55:11.817Z";"Østergaard, Jens";"";"2453540327";"";"dtu";"2019";"";"";"";"";"thesis";"dtu|dtu_electronic|dtupub|dtupub_electronic";"";"";"";"";"";"";"";"";"";"";"";"";"";"";"";"";"und";"5d7784ead9001d1207025673";"";"5d7784ead9001d1207025673";"DTU Department of Applied Mathematics and Computer Science";"sorbit";"sorbit";"Convex Quadratic Programming Algorithms and Software|Optimeringsalgoritmer og -software til konveks kvadratisk optimering"
"";"dtu|dtupub|third_party";"";"2022-01-06T23:54:25.839Z";"Meidahl, Arlene Desallia";"";"2463189379";"";"dtu";"2019";"";"";"";"";"thesis";"dtu|dtu_electronic|dtupub|dtupub_electronic";"";"";"";"";"";"";"";"";"";"";"";"";"";"";"";"";"und";"5d89fa04d9001d016b47bd4c";"";"5d89fa04d9001d016b47bd4c";"DTU Department of Electrical Engineering";"sorbit";"sorbit";"Flexible Arrays for Low Frequency MRI|Fleksible arrays for lavfrekvens MRI"
"";"dtu|dtupub|third_party";"";"2022-01-03T13:05:46.745Z";"Siemon, Mia Sandra Nicole";"";"2460637512";"";"dtu";"2019";"";"";"";"";"thesis";"dtu|dtu_electronic|dtupub|dtupub_electronic";"";"";"";"";"";"";"";"";"";"";"";"";"";"";"";"";"und";"5d7e1c7ad9001d016f1553c5";"";"5d7e1c7ad9001d016f1553c5";"DTU Department of Applied Mathematics and Computer Science";"sorbit";"sorbit";"Semantic segmentation for nutrition content estimation from food images using deep learning|Semantisk segmentering for næringsindhold estimering fra fødevarerbilleder ved hjælp af deep learning"
"";"dtu|dtupub|third_party";"";"2022-01-03T13:13:18.219Z";"Majumder, Swarnima";"";"2451153126";"";"dtu";"2019";"";"";"";"";"thesis";"dtu|dtu_electronic|dtupub_external";"";"";"";"";"";"";"";"";"";"";"";"";"";"";"";"";"und";"5d42c8e8d9001d32f558c3b0";"";"5d42c8e8d9001d32f558c3b0";"DTU Department of Wind and Energy Systems";"sorbit";"sorbit";"Frequency support from Hybrid Power Plant|Frekvensstøtte fra hybridkraftværk"
"";"dtu|dtupub|third_party";"";"2022-01-06T23:56:29.689Z";"Drejer, Mie Louise Elsborg";"";"2444586711";"";"dtu";"2019";"";"";"";"";"thesis";"dtu|dtu_electronic|dtupub|dtupub_electronic";"";"";"";"";"";"";"";"";"";"";"";"";"";"";"";"";"und";"5c8e397dd9001d017a0bd806";"";"5c8e397dd9001d017a0bd806";"DTU Department of Technology, Management and Economics";"sorbit";"sorbit";"Content analysis of sustainability reports to determine potential alignment between organization profiles and SDG reporting|Indholdsanalyse af bæredygtighedsrapporter for vurdering af potentiel sammenhæng mellem organisationsprofiler og SDG-rapportering"
"";"dtu|dtupub|third_party";"";"2022-01-06T23:55:15.355Z";"Ibsen, Mathias";"";"2595776818";"";"dtu";"2020";"";"";"";"";"thesis";"dtu|dtu_electronic|dtupub_external";"";"";"";"";"";"";"";"";"";"";"";"";"";"";"";"";"und";"5f27f139d9001d016b4e2330";"";"5f27f139d9001d016b4e2330";"DTU Department of Applied Mathematics and Computer Science";"sorbit";"sorbit";"Impact of Facial Tattoos on Face Recognition Systems|Effekten af ansigtstatoveringer pa ansigtsgenkendelses systemer"
"";"dtu|dtupub|third_party";"";"2022-01-03T13:13:22.163Z";"Traustadottir, Ragnheidur";"";"2595623262";"";"dtu";"2020";"";"";"";"";"thesis";"dtu|dtu_electronic|dtupub_external";"";"";"";"";"";"";"";"";"";"";"";"";"";"";"";"";"und";"5f2159bad9001d016b4e21ff";"";"5f2159bad9001d016b4e21ff";"DTU Department of Applied Mathematics and Computer Science";"sorbit";"sorbit";"Using Eye Tracking to Evaluate the Usability of the Danish Healthcare Platform|Evaluering af brugbarheden af den danske sundhedsplatform ved brug af eye tracking"
"";"dtu|dtupub|third_party";"";"2022-01-03T13:16:50.634Z";"Maridaki, Nikoleta Kolitsopoulou";"";"2444760394";"";"dtu";"2019";"";"";"";"";"thesis";"dtu|dtu_electronic|dtupub|dtupub_electronic";"";"";"";"";"";"";"";"";"";"";"";"";"";"";"";"";"und";"5c90dc85d9001d017d637d22";"";"5c90dc85d9001d017d637d22";"DTU Department of Civil Engineering";"sorbit";"sorbit";"Optimization and managing BIM coordination workflow|Optimering og styring af BIM-koordinerings workflow"
"";"dtu|dtupub|third_party";"";"2022-01-03T13:13:38.636Z";"Gade, Anne Fassing";"";"2444215435";"";"dtu";"2019";"";"";"";"";"thesis";"dtu|dtu_electronic|dtupub|dtupub_electronic";"";"";"";"";"";"";"";"";"";"";"";"";"";"";"";"";"und";"5c752d49d9001d016d4b58e8";"";"5c752d49d9001d016d4b58e8";"DTU Department of Civil Engineering";"sorbit";"sorbit";"Assessment of indoor environment and natural ventilation in semi-outdoor spaces|Vurdering af indeklima og naturlig ventilation i tredjerums bygninger"
"";"dtu|dtupub|third_party";"";"2022-01-03T13:16:34.960Z";"Johansen, Mathias Nørbæk";"";"2462436370";"";"dtu";"2019";"";"";"";"";"thesis";"dtu|dtu_electronic|dtupub|dtupub_electronic";"";"";"";"";"";"";"";"";"";"";"";"";"";"";"";"";"und";"5d80bf95d9001d19993e1b53";"";"5d80bf95d9001d19993e1b53";"DTU Department of Health Technology";"sorbit";"sorbit";"Oxygen mapping in 3D microperfused organoids|Oxygen fordeling i 3D mikro-perfunderede organoider"
"";"dtu|dtupub|third_party";"";"2022-01-06T23:54:33.060Z";"Hakso, Heidi Marianne";"";"2604911101";"";"dtu";"2020";"";"";"";"";"thesis";"dtu|dtu_electronic|dtupub_external";"";"";"";"";"";"";"";"";"";"";"";"";"";"";"";"";"und";"5f9ab1cdd9001d016970fea3";"";"5f9ab1cdd9001d016970fea3";"DTU Department of Technology, Management and Economics";"sorbit";"sorbit";"Building a Li-ion battery degradation model for Carnegie Road energy storage system matching contributions from different revenues streams|Building a Li-ion battery degradation model for Carnegie Road energy storage system matching contributions from different revenues streams"
"";"dtu|dtupub|third_party";"";"2022-01-03T13:13:16.884Z";"Nørregaard, Kirsa";"";"2446231705";"";"dtu";"2019";"";"";"";"";"thesis";"dtu|dtu_electronic|dtupub|dtupub_electronic";"";"";"";"";"";"";"";"";"";"";"";"";"";"";"";"";"und";"5cb31571d9001d01847e40c5";"";"5cb31571d9001d01847e40c5";"DTU National Institute of Aquatic Resources";"sorbit";"sorbit";"A metabarcoding study on community composition of marine microbial eukaryotes in the waters around Svalbard|Et metabarcoding studie af samfunds sammensætning af marine mikrobielle eukaryoter i havene omkring Svalbard"
"";"dtu|dtupub|third_party";"";"2022-01-03T13:05:21.297Z";"Sieferle, Lorenz";"";"2452037932";"";"dtu";"2019";"";"";"";"";"thesis";"dtu|dtu_electronic|dtupub|dtupub_electronic";"";"";"";"";"";"";"";"";"";"";"";"";"";"";"";"";"und";"5d51495fd9001d1f8a6c4217";"";"5d51495fd9001d1f8a6c4217";"DTU Department of Technology, Management and Economics";"sorbit";"sorbit";"Sustainability in Supply Chain Management – Analysis of strategy and implementation approaches of selected OEMs|Bæredygtighed i Supply Chain Management – Analyse af strategi og implementering hos udvalgte OEMs"
"";"dtu|dtupub|third_party";"";"2022-01-03T13:13:39.762Z";"Hasler, Signe Winther";"";"2453337491";"";"dtu";"2019";"";"";"";"";"thesis";"dtu|dtu_electronic|dtupub|dtupub_electronic";"";"";"";"";"";"";"";"";"";"";"";"";"";"";"";"";"und";"5d6e4a7ed9001d66e80217dd";"";"5d6e4a7ed9001d66e80217dd";"DTU Department of Electrical Engineering";"sorbit";"sorbit";"Geometrical distortions when MRI is combined with radiation therapy|Geometriske distortioner ved MR-skanning kombineret med straleterapi"
"";"dtu|dtupub|third_party";"";"2022-01-06T23:54:26.081Z";"Ibfelt, Amanda Jaconelli";"";"2496058226";"";"dtu";"2020";"";"";"";"";"thesis";"dtu|dtu_electronic|dtupub|dtupub_electronic";"";"";"";"";"";"";"";"";"";"";"";"";"";"";"";"";"und";"5e550f02d9001d0164073e84";"";"5e550f02d9001d0164073e84";"DTU Department of Civil Engineering";"sorbit";"sorbit";"Stiffness modelling of joints|Stivhedsmodellering af samlinger"
"";"dtu|dtupub|third_party";"";"2022-01-06T23:54:24.977Z";"Leffers, Ulrik";"";"2451175606";"";"dtu";"2019";"";"";"";"";"thesis";"dtu|dtu_electronic|dtupub|dtupub_electronic";"";"";"";"";"";"";"";"";"";"";"";"";"";"";"";"";"und";"5d456be5d9001d32f558c440";"";"5d456be5d9001d32f558c440";"DTU Department of Physics";"sorbit";"sorbit";"Calculation of Raman spectra of two-dimensional materials|Beregning af Raman spektra for to-dimensionelle materialer"
"";"dtu|dtupub|third_party";"";"2022-01-06T23:54:27.484Z";"Gæde, Martin Haulund";"";"2525645284";"";"dtu";"2020";"";"";"";"";"thesis";"dtu|dtu_electronic|dtupub|dtupub_electronic";"";"";"";"";"";"";"";"";"";"";"";"";"";"";"";"";"und";"5e8db16dd9001d016475f3e7";"";"5e8db16dd9001d016475f3e7";"DTU Department of Applied Mathematics and Computer Science";"sorbit";"sorbit";"Accelerated Cartesian Expansion Methods for Computational Electromagnetics|Elektromagnetiske beregninger med ‘Accelerated Cartesian Expansion’"
"";"dtu|dtupub|third_party";"";"2022-01-03T13:16:42.932Z";"Ebert, Nicholai Christian Regaard";"";"2597274430";"";"dtu";"2020";"";"";"";"";"thesis";"dtu|dtu_electronic|dtupub|dtupub_electronic";"";"";"";"";"";"";"";"";"";"";"";"";"";"";"";"";"und";"5f576703d9001d01706cbbc0";"";"5f576703d9001d01706cbbc0";"DTU Department of Chemistry";"sorbit";"sorbit";"Development of novel photo-removable protection group for carbonyls|Udvikling af ny foto-labil beskyttelsesgruppe til carbonyler"
"";"dtu|dtupub|third_party";"";"2022-01-03T13:05:48.004Z";"Majidi, Oldouz";"";"2452917517";"";"dtu";"2019";"";"";"";"";"thesis";"dtu|dtu_electronic|dtupub|dtupub_electronic";"";"";"";"";"";"";"";"";"";"";"";"";"";"";"";"";"und";"5d651012d9001d452b76855a";"";"5d651012d9001d452b76855a";"DTU Department of Applied Mathematics and Computer Science";"sorbit";"sorbit";"Joint classification in horse images|Ledklassifikation i hestebilleder"
"";"dtu|dtupub|third_party";"";"2022-01-03T13:05:42.445Z";"Plueckelmann, Rosa Helene";"";"2445374161";"";"dtu";"2019";"";"";"";"";"thesis";"dtu|dtu_electronic|dtupub_external";"";"";"";"";"";"";"";"";"";"";"";"";"";"";"";"";"und";"5ca5b566d9001d48605f3b88";"";"5ca5b566d9001d48605f3b88";"DTU Department of Chemical and Biochemical Engineering";"sorbit";"sorbit";"Development and optimisation of an industrial process for hydrolysis of sucrose|Udvikling og optimering af en industriel proces til hydrolyse af sukrose"
"";"dtu|dtupub|third_party";"";"2022-01-03T13:16:57.639Z";"Tygesen, Mathias Niemann";"";"2595125697";"";"dtu";"2020";"";"";"";"";"thesis";"dtu|dtu_electronic|dtupub|dtupub_electronic";"";"";"";"";"";"";"";"";"";"";"";"";"";"";"";"";"und";"5f1187bdd9001d016b4e1e58";"";"5f1187bdd9001d016b4e1e58";"DTU Department of Technology, Management and Economics";"sorbit";"sorbit";"Density estimation with Normalizing Flows|Density estimation with Normalizing Flows"
"";"dtu|dtupub|third_party";"";"2022-01-03T13:05:27.844Z";"Bergholt, Sofus";"";"2596798799";"";"dtu";"2020";"";"";"";"";"thesis";"dtu|dtu_electronic|dtupub_external";"";"";"";"";"";"";"";"";"";"";"";"";"";"";"";"";"und";"5f4794fbd9001d01721d7e3e";"";"5f4794fbd9001d01721d7e3e";"DTU Department of Chemical and Biochemical Engineering";"sorbit";"sorbit";"Biocatalytic process for value-added chemical production|Biocatalytisk proces for value-added kemisk produktion"
"";"dtu|dtupub|third_party";"";"2022-01-03T13:05:25.314Z";"Bond-Smith, Louis Simon";"";"2497102864";"";"dtu";"2020";"";"";"";"";"thesis";"dtu|dtu_electronic|dtupub|dtupub_electronic";"";"";"";"";"";"";"";"";"";"";"";"";"";"";"";"";"und";"5e5cf80fd9001d01632c004c";"";"5e5cf80fd9001d01632c004c";"DTU Department of Wind and Energy Systems";"sorbit";"sorbit";"Structural Health Monitoring of Wind Turbine Blades Without Additional Sensors|Strukturel overvagning af vindmøllevinger med eksisterende sensorer"
"";"dtu|dtupub|third_party";"";"2022-01-03T13:05:19.835Z";"Thomsen, Thomas Berg";"";"2525156617";"";"dtu";"2020";"";"";"";"";"thesis";"dtu|dtu_electronic|dtupub|dtupub_electronic";"";"";"";"";"";"";"";"";"";"";"";"";"";"";"";"";"und";"5e832576d9001d01923ead8b";"";"5e832576d9001d01923ead8b";"DTU Department of Civil and Mechanical Engineering";"sorbit";"sorbit";"Experimental investigation of methanol application in compression ignition engines|Eksperimentel undersøgelse af metanolanvendelse i kompressionstændings motorer"
"";"dtu|dtupub|third_party";"";"2022-01-03T13:05:49.440Z";"Palsson, Arnor Ingi";"";"2597185717";"";"dtu";"2020";"";"";"";"";"thesis";"dtu|dtu_electronic|dtupub|dtupub_electronic";"";"";"";"";"";"";"";"";"";"";"";"";"";"";"";"";"und";"5f53727bd9001d01694ab016";"";"5f53727bd9001d01694ab016";"DTU Department of Civil and Mechanical Engineering";"sorbit";"sorbit";"Using machine learning in the field of ductile fracture|Anvendelse af kunstig intelligens inden for duktilt brud"
"";"dtu|dtupub|third_party";"";"2022-01-06T23:54:33.036Z";"Holm, Nicolai Terp";"";"2598891017";"";"dtu";"2020";"";"";"";"";"thesis";"dtu|dtu_electronic|dtupub_external";"";"";"";"";"";"";"";"";"";"";"";"";"";"";"";"";"und";"5f7ef4c2d9001d01700258ee";"";"5f7ef4c2d9001d01700258ee";"DTU Department of Chemistry";"sorbit";"sorbit";"Anti corrosion coatings in the head-stem joint in modular total hip replacement implants|Antikorrosionsbehandling af forbindelsen mellem ledhoved og larbensprotese i modulære totale hofteimplantater"
"";"dtu|dtupub|third_party";"";"2022-01-06T23:54:31.635Z";"Sanchez, Helena Carla Yarritu";"";"2597481380";"";"dtu";"2020";"";"";"";"";"thesis";"dtu|dtu_electronic|dtupub|dtupub_electronic";"";"";"";"";"";"";"";"";"";"";"";"";"";"";"";"";"und";"5f5f4fffd9001d01706cbcea";"";"5f5f4fffd9001d01706cbcea";"DTU Department of Technology, Management and Economics";"sorbit";"sorbit";"Design and feasibility assessment of a bike sharing system at DTU|Design og vurdering af muligheden for et cykel-delings system pa DTU"
"";"dtu|dtupub|third_party";"";"2022-01-06T23:54:30.110Z";"Riedel, Paula";"";"2595588546";"";"dtu";"2020";"";"";"";"";"thesis";"dtu|dtu_electronic|dtupub|dtupub_electronic";"";"";"";"";"";"";"";"";"";"";"";"";"";"";"";"";"und";"5f20085dd9001d016b4e2184";"";"5f20085dd9001d016b4e2184";"DTU Department of Technology, Management and Economics";"sorbit";"sorbit";"Starting up with Support. A Case-Study on University Soft-Funding in Denmark and Germany|Starting up with Support. A Case-Study on University Soft-Funding in Denmark and Germany"
"";"dtu|dtupub|third_party";"";"2022-01-03T13:13:16.515Z";"Huang, Tao|Yang, Yunbo";"";"2452033427";"";"dtu";"2019";"";"";"";"";"thesis";"dtu|dtu_electronic|dtupub_external";"";"";"";"";"";"";"";"";"";"";"";"";"";"";"";"";"und";"5d4ff7ffd9001d1f8a6c420d";"";"5d4ff7ffd9001d1f8a6c420d";"DTU Department of Civil Engineering";"sorbit";"sorbit";"Improving energy efficiency of municipal buildings in Copenhagen|Forbedret energieffektivitet af kommunale bygninger i København"
"";"dtu|dtupub|third_party";"";"2022-01-03T13:05:22.561Z";"Bertsios, Ioannis";"";"2465062078";"";"dtu";"2019";"";"";"";"";"thesis";"dtu|dtu_electronic|dtupub|dtupub_electronic";"";"";"";"";"";"";"";"";"";"";"";"";"";"";"";"";"und";"5d9c6efbd9001d4b6967488b";"";"5d9c6efbd9001d4b6967488b";"DTU Department of Wind and Energy Systems";"sorbit";"sorbit";"Numerical study of DTU 10MW floating offshore wind turbine (FOWT) on TetraSpar platform using HAWC2 software|Numerisk studie af en DTU-TetraSpar 10MW mølle med HAWC2"
"";"dtu|dtupub|third_party";"";"2022-01-03T13:16:55.230Z";"Jakobsen, Joakim Alexander";"";"2496058534";"";"dtu";"2020";"";"";"";"";"thesis";"dtu|dtu_electronic|dtupub|dtupub_electronic";"";"";"";"";"";"";"";"";"";"";"";"";"";"";"";"";"und";"5e550f1dd9001d0164073ee7";"";"5e550f1dd9001d0164073ee7";"DTU Department of Electrical Engineering";"sorbit";"sorbit";"Optimal planning of hydrogen refueling infrastructure for enabling cleaner public transport with hydrogen buses|Optimal planlægning af infrastruktur til optankning af brintbusser for at opna renere offentlig transport"
"";"dtu|dtupub|third_party";"";"2022-01-03T13:05:25.183Z";"Jensen, Simon Møll";"";"2494993775";"";"dtu";"2020";"";"";"";"";"thesis";"dtu|dtu_electronic|dtupub|dtupub_electronic";"";"";"";"";"";"";"";"";"";"";"";"";"";"";"";"";"und";"5e468e80d9001d015a0280f4";"";"5e468e80d9001d015a0280f4";"DTU DTU National Food Institute";"sorbit";"sorbit";"Potential use of combined conventional and ohmic heating processes for semisolid food baking|Potentiel anvendelse af kombineret konventionel og ohmsk opvarmning for bagning af halvfaste fødevarer"
"";"dtu|dtupub|third_party";"";"2022-01-06T23:56:32.707Z";"Haslund, Lars Emil";"";"2519323176";"";"dtu";"2020";"";"";"";"";"thesis";"dtu|dtu_electronic|dtupub|dtupub_electronic";"";"";"";"";"";"";"";"";"";"";"";"";"";"";"";"";"und";"5e78a781d9001d81975c7f93";"";"5e78a781d9001d81975c7f93";"DTU Department of Health Technology";"sorbit";"sorbit";"Pulse wave velocity estimation using ultrasound imaging|Estimering af pulsbølgehastighed med ultralyd"
"";"dtu|dtupub|third_party";"";"2022-01-03T13:05:48.914Z";"Espinoza, Alechandrina Julieta Pereira|Jensen, Kathrine Jerl";"";"2518334401";"";"dtu";"2020";"";"";"";"";"thesis";"dtu|dtu_electronic|dtupub|dtupub_electronic";"";"";"";"";"";"";"";"";"";"";"";"";"";"";"";"";"und";"5e7755fed9001d01712988bc";"";"5e7755fed9001d01712988bc";"DTU Department of Technology, Management and Economics";"sorbit";"sorbit";"Facilitating workshops through software; sustainability as a case study|Facilitating workshops through software; sustainability as a case study"
"";"dtu|dtupub|third_party";"";"2022-01-03T13:05:25.329Z";"Nielsen, Mona Randahl";"";"2501486771";"";"dtu";"2020";"";"";"";"";"thesis";"dtu|dtu_electronic|dtupub|dtupub_electronic";"";"";"";"";"";"";"";"";"";"";"";"";"";"";"";"";"und";"5e638f7cd9001d018609a0f4";"";"5e638f7cd9001d018609a0f4";"DTU Department of Civil Engineering";"sorbit";"sorbit";"Structural design and static analysis of student housing on Østerbrogade, constructed in cross laminated timber (CLT)|Design og statisk analyse af studieboliger pa Østerbrogade, konstrueret i krydslamineret tømmer (CLT)"
"";"dtu|dtupub|third_party";"";"2022-01-03T13:13:42.184Z";"Jensen, Magnus Høegh";"";"2495783673";"";"dtu";"2020";"";"";"";"";"thesis";"dtu|dtu_electronic|dtupub|dtupub_electronic";"";"";"";"";"";"";"";"";"";"";"";"";"";"";"";"";"und";"5e4fc8ffd9001d0191679b29";"";"5e4fc8ffd9001d0191679b29";"DTU Department of Applied Mathematics and Computer Science";"sorbit";"sorbit";"Implementation of Particle Track Parameter Calculations for the ATLAS Pattern Recognition Mezzanine|Implementering af beregning af partikelspors parametre for ATLAS Pattern Recognition Mezzanine"
"";"dtu|dtupub|third_party";"";"2022-01-03T13:13:17.824Z";"Arenfeldt, Frederik";"";"2450383362";"";"dtu";"2019";"";"";"";"";"thesis";"dtu|dtu_electronic|dtupub|dtupub_electronic";"";"";"";"";"";"";"";"";"";"";"";"";"";"";"";"";"und";"5d1ddf2fd9001d2d454f0516";"";"5d1ddf2fd9001d2d454f0516";"DTU Department of Environmental and Resource Engineering";"sorbit";"sorbit";"Development of a surface water quality model: a foundation for coupling observation with simulation|Udvikling af en vandkvalitetsmodel: Et fundament for kobling observation med simulering"
"";"dtu|dtupub|third_party";"";"2022-01-03T13:13:16.855Z";"Toudahl, Karl Krøjer";"";"2452032995";"";"dtu";"2019";"";"";"";"";"thesis";"dtu|dtu_electronic|dtupub|dtupub_electronic";"";"";"";"";"";"";"";"";"";"";"";"";"";"";"";"";"und";"5d4ff7e1d9001d1f8a6c41dc";"";"5d4ff7e1d9001d1f8a6c41dc";"DTU Department of Physics";"sorbit";"sorbit";"Deposition and characterization of small mass selected entities for sustainable chemical reactions|Deponering og karakterisering af sma masseselekterede enheder til bæredygtige kemiske reaktioner"
"";"dtu|dtupub|third_party";"";"2022-01-03T13:13:20.400Z";"Kjeldsen, Phillip Krogstrup";"";"2597470191";"";"dtu";"2020";"";"";"";"";"thesis";"dtu|dtu_electronic|dtupub|dtupub_electronic";"";"";"";"";"";"";"";"";"";"";"";"";"";"";"";"";"und";"5f5dfe7dd9001d01706cbccc";"";"5f5dfe7dd9001d01706cbccc";"DTU Department of Civil and Mechanical Engineering";"sorbit";"sorbit";"Creating a digital twin of a pump during the in-operandi situation|Udvikling af digital tvilling for en pumpe i driftssituationen"
"";"dtu|dtupub|third_party";"";"2022-01-03T13:16:36.094Z";"Mattia, Alessandro";"";"2596066688";"";"dtu";"2020";"";"";"";"";"thesis";"dtu|dtu_electronic|dtupub_external";"";"";"";"";"";"";"";"";"";"";"";"";"";"";"";"";"und";"5f312bbed9001d016b4e243d";"";"5f312bbed9001d016b4e243d";"DTU Department of Civil and Mechanical Engineering";"sorbit";"sorbit";"Integration of high temperature heat pumps in brewing processes|Integration af højtemperaturvarmepumper i bryggeri"
"";"dtu|dtupub|third_party";"";"2022-01-06T23:55:09.264Z";"Øbro, Mikkel";"";"2451028920";"";"dtu";"2019";"";"";"";"";"thesis";"dtu|dtu_electronic|dtupub|dtupub_electronic";"";"";"";"";"";"";"";"";"";"";"";"";"";"";"";"";"und";"5d3d8398d9001d32f558c201";"";"5d3d8398d9001d32f558c201";"DTU Department of Applied Mathematics and Computer Science";"sorbit";"sorbit";"Conic Optimization with Exponential Cones|Konisk optimering med eksponentialkegler"
"";"dtu|dtupub|third_party";"";"2022-01-06T23:55:10.455Z";"Gotor, Javier";"";"2451091227";"";"dtu";"2019";"";"";"";"";"thesis";"dtu|dtu_electronic|dtupub_external";"";"";"";"";"";"";"";"";"";"";"";"";"";"";"";"";"und";"5d4025e8d9001d32f558c358";"";"5d4025e8d9001d32f558c358";"DTU Department of Electrical and Photonics Engineering";"sorbit";"sorbit";"Development of a shared memory for a Gigabit Layer 2 Ethernet Switch|Udvikling af en fælles hukommelse til en Gigabit Layer 2 Ethernet Switch"
"";"dtu|dtupub|third_party";"";"2022-01-06T23:55:13.429Z";"Wolter, Sofie";"";"2497101318";"";"dtu";"2020";"";"";"";"";"thesis";"dtu|dtu_electronic|dtupub|dtupub_electronic";"";"";"";"";"";"";"";"";"";"";"";"";"";"";"";"";"und";"5e5cf7ffd9001d01632c000d";"";"5e5cf7ffd9001d01632c000d";"DTU Department of Civil Engineering";"sorbit";"sorbit";"Interaction between concrete and freezing medium during accelerated freeze/thaw testing|Interaktion mellem beton og frysemedium under accelereret fryse/tø-test"
"";"dtu|dtupub|third_party";"";"2022-01-06T23:55:10.592Z";"Tarsiguel, Camille Isabelle Odette Ines";"";"2452917422";"";"dtu";"2019";"";"";"";"";"thesis";"dtu|dtu_electronic|dtupub_external";"";"";"";"";"";"";"";"";"";"";"";"";"";"";"";"";"und";"5d650ff9d9001d452b768521";"";"5d650ff9d9001d452b768521";"DTU Department of Applied Mathematics and Computer Science";"sorbit";"sorbit";"Reinforcement learning for computer vision|Forstærkning læring til computersyn"
"";"dtu|dtupub|third_party";"";"2022-01-03T13:16:28.621Z";"Tivadar, Ioana Diana";"";"2451028909";"";"dtu";"2019";"";"";"";"";"thesis";"dtu|dtu_electronic|dtupub_external";"";"";"";"";"";"";"";"";"";"";"";"";"";"";"";"";"und";"5d3d838cd9001d32f558c1df";"";"5d3d838cd9001d32f558c1df";"DTU Department of Biotechnology and Biomedicine";"sorbit";"sorbit";"Development of a fast, selective, and sensitive LC–MS/MS method for determination of D-/L-amino acids using pharmaceutical proteins as model compounds|Udvikling af en hurtig, selektiv og sensitiv LC-MS/MS metode til bestemmelse af D-/L-aminosyrer i farmaceutisk relevante proteiner"
"";"dtu|dtupub|third_party";"";"2022-01-03T13:16:35.879Z";"Koutsoupakis, Konstantinos";"";"2596065962";"";"dtu";"2020";"";"";"";"";"thesis";"dtu|dtu_electronic|dtupub_external";"";"";"";"";"";"";"";"";"";"";"";"";"";"";"";"";"und";"5f312bb5d9001d016b4e2416";"";"5f312bb5d9001d016b4e2416";"DTU Department of Civil Engineering";"sorbit";"sorbit";"Supporting the development of parametric design tools in the conceptual building design|Underbyggelse af parametriske designværktøjers udvikling i konceptuelt bygningsdesign"
"";"dtu|dtupub|third_party";"";"2022-01-06T23:56:30.515Z";"Larsen, Niels Zöga Rytter";"";"2446847430";"";"dtu";"2019";"";"";"";"";"thesis";"dtu|dtu_electronic|dtupub_external";"";"";"";"";"";"";"";"";"";"";"";"";"";"";"";"";"und";"5cc952fcd9001d01f6106adb";"";"5cc952fcd9001d01f6106adb";"DTU Department of Chemical and Biochemical Engineering";"sorbit";"sorbit";"Experimental pilot, modelling, and up-scaling of volatile organic compounds pre-cleaning, for biogas upgrading|Eksperimentelle pilot forsøg, modellering og op-skalering vedr. fjernelse af flygtige organiske stoffer i forbindelse med biogas opgradering"
"";"dtu|dtupub|third_party";"";"2022-01-03T13:13:17.774Z";"Assmann, Ingvild Reine";"";"2450280354";"";"dtu";"2019";"";"";"";"";"thesis";"dtu|dtu_electronic|dtupub_external";"";"";"";"";"";"";"";"";"";"";"";"";"";"";"";"";"und";"5d1c8d7ad9001d146569a4e6";"";"5d1c8d7ad9001d146569a4e6";"DTU Department of Technology, Management and Economics";"sorbit";"sorbit";"Development of a Tool for Measuring the SDG Impact of a Consulting Company: an Application to Rambøll Group A/S|Udvikling af et værktøj til maling af SDG-virkning af en konsulentvirksomhed: en applikation til Rambøll Gruppen A/S"
"";"dtu|dtupub|third_party";"";"2022-01-03T13:13:43.492Z";"Bompotas, Nikolaos";"";"2597447590";"";"dtu";"2020";"";"";"";"";"thesis";"dtu|dtu_electronic|dtupub|dtupub_electronic";"";"";"";"";"";"";"";"";"";"";"";"";"";"";"";"";"und";"5f5cacf6d9001d01706cbcab";"";"5f5cacf6d9001d01706cbcab";"DTU Department of Civil Engineering";"sorbit";"sorbit";"Earthquake response of pile foundations for bridges|Jordskælv opførelse af pæle fundamenter til broer."
"";"dtu|dtupub|third_party";"";"2022-01-03T13:16:56.598Z";"Maani, Arvan Vali";"";"2525469107";"";"dtu";"2020";"";"";"";"";"thesis";"dtu|dtu_electronic|dtupub_external";"";"";"";"";"";"";"";"";"";"";"";"";"";"";"";"";"und";"5e8b0e6bd9001d016475f3cf";"";"5e8b0e6bd9001d016475f3cf";"DTU Department of Civil and Mechanical Engineering";"sorbit";"sorbit";"Model-driven design of a novel, robust conductive textile to PCB connection|Model-drevet design af ny, robust konduktiv tekstil til PCB forbindelse"
"";"dtu|dtupub|third_party";"";"2022-01-03T13:05:22.584Z";"Shaheen, Mehwesh";"";"2467038928";"";"dtu";"2019";"";"";"";"";"thesis";"dtu|dtu_electronic|dtupub|dtupub_electronic";"";"";"";"";"";"";"";"";"";"";"";"";"";"";"";"";"und";"5db2d87fd9001d015f22abc3";"";"5db2d87fd9001d015f22abc3";"DTU Department of Technology, Management and Economics";"sorbit";"sorbit";"Analyzing structure and functionality of an electronic health record: Implementation of Sundhedsplatformen|Analyzing structure and functionality of an electronic health record: Implementation of Sundhedsplatformen"
"";"dtu|dtupub|third_party";"";"2022-01-03T13:16:34.062Z";"Czerniak, Kamil Edward";"";"2595356297";"";"dtu";"2020";"";"";"";"";"thesis";"dtu|dtu_electronic|dtupub|dtupub_electronic";"";"";"";"";"";"";"";"";"";"";"";"";"";"";"";"";"und";"5f181f31d9001d016b4e1f2c";"";"5f181f31d9001d016b4e1f2c";"DTU Department of Civil Engineering";"sorbit";"sorbit";"Experimental investigation of L-block tearing of external gusset plates|Eksperimentel undersøgelse af L-blokudrivning i udvendige laskeplader"
"";"dtu|dtupub|third_party";"";"2022-01-03T13:13:26.343Z";"Velasco, Alejandro Garcia-Vaquero";"";"2450542272";"";"dtu";"2019";"";"";"";"";"thesis";"dtu|dtu_electronic|dtupub|dtupub_electronic";"";"";"";"";"";"";"";"";"";"";"";"";"";"";"";"";"und";"5d21d367d9001d2d454f054d";"";"5d21d367d9001d2d454f054d";"DTU Department of Electrical Engineering";"sorbit";"sorbit";"Roll and Pitch Control of a Remotely Operated Vehicle|Roll og pitchkontrol af et fjernbetjent køretøj"
"";"dtu|dtupub|third_party";"";"2022-01-03T13:13:16.763Z";"Stentoft, Pernille Christina";"";"2444474340";"";"dtu";"2019";"";"";"";"";"thesis";"dtu|dtu_electronic|dtupub_external";"";"";"";"";"";"";"";"";"";"";"";"";"";"";"";"";"und";"5c7bc47fd9001d361b4cd417";"";"5c7bc47fd9001d361b4cd417";"DTU Department of Technology, Management and Economics";"sorbit";"sorbit";"Optimization of psychiatric patient care planning|Optimering af planlægning af psykiatri forløb"
"";"dtu|dtupub|third_party";"";"2022-01-03T13:13:20.410Z";"Laksafoss, Trygvi Zachariassen";"";"2497546897";"";"dtu";"2020";"";"";"";"";"thesis";"dtu|dtu_electronic|dtupub_external";"";"";"";"";"";"";"";"";"";"";"";"";"";"";"";"";"und";"5e60eca7d9001d016338ace8";"";"5e60eca7d9001d016338ace8";"DTU Department of Applied Mathematics and Computer Science";"sorbit";"sorbit";"Lokal kobling af dopamin neuroner|Local coupling of dopamine neurons"
"";"dtu|dtupub|third_party";"";"2022-01-06T23:54:26.088Z";"Constantinou, Ricardo Barfoed";"";"2496058232";"";"dtu";"2020";"";"";"";"";"thesis";"dtu|dtu_electronic|dtupub|dtupub_electronic";"";"";"";"";"";"";"";"";"";"";"";"";"";"";"";"";"und";"5e550f03d9001d0164073e8b";"";"5e550f03d9001d0164073e8b";"DTU Department of Civil and Mechanical Engineering";"sorbit";"sorbit";"Effect of solar irradiation on a polygeneration plant with dual mode solid oxide cells|Effekt af solbestraling pa et multigenerationsanlæg med tvedrift (dual-mode) fastoxidbrændsel"
"";"dtu|dtupub|third_party";"";"2022-01-03T13:13:39.187Z";"Modica, Chiara di";"";"2446836340";"";"dtu";"2019";"";"";"";"";"thesis";"dtu|dtu_electronic|dtupub|dtupub_electronic";"";"";"";"";"";"";"";"";"";"";"";"";"";"";"";"";"und";"5cc82d65d9001d01f6106384";"";"5cc82d65d9001d01f6106384";"DTU Department of Electrical Engineering";"sorbit";"sorbit";"Optimal Forecast Reconciliation with Application to Wind Energy|Optimal Forecast Reconciliation with Application to Wind Energy"
"";"dtu|dtupub|third_party";"";"2022-01-06T23:54:22.615Z";"Rimvall, Mikael Patrik";"";"2445374126";"";"dtu";"2019";"";"";"";"";"thesis";"dtu|dtu_electronic|dtupub|dtupub_electronic";"";"";"";"";"";"";"";"";"";"";"";"";"";"";"";"";"und";"5ca5b516d9001d48605f3b83";"";"5ca5b516d9001d48605f3b83";"DTU Department of Chemical and Biochemical Engineering";"sorbit";"sorbit";"Cyclic Separations|Cykliske Separationer"
"";"dtu|dtupub|third_party";"";"2022-01-03T13:13:42.539Z";"Halldórsdóttir, Fridur";"";"2508667062";"";"dtu";"2020";"";"";"";"";"thesis";"dtu|dtu_electronic|dtupub_external";"";"";"";"";"";"";"";"";"";"";"";"";"";"";"";"";"und";"5e6e1b7fd9001d016e432c91";"";"5e6e1b7fd9001d016e432c91";"DTU Department of Applied Mathematics and Computer Science";"sorbit";"sorbit";"Estimating vehicle insurance premium applying machine learning methods|Estimering af køretøjsforsikringspræmie med maskinlæringsmetoder"
"";"dtu|dtupub|third_party";"";"2022-01-03T13:16:30.552Z";"Goldberg, Stella";"";"2444800813";"";"dtu";"2019";"";"";"";"";"thesis";"dtu|dtu_electronic|dtupub_external";"";"";"";"";"";"";"";"";"";"";"";"";"";"";"";"";"und";"5c922e01d9001d017d637d33";"";"5c922e01d9001d017d637d33";"DTU Department of Technology, Management and Economics";"sorbit";"sorbit";"Bunker Fueling Plans in the Face of Uncertainty|Planlægning af bunkeroptankning under usikkerhed"
"";"dtu|dtupub|third_party";"";"2022-01-03T13:16:35.954Z";"Missios, Konstantinos";"";"2596308790";"";"dtu";"2020";"";"";"";"";"thesis";"dtu|dtu_electronic|dtupub|dtupub_electronic";"";"";"";"";"";"";"";"";"";"";"";"";"";"";"";"";"und";"5f37c31ad9001d01721d7c46";"";"5f37c31ad9001d01721d7c46";"DTU Department of Wind and Energy Systems";"sorbit";"sorbit";"Numerical investigation of wake interactions between floating wind turbines: a prescribed motion approach|Numerisk simulering af wakes i flydende havmøller"
"";"dtu|dtupub|third_party";"";"2022-01-06T23:54:26.092Z";"Osman, Amina";"";"2496058242";"";"dtu";"2020";"";"";"";"";"thesis";"dtu|dtu_electronic|dtupub_external";"";"";"";"";"";"";"";"";"";"";"";"";"";"";"";"";"und";"5e550f03d9001d0164073e92";"";"5e550f03d9001d0164073e92";"DTU Department of Technology, Management and Economics";"sorbit";"sorbit";"The development and optimization of the Injectionpen and the needle|Udvikling og optimering af injektionspennen og nalen"
"";"dtu|dtupub|third_party";"";"2022-01-03T13:16:50.634Z";"Johansen, Mathias";"";"2444259727";"";"dtu";"2019";"";"";"";"";"thesis";"dtu|dtu_electronic|dtupub|dtupub_electronic";"";"";"";"";"";"";"";"";"";"";"";"";"";"";"";"";"und";"5c810a7bd9001d361b4cd506";"";"5c810a7bd9001d361b4cd506";"DTU Department of Chemical and Biochemical Engineering";"sorbit";"sorbit";"Periodic Separation Control|Regulering af periodiske separationer"
"";"dtu|dtupub|third_party";"";"2022-01-03T13:16:52.680Z";"Skarving, René Preben";"";"2450280101";"";"dtu";"2019";"";"";"";"";"thesis";"dtu|dtu_electronic|dtupub|dtupub_electronic";"";"";"";"";"";"";"";"";"";"";"";"";"";"";"";"";"und";"5d1c8d65d9001d146569a49b";"";"5d1c8d65d9001d146569a49b";"DTU Department of Electrical Engineering";"sorbit";"sorbit";"Heterogeneous robot collaboration using Reinforcement Learning|Samarbejde mellem heterogene robotter ved anvendelse af reinforcement learning"
"";"dtu|dtupub|third_party";"";"2022-01-06T23:55:08.361Z";"Hansen, Jacob Jon";"";"2447430633";"";"dtu";"2019";"";"";"";"";"thesis";"dtu|dtu_electronic|dtupub|dtupub_electronic";"";"";"";"";"";"";"";"";"";"";"";"";"";"";"";"";"und";"5cdd4565d9001d016b6b0a26";"";"5cdd4565d9001d016b6b0a26";"DTU Department of Applied Mathematics and Computer Science";"sorbit";"sorbit";"Golf club detection and identification using deep learning on embedded devices|Golfkølledetektion og identifikation ved hjælp af dyb læring pa indlejrede systemer"
"";"dtu|dtupub|third_party";"";"2022-01-03T13:05:20.192Z";"Vestergaard, Daniel";"";"2451175590";"";"dtu";"2019";"";"";"";"";"thesis";"dtu|dtu_electronic|dtupub|dtupub_electronic";"";"";"";"";"";"";"";"";"";"";"";"";"";"";"";"";"und";"5d456bdfd9001d32f558c420";"";"5d456bdfd9001d32f558c420";"DTU Department of Civil Engineering";"sorbit";"sorbit";"Computational optimization of truss structures by geometrical modifications|Numerisk optimering af gitterkonstruktioner ved geometriske modifikationer"
"";"dtu|dtupub|third_party";"";"2022-01-06T23:55:10.509Z";"Yang, Bolong";"";"2452018737";"";"dtu";"2019";"";"";"";"";"thesis";"dtu|dtu_electronic|dtupub_external";"";"";"";"";"";"";"";"";"";"";"";"";"";"";"";"";"und";"5d4ea65bd9001d1f8a6c41c3";"";"5d4ea65bd9001d1f8a6c41c3";"DTU Department of Civil and Mechanical Engineering";"sorbit";"sorbit";"Investigation of complexity and precision for 3DIMs process|Undersøgelse af kompleksitet og præcision for 3DIMs proces"
"";"dtu|dtupub|third_party";"";"2022-01-03T13:13:16.946Z";"Pham, Martin";"";"2450280292";"";"dtu";"2019";"";"";"";"";"thesis";"dtu|dtu_electronic|dtupub|dtupub_electronic";"";"";"";"";"";"";"";"";"";"";"";"";"";"";"";"";"und";"5d1c8d69d9001d146569a4ab";"";"5d1c8d69d9001d146569a4ab";"DTU Department of Chemical and Biochemical Engineering";"sorbit";"sorbit";"Model-based development of control strategies for mitigating greenhouse gas emissions from wastewater treatment plants|Modelbaseret udvikling af kontrolstrategier til begrænsning af drivhusgasemissioner fra rensningsanlæg"
"";"dtu|dtupub|third_party";"";"2022-01-03T13:04:59.026Z";"Aouichaoui, Adem Rosenkvist Nielsen";"";"2444215457";"";"dtu";"2019";"";"";"";"";"thesis";"dtu|dtu_electronic|dtupub|dtupub_electronic";"";"";"";"";"";"";"";"";"";"";"";"";"";"";"";"";"und";"5c752d4fd9001d016d4b58fb";"";"5c752d4fd9001d016d4b58fb";"DTU Department of Chemical and Biochemical Engineering";"sorbit";"sorbit";"Integrated Proces/Product Design|Integreret Proces/Produkt Design"
"";"dtu|dtupub|third_party";"";"2022-01-03T13:13:17.848Z";"Jørgensen, Sara Lorenzen";"";"2450741792";"";"dtu";"2019";"";"";"";"";"thesis";"dtu|dtu_electronic|dtupub|dtupub_electronic";"";"";"";"";"";"";"";"";"";"";"";"";"";"";"";"";"und";"5d2c5f6dd9001d018a23344b";"";"5d2c5f6dd9001d018a23344b";"DTU Department of Electrical Engineering";"sorbit";"sorbit";"Optimization of data acquisition strategies for metabolic hyperpolarized NMR|Optimering af malestrategier for metabolisk hyperpolariseret NMR"
"";"dtu|dtupub|third_party";"";"2022-01-03T13:16:34.043Z";"Loktu, Einar";"";"2451028648";"";"dtu";"2019";"";"";"";"";"thesis";"dtu|dtu_electronic|dtupub|dtupub_electronic";"";"";"";"";"";"";"";"";"";"";"";"";"";"";"";"";"und";"5d3d8339d9001d32f558c126";"";"5d3d8339d9001d32f558c126";"DTU Department of Civil Engineering";"sorbit";"sorbit";"Early stage Collaboration in Architecture and Engineering|Samarbeid innen arkitektur og bygningsprosjektering i tidlig stadium"
"";"dtu|dtupub|third_party";"";"2022-01-06T23:56:31.082Z";"Mikkelsen, Matias Brix|Munck, Frederik";"";"2453439867";"";"dtu";"2019";"";"";"";"";"thesis";"dtu|dtu_electronic|dtupub_external";"";"";"";"";"";"";"";"";"";"";"";"";"";"";"";"";"und";"5d6f9befd9001d66e802184a";"";"5d6f9befd9001d66e802184a";"DTU Department of Civil Engineering";"sorbit";"sorbit";"Strengthening of pre-stressed RC beams using activated CFRP bars in combination with a low E-modulus adhesive material|Forstærkning af forspændte betonbjælker vha. aktiverede CFRP stænger i kombination med et lav E-moduls klæbemateriale"
"";"dtu|dtupub|third_party";"";"2022-01-06T23:55:09.244Z";"Linge, Stefan";"";"2451028907";"";"dtu";"2019";"";"";"";"";"thesis";"dtu|dtu_electronic|dtupub|dtupub_electronic";"";"";"";"";"";"";"";"";"";"";"";"";"";"";"";"";"und";"5d3d838ad9001d32f558c1db";"";"5d3d838ad9001d32f558c1db";"DTU Department of Space Research and Space Technology";"sorbit";"sorbit";"Detection and characterization of icebergs and sea ice in Kongsfjorden (Svalbard) based on ground-based radar images and additional remote sensing data|Detektion og karakterisering af isbjerge og havis i Kongsfjorden (Svalbard) baseret pa jordbaserede radarbilleder og yderligere telemalingsdata"
"";"dtu|dtupub|third_party";"";"2022-01-03T13:16:34.416Z";"Malliotakis, Michail Petros";"";"2451028957";"";"dtu";"2019";"";"";"";"";"thesis";"dtu|dtu_electronic|dtupub_external";"";"";"";"";"";"";"";"";"";"";"";"";"";"";"";"";"und";"5d3d83c7d9001d32f558c267";"";"5d3d83c7d9001d32f558c267";"DTU Department of Civil and Mechanical Engineering";"sorbit";"sorbit";"Redesign of an intraoral scanner charger based on user experience|Redesign af ladeenheden til en intrtaoral skanner baseret pa analyse af brugssituation"
"";"dtu|dtupub|third_party";"";"2022-01-06T23:54:31.966Z";"Johnsen, Martin|Brandt, Oliver";"";"2598443288";"";"dtu";"2020";"";"";"";"";"thesis";"dtu|dtu_electronic|dtupub_external";"";"";"";"";"";"";"";"";"";"";"";"";"";"";"";"";"und";"5f7457d6d9001d5518098aff";"";"5f7457d6d9001d5518098aff";"DTU Department of Technology, Management and Economics";"sorbit";"sorbit";"Smart City EcoPark: exploring big data for sustainability|Smart City EcoPark: exploring big data for sustainability"
"";"dtu|dtupub|third_party";"";"2025-10-16T00:34:03.613Z";"Benignos, Ricardo Zetina";"";"2874581376";"";"dtu";"2019";"";"";"";"";"thesis";"dtu|dtu_electronic|dtupub|dtupub_electronic";"";"";"";"";"";"";"";"";"";"";"";"";"";"";"";"";"und";"68f037f29a34c915e18c2329";"";"68f037f29a34c915e18c2329";"DTU Department of Wind and Energy Systems";"sorbit";"sorbit";"Simulations of the effect of leading edge surface roughness on aerodynamic performance of airfoils|Simulering af indflydelsen af overfladeruhed pa vingeprofilaerodynamik"
"";"dtu|dtupub|third_party";"";"2022-01-11T08:43:01.604Z";"Graham, Stefan Alvin";"";"2496058506";"";"dtu";"2020";"";"";"";"";"thesis";"dtu|dtu_electronic|dtupub|dtupub_electronic";"";"";"";"";"";"";"";"";"";"";"";"";"";"";"";"";"und";"5e550f1bd9001d0164073ed3";"";"5e550f1bd9001d0164073ed3";"DTU Department of Space Research and Space Technology";"sorbit";"sorbit";"Implementation of a Persistent Scatterer InSAR algorithm for the measurement of ground subsidence|Implementation of a Persistent Scatterer InSAR algorithm for the measurement of ground subsidence"
"";"dtu|dtupub|third_party";"";"2022-01-11T08:43:52.043Z";"Palias, Klearchos";"";"2463547206";"";"dtu";"2019";"";"";"";"";"thesis";"dtu|dtu_electronic|dtupub|dtupub_electronic";"";"";"";"";"";"";"";"";"";"";"";"";"";"";"";"";"und";"5d8dee78d9001d667441a504";"";"5d8dee78d9001d667441a504";"DTU Department of Applied Mathematics and Computer Science";"sorbit";"sorbit";"Performance Analysis and Enhancements of the LoRa protocol for IoT Embedded Systems|Præstationsanalyse og forbedringer af LoRa-protokollen til IoT indlejrede systemer"
"";"dtu|dtupub|third_party";"";"2022-01-03T13:16:55.505Z";"Christiansen, Heidi";"";"2497546820";"";"dtu";"2020";"";"";"";"";"thesis";"dtu|dtu_electronic|dtupub|dtupub_electronic";"";"";"";"";"";"";"";"";"";"";"";"";"";"";"";"";"und";"5e60eca3d9001d016338acdd";"";"5e60eca3d9001d016338acdd";"DTU Department of Civil Engineering";"sorbit";"sorbit";"Development of an energy optimized building system based on pre fabricated box modules|Udvikling af energioptimeret byggesystem baseret pa præfabrikerede boksmoduler"
"";"dtu|dtupub|third_party";"";"2022-01-03T13:05:43.315Z";"Kyriazi, Ioanna";"";"2450711974";"";"dtu";"2019";"";"";"";"";"thesis";"dtu|dtu_electronic|dtupub|dtupub_electronic";"";"";"";"";"";"";"";"";"";"";"";"";"";"";"";"";"und";"5d2b0decd9001d018a2333ed";"";"5d2b0decd9001d018a2333ed";"DTU Department of Environmental and Resource Engineering";"sorbit";"sorbit";"Comparative assessment of current and improved solid waste management system for the county of Oxfordshire, UK, on an environmental and economical basis|Komparativ miljø og økonomivurdering af den nuværende og fremtidige affaldshandtering for Oxfordshire County, UK"
"Energy systems throughout the world are undergoing a transition where renewable energy is substituting combustion of fossil fuels in power and heat production. The motive for the energy transition origins from climate goals that are set out to limit global warming well below two degrees from pre-industrial levels. The objective of the thesis is to study how an existing energy network and local characteristics can be utilized to transform an energy system to operate 100% on renewable energy. As future energy systems are expected to rely highly on variable renewable energy (VRE) generation, the thesis also intends to study which additional investments on unit and system level elements would increase flexibility in an energy system with high intermittency in power supply. The energy system of Åland Islands is studied as a case example, as different stakeholders are currently aiming to convert the island fully renewable by 2025. The thesis outlines the energy system of Åland Islands to comprise of the regional power grid and district heating network located in the capital Mariehamn.<br/><br/>Based on literature review, three energy system scenarios were built to represent three alternative energy transition pathways for Åland Islands to be implemented by 2025. An energy system modelling tool developed at VTT was utilized to define the cost-optimal configuration of thermal production units in relation to scenario-wise capacities of VRE generators, flexibility elements and power interconnectors. Modelling results were utilized to evaluate technical feasibility as well as economic and environmental impacts of the studied energy transition pathways. In addition, value of additional flexibility investments in demand and supply balancing was studied.<br/><br/>Due to local conditions, Åland is able to base its power supply greatly on intermittent wind energy by 2025. As a key finding of the thesis, strengthening the link between power grid and district heating network via a bio-CHP unit would increase profitability and self-sufficiency of an energy system with high reliance on variable power supply especially, when the CHP unit is integrated to a thermal energy storage (TES). Feasibility of bio-CHP as a flexibility element was found to be reliant of biomass availability and price, however, neither is considered as a constraining factor for bio-CHP applicability in Åland Islands. An additional investment on a centralized electric boiler was discovered to increase internal utilization of local VRE supply, however, resulting in lower profitability of bio-CHP investment as electric boiler was discovered to reduce full load operating hours and annual energy output of the CHP unit. The role of the applied stationary electrochemical batteries were found to be negligible on system-level VRE balancing while usability of stationary electrochemical batteries in short-term grid balancing were unabled to be studied due to the chosen temporal scale in the modelling tool.<br/><br/>By investing on local energy assets, Åland would be able to cut reliance of imported electricity to reinforce power self sufficiency on the island. Environmental benefits would arise from discarded fossil carbon emissions from power and district heating sector and as a potential net exporter of renewable energy, Åland would be able to decrease utilization of fossil fuels in surrounding power areas as well. Although the renewable energy transition in Åland Islands is technically possible and brings out environmental benefits, the studied renewable energy transition pathways for Åland Islands were discovered to be economically unprofitable. The current market model on the island has to be shaped to support local renewable generation. An alternative would be to partly fund the renewable energy transition in Åland Islands by public financial support schemes.<br/><br/>Methodology applied in the thesis related to required input parameters for energy system modelling and methods to examine the modelling results can be employed to investigate potential renewable energy transition pathways in energy systems throughout the world. The modelling results related to Åland Islands can be applied to evaluate potential benefits of bio CHP and TES in facilitating VRE integration in areas aiming to utilize district heating network to balance intermittent VRE supply. In addition, the results can be utilized to evaluate the applicability of electric boiler in increasing internal utilization of locally produced VRE supply. However, as the energy transition pathways studied in the thesis were designed in particular to Åland Islands, more detailed techno-economic analysis of existing energy system elements and local characteristics should be performed to the region where similar approach to renewable energy transition and VRE integration would be applied as in Åland Islands in this study.";"dtu|dtupub";"BA3601 Renewable Energy Processes";"2022-03-28T07:11:10.093Z";"Kiviranta, Kirsikka";"";"2708549543";"";"dtu";"2019";"";"";"";"";"thesis";"dtu|dtu_electronic|dtupub|dtupub_electronic";"";"";"";"";"";"";"";"";"";"";"";"";"";"SDG 13 - Climate Action|SDG 7 - Affordable and Clean Energy";"SDG 13 - Climate Action|SDG 7 - Affordable and Clean Energy";"SDG 13 - Climate Action|SDG 7 - Affordable and Clean Energy";"eng";"6231fa6edc40bbb6f3460c72";"";"6231fa6edc40bbb6f3460c72";"";"vtt";"vtt";"Vision for 100% renewable Åland Islands"
"";"dtu|dtupub|third_party";"";"2022-01-03T13:16:47.253Z";"Stærmose, Mikkel Duvier";"";"2594525124";"";"dtu";"2020";"";"";"";"";"thesis";"dtu|dtu_electronic|dtupub_external";"";"";"";"";"";"";"";"";"";"";"";"";"";"";"";"";"und";"5f01b5b5d9001d0169116fd8";"";"5f01b5b5d9001d0169116fd8";"DTU DTU National Food Institute";"sorbit";"sorbit";"Development of accelerated shelf life test method for shear sensitive yogurt drink formulations (ADD) containing citrus fiber or gellan gum|Udvikling af acceleret holdbarheds testmetode for forskydningsfølsom yoghurt drik (ADD) med indhold af citrus fibre eller Gellan gum"
"";"dtu|dtupub|third_party";"";"2022-01-03T13:16:56.605Z";"Antar, Zeina";"";"2525645311";"";"dtu";"2020";"";"";"";"";"thesis";"dtu|dtu_electronic|dtupub|dtupub_electronic";"";"";"";"";"";"";"";"";"";"";"";"";"";"";"";"";"und";"5e8db16fd9001d016475f3ea";"";"5e8db16fd9001d016475f3ea";"DTU National Institute of Aquatic Resources";"sorbit";"sorbit";"Development and application of seabed mosaicking systems for ROVs|Udvikling og anvendelse af havbundens mosaiksystemer til ROVs"
"";"dtu|dtupub|third_party";"";"2022-01-03T13:05:53.366Z";"Agnarsdóttir, Hrafnhildur";"";"2596066772";"";"dtu";"2020";"";"";"";"";"thesis";"dtu|dtu_electronic|dtupub|dtupub_electronic";"";"";"";"";"";"";"";"";"";"";"";"";"";"";"";"";"und";"5f312bc1d9001d016b4e244d";"";"5f312bc1d9001d016b4e244d";"DTU Department of Health Technology";"sorbit";"sorbit";"A Bayesian Approach to a Genome Wide Association Study of Childhood Respiratory Infections|En Bayesiansk tilgang til et Genome Wide Association studie af respiratoriske infektioner hos børn"
"";"dtu|dtupub|third_party";"";"2022-01-03T13:16:53.560Z";"Kotoglou, Vasiliki";"";"2452788199";"";"dtu";"2019";"";"";"";"";"thesis";"dtu|dtu_electronic|dtupub_external";"";"";"";"";"";"";"";"";"";"";"";"";"";"";"";"";"und";"5d5e7878d9001d63873dbcb7";"";"5d5e7878d9001d63873dbcb7";"DTU Department of Space Research and Space Technology";"sorbit";"sorbit";"The spatial analysis of urban design and mental health|Den rumlige analyse af bydesign og mental sundhed"
"";"dtu|dtupub|third_party";"";"2022-01-03T13:16:35.896Z";"Schaal, Ferdinand Svea";"";"2610300659";"";"dtu";"2020";"";"";"";"";"thesis";"dtu|dtu_electronic|dtupub|dtupub_electronic";"";"";"";"";"";"";"";"";"";"";"";"";"";"";"";"";"und";"5fe485b3d9001d016c58612c";"";"5fe485b3d9001d016c58612c";"DTU Department of Applied Mathematics and Computer Science";"sorbit";"sorbit";"Using GNN's to classify Spreading Graphs|Brug af GNNs til at klassificere typer af spredning i grafer"
"";"dtu|dtupub|third_party";"";"2022-01-11T08:43:15.798Z";"Hussain, Ramahi";"";"2478236144";"";"dtu";"2019";"";"";"";"";"thesis";"dtu|dtu_electronic|dtupub|dtupub_electronic";"";"";"";"";"";"";"";"";"";"";"";"";"";"";"";"";"und";"5df4d196d9001d03d63c9795";"";"5df4d196d9001d03d63c9795";"DTU Department of Electrical Engineering";"sorbit";"sorbit";"Decision support system for ballast maintenance in railways|Beslutningstøtte for ballast vedligeholdese for jernebaner."
"";"dtu|dtupub|third_party";"";"2022-01-03T13:05:22.306Z";"Ørum-Nielsen, Niklas Carl|Thunbo, Lasse Førde";"";"2453325255";"";"dtu";"2019";"";"";"";"";"thesis";"dtu|dtu_electronic|dtupub|dtupub_electronic";"";"";"";"";"";"";"";"";"";"";"";"";"";"";"";"";"und";"5d6cf8ebd9001d452b76865c";"";"5d6cf8ebd9001d452b76865c";"DTU Department of Civil Engineering";"sorbit";"sorbit";"Effect of nonstationary and oscillatory masses in operational modal analysis|Effekten af instationære og svingende masser i operationel modal analyse"
"";"dtu|dtupub|third_party";"";"2022-01-03T13:05:54.724Z";"Borre, Anja Lykke";"";"2604853398";"";"dtu";"2020";"";"";"";"";"thesis";"dtu|dtu_electronic|dtupub|dtupub_electronic";"";"";"";"";"";"";"";"";"";"";"";"";"";"";"";"";"und";"5f99603ad9001d016970fe47";"";"5f99603ad9001d016970fe47";"DTU Department of Health Technology";"sorbit";"sorbit";"Lensless Light Sheet Generation and Dynamic Control using Multicore Fibers|Linsefri skabelse og dynamisk kontrollering af lysark ved brug af multikerne fibre"
"";"dtu|dtupub|third_party";"";"2022-01-03T13:16:59.081Z";"Sandager, Jacob Moberg";"";"2606951416";"";"dtu";"2020";"";"";"";"";"thesis";"dtu|dtu_electronic|dtupub_external";"";"";"";"";"";"";"";"";"";"";"";"";"";"";"";"";"und";"5fc4e1bfd9001d017b593373";"";"5fc4e1bfd9001d017b593373";"DTU Department of Civil and Mechanical Engineering";"sorbit";"sorbit";"Feasibility of Implementing New Sustainable Polymers in Novo Nordisk Pen Devices|Mulighed for at implementere nye bæredygtige polymerer i Novo Nordisk Pen Devices"
"";"dtu|dtupub|third_party";"";"2022-01-06T23:54:27.407Z";"Jørgensen, Naya Sophie Rye";"";"2510214257";"";"dtu";"2020";"";"";"";"";"thesis";"dtu|dtu_electronic|dtupub|dtupub_electronic";"";"";"";"";"";"";"";"";"";"";"";"";"";"";"";"";"und";"5e6f6cfed9001d016e432c97";"";"5e6f6cfed9001d016e432c97";"DTU Department of Space Research and Space Technology";"sorbit";"sorbit";"Multispectral Satellite Derived Bathymetry in Greenland|Multispektral satelllit-baseret batymetri pa Grønland"
"";"dtu|dtupub|third_party";"";"2022-01-03T13:05:23.743Z";"Georgolamprou, Xanthi";"";"2489514641";"";"dtu";"2019";"";"";"";"";"thesis";"dtu|dtu_electronic|dtupub|dtupub_electronic";"";"";"";"";"";"";"";"";"";"";"";"";"";"";"";"";"und";"5e3419a1d9001d01573c14f5";"";"5e3419a1d9001d01573c14f5";"DTU Department of Energy Conversion and Storage";"sorbit";"sorbit";"Development of planar proton-conducting ceramics cells for selective hydrogen pumping|Udvikling af plane protonledende keramiske celler til selektiv hydrogenpumpning"
"";"dtu|dtupub|third_party";"";"2022-01-03T13:16:45.690Z";"Mikkelsen, Elise Una";"";"2596404221";"";"dtu";"2020";"";"";"";"";"thesis";"dtu|dtu_electronic|dtupub_external";"";"";"";"";"";"";"";"";"";"";"";"";"";"";"";"";"und";"5f3bb7a8d9001d01721d7cde";"";"5f3bb7a8d9001d01721d7cde";"DTU Department of Civil Engineering";"sorbit";"sorbit";"Investigating the possibility of load levelling and reducing consumption based on electricity data analysis from smart homes in Nordhavn|Undersøgelse af muligheden for lastudjævning og reduktion af forbruget baseret pa elektricitetsdataanalyse fra smarte hjem i Nordhavn"
"";"dtu|dtupub|third_party";"";"2022-01-03T13:13:21.691Z";"Halager, Niels Sæderup";"";"2594817014";"";"dtu";"2020";"";"";"";"";"thesis";"dtu|dtu_electronic|dtupub|dtupub_electronic";"";"";"";"";"";"";"";"";"";"";"";"";"";"";"";"";"und";"5f0b5826d9001d0169095fbc";"";"5f0b5826d9001d0169095fbc";"DTU Department of Chemical and Biochemical Engineering";"sorbit";"sorbit";"Development and comparison of control strategies for a novel industrial distillation column configuration focused on Grade AA methanol at high recovery rates|Development and comparison of control strategies for a novel industrial distillation column configuration focused on Grade AA methanol at high recovery rates."
"";"dtu|dtupub|third_party";"";"2022-01-06T23:56:35.766Z";"Bosch, Berta Rosich I";"";"2597688618";"";"dtu";"2020";"";"";"";"";"thesis";"dtu|dtu_electronic|dtupub|dtupub_electronic";"";"";"";"";"";"";"";"";"";"";"";"";"";"";"";"";"und";"5f65e776d9001d0169505fca";"";"5f65e776d9001d0169505fca";"DTU Department of Biotechnology and Biomedicine";"sorbit";"sorbit";"Dynamic regulation of metabolic pathways in engineered Gram-Negative Bacteria using Quorum--Sensing circuits|Dynamisk regulering af metaboliske pathways i Gram-Negative Bacteria ved brug af Quorum-Sensing systemer"
"";"dtu|dtupub|third_party";"";"2022-01-03T13:05:20.731Z";"Prívara, Martin";"";"2451175591";"";"dtu";"2019";"";"";"";"";"thesis";"dtu|dtu_electronic|dtupub_external";"";"";"";"";"";"";"";"";"";"";"";"";"";"";"";"";"und";"5d456bdfd9001d32f558c421";"";"5d456bdfd9001d32f558c421";"DTU Department of Chemical and Biochemical Engineering";"sorbit";"sorbit";"Pyrolysis and oxidation kinetics of binders used in stone wool products|Pyrolyse og oxidationskinetik for bindermaterialer i stenuldsproduktion"
"";"dtu|dtupub|third_party";"";"2022-01-03T13:16:53.513Z";"Soni, Vikash Kr";"";"2450876298";"";"dtu";"2019";"";"";"";"";"thesis";"dtu|dtu_electronic|dtupub_external";"";"";"";"";"";"";"";"";"";"";"";"";"";"";"";"";"und";"5d344863d9001d016b24692d";"";"5d344863d9001d016b24692d";"DTU Department of Civil Engineering";"sorbit";"sorbit";"Energy efficient and energy flexibility solutions for a large school building|Energieffektive og energifleksible løsninger for en stor skolebygning"
"";"dtu|dtupub|third_party";"";"2022-01-03T13:05:47.969Z";"Pessoa, Thiago de Sousa";"";"2452917470";"";"dtu";"2019";"";"";"";"";"thesis";"dtu|dtu_electronic|dtupub_external";"";"";"";"";"";"";"";"";"";"";"";"";"";"";"";"";"und";"5d651007d9001d452b768538";"";"5d651007d9001d452b768538";"DTU Department of Technology, Management and Economics";"sorbit";"sorbit";"Monitoring, reporting and verification of CO2 emissions in shipping: Identification and comparison of available methods|Overvagning, rapportering og verifikation af CO2 emissioner i skibsfart: Identifikation og sammenligning af tilgængelige metoder"
"";"dtu|dtupub|third_party";"";"2022-01-03T13:16:33.451Z";"Jakobsen, Emil";"";"2452917406";"";"dtu";"2019";"";"";"";"";"thesis";"dtu|dtu_electronic|dtupub|dtupub_electronic";"";"";"";"";"";"";"";"";"";"";"";"";"";"";"";"";"und";"5d650ff5d9001d452b76851a";"";"5d650ff5d9001d452b76851a";"DTU Department of Electrical Engineering";"sorbit";"sorbit";"Ultra low power frequency multiplier|Ultra lav effekt frekvens multiplikator"
"";"dtu|dtupub|third_party";"";"2022-01-03T13:16:52.423Z";"Vilsbøll, Josefine Holm";"";"2524896227";"";"dtu";"2019";"";"";"";"";"thesis";"dtu|dtu_electronic|dtupub|dtupub_electronic";"";"";"";"";"";"";"";"";"";"";"";"";"";"";"";"";"und";"5c7a7302d9001d361b4cd3f2";"";"5c7a7302d9001d361b4cd3f2";"DTU Department of Applied Mathematics and Computer Science";"sorbit";"sorbit";"Heart segmentation using deep learning|Segmentering af hjertestrukturer via deep learning"
"";"dtu|dtupub|third_party";"";"2022-01-03T13:05:21.212Z";"Xia, Huizhi";"";"2451175615";"";"dtu";"2019";"";"";"";"";"thesis";"dtu|dtu_electronic|dtupub|dtupub_electronic";"";"";"";"";"";"";"";"";"";"";"";"";"";"";"";"";"und";"5d456befd9001d32f558c45c";"";"5d456befd9001d32f558c45c";"DTU Department of Electrical and Photonics Engineering";"sorbit";"sorbit";"On chip nano-waveguide based on Lithium Niobate|On-Chip nano-bølgeleder baseret pa Litium Niobat"
"";"dtu|dtupub|third_party";"";"2022-01-03T13:05:48.100Z";"Johannesen, Mia Chen";"";"2452917804";"";"dtu";"2019";"";"";"";"";"thesis";"dtu|dtu_electronic|dtupub|dtupub_electronic";"";"";"";"";"";"";"";"";"";"";"";"";"";"";"";"";"und";"5d651032d9001d452b7685ac";"";"5d651032d9001d452b7685ac";"DTU Department of Health Technology";"sorbit";"sorbit";"Evaluation of mucoadhesive polymers on microcontainers for oral drug delivery|Evaluering af mucoadhæsive polymere pa microcontainere til oral lægemiddel levering"
"";"dtu|dtupub|third_party";"";"2022-01-11T08:43:15.390Z";"Walden, Kyle Douglas";"";"2451029089";"";"dtu";"2019";"";"";"";"";"thesis";"dtu|dtu_electronic|dtupub|dtupub_electronic";"";"";"";"";"";"";"";"";"";"";"";"";"";"";"";"";"und";"5d3d83f7d9001d32f558c2dd";"";"5d3d83f7d9001d32f558c2dd";"DTU Department of Wind and Energy Systems";"sorbit";"sorbit";"Investigation of Taylor’s “frozen turbulence” hypothesis in the Atmospheric Boundary Layer, via Large Eddy Simulation|Undersøgelser af Taylor's hypotese i det atmosfæriske grænselag ved anvendelse af Large Eddy Simulations"
"";"dtu|dtupub|third_party";"";"2022-01-06T23:56:30.555Z";"Stella, Martina Pilar Jolanda";"";"2449672361";"";"dtu";"2019";"";"";"";"";"thesis";"dtu|dtu_electronic|dtupub_external";"";"";"";"";"";"";"";"";"";"";"";"";"";"";"";"";"und";"5d0a186bd9001d016d3d6653";"";"5d0a186bd9001d016d3d6653";"DTU Department of Electrical and Photonics Engineering";"sorbit";"sorbit";"Multimodal imaging of cancer models|Multimodal billeddannelse af kræftceller"
"";"dtu|dtupub|third_party";"";"2022-01-06T23:55:09.213Z";"Engell, Sarah Ellinor";"";"2451028880";"";"dtu";"2019";"";"";"";"";"thesis";"dtu|dtu_electronic|dtupub_external";"";"";"";"";"";"";"";"";"";"";"";"";"";"";"";"";"und";"5d3d836bd9001d32f558c189";"";"5d3d836bd9001d32f558c189";"DTU Department of Applied Mathematics and Computer Science";"sorbit";"sorbit";"Dose Guidance for New Generation Insulin in Diabetes|Beslutningsstøtte til ny insulin i diabetesbehandling"
"";"dtu|dtupub|third_party";"";"2022-01-03T13:05:24.042Z";"Herlufsen, Michelle";"";"2524918530";"";"dtu";"2020";"";"";"";"";"thesis";"dtu|dtu_electronic|dtupub|dtupub_electronic";"";"";"";"";"";"";"";"";"";"";"";"";"";"";"";"";"und";"5e7ded86d9001d016d012cdd";"";"5e7ded86d9001d016d012cdd";"DTU Department of Health Technology";"sorbit";"sorbit";"Exploring new musical rules for cochlear implant listeners|Evaluering af nye musikalske regler for cochlear implantat brugere"
"";"dtu|dtupub|third_party";"";"2022-01-03T13:16:41.749Z";"Andersen, Simon Thye";"";"2594465518";"";"dtu";"2020";"";"";"";"";"thesis";"dtu|dtu_electronic|dtupub|dtupub_electronic";"";"";"";"";"";"";"";"";"";"";"";"";"";"";"";"";"und";"5eff12cdd9001d0169116fb4";"";"5eff12cdd9001d0169116fb4";"DTU Department of Applied Mathematics and Computer Science";"sorbit";"sorbit";"RISC-V Based Neural Network Processor for Inference in Hearing Aids|RISC-V Baseret Neural Netværks-processor til Inferens i Høreapparater"
"";"dtu|dtupub|third_party";"";"2022-01-03T13:05:39.627Z";"Vögeli, Christine";"";"2452682702";"";"dtu";"2019";"";"";"";"";"thesis";"dtu|dtu_electronic|dtupub_external";"";"";"";"";"";"";"";"";"";"";"";"";"";"";"";"";"und";"5d59326cd9001d05d7613ae0";"";"5d59326cd9001d05d7613ae0";"DTU Department of Civil and Mechanical Engineering";"sorbit";"sorbit";"Concepts for improved rehabilitation based on VR|Koncepter for forbedret rehabilitering baseret pa VR"
"";"dtu|dtupub|third_party";"";"2022-01-03T13:16:57.630Z";"Hansen, Cecilie Hauberg";"";"2597213956";"";"dtu";"2020";"";"";"";"";"thesis";"dtu|dtu_electronic|dtupub|dtupub_electronic";"";"";"";"";"";"";"";"";"";"";"";"";"";"";"";"";"und";"5f56158ed9001d01706cbb90";"";"5f56158ed9001d01706cbb90";"DTU Department of Chemistry";"sorbit";"sorbit";"Synthesis of an estrogen-inspired compound collection|Syntese af et østrogeninspireret molekyle-bibliotek"
"";"dtu|dtupub|third_party";"";"2022-01-03T13:13:20.766Z";"Hedegaard, Anna Kragh";"";"2597470193";"";"dtu";"2020";"";"";"";"";"thesis";"dtu|dtu_electronic|dtupub_external";"";"";"";"";"";"";"";"";"";"";"";"";"";"";"";"";"und";"5f5dfe7fd9001d01706cbcd2";"";"5f5dfe7fd9001d01706cbcd2";"DTU Department of Chemical and Biochemical Engineering";"sorbit";"sorbit";"Purification of 2’FL and 6’SL by filtration technology|Oprensning af 2’FL og 6’SL ved hjælp af filtreringsteknologi"
"";"dtu|dtupub|third_party";"";"2022-01-06T23:54:27.488Z";"Parthenopoulos, Alexios";"";"2525721266";"";"dtu";"2020";"";"";"";"";"thesis";"dtu|dtu_electronic|dtupub|dtupub_electronic";"";"";"";"";"";"";"";"";"";"";"";"";"";"";"";"";"und";"5e90546cd9001d016475f3f7";"";"5e90546cd9001d016475f3f7";"DTU Department of Physics";"sorbit";"sorbit";"Fabrication and characterization of subwavelength structured nanotrampolines|Fabrikation og karakterisering af nano-trampoliner med sub-bølgelængde strukturer"
"";"dtu|dtupub|third_party";"";"2022-01-03T13:16:59.132Z";"Michelsen, Michel Nikolaj";"";"2606020780";"";"dtu";"2020";"";"";"";"";"thesis";"dtu|dtu_electronic|dtupub|dtupub_electronic";"";"";"";"";"";"";"";"";"";"";"";"";"";"";"";"";"und";"5fafc9b5d9001d0169385cbc";"";"5fafc9b5d9001d0169385cbc";"DTU Department of Applied Mathematics and Computer Science";"sorbit";"sorbit";"Bifurcations of geodesics in Riemannian manifolds|Bifurkationer af geodætiske kurver i Riemannske mangfoldigheder"
"";"dtu|dtupub|third_party";"";"2022-01-03T13:16:34.029Z";"Barkhof, Wisse Jan";"";"2451182437";"";"dtu";"2019";"";"";"";"";"thesis";"dtu|dtu_electronic|dtupub_external";"";"";"";"";"";"";"";"";"";"";"";"";"";"";"";"";"und";"5d46bd66d9001d32f558c4b2";"";"5d46bd66d9001d32f558c4b2";"DTU Department of Applied Mathematics and Computer Science";"sorbit";"sorbit";"Using NLP to derive meaningful information from user text for personalisation of searches|Using NLP to derive meaningful information from user text for personalisation of searches"
"";"dtu|dtupub|third_party";"";"2022-01-03T13:16:32.623Z";"Onyszkiewicz, Klaudia Edyta";"";"2445374257";"";"dtu";"2019";"";"";"";"";"thesis";"dtu|dtu_electronic|dtupub_external";"";"";"";"";"";"";"";"";"";"";"";"";"";"";"";"";"und";"5ca5b61bd9001d48605f3be8";"";"5ca5b61bd9001d48605f3be8";"DTU Department of Technology, Management and Economics";"sorbit";"sorbit";"Optimization of a changeover process on a packaging line in the pharmaceutical industry|Optimering af changeover proces pa en pakkelinie I farmaceutisk industri"
"";"dtu|dtupub|third_party";"";"2022-01-03T13:13:42.187Z";"Nagy, Imre";"";"2489514646";"";"dtu";"2019";"";"";"";"";"thesis";"dtu|dtu_electronic|dtupub|dtupub_electronic";"";"";"";"";"";"";"";"";"";"";"";"";"";"";"";"";"und";"5e3419a5d9001d01573c1506";"";"5e3419a5d9001d01573c1506";"DTU Department of Technology, Management and Economics";"sorbit";"sorbit";"Resource scarcity in early startup development|Resource scarcity in early startup development"
"";"dtu|dtupub|third_party";"";"2022-01-06T23:56:31.052Z";"Sørensen, Magnus Gether";"";"2453337435";"";"dtu";"2019";"";"";"";"";"thesis";"dtu|dtu_electronic|dtupub|dtupub_electronic";"";"";"";"";"";"";"";"";"";"";"";"";"";"";"";"";"und";"5d6e4a63d9001d66e80217b3";"";"5d6e4a63d9001d66e80217b3";"DTU Department of Applied Mathematics and Computer Science";"sorbit";"sorbit";"Analysis of a workflow languages|Analyse af et workflow sprog"
"";"dtu|dtupub|third_party";"";"2022-01-03T13:13:23.045Z";"Ibsen, Troels Kaas";"";"2596663504";"";"dtu";"2020";"";"";"";"";"thesis";"dtu|dtu_electronic|dtupub_external";"";"";"";"";"";"";"";"";"";"";"";"";"";"";"";"";"und";"5f424ef5d9001d01721d7d90";"";"5f424ef5d9001d01721d7d90";"DTU Department of Chemical and Biochemical Engineering";"sorbit";"sorbit";"Stabilization of catalytic pyrolysis oil|Stabilisering af bio-olie fra katalytisk pyrolyse"
"";"dtu|dtupub|third_party";"";"2022-01-03T13:16:52.449Z";"Woo, Jaewook";"";"2444760398";"";"dtu";"2019";"";"";"";"";"thesis";"dtu|dtu_electronic|dtupub|dtupub_electronic";"";"";"";"";"";"";"";"";"";"";"";"";"";"";"";"";"und";"5c90dc87d9001d017d637d2e";"";"5c90dc87d9001d017d637d2e";"DTU Department of Applied Mathematics and Computer Science";"sorbit";"sorbit";"Side-Channel Vulnerabilities on Nested Virtualization Environment|Side-channel sarbarheder i indlejrede virtualiseringsmiljøer"
"";"dtu|dtupub|third_party";"";"2022-01-03T13:16:49.626Z";"Khalil, Khaled Wafic";"";"2450280104";"";"dtu";"2019";"";"";"";"";"thesis";"dtu|dtu_electronic|dtupub|dtupub_electronic";"";"";"";"";"";"";"";"";"";"";"";"";"";"";"";"";"und";"5d1c8d65d9001d146569a4a1";"";"5d1c8d65d9001d146569a4a1";"DTU Department of Applied Mathematics and Computer Science";"sorbit";"sorbit";"Detecting malicious PowerShell behavior using machine learning|Identifikation af ondsindede kommandoer i PowerShell ved brug af machine learning"
"";"dtu|dtupub|third_party";"";"2022-01-03T13:16:44.506Z";"Chatelier, Mathieu Patrick Emile";"";"2453302247";"";"dtu";"2019";"";"";"";"";"thesis";"dtu|dtu_electronic|dtupub_external";"";"";"";"";"";"";"";"";"";"";"";"";"";"";"";"";"und";"5d6a55fad9001d452b768630";"";"5d6a55fad9001d452b768630";"DTU Department of Technology, Management and Economics";"sorbit";"sorbit";"Sports intelligence: Developing model to improve detection of doping abuse among Danish athletes|Modeller til afsløring af doping misbrug for Danske atleter"
"";"dtu|dtupub|third_party";"";"2022-01-03T13:16:34.103Z";"Dufour, Alfonso";"";"2451028905";"";"dtu";"2019";"";"";"";"";"thesis";"dtu|dtu_electronic|dtupub_external";"";"";"";"";"";"";"";"";"";"";"";"";"";"";"";"";"und";"5d3d838ad9001d32f558c1d7";"";"5d3d838ad9001d32f558c1d7";"DTU Department of Electrical Engineering";"sorbit";"sorbit";"Developing transfer function for fast NVH evaluation of the E-machine using Spatial Harmonics|Developing transfer function for fast NVH evaluation of the E-machine using Spatial Harmonics"
"";"dtu|dtupub|third_party";"";"2022-01-03T13:13:41.424Z";"Jonsdottir, Sigriður Hrefna";"";"2463232526";"";"dtu";"2019";"";"";"";"";"thesis";"dtu|dtu_electronic|dtupub|dtupub_electronic";"";"";"";"";"";"";"";"";"";"";"";"";"";"";"";"";"und";"5d8b4b76d9001d016b47bd57";"";"5d8b4b76d9001d016b47bd57";"DTU Department of Technology, Management and Economics";"sorbit";"sorbit";"Effects of the private car on quality of life in Copenhagen|Effekter af privatbilismen pa livskvaliteten i København"
"";"dtu|dtupub|third_party";"";"2022-01-03T13:05:42.461Z";"Mathiasen, Rosa Marie";"";"2445374182";"";"dtu";"2019";"";"";"";"";"thesis";"dtu|dtu_electronic|dtupub_external";"";"";"";"";"";"";"";"";"";"";"";"";"";"";"";"";"und";"5ca5b583d9001d48605f3b98";"";"5ca5b583d9001d48605f3b98";"DTU Department of Environmental and Resource Engineering";"sorbit";"sorbit";"Dynamic Leak Detection and Localization on Transmission Pipeline Systems|Dynamic Leak Detection and Leak Location on Transmission Pipeline Systems"
"";"dtu|dtupub|third_party";"";"2022-01-03T13:16:35.573Z";"Knudsen, Pelle Kirkeskov";"";"2495864792";"";"dtu";"2020";"";"";"";"";"thesis";"dtu|dtu_electronic|dtupub_external";"";"";"";"";"";"";"";"";"";"";"";"";"";"";"";"";"und";"5e526bfcd9001d0191679b39";"";"5e526bfcd9001d0191679b39";"DTU Department of Civil and Mechanical Engineering";"sorbit";"sorbit";"Development of Actuator Architecture|Udvikling af aktuator arkitektur"
"";"dtu|dtupub|third_party";"";"2022-01-03T13:16:35.923Z";"Jensen, Lucas Frese Grønbech";"";"2597117821";"";"dtu";"2020";"";"";"";"";"thesis";"dtu|dtu_electronic|dtupub|dtupub_electronic";"";"";"";"";"";"";"";"";"";"";"";"";"";"";"";"";"und";"5f50cf7dd9001d01694aafd0";"";"5f50cf7dd9001d01694aafd0";"DTU Department of Technology, Management and Economics";"sorbit";"sorbit";"Criteria Space methods for Multi-Objective Optimization|Kriterie baserede metoder til multi-objektiv optimering"
"";"dtu|dtupub|third_party";"";"2022-01-03T13:05:25.434Z";"Overby, Niels";"";"2524918464";"";"dtu";"2020";"";"";"";"";"thesis";"dtu|dtu_electronic|dtupub|dtupub_electronic";"";"";"";"";"";"";"";"";"";"";"";"";"";"";"";"";"und";"5e7ded7fd9001d016d012cc7";"";"5e7ded7fd9001d016d012cc7";"DTU Department of Health Technology";"sorbit";"sorbit";"Riemannian Geometry Approaches for a BCI Controlled FES System|Riemmansk Geometri Strategier til et BCI Styret FES System"
"";"dtu|dtupub|third_party";"";"2022-01-03T13:13:19.007Z";"Bertelsen, Charlotte Vinther";"";"2452033417";"";"dtu";"2019";"";"";"";"";"thesis";"dtu|dtu_electronic|dtupub_external";"";"";"";"";"";"";"";"";"";"";"";"";"";"";"";"";"und";"5d4ff7fad9001d1f8a6c4208";"";"5d4ff7fad9001d1f8a6c4208";"DTU Department of Health Technology";"sorbit";"sorbit";"Generation of neural stem cell lines derived from human pluripotent stem cells|Udvikling af neurale stam celler afledt fra humane pluripotente stam celler"
"";"dtu|dtupub|third_party";"";"2022-01-03T13:05:25.244Z";"Snorradóttir, Tinna Rún";"";"2595649916";"";"dtu";"2020";"";"";"";"";"thesis";"dtu|dtu_electronic|dtupub|dtupub_electronic";"";"";"";"";"";"";"";"";"";"";"";"";"";"";"";"";"und";"5f22ab47d9001d016b4e2268";"";"5f22ab47d9001d016b4e2268";"DTU Department of Technology, Management and Economics";"sorbit";"sorbit";"Engineering students in Denmark: Stress analysis of students participating in a technological entrepreneurship course|Ingeniørstuderende i Danmark: Stressanalyse af studerende, der deltager i et teknologisk iværksætterkursus."
"";"dtu|dtupub|third_party";"";"2022-01-03T13:13:39.230Z";"Christensen, Lina Barsøe Rønn";"";"2444215475";"";"dtu";"2019";"";"";"";"";"thesis";"dtu|dtu_electronic|dtupub_external";"";"";"";"";"";"";"";"";"";"";"";"";"";"";"";"";"und";"5c752d52d9001d016d4b590b";"";"5c752d52d9001d016d4b590b";"DTU Department of Civil and Mechanical Engineering";"sorbit";"sorbit";"Evaluating the effect of energy efficient retrofits on fuel performance – A study based on full-scale data from in-service operating ships|Evaluering af retro-fits betydning for et skibs fuel-performance"
"";"dtu|dtupub|third_party";"";"2022-01-03T13:13:19.408Z";"Aunstrup, Kenny Emil";"";"2525610199";"";"dtu";"2020";"";"";"";"";"thesis";"dtu|dtu_electronic|dtupub|dtupub_electronic";"";"";"";"";"";"";"";"";"";"";"";"";"";"";"";"";"und";"5e8c5ff1d9001d016475f3e4";"";"5e8c5ff1d9001d016475f3e4";"DTU Department of Chemistry";"sorbit";"sorbit";"Computer modeling of mutations in Alzheimer's disease|Computermodellering af mutationer i Alzheimer's sygdom"
"";"dtu|dtupub|third_party";"";"2022-01-03T13:05:42.381Z";"Bergmann, Jannik Tobias";"";"2444586716";"";"dtu";"2019";"";"";"";"";"thesis";"dtu|dtu_electronic|dtupub_external";"";"";"";"";"";"";"";"";"";"";"";"";"";"";"";"";"und";"5c8e3984d9001d017a0bd81b";"";"5c8e3984d9001d017a0bd81b";"DTU Department of Technology, Management and Economics";"sorbit";"sorbit";"Simulation study of inbound baggage transportation: A case study from the apron of Copenhagen Airport|Simulation study of inbound baggage transportation: A case study from the apron of Copenhagen Airport"
"";"dtu|dtupub|third_party";"";"2022-01-03T13:13:16.495Z";"Baurichter, Daniel";"";"2463189390";"";"dtu";"2019";"";"";"";"";"thesis";"dtu|dtu_electronic|dtupub_external";"";"";"";"";"";"";"";"";"";"";"";"";"";"";"";"";"und";"5d89fa05d9001d016b47bd51";"";"5d89fa05d9001d016b47bd51";"DTU Department of Civil and Mechanical Engineering";"sorbit";"sorbit";"Rechargeable Battery Module for Hearing Aid Applications|Genopladelige Batterimoduler til høreapperater"
"";"dtu|dtupub|third_party";"";"2022-01-11T08:43:16.005Z";"Weis-Banke, Camilla Marie";"";"2499453119";"";"dtu";"2020";"";"";"";"";"thesis";"dtu|dtu_electronic|dtupub|dtupub_electronic";"";"";"";"";"";"";"";"";"";"";"";"";"";"";"";"";"und";"5e623e0fd9001d018609a0e7";"";"5e623e0fd9001d018609a0e7";"DTU Department of Biotechnology and Biomedicine";"sorbit";"sorbit";"Towards high-throughput assay platforms for immunogenicity assessment of peptide-based drugs|Undersøgelse af muligheder for etablering af high-throughput assay metoder til maling af immunogenicitet af peptid-baserede lægemidler"
"";"dtu|dtupub|third_party";"";"2022-01-03T13:05:15.577Z";"Lyck, Christian";"";"2446847429";"";"dtu";"2019";"";"";"";"";"thesis";"dtu|dtu_electronic|dtupub_external";"";"";"";"";"";"";"";"";"";"";"";"";"";"";"";"";"und";"5cc952edd9001d01f6106ada";"";"5cc952edd9001d01f6106ada";"DTU Department of Civil and Mechanical Engineering";"sorbit";"sorbit";"The effect of additives on the microstructure and properties of Fe-based PM materials|Effekten af additiver pa mikrostruktur og egenskaber i jern-baserede PM materialer"
"";"dtu|dtupub|third_party";"";"2022-01-03T13:16:58.253Z";"Dale, Sofie Amalie";"";"2597213994";"";"dtu";"2020";"";"";"";"";"thesis";"dtu|dtu_electronic|dtupub|dtupub_electronic";"";"";"";"";"";"";"";"";"";"";"";"";"";"";"";"";"und";"5f561591d9001d01706cbb9f";"";"5f561591d9001d01706cbb9f";"DTU Department of Civil Engineering";"sorbit";"sorbit";"Assessment of indoor environment and energy consumption in renovated apartments|Evaluering af indeklima og energiforbrug i renoverede lejligheder"
"";"dtu|dtupub|third_party";"";"2022-01-03T13:16:35.768Z";"Yoztyurk, Esen";"";"2595356280";"";"dtu";"2020";"";"";"";"";"thesis";"dtu|dtu_electronic|dtupub_external";"";"";"";"";"";"";"";"";"";"";"";"";"";"";"";"";"und";"5f181f2cd9001d016b4e1f18";"";"5f181f2cd9001d016b4e1f18";"DTU Department of Chemical and Biochemical Engineering";"sorbit";"sorbit";"Development of mechanistic and data-driven mathematical models to describe the industrial cultivation of Chinese Hamster Ovary cells|Udvikling af mekanistisk og data-driven matematiske modeller til beskrivelse af den industrielle dyrkningsproduktion af Chinese Hamster Ovary celler"
"";"dtu|dtupub|third_party";"";"2022-01-06T23:54:27.480Z";"Myrda, Armand Damian";"";"2525610195";"";"dtu";"2020";"";"";"";"";"thesis";"dtu|dtu_electronic|dtupub_external";"";"";"";"";"";"";"";"";"";"";"";"";"";"";"";"";"und";"5e8c5ff0d9001d016475f3dd";"";"5e8c5ff0d9001d016475f3dd";"DTU Department of Health Technology";"sorbit";"sorbit";"Advanced biomedical signal processing for optical in-the-ear sensor|Avanceret biomedicinsk signalbehandling for bærbar optisk sensor"
"";"dtu|dtupub|third_party";"";"2022-01-03T13:13:24.754Z";"Enevoldsen, Sebastian Glæsel";"";"2446627968";"";"dtu";"2019";"";"";"";"";"thesis";"dtu|dtu_electronic|dtupub|dtupub_electronic";"";"";"";"";"";"";"";"";"";"";"";"";"";"";"";"";"und";"5cbbc0e5d9001d016b475b1a";"";"5cbbc0e5d9001d016b475b1a";"DTU Department of Civil Engineering";"sorbit";"sorbit";"Evaluation of adaptive comfort - hybrid system design in hot and humid climates|Evaluering af adaptiv komfort - Hybrid-systemdesign i varme og fugtige klimazoner"
"";"dtu|dtupub|third_party";"";"2022-01-03T13:16:35.953Z";"Gokhale, Amogh Uday";"";"2595588558";"";"dtu";"2020";"";"";"";"";"thesis";"dtu|dtu_electronic|dtupub|dtupub_electronic";"";"";"";"";"";"";"";"";"";"";"";"";"";"";"";"";"und";"5f20085fd9001d016b4e218f";"";"5f20085fd9001d016b4e218f";"DTU Department of Wind and Energy Systems";"sorbit";"sorbit";"Assessment of recycling potential and circularity in decommissioning of offshore wind farms|Vurdering af potentialet for genanvendelse og circularity ved decommissionering af offshore vindmølleparker"
"";"dtu|dtupub|third_party";"";"2022-01-03T13:16:47.307Z";"Rasmussen, Jacob Bodekær";"";"2597373137";"";"dtu";"2020";"";"";"";"";"thesis";"dtu|dtu_electronic|dtupub_external";"";"";"";"";"";"";"";"";"";"";"";"";"";"";"";"";"und";"5f5a09fcd9001d01706cbc7c";"";"5f5a09fcd9001d01706cbc7c";"DTU Department of Health Technology";"sorbit";"sorbit";"Combining complementary BCI methods|Kombination af komplementære BCI metoder"
"";"dtu|dtupub|third_party";"";"2022-01-03T13:05:37.429Z";"Czaudt, David";"";"2451028948";"";"dtu";"2019";"";"";"";"";"thesis";"dtu|dtu_electronic|dtupub|dtupub_electronic";"";"";"";"";"";"";"";"";"";"";"";"";"";"";"";"";"und";"5d3d83b6d9001d32f558c249";"";"5d3d83b6d9001d32f558c249";"DTU Department of Applied Mathematics and Computer Science";"sorbit";"sorbit";"Speech Enhancement with Deep Learning|Taleforbedring med dyb læring"
"";"dtu|dtupub|third_party";"";"2022-01-03T13:13:41.414Z";"Singhal, Gaurav";"";"2450155189";"";"dtu";"2019";"";"";"";"";"thesis";"dtu|dtu_electronic|dtupub|dtupub_electronic";"";"";"";"";"";"";"";"";"";"";"";"";"";"";"";"";"und";"5d1898eed9001d041e6f5c24";"";"5d1898eed9001d041e6f5c24";"DTU Department of Environmental and Resource Engineering";"sorbit";"sorbit";"Evaluation of solar disinfection for household water treatment at a community scale|Evaluering af sol-disinfektion til lokal husholdningsbehandling"
"";"dtu|dtupub|third_party";"";"2022-01-03T13:13:20.385Z";"Hou, Baosheng";"";"2497058056";"";"dtu";"2019";"";"";"";"";"thesis";"dtu|dtu_electronic|dtupub_external";"";"";"";"";"";"";"";"";"";"";"";"";"";"";"";"";"und";"5e5ba68fd9001d016b3f3729";"";"5e5ba68fd9001d016b3f3729";"DTU Department of Health Technology";"sorbit";"sorbit";"Selecting virtual targets using a new hybrid of eye-tracking and motor imagery brain-computer-interface|Markering af virtuelle objekter med en ny hybrid af eye-tracking og motor imagery brain-computer-interface"
"";"dtu|dtupub|third_party";"";"2022-01-03T13:05:43.305Z";"Mortensen, Fródi Norden";"";"2450677449";"";"dtu";"2019";"";"";"";"";"thesis";"dtu|dtu_electronic|dtupub_external";"";"";"";"";"";"";"";"";"";"";"";"";"";"";"";"";"und";"5d286aded9001d2d454f063c";"";"5d286aded9001d2d454f063c";"DTU Department of Electrical and Photonics Engineering";"sorbit";"sorbit";"LTE Performance Evaluation and Optimization|LTE performanceevaluering og optimering"
"";"dtu|dtupub|third_party";"";"2022-01-03T13:13:37.818Z";"Elmobdy, Noha Abd";"";"2446611519";"";"dtu";"2019";"";"";"";"";"thesis";"dtu|dtu_electronic|dtupub_external";"";"";"";"";"";"";"";"";"";"";"";"";"";"";"";"";"und";"5cb9acf4d9001d016b475ae9";"";"5cb9acf4d9001d016b475ae9";"DTU Department of Civil and Mechanical Engineering";"sorbit";"sorbit";"Heat treatment and microstructure optimization of 3D printed austenitic stainless steel AISI 316L|Varmebehandling og optimering af mikrostruktur af 3D printet austenitisk rustfrit stal AISI 316L"
"";"dtu|dtupub|third_party";"";"2022-01-11T08:43:00.428Z";"Thygesen, Aputsiaq Hammond";"";"2452033426";"";"dtu";"2019";"";"";"";"";"thesis";"dtu|dtu_electronic|dtupub|dtupub_electronic";"";"";"";"";"";"";"";"";"";"";"";"";"";"";"";"";"und";"5d4ff7ffd9001d1f8a6c420c";"";"5d4ff7ffd9001d1f8a6c420c";"DTU Department of Civil Engineering";"sorbit";"sorbit";"Indoor climate and ventilation in renovated homes in Greenland|Indendørs luftkvalitet og ventilation i renoveret huse i Grønland"
"";"dtu|dtupub|third_party";"";"2022-01-03T13:16:32.594Z";"Zwicker, Maximilian Felix Roman";"";"2444586714";"";"dtu";"2019";"";"";"";"";"thesis";"dtu|dtu_electronic|dtupub|dtupub_electronic";"";"";"";"";"";"";"";"";"";"";"";"";"";"";"";"";"und";"5c8e3984d9001d017a0bd819";"";"5c8e3984d9001d017a0bd819";"DTU Department of Civil and Mechanical Engineering";"sorbit";"sorbit";"Resistance welding of battery cells|Modstandssvejsning af battericeller"
"";"dtu|dtupub|third_party";"";"2022-01-03T13:13:22.058Z";"Hansen, Martin Schultz";"";"2595488058";"";"dtu";"2020";"";"";"";"";"thesis";"dtu|dtu_electronic|dtupub|dtupub_electronic";"";"";"";"";"";"";"";"";"";"";"";"";"";"";"";"";"und";"5f1eb6bdd9001d016b4e207e";"";"5f1eb6bdd9001d016b4e207e";"DTU Department of Civil and Mechanical Engineering";"sorbit";"sorbit";"Environmentally Sustainable Insulated Food Packaging|Miljømæssig bæredygtig isolerende fødevare emballage"
"";"dtu|dtupub|third_party";"";"2022-01-03T13:05:49.439Z";"Jeppesen, Simon Friis";"";"2494772556";"";"dtu";"2020";"";"";"";"";"thesis";"dtu|dtu_electronic|dtupub_external";"";"";"";"";"";"";"";"";"";"";"";"";"";"";"";"";"und";"5e43eb7cd9001d016924d1e1";"";"5e43eb7cd9001d016924d1e1";"DTU Department of Chemical and Biochemical Engineering";"sorbit";"sorbit";"Self-association in protein adsorption|Selvassociation ved protein adsorption"
"";"dtu|dtupub|third_party";"";"2022-01-06T23:54:24.989Z";"Börgesen, Malte Hyllested|Harder, Christian";"";"2451175618";"";"dtu";"2019";"";"";"";"";"thesis";"dtu|dtu_electronic|dtupub_external";"";"";"";"";"";"";"";"";"";"";"";"";"";"";"";"";"und";"5d456bf3d9001d32f558c45f";"";"5d456bf3d9001d32f558c45f";"DTU Department of Technology, Management and Economics";"sorbit";"sorbit";"Solving an integrated planning problem for the production and distribution of paper pulp|Løsning af et integreret planlægningsproblem for produktion og distribution af papirmasse"
"";"dtu|dtupub|third_party";"";"2022-01-03T13:13:19.030Z";"Al-sallami, Hussein";"";"2453020887";"";"dtu";"2019";"";"";"";"";"thesis";"dtu|dtu_electronic|dtupub|dtupub_electronic";"";"";"";"";"";"";"";"";"";"";"";"";"";"";"";"";"und";"5d690462d9001d452b7685e1";"";"5d690462d9001d452b7685e1";"DTU Department of Electrical Engineering";"sorbit";"sorbit";"Investigation of Class-E Resonant Converters for Power Factor Correction Applications|Undersøgelse af klasse-E resonansomformer til anvendelse til effektfaktorkorrektion"
"";"dtu|dtupub|third_party";"";"2022-01-03T13:16:31.707Z";"Gammelsrød, Emil Andre";"";"2451029079";"";"dtu";"2019";"";"";"";"";"thesis";"dtu|dtu_electronic|dtupub|dtupub_electronic";"";"";"";"";"";"";"";"";"";"";"";"";"";"";"";"";"und";"5d3d83eed9001d32f558c2c7";"";"5d3d83eed9001d32f558c2c7";"DTU Department of Electrical Engineering";"sorbit";"sorbit";"Perceptual aspects of the electrodynamic loudspeaker response|Perceptuelle aspekter af den elektrodynamiske højttalers respons."
"";"dtu|dtupub|third_party";"";"2022-01-03T13:13:11.180Z";"Olsen, Jonatan|Grønager, Bastian Ellegård";"";"2596339158";"";"dtu";"2020";"";"";"";"";"thesis";"dtu|dtu_electronic|dtupub_external";"";"";"";"";"";"";"";"";"";"";"";"";"";"";"";"";"und";"5f3a662dd9001d01721d7ca1";"";"5f3a662dd9001d01721d7ca1";"DTU Department of Technology, Management and Economics";"sorbit";"sorbit";"Tracking Bitcoins|Sporing af Bitcoins"
"";"dtu|dtupub|third_party";"";"2022-01-03T13:13:23.946Z";"Vera, Alberto Vazquez";"";"2597373149";"";"dtu";"2020";"";"";"";"";"thesis";"dtu|dtu_electronic|dtupub_external";"";"";"";"";"";"";"";"";"";"";"";"";"";"";"";"";"und";"5f5a09ffd9001d01706cbc85";"";"5f5a09ffd9001d01706cbc85";"DTU Department of Wind and Energy Systems";"sorbit";"sorbit";"Investigation of a deterministic approach for estimation of FLS loads in foundations for offshore wind turbines|Analyse af en deterministisk procedure for FLS laster pa offshore vindmøllefundamenter"
"";"dtu|dtupub|third_party";"";"2022-01-06T23:54:30.146Z";"Elbo, Thomas Møller";"";"2595680972";"";"dtu";"2020";"";"";"";"";"thesis";"dtu|dtu_electronic|dtupub|dtupub_electronic";"";"";"";"";"";"";"";"";"";"";"";"";"";"";"";"";"und";"5f23fcadd9001d016b4e226c";"";"5f23fcadd9001d016b4e226c";"DTU Department of Applied Mathematics and Computer Science";"sorbit";"sorbit";"Cross-lingual Speaker Verification Using Deep Learning Approach|Tværsproglig Taler Verifikation Ved Brug Af Deep Learning Metoder"
"";"dtu|dtupub|third_party";"";"2022-01-06T23:54:30.187Z";"Salvadó, Alex Matesanz";"";"2595911640";"";"dtu";"2020";"";"";"";"";"thesis";"dtu|dtu_electronic|dtupub|dtupub_electronic";"";"";"";"";"";"";"";"";"";"";"";"";"";"";"";"";"und";"5f2a942cd9001d016b4e2397";"";"5f2a942cd9001d016b4e2397";"DTU Department of Chemical and Biochemical Engineering";"sorbit";"sorbit";"Modelling and optimization of beer fermentation towards optimal flavour profile|Modellering og optimering af ølfermentering mod optimal smagsprofil"
"";"dtu|dtupub|third_party";"";"2022-01-03T13:05:25.565Z";"Overgaard, Jacob Elias Fæster";"";"2525943198";"";"dtu";"2020";"";"";"";"";"thesis";"dtu|dtu_electronic|dtupub_external";"";"";"";"";"";"";"";"";"";"";"";"";"";"";"";"";"und";"5e9448eed9001d016475f3fe";"";"5e9448eed9001d016475f3fe";"DTU Department of Electrical Engineering";"sorbit";"sorbit";"Design of a High Efficiency Highly Integrated DC-DC Power Converter in a 0.13 um Process|Design af Højeffekt Tæt Integreret DC-DC Effektkonverter i en 0.13 um Proces"
"";"dtu|dtupub|third_party";"";"2022-01-03T13:16:54.918Z";"Thilker, Christian Ankerstjerne";"";"2496058272";"";"dtu";"2020";"";"";"";"";"thesis";"dtu|dtu_electronic|dtupub|dtupub_electronic";"";"";"";"";"";"";"";"";"";"";"";"";"";"";"";"";"und";"5e550f07d9001d0164073e9e";"";"5e550f07d9001d0164073e9e";"DTU Department of Applied Mathematics and Computer Science";"sorbit";"sorbit";"Optimization for smart energy systems|Optimering til smarte energisystemer"
"";"dtu|dtupub|third_party";"";"2022-01-03T13:13:22.282Z";"Olsen, Jeppe Melhedegård";"";"2597274439";"";"dtu";"2020";"";"";"";"";"thesis";"dtu|dtu_electronic|dtupub|dtupub_electronic";"";"";"";"";"";"";"";"";"";"";"";"";"";"";"";"";"und";"5f576703d9001d01706cbbc6";"";"5f576703d9001d01706cbbc6";"DTU Department of Civil and Mechanical Engineering";"sorbit";"sorbit";"Topology optimization of compliant mechanisms for battery recharging stations|Topologioptimering af eftergivelige mekanismer til ladestation"
"";"dtu|dtupub|third_party";"";"2022-01-03T13:13:22.265Z";"Frøstrup, Louise Rovs";"";"2595758106";"";"dtu";"2020";"";"";"";"";"thesis";"dtu|dtu_electronic|dtupub|dtupub_electronic";"";"";"";"";"";"";"";"";"";"";"";"";"";"";"";"";"und";"5f269fb3d9001d016b4e22f1";"";"5f269fb3d9001d016b4e22f1";"DTU Department of Health Technology";"sorbit";"sorbit";"Automatic detection and characterization of nocturnal eye movements as a biomarker for Parkinson’s disease|Automatisk detektion og karakterisering af natlige øjenbevægelser som en biomarkør for Parkinson’s sygdom."
"";"dtu|dtupub|third_party";"";"2022-01-03T13:05:50.732Z";"Krarup, Kristian";"";"2595588465";"";"dtu";"2020";"";"";"";"";"thesis";"dtu|dtu_electronic|dtupub|dtupub_electronic";"";"";"";"";"";"";"";"";"";"";"";"";"";"";"";"";"und";"5f200856d9001d016b4e2160";"";"5f200856d9001d016b4e2160";"DTU Department of Applied Mathematics and Computer Science";"sorbit";"sorbit";"Detection of Decentralized VPN|Detektion af decentraliseret VPN"
"";"dtu|dtupub|third_party";"";"2022-01-06T23:55:14.841Z";"Pelic, Jacek Krzysztof";"";"2525156581";"";"dtu";"2020";"";"";"";"";"thesis";"dtu|dtu_electronic|dtupub_external";"";"";"";"";"";"";"";"";"";"";"";"";"";"";"";"";"und";"5e832570d9001d01923ead76";"";"5e832570d9001d01923ead76";"DTU Department of Applied Mathematics and Computer Science";"sorbit";"sorbit";"Selecting a hospital information system in a developing country: Assessment criteria and systems analysis|Valg af et hospitalinformationssystem i et udviklingsland: Vurderingskriterier og systemanalyse"
"";"dtu|dtupub|third_party";"";"2022-01-03T13:16:56.280Z";"Rasmussen, Line Lillelund";"";"2497547079";"";"dtu";"2020";"";"";"";"";"thesis";"dtu|dtu_electronic|dtupub|dtupub_electronic";"";"";"";"";"";"";"";"";"";"";"";"";"";"";"";"";"und";"5e60ecaed9001d016338ad10";"";"5e60ecaed9001d016338ad10";"DTU DTU National Food Institute";"sorbit";"sorbit";"Study of spent beer yeast for bread baking|Undersøgelse af ølgær i brødbagning"
"";"dtu|dtupub|third_party";"";"2022-01-03T13:13:20.884Z";"Jacobs, Pim Anthonius Petrus Everhart Allegonda";"";"2594465455";"";"dtu";"2020";"";"";"";"";"thesis";"dtu|dtu_electronic|dtupub|dtupub_electronic";"";"";"";"";"";"";"";"";"";"";"";"";"";"";"";"";"und";"5eff12c1d9001d0169116f9e";"";"5eff12c1d9001d0169116f9e";"DTU Department of Wind and Energy Systems";"sorbit";"sorbit";"A parametric study of shear effects on wind turbine wake deflection using CFD|En parametrisk undersøgelse af sheareffekten pa vindmøllekølvandsafbøjningen ved hjælp af CFD"
"";"dtu|dtupub|third_party";"";"2022-01-03T13:16:57.642Z";"Liu, Baiqing";"";"2596670065";"";"dtu";"2020";"";"";"";"";"thesis";"dtu|dtu_electronic|dtupub_external";"";"";"";"";"";"";"";"";"";"";"";"";"";"";"";"";"und";"5f43a078d9001d01721d7da7";"";"5f43a078d9001d01721d7da7";"DTU Department of Environmental and Resource Engineering";"sorbit";"sorbit";"Microbial electrosynthesis of microbial protein from CO2|Mikrobiel elektrosyntese af mikrobielt protein fra CO2"
"";"dtu|dtupub|third_party";"";"2022-01-03T13:05:51.761Z";"Bendtsen, Marie Blatt";"";"2595162722";"";"dtu";"2020";"";"";"";"";"thesis";"dtu|dtu_electronic|dtupub_external";"";"";"";"";"";"";"";"";"";"";"";"";"";"";"";"";"und";"5f12d933d9001d016b4e1e6b";"";"5f12d933d9001d016b4e1e6b";"DTU Department of Biotechnology and Biomedicine";"sorbit";"sorbit";"Cell-cell fusion technology to disrupt bioindustrial production|Celle-celle fusionsteknologi til disruption af bioindustriel produktion"
"";"dtu|dtupub|third_party";"";"2022-01-03T13:13:20.360Z";"Glissner, Marvin";"";"2595623080";"";"dtu";"2020";"";"";"";"";"thesis";"dtu|dtu_electronic|dtupub|dtupub_electronic";"";"";"";"";"";"";"";"";"";"";"";"";"";"";"";"";"und";"5f2159b8d9001d016b4e21f5";"";"5f2159b8d9001d016b4e21f5";"DTU Department of Civil Engineering";"sorbit";"sorbit";"Service life prediction of concrete in cold climate, benchmarking of chloride ingress simulations|Forudsigelse af koldt liv beton og benchmarksimulering af klorindtrængning"
"";"dtu|dtupub|third_party";"";"2022-01-11T08:43:04.800Z";"Kumar, Chandan";"";"2595588433";"";"dtu";"2020";"";"";"";"";"thesis";"dtu|dtu_electronic|dtupub_external";"";"";"";"";"";"";"";"";"";"";"";"";"";"";"";"";"und";"5f20084fd9001d016b4e214b";"";"5f20084fd9001d016b4e214b";"DTU Department of Civil and Mechanical Engineering";"sorbit";"sorbit";"Factors affecting vessel performance predictions|Factors affecting vessel performance predictions"
"";"dtu|dtupub|third_party";"";"2022-01-03T13:16:32.611Z";"Andreasen, Alexander Kvist";"";"2445374249";"";"dtu";"2019";"";"";"";"";"thesis";"dtu|dtu_electronic|dtupub|dtupub_electronic";"";"";"";"";"";"";"";"";"";"";"";"";"";"";"";"";"und";"5ca5b611d9001d48605f3bd3";"";"5ca5b611d9001d48605f3bd3";"DTU Department of Applied Mathematics and Computer Science";"sorbit";"sorbit";"Scalable Nearest Neighbor Search in High Dimensions|Skalerbar nærmeste-nabo søgning i høje dimensioner"
"";"dtu|dtupub|third_party";"";"2022-01-03T13:13:16.814Z";"Schjødt-Hansen, Kasper|Steffensen, Andreas Kjer";"";"2444259687";"";"dtu";"2019";"";"";"";"";"thesis";"dtu|dtu_electronic|dtupub|dtupub_electronic";"";"";"";"";"";"";"";"";"";"";"";"";"";"";"";"";"und";"5c7e6793d9001d361b4cd4e3";"";"5c7e6793d9001d361b4cd4e3";"DTU Department of Applied Mathematics and Computer Science";"sorbit";"sorbit";"Evaluation of explanation methods in machine learning|Evaluering af forklaringsmetoder til machine learning"
"";"dtu|dtupub|third_party";"";"2022-01-03T13:16:32.656Z";"Karatasos, Vasileios";"";"2445374286";"";"dtu";"2019";"";"";"";"";"thesis";"dtu|dtu_electronic|dtupub_external";"";"";"";"";"";"";"";"";"";"";"";"";"";"";"";"";"und";"5ca5b648d9001d48605f3c0a";"";"5ca5b648d9001d48605f3c0a";"DTU Department of Wind and Energy Systems";"sorbit";"sorbit";"Analysis of dynamic wake steering effects in an operational wind farm|Analyse af effekter fra dynamisk kølvandsstyring i en operationel vindmøllepark"
"";"dtu|dtupub|third_party";"";"2022-01-06T23:56:29.629Z";"Poulsen, Lina";"";"2444215416";"";"dtu";"2019";"";"";"";"";"thesis";"dtu|dtu_electronic|dtupub_external";"";"";"";"";"";"";"";"";"";"";"";"";"";"";"";"";"und";"5c752d2fd9001d016d4b58bb";"";"5c752d2fd9001d016d4b58bb";"DTU Department of Wind and Energy Systems";"sorbit";"sorbit";"Validation of wind farm parametrization in WRF using wind farm data|Validering af vindmøllepark parametrisering i WRF ved hjælp af data fra vindmølleparker"
"";"dtu|dtupub|third_party";"";"2022-01-06T23:55:08.859Z";"Zambon, Lorenzo";"";"2451028569";"";"dtu";"2019";"";"";"";"";"thesis";"dtu|dtu_electronic|dtupub|dtupub_electronic";"";"";"";"";"";"";"";"";"";"";"";"";"";"";"";"";"und";"5d3d82fdd9001d32f558c0af";"";"5d3d82fdd9001d32f558c0af";"DTU Department of Civil and Mechanical Engineering";"sorbit";"sorbit";"Åbning og Lukning af en Brændstofsdyse|Opening and closing of a fuel valve"
"";"dtu|dtupub|third_party";"";"2022-01-03T13:16:35.509Z";"Hosteins, Gaspard";"";"2451029163";"";"dtu";"2019";"";"";"";"";"thesis";"dtu|dtu_electronic|dtupub|dtupub_electronic";"";"";"";"";"";"";"";"";"";"";"";"";"";"";"";"";"und";"5d3d841dd9001d32f558c332";"";"5d3d841dd9001d32f558c332";"DTU Department of Technology, Management and Economics";"sorbit";"sorbit";"Heuristic for Network Design Problems|Heuristikker til løsning af netværksdesign problemer"
"";"dtu|dtupub|third_party";"";"2022-01-06T23:55:15.405Z";"Preaut, Marie";"";"2595983813";"";"dtu";"2019";"";"";"";"";"thesis";"dtu|dtu_electronic|dtupub|dtupub_electronic";"";"";"";"";"";"";"";"";"";"";"";"";"";"";"";"";"und";"5f2d3722d9001d016b4e23c6";"";"5f2d3722d9001d016b4e23c6";"DTU Department of Environmental and Resource Engineering";"sorbit";"sorbit";"GIS-based identification of stormwater pollution sources and quantification of discharged loads to Copenhagen harbour|GIS-baseret identificering af forureningskilder og kvantificering af udledning fra separate regnvandssystemer til Københavns havn"
"";"dtu|dtupub|third_party";"";"2022-01-11T08:43:01.489Z";"Krogsbøll, Laurits Bøggild";"";"2496058229";"";"dtu";"2020";"";"";"";"";"thesis";"dtu|dtu_electronic|dtupub_external";"";"";"";"";"";"";"";"";"";"";"";"";"";"";"";"";"und";"5e550f02d9001d0164073e88";"";"5e550f02d9001d0164073e88";"DTU Department of Chemical and Biochemical Engineering";"sorbit";"sorbit";"Investigation of char properties of intumescent coatings|Undersøgelse af koksegenskaber af intumescerende coatings"
"";"dtu|dtupub|third_party";"";"2022-01-03T13:16:34.367Z";"Nissen, Laus|Brynjulfsson, Amalie Hildebrandt";"";"2451028949";"";"dtu";"2019";"";"";"";"";"thesis";"dtu|dtu_electronic|dtupub_external";"";"";"";"";"";"";"";"";"";"";"";"";"";"";"";"";"und";"5d3d83b6d9001d32f558c24a";"";"5d3d83b6d9001d32f558c24a";"DTU Department of Civil and Mechanical Engineering";"sorbit";"sorbit";"UX and industrial design of sports equipment within consumer electronics|UX og industriel design af sportsudstyr indenfor forbrugerelektronik"
"";"dtu|dtupub|third_party";"";"2022-01-03T13:13:19.066Z";"Wang, Chang";"";"2453302217";"";"dtu";"2019";"";"";"";"";"thesis";"dtu|dtu_electronic|dtupub_external";"";"";"";"";"";"";"";"";"";"";"";"";"";"";"";"";"und";"5d6a55f4d9001d452b768624";"";"5d6a55f4d9001d452b768624";"DTU Department of Electrical Engineering";"sorbit";"sorbit";"1 MHz 48 V to 5 V 800 W LLC Converter for Data Center Application|1 MHz 48 V to 5 V 800 W LLC Converter for Data Center Application"
"";"dtu|dtupub|third_party";"";"2022-01-03T13:05:21.323Z";"Pedersen, Anders Blak";"";"2452037971";"";"dtu";"2019";"";"";"";"";"thesis";"dtu|dtu_electronic|dtupub|dtupub_electronic";"";"";"";"";"";"";"";"";"";"";"";"";"";"";"";"";"und";"5d514974d9001d1f8a6c4241";"";"5d514974d9001d1f8a6c4241";"DTU Department of Civil Engineering";"sorbit";"sorbit";"Development of sections to the Kattegat bridge based on Pearl-Chain reinforcement|Udvikling af elementer til Kattegatbroen baseret pa Perlekæde-armering"
"";"dtu|dtupub|third_party";"";"2022-01-03T13:05:47.934Z";"Pathre, Tanmayee Uday";"";"2452917413";"";"dtu";"2019";"";"";"";"";"thesis";"dtu|dtu_electronic|dtupub|dtupub_electronic";"";"";"";"";"";"";"";"";"";"";"";"";"";"";"";"";"und";"5d650ff7d9001d452b76851d";"";"5d650ff7d9001d452b76851d";"DTU Department of Electrical Engineering";"sorbit";"sorbit";"Investigating Auditory Streaming in Cochlear Implant users|Undersøgelse af Cochlear-implantat brugers evne til at adskille lyde."
"";"dtu|dtupub|third_party";"";"2022-01-03T13:13:18.182Z";"Fortina, Samuele";"";"2451139205";"";"dtu";"2019";"";"";"";"";"thesis";"dtu|dtu_electronic|dtupub_external";"";"";"";"";"";"";"";"";"";"";"";"";"";"";"";"";"und";"5d41776cd9001d32f558c396";"";"5d41776cd9001d32f558c396";"DTU Department of Civil Engineering";"sorbit";"sorbit";"How is district heating used in Nordhavn?|Hvordan anvendes fjernvarme i Nordhavn?"
"";"dtu|dtupub|third_party";"";"2022-01-06T23:55:09.496Z";"Guglielminotti, Arianna";"";"2451029139";"";"dtu";"2019";"";"";"";"";"thesis";"dtu|dtu_electronic|dtupub|dtupub_electronic";"";"";"";"";"";"";"";"";"";"";"";"";"";"";"";"";"und";"5d3d840ed9001d32f558c314";"";"5d3d840ed9001d32f558c314";"DTU Department of Energy Conversion and Storage";"sorbit";"sorbit";"Effect on band gap of ligand-exchange in solution processed CZTS thin films through PES analysis|Effect on band gap of ligand-exchange in solution processed CZTS thin films through PES analysis"
"";"dtu|dtupub|third_party";"";"2022-01-03T13:05:48.904Z";"Oscoz, Eneko";"";"2453338089";"";"dtu";"2019";"";"";"";"";"thesis";"dtu|dtu_electronic|dtupub|dtupub_electronic";"";"";"";"";"";"";"";"";"";"";"";"";"";"";"";"";"und";"5d6e4aafd9001d66e8021849";"";"5d6e4aafd9001d66e8021849";"DTU Department of Wind and Energy Systems";"sorbit";"sorbit";"Monopile loads from waves on a current: Simulations and analysis of experimental data|Laster pa monopæle fra kombinerede bølger og strøm. Modellering og analyse af malte data"
"";"dtu|dtupub|third_party";"";"2022-01-03T13:05:21.286Z";"Czerny, Jakub";"";"2451314133";"";"dtu";"2019";"";"";"";"";"thesis";"dtu|dtu_electronic|dtupub|dtupub_electronic";"";"";"";"";"";"";"";"";"";"";"";"";"";"";"";"";"und";"5d4ab1f0d9001d1f8a6c41ad";"";"5d4ab1f0d9001d1f8a6c41ad";"DTU Department of Applied Mathematics and Computer Science";"sorbit";"sorbit";"Semantic segmentation of brain tumors for MRI using semi-supervised adversarial neural networks|Semantisk segmentering af hjerne tumors til MRI ved brug af semi-supervised adversarial neurale netværk"
"";"dtu|dtupub|third_party";"";"2022-01-03T13:05:25.338Z";"Patso, Dimitris";"";"2506938482";"";"dtu";"2020";"";"";"";"";"thesis";"dtu|dtu_electronic|dtupub_external";"";"";"";"";"";"";"";"";"";"";"";"";"";"";"";"";"und";"5e6b787dd9001d016b1c5304";"";"5e6b787dd9001d016b1c5304";"DTU Department of Biotechnology and Biomedicine";"sorbit";"sorbit";"Investigation and enhancement of the sensitivity of a multiplex lateral flow assay developed for detecting bacteria in milk and serum|Investigation and enhancement of the sensitivity of a multiplex lateral flow assay developed for detecting bacteria in milk and serum"
"";"dtu|dtupub|third_party";"";"2022-01-03T13:05:54.632Z";"Evind-Poulsen, Louis";"";"2598443300";"";"dtu";"2020";"";"";"";"";"thesis";"dtu|dtu_electronic|dtupub|dtupub_electronic";"";"";"";"";"";"";"";"";"";"";"";"";"";"";"";"";"und";"5f745821d9001d5518098b0b";"";"5f745821d9001d5518098b0b";"DTU Department of Electrical and Photonics Engineering";"sorbit";"sorbit";"Laser stabilisation with photorefractive materials|Laserstabilisering med fotorefraktive materialer"
"";"dtu|dtupub|third_party";"";"2025-10-16T00:34:06.549Z";"Chambi, Gloria Bahl";"";"2874581392";"";"dtu";"2019";"";"";"";"";"thesis";"dtu|dtu_electronic|dtupub|dtupub_electronic";"";"";"";"";"";"";"";"";"";"";"";"";"";"";"";"";"und";"68f037f3bb497415e1692925";"";"68f037f3bb497415e1692925";"DTU Department of Wind and Energy Systems";"sorbit";"sorbit";"Wind Resource Assessment for Comodoro Rivadavia City, Patagonia, Argentina, using WAsP and the Global Wind Atlas|Wind Resource Assessment for Comodoro Rivadavia City, Patagonia, Argentina, using WAsP and the Global Wind Atlas"
"";"dtu|dtupub|third_party";"";"2022-01-03T13:16:57.645Z";"Wood, Philip Michael Højgaard";"";"2597202375";"";"dtu";"2020";"";"";"";"";"thesis";"dtu|dtu_electronic|dtupub_external";"";"";"";"";"";"";"";"";"";"";"";"";"";"";"";"";"und";"5f54c408d9001d01694ab051";"";"5f54c408d9001d01694ab051";"DTU Department of Civil and Mechanical Engineering";"sorbit";"sorbit";"Design and analysis of heat exchanger networks for heat pumps in series|Design og analyse af varmevekslernetværk for serielt koblede varmepumper"
"";"dtu|dtupub|third_party";"";"2022-01-03T13:16:57.705Z";"Vishwanath, Srikanth";"";"2596766006";"";"dtu";"2020";"";"";"";"";"thesis";"dtu|dtu_electronic|dtupub|dtupub_electronic";"";"";"";"";"";"";"";"";"";"";"";"";"";"";"";"";"und";"5f464383d9001d01721d7e01";"";"5f464383d9001d01721d7e01";"DTU Department of Chemical and Biochemical Engineering";"sorbit";"sorbit";"Techno-economic feasibility study for implementation of biochar-based carbon capture and storage|Tekno-økonomisk gennemførlighedsundersøgelse til implementering af biochar-baseret kulstofindsamling og -lagring"
"";"dtu|dtupub|third_party";"";"2022-01-03T13:13:16.526Z";"Sarici, Asena Melisa";"";"2595757993";"";"dtu";"2020";"";"";"";"";"thesis";"dtu|dtu_electronic|dtupub_external";"";"";"";"";"";"";"";"";"";"";"";"";"";"";"";"";"und";"5f269fb1d9001d016b4e22e1";"";"5f269fb1d9001d016b4e22e1";"DTU Department of Electrical Engineering";"sorbit";"sorbit";"Converter Design for Soft-charging of dc-link Capacitors|Omformer Design til Blødopladning af dc-link Kondensatorer"
"";"dtu|dtupub|third_party";"";"2022-01-03T13:05:54.779Z";"Henriksen, Mads Thorstein Roar";"";"2605495592";"";"dtu";"2020";"";"";"";"";"thesis";"dtu|dtu_electronic|dtupub|dtupub_electronic";"";"";"";"";"";"";"";"";"";"";"";"";"";"";"";"";"und";"5fa3ec4bd9001d0169385cb0";"";"5fa3ec4bd9001d0169385cb0";"DTU Department of Applied Mathematics and Computer Science";"sorbit";"sorbit";"Theory and numerics behind grain diffraction tomography in polycrystalline materials|Teori og numerik bag diffraktionstomografi af korn i polykrystallinske materialer"
"";"dtu|dtupub|third_party";"";"2022-01-03T13:16:53.502Z";"Kanstad, Tore Gederaas";"";"2452812549";"";"dtu";"2019";"";"";"";"";"thesis";"dtu|dtu_electronic|dtupub_external";"";"";"";"";"";"";"";"";"";"";"";"";"";"";"";"";"und";"5d611b75d9001d0887792ffd";"";"5d611b75d9001d0887792ffd";"DTU Department of Electrical Engineering";"sorbit";"sorbit";"Highly efficient on-board AC-DC battery charger with unity input power factor|Highly efficient on-board AC-DC battery charger with unity input power factor"
"";"dtu|dtupub|third_party";"";"2022-01-03T13:13:23.391Z";"Yan, Wenhao";"";"2597274444";"";"dtu";"2020";"";"";"";"";"thesis";"dtu|dtu_electronic|dtupub|dtupub_electronic";"";"";"";"";"";"";"";"";"";"";"";"";"";"";"";"";"und";"5f576705d9001d01706cbbcb";"";"5f576705d9001d01706cbbcb";"DTU Department of Wind and Energy Systems";"sorbit";"sorbit";"Investigation of aerodynamics of time trial cycling helmets|Undersøgelse af aerodynamikken for enkeltstartshjelm"
"";"dtu|dtupub|third_party";"";"2022-01-11T08:43:14.118Z";"Duclos, Capucine Marie Pierre Nicole|Coutton, Baptiste Nicolas";"";"2452917611";"";"dtu";"2019";"";"";"";"";"thesis";"dtu|dtu_electronic|dtupub_external";"";"";"";"";"";"";"";"";"";"";"";"";"";"";"";"";"und";"5d65101ed9001d452b76857f";"";"5d65101ed9001d452b76857f";"DTU Department of Technology, Management and Economics";"sorbit";"sorbit";"THE FREIGHT CONSOLIDATION AND CONTAINERIZATION PROBLEM|THE FREIGHT CONSOLIDATION AND CONTAINERIZATION PROBLEM"
"";"dtu|dtupub|third_party";"";"2022-01-03T13:16:34.758Z";"Agudelo, Diana Maria Garza";"";"2451091229";"";"dtu";"2019";"";"";"";"";"thesis";"dtu|dtu_electronic|dtupub|dtupub_electronic";"";"";"";"";"";"";"";"";"";"";"";"";"";"";"";"";"und";"5d4025e9d9001d32f558c35e";"";"5d4025e9d9001d32f558c35e";"DTU Department of Electrical Engineering";"sorbit";"sorbit";"Room shape optimization for low frequency acoustics|Formoptimering af rumakustisk ved lave frekvenser"
"";"dtu|dtupub|third_party";"";"2022-01-03T13:05:22.376Z";"Zaatari, Nizar Jacob";"";"2453337516";"";"dtu";"2019";"";"";"";"";"thesis";"dtu|dtu_electronic|dtupub|dtupub_electronic";"";"";"";"";"";"";"";"";"";"";"";"";"";"";"";"";"und";"5d6e4a82d9001d66e80217e8";"";"5d6e4a82d9001d66e80217e8";"DTU Department of Civil and Mechanical Engineering";"sorbit";"sorbit";"Oil transport along cylinder liner in two-stroke diesel engines|Olietransport langs cylindervæggen i to-takts dieselmotorer."
"";"dtu|dtupub|third_party";"";"2022-01-03T13:05:48.099Z";"Maddipati, Veera Venkata Vamsy Krishna";"";"2452917746";"";"dtu";"2019";"";"";"";"";"thesis";"dtu|dtu_electronic|dtupub|dtupub_electronic";"";"";"";"";"";"";"";"";"";"";"";"";"";"";"";"";"und";"5d65102dd9001d452b7685a0";"";"5d65102dd9001d452b7685a0";"DTU Department of Electrical Engineering";"sorbit";"sorbit";"Study of the membrane deflection of externally polarized microphones|Undersøgelse af membran afbøjning af eksternt polariserede mikrofoner"
"";"dtu|dtupub|third_party";"";"2022-01-06T23:54:29.061Z";"Frederiksen, Andreas Henrik";"";"2595588467";"";"dtu";"2020";"";"";"";"";"thesis";"dtu|dtu_electronic|dtupub|dtupub_electronic";"";"";"";"";"";"";"";"";"";"";"";"";"";"";"";"";"und";"5f200856d9001d016b4e2163";"";"5f200856d9001d016b4e2163";"DTU Department of Civil and Mechanical Engineering";"sorbit";"sorbit";"Numerical modelling of synovial joint tribology|Numerisk modellering af tribologien i synoviale led"
"";"dtu|dtupub|third_party";"";"2022-01-03T13:13:31.082Z";"Olesen, Johannes|Thorsen, Mathias Simon";"";"2596798794";"";"dtu";"2020";"";"";"";"";"thesis";"dtu|dtu_electronic|dtupub_external";"";"";"";"";"";"";"";"";"";"";"";"";"";"";"";"";"und";"5f4794fad9001d01721d7e37";"";"5f4794fad9001d01721d7e37";"DTU Department of Civil Engineering";"sorbit";"sorbit";"Durability of concrete with cement produced with reduced CO2 emissions|Holdbarhed af beton med cement fremstillet med reduceret CO2-udledning"
"";"dtu|dtupub|third_party";"";"2022-01-03T13:05:55.517Z";"Saes, Mischa Johannes Maria";"";"2607128904";"";"dtu";"2020";"";"";"";"";"thesis";"dtu|dtu_electronic|dtupub|dtupub_electronic";"";"";"";"";"";"";"";"";"";"";"";"";"";"";"";"";"und";"5fc784cdd9001d016c1439a3";"";"5fc784cdd9001d016c1439a3";"DTU National Institute of Aquatic Resources";"sorbit";"sorbit";"Decadal changes in physical oceanographic conditions on the East Greenland Shelf|Ændringer i fysiske oceanografiske forhold ved østgrønlandshelfen."
"";"dtu|dtupub|third_party";"";"2022-01-03T13:16:35.569Z";"Obdrup, Aksel Sylvest";"";"2495051167";"";"dtu";"2020";"";"";"";"";"thesis";"dtu|dtu_electronic|dtupub_external";"";"";"";"";"";"";"";"";"";"";"";"";"";"";"";"";"und";"5e47e002d9001d015a02810b";"";"5e47e002d9001d015a02810b";"DTU Department of Physics";"sorbit";"sorbit";"Analysis of Technical Polymer Materials with Machine Learning Concepts|Analyse af tekniske polymer materialer med machine learning koncepter"
"";"dtu|dtupub|third_party";"";"2022-01-03T13:05:49.472Z";"Atladottir, Guðrun Anna";"";"2495864865";"";"dtu";"2020";"";"";"";"";"thesis";"dtu|dtu_electronic|dtupub|dtupub_electronic";"";"";"";"";"";"";"";"";"";"";"";"";"";"";"";"";"und";"5e526bfcd9001d0191679b3c";"";"5e526bfcd9001d0191679b3c";"DTU Department of Applied Mathematics and Computer Science";"sorbit";"sorbit";"Application of statistical and machine learning models for characterizing milk fermentation to yogurt|Anvendelse af statistiske- og maskinlæringsmodeller til karakterisering af fermentering af mælk til yoghurt"
"";"dtu|dtupub|third_party";"";"2022-01-06T23:56:30.915Z";"Møbius, Andreas Ulrich";"";"2451153186";"";"dtu";"2019";"";"";"";"";"thesis";"dtu|dtu_electronic|dtupub|dtupub_electronic";"";"";"";"";"";"";"";"";"";"";"";"";"";"";"";"";"und";"5d42c901d9001d32f558c3ef";"";"5d42c901d9001d32f558c3ef";"DTU Department of Civil and Mechanical Engineering";"sorbit";"sorbit";"Numerical simulation of the flow past the ecocar|Numeriske beregning af strømningen omkring økobil"
"";"dtu|dtupub|third_party";"";"2022-01-03T13:05:20.051Z";"Hermannsson, Guðmundur Hákon";"";"2451166349";"";"dtu";"2019";"";"";"";"";"thesis";"dtu|dtu_electronic|dtupub|dtupub_electronic";"";"";"";"";"";"";"";"";"";"";"";"";"";"";"";"";"und";"5d441a68d9001d32f558c40d";"";"5d441a68d9001d32f558c40d";"DTU Department of Applied Mathematics and Computer Science";"sorbit";"sorbit";"Optimal harvest strategies in a stochastic predator-prey system|Optimale udnyttelsesstrategier i et stokastisk rovdyr-byttedyrssystem"
"";"dtu|dtupub|third_party";"";"2022-01-03T13:05:48.004Z";"Forma, Loïc Jean Pierre";"";"2452917516";"";"dtu";"2019";"";"";"";"";"thesis";"dtu|dtu_electronic|dtupub|dtupub_electronic";"";"";"";"";"";"";"";"";"";"";"";"";"";"";"";"";"und";"5d651012d9001d452b768557";"";"5d651012d9001d452b768557";"DTU Department of Electrical Engineering";"sorbit";"sorbit";"Using your own voice to train auditory short-term memory|Brug din egen stemme til at uddanne lydhukommelse"
"";"dtu|dtupub|third_party";"";"2022-01-06T23:54:21.766Z";"Jensen, Silas Emil Thorn|Bertelsen, Jacob-Gustav Schmidt";"";"2444259670";"";"dtu";"2019";"";"";"";"";"thesis";"dtu|dtu_electronic|dtupub|dtupub_electronic";"";"";"";"";"";"";"";"";"";"";"";"";"";"";"";"";"und";"5c7e6789d9001d361b4cd4cf";"";"5c7e6789d9001d361b4cd4cf";"DTU Department of Civil and Mechanical Engineering";"sorbit";"sorbit";"Dimensional accuracy and repeatability of 3D printed mould inserts by DLP and SLA|Dimensional nøjagtighed og reproducerbarhed af 3D-printet støbeindsatser gennem DLP og SLA"
"";"dtu|dtupub|third_party";"";"2022-01-03T13:16:34.357Z";"Weiser, Christoph";"";"2451028940";"";"dtu";"2019";"";"";"";"";"thesis";"dtu|dtu_electronic|dtupub_external";"";"";"";"";"";"";"";"";"";"";"";"";"";"";"";"";"und";"5d3d83aed9001d32f558c238";"";"5d3d83aed9001d32f558c238";"DTU Department of Electrical Engineering";"sorbit";"sorbit";"Configurable SAR-ADC for Li-Ion battery voltage monitoring, self-testing and self-calibration|Konfigurerbar SAR-ADC til overvagning af Li-ion batterispænding, selvtest og selvkalibrering"
"";"dtu|dtupub|third_party";"";"2022-01-06T23:56:29.632Z";"Naimi, Semira|Poulsen, Jesper Thor Funch";"";"2444215418";"";"dtu";"2019";"";"";"";"";"thesis";"dtu|dtu_electronic|dtupub_external";"";"";"";"";"";"";"";"";"";"";"";"";"";"";"";"";"und";"5c752d2fd9001d016d4b58bf";"";"5c752d2fd9001d016d4b58bf";"DTU Department of Chemical and Biochemical Engineering";"sorbit";"sorbit";"The influence of additives on deposit formation from biomass combustion|Indflydelsen af additiver pa belægningsdannelse ved biomasse forbrænding"
"";"dtu|dtupub|third_party";"";"2022-01-03T13:13:20.400Z";"Gebara, Caroline Herlev";"";"2497546624";"";"dtu";"2020";"";"";"";"";"thesis";"dtu|dtu_electronic|dtupub|dtupub_electronic";"";"";"";"";"";"";"";"";"";"";"";"";"";"";"";"";"und";"5e60ec9ad9001d016338acc3";"";"5e60ec9ad9001d016338acc3";"DTU Department of Technology, Management and Economics";"sorbit";"sorbit";"Quantifying Absolute Sustainability of Energy Systems to Support Assessment of UN Sustainable Development Goal nr. 7|Kvantificering af absolut bæredygtighed af energisystemer til at understøtte vurderingen af FNs verdensmal nr. 7"
"";"dtu|dtupub|third_party";"";"2022-01-11T08:43:05.072Z";"Baldus, Sune Emil";"";"2595588472";"";"dtu";"2020";"";"";"";"";"thesis";"dtu|dtu_electronic|dtupub_external";"";"";"";"";"";"";"";"";"";"";"";"";"";"";"";"";"und";"5f200856d9001d016b4e2168";"";"5f200856d9001d016b4e2168";"DTU Department of Technology, Management and Economics";"sorbit";"sorbit";"CAD and configuration at MAN Energy Solutions|CAD og konfigurering hos MAN Energy Solutions"
"";"dtu|dtupub|third_party";"";"2022-01-03T13:05:49.212Z";"From-Hansen, Lars";"";"2473680388";"";"dtu";"2019";"";"";"";"";"thesis";"dtu|dtu_electronic|dtupub_external";"";"";"";"";"";"";"";"";"";"";"";"";"";"";"";"";"und";"5deb971dd9001d016b6d4c88";"";"5deb971dd9001d016b6d4c88";"DTU Department of Technology, Management and Economics";"sorbit";"sorbit";"Framework for efficient development, forecasting and documentation of agile IT-programmes at NNIT|Rammeværktøj til effektiv udvikling, estimering og dokumentation af agile IT-programmer ved NNIT"
"";"dtu|dtupub|third_party";"";"2022-01-06T23:54:30.237Z";"Unold, Camilla Mie From Due";"";"2596765976";"";"dtu";"2020";"";"";"";"";"thesis";"dtu|dtu_electronic|dtupub_external";"";"";"";"";"";"";"";"";"";"";"";"";"";"";"";"";"und";"5f46437cd9001d01721d7de9";"";"5f46437cd9001d01721d7de9";"DTU Department of Civil and Mechanical Engineering";"sorbit";"sorbit";"Development of next generation Belt Connector|Udvikling af næste generations belt connector"
"";"dtu|dtupub|third_party";"";"2022-01-06T23:56:32.496Z";"Xu, Xuemei";"";"2483379770";"";"dtu";"2019";"";"";"";"";"thesis";"dtu|dtu_electronic|dtupub|dtupub_electronic";"";"";"";"";"";"";"";"";"";"";"";"";"";"";"";"";"und";"5e09e991d9001d578f5d17da";"";"5e09e991d9001d578f5d17da";"DTU Department of Electrical Engineering";"sorbit";"sorbit";"Economic assessment of solar PV and storage technologies in Denmark|Economic assessment of solar PV and storage technologies in Denmark"
"";"dtu|dtupub|third_party";"";"2022-01-03T13:05:22.605Z";"Christensen, Casper Geertz";"";"2489514221";"";"dtu";"2019";"";"";"";"";"thesis";"dtu|dtu_electronic|dtupub_external";"";"";"";"";"";"";"";"";"";"";"";"";"";"";"";"";"und";"5e34198ed9001d01573c14c2";"";"5e34198ed9001d01573c14c2";"DTU Department of Technology, Management and Economics";"sorbit";"sorbit";"Use of Wi-Fi data in Facility Management|Brug af Wi-Fi data i Facility Management"
"";"dtu|dtupub|third_party";"";"2022-01-06T23:54:25.016Z";"Gade, Peter Alexander Vistar";"";"2451182439";"";"dtu";"2019";"";"";"";"";"thesis";"dtu|dtu_electronic|dtupub_external";"";"";"";"";"";"";"";"";"";"";"";"";"";"";"";"";"und";"5d46bd66d9001d32f558c4b4";"";"5d46bd66d9001d32f558c4b4";"DTU Department of Applied Mathematics and Computer Science";"sorbit";"sorbit";"Machine learning applications for financial time series|Machine learning applikationer til finansielle tidsserier"
"";"dtu|dtupub|third_party";"";"2022-01-03T13:16:52.421Z";"Pedersen, Christian Deverell";"";"2444259673";"";"dtu";"2019";"";"";"";"";"thesis";"dtu|dtu_electronic|dtupub_external";"";"";"";"";"";"";"";"";"";"";"";"";"";"";"";"";"und";"5c7e6783d9001d361b4cd4c1";"";"5c7e6783d9001d361b4cd4c1";"DTU Department of Technology, Management and Economics";"sorbit";"sorbit";"Analysis and Optimization of Service Line at a Global Engineering Company|Analyse og Optimering af Serviceydelser hos et Globalt Ingeniørfirma"
"";"dtu|dtupub|third_party";"";"2022-01-03T13:13:40.037Z";"Molodtsov, Stanislav";"";"2452038021";"";"dtu";"2019";"";"";"";"";"thesis";"dtu|dtu_electronic|dtupub_external";"";"";"";"";"";"";"";"";"";"";"";"";"";"";"";"";"und";"5d514983d9001d1f8a6c4242";"";"5d514983d9001d1f8a6c4242";"DTU Department of Chemistry";"sorbit";"sorbit";"Synthesis of nickel nanoclusters in zeolites for application as heterogeneous catalysis in the MTG reaction|Syntese af nikkel nanoclusters i zeolitter til anvendelse som heterogen katalyse i MTG reactionen"
"";"dtu|dtupub|third_party";"";"2022-01-03T13:05:28.201Z";"Larsen, Mikkel Kock";"";"2611644165";"";"dtu";"2020";"";"";"";"";"thesis";"dtu|dtu_electronic|dtupub_external";"";"";"";"";"";"";"";"";"";"";"";"";"";"";"";"";"und";"600d641bd9001d016f64e522";"";"600d641bd9001d016f64e522";"DTU Department of Chemistry";"sorbit";"sorbit";"Tuning base-properties of catalysts for valorization of ethanol and CO2|Optimering af katalysatorers basiske egenskaber i værdiforøgende synteser med ethanol og CO2"
"";"dtu|dtupub|third_party";"";"2022-01-03T13:16:35.508Z";"Berg, Bettina Roness";"";"2451091235";"";"dtu";"2019";"";"";"";"";"thesis";"dtu|dtu_electronic|dtupub|dtupub_electronic";"";"";"";"";"";"";"";"";"";"";"";"";"";"";"";"";"und";"5d4025eed9001d32f558c372";"";"5d4025eed9001d32f558c372";"DTU Department of Applied Mathematics and Computer Science";"sorbit";"sorbit";"Hidden Markov Mixture of Experts for Regime Based Asset Allocation|Hidden Markov Mixture of Experts til Regime Baseret Aktivfordeling"
"";"dtu|dtupub|third_party";"";"2022-01-03T13:16:45.747Z";"Voulgarakis, Ioannis";"";"2597274452";"";"dtu";"2020";"";"";"";"";"thesis";"dtu|dtu_electronic|dtupub|dtupub_electronic";"";"";"";"";"";"";"";"";"";"";"";"";"";"";"";"";"und";"5f576705d9001d01706cbbce";"";"5f576705d9001d01706cbbce";"DTU Department of Environmental and Resource Engineering";"sorbit";"sorbit";"Life Cycle Assessment (LCA) for mobile washing solutions versus single use plastic cups|Livscyklusvurdering af mobile vaskeløsninger versus brug af engangsglas af plast"
"";"dtu|dtupub|third_party";"";"2022-01-03T13:13:39.744Z";"Dagnæs-Hansen, Maria Parigi";"";"2450155154";"";"dtu";"2019";"";"";"";"";"thesis";"dtu|dtu_electronic|dtupub|dtupub_electronic";"";"";"";"";"";"";"";"";"";"";"";"";"";"";"";"";"und";"5d1898e5d9001d041e6f5c02";"";"5d1898e5d9001d041e6f5c02";"DTU DTU National Food Institute";"sorbit";"sorbit";"Study of acrylamide formation during domestic cooking of olives|Undersøgelse af akrylamid dannelsen i oliven ved tilberedning"
"";"dtu|dtupub|third_party";"";"2022-01-06T23:55:14.813Z";"Araujo, Pedro F Dos Santos V De";"";"2518334399";"";"dtu";"2020";"";"";"";"";"thesis";"dtu|dtu_electronic|dtupub|dtupub_electronic";"";"";"";"";"";"";"";"";"";"";"";"";"";"";"";"";"und";"5e7755fed9001d01712988b8";"";"5e7755fed9001d01712988b8";"DTU Department of Technology, Management and Economics";"sorbit";"sorbit";"Using data analytics techniques to identify a company’s target audience on Twitter|Using data analytics techniques to identify a company’s target audience on Twitter"
"";"dtu|dtupub|third_party";"";"2022-01-03T13:13:43.481Z";"Beltrani, Lorenzo";"";"2597546931";"";"dtu";"2020";"";"";"";"";"thesis";"dtu|dtu_electronic|dtupub|dtupub_electronic";"";"";"";"";"";"";"";"";"";"";"";"";"";"";"";"";"und";"5f60a17cd9001d01706cbd38";"";"5f60a17cd9001d01706cbd38";"DTU Department of Civil Engineering";"sorbit";"sorbit";"Auto Generation of Optimised Construction Site Layout|Auto Generation of Optimised Construction Site Layout"
"";"dtu|dtupub|third_party";"";"2022-01-03T13:16:58.483Z";"Øhrstrøm, Christoffer Nave";"";"2595488092";"";"dtu";"2020";"";"";"";"";"thesis";"dtu|dtu_electronic|dtupub|dtupub_electronic";"";"";"";"";"";"";"";"";"";"";"";"";"";"";"";"";"und";"5f1eb6cad9001d016b4e20ce";"";"5f1eb6cad9001d016b4e20ce";"DTU Department of Applied Mathematics and Computer Science";"sorbit";"sorbit";"Efficient and Interpretable Recurrent Neural Network Grammars|Effektive og Fortolkelige Rekurrerende Neurale Netværk Grammatikker"
"";"dtu|dtupub|third_party";"";"2022-01-06T23:55:15.554Z";"Fischer, Marie Højmark";"";"2597621560";"";"dtu";"2020";"";"";"";"";"thesis";"dtu|dtu_electronic|dtupub|dtupub_electronic";"";"";"";"";"";"";"";"";"";"";"";"";"";"";"";"";"und";"5f634480d9001d01706cbd66";"";"5f634480d9001d01706cbd66";"DTU Department of Biotechnology and Biomedicine";"sorbit";"sorbit";"Using Pseudomonas biocontrol strains to suppress Fusarium diseases in Barley|Brug af Pseudomonas biokontrolstammer til at undertrykke Fusarium sygdomme i byg"
"The first part of the thesis focuses on otoliths, which are the earstones of bony fish. The otoliths contain a range of useful characteristics, making them excellent to use as recorders of physiological and ecological conditions of the fish like; growth, metabolic rate, age, experienced water temperature and water chemistry. The focus lies on the use of otoliths to estimate field-metabolic rate (FMR), which is the metabolic rate that the fish experience while in its natural conditions and is thus not affected by human capture and associated stress responses. The carbon stored in the otolith has two sources; from the water passing over the gills to the blood, and the CO2 released from the diet by metabolism. The carbon isotopic rate between C12 and C13 (denoted 13C) is different between the water and the diet, which makes us able to estimate metabolically derived carbon within the otolith. When we know the experienced temperature and size of the fish, we can estimate maximal metabolic rate (MMR) and standard metabolic rate (SMR). The difference between SMR and MMR tells us the potential metabolic scope the individual can use to grow, produce offspring, hunt etc. at a given temperature. Likewise does the FMR tell us to what degree the fish fulfills this potential. The second part of the thesis consist of a study presented as a scientific article of the Atlantic cod (Gadus morhua) from the fjords and coastal areas of Norway’s southern coast, ranging from Kristiansand to Oslo. In the study we estimated the FMR of juvenile Atlantic cod (6-19 cm), through stable isotope analysis of otolith, muscle and water samples. Then we compared FMR to physiological and environmental data. FMR showed variation between individual fish ranging from 38-442 (O_2*h^(-1)*kg^(-1)). FMR was significantly correlated with the size of the fish, temperature of the environment, wave exposure (height of waves) and fjord vs sea occupation. The current study was able to explain 35 % of the observe variance and it is believed that many other interesting parameters including genetic origin, habitat occupation, prior experience in growth-rate and food-intake could be able to explain some of the remaining variance, and should be included in future research.";"dtu|dtupub|third_party";"Department of Biology - Aquatic Biology, Department of Biology, Natural Sciences, Aarhus University";"2026-03-02T14:02:10.724Z";"Christensen, Jonathan";"";"2878225735";"";"";"2020";"";"";"";"";"thesis";"dtu_external|dtupub_external";"";"";"";"";"";"";"";"";"";"";"";"";"";"";"";"";"eng";"69a598126b4fe6288e6d2d49";"0000-0002-7268-0661";"69a598126b4fe6288e6d2d49";"";"rdb_au";"rdb_au";"Variation in the field metabolic rate of juvenile cod (Gadus morhua)"
"Innovative wood-based biomaterials can be seen as a strategic asset for Finland, both from economic and environmental perspectives. Pioneering research programmes such as FinnCERES are positioning the country at the cutting edge of global forest material innovation, targeting novel material solutions with advanced properties and efficient manufacturing technologies. Simultaneously, the contribution of design gradually increases in the field of material research. Design transforms from a separate practice into a valuable component of a collaborative approach. Multiple recent projects have exhibited the potential of design to accelerate scientific innovation of wood-based materials.<br/><br/>This thesis describes a design-driven case of applied research focused on wood-based fibre materials. It provides a detailed description of an experimental process leading to a structured approach that facilitates interdisciplinary material development. The study is practice-based, and focuses on the development of foam-formed structures from cellulose fibres. Previous research of new foam forming technology indicates a unique property of precision in surface texture. Building upon this discovery, an attempt was made to produce a structural material composed of millimetre-scale units by a combination of geometrical design and the understanding of cellulose fibre interactions.<br/><br/>The research was performed as an iterative process composed of five cycles. Each cycle consists of a series of practical experiments focusing on the development of material structures via prototyping. The experiments included design of foam-formed structures, and qualitative assessment and mechanical testing of the prototypes. Improved understanding of the materials and manufacturing process was obtained through observation and analysis of the experiments, which was transformed into new concepts during collaborative ideation. Interdisciplinary collaboration between material scientists and designer resulted in combined expertise that is at the core of the iterative approach.<br/><br/>The outcome of iterative exploration is expressed in structural material prototypes with improved technical properties and appealing perceptual characteristics. The prototypes demonstrate the feasibility of foam forming as a mean of production for cellulosic materials with increased compressive strength and reduced density. Correspondingly, the obtained visual and associative material properties provide a new perspective on fibre materials and an engaging experience for future users. This material has potential for further development into lightweight applications that can become alternatives to fossil-derived products. The detailed description of the process showcases the benefits of interdisciplinary methods in materials development and provides the background needed for future research.";"dtu|dtupub";"BA3503 High performance fibre products";"2022-03-28T07:08:37.136Z";"Ivanova, Anastasia";"";"2708548351";"";"dtu";"2019";"";"";"";"";"thesis";"dtu|dtu_electronic|dtupub|dtupub_electronic";"";"";"";"";"";"";"";"";"";"";"";"";"";"cellulose fibres|foam forming technology|interdisciplinary research|iterative development process|material design|structural material";"cellulose fibres|foam forming technology|interdisciplinary research|iterative development process|material design|structural material";"cellulose fibres|foam forming technology|interdisciplinary research|iterative development process|material design|structural material";"eng";"6231fa40aa828db6f3137809";"";"6231fa40aa828db6f3137809";"Aalto University";"vtt";"vtt";"Structural Material From Cellulose Fibres: Design-Driven Research Case"
"";"dtu|dtupub|third_party";"";"2022-01-03T13:16:32.576Z";"Geil, Thue Nøhr";"";"2445374164";"";"dtu";"2019";"";"";"";"";"thesis";"dtu|dtu_electronic|dtupub_external";"";"";"";"";"";"";"";"";"";"";"";"";"";"";"";"";"und";"5ca5b56dd9001d48605f3b89";"";"5ca5b56dd9001d48605f3b89";"DTU Department of Civil and Mechanical Engineering";"sorbit";"sorbit";"Simulation of large-scale breaker bar morphodynamics in the surf zone|Fuldskala simulering af den morfodynamiske revleudvikling i brændingen"
"";"dtu|dtupub|third_party";"";"2022-01-06T23:56:29.726Z";"Kristensen, Thea Maria Bjørk";"";"2444760383";"";"dtu";"2019";"";"";"";"";"thesis";"dtu|dtu_electronic|dtupub|dtupub_electronic";"";"";"";"";"";"";"";"";"";"";"";"";"";"";"";"";"und";"5c90dc7ed9001d017d637d04";"";"5c90dc7ed9001d017d637d04";"DTU Department of Electrical and Photonics Engineering";"sorbit";"sorbit";"Single-frequency nonlinear frequency conversion in a coupled ring tapered laser cavity|Enkeltfrekvens ulineær frekvenskonvertering i en koblet ring tapered laser kavitet"
"";"dtu|dtupub|third_party";"";"2022-01-03T13:13:16.763Z";"Allingham, Johanne Sydney";"";"2444474352";"";"dtu";"2019";"";"";"";"";"thesis";"dtu|dtu_electronic|dtupub|dtupub_electronic";"";"";"";"";"";"";"";"";"";"";"";"";"";"";"";"";"und";"5c7bc47dd9001d361b4cd410";"";"5c7bc47dd9001d361b4cd410";"DTU Department of Chemical and Biochemical Engineering";"sorbit";"sorbit";"Model for urea decomposition|Model for urea dekomponering"
"";"dtu|dtupub|third_party";"";"2022-01-06T23:56:30.526Z";"Nemer, Ibrahim Mohammad";"";"2447647822";"";"dtu";"2019";"";"";"";"";"thesis";"dtu|dtu_electronic|dtupub_external";"";"";"";"";"";"";"";"";"";"";"";"";"";"";"";"";"und";"5ce52e68d9001d016b1cc370";"";"5ce52e68d9001d016b1cc370";"DTU Department of Environmental and Resource Engineering";"sorbit";"sorbit";"Effects of centralized drinking softening in the distribution networks|Effekter af central blødgøring af drikkevand i ledningsnettet"
"";"dtu|dtupub|third_party";"";"2022-01-03T13:16:52.144Z";"Kölsch, Bjørn-Erik Georg Ågård|Stein, Mikkel Sjørslev";"";"2444474355";"";"dtu";"2019";"";"";"";"";"thesis";"dtu|dtu_electronic|dtupub_external";"";"";"";"";"";"";"";"";"";"";"";"";"";"";"";"";"und";"5c7bc48bd9001d361b4cd43a";"";"5c7bc48bd9001d361b4cd43a";"DTU Department of Technology, Management and Economics";"sorbit";"sorbit";"Development of tool for sustainable development of Firskovsvej|Udvikling af værktøj til bæredygtig planlægning af Firskovsvej"
"";"dtu|dtupub|third_party";"";"2022-01-06T23:56:29.892Z";"Arngrímsson, Gudjon Blöndahl";"";"2446215043";"";"dtu";"2019";"";"";"";"";"thesis";"dtu|dtu_electronic|dtupub_external";"";"";"";"";"";"";"";"";"";"";"";"";"";"";"";"";"und";"5cb07275d9001d016b474221";"";"5cb07275d9001d016b474221";"DTU Department of Technology, Management and Economics";"sorbit";"sorbit";"Analysis and improvement of Risk Management in 3Shape|Analyse og forbedring af Risikostyring i 3Shape"
"";"dtu|dtupub|third_party";"";"2022-01-03T13:05:16.096Z";"Villaseñor, Salvador Gerardo Alvarez";"";"2448616219";"";"dtu";"2019";"";"";"";"";"thesis";"dtu|dtu_electronic|dtupub|dtupub_electronic";"";"";"";"";"";"";"";"";"";"";"";"";"";"";"";"";"und";"5cf3aeead9001d206429934f";"";"5cf3aeead9001d206429934f";"DTU Department of Civil and Mechanical Engineering";"sorbit";"sorbit";"Dynamic Modelling of Damped Flexible Rotors Considering Shear Effects, Internal Viscoelastic Damping, and Fluid Film Interactions|Dynamisk modellering af fleksible rotorer under betragtning af tværspændinger, intern viskos dæmpning og fluid film interaktioner"
"";"dtu|dtupub|third_party";"";"2022-01-03T13:05:28.007Z";"Witting, Nikolaj Aamand";"";"2598891018";"";"dtu";"2020";"";"";"";"";"thesis";"dtu|dtu_electronic|dtupub_external";"";"";"";"";"";"";"";"";"";"";"";"";"";"";"";"";"und";"5f7ef4c2d9001d01700258ef";"";"5f7ef4c2d9001d01700258ef";"DTU Department of Electrical Engineering";"sorbit";"sorbit";"Design, Prototyping and Control of a Construction Robot|Design, implementering og styring af byggerobot"
"";"dtu|dtupub|third_party";"";"2022-01-03T13:05:54.742Z";"Jundiyeh, Yasmin Akram";"";"2604853639";"";"dtu";"2020";"";"";"";"";"thesis";"dtu|dtu_electronic|dtupub|dtupub_electronic";"";"";"";"";"";"";"";"";"";"";"";"";"";"";"";"";"und";"5f99604ad9001d016970fe88";"";"5f99604ad9001d016970fe88";"DTU Department of Space Research and Space Technology";"sorbit";"sorbit";"Accuracy in X-ray reflectometry characterization of thin-film coatings for the mirrors of the ATHENA mission|Nøjagtigheden i røntgenreflektometri karakterisering af tyndfilmbelægninger til spejlene af ATHENA-missionen"
"";"dtu|dtupub|third_party";"";"2022-01-03T13:13:21.748Z";"Walbech, Julie Sparholt";"";"2595192769";"";"dtu";"2020";"";"";"";"";"thesis";"dtu|dtu_electronic|dtupub|dtupub_electronic";"";"";"";"";"";"";"";"";"";"";"";"";"";"";"";"";"und";"5f142ab0d9001d016b4e1e7d";"";"5f142ab0d9001d016b4e1e7d";"DTU Department of Health Technology";"sorbit";"sorbit";"Deconvolution of autoencoder to identify molecular pathways from single cell mRNA sequencing data|Analyse af autoencoder til identifikation af molekylære pathways fra enkeltcelle mRNA-sekventeringsdata"
"";"dtu|dtupub|third_party";"";"2022-01-03T13:16:53.805Z";"Korsbak, Sofie Haue";"";"2452825568";"";"dtu";"2019";"";"";"";"";"thesis";"dtu|dtu_electronic|dtupub|dtupub_electronic";"";"";"";"";"";"";"";"";"";"";"";"";"";"";"";"";"und";"5d626cebd9001d088779300b";"";"5d626cebd9001d088779300b";"DTU Department of Civil Engineering";"sorbit";"sorbit";"Digital design for disassembly|Digitalt design for disassembly"
"";"dtu|dtupub|third_party";"";"2022-01-03T13:16:53.540Z";"Plakas, Konstantinos";"";"2450280348";"";"dtu";"2019";"";"";"";"";"thesis";"dtu|dtu_electronic|dtupub|dtupub_electronic";"";"";"";"";"";"";"";"";"";"";"";"";"";"";"";"";"und";"5d1c8d7ad9001d146569a4e2";"";"5d1c8d7ad9001d146569a4e2";"DTU Department of Wind and Energy Systems";"sorbit";"sorbit";"Large-scale bottom-up wind generation time series simulation with missing data|Simulering af tidsserier for storskala vindeffekt med ukomplet input data"
"";"dtu|dtupub|third_party";"";"2022-01-03T13:13:42.193Z";"Thorsbro, Jakob Peter";"";"2495783678";"";"dtu";"2020";"";"";"";"";"thesis";"dtu|dtu_electronic|dtupub_external";"";"";"";"";"";"";"";"";"";"";"";"";"";"";"";"";"und";"5e4fc900d9001d0191679b30";"";"5e4fc900d9001d0191679b30";"DTU Department of Applied Mathematics and Computer Science";"sorbit";"sorbit";"Evaluating policies in a Markov Decision Process model of a Multiasset portfolio|Evaluering af beslutningsstrategier i en Markov beslutningsproces model af en multiasset portefølje"
"";"dtu|dtupub|third_party";"";"2022-01-03T13:05:42.343Z";"Nordfoss, Pauli Holm";"";"2448497055";"";"dtu";"2019";"";"";"";"";"thesis";"dtu|dtu_electronic|dtupub|dtupub_electronic";"";"";"";"";"";"";"";"";"";"";"";"";"";"";"";"";"und";"5cf10bded9001d206429933c";"";"5cf10bded9001d206429933c";"DTU National Institute of Aquatic Resources";"sorbit";"sorbit";"Restoration of marine boulder reefs: addressing the single large or several small (SLOSS) debate in relation to marine habitat restoration|Restaurering af stenrev: en undersøgelse af om enkelte store eller flere sma stenrev giver de bedste marine habitater i forhold til fiskeri"
"";"dtu|dtupub|third_party";"";"2022-01-06T23:55:15.297Z";"Wiinberg, Martin";"";"2595078573";"";"dtu";"2020";"";"";"";"";"thesis";"dtu|dtu_electronic|dtupub|dtupub_electronic";"";"";"";"";"";"";"";"";"";"";"";"";"";"";"";"";"und";"5f10362fd9001d016b4e1e20";"";"5f10362fd9001d016b4e1e20";"DTU Department of Micro- and Nanotechnology";"sorbit";"sorbit";"Establishing a protocol for ex vivo selection and expansion of tumor-reactive T cells in murine, syngeneic models of cancer|Etablering af en protokol for ex vivo selektion og ekspansion af tumor-reaktive T celler i murine cancer modeller"
"";"dtu|dtupub|third_party";"";"2022-01-06T23:54:22.635Z";"Gretsistas, Vasileios";"";"2445374171";"";"dtu";"2019";"";"";"";"";"thesis";"dtu|dtu_electronic|dtupub|dtupub_electronic";"";"";"";"";"";"";"";"";"";"";"";"";"";"";"";"";"und";"5ca5b56dd9001d48605f3b8c";"";"5ca5b56dd9001d48605f3b8c";"DTU Department of Electrical and Photonics Engineering";"sorbit";"sorbit";"C-RAN and Fronthaul in 5G Mobile Networks|C-RAN og Fronthaul i 5G mobilnet"
"";"dtu|dtupub|third_party";"";"2022-01-03T13:05:28.101Z";"Knudsen, Karina Nikita";"";"2608554573";"";"dtu";"2020";"";"";"";"";"thesis";"dtu|dtu_electronic|dtupub_external";"";"";"";"";"";"";"";"";"";"";"";"";"";"";"";"";"und";"5fd60544d9001d01824abb41";"";"5fd60544d9001d01824abb41";"DTU Department of Applied Mathematics and Computer Science";"sorbit";"sorbit";"Improving Fingerprint Presentation Attack Detection using Deep Learning and Computer Vision|Forbedring af Presentation Attack Detektion for Fingeraftryk ved brug af Deep Learning og Computer Vision"
"";"dtu|dtupub|third_party";"";"2022-01-06T23:56:37.236Z";"Christiansen, Jens Ulrik";"";"2611285857";"";"dtu";"2020";"";"";"";"";"thesis";"dtu|dtu_electronic|dtupub_external";"";"";"";"";"";"";"";"";"";"";"";"";"";"";"";"";"und";"60003535d9001d017676a8cd";"";"60003535d9001d017676a8cd";"DTU Department of Civil Engineering";"sorbit";"sorbit";"Experimental investigation of the fire performance of flame retarded Søuld|Eksperimentel undersøgelse af brandegenskaber for brændhæmmet Søuld."
"";"dtu|dtupub|third_party";"";"2022-01-03T13:16:31.676Z";"Prunet, Thibault Pierre Mathieu";"";"2452727889";"";"dtu";"2019";"";"";"";"";"thesis";"dtu|dtu_electronic|dtupub|dtupub_electronic";"";"";"";"";"";"";"";"";"";"";"";"";"";"";"";"";"und";"5d5bd57ad9001d05d7613b51";"";"5d5bd57ad9001d05d7613b51";"DTU Department of Technology, Management and Economics";"sorbit";"sorbit";"Solving a real-life vehicle routing problem related to mail and package distribution|Solving a real-life vehicle routing problem related to mail and package distribution"
"";"dtu|dtupub|third_party";"";"2022-01-11T08:43:52.224Z";"Nemni, Edoardo";"";"2453337559";"";"dtu";"2019";"";"";"";"";"thesis";"dtu|dtu_electronic|dtupub_external";"";"";"";"";"";"";"";"";"";"";"";"";"";"";"";"";"und";"5d6e4a89d9001d66e80217ff";"";"5d6e4a89d9001d66e80217ff";"DTU Department of Applied Mathematics and Computer Science";"sorbit";"sorbit";"Machine Learning Algorithms for flood analysis using optical and radar satellite imagery|Maskinlæring for analyse af optiske og radar satellitbilleder"
"";"dtu|dtupub|third_party";"";"2022-01-03T13:05:48.040Z";"Nørregaard, Patrick Uldall";"";"2452917602";"";"dtu";"2019";"";"";"";"";"thesis";"dtu|dtu_electronic|dtupub_external";"";"";"";"";"";"";"";"";"";"";"";"";"";"";"";"";"und";"5d65101dd9001d452b768577";"";"5d65101dd9001d452b768577";"DTU Department of Technology, Management and Economics";"sorbit";"sorbit";"Development of a life cycle evaluation framework for re-manufacturing of electric vehicle batteries in a circular economy|Udvikling af en livscyklusevalueringsramme for genproduktion af batterier fra elektriske køretøjer i en cirkulær økonomi"
"";"dtu|dtupub|third_party";"";"2022-01-11T08:43:13.692Z";"Baber, Robert William";"";"2446231703";"";"dtu";"2019";"";"";"";"";"thesis";"dtu|dtu_electronic|dtupub_external";"";"";"";"";"";"";"";"";"";"";"";"";"";"";"";"";"und";"5cb31571d9001d01847e40c0";"";"5cb31571d9001d01847e40c0";"DTU Department of Micro- and Nanotechnology";"sorbit";"sorbit";"Implementation of molecular amplification on BluBox device|Implementering af molekylær amplifikation pa BluBox enhed"
"";"dtu|dtupub|third_party";"";"2022-01-03T13:05:54.763Z";"Gilardi, Matteo";"";"2604853685";"";"dtu";"2020";"";"";"";"";"thesis";"dtu|dtu_electronic|dtupub|dtupub_electronic";"";"";"";"";"";"";"";"";"";"";"";"";"";"";"";"";"und";"5f99604dd9001d016970fe92";"";"5f99604dd9001d016970fe92";"DTU Department of Civil and Mechanical Engineering";"sorbit";"sorbit";"Statistical processing and analysis of surface topography data for a machine-based evaluation of the measurement uncertainty|Statistisk beregninger og analyse af overfladetopografi data til en maskinbaseret evaluering af maleusikkerheden"
"";"dtu|dtupub|third_party";"";"2022-01-03T13:16:36.056Z";"Vandet, Christian Anker";"";"2596066686";"";"dtu";"2020";"";"";"";"";"thesis";"dtu|dtu_electronic|dtupub|dtupub_electronic";"";"";"";"";"";"";"";"";"";"";"";"";"";"";"";"";"und";"5f312bbed9001d016b4e243b";"";"5f312bbed9001d016b4e243b";"DTU Department of Technology, Management and Economics";"sorbit";"sorbit";"Analysing a Danish charging infrastructure for electric vehicles|Analyse af Dansk opladningsinfrastruktur for elbiler"
"";"dtu|dtupub|third_party";"";"2022-01-03T13:13:24.558Z";"Christiansen, Rasmus Lundsgaard";"";"2444111023";"";"dtu";"2019";"";"";"";"";"thesis";"dtu|dtu_electronic|dtupub|dtupub_electronic";"";"";"";"";"";"";"";"";"";"";"";"";"";"";"";"";"und";"5c6e95abd9001d016d145e8f";"";"5c6e95abd9001d016d145e8f";"DTU Department of Applied Mathematics and Computer Science";"sorbit";"sorbit";"Smartwatch EMA Data Collection and Visual Analytics|Indsamling og visuel analyse af EMA data fra smartwatch"
"";"dtu|dtupub|third_party";"";"2022-01-03T13:05:48.098Z";"Jensen, Camilla Engstrøm";"";"2452917741";"";"dtu";"2019";"";"";"";"";"thesis";"dtu|dtu_electronic|dtupub|dtupub_electronic";"";"";"";"";"";"";"";"";"";"";"";"";"";"";"";"";"und";"5d65102cd9001d452b76859d";"";"5d65102cd9001d452b76859d";"DTU Department of Technology, Management and Economics";"sorbit";"sorbit";"Creating competitive advantage by international partnerships for sustainable initiatives -- A case of Adidas|Skabelse af konkurrencedygtighed vha. internationale partnerskaber for at fremme bæredygtige initiativer - - Adidas som eksempel"
"";"dtu|dtupub|third_party";"";"2022-01-03T13:05:52.856Z";"Gonzalez, Philippe";"";"2595588602";"";"dtu";"2020";"";"";"";"";"thesis";"dtu|dtu_electronic|dtupub|dtupub_electronic";"";"";"";"";"";"";"";"";"";"";"";"";"";"";"";"";"und";"5f200869d9001d016b4e21a4";"";"5f200869d9001d016b4e21a4";"DTU Department of Health Technology";"sorbit";"sorbit";"Binaural speech segregation in noisy and reverberant environments using deep neural networks|Binaural taleseparation i støj og efterklang ved hjælp af dybe neurale netværk"
"";"dtu|dtupub|third_party";"";"2022-01-03T13:16:53.886Z";"Santos, Joao Pedro Batista Pereira dos";"";"2451139202";"";"dtu";"2019";"";"";"";"";"thesis";"dtu|dtu_electronic|dtupub|dtupub_electronic";"";"";"";"";"";"";"";"";"";"";"";"";"";"";"";"";"und";"5d41776bd9001d32f558c38f";"";"5d41776bd9001d32f558c38f";"DTU Department of Civil Engineering";"sorbit";"sorbit";"Early stage design benchmarking on building energy efficiency|Tidlig energi-benchmarking af bygningsdesign"
"";"dtu|dtupub|third_party";"";"2022-01-03T13:16:35.907Z";"Sardon, Laura Zarraoa";"";"2598443212";"";"dtu";"2020";"";"";"";"";"thesis";"dtu|dtu_electronic|dtupub|dtupub_electronic";"";"";"";"";"";"";"";"";"";"";"";"";"";"";"";"";"und";"5f745714d9001d5518098aec";"";"5f745714d9001d5518098aec";"DTU Department of Physics";"sorbit";"sorbit";"Frequency-tuning of nano-photonic resonators for quantum networks with Erbium spins|Frekvenstuning af nano-fotoniske resonatorer til kvantenetværk med Erbium-spins"
"";"dtu|dtupub|third_party";"";"2022-01-03T13:13:22.050Z";"Muniain, Carles Castro";"";"2595488055";"";"dtu";"2020";"";"";"";"";"thesis";"dtu|dtu_electronic|dtupub_external";"";"";"";"";"";"";"";"";"";"";"";"";"";"";"";"";"und";"5f1eb6bcd9001d016b4e2073";"";"5f1eb6bcd9001d016b4e2073";"DTU Department of Electrical and Photonics Engineering";"sorbit";"sorbit";"Design and implementation of a communication system for opportunistic ocean data collection on board fishing vessels|Design og implementering af kommunikationssystem til dataopsamling pa fiskefartøjer"
"";"dtu|dtupub|third_party";"";"2022-01-03T13:13:36.798Z";"Brites, Maria";"";"2612207547";"";"dtu";"2020";"";"";"";"";"thesis";"dtu|dtu_electronic|dtupub_external";"";"";"";"";"";"";"";"";"";"";"";"";"";"";"";"";"und";"601e87a5d9001d016659e1a1";"";"601e87a5d9001d016659e1a1";"DTU Department of Health Technology";"sorbit";"sorbit";"Cuffless blood pressure estimation|Manchet-fri estimering af blodtryk"
"";"dtu|dtupub|third_party";"";"2022-01-06T23:56:33.999Z";"Trevisin, Cristiano";"";"2594426665";"";"dtu";"2020";"";"";"";"";"thesis";"dtu|dtu_electronic|dtupub|dtupub_electronic";"";"";"";"";"";"";"";"";"";"";"";"";"";"";"";"";"und";"5efdc15cd9001d0169116f5f";"";"5efdc15cd9001d0169116f5f";"DTU Department of Environmental and Resource Engineering";"sorbit";"sorbit";"Cholera control through water, sanitation, and hygiene interventions|Kolerakontrol gennem vand, sanitet og hygiejne interventioner"
"";"dtu|dtupub|third_party";"";"2022-01-03T13:05:26.343Z";"Rajalingam, Shanchivan";"";"2525943203";"";"dtu";"2020";"";"";"";"";"thesis";"dtu|dtu_electronic|dtupub|dtupub_electronic";"";"";"";"";"";"";"";"";"";"";"";"";"";"";"";"";"und";"5e9448eed9001d016475f401";"";"5e9448eed9001d016475f401";"DTU Department of Electrical Engineering";"sorbit";"sorbit";"Investigation of Balanced Armature Receivers|Undersøgelse af balanceret armatur højttalere"
"";"dtu|dtupub|third_party";"";"2022-01-03T13:04:52.123Z";"Vorting, Daniel";"";"2497102236";"";"dtu";"2020";"";"";"";"";"thesis";"dtu|dtu_electronic|dtupub_external";"";"";"";"";"";"";"";"";"";"";"";"";"";"";"";"";"und";"5e5cf808d9001d01632c0035";"";"5e5cf808d9001d01632c0035";"DTU Department of Civil and Mechanical Engineering";"sorbit";"sorbit";"Development of production architecture at Rockwool|Udvikling af produktionsarkitektur hos Rockwool"
"The aim of the thesis was to study enzymatic treatment as a way to modify paper grade pulp to be a suitable raw material for the future textile industry. Wood as a raw material is an environmentally friendly option for textile production but its sustainable exploitation is not easy. Currently, ionic liquids are assumed to enable a safe and sustainable process for the production of wood-based regenerated fibres. These processes commonly use dissolving pulp as their raw material but replacing dissolving pulp with a paper grade kraft pulp would decrease environmental impact and production expenses. In this work, molar mass distribution of softwood paper grade kraft pulp was selectively modified using enzymes. Enzymes were utilized instead of acids because of their favourable abilities to selectively modify targeted polymers and to increase fibre porosity.<br/><br/>Enzymatic modifications of softwood kraft pulp were performed to decrease degree of polymerization of cellulose and lower the quantity of hemicellulose. Hydrolysis of cellulose was catalysed with endo-1,4-β-glucanase (endoglucanase) and hemicellulose was degraded using endo-1,4-β-mannanase and endo-1,4-β-xylanase. The treatments were carried out both at high (20%) and low (3%) pulp consistency to examine the synergistic effect of enzymatic and mechanical action arising in the high consistency treatment. Additionally, influence of different enzyme combinations on the pulp properties was studied. The modified pulp samples were characterized by determining intrinsic viscosity, molar mass distribution, yield loss, and its composition. The fibres were imaged with light microscopy. The degree of polymerization of the pulp cellulose was successfully decreased with a relatively small endoglucanase dose. The amount of hemicellulose was reduced by removing 11% of the total galactoglucomannan and 40% of the total arabinoglucuronoxylan. The high consistency treatments decreased intrinsic viscosity 1.9 times more on average than the low consistency treatments. The high consistency treatments were effective with low enzyme doses, easy to control, and reliably repeated. Therefore, enzymatic pulp treatment at high consistency seems to be a compatible way to modify paper grade kraft pulp to suitable raw material for textile production. Further studies related to pulp dissolution in ionic liquids, fibre spinning, and fibre regeneration should be concluded to confirm applicability of the modified fibres.";"dtu|dtupub";"BA5404 Biorefining chemistry";"2022-10-04T00:10:00.305Z";"Spönla, Elisa";"";"2714206535";"";"dtu";"2020";"";"";"";"";"thesis";"dtu|dtu_electronic|dtupub|dtupub_electronic";"";"";"";"";"";"";"";"";"";"";"";"";"";"cellulose|endoglucanase|enzymatic treatment|hemicellulase";"cellulose|endoglucanase|enzymatic treatment|hemicellulase";"cellulose|endoglucanase|enzymatic treatment|hemicellulase";"eng";"633b79d72eb93033f9fc4f71";"";"633b79d72eb93033f9fc4f71";"University of Helsinki";"vtt";"vtt";"Enzymatic treatment of softwood kraft pulp at high and low consistency"
"";"dtu|dtupub|third_party";"";"2022-01-03T13:13:16.506Z";"Winther, Jakob Bjellekjær";"";"2452033415";"";"dtu";"2019";"";"";"";"";"thesis";"dtu|dtu_electronic|dtupub|dtupub_electronic";"";"";"";"";"";"";"";"";"";"";"";"";"";"";"";"";"und";"5d4ff7fad9001d1f8a6c4206";"";"5d4ff7fad9001d1f8a6c4206";"DTU Department of Civil Engineering";"sorbit";"sorbit";"Analysis of numerical smoke development calculation methods in rooms with suspended beams|Analysis of numerical smoke development calculation methods in rooms with suspended beams"
"";"dtu|dtupub|third_party";"";"2022-01-03T13:05:18.618Z";"Steenhoff, Henriette";"";"2453337526";"";"dtu";"2019";"";"";"";"";"thesis";"dtu|dtu_electronic|dtupub|dtupub_electronic";"";"";"";"";"";"";"";"";"";"";"";"";"";"";"";"";"und";"5d6e4a83d9001d66e80217ee";"";"5d6e4a83d9001d66e80217ee";"DTU Department of Civil Engineering";"sorbit";"sorbit";"Development and design of smartphone application to provide individualized feedback on adaption strategies associated with thermal stress|Udvikling og design af smartphone applikaiton til individualiseret tilpasning til kulde- og varmestress"
"";"dtu|dtupub|third_party";"";"2022-01-03T13:05:27.920Z";"Zhan, Sen";"";"2596915364";"";"dtu";"2020";"";"";"";"";"thesis";"dtu|dtu_electronic|dtupub|dtupub_electronic";"";"";"";"";"";"";"";"";"";"";"";"";"";"";"";"";"und";"5f4cdb0dd9001d01694aaf71";"";"5f4cdb0dd9001d01694aaf71";"DTU Department of Electrical Engineering";"sorbit";"sorbit";"Optimal planning and operation of power to hydrogen infrastructure incorporated with electric power system|Optimal planning and operation of power to hydrogen infrastructure incorporated with electric power system"
"";"dtu|dtupub|third_party";"";"2022-01-03T13:16:32.578Z";"Hansen, Jesper Bak";"";"2443778283";"";"dtu";"2019";"";"";"";"";"thesis";"dtu|dtu_electronic|dtupub|dtupub_electronic";"";"";"";"";"";"";"";"";"";"";"";"";"";"";"";"";"und";"5c5acf24d9001d01a513e779";"";"5c5acf24d9001d01a513e779";"DTU Department of Applied Mathematics and Computer Science";"sorbit";"sorbit";"A mediator for model analysis services|En mægler til modelanalyse-tjenester"
"";"dtu|dtupub|third_party";"";"2022-01-03T13:16:28.490Z";"Nielsen, Bo Sommer|Lauridsen, Henrik Tang";"";"2445374373";"";"dtu";"2019";"";"";"";"";"thesis";"dtu|dtu_electronic|dtupub|dtupub_electronic";"";"";"";"";"";"";"";"";"";"";"";"";"";"";"";"";"und";"5ca5b6a7d9001d48605f3c6c";"";"5ca5b6a7d9001d48605f3c6c";"DTU Department of Civil Engineering";"sorbit";"sorbit";"Modeling fire spread in modern cars with FDS|Modellering af brandspredning i moderne biler med FDS"
"";"dtu|dtupub|third_party";"";"2022-01-03T13:04:50.767Z";"Brambini, Gabriele";"";"2443935256";"";"dtu";"2019";"";"";"";"";"thesis";"dtu|dtu_electronic|dtupub|dtupub_electronic";"";"";"";"";"";"";"";"";"";"";"";"";"";"";"";"";"und";"5c6409a5d9001d016f390303";"";"5c6409a5d9001d016f390303";"DTU Department of Technology, Management and Economics";"sorbit";"sorbit";"Virtual reality technologies in the AEC industry: A study on use cases and best practices|Virtual reality teknologier i byggeri: En undersøgelse af brugssager og bedste praksis"
"";"dtu|dtupub|third_party";"";"2022-01-03T13:13:22.265Z";"Alepuz, Adrià Mompo";"";"2597213917";"";"dtu";"2020";"";"";"";"";"thesis";"dtu|dtu_electronic|dtupub|dtupub_electronic";"";"";"";"";"";"";"";"";"";"";"";"";"";"";"";"";"und";"5f561583d9001d01706cbb7e";"";"5f561583d9001d01706cbb7e";"DTU Department of Electrical Engineering";"sorbit";"sorbit";"Bio-inspired motion control of rigidly connected systems with application to underwater robotics|Bioinspireret bevægelseskontrol af stift forbundet systemer med anvendelse i undervandsrobotteknolgi"
"";"dtu|dtupub|third_party";"";"2022-01-03T13:05:54.717Z";"Goonesekera, Estelle Maria";"";"2611061334";"";"dtu";"2020";"";"";"";"";"thesis";"dtu|dtu_electronic|dtupub|dtupub_electronic";"";"";"";"";"";"";"";"";"";"";"";"";"";"";"";"";"und";"5ff84c34d9001d016c426f13";"";"5ff84c34d9001d016c426f13";"DTU Department of Environmental and Resource Engineering";"sorbit";"sorbit";"Impact of recovered phosphorus supply on methanotrophic cultivation and microbial protein production|Virkningen af genvundet fosforforsyning pa methanotrofisk dyrkning og mikrobiel proteinproduktion"
"";"dtu|dtupub|third_party";"";"2022-01-06T23:55:16.917Z";"Karstensen, Frederikke Svanekær|Taarnhøj, Maria";"";"2605495591";"";"dtu";"2020";"";"";"";"";"thesis";"dtu|dtu_electronic|dtupub|dtupub_electronic";"";"";"";"";"";"";"";"";"";"";"";"";"";"";"";"";"und";"5fa3ec4bd9001d0169385cad";"";"5fa3ec4bd9001d0169385cad";"DTU Department of Civil Engineering";"sorbit";"sorbit";"Climate-tool for investigating a building’s impact on its surrounding outdoor spaces|Klimaværktøj til undersøgelse af bygningers pavirkning af omkringliggende uderum"
"";"dtu|dtupub|third_party";"";"2022-01-03T13:13:22.315Z";"Olesen, Sidsel Grabow|Berggreen, Silje Kærn";"";"2595776857";"";"dtu";"2020";"";"";"";"";"thesis";"dtu|dtu_electronic|dtupub|dtupub_electronic";"";"";"";"";"";"";"";"";"";"";"";"";"";"";"";"";"und";"5f27f145d9001d016b4e233b";"";"5f27f145d9001d016b4e233b";"DTU Department of Environmental and Resource Engineering";"sorbit";"sorbit";"A techno-economic assessment of a waste management system for fish residues in Somaliland|En tekno-økonomisk vurdering af et affaldssystem til handtering af fiskeriaffald i Somaliland"
"";"dtu|dtupub|third_party";"";"2022-01-03T13:16:35.925Z";"Kristensen, Jonas Vejlgård|Meyer, Louis";"";"2595308566";"";"dtu";"2020";"";"";"";"";"thesis";"dtu|dtu_electronic|dtupub_external";"";"";"";"";"";"";"";"";"";"";"";"";"";"";"";"";"und";"5f16cdb7d9001d016b4e1f0f";"";"5f16cdb7d9001d016b4e1f0f";"DTU Department of Electrical Engineering";"sorbit";"sorbit";"Intelligent Computer Vision System for Pharmaceutical in-line Quality Control|Intelligent Computer Vision System for Pharmaceutical in-line Quality Control"
"";"dtu|dtupub|third_party";"";"2022-01-03T13:05:26.767Z";"Lund, Alberte Mai|Tozan, Buket";"";"2595882796";"";"dtu";"2020";"";"";"";"";"thesis";"dtu|dtu_electronic|dtupub|dtupub_electronic";"";"";"";"";"";"";"";"";"";"";"";"";"";"";"";"";"und";"5f2942afd9001d016b4e2388";"";"5f2942afd9001d016b4e2388";"DTU Department of Technology, Management and Economics";"sorbit";"sorbit";"Environmental life-cycle assessment (LCA) of Hal7 - Evaluation of the methodological choices pertaining to performing a building LCA|Miljømæssig livscyklusvurdering (LCA) af Hal7 - Evaluering af metodologiske valg vedrørende udførelse af en bygnings-LCA"
"";"dtu|dtupub|third_party";"";"2022-01-03T13:05:26.511Z";"Lawson, Néméhie Nadou Anne Hélène";"";"2596036086";"";"dtu";"2020";"";"";"";"";"thesis";"dtu|dtu_electronic|dtupub|dtupub_electronic";"";"";"";"";"";"";"";"";"";"";"";"";"";"";"";"";"und";"5f2fda26d9001d016b4e23fa";"";"5f2fda26d9001d016b4e23fa";"DTU Department of Environmental and Resource Engineering";"sorbit";"sorbit";"Biological biogas upgrading: Modelling, simulation and techno-economic analysis|Biologisk opgradering af biogas: Modellering, simulering og teknologisk økonomisk analyse"
"";"dtu|dtupub|third_party";"";"2022-01-03T13:13:16.653Z";"Andersen, Pernille Lysgaard|Nielsen, Silja Tea";"";"2443988057";"";"dtu";"2019";"";"";"";"";"thesis";"dtu|dtu_electronic|dtupub|dtupub_electronic";"";"";"";"";"";"";"";"";"";"";"";"";"";"";"";"";"und";"5c66aca1d9001d016f390378";"";"5c66aca1d9001d016f390378";"DTU Department of Civil Engineering";"sorbit";"sorbit";"OMA-based monitoring of a wind loaded structure|OMA-baseret monitorering af vindbelastet konstruktion"
"";"dtu|dtupub|third_party";"";"2022-01-03T13:05:48.369Z";"Boon, Mathias Enggrob";"";"2596308779";"";"dtu";"2020";"";"";"";"";"thesis";"dtu|dtu_electronic|dtupub|dtupub_electronic";"";"";"";"";"";"";"";"";"";"";"";"";"";"";"";"";"und";"5f37c318d9001d01721d7c44";"";"5f37c318d9001d01721d7c44";"DTU Department of Health Technology";"sorbit";"sorbit";"Removing code duplication through code generation for Kotlin web services|Fjerning af kodeduplikering ved kodegenerering for Kotlin web services"
"";"dtu|dtupub|third_party";"";"2022-01-06T23:56:30.843Z";"Buffet, Auriane Laura Isabelle";"";"2451153125";"";"dtu";"2019";"";"";"";"";"thesis";"dtu|dtu_electronic|dtupub|dtupub_electronic";"";"";"";"";"";"";"";"";"";"";"";"";"";"";"";"";"und";"5d42c8e8d9001d32f558c3af";"";"5d42c8e8d9001d32f558c3af";"DTU Department of Civil and Mechanical Engineering";"sorbit";"sorbit";"Development of a mechanical model for the Wavepiston device in waves and currents|Udvikling af en mekanisk model til Wavepistons bølgeenergi anlæg i bølge og strøm"
"";"dtu|dtupub|third_party";"";"2022-01-03T13:05:22.715Z";"Joshi, Ameya Sunil";"";"2447727650";"";"dtu";"2019";"";"";"";"";"thesis";"dtu|dtu_electronic|dtupub|dtupub_electronic";"";"";"";"";"";"";"";"";"";"";"";"";"";"";"";"";"und";"5ce67fe9d9001d016b4fccc7";"";"5ce67fe9d9001d016b4fccc7";"DTU Department of Chemical and Biochemical Engineering";"sorbit";"sorbit";"Experimental analysis of CO2 vapour liquid equilibrium on solvent for biogas upgrading|Eksperimentel analyse af CO2 gas opløselighed i solventer til biogasopgradering"
"";"dtu|dtupub|third_party";"";"2022-01-03T13:16:52.286Z";"Jensen, Morten Kofoed";"";"2444373502";"";"dtu";"2019";"";"";"";"";"thesis";"dtu|dtu_electronic|dtupub_external";"";"";"";"";"";"";"";"";"";"";"";"";"";"";"";"";"und";"5c83ad86d9001d249b17171c";"";"5c83ad86d9001d249b17171c";"DTU Department of Civil and Mechanical Engineering";"sorbit";"sorbit";"Optimal scheduling of a domestic hot-water heat pump|Optimal drift af brugsvandsvarmepumpe"
"";"dtu|dtupub|third_party";"";"2022-01-03T13:16:32.590Z";"Filbert, Mads";"";"2444586712";"";"dtu";"2019";"";"";"";"";"thesis";"dtu|dtu_electronic|dtupub|dtupub_electronic";"";"";"";"";"";"";"";"";"";"";"";"";"";"";"";"";"und";"5c8e397dd9001d017a0bd809";"";"5c8e397dd9001d017a0bd809";"DTU Department of Technology, Management and Economics";"sorbit";"sorbit";"Integrating machinelearning into metaheuristics|Integrering af neurale net med metaheuristikker"
"";"dtu|dtupub|third_party";"";"2022-01-03T13:13:23.126Z";"Michelsen, Kristoffer Scott Bates|Rønnelund, Mikkel Valentin|Johansen, Mads Brixtofte";"";"2596832074";"";"dtu";"2020";"";"";"";"";"thesis";"dtu|dtu_electronic|dtupub|dtupub_electronic";"";"";"";"";"";"";"";"";"";"";"";"";"";"";"";"";"und";"5f48e67dd9001d01721d7e72";"";"5f48e67dd9001d01721d7e72";"DTU Department of Applied Mathematics and Computer Science";"sorbit";"sorbit";"Deep learning for predictive maintenance|Dyb læring for prediktiv vedligeholdelse"
"";"dtu|dtupub|third_party";"";"2022-01-03T13:05:23.474Z";"Heiden, Lasse|Mortensen, Rasmus Døssing";"";"2512680480";"";"dtu";"2020";"";"";"";"";"thesis";"dtu|dtu_electronic|dtupub|dtupub_electronic";"";"";"";"";"";"";"";"";"";"";"";"";"";"";"";"";"und";"5e721003d9001d01712988a1";"";"5e721003d9001d01712988a1";"DTU Department of Technology, Management and Economics";"sorbit";"sorbit";"Holistic Food Innovation venture at Roskilde Festival|Holistisk mad innovations projekt pa Roskilde Festival"
"";"dtu|dtupub|third_party";"";"2022-01-06T23:56:36.843Z";"Nielsen, Kirstine Engell Sandager";"";"2606168177";"";"dtu";"2020";"";"";"";"";"thesis";"dtu|dtu_electronic|dtupub|dtupub_electronic";"";"";"";"";"";"";"";"";"";"";"";"";"";"";"";"";"und";"5fb3914dd9001d01693614d9";"";"5fb3914dd9001d01693614d9";"DTU Department of Physics";"sorbit";"sorbit";"Electric properties of 2D materials on patterned and rough substrates|Elektriske egenskaber af 2D materialer pa mønstrede og ru overflader"
"";"dtu|dtupub|third_party";"";"2022-01-03T13:16:35.881Z";"Coussy, Juliette Marie Inès";"";"2595588425";"";"dtu";"2020";"";"";"";"";"thesis";"dtu|dtu_electronic|dtupub_external";"";"";"";"";"";"";"";"";"";"";"";"";"";"";"";"";"und";"5f20084ed9001d016b4e2148";"";"5f20084ed9001d016b4e2148";"DTU Department of Wind and Energy Systems";"sorbit";"sorbit";"Validation of wake models for offshore wind farms|Validering af wake modeller for offshore vindmølleparker"
"";"dtu|dtupub|third_party";"";"2022-01-03T13:13:20.693Z";"Kristoffersen, Hans Sebastian Preus";"";"2525680724";"";"dtu";"2020";"";"";"";"";"thesis";"dtu|dtu_electronic|dtupub|dtupub_electronic";"";"";"";"";"";"";"";"";"";"";"";"";"";"";"";"";"und";"5e8f02ebd9001d016475f3f4";"";"5e8f02ebd9001d016475f3f4";"DTU Department of Electrical Engineering";"sorbit";"sorbit";"High Voltage Switched Capacitor Power Converter with AC Input Voltage|Højspændings switched-capacitor effektomformer med vekselspænding pa indgangen"
"";"dtu|dtupub|third_party";"";"2022-01-11T08:43:50.652Z";"Andersen, Rasmus Hjorth|Mackeprang, Mads Marcus Zingenberg";"";"2444215431";"";"dtu";"2019";"";"";"";"";"thesis";"dtu|dtu_electronic|dtupub|dtupub_electronic";"";"";"";"";"";"";"";"";"";"";"";"";"";"";"";"";"und";"5c752d48d9001d016d4b58e3";"";"5c752d48d9001d016d4b58e3";"DTU Department of Electrical Engineering";"sorbit";"sorbit";"Visual AUV navigation|Visuel AUV navigation"
"";"dtu|dtupub|third_party";"";"2022-01-03T13:05:42.514Z";"Teitsson, Hergeir";"";"2445374305";"";"dtu";"2019";"";"";"";"";"thesis";"dtu|dtu_electronic|dtupub_external";"";"";"";"";"";"";"";"";"";"";"";"";"";"";"";"";"und";"5ca5b65ed9001d48605f3c20";"";"5ca5b65ed9001d48605f3c20";"DTU Department of Space Research and Space Technology";"sorbit";"sorbit";"Gravity field and geoid of the Faroe Islands and the Azores|Tyngdefelt og geoide omkring Færøerne og Azoerne"
"";"dtu|dtupub|third_party";"";"2022-01-03T13:05:13.376Z";"Schmidt, Hjalte Reuss";"";"2448616107";"";"dtu";"2019";"";"";"";"";"thesis";"dtu|dtu_electronic|dtupub|dtupub_electronic";"";"";"";"";"";"";"";"";"";"";"";"";"";"";"";"";"und";"5cf3aee6d9001d2064299349";"";"5cf3aee6d9001d2064299349";"DTU Department of Chemical and Biochemical Engineering";"sorbit";"sorbit";"Design and simulation of rate based CO2 absorption processes|Design og simulering af hastighedsbaserede CO2 absorptionsprocesser"
"";"dtu|dtupub|third_party";"";"2022-01-06T23:54:27.448Z";"Parhiz, Lima|Ahmed, Hinna";"";"2525036798";"";"dtu";"2020";"";"";"";"";"thesis";"dtu|dtu_electronic|dtupub_external";"";"";"";"";"";"";"";"";"";"";"";"";"";"";"";"";"und";"5e81d3f2d9001d01923ead66";"";"5e81d3f2d9001d01923ead66";"DTU Department of Health Technology";"sorbit";"sorbit";"Coupling measures for disentangling drug effects on neural oscillations|Koblingsforanstaltninger-for-at-udrede-virkning-af-lægemidler-pa-neurale-oscillationer"
"";"dtu|dtupub|third_party";"";"2022-01-03T13:13:42.192Z";"Lauridsen, Casper Risager";"";"2489514650";"";"dtu";"2020";"";"";"";"";"thesis";"dtu|dtu_electronic|dtupub_external";"";"";"";"";"";"";"";"";"";"";"";"";"";"";"";"";"und";"5e3419a6d9001d01573c150c";"";"5e3419a6d9001d01573c150c";"DTU Department of Electrical Engineering";"sorbit";"sorbit";"Advanced Assembly and Quality Control|Advanceret montage og kvalitets kontrol"
"";"dtu|dtupub|third_party";"";"2022-01-03T13:13:19.428Z";"Smith, Stephan William";"";"2478358768";"";"dtu";"2019";"";"";"";"";"thesis";"dtu|dtu_electronic|dtupub|dtupub_electronic";"";"";"";"";"";"";"";"";"";"";"";"";"";"";"";"";"und";"5df6231bd9001d03d63c979e";"";"5df6231bd9001d03d63c979e";"DTU National Institute of Aquatic Resources";"sorbit";"sorbit";"Biodiversity of Invertebrates and biomass turnover in commercial recirculating aquaculture system (RAS) biofilters|Biodiversitet af invertebrater og omsætning af organisk materiale i biofiltre fra et kommercielt recirkulerings akvakultur anlæg"
"";"dtu|dtupub|third_party";"";"2022-01-03T13:16:33.469Z";"Busk, Lenni Helleskov";"";"2452682701";"";"dtu";"2019";"";"";"";"";"thesis";"dtu|dtu_electronic|dtupub_external";"";"";"";"";"";"";"";"";"";"";"";"";"";"";"";"";"und";"5d59326cd9001d05d7613ade";"";"5d59326cd9001d05d7613ade";"DTU Department of Civil and Mechanical Engineering";"sorbit";"sorbit";"Microstructure optimization in 3D printed maraging steel|Mikrostrukturoptimering i i 3D printet maraging stal"
"";"dtu|dtupub|third_party";"";"2022-01-06T23:56:31.004Z";"Pallis, Evangelos";"";"2452825565";"";"dtu";"2019";"";"";"";"";"thesis";"dtu|dtu_electronic|dtupub|dtupub_electronic";"";"";"";"";"";"";"";"";"";"";"";"";"";"";"";"";"und";"5d626ce8d9001d0887793004";"";"5d626ce8d9001d0887793004";"DTU Department of Environmental and Resource Engineering";"sorbit";"sorbit";"Production of high-value animal protein feed from urban bio-waste|Fremstillingen af høj-værdi animalsk proteinfoder fra urbant bioaffald"
"";"dtu|dtupub|third_party";"";"2022-01-03T13:16:34.032Z";"Roman, Sara Blasco";"";"2451028644";"";"dtu";"2019";"";"";"";"";"thesis";"dtu|dtu_electronic|dtupub|dtupub_electronic";"";"";"";"";"";"";"";"";"";"";"";"";"";"";"";"";"und";"5d3d8336d9001d32f558c119";"";"5d3d8336d9001d32f558c119";"DTU Department of Technology, Management and Economics";"sorbit";"sorbit";"A humanistic model for smart cities|En humanistisk model for smart cities"
"";"dtu|dtupub|third_party";"";"2022-01-03T13:05:46.752Z";"Kjems, Johan Lynge";"";"2451182438";"";"dtu";"2019";"";"";"";"";"thesis";"dtu|dtu_electronic|dtupub_external";"";"";"";"";"";"";"";"";"";"";"";"";"";"";"";"";"und";"5d46bd66d9001d32f558c4b3";"";"5d46bd66d9001d32f558c4b3";"DTU Department of Wind and Energy Systems";"sorbit";"sorbit";"Combined wind farm layout and control optimization|Kombineret vindmølleplanlægning og kontroloptimering"
"";"dtu|dtupub|third_party";"";"2022-01-03T13:05:47.927Z";"Petersen, Nicolai Frejvald";"";"2452727871";"";"dtu";"2019";"";"";"";"";"thesis";"dtu|dtu_electronic|dtupub|dtupub_electronic";"";"";"";"";"";"";"";"";"";"";"";"";"";"";"";"";"und";"5d5bd567d9001d05d7613b45";"";"5d5bd567d9001d05d7613b45";"DTU Department of Biotechnology and Biomedicine";"sorbit";"sorbit";"Quantitative characterization of T follicular helper cells in lymph nodes of swine after immunization with Staph aureus proteins in different adjuvants|Kvantitativ karakterisering af T follikulære hjælper celler i lymfeknuder frasvin efter immunisering med Staf aureus proteiner i forskellige adjuvanser"
"";"dtu|dtupub|third_party";"";"2022-01-06T23:54:24.967Z";"Gripenwaldt, Antonia Karolina Alexandra";"";"2451175596";"";"dtu";"2019";"";"";"";"";"thesis";"dtu|dtu_electronic|dtupub_external";"";"";"";"";"";"";"";"";"";"";"";"";"";"";"";"";"und";"5d456be0d9001d32f558c428";"";"5d456be0d9001d32f558c428";"DTU Department of Civil and Mechanical Engineering";"sorbit";"sorbit";"Establishment of injection moulding process for metal feedstock with zero pressure|Etablering af sprøjtestøbningsproces for metalmateriale med nultryk"
"";"dtu|dtupub|third_party";"";"2022-01-03T13:16:34.049Z";"Cocera, Juan Sala";"";"2452682704";"";"dtu";"2019";"";"";"";"";"thesis";"dtu|dtu_electronic|dtupub_external";"";"";"";"";"";"";"";"";"";"";"";"";"";"";"";"";"und";"5d59326cd9001d05d7613ae2";"";"5d59326cd9001d05d7613ae2";"DTU Department of Civil Engineering";"sorbit";"sorbit";"Data analysis of smart homes – clustering and pattern identification|Dataanalyse af smarte boliger - clustering og mønstergenkendelse"
"";"dtu|dtupub|third_party";"";"2022-01-06T23:55:09.226Z";"Lauritsen, Jonas Greve";"";"2451028890";"";"dtu";"2019";"";"";"";"";"thesis";"dtu|dtu_electronic|dtupub|dtupub_electronic";"";"";"";"";"";"";"";"";"";"";"";"";"";"";"";"";"und";"5d3d8375d9001d32f558c1a8";"";"5d3d8375d9001d32f558c1a8";"DTU Department of Biotechnology and Biomedicine";"sorbit";"sorbit";"Increasing phylogenetic resolution of microbiomes by genus-specific primers|Øget fylogenetisk opløsning af mikrobiomer med slægt-specifikke primere"
"";"dtu|dtupub|third_party";"";"2022-01-11T08:43:18.461Z";"Jepsen, Mads Krabbe";"";"2597373132";"";"dtu";"2020";"";"";"";"";"thesis";"dtu|dtu_electronic|dtupub|dtupub_electronic";"";"";"";"";"";"";"";"";"";"";"";"";"";"";"";"";"und";"5f5a09fcd9001d01706cbc76";"";"5f5a09fcd9001d01706cbc76";"DTU Department of Space Research and Space Technology";"sorbit";"sorbit";"Mission analysis of satellite for Arctic monitoring|Missionsanalyse af satellit til arktisk overvagning"
"";"dtu|dtupub|third_party";"";"2022-01-03T13:05:48.051Z";"Six, Marin Adrien";"";"2452917695";"";"dtu";"2019";"";"";"";"";"thesis";"dtu|dtu_electronic|dtupub_external";"";"";"";"";"";"";"";"";"";"";"";"";"";"";"";"";"und";"5d651029d9001d452b768594";"";"5d651029d9001d452b768594";"DTU Department of Technology, Management and Economics";"sorbit";"sorbit";"Applications of Machine Learning in Solving Large Scale Bus Driver Scheduling Problems|Brug af machine learning ved planlægning af chauffør tjenester"
"";"dtu|dtupub|third_party";"";"2022-01-03T13:13:40.630Z";"Hu, Junhui";"";"2451175613";"";"dtu";"2019";"";"";"";"";"thesis";"dtu|dtu_electronic|dtupub|dtupub_electronic";"";"";"";"";"";"";"";"";"";"";"";"";"";"";"";"";"und";"5d456bebd9001d32f558c453";"";"5d456bebd9001d32f558c453";"DTU Department of Technology, Management and Economics";"sorbit";"sorbit";"Added values of climate services for renewables on the Nordic power market|Værdien af klimatjenester for det nordiske energimarked"
"";"dtu|dtupub|third_party";"";"2022-01-03T13:13:16.776Z";"Hong, Sunghun";"";"2450741910";"";"dtu";"2019";"";"";"";"";"thesis";"dtu|dtu_electronic|dtupub|dtupub_electronic";"";"";"";"";"";"";"";"";"";"";"";"";"";"";"";"";"und";"5d2c5f7ed9001d018a233477";"";"5d2c5f7ed9001d018a233477";"DTU Department of Civil and Mechanical Engineering";"sorbit";"sorbit";"Design of the Pontoons and Their Effects on the Dynamic Responses of a Floating Bridge|Design af pontoner og deres virkninger pa dynamiske reaktioner af en flydende bro"
"";"dtu|dtupub|third_party";"";"2022-01-03T13:16:35.513Z";"Mellado, Gabriela Andrea Miguel";"";"2452682957";"";"dtu";"2019";"";"";"";"";"thesis";"dtu|dtu_electronic|dtupub|dtupub_electronic";"";"";"";"";"";"";"";"";"";"";"";"";"";"";"";"";"und";"5d593293d9001d05d7613b37";"";"5d593293d9001d05d7613b37";"DTU DTU National Food Institute";"sorbit";"sorbit";"Development of an optimized starter culture concept for production of water kefir fermented beverage|Udvikling af en optimeret innocula for produktion af vandkefir"
"";"dtu|dtupub|third_party";"";"2022-01-03T13:05:22.589Z";"Johansen, David";"";"2469779582";"";"dtu";"2019";"";"";"";"";"thesis";"dtu|dtu_electronic|dtupub|dtupub_electronic";"";"";"";"";"";"";"";"";"";"";"";"";"";"";"";"";"und";"5dcaa198d9001d01711fbe16";"";"5dcaa198d9001d01711fbe16";"DTU National Institute of Aquatic Resources";"sorbit";"sorbit";"Feasibility of an electrolysis module for pH management in recirculating aquaculture systems for the purpose of CO2 removal|Anvendelse af et elektrolysemodul til pH styring i recirkulerede opdrætssystemer med henblik pa CO2 fjernelse"
"";"dtu|dtupub|third_party";"";"2022-01-03T13:05:22.668Z";"Nicholson, Patricia Maria";"";"2526180692";"";"dtu";"2020";"";"";"";"";"thesis";"dtu|dtu_electronic|dtupub|dtupub_electronic";"";"";"";"";"";"";"";"";"";"";"";"";"";"";"";"";"und";"5e998eeed9001d016475f424";"";"5e998eeed9001d016475f424";"DTU Department of Civil and Mechanical Engineering";"sorbit";"sorbit";"Circular Economy in the Textile Industry|Cirkulær Økonomi i Tekstilindustrien"
"";"dtu|dtupub|third_party";"";"2022-01-03T13:05:19.865Z";"Vassos, Georgios";"";"2467822329";"";"dtu";"2019";"";"";"";"";"thesis";"dtu|dtu_electronic|dtupub_external";"";"";"";"";"";"";"";"";"";"";"";"";"";"";"";"";"und";"5dbacf97d9001d0168788a41";"";"5dbacf97d9001d0168788a41";"DTU Department of Applied Mathematics and Computer Science";"sorbit";"sorbit";"A Machine Learning Framework for Procurement Automation|A Machine Learning Framework for Procurement Automation"
"";"dtu|dtupub|third_party";"";"2022-01-03T13:13:22.051Z";"Refsgaard, Niklas";"";"2595488053";"";"dtu";"2020";"";"";"";"";"thesis";"dtu|dtu_electronic|dtupub|dtupub_electronic";"";"";"";"";"";"";"";"";"";"";"";"";"";"";"";"";"und";"5f1eb6bbd9001d016b4e206f";"";"5f1eb6bbd9001d016b4e206f";"DTU Department of Applied Mathematics and Computer Science";"sorbit";"sorbit";"Deep learning for detection of malicious DNS traffic|Deep learning til detection af ondsindet DNS traffic"
"";"dtu|dtupub|third_party";"";"2022-01-03T13:16:34.442Z";"Nielsen, Eirik Oterholm";"";"2451182778";"";"dtu";"2019";"";"";"";"";"thesis";"dtu|dtu_electronic|dtupub|dtupub_electronic";"";"";"";"";"";"";"";"";"";"";"";"";"";"";"";"";"und";"5d46bd72d9001d32f558c4c7";"";"5d46bd72d9001d32f558c4c7";"DTU Department of Applied Mathematics and Computer Science";"sorbit";"sorbit";"Security analysis of Internet of Things Devices|Sikkerhedsanalyse af IoT udstyr"
"";"dtu|dtupub|third_party";"";"2022-01-06T23:54:26.107Z";"Chehabi, Galal Nazih";"";"2496058525";"";"dtu";"2019";"";"";"";"";"thesis";"dtu|dtu_electronic|dtupub|dtupub_electronic";"";"";"";"";"";"";"";"";"";"";"";"";"";"";"";"";"und";"5e550f1cd9001d0164073ee0";"";"5e550f1cd9001d0164073ee0";"DTU Department of Applied Mathematics and Computer Science";"sorbit";"sorbit";"Prediction of intramammary infection and recovery in dairy cows using somatic cell count|Somatisk celletal som prædiktor for yverbetændelse i malkekvæg"
"";"dtu|dtupub|third_party";"";"2022-01-03T13:13:23.106Z";"Katsambi, Luisa-Marietta";"";"2596766007";"";"dtu";"2020";"";"";"";"";"thesis";"dtu|dtu_electronic|dtupub|dtupub_electronic";"";"";"";"";"";"";"";"";"";"";"";"";"";"";"";"";"und";"5f464384d9001d01721d7e04";"";"5f464384d9001d01721d7e04";"DTU Department of Technology, Management and Economics";"sorbit";"sorbit";"Analysis of hydrogen and ammonia as alternative low-carbon fuels for green house gas emissions reduction in maritime transport|Analyse af brint og ammoniak som alternative brændstof med lavt kulstofindhold til reduktion af drivhusgasemissioner i søtransport"
"";"dtu|dtupub|third_party";"";"2022-01-06T23:54:27.441Z";"Rasmussen, Kasper Kristian";"";"2524918605";"";"dtu";"2020";"";"";"";"";"thesis";"dtu|dtu_electronic|dtupub_external";"";"";"";"";"";"";"";"";"";"";"";"";"";"";"";"";"und";"5e7ded8cd9001d016d012cef";"";"5e7ded8cd9001d016d012cef";"DTU Department of Technology, Management and Economics";"sorbit";"sorbit";"Production sourcing planning|Produktions udvælgelses planlægning"
"";"dtu|dtupub|third_party";"";"2022-01-06T23:54:22.780Z";"Pedersen, Frederikke Byron";"";"2445374247";"";"dtu";"2019";"";"";"";"";"thesis";"dtu|dtu_electronic|dtupub|dtupub_electronic";"";"";"";"";"";"";"";"";"";"";"";"";"";"";"";"";"und";"5ca5b60ed9001d48605f3bd0";"";"5ca5b60ed9001d48605f3bd0";"DTU Department of Chemical and Biochemical Engineering";"sorbit";"sorbit";"Read length optimization of nanopore MinION sequencing data|Læselængdeoptimering af nanopore MinION-sekventeringsdata"
"";"dtu|dtupub|third_party";"";"2022-01-03T13:16:33.466Z";"Karnov, Kristian Magnus Suk Schmidt";"";"2451028570";"";"dtu";"2019";"";"";"";"";"thesis";"dtu|dtu_electronic|dtupub_external";"";"";"";"";"";"";"";"";"";"";"";"";"";"";"";"";"und";"5d3d82fdd9001d32f558c0b0";"";"5d3d82fdd9001d32f558c0b0";"DTU Department of Environmental and Resource Engineering";"sorbit";"sorbit";"LCA of the choice of packaging material for meal boxes: Simple Feast|Miljøvurdering af valget af emballagetype for maltidskasser: Simple Feast"
"";"dtu|dtupub|third_party";"";"2022-01-03T13:16:57.950Z";"Mateo, Maria De Las Mercedes Luna";"";"2596663503";"";"dtu";"2020";"";"";"";"";"thesis";"dtu|dtu_electronic|dtupub_external";"";"";"";"";"";"";"";"";"";"";"";"";"";"";"";"";"und";"5f424ef5d9001d01721d7d8f";"";"5f424ef5d9001d01721d7d8f";"DTU Department of Chemical and Biochemical Engineering";"sorbit";"sorbit";"Catalyst development and testing for alkane activation|Udvikling og test af katalysatorer til aktivering af alkaner"
"";"dtu|dtupub|third_party";"";"2022-01-03T13:13:19.650Z";"Buchou, Marion";"";"2597470187";"";"dtu";"2020";"";"";"";"";"thesis";"dtu|dtu_electronic|dtupub_external";"";"";"";"";"";"";"";"";"";"";"";"";"";"";"";"";"und";"5f5dfe7ad9001d01706cbcbd";"";"5f5dfe7ad9001d01706cbcbd";"DTU Department of Electrical Engineering";"sorbit";"sorbit";"Distributed optimisation applied to a pool of batteries|Distributed optimisation applied to a pool of batteries"
"";"dtu|dtupub|third_party";"";"2022-01-03T13:16:56.680Z";"Nielsen, Christian Nicolai";"";"2595488033";"";"dtu";"2020";"";"";"";"";"thesis";"dtu|dtu_electronic|dtupub|dtupub_electronic";"";"";"";"";"";"";"";"";"";"";"";"";"";"";"";"";"und";"5f1eb6b5d9001d016b4e203e";"";"5f1eb6b5d9001d016b4e203e";"DTU Department of Civil Engineering";"sorbit";"sorbit";"Climate Change and Smart Ventilation|Klimaforandringer og smart ventilation"
"";"dtu|dtupub|third_party";"";"2022-01-03T13:05:54.416Z";"Cao, Pei";"";"2596535890";"";"dtu";"2020";"";"";"";"";"thesis";"dtu|dtu_electronic|dtupub|dtupub_electronic";"";"";"";"";"";"";"";"";"";"";"";"";"";"";"";"";"und";"5f3e5a8dd9001d01721d7d73";"";"5f3e5a8dd9001d01721d7d73";"DTU Department of Technology, Management and Economics";"sorbit";"sorbit";"Optimal schedule of electric autonomous busses under battery constraints|Optimal ruteplanlægning for elektriske autonome busser under batteri restriktioner"
"";"dtu|dtupub|third_party";"";"2022-01-03T13:05:21.256Z";"Ebbehøj, Kristian Ladefoged";"";"2489514292";"";"dtu";"2019";"";"";"";"";"thesis";"dtu|dtu_electronic|dtupub|dtupub_electronic";"";"";"";"";"";"";"";"";"";"";"";"";"";"";"";"";"und";"5e341997d9001d01573c14de";"";"5e341997d9001d01573c14de";"DTU Department of Civil and Mechanical Engineering";"sorbit";"sorbit";"High-Frequency Mechanical Forcing: Effects of Frequency Modulation and Strong Nonlinearity|Højfrekvent Mekanisk Belastning: Effekter af Frekvensmodulation og Stærk Ikke-Linearitet"
"";"dtu|dtupub|third_party";"";"2022-01-03T13:13:16.868Z";"Jantzen, Andreas Vedel";"";"2444760390";"";"dtu";"2019";"";"";"";"";"thesis";"dtu|dtu_electronic|dtupub_external";"";"";"";"";"";"";"";"";"";"";"";"";"";"";"";"";"und";"5c90dc83d9001d017d637d18";"";"5c90dc83d9001d017d637d18";"DTU Department of Applied Mathematics and Computer Science";"sorbit";"sorbit";"Probability of Default modelling, using Advanced Machine Learning Methods|Modellering af Sandsynligheden for misligholdelse ved brug af avancerede, automatiske lærings metoder(machine learning metoder)"
"";"dtu|dtupub|third_party";"";"2022-01-03T13:13:22.215Z";"Guo, Qimin";"";"2597481451";"";"dtu";"2020";"";"";"";"";"thesis";"dtu|dtu_electronic|dtupub|dtupub_electronic";"";"";"";"";"";"";"";"";"";"";"";"";"";"";"";"";"und";"5f5f500fd9001d01706cbd1d";"";"5f5f500fd9001d01706cbd1d";"DTU Department of Civil and Mechanical Engineering";"sorbit";"sorbit";"Parametric study of regional climates on electronics: Understanding local climate effects on corrosion failure mechanisms|Undersøgelse af klimapavirkning pa elektronik: Forstaelse af lokale klimaeffekter pa korrosionsfejlmekanismer"
"";"dtu|dtupub|third_party";"";"2022-01-03T13:13:22.320Z";"Hougs, Morten Balslev|Vinther, Jacob Ribergaard";"";"2595758388";"";"dtu";"2020";"";"";"";"";"thesis";"dtu|dtu_electronic|dtupub|dtupub_electronic";"";"";"";"";"";"";"";"";"";"";"";"";"";"";"";"";"und";"5f269fbcd9001d016b4e2312";"";"5f269fbcd9001d016b4e2312";"DTU Department of Electrical Engineering";"sorbit";"sorbit";"Impact of home, fast and super chargers on the planning of medium voltage distribution grids - A case study based on a representative Danish medium voltage distribution grid model|Impact of home, fast and super chargers on the planning of medium voltage distribution grids - A case study based on a representative Danish medium voltage distribution grid model"
"";"dtu|dtupub|third_party";"";"2022-01-03T13:05:51.675Z";"Preibys, Paulius";"";"2597117836";"";"dtu";"2020";"";"";"";"";"thesis";"dtu|dtu_electronic|dtupub|dtupub_electronic";"";"";"";"";"";"";"";"";"";"";"";"";"";"";"";"";"und";"5f50cf80d9001d01694aafe5";"";"5f50cf80d9001d01694aafe5";"DTU Department of Electrical and Photonics Engineering";"sorbit";"sorbit";"Time Sensitive Network Management and Monitoring|Tidskritisk netværksstyring og monitorering"
"";"dtu|dtupub|third_party";"";"2022-01-03T13:13:23.044Z";"Richard, Lucas";"";"2598107936";"";"dtu";"2020";"";"";"";"";"thesis";"dtu|dtu_electronic|dtupub|dtupub_electronic";"";"";"";"";"";"";"";"";"";"";"";"";"";"";"";"";"und";"5f6d931ed9001d016947a72f";"";"5f6d931ed9001d016947a72f";"DTU Department of Electrical Engineering";"sorbit";"sorbit";"Model predictive voltage control of low inertia offshore transmission grids|Model predictive voltage control of low inertia offshore transmission grids"
"";"dtu|dtupub|third_party";"";"2022-01-03T13:16:35.912Z";"Zhu, Leiying";"";"2597656077";"";"dtu";"2020";"";"";"";"";"thesis";"dtu|dtu_electronic|dtupub|dtupub_electronic";"";"";"";"";"";"";"";"";"";"";"";"";"";"";"";"";"und";"5f6495fcd9001d0169505fc3";"";"5f6495fcd9001d0169505fc3";"DTU Department of Health Technology";"sorbit";"sorbit";"Determine antigen specificity and phenotype of CD8 T cells in Rheumatoid Arthritis|Analyse af antigen specificitet og fænotype blandt CD8 T celler i Rheumatoid Arthritis"
"";"dtu|dtupub|third_party";"";"2022-01-06T23:54:30.488Z";"Feraru, Valeria-Alexandra";"";"2596915360";"";"dtu";"2020";"";"";"";"";"thesis";"dtu|dtu_electronic|dtupub_external";"";"";"";"";"";"";"";"";"";"";"";"";"";"";"";"";"und";"5f4cdb0cd9001d01694aaf67";"";"5f4cdb0cd9001d01694aaf67";"DTU Department of Electrical Engineering";"sorbit";"sorbit";"Autonomous Search and Rescue in Maritime Environments|Autonomous Search and Rescue in Maritime Environments."
"";"dtu|dtupub|third_party";"";"2022-01-03T13:05:22.367Z";"Prost, Quentin Arthur";"";"2453337497";"";"dtu";"2019";"";"";"";"";"thesis";"dtu|dtu_electronic|dtupub|dtupub_electronic";"";"";"";"";"";"";"";"";"";"";"";"";"";"";"";"";"und";"5d6e4a80d9001d66e80217e4";"";"5d6e4a80d9001d66e80217e4";"DTU Department of Electrical Engineering";"sorbit";"sorbit";"Room geometry estimation using compact microphone arrays|Estimering af rum geometri vha kompakte mikrofon arrays"
"";"dtu|dtupub|third_party";"";"2022-01-03T13:05:14.576Z";"Belgrano, Lorenzo";"";"2444474411";"";"dtu";"2019";"";"";"";"";"thesis";"dtu|dtu_electronic|dtupub|dtupub_electronic";"";"";"";"";"";"";"";"";"";"";"";"";"";"";"";"";"und";"5c76e6abd9001d361b4cd3cb";"";"5c76e6abd9001d361b4cd3cb";"DTU Department of Applied Mathematics and Computer Science";"sorbit";"sorbit";"Evolutionary Strategies and learning: practical applications and developments|Evolutionære strategier og læring - anvendelser og metodeudvikling"
"";"dtu|dtupub|third_party";"";"2022-01-03T13:16:32.685Z";"Johansen, Morten Steen|Werenberg, Simon Kehlet";"";"2445374335";"";"dtu";"2019";"";"";"";"";"thesis";"dtu|dtu_electronic|dtupub|dtupub_electronic";"";"";"";"";"";"";"";"";"";"";"";"";"";"";"";"";"und";"5ca5b687d9001d48605f3c4f";"";"5ca5b687d9001d48605f3c4f";"DTU Department of Civil Engineering";"sorbit";"sorbit";"Experimental investigation of fire properties for CLT with fire retardant|Eksperimentel undersøgelse af brandmæssige egenskaber for brandimprægneret CLT"
"";"dtu|dtupub|third_party";"";"2022-01-06T23:56:32.579Z";"Kalyviotis, Giorgos";"";"2511701153";"";"dtu";"2020";"";"";"";"";"thesis";"dtu|dtu_electronic|dtupub|dtupub_electronic";"";"";"";"";"";"";"";"";"";"";"";"";"";"";"";"";"und";"5e70be83d9001d017129888b";"";"5e70be83d9001d017129888b";"DTU Department of Wind and Energy Systems";"sorbit";"sorbit";"Using super capacitor to enhance short-term frequency control capabilities of hybrid power plant|Anvendelse af superkondensator til udvidelse af frekvensreguleringsegulering egenskaber af hybrid kraftværk"
"";"dtu|dtupub|third_party";"";"2022-01-03T13:16:33.460Z";"Grønkjær, Emma Springhorn";"";"2451028549";"";"dtu";"2019";"";"";"";"";"thesis";"dtu|dtu_electronic|dtupub_external";"";"";"";"";"";"";"";"";"";"";"";"";"";"";"";"";"und";"5d3d82fad9001d32f558c0a6";"";"5d3d82fad9001d32f558c0a6";"DTU Department of Chemical and Biochemical Engineering";"sorbit";"sorbit";"Model-based control analysis and simulation of a pharmaceutical recovery process|Modelbaseret reguleringsanalyse og simulering for en farmaceutisk oprensningsproces"
"";"dtu|dtupub|third_party";"";"2022-01-03T13:05:48.983Z";"Dib, Sarah Elisabeth Hussein El";"";"2462436011";"";"dtu";"2019";"";"";"";"";"thesis";"dtu|dtu_electronic|dtupub_external";"";"";"";"";"";"";"";"";"";"";"";"";"";"";"";"";"und";"5d80bf7ad9001d19993e1b31";"";"5d80bf7ad9001d19993e1b31";"DTU Department of Electrical and Photonics Engineering";"sorbit";"sorbit";"NANOSTRUCTURES FOR BIO-CHEMO SENSING|NANOSTRUCTURES FOR BIO-CHEMO SENSING"
"";"dtu|dtupub|third_party";"";"2022-01-03T13:05:20.024Z";"Larsen, Rasmus Buhl";"";"2452037930";"";"dtu";"2019";"";"";"";"";"thesis";"dtu|dtu_electronic|dtupub|dtupub_electronic";"";"";"";"";"";"";"";"";"";"";"";"";"";"";"";"";"und";"5d51495dd9001d1f8a6c4210";"";"5d51495dd9001d1f8a6c4210";"DTU Department of Civil Engineering";"sorbit";"sorbit";"Structural health monitoring of scaled offshore platform model|Structurel health monitorering af skaleret offshore konstruktions model"
"";"dtu|dtupub|third_party";"";"2022-01-03T13:05:44.127Z";"Spadavecchia, Erica";"";"2452917421";"";"dtu";"2019";"";"";"";"";"thesis";"dtu|dtu_electronic|dtupub|dtupub_electronic";"";"";"";"";"";"";"";"";"";"";"";"";"";"";"";"";"und";"5d650ff9d9001d452b768520";"";"5d650ff9d9001d452b768520";"DTU Department of Environmental and Resource Engineering";"sorbit";"sorbit";"Environmental assessment of factors influencing the sustainability of textiles and their end of life|Miljøvurdering af betydende faktorer for bæredygtigheden af tekstiler og deres bortskaffelse"
"";"dtu|dtupub|third_party";"";"2022-01-03T13:13:22.030Z";"Bloch, Anders Jens";"";"2595488070";"";"dtu";"2020";"";"";"";"";"thesis";"dtu|dtu_electronic|dtupub|dtupub_electronic";"";"";"";"";"";"";"";"";"";"";"";"";"";"";"";"";"und";"5f1eb6c2d9001d016b4e209b";"";"5f1eb6c2d9001d016b4e209b";"DTU Department of Civil Engineering";"sorbit";"sorbit";"UAV GEOPHYSICAL DETECTION OF PLACER DEPOSITS|Drone-baseret geofysisk kortlægning af tungsandsmineraler"
"";"dtu|dtupub|third_party";"";"2022-01-03T13:13:19.323Z";"Reindel-Pedersen, Kasper Kyhn";"";"2463602591";"";"dtu";"2019";"";"";"";"";"thesis";"dtu|dtu_electronic|dtupub|dtupub_electronic";"";"";"";"";"";"";"";"";"";"";"";"";"";"";"";"";"und";"5d909174d9001d667441a50b";"";"5d909174d9001d667441a50b";"DTU Department of Civil and Mechanical Engineering";"sorbit";"sorbit";"A powder handling system and powder handling strategies for laser powderbed fusion|Et pulverhandteringssystem og pulverhandteringsstrategier til laser pulversengs additiv fremstilling"
"";"dtu|dtupub|third_party";"";"2022-01-03T13:05:23.732Z";"Kruse, Esben Løvendal";"";"2489514531";"";"dtu";"2019";"";"";"";"";"thesis";"dtu|dtu_electronic|dtupub_external";"";"";"";"";"";"";"";"";"";"";"";"";"";"";"";"";"und";"5e34199ed9001d01573c14e9";"";"5e34199ed9001d01573c14e9";"DTU Department of Applied Mathematics and Computer Science";"sorbit";"sorbit";"Ultrasonic Anomaly Detection on Wind Turbine Blades using Deep Learning|Ultrasonisk anomalitetsdetektering pa vindmøllevinger med dyb læring"
"";"dtu|dtupub|third_party";"";"2022-01-03T13:16:54.903Z";"Nielsen, Asger Georg|Grandorf, Simon Just";"";"2496058241";"";"dtu";"2020";"";"";"";"";"thesis";"dtu|dtu_electronic|dtupub_external";"";"";"";"";"";"";"";"";"";"";"";"";"";"";"";"";"und";"5e550f03d9001d0164073e91";"";"5e550f03d9001d0164073e91";"DTU Department of Technology, Management and Economics";"sorbit";"sorbit";"A production planning approach for handling complexity and variability|Handtering af kompleksitet og variation i produktionsplanlægning"