"abstract_ts";"access_ss";"Affiliations";"Timestamp";"Author";"citation_count_i";"ID";"dtu_library_collection_facet";"collection_facet";"Publication Year";"Conference";"DOI";"Editor";"embargo_ssf";"format";"fulltext_availability_facet";"has_openaccess_fulltext_b";"holdings_ssf";"ISBN";"Journal Issue";"journal_issue_tsort";"journal_oa_model_ss";"Journal Page";"journal_page_start_tsort";"Journal Title";"journal_title_facet";"toc_key_s";"Journal Volume";"journal_vol_tsort";"keywords_ts";"keywords_facet";"keywords_normalized";"isolanguage_facet";"member_id_ss";"ORCID";"primary_member_id_s";"Publisher";"Source";"source_all_ss";"Title"
"Bioenergy with carbon capture has emerged as a promising technological pathway in the pursuit of carbon-neutral energy production and industry. However, profitability of carbon capture remains as a large barrier in wide-scale deployment and as incentives are lacking benefit has to be sought, for instance, via CO₂ utilization. In this thesis biogenic CO₂ emission sources as well as status and performance of state-of-the-art and emerging post-combustion capture technologies were reviewed. Additionally, absorption-based post-combustion capture technologies developed by CarbonReUse, Kleener Power Solutions and VTT were experimented at pilot-scale by using synthetic gas mixtures, biogenic flue gases and raw biogas. Multiple industrial sources of biogenic CO₂ emissions into which carbon capture could possibly be applied were recognized. Numerous different carbon capture technologies based on various capture methods are currently in development with multiple large-scale demonstration projects ongoing and planned for the near future. Capture cost in post-combustion carbon capture is currently at around 34–80 €/t CO₂. In the pilot tests, all tested technologies were proven functional in carbon capture at realistic conditions, while achieving promising results regarding capture performance. However, further work is required to evaluate the economic performance and commercial potential of the tested technologies.";"dtu|dtupub";"BA4403 Carbon-efficient industry";"2023-04-04T00:09:38.671Z";"Linjala, Onni";"";"2723401378";"";"dtu";"2021";"";"";"";"";"thesis";"dtu|dtu_electronic|dtupub|dtupub_electronic";"";"";"";"";"";"";"";"";"";"";"";"";"";"";"";"";"eng";"642b6abd0df26f3d3c9f2ec1";"";"642b6abd0df26f3d3c9f2ec1";"Lappeenranta University of Technology";"vtt";"vtt";"Review on post-combustion carbon capture technologies and capture of biogenic CO₂ using pilot-scale equipment"
"";"dtu|dtupub|third_party";"";"2023-02-01T01:09:37.035Z";"Imandi, Rohit";"";"2718416179";"";"dtu";"2022";"";"";"";"";"thesis";"dtu|dtu_electronic|dtupub|dtupub_electronic";"";"";"";"";"";"";"";"";"";"";"";"";"";"";"";"";"und";"63d9bbd04f02181e04dbc0d5";"";"63d9bbd04f02181e04dbc0d5";"DTU Department of Wind and Energy Systems";"sorbit";"sorbit";"VRE power quality enhancement using grid-connected battery energy storage systems (BESS)|VRE power kvalitetsforbedring ved brug af net-koblet batterilager (BESS)"
"";"dtu|dtupub|third_party";"";"2022-05-19T11:09:50.259Z";"Kruse, Patrick Serena|Herreborg, Christian";"";"2710138300";"";"dtu";"2022";"";"";"";"";"thesis";"dtu|dtu_electronic|dtupub|dtupub_electronic";"";"";"";"";"";"";"";"";"";"";"";"";"";"";"";"";"und";"6286257d24feb717b912530e";"";"6286257d24feb717b912530e";"DTU Department of Applied Mathematics and Computer Science";"sorbit";"sorbit";"Core Framework for Secure Logistics Systems|Core framework for sikre logistiksystemer"
"";"dtu|dtupub|third_party";"";"2022-04-10T11:09:57.330Z";"Alphonso, Wayne Edgar";"";"2709236955";"";"dtu";"2022";"";"";"";"";"thesis";"dtu|dtu_electronic|dtupub_external";"";"";"";"";"";"";"";"";"";"";"";"";"";"";"";"";"und";"6252bb0409cca010d678a5a9";"";"6252bb0409cca010d678a5a9";"DTU Department of Civil and Mechanical Engineering";"sorbit";"sorbit";"Additive Manufacturing of pure/alloyed Copper using Laser Powder bed fusion and other AM techniques applied to benchmark geometries as well as industrial use cases|Additiv fremstilling af kobberbaserede emner med laser powder bed fusion og andre metoder med fokus pa benchmark geometrier og industrielle anvendelser"
"";"dtu|dtupub|third_party";"";"2022-02-24T12:11:50.424Z";"Salih, Ehmad";"";"2707894247";"";"dtu";"2022";"";"";"";"";"thesis";"dtu|dtu_electronic|dtupub|dtupub_electronic";"";"";"";"";"";"";"";"";"";"";"";"";"";"";"";"";"und";"621775b0572738235ea05e26";"";"621775b0572738235ea05e26";"DTU Department of Technology, Management and Economics";"sorbit";"sorbit";"Sustainable recycling of building materials|Bæredygtig genanvendelse af byggematerialer"
"";"dtu|dtupub|third_party";"";"2022-01-03T13:16:38.382Z";"Esteban, Laura Diaz";"";"2691894161";"";"dtu";"2021";"";"";"";"";"thesis";"dtu|dtu_electronic|dtupub|dtupub_electronic";"";"";"";"";"";"";"";"";"";"";"";"";"";"";"";"";"und";"60fd46b7d9001d01622e8da8";"";"60fd46b7d9001d01622e8da8";"DTU Department of Technology, Management and Economics";"sorbit";"sorbit";"WEKOK. Technology-based start-up development and business evaluation|WEKOK. Teknologibaseret opstartsudvikling og forretningsevaluering"
"";"dtu|dtupub|third_party";"";"2022-09-15T00:09:36.014Z";"Zhang, Runjia";"";"2713749584";"";"dtu";"2022";"";"";"";"";"thesis";"dtu|dtu_electronic|dtupub|dtupub_electronic";"";"";"";"";"";"";"";"";"";"";"";"";"";"";"";"";"und";"63226d3f03fc9055fa5c8c99";"";"63226d3f03fc9055fa5c8c99";"DTU Department of Physics";"sorbit";"sorbit";"Quantum Random Number Generation from Vacuum Fluctuations using a Single Photodiode|Quantum Random Number Generation from Vacuum Fluctuations using a Single Photodiode"
"";"dtu|dtupub|third_party";"";"2022-09-15T00:09:36.412Z";"Biradar, Varun Channabasappagowda";"";"2713749587";"";"dtu";"2022";"";"";"";"";"thesis";"dtu|dtu_electronic|dtupub|dtupub_electronic";"";"";"";"";"";"";"";"";"";"";"";"";"";"";"";"";"und";"63226d40a158f355faab7e74";"";"63226d40a158f355faab7e74";"DTU Department of Wind and Energy Systems";"sorbit";"sorbit";"Load and performance evaluation of floating wind turbines with shared mooring|Lastanalyse for flydende vindmøller med delte fortøjningsliner"
"";"dtu|dtupub|third_party";"";"2022-10-21T00:09:29.540Z";"Gigandet, Quentin Yannis Luc";"";"2716249537";"";"dtu";"2022";"";"";"";"";"thesis";"dtu|dtu_electronic|dtupub_external";"";"";"";"";"";"";"";"";"";"";"";"";"";"";"";"";"und";"6351e338e05ae7df3b59257b";"";"6351e338e05ae7df3b59257b";"DTU Department of Civil and Mechanical Engineering";"sorbit";"sorbit";"Scratch resistance of recyclable titanium watches|Ridsefasthed af genanvendelig titan til ure"
"";"dtu|dtupub|third_party";"";"2022-08-02T00:09:36.048Z";"Ma, Yun";"";"2712945888";"";"dtu";"2022";"";"";"";"";"thesis";"dtu|dtu_electronic|dtupub|dtupub_electronic";"";"";"";"";"";"";"";"";"";"";"";"";"";"";"";"";"und";"62e86b3fe9a962a4463d289c";"";"62e86b3fe9a962a4463d289c";"DTU Department of Electrical and Photonics Engineering";"sorbit";"sorbit";"The application of machine learning in the field of intelligent medical data analysis|The application of machine learning in the field of intelligent medical data analysis."
"";"dtu|dtupub|third_party";"";"2022-09-18T00:09:28.959Z";"Martos, Ivan Estupina";"";"2713855596";"";"dtu";"2022";"";"";"";"";"thesis";"dtu|dtu_electronic|dtupub|dtupub_electronic";"";"";"";"";"";"";"";"";"";"";"";"";"";"";"";"";"und";"632661b8a228db55fa0a3037";"";"632661b8a228db55fa0a3037";"DTU Department of Civil Engineering";"sorbit";"sorbit";"Assessment of Ground-Borne Vibrations from Urban Rail Transit|Undersøgelse af vibrationer i jord fra letbanetransport"
"";"dtu|dtupub|third_party";"";"2022-03-15T12:09:57.778Z";"Thuesen, Anne-Marie Raackmann Barkley|Nielsen, Emelia Karoline Suddek|Jessen, Karen Brogaard";"";"2708472299";"";"dtu";"2022";"";"";"";"";"thesis";"dtu|dtu_electronic|dtupub_external";"";"";"";"";"";"";"";"";"";"";"";"";"";"";"";"";"und";"62308214fa111685440eccc1";"";"62308214fa111685440eccc1";"DTU Department of Civil and Mechanical Engineering";"sorbit";"sorbit";"Development of a discreet retention solution for hearing implant users in collaboration with Oticon Medical|Udvikling af en diskret løsning til fastholdelse af lydprocessorer til høreimplantat brugere i samarbejde med Oticon Medical"
"";"dtu|dtupub|third_party";"";"2022-02-02T12:10:29.660Z";"Schmidt, Joachim Winther";"";"2706416027";"";"dtu";"2022";"";"";"";"";"thesis";"dtu|dtu_electronic|dtupub_external";"";"";"";"";"";"";"";"";"";"";"";"";"";"";"";"";"und";"61fa74b5bf44ec17cd5d2aba";"";"61fa74b5bf44ec17cd5d2aba";"DTU Department of Electrical Engineering";"sorbit";"sorbit";"Study of the influence by the diaphragm tension on the free-field correction of measurement condenser microphones|Undersøgelse af indflydelsen af membranspændingen pa fri-felt korrektion af malekondensatormikrofoner"
"";"dtu|dtupub|third_party";"";"2022-02-23T12:10:18.305Z";"Lopez, Kendra Ana Rodriguez";"";"2707790625";"";"dtu";"2022";"";"";"";"";"thesis";"dtu|dtu_electronic|dtupub_external";"";"";"";"";"";"";"";"";"";"";"";"";"";"";"";"";"und";"62162429590e04235e52b3a9";"";"62162429590e04235e52b3a9";"DTU Department of Technology, Management and Economics";"sorbit";"sorbit";"Environmental impact of aseptic packaging, study based on Oterra's products|Miljøets pavirkinger af asceptisk emballage: En undersøgelse baseret pa Oterra's produkter"
"";"dtu|dtupub|third_party";"";"2022-02-25T12:09:59.798Z";"Maupin, Carley Michaela|Salazar, Enrique Nicolas Quiroz";"";"2707916082";"";"dtu";"2022";"";"";"";"";"thesis";"dtu|dtu_electronic|dtupub_external";"";"";"";"";"";"";"";"";"";"";"";"";"";"";"";"";"und";"6218c716145885235e032a0c";"";"6218c716145885235e032a0c";"DTU Department of Applied Mathematics and Computer Science";"sorbit";"sorbit";"An Investigation of Diversity and Inclusion in a Global Company using People Analytics|An Investigation of Diversity and Inclusion in a Global Company using People Analytics"
"";"dtu|dtupub|third_party";"";"2022-01-03T13:05:31.128Z";"Thapa, Umesh Saru";"";"2692890879";"";"dtu";"2021";"";"";"";"";"thesis";"dtu|dtu_electronic|dtupub|dtupub_electronic";"";"";"";"";"";"";"";"";"";"";"";"";"";"";"";"";"und";"6120df23d9001d0478369047";"";"6120df23d9001d0478369047";"DTU Department of Electrical and Photonics Engineering";"sorbit";"sorbit";"Evaluation of Outdoor Electroluminescence Imaging Methods|Evaluering af metoder til udendørs elektroluminescens fotografering"
"";"dtu|dtupub|third_party";"";"2022-01-06T23:56:40.393Z";"Jensen, Rasmus Blirup|Giannakakis, Alexandros";"";"2692726060";"";"dtu";"2021";"";"";"";"";"thesis";"dtu|dtu_electronic|dtupub|dtupub_electronic";"";"";"";"";"";"";"";"";"";"";"";"";"";"";"";"";"und";"611a47aad9001d016230a8f4";"";"611a47aad9001d016230a8f4";"DTU Department of Technology, Management and Economics";"sorbit";"sorbit";"AI-based Portfolio Analysis and Risk Management of IndexFunds and Cryptocurrencies|AI-baseret porteføljeanalyse og risikostyring af indexfonde og kryptovaluta"
"";"dtu|dtupub|third_party";"";"2022-07-31T00:09:47.041Z";"Meeranath, Swetha Latha";"";"2712907435";"";"dtu";"2022";"";"";"";"";"thesis";"dtu|dtu_electronic|dtupub|dtupub_electronic";"";"";"";"";"";"";"";"";"";"";"";"";"";"";"";"";"und";"62e5c84a44992fa4465a0e07";"";"62e5c84a44992fa4465a0e07";"DTU Department of Applied Mathematics and Computer Science";"sorbit";"sorbit";"Fingerprinting Schemes against Post Quantum Cryptography IPsec/IKEv2 Encryption Appliance|Fingeraftryksskemaer mod Post Quantum Cryptography IPsec/IKEv2 Krypteringsenhed"
"";"dtu|dtupub|third_party";"";"2022-01-03T13:05:30.851Z";"Ásgeirsdóttir, Kristín Júlía|Ingþórsdóttir, Aldís Anna|Petersen, Rebekka Rut";"";"2692100371";"";"dtu";"2021";"";"";"";"";"thesis";"dtu|dtu_electronic|dtupub_external";"";"";"";"";"";"";"";"";"";"";"";"";"";"";"";"";"und";"61068132d9001d01622e8e9c";"";"61068132d9001d01622e8e9c";"DTU Department of Technology, Management and Economics";"sorbit";"sorbit";"Development of product configurator at Aasted|Udvikling af produktkonfigurator hos Aasted"
"";"dtu|dtupub|third_party";"";"2022-07-04T11:10:03.098Z";"Fjellander, Oliver Hede";"";"2712470341";"";"dtu";"2022";"";"";"";"";"thesis";"dtu|dtu_electronic|dtupub|dtupub_electronic";"";"";"";"";"";"";"";"";"";"";"";"";"";"";"";"";"und";"62c2ca8b87188a250a23acb5";"";"62c2ca8b87188a250a23acb5";"DTU Department of Environmental and Resource Engineering";"sorbit";"sorbit";"The potential for using sub-kilometer scale numerical weather models for short-term predictions of extreme rainfall|Potentialet for brug af numeriske vejrmodeller i sub-kilometer skala til korttidsforudsigelser af ekstrem nedbør"
"";"dtu|dtupub|third_party";"";"2022-07-11T00:09:39.259Z";"Bergsveinsdóttir, Katrín Erla|Raes, Ruben Remý Gústav|Unudóttir, Tinna Hrönn";"";"2712624360";"";"dtu";"2022";"";"";"";"";"thesis";"dtu|dtu_electronic|dtupub_external";"";"";"";"";"";"";"";"";"";"";"";"";"";"";"";"";"und";"62cb6a3d778dd32617a0807f";"";"62cb6a3d778dd32617a0807f";"DTU Department of Technology, Management and Economics";"sorbit";"sorbit";"Product configuration at Haldor Topsøe|Produktkonfigurering"
"";"dtu|dtupub|third_party";"";"2022-07-25T00:10:58.355Z";"Maquet, Pierre Benjamin Xavier Manuel";"";"2712810242";"";"dtu";"2022";"";"";"";"";"thesis";"dtu|dtu_electronic|dtupub|dtupub_electronic";"";"";"";"";"";"";"";"";"";"";"";"";"";"";"";"";"und";"62dddf92d78c5754e4ecefc9";"";"62dddf92d78c5754e4ecefc9";"DTU Department of Wind and Energy Systems";"sorbit";"sorbit";"Feasibility of a biodiversity protection concept: Using wind farms for financing nature conservation in their vicinity|Gennemførlighed af et biodiversitetsbeskyttelseskoncept: Udnyttelse af vindmølleparker til finansiering af naturbevarelse i omkringliggende omrader"
"";"dtu|dtupub|third_party";"";"2022-07-25T00:10:16.133Z";"Barun, Alina|Martinovic, Tomislav|Tsang, Kin Sun";"";"2712810160";"";"dtu";"2022";"";"";"";"";"thesis";"dtu|dtu_electronic|dtupub|dtupub_electronic";"";"";"";"";"";"";"";"";"";"";"";"";"";"";"";"";"und";"62dddf68da2ad054e41a0730";"";"62dddf68da2ad054e41a0730";"DTU Department of Civil Engineering";"sorbit";"sorbit";"Transformation potential of existing buildings - architectural design, environmental, social and economic impact|Transformation potential of existing buildings - architectural design, environmental, social and economic impact"
"";"dtu|dtupub|third_party";"";"2022-09-04T00:09:26.119Z";"Petersen, Asger Bjerregaard";"";"2713463389";"";"dtu";"2022";"";"";"";"";"thesis";"dtu|dtu_electronic|dtupub|dtupub_electronic";"";"";"";"";"";"";"";"";"";"";"";"";"";"";"";"";"und";"6313ecb5ad41e03145eb9364";"";"6313ecb5ad41e03145eb9364";"DTU Department of Civil and Mechanical Engineering";"sorbit";"sorbit";"Topology optimization of hydrodynamic bearings|Topologioptimering af glidelejer"
"";"dtu|dtupub|third_party";"";"2022-08-12T00:09:30.979Z";"Schnack, Malin Lykke";"";"2713018244";"";"dtu";"2022";"";"";"";"";"thesis";"dtu|dtu_electronic|dtupub|dtupub_electronic";"";"";"";"";"";"";"";"";"";"";"";"";"";"";"";"";"und";"62f59a3ab0d8a203a47933b3";"";"62f59a3ab0d8a203a47933b3";"DTU Department of Health Technology";"sorbit";"sorbit";"Detection of Major Depressive Disorder (MDD) for Diagnosis and Treatment Response: A Systematic EEG Investigation|Pavisning af klinisk depression til diagnose og behandlingsrespons: En systematisk EEG-undersøgelse"
"";"dtu|dtupub|third_party";"";"2022-01-03T13:17:00.652Z";"Henney, Mark Alexander";"";"2693468672";"";"dtu";"2021";"";"";"";"";"thesis";"dtu|dtu_electronic|dtupub_external";"";"";"";"";"";"";"";"";"";"";"";"";"";"";"";"";"und";"61389a17d9001d01625ca127";"";"61389a17d9001d01625ca127";"DTU Department of Applied Mathematics and Computer Science";"sorbit";"sorbit";"Identification of activation patterns in functional neuroimaging using machine learning|Identifikation af aktiveringsmønstre i funktionel neuroimaging ved brug af machine learning"
"";"dtu|dtupub|third_party";"";"2022-01-06T23:55:20.767Z";"Egebak, Nicholas";"";"2692004395";"";"dtu";"2021";"";"";"";"";"thesis";"dtu|dtu_electronic|dtupub|dtupub_electronic";"";"";"";"";"";"";"";"";"";"";"";"";"";"";"";"";"und";"61028c8bd9001d01622e8e46";"";"61028c8bd9001d01622e8e46";"DTU Department of Electrical and Photonics Engineering";"sorbit";"sorbit";"Femtosecond mode-locked ytterbium fiber laser|Femtosekund mode-last ytterbium fiber laser"
"";"dtu|dtupub|third_party";"";"2022-01-06T23:56:38.587Z";"Hastrup, Bjarke Arnskjær";"";"2688605912";"";"dtu";"2021";"";"";"";"";"thesis";"dtu|dtu_electronic|dtupub|dtupub_electronic";"";"";"";"";"";"";"";"";"";"";"";"";"";"";"";"";"und";"609e5a9ed9001d01650a4c9a";"";"609e5a9ed9001d01650a4c9a";"DTU Department of Energy Conversion and Storage";"sorbit";"sorbit";"Physics informed deep reinforced learning for anomalous reaction mechanism search|Fysikinformeret dyb forstærket læring til unormal reaktionsmekanisme søgning"
"";"dtu|dtupub|third_party";"";"2022-01-03T13:13:25.080Z";"Jakobsen, Camilla Christiane";"";"2691222028";"";"dtu";"2021";"";"";"";"";"thesis";"dtu|dtu_electronic|dtupub|dtupub_electronic";"";"";"";"";"";"";"";"";"";"";"";"";"";"";"";"";"und";"60e2e8b1d9001d01667246be";"";"60e2e8b1d9001d01667246be";"DTU Department of Environmental and Resource Engineering";"sorbit";"sorbit";"Evaluating the performance of NBS treatment trains through long-term simulations|Evaluering af seriekoblede LAR-anlæg gennem langtidssimuleringer"
"";"dtu|dtupub|third_party";"";"2022-01-03T13:05:28.950Z";"Turunen, Linnea Martine|Nickel, Karin Korsager";"";"2642153385";"";"dtu";"2021";"";"";"";"";"thesis";"dtu|dtu_electronic|dtupub|dtupub_electronic";"";"";"";"";"";"";"";"";"";"";"";"";"";"";"";"";"und";"6040ce4ad9001d01650055bd";"";"6040ce4ad9001d01650055bd";"DTU Department of Civil Engineering";"sorbit";"sorbit";"Analysis of airflow and heat transfer with diffuse ceiling ventilation|Analyse af strømninger og varmeovergange med diffus loftsindblæsning"
"";"dtu|dtupub|third_party";"";"2022-01-03T13:05:56.315Z";"Larsen, Marie Holm|Kragh, Caroline Benedicte";"";"2626729800";"";"dtu";"2021";"";"";"";"";"thesis";"dtu|dtu_electronic|dtupub_external";"";"";"";"";"";"";"";"";"";"";"";"";"";"";"";"";"und";"60364287d9001d01656e1cba";"";"60364287d9001d01656e1cba";"DTU Department of Technology, Management and Economics";"sorbit";"sorbit";"Systems Design for Guarantee Process Optimization in Danske Bank|Systemdesign for optimering af garantiprocessen i Danske Bank"""
"";"dtu|dtupub|third_party";"";"2022-01-03T13:05:59.377Z";"Rasmussen, Karina";"";"2686585805";"";"dtu";"2021";"";"";"";"";"thesis";"dtu|dtu_electronic|dtupub_external";"";"";"";"";"";"";"";"";"";"";"";"";"";"";"";"";"und";"6082ab2ed9001d01701fe6b3";"";"6082ab2ed9001d01701fe6b3";"DTU Department of Civil and Mechanical Engineering";"sorbit";"sorbit";"Sulphur corrosion of electronic components|Svovl gas korrosion af elektronik komponenter"
"";"dtu|dtupub|third_party";"";"2022-01-03T13:13:24.877Z";"Fjælberg, Tine Jensen";"";"2640810704";"";"dtu";"2021";"";"";"";"";"thesis";"dtu|dtu_electronic|dtupub|dtupub_electronic";"";"";"";"";"";"";"";"";"";"";"";"";"";"";"";"";"und";"603f7cb1d9001d0165005556";"";"603f7cb1d9001d0165005556";"DTU Department of Chemical and Biochemical Engineering";"sorbit";"sorbit";"Corrosion resistance of epoxy resins modified by silanes at high pressure and high temperature conditions|Epoxy resiner modificeret med silaner til korrosionsbeskyttelse under højt tryk og høj temperature"
"";"dtu|dtupub|third_party";"";"2022-03-21T12:10:01.085Z";"Karseri, Samarth Shivanand";"";"2708727302";"";"dtu";"2022";"";"";"";"";"thesis";"dtu|dtu_electronic|dtupub|dtupub_electronic";"";"";"";"";"";"";"";"";"";"";"";"";"";"";"";"";"und";"62386b180cde28d3eb68ee22";"";"62386b180cde28d3eb68ee22";"DTU Department of Civil Engineering";"sorbit";"sorbit";"Rammed earth – influence of binders|Stampet jord - indflydelse af bindemidler"
"";"dtu|dtupub|third_party";"";"2022-02-22T12:10:00.443Z";"Krusell, Anna Kirketerp|Jensen, Kristine Marburger";"";"2707583719";"";"dtu";"2022";"";"";"";"";"thesis";"dtu|dtu_electronic|dtupub|dtupub_electronic";"";"";"";"";"";"";"";"";"";"";"";"";"";"";"";"";"und";"6214d2979a5346235e5849a6";"";"6214d2979a5346235e5849a6";"DTU Department of Civil Engineering";"sorbit";"sorbit";"Optimization and design exploration - Automatic multi-object optimization tool analysis for indoor climate|Optimering og designundersøgelse - Analyse af værktøj for automatisk multkriterie-optimering af indeklima"
"";"dtu|dtupub|third_party";"";"2022-01-03T13:05:57.586Z";"Andersen, Niklas Ladegaard";"";"2666943688";"";"dtu";"2021";"";"";"";"";"thesis";"dtu|dtu_electronic|dtupub|dtupub_electronic";"";"";"";"";"";"";"";"";"";"";"";"";"";"";"";"";"und";"60534332d9001d01657f2f08";"";"60534332d9001d01657f2f08";"DTU Department of Biotechnology and Biomedicine";"sorbit";"sorbit";"Advancing on molecular tools design and adaptation for metabolic engineering of the halophilic yeast Debaryomyces hansenii|Fremme af molekylær værktøjsdesign og tilpasning til metabolisk konstruktion af den halofile gær Debaryomyces hansenii"
"";"dtu|dtupub|third_party";"";"2022-01-03T13:05:56.035Z";"Lindstrøm, Tobias";"";"2612047711";"";"dtu";"2021";"";"";"";"";"thesis";"dtu|dtu_electronic|dtupub|dtupub_electronic";"";"";"";"";"";"";"";"";"";"";"";"";"";"";"";"";"und";"601a9357d9001d017146d341";"";"601a9357d9001d017146d341";"DTU Department of Applied Mathematics and Computer Science";"sorbit";"sorbit";"A FSMD-based Framework for Hardware Design and Analysis|Et FSMD-baseret værktøj til analyse og design af hardware"
"";"dtu|dtupub|third_party";"";"2022-01-03T13:05:56.942Z";"Moraes, Leonardo Leon";"";"2626728705";"";"dtu";"2021";"";"";"";"";"thesis";"dtu|dtu_electronic|dtupub|dtupub_electronic";"";"";"";"";"";"";"";"";"";"";"";"";"";"";"";"";"und";"60364262d9001d01656e1c37";"";"60364262d9001d01656e1c37";"DTU Department of Technology, Management and Economics";"sorbit";"sorbit";"Analogical Reasoning in Behavioural Design|Analogical Reasoning in Behavioural Design"
"";"dtu|dtupub|third_party";"";"2022-01-03T13:13:27.577Z";"Hansen, Christine Lynggård";"";"2691222126";"";"dtu";"2021";"";"";"";"";"thesis";"dtu|dtu_electronic|dtupub|dtupub_electronic";"";"";"";"";"";"";"";"";"";"";"";"";"";"";"";"";"und";"60e2e8cad9001d01667246df";"";"60e2e8cad9001d01667246df";"DTU Department of Wind and Energy Systems";"sorbit";"sorbit";"Fast calculation of second-order loads and response of a flexible offshore wind turbine structure|Hurtig beregning af andenordens laster og respons for en fleksibel havvindmøllestruktur"
"";"dtu|dtupub|third_party";"";"2022-01-03T13:06:03.948Z";"Danielsen, Dorte Rubæk";"";"2697982017";"";"dtu";"2021";"";"";"";"";"thesis";"dtu|dtu_electronic|dtupub_external";"";"";"";"";"";"";"";"";"";"";"";"";"";"";"";"";"und";"6141d49ad9001d0162189966";"";"6141d49ad9001d0162189966";"DTU Department of Physics";"sorbit";"sorbit";"Moire superlattices and pseudomagnetic field in graphene microribbons|Moire supergitre og pseudomagnetiske felter i grafen mikroband"
"";"dtu|dtupub|third_party";"";"2022-01-03T13:06:02.569Z";"Bavnhøj, Daniel";"";"2691928262";"";"dtu";"2021";"";"";"";"";"thesis";"dtu|dtu_electronic|dtupub_external";"";"";"";"";"";"";"";"";"";"";"";"";"";"";"";"";"und";"60fe9825d9001d01622e8de3";"";"60fe9825d9001d01622e8de3";"DTU Department of Biotechnology and Biomedicine";"sorbit";"sorbit";"Metabolic community modeling to engineer a biotechnological CO2 fixation process|Metabolisk modellering til konstruktion af en bioteknologisk CO2- fikseringsproces"
"";"dtu|dtupub|third_party";"";"2022-01-03T13:13:31.602Z";"Gröblbauer, David";"";"2693186853";"";"dtu";"2021";"";"";"";"";"thesis";"dtu|dtu_electronic|dtupub|dtupub_electronic";"";"";"";"";"";"";"";"";"";"";"";"";"";"";"";"";"und";"612cbca9d9001d017237200a";"";"612cbca9d9001d017237200a";"DTU Department of Health Technology";"sorbit";"sorbit";"Spatial perception of gain dependent group delay differences in binaural hearing aids using minimum phase processing|Den rumlige perception af forstærkningsafhængig gruppeløbetid forskel i binaurale høreapparater som benytter minimum fase processering"
"";"dtu|dtupub|third_party";"";"2022-01-03T13:13:34.066Z";"Bellisai, Anita";"";"2698412487";"";"dtu";"2021";"";"";"";"";"thesis";"dtu|dtu_electronic|dtupub|dtupub_electronic";"";"";"";"";"";"";"";"";"";"";"";"";"";"";"";"";"und";"614f039bd9001d0162122c29";"";"614f039bd9001d0162122c29";"DTU Department of Civil Engineering";"sorbit";"sorbit";"Solar cooking using PCM heat storage - experimental investigations|Solkomfur med PCM varmelager - eksperimentelle undersøgelser"
"";"dtu|dtupub|third_party";"";"2022-01-06T23:54:39.987Z";"Chen, Shan";"";"2698412479";"";"dtu";"2021";"";"";"";"";"thesis";"dtu|dtu_electronic|dtupub|dtupub_electronic";"";"";"";"";"";"";"";"";"";"";"";"";"";"";"";"";"und";"614f039ad9001d0162122c28";"";"614f039ad9001d0162122c28";"DTU Department of Civil Engineering";"sorbit";"sorbit";"Metal-organic frameworks as novel adsorbents for volatile organic compounds (VOCs) in built environment|Metal-organiske rammer som nye adsorbenter for flygtige organiske forbindelser (VOC) i bygget miljø"
"";"dtu|dtupub|third_party";"";"2022-01-03T13:13:31.632Z";"Kampmark, Malte Moser|Stainmesse, Arthur Victor Aladin";"";"2692377664";"";"dtu";"2021";"";"";"";"";"thesis";"dtu|dtu_electronic|dtupub_external";"";"";"";"";"";"";"";"";"";"";"";"";"";"";"";"";"und";"6113b011d9001d016d2bd7cc";"";"6113b011d9001d016d2bd7cc";"DTU Department of Civil and Mechanical Engineering";"sorbit";"sorbit";"Redesign of roof window product to enable sustainable and non-destructive one to one replacement|Re-design af tagvinduesprodukt for at muliggøre bæredygtig og ikke-destruktiv en-til-en udskiftning"
"";"dtu|dtupub|third_party";"";"2022-08-30T00:09:31.815Z";"Christensen, Julie";"";"2713398148";"";"dtu";"2022";"";"";"";"";"thesis";"dtu|dtu_electronic|dtupub|dtupub_electronic";"";"";"";"";"";"";"";"";"";"";"";"";"";"";"";"";"und";"630d553b32673e2511d0ff78";"";"630d553b32673e2511d0ff78";"DTU Department of Chemical and Biochemical Engineering";"sorbit";"sorbit";"Functionality change by side-chain modification of a biopolymer|Biopolymer funktionalisering ved sidekædemodifikation"
"";"dtu|dtupub|third_party";"";"2022-01-03T13:17:00.391Z";"Garrido, Ivan Pascual";"";"2686964938";"";"dtu";"2021";"";"";"";"";"thesis";"dtu|dtu_electronic|dtupub|dtupub_electronic";"";"";"";"";"";"";"";"";"";"";"";"";"";"";"";"";"und";"60927d1bd9001d01651d3501";"";"60927d1bd9001d01651d3501";"DTU Department of Electrical Engineering";"sorbit";"sorbit";"Tracking of Hot Objects Using IR-Camera|Sporing af bevægeligt objekt med IR-kamera"
"";"dtu|dtupub|third_party";"";"2022-01-03T13:17:00.474Z";"Nielsen, Camilla Lipczak";"";"2691159520";"";"dtu";"2021";"";"";"";"";"thesis";"dtu|dtu_electronic|dtupub|dtupub_electronic";"";"";"";"";"";"";"";"";"";"";"";"";"";"";"";"";"und";"60e1971fd9001d016672469c";"";"60e1971fd9001d016672469c";"DTU Department of Applied Mathematics and Computer Science";"sorbit";"sorbit";"Locally recoverable codes|Locally recoverable codes"
"";"dtu|dtupub|third_party";"";"2022-01-03T13:16:23.613Z";"Garcia, Ines Martinez";"";"2691894184";"";"dtu";"2021";"";"";"";"";"thesis";"dtu|dtu_electronic|dtupub_external";"";"";"";"";"";"";"";"";"";"";"";"";"";"";"";"";"und";"60fd46bdd9001d01622e8db2";"";"60fd46bdd9001d01622e8db2";"DTU Department of Technology, Management and Economics";"sorbit";"sorbit";"A digital transformation –project management efficiency vs. effectiveness|Digital transformation - projektledelse med forkus pa værdi og effektivitet"
"";"dtu|dtupub|third_party";"";"2022-07-17T00:09:35.184Z";"begotti, Francesca";"";"2712713818";"";"dtu";"2022";"";"";"";"";"thesis";"dtu|dtu_electronic|dtupub|dtupub_electronic";"";"";"";"";"";"";"";"";"";"";"";"";"";"";"";"";"und";"62d3533f6d2ced54e45ea2d3";"";"62d3533f6d2ced54e45ea2d3";"DTU Department of Health Technology";"sorbit";"sorbit";"Implementation of fiber structure in a left atrium model|Implementering af fiberstrukturer i en model af venstre forkammer"
"";"dtu|dtupub|third_party";"";"2022-01-11T08:43:18.567Z";"Sørensen, Mikkel Friis";"";"2612047685";"";"dtu";"2021";"";"";"";"";"thesis";"dtu|dtu_electronic|dtupub|dtupub_electronic";"";"";"";"";"";"";"";"";"";"";"";"";"";"";"";"";"und";"601a9332d9001d017146d2e0";"";"601a9332d9001d017146d2e0";"DTU Department of Civil and Mechanical Engineering";"sorbit";"sorbit";"Predicting mixing using CFD|Bestemmelse af mixing vha CFD"
"";"dtu|dtupub|third_party";"";"2022-08-28T00:09:25.863Z";"Larsen, Gustav Klenz";"";"2713358283";"";"dtu";"2022";"";"";"";"";"thesis";"dtu|dtu_electronic|dtupub_external";"";"";"";"";"";"";"";"";"";"";"";"";"";"";"";"";"und";"630ab234d6c71725111f6469";"";"630ab234d6c71725111f6469";"DTU Department of Technology, Management and Economics";"sorbit";"sorbit";"Data-driven newsvendor problem and applications in energy markets|Data-driven newsvendor problem and applications in energy markets"
"";"dtu|dtupub|third_party";"";"2022-08-12T00:10:10.388Z";"Casasayas, Oriol Vidal";"";"2713018314";"";"dtu";"2022";"";"";"";"";"thesis";"dtu|dtu_electronic|dtupub_external";"";"";"";"";"";"";"";"";"";"";"";"";"";"";"";"";"und";"62f59a5be5798903a48b6894";"";"62f59a5be5798903a48b6894";"DTU Department of Health Technology";"sorbit";"sorbit";"Multimodal light-sheet fluorescence microscopy for retinal imaging|Multimodal selektivt plan fluorescensmikroskopi til retinal billeddannelse"
"";"dtu|dtupub|third_party";"";"2022-05-01T11:09:54.858Z";"Zinas, Orestis";"";"2709733956";"";"dtu";"2022";"";"";"";"";"thesis";"dtu|dtu_electronic|dtupub|dtupub_electronic";"";"";"";"";"";"";"";"";"";"";"";"";"";"";"";"";"und";"626e6a825b014e11467b53ac";"";"626e6a825b014e11467b53ac";"DTU Department of Civil Engineering";"sorbit";"sorbit";"Data management for 3D geotechnical and geoenvironmental modelling|Dataforvaltning til geotekniske og miljømæssige modellering"
"";"dtu|dtupub|third_party";"";"2022-01-06T23:54:37.327Z";"Tang, Brian";"";"2691944183";"";"dtu";"2021";"";"";"";"";"thesis";"dtu|dtu_electronic|dtupub_external";"";"";"";"";"";"";"";"";"";"";"";"";"";"";"";"";"und";"60ffe99ed9001d01622e8e2c";"";"60ffe99ed9001d01622e8e2c";"DTU Department of Technology, Management and Economics";"sorbit";"sorbit";"Master Data Strategy: challenges and improvement|Masterdata strategi: udfordringer og forbedringer"
"";"dtu|dtupub|third_party";"";"2022-08-16T00:10:00.738Z";"Chen, Yuwei";"";"2713170590";"";"dtu";"2022";"";"";"";"";"thesis";"dtu|dtu_electronic|dtupub|dtupub_electronic";"";"";"";"";"";"";"";"";"";"";"";"";"";"";"";"";"und";"62fae058b8b565cdfa7aa20b";"";"62fae058b8b565cdfa7aa20b";"DTU Department of Applied Mathematics and Computer Science";"sorbit";"sorbit";"User Experience Improvement of a Sharing Economy Platform for Parking Places: Five Elements of UX and Cross-Channel UX|Brugeroplevelsesforbedring af en deleøkonomisk platform for parkeringspladser: Fem elementer af UX og tværkanals UX"
"";"dtu|dtupub|third_party";"";"2022-01-03T13:16:38.220Z";"Brink, Kristian";"";"2692044404";"";"dtu";"2021";"";"";"";"";"thesis";"dtu|dtu_electronic|dtupub_external";"";"";"";"";"";"";"";"";"";"";"";"";"";"";"";"";"und";"6103de18d9001d01622e8e54";"";"6103de18d9001d01622e8e54";"DTU Department of Civil Engineering";"sorbit";"sorbit";"Building design through open standards|Bygningsdesign gennem abne standarder"
"";"dtu|dtupub|third_party";"";"2022-07-25T00:10:39.981Z";"Dot, Joan Verdaguer";"";"2712810211";"";"dtu";"2022";"";"";"";"";"thesis";"dtu|dtu_electronic|dtupub_external";"";"";"";"";"";"";"";"";"";"";"";"";"";"";"";"";"und";"62dddf7fc1a1fc54e4f1bc06";"";"62dddf7fc1a1fc54e4f1bc06";"DTU Department of Electrical Engineering";"sorbit";"sorbit";"Prototype Development for Pattern Based Sowing Machine|Prototypeudvikling til mønsterbaseret samaskine"
"";"dtu|dtupub|third_party";"";"2022-07-25T00:10:42.207Z";"Scheitinger, Timo";"";"2712810215";"";"dtu";"2022";"";"";"";"";"thesis";"dtu|dtu_electronic|dtupub_external";"";"";"";"";"";"";"";"";"";"";"";"";"";"";"";"";"und";"62dddf825db0b554e4f0f4af";"";"62dddf825db0b554e4f0f4af";"DTU Department of Technology, Management and Economics";"sorbit";"sorbit";"Feedback loop and communication systems for improving organizational learning from clinicians and their patients|Feedback loop og kommunikationssystemer til forbedring af organisatorisk læring fra klinikere og deres patienter"
"";"dtu|dtupub|third_party";"";"2022-09-06T00:09:41.466Z";"Thomhav, Jan hansen";"";"2713511583";"";"dtu";"2022";"";"";"";"";"thesis";"dtu|dtu_electronic|dtupub|dtupub_electronic";"";"";"";"";"";"";"";"";"";"";"";"";"";"";"";"";"und";"63168fc51bd6a8314582a428";"";"63168fc51bd6a8314582a428";"DTU Department of Civil and Mechanical Engineering";"sorbit";"sorbit";"Use of fire safety engineering methods for fire investigation|Anvendelse af den brandtekniske dimensionering i brandefterforskning"
"";"dtu|dtupub|third_party";"";"2022-10-02T00:09:29.013Z";"Otto, Bartlomiej Józef";"";"2714161622";"";"dtu";"2022";"";"";"";"";"thesis";"dtu|dtu_electronic|dtupub|dtupub_electronic";"";"";"";"";"";"";"";"";"";"";"";"";"";"";"";"";"und";"6338d6b8eea08133f9653400";"";"6338d6b8eea08133f9653400";"DTU Department of Applied Mathematics and Computer Science";"sorbit";"sorbit";"Exploring Self-tracking of Social Media Consumption for Use in Therapy and Self-reflection|En undersøgelse af anvendelse af sociale medier til brug ifm. terapi og selvrefleksion"
"";"dtu|dtupub|third_party";"";"2022-03-31T11:09:59.405Z";"Buyukkahveci, Tülay";"";"2708960997";"";"dtu";"2022";"";"";"";"";"thesis";"dtu|dtu_electronic|dtupub_external";"";"";"";"";"";"";"";"";"";"";"";"";"";"";"";"";"und";"62458c07b9ad73f30b97a9ae";"";"62458c07b9ad73f30b97a9ae";"DTU Department of Chemical and Biochemical Engineering";"sorbit";"sorbit";"Characterization of DCF technology for microfiltration applications in enzyme recovery|Karakterisering af DCF-teknologi til mikrofiltreringsapplikationer i enzymgenvinding"
"";"dtu|dtupub|third_party";"";"2022-04-08T11:09:58.816Z";"Deleuran, Sebastian Nymann";"";"2709183608";"";"dtu";"2022";"";"";"";"";"thesis";"dtu|dtu_electronic|dtupub|dtupub_electronic";"";"";"";"";"";"";"";"";"";"";"";"";"";"";"";"";"und";"62501806a3550010d68f15a8";"";"62501806a3550010d68f15a8";"DTU Department of Health Technology";"sorbit";"sorbit";"TCR-pMHC binding prediction by molecular modeling and Graph Neural Networks|Forudsigelse af TCR-pMHC bindinger vha molekylær modellering og Graph Neural Networks"
"";"dtu|dtupub|third_party";"";"2022-01-03T13:05:28.910Z";"Urup, Jens Nicolai";"";"2629173137";"";"dtu";"2021";"";"";"";"";"thesis";"dtu|dtu_electronic|dtupub|dtupub_electronic";"";"";"";"";"";"";"";"";"";"";"";"";"";"";"";"";"und";"603793d3d9001d01656e1cc4";"";"603793d3d9001d01656e1cc4";"DTU Department of Technology, Management and Economics";"sorbit";"sorbit";"Implementation of a heuristic for solving the Dial-a-Ride problem|Implementering af en heuristik til løsning af dial-a-ride problemet"
"";"dtu|dtupub|third_party";"";"2022-06-28T06:58:25.020Z";"Butler, Kathrine Breinstrup";"";"2712260584";"";"dtu";"2022";"";"";"";"";"thesis";"dtu|dtu_electronic|dtupub|dtupub_electronic";"";"";"";"";"";"";"";"";"";"";"";"";"";"";"";"";"und";"62b98ffbd86b752066b775ec";"";"62b98ffbd86b752066b775ec";"DTU Department of Civil Engineering";"sorbit";"sorbit";"Development of commissioning procedure for office building based on IoT data|Udvikling af commissioning metode til kontorbygning baseret pa IoT data"
"";"dtu|dtupub|third_party";"";"2022-01-03T13:16:47.097Z";"Buur, Frederik Andreas Klibo";"";"2691928346";"";"dtu";"2021";"";"";"";"";"thesis";"dtu|dtu_electronic|dtupub|dtupub_electronic";"";"";"";"";"";"";"";"";"";"";"";"";"";"";"";"";"und";"60fe9842d9001d01622e8e19";"";"60fe9842d9001d01622e8e19";"DTU Department of Applied Mathematics and Computer Science";"sorbit";"sorbit";"Free form data acquisition of experiences using smartphones|Dataindsamling af oplevelser uden foruddefineret retningslinjer ved brug af smartphone"
"";"dtu|dtupub|third_party";"";"2022-01-11T08:43:08.061Z";"Jeppesen, Ida Matilde";"";"2691222109";"";"dtu";"2021";"";"";"";"";"thesis";"dtu|dtu_electronic|dtupub_external";"";"";"";"";"";"";"";"";"";"";"";"";"";"";"";"";"und";"60e2e8c4d9001d01667246d5";"";"60e2e8c4d9001d01667246d5";"DTU Department of Chemistry";"sorbit";"sorbit";"NMR analysis of detergents|NMR analyse af detergenter"
"";"dtu|dtupub|third_party";"";"2022-08-31T06:34:04.873Z";"Valsomatzis, Athanasios";"";"2713409873";"";"dtu";"2022";"";"";"";"";"thesis";"dtu|dtu_electronic|dtupub|dtupub_electronic";"";"";"";"";"";"";"";"";"";"";"";"";"";"";"";"";"und";"630ea6ce36657a2511b2b47f";"";"630ea6ce36657a2511b2b47f";"DTU Department of Technology, Management and Economics";"sorbit";"sorbit";"The impact and governance of digital tools in life sciences manufacturing organizations|The impact and governance of digital tools in life sciences manufacturing organizations"
"";"dtu|dtupub|third_party";"";"2022-09-15T00:09:33.196Z";"Törnqvist, Josephine Marie Birgit";"";"2713749574";"";"dtu";"2022";"";"";"";"";"thesis";"dtu|dtu_electronic|dtupub_external";"";"";"";"";"";"";"";"";"";"";"";"";"";"";"";"";"und";"63226d3dff973455faf75357";"";"63226d3dff973455faf75357";"DTU Department of Technology, Management and Economics";"sorbit";"sorbit";"Covid impact analysis in Ile-de-France using transport model|Covid impact analysis in Ile-de-France using transport model"
"";"dtu|dtupub|third_party";"";"2022-07-15T00:09:35.644Z";"Sanz, Esther Mas I";"";"2712688895";"";"dtu";"2022";"";"";"";"";"thesis";"dtu|dtu_electronic|dtupub|dtupub_electronic";"";"";"";"";"";"";"";"";"";"";"";"";"";"";"";"";"und";"62d0b03fcfee3d2617c15f50";"";"62d0b03fcfee3d2617c15f50";"DTU Department of Civil Engineering";"sorbit";"sorbit";"GPR and in-situ measurements of different periglacial landforms in the High Arctic, Svalbard. A case-study for the ExoMars mission|GPR and in-situ measurements of different periglacial landforms in the High Arctic, Svalbard. A case-study for the ExoMars mission."
"";"dtu|dtupub|third_party";"";"2022-01-03T13:05:28.107Z";"Osmani, Zigria";"";"2642153087";"";"dtu";"2021";"";"";"";"";"thesis";"dtu|dtu_electronic|dtupub_external";"";"";"";"";"";"";"";"";"";"";"";"";"";"";"";"";"und";"6040ce43d9001d01650055a9";"";"6040ce43d9001d01650055a9";"DTU Department of Applied Mathematics and Computer Science";"sorbit";"sorbit";"Cyber Security Solutions for Enterprises|IT Sikkerheds Løsninger hos Virksomheder"
"";"dtu|dtupub|third_party";"";"2022-11-04T01:09:19.857Z";"Andersen, Rasmus Nikolai";"";"2716532540";"";"dtu";"2022";"";"";"";"";"thesis";"dtu|dtu_electronic|dtupub_external";"";"";"";"";"";"";"";"";"";"";"";"";"";"";"";"";"und";"6364663e38a1ec2a4bbf1ac1";"";"6364663e38a1ec2a4bbf1ac1";"DTU Department of Technology, Management and Economics";"sorbit";"sorbit";"Development of Configuration System at Grundfos|Udvikling af konfigureringssystem hos Grundfos"
"";"dtu|dtupub|third_party";"";"2022-03-30T11:10:03.822Z";"Bacso, Bettina";"";"2708933088";"";"dtu";"2022";"";"";"";"";"thesis";"dtu|dtu_electronic|dtupub|dtupub_electronic";"";"";"";"";"";"";"";"";"";"";"";"";"";"";"";"";"und";"62443a8bfe354cf30bbff720";"";"62443a8bfe354cf30bbff720";"DTU Department of Chemistry";"sorbit";"sorbit";"Synthesis of diferulic acids and esters as enzymatic substrates and standards|Syntese af diferulinsyrer og estere som enzymatiske substrater og standarder"
"";"dtu|dtupub|third_party";"";"2022-09-29T00:09:29.095Z";"Reddingius, Antoinette Françoise";"";"2714088752";"";"dtu";"2022";"";"";"";"";"thesis";"dtu|dtu_electronic|dtupub|dtupub_electronic";"";"";"";"";"";"";"";"";"";"";"";"";"";"";"";"";"und";"6334e238a9207f33f9b989f2";"";"6334e238a9207f33f9b989f2";"DTU Department of Wind and Energy Systems";"sorbit";"sorbit";"Wind turbine control for resonance bridging in a tri-floater offshore wind turbine|Vindmøllestyring til resonansbro i en tri-floater offshore vindmølle"
"";"dtu|dtupub|third_party";"";"2022-01-03T13:16:49.309Z";"Akpinar, Atilla";"";"2691928353";"";"dtu";"2021";"";"";"";"";"thesis";"dtu|dtu_electronic|dtupub|dtupub_electronic";"";"";"";"";"";"";"";"";"";"";"";"";"";"";"";"";"und";"60fe9846d9001d01622e8e1e";"";"60fe9846d9001d01622e8e1e";"DTU Department of Technology, Management and Economics";"sorbit";"sorbit";"Simulation and evalution of the effects of the e-commerce sector|Simulering og evaluering af effekterne ved e-handel"
"";"dtu|dtupub|third_party";"";"2022-06-10T11:09:49.262Z";"Hansen, Lauge Naur";"";"2710670126";"";"dtu";"2022";"";"";"";"";"thesis";"dtu|dtu_electronic|dtupub|dtupub_electronic";"";"";"";"";"";"";"";"";"";"";"";"";"";"";"";"";"und";"62a3267da0eeae1a6bd65df6";"";"62a3267da0eeae1a6bd65df6";"DTU Department of Applied Mathematics and Computer Science";"sorbit";"sorbit";"Nucleocytoplasmic O-mannose signalling in yeast|Nukleocytoplasmatisk O-mannose signalering i gær"
"";"dtu|dtupub|third_party";"";"2022-09-02T00:09:29.826Z";"Hannesson, Jón Ágúst";"";"2713436862";"";"dtu";"2022";"";"";"";"";"thesis";"dtu|dtu_electronic|dtupub|dtupub_electronic";"";"";"";"";"";"";"";"";"";"";"";"";"";"";"";"";"und";"631149b95636163145f1a385";"";"631149b95636163145f1a385";"DTU Department of Applied Mathematics and Computer Science";"sorbit";"sorbit";"Positional spoofing attack mitigation for a Logistic Validation Framework|Beskyttelse mod falske positioneringsdata i et sikkert logistiksystem"
"";"dtu|dtupub|third_party";"";"2022-01-03T13:13:45.160Z";"Jørgensen, Christian Damkjær";"";"2686027327";"";"dtu";"2021";"";"";"";"";"thesis";"dtu|dtu_electronic|dtupub|dtupub_electronic";"";"";"";"";"";"";"";"";"";"";"";"";"";"";"";"";"und";"606d9325d9001d0166530594";"";"606d9325d9001d0166530594";"DTU Department of Technology, Management and Economics";"sorbit";"sorbit";"Less car traffic in Copenhagen Center|Mindre biltrafik i Middelalderbyen"
"";"dtu|dtupub|third_party";"";"2022-01-03T13:17:00.437Z";"Liu, Xinyuan";"";"2692286120";"";"dtu";"2021";"";"";"";"";"thesis";"dtu|dtu_electronic|dtupub|dtupub_electronic";"";"";"";"";"";"";"";"";"";"";"";"";"";"";"";"";"und";"610fbb92d9001d0162157912";"";"610fbb92d9001d0162157912";"DTU Department of Electrical Engineering";"sorbit";"sorbit";"Introspektiv objektklassificering til anvendelse i beslutningsprocesser|Introspective object classification for decision-making tasks"
"";"dtu|dtupub|third_party";"";"2022-03-14T07:32:06.723Z";"Talwar, Meenakshi";"";"2708322410";"";"dtu";"2022";"";"";"";"";"thesis";"dtu|dtu_electronic|dtupub_external";"";"";"";"";"";"";"";"";"";"";"";"";"";"";"";"";"und";"622eef66bd30eb85449126b3";"";"622eef66bd30eb85449126b3";"DTU Department of Electrical Engineering";"sorbit";"sorbit";"Smart antenna for mobile applications|Smart antenne til mobiltelefoner"
"";"dtu|dtupub|third_party";"";"2022-03-25T12:10:01.190Z";"Westergaard, Oscar";"";"2708812624";"";"dtu";"2022";"";"";"";"";"thesis";"dtu|dtu_electronic|dtupub_external";"";"";"";"";"";"";"";"";"";"";"";"";"";"";"";"";"und";"623db119d9bf8ddb7305bcbe";"";"623db119d9bf8ddb7305bcbe";"DTU Department of Civil Engineering";"sorbit";"sorbit";"Optimization of patients' treatment times on Flex Hospital through agent based modelling|Optimering af patienters behandlingstider pa Flex Hospital via agentbaseret modellering"
"";"dtu|dtupub|third_party";"";"2022-01-03T13:16:36.764Z";"Tessaro, Gloria";"";"2612078374";"";"dtu";"2021";"";"";"";"";"thesis";"dtu|dtu_electronic|dtupub|dtupub_electronic";"";"";"";"";"";"";"";"";"";"";"";"";"";"";"";"";"und";"601be4b2d9001d03e5621f53";"";"601be4b2d9001d03e5621f53";"DTU Department of Environmental and Resource Engineering";"sorbit";"sorbit";"Dynamics of microbial adaptation to aniline and to acetate as single growth substrate|Mikrobiel kulturer tilvæning til aniline nar acetat anvendes som single-substrat"
"";"dtu|dtupub|third_party";"";"2022-01-03T13:05:31.754Z";"Bartram, Olivia Mathilde Ottendal";"";"2692912676";"";"dtu";"2021";"";"";"";"";"thesis";"dtu|dtu_electronic|dtupub|dtupub_electronic";"";"";"";"";"";"";"";"";"";"";"";"";"";"";"";"";"und";"6122309dd9001d0478369062";"";"6122309dd9001d0478369062";"DTU Department of Chemistry";"sorbit";"sorbit";"Acetylcholinesterase-cleavable linker for fusion toxin proteins in improved delivery of drugs to the brain|Acetylcholinesterase-kløvbar linker til fusions-toksin proteiner til forbedret levering af lægemidler til hjernen"
"";"dtu|dtupub|third_party";"";"2022-01-03T13:13:32.409Z";"Ziety, Jan Maks";"";"2693186851";"";"dtu";"2021";"";"";"";"";"thesis";"dtu|dtu_electronic|dtupub|dtupub_electronic";"";"";"";"";"";"";"";"";"";"";"";"";"";"";"";"";"und";"612cbca8d9001d0172372009";"";"612cbca8d9001d0172372009";"DTU Department of Civil and Mechanical Engineering";"sorbit";"sorbit";"Polygeneration of methanol and electricity based on biomass pyrolysis|Polygeneration af metanol og elektricitet baseret pa pyrolyse af biomasse."
"";"dtu|dtupub|third_party";"";"2022-01-03T13:16:59.465Z";"Jessen, Martin Schjeldrup";"";"2679883431";"";"dtu";"2021";"";"";"";"";"thesis";"dtu|dtu_electronic|dtupub|dtupub_electronic";"";"";"";"";"";"";"";"";"";"";"";"";"";"";"";"";"und";"605c7db0d9001d017f02a226";"";"605c7db0d9001d017f02a226";"DTU Department of Applied Mathematics and Computer Science";"sorbit";"sorbit";"Deep learning topic models for speech recognition|Dybe netværk for emnemodellering i talegenkendelse"
"";"dtu|dtupub|third_party";"";"2022-08-25T11:30:42.730Z";"Wright, Peter Anthony";"";"2713316504";"";"dtu";"2022";"";"";"";"";"thesis";"dtu|dtu_electronic|dtupub|dtupub_electronic";"";"";"";"";"";"";"";"";"";"";"";"";"";"";"";"";"und";"63041abdc59c43132505da83";"";"63041abdc59c43132505da83";"DTU Department of Applied Mathematics and Computer Science";"sorbit";"sorbit";"Applying natural language processing to FAO programs and projects|Anvendelse af sprogprocessing til FAO-programmer og -projekter"
"";"dtu|dtupub|third_party";"";"2022-01-03T13:16:37.148Z";"Mocholí, Javier Sarrión";"";"2691893857";"";"dtu";"2021";"";"";"";"";"thesis";"dtu|dtu_electronic|dtupub_external";"";"";"";"";"";"";"";"";"";"";"";"";"";"";"";"";"und";"60fd4692d9001d01622e8d6e";"";"60fd4692d9001d01622e8d6e";"DTU Department of Chemical and Biochemical Engineering";"sorbit";"sorbit";"Set up of a testing protocol for topical and transdermal delivery of cannabinoids from silicone-glycerol adhesives|Udvikling af testprotokol for topisk og transdermal frigivelse af cannabinoider fra silikone-glycerol klæbere"
"";"dtu|dtupub|third_party";"";"2022-01-06T23:54:35.818Z";"Madani, Mahtab";"";"2691321075";"";"dtu";"2021";"";"";"";"";"thesis";"dtu|dtu_electronic|dtupub_external";"";"";"";"";"";"";"";"";"";"";"";"";"";"";"";"";"und";"60e58b9cd9001d01667246e8";"";"60e58b9cd9001d01667246e8";"DTU Department of Chemistry";"sorbit";"sorbit";"Conversion of CO2 using heterogeneous catalysts based on metal particles and porous metal oxides|Konversion af CO2 ved hjælp af heterogene katalysatorer baseret pa metalnanopartikler og porøse metaloxider"
"";"dtu|dtupub|third_party";"";"2022-01-06T23:55:22.141Z";"Chung, Yeon Soo";"";"2698698157";"";"dtu";"2021";"";"";"";"";"thesis";"dtu|dtu_electronic|dtupub_external";"";"";"";"";"";"";"";"";"";"";"";"";"";"";"";"";"und";"61598f9bd9001d016b645346";"";"61598f9bd9001d016b645346";"DTU Department of Applied Mathematics and Computer Science";"sorbit";"sorbit";"3D object classification and segmentation of scanned silicone ear impressions using deep learning|3D objekt klassifikation og segmentering af skannet silikone øreindtryk"
"";"dtu|dtupub|third_party";"";"2022-01-03T13:05:58.698Z";"Karlsson, Matthías Karl";"";"2681923767";"";"dtu";"2021";"";"";"";"";"thesis";"dtu|dtu_electronic|dtupub_external";"";"";"";"";"";"";"";"";"";"";"";"";"";"";"";"";"und";"605dcf2dd9001d01665304f8";"";"605dcf2dd9001d01665304f8";"DTU Department of Applied Mathematics and Computer Science";"sorbit";"sorbit";"Variability in Individual Spending Behaviours During a Pandemic: An Analysis of Individual-Level Financial Transactions|Variabilitet i Individuelle Forbrugsmønstre i en pandemi: En Analyse af Individers Financielle Transaktioner"
"";"dtu|dtupub|third_party";"";"2022-07-26T00:09:30.476Z";"Carpenter, Thomas Michel";"";"2712838271";"";"dtu";"2022";"";"";"";"";"thesis";"dtu|dtu_electronic|dtupub|dtupub_electronic";"";"";"";"";"";"";"";"";"";"";"";"";"";"";"";"";"und";"62df30bae9917a54e40f6473";"";"62df30bae9917a54e40f6473";"DTU Department of Chemical and Biochemical Engineering";"sorbit";"sorbit";"The influence of particle acoustic impedance on LEP coating durability|Indflydelsen af partikel akustisk impedans pa LEP malingers holdbarhed"
"";"dtu|dtupub|third_party";"";"2022-01-06T23:56:38.547Z";"Hansen, Magnus Hollhut";"";"2685708601";"";"dtu";"2021";"";"";"";"";"thesis";"dtu|dtu_electronic|dtupub_external";"";"";"";"";"";"";"";"";"";"";"";"";"";"";"";"";"und";"6064589ed9001d0166530556";"";"6064589ed9001d0166530556";"DTU Department of Civil and Mechanical Engineering";"sorbit";"sorbit";"Design and size optimization of a Hearing Aid face-plate|Design og størrelse optimering af en høreapparat face-plate"
"";"dtu|dtupub|third_party";"";"2022-09-12T00:09:28.851Z";"Serafeim, Poulcheria";"";"2713609043";"";"dtu";"2022";"";"";"";"";"thesis";"dtu|dtu_electronic|dtupub|dtupub_electronic";"";"";"";"";"";"";"";"";"";"";"";"";"";"";"";"";"und";"631e78b81ed785454059a8b5";"";"631e78b81ed785454059a8b5";"DTU Department of Civil Engineering";"sorbit";"sorbit";"Evacuation characteristics of people with temporary alcohol-induced impairments: A field experiment using placebo alcohol|Evacuation characteristics of people with temporary alcohol-induced impairments: A field experiment using placebo alcohol"
"";"dtu|dtupub|third_party";"";"2022-08-31T06:34:03.922Z";"Jimenez, Natalia Perez";"";"2713409430";"";"dtu";"2022";"";"";"";"";"thesis";"dtu|dtu_electronic|dtupub_external";"";"";"";"";"";"";"";"";"";"";"";"";"";"";"";"";"und";"630ea6c134516e25114651aa";"";"630ea6c134516e25114651aa";"DTU Department of Health Technology";"sorbit";"sorbit";"Characterization of single-channel EEG artefacts and their topography|Karakterisering af enkeltkanals EEG-artefakter og deres topografi"
"";"dtu|dtupub|third_party";"";"2022-08-20T00:09:35.658Z";"Keller-Krüger, Mia";"";"2713242510";"";"dtu";"2022";"";"";"";"";"thesis";"dtu|dtu_electronic|dtupub|dtupub_electronic";"";"";"";"";"";"";"";"";"";"";"";"";"";"";"";"";"und";"6300263fe4f7061325d02c7f";"";"6300263fe4f7061325d02c7f";"DTU Department of Chemical and Biochemical Engineering";"sorbit";"sorbit";"Prediction of pure compound thermodynamic properties|Estimering af termodynamiske egenskaber for rene forbindelser"
"";"dtu|dtupub|third_party";"";"2022-08-21T00:09:31.423Z";"Pinhol, Rita Flórido Martinez";"";"2713252577";"";"dtu";"2022";"";"";"";"";"thesis";"dtu|dtu_electronic|dtupub|dtupub_electronic";"";"";"";"";"";"";"";"";"";"";"";"";"";"";"";"";"und";"630177bb23e4051325f4527a";"";"630177bb23e4051325f4527a";"DTU Department of Technology, Management and Economics";"sorbit";"sorbit";"From the Directive 2014/95/EU to the Corporate Sustainability Reporting (CSR): the relevant focus to disclose social and environmental challenges|From the Directive 2014/95/EU to the Corporate Sustainability Reporting (CSR): the relevant focus to disclose social and environmental challenges."
"";"dtu|dtupub|third_party";"";"2022-08-19T00:09:44.500Z";"Kruuse, Christian Kampp";"";"2713228500";"";"dtu";"2022";"";"";"";"";"thesis";"dtu|dtu_electronic|dtupub|dtupub_electronic";"";"";"";"";"";"";"";"";"";"";"";"";"";"";"";"";"und";"62fed4c8f4263013257cec89";"";"62fed4c8f4263013257cec89";"DTU Department of Electrical Engineering";"sorbit";"sorbit";"A model-free predictive control framework for trajectory optimisation with a collaboratie robot|Et modelfrit prediktivt regulatorsystem til bane optimering for en kollaborativ robot"
"";"dtu|dtupub|third_party";"";"2022-08-25T11:30:43.156Z";"Plugaru, Stefan";"";"2713316528";"";"dtu";"2022";"";"";"";"";"thesis";"dtu|dtu_electronic|dtupub|dtupub_electronic";"";"";"";"";"";"";"";"";"";"";"";"";"";"";"";"";"und";"63056c4e363e1713251405bf";"";"63056c4e363e1713251405bf";"DTU Department of Technology, Management and Economics";"sorbit";"sorbit";"An investigation into the factors shaping leadership of remotely distributed startup teams|En undersøgelse af de faktorer, der pavirker lederskabet i fjernt distribuerede startup-teams."
"";"dtu|dtupub|third_party";"";"2022-08-25T11:30:42.534Z";"González, Pilar Córdova|Engsberg, Vera Johanne|García, Lucía Montesinos";"";"2713316487";"";"dtu";"2022";"";"";"";"";"thesis";"dtu|dtu_electronic|dtupub|dtupub_electronic";"";"";"";"";"";"";"";"";"";"";"";"";"";"";"";"";"und";"6302c938a82cff132598f642";"";"6302c938a82cff132598f642";"DTU Department of Civil and Mechanical Engineering";"sorbit";"sorbit";"A user-centered technological intervention to motivate physical activity among patients in single-bed hospital rooms|En brugercentreret teknologisk intervention der skal motivere patienter pa enestuer til mere fysisk aktivitet"
"";"dtu|dtupub|third_party";"";"2022-07-25T00:11:11.210Z";"Lundsteen, Sofie Amalie|Støjfer-Hønberg, Mads";"";"2712810269";"";"dtu";"2022";"";"";"";"";"thesis";"dtu|dtu_electronic|dtupub_external";"";"";"";"";"";"";"";"";"";"";"";"";"";"";"";"";"und";"62dddf9f41e9ce54e4e75a80";"";"62dddf9f41e9ce54e4e75a80";"DTU Department of Technology, Management and Economics";"sorbit";"sorbit";"Standardization of inbound warehouse process to enable automation at DSV solutions|Standardisering af indgaende varehus processer for at muliggøre automatisering hos DSV solutions"
"";"dtu|dtupub|third_party";"";"2022-09-21T00:09:32.320Z";"Oppedijk, Wybren Meinte|Tiben, Niels";"";"2713908152";"";"dtu";"2022";"";"";"";"";"thesis";"dtu|dtu_electronic|dtupub|dtupub_electronic";"";"";"";"";"";"";"";"";"";"";"";"";"";"";"";"";"und";"632a563c307ca755fa8de749";"";"632a563c307ca755fa8de749";"DTU Department of Electrical Engineering";"sorbit";"sorbit";"Remote IoT-based smart control and monitoring of electrical drive fleets|Fjern-IoT-baseret smart kontrol og overvagning af elektriske drevflader"
"";"dtu|dtupub|third_party";"";"2022-09-19T00:09:29.881Z";"Christiansen, Daniel Alkjær";"";"2713861141";"";"dtu";"2022";"";"";"";"";"thesis";"dtu|dtu_electronic|dtupub|dtupub_electronic";"";"";"";"";"";"";"";"";"";"";"";"";"";"";"";"";"und";"6327b339c9df5b55faa0e9ba";"";"6327b339c9df5b55faa0e9ba";"DTU Department of Civil and Mechanical Engineering";"sorbit";"sorbit";"Implementation of hybrid simulation on fiber composite high-voltage mast arm|Implementering af hybrid simulering pa fiber komposit højspændings-mastearm"
"";"dtu|dtupub|third_party";"";"2022-01-03T13:13:45.142Z";"Awana, Hussain Tariq";"";"2642152884";"";"dtu";"2021";"";"";"";"";"thesis";"dtu|dtu_electronic|dtupub_external";"";"";"";"";"";"";"";"";"";"";"";"";"";"";"";"";"und";"6040ce3cd9001d016500559a";"";"6040ce3cd9001d016500559a";"DTU Department of Electrical and Photonics Engineering";"sorbit";"sorbit";"Development of Secure IoT Communication for Bluetooth Based Medical Devices|Udvikling af sikker IoT-kommunikation til Bluetooth-baserede medicinske enheder"
"";"dtu|dtupub|third_party";"";"2022-01-06T23:55:18.235Z";"Socha, Agata";"";"2612047692";"";"dtu";"2021";"";"";"";"";"thesis";"dtu|dtu_electronic|dtupub_external";"";"";"";"";"";"";"";"";"";"";"";"";"";"";"";"";"und";"601a933bd9001d017146d2f3";"";"601a933bd9001d017146d2f3";"DTU Department of Civil Engineering";"sorbit";"sorbit";"Modeling and simulation of a neutral-temperature district heating network with decentralized heat pumps|Modellering og simulering af et koldt fjernvarmenet med decentrale varmepumper"
"";"dtu|dtupub|third_party";"";"2022-01-03T13:13:44.952Z";"Thorsen, Søren Magnus";"";"2686027323";"";"dtu";"2021";"";"";"";"";"thesis";"dtu|dtu_electronic|dtupub|dtupub_electronic";"";"";"";"";"";"";"";"";"";"";"";"";"";"";"";"";"und";"606d9325d9001d0166530591";"";"606d9325d9001d0166530591";"DTU Department of Electrical Engineering";"sorbit";"sorbit";"High density AC/DC converter for railroad applications|High density AC/DC converter for railroad applications"
"";"dtu|dtupub|third_party";"";"2022-01-06T23:55:18.337Z";"Kliving, Pernille";"";"2630632186";"";"dtu";"2021";"";"";"";"";"thesis";"dtu|dtu_electronic|dtupub|dtupub_electronic";"";"";"";"";"";"";"";"";"";"";"";"";"";"";"";"";"und";"6038e52ad9001d01656e1cd2";"";"6038e52ad9001d01656e1cd2";"DTU Department of Space Research and Space Technology";"sorbit";"sorbit";"Bathymetric mapping using ICESat-2 LiDAR|Bathymetrisk kortlægning ved hjælp af ICESat-2 LiDAR"
"";"dtu|dtupub|third_party";"";"2022-01-03T13:05:56.182Z";"Parkinson, Joseph William";"";"2626728573";"";"dtu";"2021";"";"";"";"";"thesis";"dtu|dtu_electronic|dtupub|dtupub_electronic";"";"";"";"";"";"";"";"";"";"";"";"";"";"";"";"";"und";"60364250d9001d01656e1bee";"";"60364250d9001d01656e1bee";"DTU Department of Civil Engineering";"sorbit";"sorbit";"Biological interactions of concrete in marine environments – Screening of key influences|Biologiske sammenspil mellem beton og havomrader - efterforskning af nogle aspekter"
"";"dtu|dtupub|third_party";"";"2022-01-03T13:05:55.991Z";"Jørgensen, Martin|Vitten, Kasper";"";"2612047706";"";"dtu";"2021";"";"";"";"";"thesis";"dtu|dtu_electronic|dtupub|dtupub_electronic";"";"";"";"";"";"";"";"";"";"";"";"";"";"";"";"";"und";"601a9355d9001d017146d339";"";"601a9355d9001d017146d339";"DTU Department of Civil Engineering";"sorbit";"sorbit";"Experimental and numerical investigation of structural deterioration|Eksperimental og numeriske undersøgelse af nedbrydning i konstruktioner"
"";"dtu|dtupub|third_party";"";"2022-03-15T12:09:57.776Z";"Kabir, Md Alamgir";"";"2708472298";"";"dtu";"2022";"";"";"";"";"thesis";"dtu|dtu_electronic|dtupub|dtupub_electronic";"";"";"";"";"";"";"";"";"";"";"";"";"";"";"";"";"und";"6230821411b0c285445a46cc";"";"6230821411b0c285445a46cc";"DTU Department of Environmental and Resource Engineering";"sorbit";"sorbit";"Rainfall forecasting from Radar Images using Deep Learning|Radar regnprognoser baseret pa deep learning"
"";"dtu|dtupub|third_party";"";"2022-01-06T23:54:37.351Z";"Gorzelnik, Stanley Arthur";"";"2692075406";"";"dtu";"2021";"";"";"";"";"thesis";"dtu|dtu_electronic|dtupub|dtupub_electronic";"";"";"";"";"";"";"";"";"";"";"";"";"";"";"";"";"und";"61052f94d9001d01622e8e66";"";"61052f94d9001d01622e8e66";"DTU Department of Environmental and Resource Engineering";"sorbit";"sorbit";"Cultivation of green microalgae on residual streams for daphnia production|Dyrkning af grønne mikroalger pa reststrømme til dafnieproduktion"
"";"dtu|dtupub|third_party";"";"2022-01-03T13:13:29.912Z";"Førby, Niels Langballe";"";"2691928343";"";"dtu";"2021";"";"";"";"";"thesis";"dtu|dtu_electronic|dtupub|dtupub_electronic";"";"";"";"";"";"";"";"";"";"";"";"";"";"";"";"";"und";"60fe9840d9001d01622e8e17";"";"60fe9840d9001d01622e8e17";"DTU Department of Civil and Mechanical Engineering";"sorbit";"sorbit";"Performance and feasibility of a Carnot battery for integration in the energy system|Ydelse og anvendelighed af Carnotbatteri for integration i energisystemet"
"";"dtu|dtupub|third_party";"";"2022-01-03T13:05:29.004Z";"Badstue, Mathias|Knudsen, Frederik Sebastian";"";"2692726073";"";"dtu";"2021";"";"";"";"";"thesis";"dtu|dtu_electronic|dtupub|dtupub_electronic";"";"";"";"";"";"";"";"";"";"";"";"";"";"";"";"";"und";"611a47acd9001d016230a8f7";"";"611a47acd9001d016230a8f7";"DTU Department of Electrical Engineering";"sorbit";"sorbit";"Recognition of Glass Vials in an Automated bin-picking System|Genkendelse af hætteglas i et automatisk bin-picking system"
"";"dtu|dtupub|third_party";"";"2022-01-03T13:06:05.161Z";"Zhu, Wenjian";"";"2698986008";"";"dtu";"2021";"";"";"";"";"thesis";"dtu|dtu_electronic|dtupub|dtupub_electronic";"";"";"";"";"";"";"";"";"";"";"";"";"";"";"";"";"und";"61656d2fd9001d01645dddb2";"";"61656d2fd9001d01645dddb2";"DTU Department of Civil and Mechanical Engineering";"sorbit";"sorbit";"Influence of additively manufactured direct hard tools on the final quality of extruded plastic profiles__|Additivt fremstillet metalværktøjs indflydelse pa den endelige kvalitet af ekstruderede plastikprofiler"
"";"dtu|dtupub|third_party";"";"2021-12-31T12:10:36.631Z";"Veer, Kornelis van der";"";"2704096213";"";"dtu";"2021";"";"";"";"";"thesis";"dtu|dtu_electronic|dtupub|dtupub_electronic";"";"";"";"";"";"";"";"";"";"";"";"";"";"";"";"";"und";"61cef32995edde110fbc2fc8";"";"61cef32995edde110fbc2fc8";"DTU Department of Civil and Mechanical Engineering";"sorbit";"sorbit";"Design, optimization and operation of a foil-based concentrating solar collector field|Design, optimering og drift af et folie-baseret koncentrerende solfanger anlæg"
"";"dtu|dtupub|third_party";"";"2022-03-26T12:09:53.692Z";"Dinesen, Rebekka Skatvedt";"";"2708838745";"";"dtu";"2022";"";"";"";"";"thesis";"dtu|dtu_electronic|dtupub|dtupub_electronic";"";"";"";"";"";"";"";"";"";"";"";"";"";"";"";"";"und";"623f0291bed703db732ee2a3";"";"623f0291bed703db732ee2a3";"DTU Department of Civil and Mechanical Engineering";"sorbit";"sorbit";"Simulation of wave breaking and microplastic transport using a high-order Boussinesq model|Simulering af brydende bølge og transport af mikroplastik med en højere-ordens Boussinesq model"
"";"dtu|dtupub|third_party";"";"2022-02-02T12:10:28.571Z";"Pedersen, Christine Møller";"";"2706416019";"";"dtu";"2022";"";"";"";"";"thesis";"dtu|dtu_electronic|dtupub_external";"";"";"";"";"";"";"";"";"";"";"";"";"";"";"";"";"und";"61fa74b4ab4df817cdcb8de8";"";"61fa74b4ab4df817cdcb8de8";"DTU Department of Biotechnology and Biomedicine";"sorbit";"sorbit";"Accelerated forward engineering of biosynthetic pathways using computer-aided designs and machine learning|Accelerated forward engineering of biosynthetic pathways using computer-aided designs and machine learning"
"";"dtu|dtupub|third_party";"";"2022-02-01T12:42:01.433Z";"Calzado, Alex Gallissà";"";"2706296899";"";"dtu";"2021";"";"";"";"";"thesis";"dtu|dtu_electronic|dtupub|dtupub_electronic";"";"";"";"";"";"";"";"";"";"";"";"";"";"";"";"";"und";"61f9233456566817cdf3f8f7";"";"61f9233456566817cdf3f8f7";"DTU Department of Biotechnology and Biomedicine";"sorbit";"sorbit";"Discovery of nanobodies for development of recombinant antivenoms|Opdagelse af nanobodies til udvikling af rekombinant modgift"
"";"dtu|dtupub|third_party";"";"2022-03-02T12:09:59.821Z";"Ehlers, Johan Christian";"";"2708057944";"";"dtu";"2022";"";"";"";"";"thesis";"dtu|dtu_electronic|dtupub_external";"";"";"";"";"";"";"";"";"";"";"";"";"";"";"";"";"und";"621f5e970b2b3d54d8e4c806";"";"621f5e970b2b3d54d8e4c806";"DTU Department of Physics";"sorbit";"sorbit";"In-situ TEM studies of catalytic ammonia decomposition|In-situ TEM studier af katalytisk ammoniak dekomponering"
"";"dtu|dtupub|third_party";"";"2022-01-03T12:11:28.933Z";"Fryland, Christine";"";"2704168508";"";"dtu";"2021";"";"";"";"";"thesis";"dtu|dtu_electronic|dtupub_external";"";"";"";"";"";"";"";"";"";"";"";"";"";"";"";"";"und";"61d2e7d285ad9a11a29c082b";"";"61d2e7d285ad9a11a29c082b";"DTU Department of Technology, Management and Economics";"sorbit";"sorbit";"Automatization of picking processes at Mediq Danmark A/S|Automatisering af plukke processer hos Mediq Danmark A/S"
"";"dtu|dtupub|third_party";"";"2022-02-22T12:10:04.442Z";"Ebert, Christoffer Bohn";"";"2707583756";"";"dtu";"2022";"";"";"";"";"thesis";"dtu|dtu_electronic|dtupub_external";"";"";"";"";"";"";"";"";"";"";"";"";"";"";"";"";"und";"6214d29a20d4f9235e66ad47";"";"6214d29a20d4f9235e66ad47";"DTU Department of Technology, Management and Economics";"sorbit";"sorbit";"Part development of infection preventative device when closing tracheotomy incisions|Part development of infection preventative device when closing tracheotomy incisions."
"";"dtu|dtupub|third_party";"";"2022-07-26T00:09:30.485Z";"Peleguer, Marcos Ivorra";"";"2712838272";"";"dtu";"2022";"";"";"";"";"thesis";"dtu|dtu_electronic|dtupub_external";"";"";"";"";"";"";"";"";"";"";"";"";"";"";"";"";"und";"62df30ba5fd25454e4e0e37e";"";"62df30ba5fd25454e4e0e37e";"DTU Department of Technology, Management and Economics";"sorbit";"sorbit";"Electricity price forecasting using probabilistic deep learning|Prognose af elpriser ved hjælp af probabilistisk dybdeindlæring"
"";"dtu|dtupub|third_party";"";"2022-09-15T00:09:31.376Z";"Ortiz, Aina Sendra";"";"2713749564";"";"dtu";"2022";"";"";"";"";"thesis";"dtu|dtu_electronic|dtupub|dtupub_electronic";"";"";"";"";"";"";"";"";"";"";"";"";"";"";"";"";"und";"63226d3a41d29e55faa3a907";"";"63226d3a41d29e55faa3a907";"DTU Department of Biotechnology and Biomedicine";"sorbit";"sorbit";"Implementing synthetic auxotrophies and RNA aptamers for in vivo screening and selection of superior biohalogenation catalysts|Implementering af syntetiske auxotrofier og RNA-aptamerer til in vivo-screening og udvalg af overlegne biohalogeneringskatalysatorer"
"";"dtu|dtupub|third_party";"";"2022-05-02T11:10:03.616Z";"Ikeda, Ian";"";"2709752056";"";"dtu";"2022";"";"";"";"";"thesis";"dtu|dtu_electronic|dtupub|dtupub_electronic";"";"";"";"";"";"";"";"";"";"";"";"";"";"";"";"";"und";"626fbc0b9fb9571146d34684";"";"626fbc0b9fb9571146d34684";"DTU Department of Civil and Mechanical Engineering";"sorbit";"sorbit";"Investigation of the battery-to-busbar weld performance in electric vehicle battery packs|Undersøgelse af batteri-til-busbar-svejsningers opførsel i elbilers batteripakker"
"";"dtu|dtupub|third_party";"";"2022-07-25T00:09:30.895Z";"Stilling, Mikkel";"";"2712810108";"";"dtu";"2022";"";"";"";"";"thesis";"dtu|dtu_electronic|dtupub|dtupub_electronic";"";"";"";"";"";"";"";"";"";"";"";"";"";"";"";"";"und";"62dddf39d7b4bb54e4330353";"";"62dddf39d7b4bb54e4330353";"DTU Department of Technology, Management and Economics";"sorbit";"sorbit";"LCA quick calculator for the early phase of building renovation projects|LCA quick-beregner til den tidlige fase i renoveringsbyggeprojekter"
"";"dtu|dtupub|third_party";"";"2022-10-18T00:09:29.491Z";"Bak, Gustav Tang";"";"2714464812";"";"dtu";"2022";"";"";"";"";"thesis";"dtu|dtu_electronic|dtupub_external";"";"";"";"";"";"";"";"";"";"";"";"";"";"";"";"";"und";"634deeb82fdaf7df3be2f38b";"";"634deeb82fdaf7df3be2f38b";"DTU Department of Wind and Energy Systems";"sorbit";"sorbit";"Modelling of the response to waves and comparison to experimental data for a DTU 10MW TetraSub floating wind turbine|Modellering af bølgerespons og sammenligning med eksperimentel data for en DTU 10MW TetraSub flydende vindmølle"
"";"dtu|dtupub|third_party";"";"2022-06-13T11:09:54.590Z";"Milanovic, Luna";"";"2710717703";"";"dtu";"2022";"";"";"";"";"thesis";"dtu|dtu_electronic|dtupub_external";"";"";"";"";"";"";"";"";"";"";"";"";"";"";"";"";"und";"62a71b01b2d73d1a6b715893";"";"62a71b01b2d73d1a6b715893";"DTU Department of Wind and Energy Systems";"sorbit";"sorbit";"Wind lidar performance in relation to large wind turbines|Vind lidar ydeevne i forhold til store vindmøller"
"";"dtu|dtupub|third_party";"";"2022-03-17T12:10:09.315Z";"Ricci, Ludovico";"";"2708559722";"";"dtu";"2022";"";"";"";"";"thesis";"dtu|dtu_electronic|dtupub|dtupub_electronic";"";"";"";"";"";"";"";"";"";"";"";"";"";"";"";"";"und";"623325213c5850b6f44452f9";"";"623325213c5850b6f44452f9";"DTU Department of Civil and Mechanical Engineering";"sorbit";"sorbit";"Micro-Injection Moulding for Production of Polymeric Lab-on-a-chip; Simulation, Productions and Optimization|Mikrosprøjtestøbning til produktion af polymer lab-on-a-chip-simulering, produktion og optimering"
"";"dtu|dtupub|third_party";"";"2022-08-19T00:09:30.711Z";"Seeberg, Frederik|Tangeraas, Jon Martin Gosling Lewis";"";"2713227703";"";"dtu";"2022";"";"";"";"";"thesis";"dtu|dtu_electronic|dtupub|dtupub_electronic";"";"";"";"";"";"";"";"";"";"";"";"";"";"";"";"";"und";"62fed4baf2170e1325e352fb";"";"62fed4baf2170e1325e352fb";"DTU Department of Civil Engineering";"sorbit";"sorbit";"Integration of thermal building simulation tools and cloud-based Building Information Models|Integration at termisk bygningssimuleringsværktøjer og cloud-baseret Bygningsinformationsmodeller"
"";"dtu|dtupub|third_party";"";"2022-08-12T00:09:40.186Z";"Zhang, Jing";"";"2713018267";"";"dtu";"2022";"";"";"";"";"thesis";"dtu|dtu_electronic|dtupub|dtupub_electronic";"";"";"";"";"";"";"";"";"";"";"";"";"";"";"";"";"und";"62f59a4471b2f903a4f71342";"";"62f59a4471b2f903a4f71342";"DTU Department of Technology, Management and Economics";"sorbit";"sorbit";"Design of interactive dashboards for therapists and patients with respect to optimal user experience during rehabilitation|Design af et interaktivt system til terapeuter og patienter med henblik pa optimering af brugeroplevelsen under en rehabilitering"
"";"dtu|dtupub|third_party";"";"2022-07-25T00:10:45.726Z";"Christoffersen, Emil Thomas";"";"2712810221";"";"dtu";"2022";"";"";"";"";"thesis";"dtu|dtu_electronic|dtupub|dtupub_electronic";"";"";"";"";"";"";"";"";"";"";"";"";"";"";"";"";"und";"62dddf8557a41154e42c961b";"";"62dddf8557a41154e42c961b";"DTU Department of Chemistry";"sorbit";"sorbit";"Photostability of Re-complex@InP quantum dots hybrid photocatalyst|Fotostabilitet af Re-kompleks@InP kvantedots hybridfotokatalysator"
"";"dtu|dtupub|third_party";"";"2022-07-31T00:09:46.643Z";"Otko, Katarzyna Karolina";"";"2712907377";"";"dtu";"2022";"";"";"";"";"thesis";"dtu|dtu_electronic|dtupub|dtupub_electronic";"";"";"";"";"";"";"";"";"";"";"";"";"";"";"";"";"und";"62e5c84ab420a2a4467fc5b9";"";"62e5c84ab420a2a4467fc5b9";"DTU Department of Applied Mathematics and Computer Science";"sorbit";"sorbit";"Graph neural networks for social systems|Graf neurale netvæk for sociale systemer"
"";"dtu|dtupub|third_party";"";"2022-01-03T13:06:02.579Z";"Andersen, Catharina Skov|Andersen, Julie Strauch";"";"2691928290";"";"dtu";"2021";"";"";"";"";"thesis";"dtu|dtu_electronic|dtupub|dtupub_electronic";"";"";"";"";"";"";"";"";"";"";"";"";"";"";"";"";"und";"60fe982fd9001d01622e8df2";"";"60fe982fd9001d01622e8df2";"DTU Department of Civil and Mechanical Engineering";"sorbit";"sorbit";"Concept Development for Life Improvement of Type 1 Diabetics|Konceptudvikling for livsforbedring for type 1 diabetikere"
"";"dtu|dtupub|third_party";"";"2022-01-03T13:13:31.451Z";"Pedersen, Katrine Lücke";"";"2692978978";"";"dtu";"2021";"";"";"";"";"thesis";"dtu|dtu_electronic|dtupub|dtupub_electronic";"";"";"";"";"";"";"";"";"";"";"";"";"";"";"";"";"und";"6124d389d9001d047836906f";"";"6124d389d9001d047836906f";"DTU DTU National Food Institute";"sorbit";"sorbit";"Thyroid hormone system disruption and effects on the developing brain|Forstyrrelse af thyroideahormonsystemet og effekter pa hjernens udvikling"
"";"dtu|dtupub|third_party";"";"2022-01-03T13:06:00.849Z";"Ankergård, Sigurd Frej Joel Jørgensen";"";"2691894027";"";"dtu";"2021";"";"";"";"";"thesis";"dtu|dtu_electronic|dtupub|dtupub_electronic";"";"";"";"";"";"";"";"";"";"";"";"";"";"";"";"";"und";"60fd46a9d9001d01622e8d90";"";"60fd46a9d9001d01622e8d90";"DTU Department of Applied Mathematics and Computer Science";"sorbit";"sorbit";"Blockchain in Remote Self Attestation for Making Trust Decisions in IoT Peer-to-Peer Networks|Blockchain i Selv Fjernattestering til at Tage Tillidsbeslutninger i IoT Peer-to-Peer Netværk"
"";"dtu|dtupub|third_party";"";"2022-01-03T13:16:37.293Z";"Gulbinas, Giedrius";"";"2691893872";"";"dtu";"2021";"";"";"";"";"thesis";"dtu|dtu_electronic|dtupub_external";"";"";"";"";"";"";"";"";"";"";"";"";"";"";"";"";"und";"60fd4698d9001d01622e8d74";"";"60fd4698d9001d01622e8d74";"DTU DTU National Food Institute";"sorbit";"sorbit";"Drying of probiotic bacteria|Tørring af probiotiske bakterier"
"";"dtu|dtupub|third_party";"";"2022-01-03T13:17:02.232Z";"Zwicky, Emilie Eskildsen";"";"2500398406";"";"dtu";"2021";"";"";"";"";"thesis";"dtu|dtu_electronic|dtupub|dtupub_electronic";"";"";"";"";"";"";"";"";"";"";"";"";"";"";"";"";"und";"61939fadc64cf71614c71fb9";"";"61939fadc64cf71614c71fb9";"DTU Department of Health Technology";"sorbit";"sorbit";"The influence of body weight on gait biomechanics in obese knee OA patients|Indflydelsen af kropsvægt pa biomekanikken under gang hos overvægtige patienter med slidgigt"
"";"dtu|dtupub|third_party";"";"2022-01-30T12:11:12.667Z";"Björnsdóttir, María Kristín";"";"2706100897";"";"dtu";"2021";"";"";"";"";"thesis";"dtu|dtu_electronic|dtupub|dtupub_electronic";"";"";"";"";"";"";"";"";"";"";"";"";"";"";"";"";"und";"61f680216aaa4b16e9ac44b1";"";"61f680216aaa4b16e9ac44b1";"DTU Department of Biotechnology and Biomedicine";"sorbit";"sorbit";"Applying long read sequencing to elucidate genomic adaptation during hospital outbreaks|Brug af lange sekvensdata til fremhæve genomisk adaptation ved sygehusudbrud"
"";"dtu|dtupub|third_party";"";"2022-01-03T13:17:00.972Z";"Basaran, Gulin Goksu";"";"2692210964";"";"dtu";"2021";"";"";"";"";"thesis";"dtu|dtu_electronic|dtupub|dtupub_electronic";"";"";"";"";"";"";"";"";"";"";"";"";"";"";"";"";"und";"610bc710d9001d01621578f0";"";"610bc710d9001d01621578f0";"DTU Department of Technology, Management and Economics";"sorbit";"sorbit";"Transport Equity Analysis Using National Travel Survey Data|Analyse af social ulighed i transport ved hjælp af data fra transportvaneundersøgelser"
"";"dtu|dtupub|third_party";"";"2022-09-14T00:09:27.631Z";"Petersen, Anton Krogh";"";"2713712091";"";"dtu";"2022";"";"";"";"";"thesis";"dtu|dtu_electronic|dtupub|dtupub_electronic";"";"";"";"";"";"";"";"";"";"";"";"";"";"";"";"";"und";"63211bb7a3897d4540eb8ba7";"";"63211bb7a3897d4540eb8ba7";"DTU Department of Technology, Management and Economics";"sorbit";"sorbit";"Exploratory analysis of the impact of blockchain technology on the future of entrepreneurship|Udforskende analyse af blockchain-teknologiens indvirkning pa fremtiden for iværksætteri"
"";"dtu|dtupub|third_party";"";"2022-01-03T13:13:24.832Z";"Møller, Sanne Lundgaard";"";"2636770028";"";"dtu";"2021";"";"";"";"";"thesis";"dtu|dtu_electronic|dtupub_external";"";"";"";"";"";"";"";"";"";"";"";"";"";"";"";"";"und";"603e2b27d9001d0165005516";"";"603e2b27d9001d0165005516";"DTU Department of Chemistry";"sorbit";"sorbit";"Formulation and characterization of liposomal delivery systems for active cancer immunotherapy|Formulering og karakterisering af liposomer til aktiv cancer immunoterapi"
"";"dtu|dtupub|third_party";"";"2022-01-03T13:13:27.581Z";"Chauhan, Abhinav";"";"2691264801";"";"dtu";"2021";"";"";"";"";"thesis";"dtu|dtu_electronic|dtupub|dtupub_electronic";"";"";"";"";"";"";"";"";"";"";"";"";"";"";"";"";"und";"60e43a2ed9001d01667246e2";"";"60e43a2ed9001d01667246e2";"DTU Department of Technology, Management and Economics";"sorbit";"sorbit";"Techno-economic analysis and optimization of e-fuel production using solar and wind energy|Tekno-økonomisk analyse og optimering af e-fuel produktion med brug af sol og vind energi"
"";"dtu|dtupub|third_party";"";"2022-01-03T13:05:32.109Z";"Thuesen, Anders Buch";"";"2698795377";"";"dtu";"2021";"";"";"";"";"thesis";"dtu|dtu_electronic|dtupub_external";"";"";"";"";"";"";"";"";"";"";"";"";"";"";"";"";"und";"615eefb9d9001d1b965a69c7";"";"615eefb9d9001d1b965a69c7";"DTU Department of Applied Mathematics and Computer Science";"sorbit";"sorbit";"Badminton Shot classification for analyzing winner-sequence|Badminton Slag detektering til analyse af vinder-sekvens"
"";"dtu|dtupub|third_party";"";"2022-01-03T13:16:59.489Z";"Dengsøe, Christine";"";"2679883506";"";"dtu";"2021";"";"";"";"";"thesis";"dtu|dtu_electronic|dtupub|dtupub_electronic";"";"";"";"";"";"";"";"";"";"";"";"";"";"";"";"";"und";"605c7db4d9001d017f02a232";"";"605c7db4d9001d017f02a232";"DTU Department of Health Technology";"sorbit";"sorbit";"Protein nanoclusters for drug delivery|Protein nanoklustere til levering af medikamenter"
"";"dtu|dtupub|third_party";"";"2022-01-03T13:16:37.136Z";"Monfort, Laia Meseguer";"";"2626729002";"";"dtu";"2021";"";"";"";"";"thesis";"dtu|dtu_electronic|dtupub_external";"";"";"";"";"";"";"";"";"";"";"";"";"";"";"";"";"und";"60364275d9001d01656e1c6f";"";"60364275d9001d01656e1c6f";"DTU Department of Health Technology";"sorbit";"sorbit";"Post-GWAS Analysis on Atrial Fibrillation Patients|Post GWAS-analyse af patienter med atrieflimren"
"";"dtu|dtupub|third_party";"";"2022-03-25T12:09:57.945Z";"Nielsen, Amalie Nordstrøm";"";"2708812611";"";"dtu";"2022";"";"";"";"";"thesis";"dtu|dtu_electronic|dtupub_external";"";"";"";"";"";"";"";"";"";"";"";"";"";"";"";"";"und";"623db115d869a7db73eafb1e";"";"623db115d869a7db73eafb1e";"DTU Department of Civil Engineering";"sorbit";"sorbit";"Development of a Design Handbook to Reduce Fear of Crime in Urban Enviroments at and Around Danish S-train Stations - with a Case Study of Albertslund S-train Station|Udarbejdelse af en designhandbog med henblik pa reducering af utryghed i byrummet ved og omkring S-togsstationer – et casestudie af Albertslund S-togsstation"
"";"dtu|dtupub|third_party";"";"2022-01-03T13:16:59.443Z";"Bentzen, Trine";"";"2640810210";"";"dtu";"2021";"";"";"";"";"thesis";"dtu|dtu_electronic|dtupub_external";"";"";"";"";"";"";"";"";"";"";"";"";"";"";"";"";"und";"603f7ca9d9001d0165005530";"";"603f7ca9d9001d0165005530";"DTU Department of Technology, Management and Economics";"sorbit";"sorbit";"Challenges and opportunities associated with creating new constructions with materials from the existing building stock|Udfordringer og potentialer for at anvende materialer fra eksisterende bygningsmasse til at skabe nye bygninger."
"";"dtu|dtupub|third_party";"";"2022-08-25T11:30:42.625Z";"Babio, Sara Canle";"";"2713316496";"";"dtu";"2022";"";"";"";"";"thesis";"dtu|dtu_electronic|dtupub|dtupub_electronic";"";"";"";"";"";"";"";"";"";"";"";"";"";"";"";"";"und";"6302c93b86b758132593a2f4";"";"6302c93b86b758132593a2f4";"DTU Department of Chemical and Biochemical Engineering";"sorbit";"sorbit";"Advanced model-based process understanding of industrial filtration unit|Advanced model-based process understanding of industrial filtration unit"
"";"dtu|dtupub|third_party";"";"2022-03-16T12:10:06.951Z";"Zixuan, Li";"";"2708496628";"";"dtu";"2022";"";"";"";"";"thesis";"dtu|dtu_electronic|dtupub|dtupub_electronic";"";"";"";"";"";"";"";"";"";"";"";"";"";"";"";"";"und";"6231d39e7d6437b3b5c15b1e";"";"6231d39e7d6437b3b5c15b1e";"DTU Department of Applied Mathematics and Computer Science";"sorbit";"sorbit";"Real-time TCP/IP Stack|Real-time TCP/IP Stack"
"";"dtu|dtupub|third_party";"";"2022-01-03T13:16:38.372Z";"Cops, Elvis";"";"2691894148";"";"dtu";"2021";"";"";"";"";"thesis";"dtu|dtu_electronic|dtupub|dtupub_electronic";"";"";"";"";"";"";"";"";"";"";"";"";"";"";"";"";"und";"60fd46b4d9001d01622e8da0";"";"60fd46b4d9001d01622e8da0";"DTU Department of Electrical Engineering";"sorbit";"sorbit";"Quadcopter drone control system design for picking up objects from water and under water|Quadcopter drone kontrolsystem design til at opsamle objekter pa og under vand"
"";"dtu|dtupub|third_party";"";"2022-01-03T13:05:28.912Z";"Sørensen, Rebekka Aarlund";"";"2691384253";"";"dtu";"2021";"";"";"";"";"thesis";"dtu|dtu_electronic|dtupub|dtupub_electronic";"";"";"";"";"";"";"";"";"";"";"";"";"";"";"";"";"und";"60e6dd2ad9001d015e7e5069";"";"60e6dd2ad9001d015e7e5069";"DTU DTU National Food Institute";"sorbit";"sorbit";"Mapping the hazards’ control programs and strategies in the various sectors and tracts of the animal-environment-food-human chain in EU|Kortlægning af de eksisterende kontrolprogrammer for fødevarebarne bakterier og strategier i forskellige sektorer og omrader inden for dyr-miljø-fødevare-menneske kæden i EU"
"";"dtu|dtupub|third_party";"";"2022-05-18T11:09:58.701Z";"Lei, Zhenzhong";"";"2710117734";"";"dtu";"2022";"";"";"";"";"thesis";"dtu|dtu_electronic|dtupub_external";"";"";"";"";"";"";"";"";"";"";"";"";"";"";"";"";"und";"6284d4060fa7bf17b935a132";"";"6284d4060fa7bf17b935a132";"DTU Department of Electrical and Photonics Engineering";"sorbit";"sorbit";"Investigation of improving indoor robot localization by using Wi-Fi|Investigation of improving indoor robot localization by using Wi-Fi"
"";"dtu|dtupub|third_party";"";"2022-01-03T13:05:29.090Z";"Lipari, Roberto";"";"2686111656";"";"dtu";"2021";"";"";"";"";"thesis";"dtu|dtu_electronic|dtupub_external";"";"";"";"";"";"";"";"";"";"";"";"";"";"";"";"";"und";"60703625d9001d01665305bc";"";"60703625d9001d01665305bc";"DTU National Institute of Aquatic Resources";"sorbit";"sorbit";"Evaluation of an experimental filtration system for the removal of geosmin from recirculating aquaculture systems|Evaluering af et eksperimentelt filtreringssystem til fjernelse af geosmin fra recirkulerende akvakultursystemer"
"";"dtu|dtupub|third_party";"";"2022-09-28T00:09:30.336Z";"Gross, Daniel";"";"2714075548";"";"dtu";"2022";"";"";"";"";"thesis";"dtu|dtu_electronic|dtupub|dtupub_electronic";"";"";"";"";"";"";"";"";"";"";"";"";"";"";"";"";"und";"633390b980fa1533f94f6efd";"";"633390b980fa1533f94f6efd";"DTU Department of Environmental and Resource Engineering";"sorbit";"sorbit";"Life Cycle Assessment of conventional and bio- steam reforming hydrogen production|Livscyklusvurdering af konventionel og biodampreformerende brintproduktion"
"";"dtu|dtupub|third_party";"";"2022-07-25T00:11:11.676Z";"Kristinsdóttir, Ástrós Eir";"";"2712810270";"";"dtu";"2022";"";"";"";"";"thesis";"dtu|dtu_electronic|dtupub|dtupub_electronic";"";"";"";"";"";"";"";"";"";"";"";"";"";"";"";"";"und";"62dddf9ffc0c4854e4b660af";"";"62dddf9ffc0c4854e4b660af";"DTU Department of Applied Mathematics and Computer Science";"sorbit";"sorbit";"Classification of epileptic seizure activity form wearable out-patient electroencephalography|Klassifikation af epileptisk anfaldsaktivitet fra bærbar ambulant elektroencephalografi"
"";"dtu|dtupub|third_party";"";"2022-07-24T00:10:11.772Z";"Lindström, Anna Felicia Mai";"";"2712806069";"";"dtu";"2022";"";"";"";"";"thesis";"dtu|dtu_electronic|dtupub_external";"";"";"";"";"";"";"";"";"";"";"";"";"";"";"";"";"und";"62dc8de3a2d0c554e4f78bce";"";"62dc8de3a2d0c554e4f78bce";"DTU Department of Technology, Management and Economics";"sorbit";"sorbit";"Exploring Corporate Sustainability Management Factors in Global Businesses - Proposing an Analytical Framework|Undersøgelse af afgørende faktorer i globale virksomheders bæredygtighedsarbejde - Forslag til en analytisk ramme."
"";"dtu|dtupub|third_party";"";"2022-07-25T00:10:31.837Z";"Melchert, Mads Dünnweber";"";"2712810192";"";"dtu";"2022";"";"";"";"";"thesis";"dtu|dtu_electronic|dtupub|dtupub_electronic";"";"";"";"";"";"";"";"";"";"";"";"";"";"";"";"";"und";"62dddf77d4e4d954e469ba42";"";"62dddf77d4e4d954e469ba42";"DTU Department of Civil Engineering";"sorbit";"sorbit";"Stress dependency of the photoelastic constant in glass – multiaxial loading|Den fotoelastiske afhængighed af spændingstilstanden i glas - multiaksial belastning"
"";"dtu|dtupub|third_party";"";"2022-01-03T13:13:24.917Z";"Dahl, Emilie Isabella";"";"2666092567";"";"dtu";"2021";"";"";"";"";"thesis";"dtu|dtu_electronic|dtupub|dtupub_electronic";"";"";"";"";"";"";"";"";"";"";"";"";"";"";"";"";"und";"6051f1c4d9001d01657f2ed5";"";"6051f1c4d9001d01657f2ed5";"DTU Department of Applied Mathematics and Computer Science";"sorbit";"sorbit";"Using Artificial Intelligence for Estimating People's Perception of the World|Anvendelse af kunstig intelligens til estimering af personers perception af verden"
"";"dtu|dtupub|third_party";"";"2022-01-03T13:05:56.321Z";"Safi, Fahim";"";"2621490035";"";"dtu";"2021";"";"";"";"";"thesis";"dtu|dtu_electronic|dtupub_external";"";"";"";"";"";"";"";"";"";"";"";"";"";"";"";"";"und";"6034f0c7d9001d01650f4d94";"";"6034f0c7d9001d01650f4d94";"DTU Department of Electrical Engineering";"sorbit";"sorbit";"Evaluation of New Geometry for Low Leakage Inductance Integrated Magnetics for DC/DC Converters|Evaluation of New Geometry for Low Leakage Inductance Integrated Magnetics for DC/DC Converters"
"";"dtu|dtupub|third_party";"";"2022-01-03T13:16:36.813Z";"Chimoni, Kyriacos";"";"2646318608";"";"dtu";"2021";"";"";"";"";"thesis";"dtu|dtu_electronic|dtupub|dtupub_electronic";"";"";"";"";"";"";"";"";"";"";"";"";"";"";"";"";"und";"6043713cd9001d016e358161";"";"6043713cd9001d016e358161";"DTU Department of Civil Engineering";"sorbit";"sorbit";"Mathematical modeling and simulation for thermal performance calculation of parabolic trough solar collectors|Matematisk modellering og simuleringsmodel til beregning af ydelsen af parabolsolfangere"
"";"dtu|dtupub|third_party";"";"2022-03-31T11:10:01.640Z";"Benvenuti, Nicola";"";"2708961016";"";"dtu";"2022";"";"";"";"";"thesis";"dtu|dtu_electronic|dtupub|dtupub_electronic";"";"";"";"";"";"";"";"";"";"";"";"";"";"";"";"";"und";"62458c09051404f30b784681";"";"62458c09051404f30b784681";"DTU Department of Civil Engineering";"sorbit";"sorbit";"Method to analyze buildings and heating systems for optimal heat pump conversion|Metode til analyse af bygninger og varmesystemer med henblik pa optimal konvertering til varmepumpe"
"";"dtu|dtupub|third_party";"";"2022-01-06T23:55:18.350Z";"Petersen, Frederik Tobias Agerkvist";"";"2640810528";"";"dtu";"2021";"";"";"";"";"thesis";"dtu|dtu_electronic|dtupub_external";"";"";"";"";"";"";"";"";"";"";"";"";"";"";"";"";"und";"603f7caed9001d0165005547";"";"603f7caed9001d0165005547";"DTU Department of Electrical and Photonics Engineering";"sorbit";"sorbit";"Wireless IO-Link with 5G|Tradløs IO-Link med 5G"
"";"dtu|dtupub|third_party";"";"2022-01-03T13:05:29.081Z";"Mejer, Mark Jonas";"";"2686634730";"";"dtu";"2021";"";"";"";"";"thesis";"dtu|dtu_electronic|dtupub|dtupub_electronic";"";"";"";"";"";"";"";"";"";"";"";"";"";"";"";"";"und";"60854e2fd9001d01701fe6ba";"";"60854e2fd9001d01701fe6ba";"DTU Department of Civil Engineering";"sorbit";"sorbit";"Numerical analysis of the response of concrete elements to hydrogen fires|Numerical modeling of the response of concrete elements to hydrogen fire."
"";"dtu|dtupub|third_party";"";"2022-07-25T00:10:55.263Z";"Boncz, Luca Blanka";"";"2712810237";"";"dtu";"2022";"";"";"";"";"thesis";"dtu|dtu_electronic|dtupub_external";"";"";"";"";"";"";"";"";"";"";"";"";"";"";"";"";"und";"62dddf8f76ed6654e4888157";"";"62dddf8f76ed6654e4888157";"DTU Department of Civil and Mechanical Engineering";"sorbit";"sorbit";"Corrosion investigations of flowmeters used for drinking water applications|Korrosionsundersøgelse af flowmetre til drikkevand"
"";"dtu|dtupub|third_party";"";"2022-10-12T00:09:32.551Z";"Tzimou, Konstantina";"";"2714344259";"";"dtu";"2022";"";"";"";"";"thesis";"dtu|dtu_electronic|dtupub_external";"";"";"";"";"";"";"";"";"";"";"";"";"";"";"";"";"und";"634605bb8c81b0df3b1c4898";"";"634605bb8c81b0df3b1c4898";"DTU Department of Biotechnology and Biomedicine";"sorbit";"sorbit";"Optimization of Cas12a-like homology directed repair in human cells|Optimization of Cas12a-like homology directed repair in human cells"
"";"dtu|dtupub|third_party";"";"2022-01-03T13:13:32.967Z";"Evlo, Sofia";"";"2697934580";"";"dtu";"2021";"";"";"";"";"thesis";"dtu|dtu_electronic|dtupub_external";"";"";"";"";"";"";"";"";"";"";"";"";"";"";"";"";"und";"61408311d9001d0162167921";"";"61408311d9001d0162167921";"DTU Department of Applied Mathematics and Computer Science";"sorbit";"sorbit";"Assessing User Experience Processes in Medium-sized Organisations|Undersøgelse af UX processer i mellemstore organisationer"
"";"dtu|dtupub|third_party";"";"2022-01-03T13:17:00.696Z";"Pollacchini, Riccardo";"";"2692286105";"";"dtu";"2021";"";"";"";"";"thesis";"dtu|dtu_electronic|dtupub_external";"";"";"";"";"";"";"";"";"";"";"";"";"";"";"";"";"und";"610fbb91d9001d016215790e";"";"610fbb91d9001d016215790e";"DTU Department of Chemical and Biochemical Engineering";"sorbit";"sorbit";"Investigation of the control and performance of wash & sterilization equipment in a biopharmaceutical company|Undersøgelse af kontrol og ydeevne af vaske- og steriliseringsudstyr i en biofarmaceutisk virksomhed"
"";"dtu|dtupub|third_party";"";"2022-01-03T13:06:02.340Z";"Steendahl, Kathrine";"";"2691928240";"";"dtu";"2021";"";"";"";"";"thesis";"dtu|dtu_electronic|dtupub|dtupub_electronic";"";"";"";"";"";"";"";"";"";"";"";"";"";"";"";"";"und";"60fe981fd9001d01622e8dd7";"";"60fe981fd9001d01622e8dd7";"DTU Department of Biotechnology and Biomedicine";"sorbit";"sorbit";"Intensification of enzymatic PET degradation by substrate pretreatment|Intensivering af enzymatisk PET-nedbrydning ved forbehandling af substratet"
"";"dtu|dtupub|third_party";"";"2022-01-03T13:06:03.892Z";"Christiansen, Rasmus Folmann";"";"2697981971";"";"dtu";"2021";"";"";"";"";"thesis";"dtu|dtu_electronic|dtupub|dtupub_electronic";"";"";"";"";"";"";"";"";"";"";"";"";"";"";"";"";"und";"6141d496d9001d0162189963";"";"6141d496d9001d0162189963";"DTU DTU National Food Institute";"sorbit";"sorbit";"Protolytic cleavage of allergen epitopes|Protolytisk kløvning af allergene epitoper"
"";"dtu|dtupub|third_party";"";"2022-01-03T13:05:30.519Z";"Gerodimos, Alexandros";"";"2692100398";"";"dtu";"2021";"";"";"";"";"thesis";"dtu|dtu_electronic|dtupub|dtupub_electronic";"";"";"";"";"";"";"";"";"";"";"";"";"";"";"";"";"und";"61068134d9001d01622e8e9e";"";"61068134d9001d01622e8e9e";"DTU Department of Technology, Management and Economics";"sorbit";"sorbit";"Analysis of electric vehicle preferences based on discrete choice models and stated choice data|Analyse af elbilspreferencer baseret pa diskrete valgmodeller og hypotetiske valgdata"
"";"dtu|dtupub|third_party";"";"2022-01-11T08:43:08.096Z";"Fischer, Sebastian|Jakobsen, Magnus Glasdam";"";"2691893972";"";"dtu";"2021";"";"";"";"";"thesis";"dtu|dtu_electronic|dtupub|dtupub_electronic";"";"";"";"";"";"";"";"";"";"";"";"";"";"";"";"";"und";"60fd46a9d9001d01622e8d8d";"";"60fd46a9d9001d01622e8d8d";"DTU Department of Electrical and Photonics Engineering";"sorbit";"sorbit";"IoT security and performance|IoT sikkerhed og ydeevne"
"";"dtu|dtupub|third_party";"";"2022-01-03T13:06:02.666Z";"Seligmann, Albert Simon";"";"2692242921";"";"dtu";"2021";"";"";"";"";"thesis";"dtu|dtu_electronic|dtupub|dtupub_electronic";"";"";"";"";"";"";"";"";"";"";"";"";"";"";"";"";"und";"610d18a2d9001d0162157905";"";"610d18a2d9001d0162157905";"DTU Department of Electrical Engineering";"sorbit";"sorbit";"Efficient inspection-aware MAV path-planning for exploration in confined spaces|Efficient inspection-aware MAV path-planning for exploration in confined spaces"
"";"dtu|dtupub|third_party";"";"2022-01-06T23:55:20.803Z";"Jaiswal, Harsh";"";"2692100217";"";"dtu";"2021";"";"";"";"";"thesis";"dtu|dtu_electronic|dtupub|dtupub_electronic";"";"";"";"";"";"";"";"";"";"";"";"";"";"";"";"";"und";"61068128d9001d01622e8e90";"";"61068128d9001d01622e8e90";"DTU Department of Electrical Engineering";"sorbit";"sorbit";"Robust Model-Predictive Control for Trajectory Tracking of Micro Air Vehicles under Wind Disturbance|Robust Model Prædiktiv Regulering af Mikro Luftfartøjer under vindforstyrrelse"
"";"dtu|dtupub|third_party";"";"2022-01-06T23:56:38.473Z";"Bustamante, Pablo Roberto";"";"2651563663";"";"dtu";"2021";"";"";"";"";"thesis";"dtu|dtu_electronic|dtupub_external";"";"";"";"";"";"";"";"";"";"";"";"";"";"";"";"";"und";"604765bbd9001d016e35818e";"";"604765bbd9001d016e35818e";"DTU Department of Wind and Energy Systems";"sorbit";"sorbit";"Profitability analysis for wind/solar/hybrid plants in Europe|Rentabilitetsanalyse for vind-/sol-/hybrid-kraftværk i Europa"
"";"dtu|dtupub|third_party";"";"2022-01-03T13:05:55.961Z";"Lave, Ole Laustsen";"";"2612396588";"";"dtu";"2021";"";"";"";"";"thesis";"dtu|dtu_electronic|dtupub|dtupub_electronic";"";"";"";"";"";"";"";"";"";"";"";"";"";"";"";"";"und";"6023cdaed9001d01657f8500";"";"6023cdaed9001d01657f8500";"DTU Department of Chemical and Biochemical Engineering";"sorbit";"sorbit";"Modelling of a GFP producing bioreactor|Modellering af en GFP-producerende bioreaktor"
"";"dtu|dtupub|third_party";"";"2022-01-03T13:13:46.224Z";"Bosi, Federico|Busatta, Mirco";"";"2685995776";"";"dtu";"2021";"";"";"";"";"thesis";"dtu|dtu_electronic|dtupub_external";"";"";"";"";"";"";"";"";"";"";"";"";"";"";"";"";"und";"606c41b0d9001d016653058d";"";"606c41b0d9001d016653058d";"DTU Department of Technology, Management and Economics";"sorbit";"sorbit";"Supplier collaboration in raw material inventory management|Supplier collaboration in raw material inventory management"
"";"dtu|dtupub|third_party";"";"2022-01-03T13:13:27.230Z";"Lage, Jesper Gejl";"";"2691222026";"";"dtu";"2021";"";"";"";"";"thesis";"dtu|dtu_electronic|dtupub|dtupub_electronic";"";"";"";"";"";"";"";"";"";"";"";"";"";"";"";"";"und";"60e2e8b1d9001d01667246bd";"";"60e2e8b1d9001d01667246bd";"DTU Department of Electrical Engineering";"sorbit";"sorbit";"Design of energy management strategies for a reconfigurable battery system coupled with an electric vehicle fast charger and photovoltaics|Design af strategier for energistyring af fleksibelt batterisystem forbundet med elbil hurtiglader og solceller"
"";"dtu|dtupub|third_party";"";"2022-01-03T13:13:25.048Z";"Nielsen, Yassin Rasmus Bahbah";"";"2686339825";"";"dtu";"2021";"";"";"";"";"thesis";"dtu|dtu_electronic|dtupub|dtupub_electronic";"";"";"";"";"";"";"";"";"";"";"";"";"";"";"";"";"und";"607544b8d9001d0165270f62";"";"607544b8d9001d0165270f62";"DTU Department of Space Research and Space Technology";"sorbit";"sorbit";"Satellite monitoring of subglacial lakes in Greenland|Satellit-monitorering af subglaciale søer i Grønland"
"";"dtu|dtupub|third_party";"";"2022-01-03T13:05:58.747Z";"Nonis, Pietro|Gaballo, Francesco";"";"2686501871";"";"dtu";"2021";"";"";"";"";"thesis";"dtu|dtu_electronic|dtupub|dtupub_electronic";"";"";"";"";"";"";"";"";"";"";"";"";"";"";"";"";"und";"60800829d9001d01655031b4";"";"60800829d9001d01655031b4";"DTU Department of Technology, Management and Economics";"sorbit";"sorbit";"Investigation of electricity consumption profiles with a focus on the energy system flexibility potential|Investigation of electricity consumption profiles with a focus on the energy system flexibility potential"
"";"dtu|dtupub|third_party";"";"2022-01-03T13:13:24.883Z";"Krongaard, Beate Kjøller";"";"2640810789";"";"dtu";"2021";"";"";"";"";"thesis";"dtu|dtu_electronic|dtupub_external";"";"";"";"";"";"";"";"";"";"";"";"";"";"";"";"";"und";"603f7cb3d9001d0165005564";"";"603f7cb3d9001d0165005564";"DTU Department of Health Technology";"sorbit";"sorbit";"Screening of antisense oligonucleotides interfering with pre-mRNA to upregulate protein production|Identifikation af antisense oligonukleotider for opregulering af protein produktion"
"";"dtu|dtupub|third_party";"";"2022-01-06T23:54:35.038Z";"Enevoldsen, Daniel";"";"2685864139";"";"dtu";"2021";"";"";"";"";"thesis";"dtu|dtu_electronic|dtupub|dtupub_electronic";"";"";"";"";"";"";"";"";"";"";"";"";"";"";"";"";"und";"606af01ed9001d0166530587";"";"606af01ed9001d0166530587";"DTU Department of Civil and Mechanical Engineering";"sorbit";"sorbit";"Numerical and experimental investigation of the RESEN wave energy device|Numerisk og eksperimentel undersøgelse af RESEN bølgeenergianlægget"
"";"dtu|dtupub|third_party";"";"2022-08-31T06:34:04.233Z";"Olden-Jørgensen, Nataniel Andreas";"";"2713409592";"";"dtu";"2022";"";"";"";"";"thesis";"dtu|dtu_electronic|dtupub|dtupub_electronic";"";"";"";"";"";"";"";"";"";"";"";"";"";"";"";"";"und";"630ea6c5f9c9572511826f25";"";"630ea6c5f9c9572511826f25";"DTU Department of Energy Conversion and Storage";"sorbit";"sorbit";"Optimizing permanent magnet assemblies using Landau-Lifshitz theory|Optimering af konfigurationer af permanente magneter ved brug af Landau-Lifshitz theory"
"";"dtu|dtupub|third_party";"";"2022-07-25T00:11:08.906Z";"Bozyil, Rohat";"";"2712810260";"";"dtu";"2022";"";"";"";"";"thesis";"dtu|dtu_electronic|dtupub_external";"";"";"";"";"";"";"";"";"";"";"";"";"";"";"";"";"und";"62dddf9cb21eb354e4406a22";"";"62dddf9cb21eb354e4406a22";"DTU Department of Electrical Engineering";"sorbit";"sorbit";"Vision-based control for robotic manipulation of pharmaceutical glass cartridges|Kamera baseret regulering til robot manipulering af farmaceutiske glas patroner"
"";"dtu|dtupub|third_party";"";"2022-09-16T00:09:30.938Z";"Suárez, Angélica Stephania Zambrano";"";"2713787554";"";"dtu";"2022";"";"";"";"";"thesis";"dtu|dtu_electronic|dtupub_external";"";"";"";"";"";"";"";"";"";"";"";"";"";"";"";"";"und";"6323beba454ce955fa324991";"";"6323beba454ce955fa324991";"DTU Department of Applied Mathematics and Computer Science";"sorbit";"sorbit";"Crowdsourcing approach to evaluate speech enhancement algorithms with human perception|Automatisering af crowdsourcing-eksperimenter for talekvalitet, for at give relevant indsigt i resultaterne og for at optimere algoritmer for menneskelig opfattelse"
"";"dtu|dtupub|third_party";"";"2022-07-31T00:09:30.207Z";"Johannessen, Aksel Ellersgaard|Rød, Edvard Høsteng";"";"2712907285";"";"dtu";"2022";"";"";"";"";"thesis";"dtu|dtu_electronic|dtupub|dtupub_electronic";"";"";"";"";"";"";"";"";"";"";"";"";"";"";"";"";"und";"62e5c83ac970aea4461bdb1e";"";"62e5c83ac970aea4461bdb1e";"DTU Department of Civil Engineering";"sorbit";"sorbit";"Damage Detection of structures subjected to dynamic loads|Detektering af skade pa konstruktioner udsat for dynamiske belastninger"
"";"dtu|dtupub|third_party";"";"2022-05-10T11:09:59.955Z";"Zolla, Irene";"";"2709937566";"";"dtu";"2022";"";"";"";"";"thesis";"dtu|dtu_electronic|dtupub_external";"";"";"";"";"";"";"";"";"";"";"";"";"";"";"";"";"und";"627a4806863eb4159ead9155";"";"627a4806863eb4159ead9155";"DTU Department of Civil Engineering";"sorbit";"sorbit";"Innovative domestic hot water system for 4th generation district heating|Innovativt varmt brugsvandssystem til 4. generations fjernvarme"
"";"dtu|dtupub|third_party";"";"2022-08-25T11:30:42.668Z";"Pascu, Alexandru-Bogdan";"";"2713316500";"";"dtu";"2022";"";"";"";"";"thesis";"dtu|dtu_electronic|dtupub|dtupub_electronic";"";"";"";"";"";"";"";"";"";"";"";"";"";"";"";"";"und";"63041abc2186f01325469db1";"";"63041abc2186f01325469db1";"DTU Department of Electrical and Photonics Engineering";"sorbit";"sorbit";"Layer-2 security analysis and verification|Layer-2 sikkerhedsanalyse og verifikation"
"";"dtu|dtupub|third_party";"";"2022-02-02T12:10:24.164Z";"Eldor, Marie Vigger";"";"2706415972";"";"dtu";"2022";"";"";"";"";"thesis";"dtu|dtu_electronic|dtupub|dtupub_electronic";"";"";"";"";"";"";"";"";"";"";"";"";"";"";"";"";"und";"61fa74b0cd017817cdaa1aec";"";"61fa74b0cd017817cdaa1aec";"DTU Department of Space Research and Space Technology";"sorbit";"sorbit";"Global models of substorm dynamics from satellite magnetic field measurements|Globale modeller af substorms dynamikker baseret pa magnetfelts malinger fra satellitter"
"";"dtu|dtupub|third_party";"";"2022-01-28T12:10:38.899Z";"Nielsen, Carl Johan Gøbel";"";"2705723671";"";"dtu";"2021";"";"";"";"";"thesis";"dtu|dtu_electronic|dtupub|dtupub_electronic";"";"";"";"";"";"";"";"";"";"";"";"";"";"";"";"";"und";"61f3dd3d42320216e91383bc";"";"61f3dd3d42320216e91383bc";"DTU Department of Space Research and Space Technology";"sorbit";"sorbit";"Piezoelectric and electrostatic control comparison for deployable ultralight space telescopes|Komparativ analyse af piezoelektrisk og elektrostatisk kontrolmetode til udfoldelige ultralette rumteleskoper"
"";"dtu|dtupub|third_party";"";"2022-03-26T12:09:55.565Z";"Damsbo, Emil|Bruun, Jacob";"";"2708838768";"";"dtu";"2022";"";"";"";"";"thesis";"dtu|dtu_electronic|dtupub|dtupub_electronic";"";"";"";"";"";"";"";"";"";"";"";"";"";"";"";"";"und";"623f0293117a19db736b4460";"";"623f0293117a19db736b4460";"DTU Department of Applied Mathematics and Computer Science";"sorbit";"sorbit";"Plan Recognition in the Overcooked Domain|Plangenkendelse i Overcooked-domænet"
"";"dtu|dtupub|third_party";"";"2022-02-02T12:10:33.268Z";"Pekk, János Richárd";"";"2706416068";"";"dtu";"2022";"";"";"";"";"thesis";"dtu|dtu_electronic|dtupub|dtupub_electronic";"";"";"";"";"";"";"";"";"";"";"";"";"";"";"";"";"und";"61fa74b89c7e5b17cd3ec095";"";"61fa74b89c7e5b17cd3ec095";"DTU Department of Health Technology";"sorbit";"sorbit";"Data transformation service for the integration of third-party devices|Data transformation service for the integration of third-party devices"
"";"dtu|dtupub|third_party";"";"2022-02-02T12:10:33.958Z";"Wang, Shuai";"";"2706416096";"";"dtu";"2022";"";"";"";"";"thesis";"dtu|dtu_electronic|dtupub|dtupub_electronic";"";"";"";"";"";"";"";"";"";"";"";"";"";"";"";"";"und";"61fa74b947a3d217cd1dbb1a";"";"61fa74b947a3d217cd1dbb1a";"DTU Department of Technology, Management and Economics";"sorbit";"sorbit";"Hand tracking and interaction by computer vision for patients rehabilitation|Hand sporing og interaktion med computer vision for rehabiliterings patienter"
"";"dtu|dtupub|third_party";"";"2022-02-22T12:10:00.857Z";"Jensen, Ida Riis";"";"2707583724";"";"dtu";"2022";"";"";"";"";"thesis";"dtu|dtu_electronic|dtupub|dtupub_electronic";"";"";"";"";"";"";"";"";"";"";"";"";"";"";"";"";"und";"6214d297b44589235e43835d";"";"6214d297b44589235e43835d";"DTU Department of Applied Mathematics and Computer Science";"sorbit";"sorbit";"Deep Learning for Open Domain Medical Question Answering|Dyb læring for abendomæne medicinsk spørgsmal svar"
"";"dtu|dtupub|third_party";"";"2022-03-15T12:09:58.282Z";"Chaabi, Ali El|Anevlavis, Nikolaos";"";"2708472316";"";"dtu";"2022";"";"";"";"";"thesis";"dtu|dtu_electronic|dtupub|dtupub_electronic";"";"";"";"";"";"";"";"";"";"";"";"";"";"";"";"";"und";"623082169488a3854424fff9";"";"623082169488a3854424fff9";"DTU Department of Technology, Management and Economics";"sorbit";"sorbit";"Framework for strong owner organizational capability development in the infrastructure industry|Framework for stærke bygherrer kapabiliteteter omking infrastrukturprojekter"
"";"dtu|dtupub|third_party";"";"2022-03-01T12:10:02.471Z";"Jensen, Theis Munk|Jensen, Dennis";"";"2708036321";"";"dtu";"2022";"";"";"";"";"thesis";"dtu|dtu_electronic|dtupub_external";"";"";"";"";"";"";"";"";"";"";"";"";"";"";"";"";"und";"621e0d1a58f873235e6cfae7";"";"621e0d1a58f873235e6cfae7";"DTU Department of Electrical Engineering";"sorbit";"sorbit";"Advanced scheduling system for autonomous mobile robot fleet|Avanceret planlægningssystem for autonom mobil robotflade"
"";"dtu|dtupub|third_party";"";"2022-04-20T11:10:09.072Z";"Brüsch, Thea";"";"2709464392";"";"dtu";"2022";"";"";"";"";"thesis";"dtu|dtu_electronic|dtupub|dtupub_electronic";"";"";"";"";"";"";"";"";"";"";"";"";"";"";"";"";"und";"625fea084614911146a95970";"";"625fea084614911146a95970";"DTU Department of Applied Mathematics and Computer Science";"sorbit";"sorbit";"Seizure detection in electroencephalography signals using deep learning|Detektion af epileptiske anfald i elektroencefalografi signaler ved brug af dyb læring"
"";"dtu|dtupub|third_party";"";"2022-08-15T00:09:33.235Z";"Kühnel, Clara";"";"2713140666";"";"dtu";"2022";"";"";"";"";"thesis";"dtu|dtu_electronic|dtupub|dtupub_electronic";"";"";"";"";"";"";"";"";"";"";"";"";"";"";"";"";"und";"62f98ebd072d9e03a456a297";"";"62f98ebd072d9e03a456a297";"DTU Department of Civil Engineering";"sorbit";"sorbit";"Utilization of wood fly ash in alkali-activated materials|Nyttiggørelse af træflyveaske i alkali-aktiverede materialer"
"";"dtu|dtupub|third_party";"";"2022-03-18T12:10:01.945Z";"Adlouni, Mohammad Loutfi Abdallah";"";"2708656340";"";"dtu";"2022";"";"";"";"";"thesis";"dtu|dtu_electronic|dtupub_external";"";"";"";"";"";"";"";"";"";"";"";"";"";"";"";"";"und";"62347699708b31c15258fdca";"";"62347699708b31c15258fdca";"DTU Department of Civil and Mechanical Engineering";"sorbit";"sorbit";"Corrosion and wear performance of high nitrogen stainless steels for implant applications|Korrosion og slidegenskaber af nitrogenholdige rustfrie stal til implantatanvendelser"
"";"dtu|dtupub|third_party";"";"2022-03-03T12:10:17.323Z";"Bournaka, Evanthia";"";"2708092158";"";"dtu";"2022";"";"";"";"";"thesis";"dtu|dtu_electronic|dtupub|dtupub_electronic";"";"";"";"";"";"";"";"";"";"";"";"";"";"";"";"";"und";"6220b02801599c54d8ce734a";"";"6220b02801599c54d8ce734a";"DTU National Institute of Aquatic Resources";"sorbit";"sorbit";"Species-specific effects of car tire leachates on zooplankton|Species-specific effects of car tire leachates on zooplankton"
"";"dtu|dtupub|third_party";"";"2022-03-02T12:10:03.028Z";"Lildal, Jeppe";"";"2708057980";"";"dtu";"2022";"";"";"";"";"thesis";"dtu|dtu_electronic|dtupub_external";"";"";"";"";"";"";"";"";"";"";"";"";"";"";"";"";"und";"621f5e9a9d777954d8987abd";"";"621f5e9a9d777954d8987abd";"DTU Department of Civil Engineering";"sorbit";"sorbit";"Investigation of effects of the COVID-19 pandemic on dwelling indoor climate and energy consumption|Undersøgelse af effekten af COVID-19 pandemien pa indeklima og energiforbrug"
"";"dtu|dtupub|third_party";"";"2022-04-06T11:10:03.394Z";"Lindahl, Jens Christian Thuren";"";"2709139058";"";"dtu";"2022";"";"";"";"";"thesis";"dtu|dtu_electronic|dtupub|dtupub_electronic";"";"";"";"";"";"";"";"";"";"";"";"";"";"";"";"";"und";"624d75094aace9106e2219a5";"";"624d75094aace9106e2219a5";"DTU Department of Health Technology";"sorbit";"sorbit";"Simulating perceptual tasks with deep neural networks to improve diagnostics of hearing impairment|Simulering af perceptuelle opgaver med dybe neurale netværk til forbedring af diagnosticering af høretab"
"";"dtu|dtupub|third_party";"";"2022-08-31T06:34:04.834Z";"Karpowicz, Natalia Agnieszka";"";"2713409871";"";"dtu";"2022";"";"";"";"";"thesis";"dtu|dtu_electronic|dtupub|dtupub_electronic";"";"";"";"";"";"";"";"";"";"";"";"";"";"";"";"";"und";"630ea6cd5e66de25118b5399";"";"630ea6cd5e66de25118b5399";"DTU Department of Electrical Engineering";"sorbit";"sorbit";"Deep Reinforcement Learning for Autonomous Drone Control|Deep Reinforcement Learning for Autonomous Drone Control"
"";"dtu|dtupub|third_party";"";"2022-11-25T01:09:19.925Z";"Palder, Ole Jonas";"";"2716935017";"";"dtu";"2022";"";"";"";"";"thesis";"dtu|dtu_electronic|dtupub|dtupub_electronic";"";"";"";"";"";"";"";"";"";"";"";"";"";"";"";"";"und";"638015bd000a4b7662e20acc";"";"638015bd000a4b7662e20acc";"DTU National Institute of Aquatic Resources";"sorbit";"sorbit";"Development and gear trial of a bycatch reduction device aiming to exclusively reduce catches of cod (Gadus morhua) in a mixed species demersal trawl fishery|Udvikling og redskabsforsøg af en anordning, der udelukkende har til formal at reducere fangster af torsk (Gadus morhua) i et bundtrawlfiskeri af blandede arter"
"";"dtu|dtupub|third_party";"";"2022-09-01T00:09:39.971Z";"Konakanchi, Sivakumari";"";"2713425358";"";"dtu";"2022";"";"";"";"";"thesis";"dtu|dtu_electronic|dtupub|dtupub_electronic";"";"";"";"";"";"";"";"";"";"";"";"";"";"";"";"";"und";"630ff84316d37b3145bef914";"";"630ff84316d37b3145bef914";"DTU Department of Applied Mathematics and Computer Science";"sorbit";"sorbit";"Product development and User experience of a personalized online diabetes guide|Produktudvikling og brugeroplevelse af en personlig online diabetes guide"
"";"dtu|dtupub|third_party";"";"2022-07-31T00:10:31.341Z";"Tuxen, Rasmus";"";"2712909652";"";"dtu";"2022";"";"";"";"";"thesis";"dtu|dtu_electronic|dtupub_external";"";"";"";"";"";"";"";"";"";"";"";"";"";"";"";"";"und";"62e5c8777279bca44695ba46";"";"62e5c8777279bca44695ba46";"DTU Department of Applied Mathematics and Computer Science";"sorbit";"sorbit";"How complex is a golf swing - learning a manifold of golf motions|Hvor kompleks er et golfsving - lære en manifold af golfbevægelse"
"";"dtu|dtupub|third_party";"";"2022-07-31T00:10:30.923Z";"Tsalkitzidis, Kiriakos|Frantzvaag, Vetle Ottem";"";"2712909629";"";"dtu";"2022";"";"";"";"";"thesis";"dtu|dtu_electronic|dtupub_external";"";"";"";"";"";"";"";"";"";"";"";"";"";"";"";"";"und";"62e5c876085108a4467c7186";"";"62e5c876085108a4467c7186";"DTU Department of Technology, Management and Economics";"sorbit";"sorbit";"Exploration of the impact of social media of retail demand using a combinatorial approach of business investigation and data science|Udforskning af virkningen af sociale medier af detailhandel efterspørgsel ved hjælp af en kombinatorisk tilgang til forretningsundersøgelser og datavidenskab"
"";"dtu|dtupub|third_party";"";"2022-08-16T00:09:59.545Z";"Tsiamis, Theodoros";"";"2713170587";"";"dtu";"2022";"";"";"";"";"thesis";"dtu|dtu_electronic|dtupub|dtupub_electronic";"";"";"";"";"";"";"";"";"";"";"";"";"";"";"";"";"und";"62fae057414710cdfafe5f36";"";"62fae057414710cdfafe5f36";"DTU Department of Biotechnology and Biomedicine";"sorbit";"sorbit";"Investigating the impact of O-antigen cell surface structures on clinically relevant phenotypes of Pseudomonas aeruginosa|Undersøgelse af virkningen af O-antigen celleoverfladestrukturer pa klinisk relevante fænotyper af Pseudomonas aeruginosa"
"";"dtu|dtupub|third_party";"";"2022-10-08T00:09:33.814Z";"Morbelli-Zinck, Marc|Boertmann, Nicolai Stig";"";"2714279105";"";"dtu";"2022";"";"";"";"";"thesis";"dtu|dtu_electronic|dtupub|dtupub_electronic";"";"";"";"";"";"";"";"";"";"";"";"";"";"";"";"";"und";"6340bfbd77998833f9770678";"";"6340bfbd77998833f9770678";"DTU Department of Civil and Mechanical Engineering";"sorbit";"sorbit";"Development of a bi-axial test rig to investigate face/core disbond damages in sandwich structures exposed to cyclic loading|Udvikling af en biaksial teststand til undersøgelse af vedhæftningsskader mellem skind og kerne under cyklisk belastning af sandwich konstruktioner"
"";"dtu|dtupub|third_party";"";"2022-07-25T00:10:26.996Z";"Liu, Xianhao";"";"2712810184";"";"dtu";"2022";"";"";"";"";"thesis";"dtu|dtu_electronic|dtupub|dtupub_electronic";"";"";"";"";"";"";"";"";"";"";"";"";"";"";"";"";"und";"62dddf725a3cc054e4bdd854";"";"62dddf725a3cc054e4bdd854";"DTU Department of Applied Mathematics and Computer Science";"sorbit";"sorbit";"CPAB flows|CPAB flows"
"";"dtu|dtupub|third_party";"";"2022-07-31T00:09:45.119Z";"Rask, Kristian Rasmussen|Christiansen, Tais Peter";"";"2712907362";"";"dtu";"2022";"";"";"";"";"thesis";"dtu|dtu_electronic|dtupub_external";"";"";"";"";"";"";"";"";"";"";"";"";"";"";"";"";"und";"62e5c849eb84f0a4469d5918";"";"62e5c849eb84f0a4469d5918";"DTU Department of Chemical and Biochemical Engineering";"sorbit";"sorbit";"Optimization of chromatographic polishing step of Vancomycin|Optimering af kromatografisk poleringstrin af Vancomycin"
"";"dtu|dtupub|third_party";"";"2022-09-10T00:09:27.968Z";"Zefkilis, Georgios-Konstantinos";"";"2713583129";"";"dtu";"2022";"";"";"";"";"thesis";"dtu|dtu_electronic|dtupub|dtupub_electronic";"";"";"";"";"";"";"";"";"";"";"";"";"";"";"";"";"und";"631bd5b744e1b7314562a07d";"";"631bd5b744e1b7314562a07d";"DTU Department of Applied Mathematics and Computer Science";"sorbit";"sorbit";"Bayesian Deep Learning for learned data augmentation|Bayesiansk dyb læring til data augmentation"
"";"dtu|dtupub|third_party";"";"2023-01-07T01:09:07.997Z";"Tacheva, Mariya Smilenova";"";"2717803569";"";"dtu";"2022";"";"";"";"";"thesis";"dtu|dtu_electronic|dtupub|dtupub_electronic";"";"";"";"";"";"";"";"";"";"";"";"";"";"";"";"";"und";"63b8c6337832e11a7479c094";"";"63b8c6337832e11a7479c094";"DTU Department of Applied Mathematics and Computer Science";"sorbit";"sorbit";"Remote Attestation in Energy Harvesting IoT Devices|Remote Attestation i Energi Høstende IoT Enheder"
"";"dtu|dtupub|third_party";"";"2022-07-31T00:09:45.918Z";"Jørgensen, Lucas Rebien";"";"2712907369";"";"dtu";"2022";"";"";"";"";"thesis";"dtu|dtu_electronic|dtupub|dtupub_electronic";"";"";"";"";"";"";"";"";"";"";"";"";"";"";"";"";"und";"62e5c84932d573a44628047a";"";"62e5c84932d573a44628047a";"DTU Department of Health Technology";"sorbit";"sorbit";"New analytical method for direct determination of metabolic control across kingdoms|Ny analysemetode til direkte bestemmelse af metabolisk kontrol pa tværs af livets træ"
"";"dtu|dtupub|third_party";"";"2022-01-06T23:56:38.535Z";"Steuch, Mathias Emil";"";"2683895742";"";"dtu";"2021";"";"";"";"";"thesis";"dtu|dtu_electronic|dtupub|dtupub_electronic";"";"";"";"";"";"";"";"";"";"";"";"";"";"";"";"";"und";"605f20b9d9001d0166530501";"";"605f20b9d9001d0166530501";"DTU Department of Civil Engineering";"sorbit";"sorbit";"The material passports roll in a construction industry with a circular economy|Materialepassets rolle i byggebranche med fokus pa cirkulær økonomi"
"";"dtu|dtupub|third_party";"";"2022-01-06T23:56:37.307Z";"Tórgarð, Dánjal";"";"2626728643";"";"dtu";"2021";"";"";"";"";"thesis";"dtu|dtu_electronic|dtupub|dtupub_electronic";"";"";"";"";"";"";"";"";"";"";"";"";"";"";"";"";"und";"6036425ad9001d01656e1c19";"";"6036425ad9001d01656e1c19";"DTU Department of Civil and Mechanical Engineering";"sorbit";"sorbit";"Optimization of transient operation of combined heating and cooling unit|Optimering af transient drift af kombineret varme-køleenhed"
"";"dtu|dtupub|third_party";"";"2022-02-23T12:10:26.207Z";"Frydenberg, Kimmie Lisborg";"";"2707790701";"";"dtu";"2022";"";"";"";"";"thesis";"dtu|dtu_electronic|dtupub|dtupub_electronic";"";"";"";"";"";"";"";"";"";"";"";"";"";"";"";"";"und";"621624319e0e92235ebff34f";"";"621624319e0e92235ebff34f";"DTU Department of Health Technology";"sorbit";"sorbit";"Modelling the biomechanics of the left atrium|Modellering af biomekanikken i venstre forkammer"
"";"dtu|dtupub|third_party";"";"2022-09-02T00:09:27.918Z";"Pétursdóttir, Stefanía Ósk|Pétursdóttir, Heiðdís Ósk";"";"2713436683";"";"dtu";"2022";"";"";"";"";"thesis";"dtu|dtu_electronic|dtupub_external";"";"";"";"";"";"";"";"";"";"";"";"";"";"";"";"";"und";"631149b78782dc31451faf19";"";"631149b78782dc31451faf19";"DTU Department of Technology, Management and Economics";"sorbit";"sorbit";"Airline revenue management: Jointly optimizing fare prices when considering customer choice behaviour|Revenue Management for et flyselskab: Integreret optimering af billetpriserne inkluderende kundevalgsadfærd"
"";"dtu|dtupub|third_party";"";"2022-01-03T13:13:25.952Z";"Nørgaard, Tor Noema";"";"2689830993";"";"dtu";"2021";"";"";"";"";"thesis";"dtu|dtu_electronic|dtupub|dtupub_electronic";"";"";"";"";"";"";"";"";"";"";"";"";"";"";"";"";"und";"60c5e795d9001d01664402f1";"";"60c5e795d9001d01664402f1";"DTU Department of Health Technology";"sorbit";"sorbit";"Analyzing plasmids and their host relations in hyper arid environments using long read sequencing|Undersøgelse af plasmider og deres værter i tørre ørkener ved brug af DNA sekventering."
"";"dtu|dtupub|third_party";"";"2022-01-06T23:56:37.251Z";"Caglio, Luigi";"";"2612118162";"";"dtu";"2021";"";"";"";"";"thesis";"dtu|dtu_electronic|dtupub|dtupub_electronic";"";"";"";"";"";"";"";"";"";"";"";"";"";"";"";"";"und";"601d362cd9001d03e5621f81";"";"601d362cd9001d03e5621f81";"DTU Department of Civil Engineering";"sorbit";"sorbit";"Nonlinear Response and Damage Detection of structures subjected to time-varying loads|Ikke-lineære svingninger og skadesdetektering af konstruktioner pavirket af tidsvarierende laster"
"";"dtu|dtupub|third_party";"";"2022-01-03T13:05:57.449Z";"Hartmann, Rasmus";"";"2646318767";"";"dtu";"2021";"";"";"";"";"thesis";"dtu|dtu_electronic|dtupub|dtupub_electronic";"";"";"";"";"";"";"";"";"";"";"";"";"";"";"";"";"und";"60437140d9001d016e35816f";"";"60437140d9001d016e35816f";"DTU Department of Biotechnology and Biomedicine";"sorbit";"sorbit";"Developing and testing a high-throughput CRISPR system in Aspergillus niger for strain development|Udvikling og testning af et high throughput CRISPR-system til udvikling af stammer i Aspergillus niger"
"";"dtu|dtupub|third_party";"";"2022-09-06T00:09:38.294Z";"Petroc, Marian";"";"2713511527";"";"dtu";"2022";"";"";"";"";"thesis";"dtu|dtu_electronic|dtupub|dtupub_electronic";"";"";"";"";"";"";"";"";"";"";"";"";"";"";"";"";"und";"63168fc163baa53145b8dc9c";"";"63168fc163baa53145b8dc9c";"DTU Department of Wind and Energy Systems";"sorbit";"sorbit";"Measurement of ice accretion on a modular vertical axis wind turbine|Opmaling af isdannelse pa vertikale modulære vindmøllevinger"
"";"dtu|dtupub|third_party";"";"2022-01-03T13:16:38.928Z";"Sotiris, Periklis Marios";"";"2698674228";"";"dtu";"2021";"";"";"";"";"thesis";"dtu|dtu_electronic|dtupub_external";"";"";"";"";"";"";"";"";"";"";"";"";"";"";"";"";"und";"61583e24d9001d016b645342";"";"61583e24d9001d016b645342";"DTU Department of Biotechnology and Biomedicine";"sorbit";"sorbit";"Production of bacteriocins in lactic acid bacteria: Gene mechanisms, genome mining, peptide production|Produktion af bacteriocins i mælkesyrebakterier: Genmekanismer, genomundersøgelse, peptidproduktion"
"";"dtu|dtupub|third_party";"";"2022-01-03T13:13:32.872Z";"Cobacho, Alicia Alarcon";"";"2693468700";"";"dtu";"2021";"";"";"";"";"thesis";"dtu|dtu_electronic|dtupub|dtupub_electronic";"";"";"";"";"";"";"";"";"";"";"";"";"";"";"";"";"und";"61389a1bd9001d01625ca130";"";"61389a1bd9001d01625ca130";"DTU Department of Electrical Engineering";"sorbit";"sorbit";"Market Clearing Mechanisms for Flexibility Markets in Distribution Grids|Market Clearing Mechanisms for Flexibility Markets in Distribution Grids"
"";"dtu|dtupub|third_party";"";"2022-08-16T00:10:01.808Z";"Qvistgaard, Daniel";"";"2713170596";"";"dtu";"2022";"";"";"";"";"thesis";"dtu|dtu_electronic|dtupub|dtupub_electronic";"";"";"";"";"";"";"";"";"";"";"";"";"";"";"";"";"und";"62fae0594cfa02cdfafc691e";"";"62fae0594cfa02cdfafc691e";"DTU Department of Chemical and Biochemical Engineering";"sorbit";"sorbit";"Thermodynamic and physical properties as basis for digitalization of glycol processes|Termodynamiske egenskaber for digitalisering af glycol processer i offshore gas indvinding"
"";"dtu|dtupub|third_party";"";"2022-08-19T00:09:42.729Z";"Bunni, Fadi Saad";"";"2713228493";"";"dtu";"2022";"";"";"";"";"thesis";"dtu|dtu_electronic|dtupub|dtupub_electronic";"";"";"";"";"";"";"";"";"";"";"";"";"";"";"";"";"und";"62fed4c61043b01325d50bb0";"";"62fed4c61043b01325d50bb0";"DTU Department of Electrical and Photonics Engineering";"sorbit";"sorbit";"Prototyping a self-sustainable, low-power, low-cost, wireless, compact, modular and open-source LoRaWAN Gateway|Prototyping a self-sustainable, low-power, low-cost, wireless, compact, modular and open-source LoRaWAN Gateway"
"";"dtu|dtupub|third_party";"";"2022-03-02T12:10:09.890Z";"Zhukouskaya, Katiarina";"";"2708058028";"";"dtu";"2022";"";"";"";"";"thesis";"dtu|dtu_electronic|dtupub|dtupub_electronic";"";"";"";"";"";"";"";"";"";"";"";"";"";"";"";"";"und";"621f5e9f08d16654d8198481";"";"621f5e9f08d16654d8198481";"DTU Department of Applied Mathematics and Computer Science";"sorbit";"sorbit";"Improvement of user experience regarding measurement of blood sugar level for type-2 diabetes, through co-creation and participatory design|Forbedring af brugeroplevelsen vedrørende maling af blodsukkerniveau for type-2 diabetes, gennem co-creation og brugerinvolverende design."
"";"dtu|dtupub|third_party";"";"2022-03-16T12:09:58.709Z";"Due, Ida";"";"2708496475";"";"dtu";"2022";"";"";"";"";"thesis";"dtu|dtu_electronic|dtupub|dtupub_electronic";"";"";"";"";"";"";"";"";"";"";"";"";"";"";"";"";"und";"6231d3964d6c76b3b5b9ae3f";"";"6231d3964d6c76b3b5b9ae3f";"DTU Department of Environmental and Resource Engineering";"sorbit";"sorbit";"Effective plastic regulation in EU|Effektiv plastikregulering i EU"
"";"dtu|dtupub|third_party";"";"2022-03-05T12:10:00.873Z";"Christoffersen, Linda";"";"2708259067";"";"dtu";"2022";"";"";"";"";"thesis";"dtu|dtu_electronic|dtupub|dtupub_electronic";"";"";"";"";"";"";"";"";"";"";"";"";"";"";"";"";"und";"622353186bf66654d85d04c5";"";"622353186bf66654d85d04c5";"DTU Department of Space Research and Space Technology";"sorbit";"sorbit";"Modeling of surface height and river discharge using satellite altimetry and flow laws|Modellering af flod overfladehøjder og discharge ved brug af satellit altimetri og flyde love"
"";"dtu|dtupub|third_party";"";"2022-03-05T12:09:53.294Z";"Hansen, Julie Holmbo|Bergenholtz, Nicoline";"";"2708259039";"";"dtu";"2022";"";"";"";"";"thesis";"dtu|dtu_electronic|dtupub_external";"";"";"";"";"";"";"";"";"";"";"";"";"";"";"";"";"und";"6223531094b85954d88e06a6";"";"6223531094b85954d88e06a6";"DTU DTU National Food Institute";"sorbit";"sorbit";"Optimization of extraction of carotenes from carrots for food colouring|Optimering af ekstraktion af carotener fra gulerødder til fødevarer"
"";"dtu|dtupub|third_party";"";"2022-01-03T13:13:46.293Z";"Labrosse, Mark";"";"2692725925";"";"dtu";"2021";"";"";"";"";"thesis";"dtu|dtu_electronic|dtupub|dtupub_electronic";"";"";"";"";"";"";"";"";"";"";"";"";"";"";"";"";"und";"611a4795d9001d016230a8e9";"";"611a4795d9001d016230a8e9";"DTU Department of Civil Engineering";"sorbit";"sorbit";"Parametric assessment of external solar shading|Parametrisk simulering af udvendig solafskærming"
"";"dtu|dtupub|third_party";"";"2022-07-09T00:09:40.580Z";"Gadkjær, Katja Elgaard";"";"2712595636";"";"dtu";"2022";"";"";"";"";"thesis";"dtu|dtu_electronic|dtupub|dtupub_electronic";"";"";"";"";"";"";"";"";"";"";"";"";"";"";"";"";"und";"62c8c7447d1abb2617741c03";"";"62c8c7447d1abb2617741c03";"DTU Department of Health Technology";"sorbit";"sorbit";"MENTALAB Mobile MI-EEG based BCI System for Neurorehabilitation of Stroke Patients: A Feasibility Study|MENTALABs EEG i et Mobilt MI-baseret BCI system til neurorehabilitering af apopleksipationter: En forundersøgelse"
"";"dtu|dtupub|third_party";"";"2022-09-25T00:09:29.410Z";"Ciumedean, Claudiu-Bogdan";"";"2714043689";"";"dtu";"2022";"";"";"";"";"thesis";"dtu|dtu_electronic|dtupub|dtupub_electronic";"";"";"";"";"";"";"";"";"";"";"";"";"";"";"";"";"und";"632f9c3868f4f155fa785dc1";"";"632f9c3868f4f155fa785dc1";"DTU Department of Applied Mathematics and Computer Science";"sorbit";"sorbit";"MaGiC: A DSL Framework for Implementing Language Agnostic Microservice based Web Applications|MaGiC: En DSL Framework til Implementering Sprogagnostiske Mikroservice-Baserede Webapplikationer"
"";"dtu|dtupub|third_party";"";"2022-08-03T00:09:39.088Z";"Karafylias, Dimosthenis";"";"2712960734";"";"dtu";"2022";"";"";"";"";"thesis";"dtu|dtu_electronic|dtupub|dtupub_electronic";"";"";"";"";"";"";"";"";"";"";"";"";"";"";"";"";"und";"62e9bcc32d9d10a44639f7a3";"";"62e9bcc32d9d10a44639f7a3";"DTU Department of Technology, Management and Economics";"sorbit";"sorbit";"Long Term Algorithmic Trading Strategies with CFDs|Langsigtede algoritmiske handelsstrategier med CFD'er"
"";"dtu|dtupub|third_party";"";"2022-11-01T01:09:22.179Z";"Thøgersen, Asger Tandrup";"";"2716438038";"";"dtu";"2022";"";"";"";"";"thesis";"dtu|dtu_electronic|dtupub_external";"";"";"";"";"";"";"";"";"";"";"";"";"";"";"";"";"und";"636071c022e7822a4bd954f7";"";"636071c022e7822a4bd954f7";"DTU Department of Physics";"sorbit";"sorbit";"Synthesis of in-situ promoted catalysts for ammonia production|Syntese af in-situ promoverede katalysatorer til ammoniak produktion"
"";"dtu|dtupub|third_party";"";"2022-08-01T00:09:27.671Z";"Lyng, Andreas Bruzelius";"";"2712912454";"";"dtu";"2022";"";"";"";"";"thesis";"dtu|dtu_electronic|dtupub_external";"";"";"";"";"";"";"";"";"";"";"";"";"";"";"";"";"und";"62e719b7c18271a446e27235";"";"62e719b7c18271a446e27235";"DTU Department of Civil Engineering";"sorbit";"sorbit";"Damage Detection of structures subjected to dynamic loads|Detektering af skade pa konstruktioner udsat for dynamiske belastninger"
"";"dtu|dtupub|third_party";"";"2022-07-25T00:09:31.217Z";"Indacochea, Jorge Gary Coque";"";"2712810113";"";"dtu";"2022";"";"";"";"";"thesis";"dtu|dtu_electronic|dtupub_external";"";"";"";"";"";"";"";"";"";"";"";"";"";"";"";"";"und";"62dddf3be7750c54e484406d";"";"62dddf3be7750c54e484406d";"DTU DTU National Food Institute";"sorbit";"sorbit";"Recovery of nutrients from cod processing waters|Udvinding af næringsstoffer fra procesvand fra torskeproduktion"
"";"dtu|dtupub|third_party";"";"2022-01-03T13:05:29.448Z";"Møller, Clara Brink|Cloos, Caroline";"";"2691321154";"";"dtu";"2021";"";"";"";"";"thesis";"dtu|dtu_electronic|dtupub|dtupub_electronic";"";"";"";"";"";"";"";"";"";"";"";"";"";"";"";"";"und";"60e58ba3d9001d01667246ec";"";"60e58ba3d9001d01667246ec";"DTU Department of Civil and Mechanical Engineering";"sorbit";"sorbit";"Development of a startup guideline for creating sustainable product-service systems within the field of consumer goods|Udvikling af en startup guideline til bæredygtige produkt-service systemer inden for forbrugsvarer."
"";"dtu|dtupub|third_party";"";"2022-01-06T10:12:44.418Z";"Fan, He";"";"2702521820";"";"dtu";"2021";"";"";"";"";"thesis";"dtu|dtu_electronic|dtupub|dtupub_electronic";"";"";"";"";"";"";"";"";"";"";"";"";"";"";"";"";"und";"61a7662e56cda25142a98ec2";"";"61a7662e56cda25142a98ec2";"DTU Department of Civil Engineering";"sorbit";"sorbit";"Methodology and calculation of carbon footprints in tunnelling projects for the utility sector|Metodik og beregning af carbon footprints i tunnelprojekter til den danske forsyningssektor"
"";"dtu|dtupub|third_party";"";"2022-01-03T13:06:04.005Z";"Pena, Manuel Caballero";"";"2698898188";"";"dtu";"2021";"";"";"";"";"thesis";"dtu|dtu_electronic|dtupub|dtupub_electronic";"";"";"";"";"";"";"";"";"";"";"";"";"";"";"";"";"und";"61641ba2d9001d7eda0deec1";"";"61641ba2d9001d7eda0deec1";"DTU Department of Civil Engineering";"sorbit";"sorbit";"Mechanistic analysis of load transfer and concrete fatigue in slab track constructions for light rail applications|Mekanisk analyse af lastoverførsel og betontræthed i pladekonstruktioner til lette jernbaneanvendelser"
"";"dtu|dtupub|third_party";"";"2022-01-03T13:06:03.554Z";"Indrehus, Sigurd";"";"2693055935";"";"dtu";"2021";"";"";"";"";"thesis";"dtu|dtu_electronic|dtupub|dtupub_electronic";"";"";"";"";"";"";"";"";"";"";"";"";"";"";"";"";"und";"6128c816d9001d0172372001";"";"6128c816d9001d0172372001";"DTU Department of Civil and Mechanical Engineering";"sorbit";"sorbit";"Techno-economic analysis of the partial evaporation organic Rankine cycle for geothermal applications|Tekno-økonomisk analyse af den delvise fordampning organiske Rankine-cyklus til geotermiske anvendelser"
"";"dtu|dtupub|third_party";"";"2022-01-03T13:13:32.424Z";"Nykvist, Nicolai";"";"2693186873";"";"dtu";"2021";"";"";"";"";"thesis";"dtu|dtu_electronic|dtupub|dtupub_electronic";"";"";"";"";"";"";"";"";"";"";"";"";"";"";"";"";"und";"612cbcb0d9001d0172372010";"";"612cbcb0d9001d0172372010";"DTU Department of Electrical Engineering";"sorbit";"sorbit";"Object recognition at sea using mm-band radar|Objekt genkendelse til søs med mm-band radar"
"";"dtu|dtupub|third_party";"";"2022-02-02T12:10:32.527Z";"Voss, Martin";"";"2706416036";"";"dtu";"2022";"";"";"";"";"thesis";"dtu|dtu_electronic|dtupub|dtupub_electronic";"";"";"";"";"";"";"";"";"";"";"";"";"";"";"";"";"und";"61fa74b7a7fc3a17cd964dc1";"";"61fa74b7a7fc3a17cd964dc1";"DTU Department of Electrical and Photonics Engineering";"sorbit";"sorbit";"Antimicrobial dental implant by nanostructured surfaces|Antimikrobielt tandimplantat af nanostrukturerede overflader"
"";"dtu|dtupub|third_party";"";"2022-01-03T13:16:36.757Z";"Shapel, Sarah Groot";"";"2646318395";"";"dtu";"2021";"";"";"";"";"thesis";"dtu|dtu_electronic|dtupub_external";"";"";"";"";"";"";"";"";"";"";"";"";"";"";"";"";"und";"60437137d9001d016e35814e";"";"60437137d9001d016e35814e";"DTU Department of Physics";"sorbit";"sorbit";"Characterization of catalyst-support structural effects and interactions for desulfurization processes|Karaktisering af katalysator-support struktureffekter og interaktioner til afsvovlingsprocesser"
"";"dtu|dtupub|third_party";"";"2022-09-14T00:09:29.294Z";"Fjelsted, Mark Arpon";"";"2713712100";"";"dtu";"2022";"";"";"";"";"thesis";"dtu|dtu_electronic|dtupub_external";"";"";"";"";"";"";"";"";"";"";"";"";"";"";"";"";"und";"63211bb895b0fc4540eba09d";"";"63211bb895b0fc4540eba09d";"DTU Department of Civil and Mechanical Engineering";"sorbit";"sorbit";"Complexity analysis at DLG|Analyse af kompleksitet hos DLG"
"";"dtu|dtupub|third_party";"";"2022-01-03T13:16:38.297Z";"Olsen, Asger Hegelund";"";"2691928256";"";"dtu";"2021";"";"";"";"";"thesis";"dtu|dtu_electronic|dtupub_external";"";"";"";"";"";"";"";"";"";"";"";"";"";"";"";"";"und";"60fe9822d9001d01622e8ddf";"";"60fe9822d9001d01622e8ddf";"DTU Department of Chemistry";"sorbit";"sorbit";"Identification and validation of inhibitors of cholesterol transport proteins|Identifikation og validering af hæmmere af kolesteroltransportproteiner"
"";"dtu|dtupub|third_party";"";"2022-07-24T00:10:13.447Z";"Darulewski, Pawel Maciej";"";"2712806104";"";"dtu";"2022";"";"";"";"";"thesis";"dtu|dtu_electronic|dtupub|dtupub_electronic";"";"";"";"";"";"";"";"";"";"";"";"";"";"";"";"";"und";"62dc8de5720fd854e41b04e7";"";"62dc8de5720fd854e41b04e7";"DTU Department of Applied Mathematics and Computer Science";"sorbit";"sorbit";"Continual learning for NLP ranking models|Kontinuerlig læring for naturlig sprog processering"
"";"dtu|dtupub|third_party";"";"2022-08-31T06:34:03.999Z";"Mazzini, Gonzalo Eduardo";"";"2713409435";"";"dtu";"2022";"";"";"";"";"thesis";"dtu|dtu_electronic|dtupub_external";"";"";"";"";"";"";"";"";"";"";"";"";"";"";"";"";"und";"630ea6c24d2d752511a68896";"";"630ea6c24d2d752511a68896";"DTU Department of Wind and Energy Systems";"sorbit";"sorbit";"Transferability of virtual turbine-based load surrogate models to industrial siting applications|Transferlæring for overførsel af virtuelle vindmølle-baserede surrogat-modeller til vindmølleplatforme for industrielle anvendelser"
"";"dtu|dtupub|third_party";"";"2022-03-31T11:10:00.817Z";"Tønder, Thomas Byskov";"";"2708961010";"";"dtu";"2022";"";"";"";"";"thesis";"dtu|dtu_electronic|dtupub|dtupub_electronic";"";"";"";"";"";"";"";"";"";"";"";"";"";"";"";"";"und";"62458c084043f0f30badaf43";"";"62458c084043f0f30badaf43";"DTU Department of Applied Mathematics and Computer Science";"sorbit";"sorbit";"3D environment aspects of Computer Vision|3D-omgivelsersaspekter indenfor Computer Vision"
"";"dtu|dtupub|third_party";"";"2022-01-03T13:16:59.451Z";"Rojas, Nestor Juan de Dios Gomez";"";"2691159554";"";"dtu";"2021";"";"";"";"";"thesis";"dtu|dtu_electronic|dtupub|dtupub_electronic";"";"";"";"";"";"";"";"";"";"";"";"";"";"";"";"";"und";"60e19724d9001d01667246a5";"";"60e19724d9001d01667246a5";"DTU Department of Civil and Mechanical Engineering";"sorbit";"sorbit";"Design criteria on Seakeeping and stability performance of fishing vessels on seas|Designkriterier for fiskeskibes sødygtighed og intaktstabilitet"
"";"dtu|dtupub|third_party";"";"2022-08-01T00:09:51.378Z";"Sinding, Paul Christian Dahl";"";"2712912844";"";"dtu";"2022";"";"";"";"";"thesis";"dtu|dtu_electronic|dtupub|dtupub_electronic";"";"";"";"";"";"";"";"";"";"";"";"";"";"";"";"";"und";"62e719cf84d4cfa4465c9635";"";"62e719cf84d4cfa4465c9635";"DTU Department of Physics";"sorbit";"sorbit";"Calculation of phase diagrams of intercalated two-dimensional materials|Beregning af fase diagrammer for interkalerede to-dimensionale materialer"
"";"dtu|dtupub|third_party";"";"2022-01-03T13:16:38.347Z";"Nielsen, Morten Bjørn";"";"2693379727";"";"dtu";"2021";"";"";"";"";"thesis";"dtu|dtu_electronic|dtupub_external";"";"";"";"";"";"";"";"";"";"";"";"";"";"";"";"";"und";"6135f7bcd9001d0170658634";"";"6135f7bcd9001d0170658634";"DTU Department of Chemical and Biochemical Engineering";"sorbit";"sorbit";"Downscaling enzyme production|Downscaling af enzymproduktion"
"";"dtu|dtupub|third_party";"";"2022-01-03T13:16:59.445Z";"Segonne, Pierre Nicolas Pascal";"";"2664969410";"";"dtu";"2021";"";"";"";"";"thesis";"dtu|dtu_electronic|dtupub|dtupub_electronic";"";"";"";"";"";"";"";"";"";"";"";"";"";"";"";"";"und";"604a08bbd9001d016e3581cf";"";"604a08bbd9001d016e3581cf";"DTU Department of Applied Mathematics and Computer Science";"sorbit";"sorbit";"Scalable geometric generative models|Skalarbare geometriske generative modeller"
"";"dtu|dtupub|third_party";"";"2022-01-06T23:54:35.967Z";"Rasse, Valentine Evelyne Colette";"";"2691488484";"";"dtu";"2021";"";"";"";"";"thesis";"dtu|dtu_electronic|dtupub|dtupub_electronic";"";"";"";"";"";"";"";"";"";"";"";"";"";"";"";"";"und";"60ead18cd9001d0162248929";"";"60ead18cd9001d0162248929";"DTU Department of Technology, Management and Economics";"sorbit";"sorbit";"Indicators for gauging the state of biodiversity in cities|Indikatorer til at male biodiversitetens tilstand i byer"
"";"dtu|dtupub|third_party";"";"2022-01-03T13:13:46.335Z";"Kluz, Stephanie Nichole";"";"2692726041";"";"dtu";"2021";"";"";"";"";"thesis";"dtu|dtu_electronic|dtupub|dtupub_electronic";"";"";"";"";"";"";"";"";"";"";"";"";"";"";"";"";"und";"611a47a1d9001d016230a8eb";"";"611a47a1d9001d016230a8eb";"DTU Department of Environmental and Resource Engineering";"sorbit";"sorbit";"Flood Risk Modeling and Analysis in Suburban Freetown, Sierra Leone|Modellering og analyse af oversvømmelsesrisiko i Freetown, Sierra Leone"
"";"dtu|dtupub|third_party";"";"2022-12-31T01:09:17.297Z";"Li, Chongyang";"";"2717537679";"";"dtu";"2022";"";"";"";"";"thesis";"dtu|dtu_electronic|dtupub|dtupub_electronic";"";"";"";"";"";"";"";"";"";"";"";"";"";"";"";"";"und";"63af8bbc7c7fbc26d3d151a9";"";"63af8bbc7c7fbc26d3d151a9";"DTU Department of Health Technology";"sorbit";"sorbit";"Prediction of complexes between pro-survival proteins and their BH3-containing proteins|Forudsigelse af komplekser mellem pro-overlevelse proteiner og deres BH3-indeholdene proteine"
"";"dtu|dtupub|third_party";"";"2022-01-06T23:55:22.146Z";"Heller, Sarah Theresa";"";"2698465168";"";"dtu";"2021";"";"";"";"";"thesis";"dtu|dtu_electronic|dtupub|dtupub_electronic";"";"";"";"";"";"";"";"";"";"";"";"";"";"";"";"";"und";"6151a6aad9001d0162122c2b";"";"6151a6aad9001d0162122c2b";"DTU Department of Civil Engineering";"sorbit";"sorbit";"A numerical simulation of permafrost thermal regime under a heat pump chilled foundation in Longyearbyen, Svalbard|A numerical simulation of permafrost thermal regime under a heat pump chilled foundation in Longyearbyen, Svalbard"
"";"dtu|dtupub|third_party";"";"2022-03-04T12:10:01.055Z";"Martinez, Maria Valentina Giraldo";"";"2708239180";"";"dtu";"2022";"";"";"";"";"thesis";"dtu|dtu_electronic|dtupub_external";"";"";"";"";"";"";"";"";"";"";"";"";"";"";"";"";"und";"62220199ef597a54d89d3393";"";"62220199ef597a54d89d3393";"DTU Department of Technology, Management and Economics";"sorbit";"sorbit";"Understanding the effect of methodological choices in the EU Product Environmental Footprint (PEF) Methodology: how do these affect the results of assessments of complex consumer goods products|Forstaelse af effekten af metodiske valg i EU Product Environmental Footprint (PEF) Metodologi: hvordan pavirker disse resultaterne af vurderinger af komplekse forbrugsvareprodukter"
"";"dtu|dtupub|third_party";"";"2022-03-02T12:09:59.822Z";"Lilliendahl, Kristín Björk";"";"2708057943";"";"dtu";"2022";"";"";"";"";"thesis";"dtu|dtu_electronic|dtupub_external";"";"";"";"";"";"";"";"";"";"";"";"";"";"";"";"";"und";"621f5e9750e20354d82a558c";"";"621f5e9750e20354d82a558c";"DTU Department of Technology, Management and Economics";"sorbit";"sorbit";"Real-estate Automatic Valuation Model – Focus on uncertainty and fairness|Real-estate Automatic Valuation Model – Focus on uncertainty and fairness"
"";"dtu|dtupub|third_party";"";"2025-10-16T00:34:29.763Z";"Yin, Sophie";"";"2874581696";"";"dtu";"2022";"";"";"";"";"thesis";"dtu|dtu_electronic|dtupub|dtupub_electronic";"";"";"";"";"";"";"";"";"";"";"";"";"";"";"";"";"und";"68f03804207beb15e1260f4f";"";"68f03804207beb15e1260f4f";"DTU Department of Wind and Energy Systems";"sorbit";"sorbit";"Wind siting in Western Australia for hydrogen production|Placering af vindkraftværker i Vest Australien til brintproduktion"
"";"dtu|dtupub|third_party";"";"2022-09-18T00:09:28.980Z";"Vollertzen, Joakim Jakob";"";"2713855597";"";"dtu";"2022";"";"";"";"";"thesis";"dtu|dtu_electronic|dtupub_external";"";"";"";"";"";"";"";"";"";"";"";"";"";"";"";"";"und";"632661b818136f55fa552c88";"";"632661b818136f55fa552c88";"DTU Department of Wind and Energy Systems";"sorbit";"sorbit";"Onshore AC protection system for HVDC connected wind power plant|Beskyttelsessystem for AC elnet med HVDC tilsluttet vindmøllepark"
"";"dtu|dtupub|third_party";"";"2022-01-03T13:05:30.693Z";"Bartók, Zoltán";"";"2692692555";"";"dtu";"2021";"";"";"";"";"thesis";"dtu|dtu_electronic|dtupub_external";"";"";"";"";"";"";"";"";"";"";"";"";"";"";"";"";"und";"6118f615d9001d016230a8e1";"";"6118f615d9001d016230a8e1";"DTU Department of Chemical and Biochemical Engineering";"sorbit";"sorbit";"Numerical investigation of an industrial large-scale fed-batch cultivation|Numerisk studie af en industriel skala fed batch kultivering"
"Robots have been deployed in various fields of the industry, with the expectation of managing more tasks for humans. Simulation-to-real is a relatively new discipline within robotics that offers an alternative approach to the traditional programming methods by training a model of the robot in a simulator and afterwards transferring the knowledge to control the physical counterpart. The knowledge is located in a deep reinforcement learning policy that is carefully selected and tuned for the intended task. The thesis studied tools and steps that are required to implement a physical system that is trained using the sim-to-real transfer learning. The chosen use case is a Universal Robots UR10e manipulator that is to locate and reach a stationary target in the physical world. Because the scope is to provide a proof-of-concept pipeline for the simulation-to-real process, the only part in the use case requiring adaption is the changing location of the target. However, target reaching is a fundamental task in robotics for which more complex tasks are based upon. The simulation environment was constructed from a CAD-model of the physical robot cell that was later updated within the chosen simulator CoppeliaSim. For the convenience of having the kinematic chain premade, the manipulator was changed in the simulator to an older version UR10. Also, the gripper was changed to an older version. The control in the simulation environment followed the Markov Decision Process having a manipulator as an agent interacting with the environment. As the agent performed actions in available states, it tried to maximize the total cumulative reward and learned accordingly. The goal was to reach a simulated target that position was randomized along a specified line segment. In practice, the algorithms learned trajectory paths in joint space under given environment constraints while the agent controlled the manipulator with velocity based forward kinematics. The overall process was scripted as Python modules with an interface to the simulator. The considered deep reinforcement learning algorithms were Deep Deterministic Policy Gradient and Soft Actor-Critic. The algorithms were validated in the simulation and Deep Deterministic Policy Gradient was chosen for the simulation-to-real transfer owing to its better performance. The transfer was based on a zero-shot method where the policy controlled the physical manipulator from the simulation. Control included the joint positions of the simulated manipulator that were forwarded to the physical counterpart via Robot Operating System network. Therefore, the knowledge transfer only considers kinematics. The network conjoined the simulator, the manipulator and the machine vision system, which was responsible of tracking the target, an ArUco marker. The marker position replaced the random position of the simulated target. The simulation-to-real transfer process demonstrates a working step-by-step pipeline, which at the time of writing this thesis was not publicly provided. The resulted policy learned a redundant kinematics trajectory with geometrical limitations. The manipulator reaches the target within the given precision threshold with a collision free path. At the same time the reality gap between simulation and reality is explained and managed. Although the task related results are not generalizable, the concept of simulation-to-real transfer is applicable to more complex tasks.";"dtu|dtupub";"BA5604 Human-robot-mixed reality solutions";"2022-08-13T00:09:53.800Z";"Tikka, Petri";"";"2713125589";"";"dtu";"2022";"";"";"";"";"thesis";"dtu|dtu_electronic|dtupub|dtupub_electronic";"";"";"";"";"";"";"";"";"";"";"";"";"";"";"";"";"eng";"62f6ebd0586bf10352733832";"";"62f6ebd0586bf10352733832";"University of Tampere";"vtt";"vtt";"Control policy training for a Simulation-to-Real transfer"
"";"dtu|dtupub|third_party";"";"2022-08-25T11:30:43.011Z";"Olesen, Emilie Petrea Petajamaa Wiinberg";"";"2713316519";"";"dtu";"2022";"";"";"";"";"thesis";"dtu|dtu_electronic|dtupub|dtupub_electronic";"";"";"";"";"";"";"";"";"";"";"";"";"";"";"";"";"und";"63056c4c92773613257f0ecc";"";"63056c4c92773613257f0ecc";"DTU Department of Space Research and Space Technology";"sorbit";"sorbit";"SAR interferometry for wetland monitoring|SAR interferometry for wetland monitoring"
"";"dtu|dtupub|third_party";"";"2022-08-21T00:09:30.640Z";"Troesch, Robin";"";"2713252498";"";"dtu";"2022";"";"";"";"";"thesis";"dtu|dtu_electronic|dtupub|dtupub_electronic";"";"";"";"";"";"";"";"";"";"";"";"";"";"";"";"";"und";"630177ba81ac121325bd25e9";"";"630177ba81ac121325bd25e9";"DTU Department of Applied Mathematics and Computer Science";"sorbit";"sorbit";"Building a Common Framework for Efficient Remote Attestation Deployment in IoT Networks|Opbygning af en Fælles Ramme for Effektiv Implementering af Fjernattest i IoT-Netværk"
"";"dtu|dtupub|third_party";"";"2022-01-03T13:05:28.964Z";"Chrysochoidis, Vasileios";"";"2692726049";"";"dtu";"2021";"";"";"";"";"thesis";"dtu|dtu_electronic|dtupub|dtupub_electronic";"";"";"";"";"";"";"";"";"";"";"";"";"";"";"";"";"und";"611a47a6d9001d016230a8f1";"";"611a47a6d9001d016230a8f1";"DTU Department of Environmental and Resource Engineering";"sorbit";"sorbit";"Impact of gas transfer models on the prediction of N2O emissions from wastewater treatment|Virkninger af gasoverførselsmodeller pa forudsigelsen af N2O-emissioner fra spildevandsrensning"
"";"dtu|dtupub|third_party";"";"2022-01-03T13:05:30.445Z";"Hansen, Kasper Klan";"";"2692726056";"";"dtu";"2021";"";"";"";"";"thesis";"dtu|dtu_electronic|dtupub|dtupub_electronic";"";"";"";"";"";"";"";"";"";"";"";"";"";"";"";"";"und";"611a47a9d9001d016230a8f3";"";"611a47a9d9001d016230a8f3";"DTU Department of Civil Engineering";"sorbit";"sorbit";"Improved operation of the heating system in multi storey residential buildings|Forbedret drift af varmeanlæg i boligblokke"
"";"dtu|dtupub|third_party";"";"2022-01-03T13:16:39.011Z";"Russell, Conor Quinlan";"";"2699360238";"";"dtu";"2021";"";"";"";"";"thesis";"dtu|dtu_electronic|dtupub|dtupub_electronic";"";"";"";"";"";"";"";"";"";"";"";"";"";"";"";"";"und";"6173ed9fd9001d01645dddc4";"";"6173ed9fd9001d01645dddc4";"DTU Department of Electrical and Photonics Engineering";"sorbit";"sorbit";"Compensation of nonlinearities using optical phase conjugation|Kompensering af ikke-lineariteter ved hjælp af optisk fasekonjugering"
"";"dtu|dtupub|third_party";"";"2022-01-03T13:16:38.321Z";"Javadian, Shabnam";"";"2691928265";"";"dtu";"2021";"";"";"";"";"thesis";"dtu|dtu_electronic|dtupub_external";"";"";"";"";"";"";"";"";"";"";"";"";"";"";"";"";"und";"60fe9825d9001d01622e8de5";"";"60fe9825d9001d01622e8de5";"DTU Department of Applied Mathematics and Computer Science";"sorbit";"sorbit";"Investigation of treatment effects of Semaglutide on non-alcoholic steatohepatitis patients|Undersøgelse af behandlingseffekter af Semaglutid pa patienter med non-alkoholisk fedtleversygdom"
"";"dtu|dtupub|third_party";"";"2022-01-03T13:13:27.475Z";"Pløger, Jacob Kjeldahl";"";"2691222112";"";"dtu";"2021";"";"";"";"";"thesis";"dtu|dtu_electronic|dtupub|dtupub_electronic";"";"";"";"";"";"";"";"";"";"";"";"";"";"";"";"";"und";"60e2e8c5d9001d01667246d7";"";"60e2e8c5d9001d01667246d7";"DTU Department of Civil and Mechanical Engineering";"sorbit";"sorbit";"3DIMS Powder Injection Molding of Stainless Steel using BOY|3DIMS pulverinjektionsstøbning af rustfrit stal ved hjælp af BOY"
"";"dtu|dtupub|third_party";"";"2022-11-06T01:09:21.375Z";"Ketelsen, Anders Christian";"";"2716560424";"";"dtu";"2022";"";"";"";"";"thesis";"dtu|dtu_electronic|dtupub|dtupub_electronic";"";"";"";"";"";"";"";"";"";"";"";"";"";"";"";"";"und";"636709405ce84d2a4bbec0a2";"";"636709405ce84d2a4bbec0a2";"DTU Department of Technology, Management and Economics";"sorbit";"sorbit";"Multimodal intention prediction using machine learning for stroke therapy with exoskeletons|Multimodal forudsigelse af handlings-intentioner ved brug af AI under exoskeleton genoptræning efter blodpropper"
"";"dtu|dtupub|third_party";"";"2022-09-14T00:09:27.707Z";"Malik, Shakila Khan|Abbas, Ali Waleed";"";"2713712094";"";"dtu";"2022";"";"";"";"";"thesis";"dtu|dtu_electronic|dtupub_external";"";"";"";"";"";"";"";"";"";"";"";"";"";"";"";"";"und";"63211bb796f9604540a7d4d5";"";"63211bb796f9604540a7d4d5";"DTU Department of Technology, Management and Economics";"sorbit";"sorbit";"Product configuration at F.L. Smidth|Produktkonfigurering hos F.L.Smidth"
"";"dtu|dtupub|third_party";"";"2022-10-08T00:09:34.884Z";"Carstensen, Mads Aaskov";"";"2714279127";"";"dtu";"2022";"";"";"";"";"thesis";"dtu|dtu_electronic|dtupub|dtupub_electronic";"";"";"";"";"";"";"";"";"";"";"";"";"";"";"";"";"und";"6340bfbefa9e5f33f910c299";"";"6340bfbefa9e5f33f910c299";"DTU Department of Applied Mathematics and Computer Science";"sorbit";"sorbit";"Data fusion between Sensors and Computer Vision|Datafusion mellem sensorer og computersyn"
"";"dtu|dtupub|third_party";"";"2022-10-04T00:09:40.402Z";"Schweiger, Leonie";"";"2714206533";"";"dtu";"2022";"";"";"";"";"thesis";"dtu|dtu_electronic|dtupub|dtupub_electronic";"";"";"";"";"";"";"";"";"";"";"";"";"";"";"";"";"und";"633b79c4298c9a33f99661cc";"";"633b79c4298c9a33f99661cc";"DTU Department of Environmental and Resource Engineering";"sorbit";"sorbit";"A simple chemical fate-model to assess short-term impacts of micropollutants from wet weather discharges on Danish streams|Simpel modellering af miljøfremmede stoffers kemiske skæbne til vurdering af kortids pavirkning af regnebetingede udledninger i Danske vandløb"
"";"dtu|dtupub|third_party";"";"2022-02-22T12:10:03.552Z";"Stounbjerg, Peter Groth";"";"2707583750";"";"dtu";"2022";"";"";"";"";"thesis";"dtu|dtu_electronic|dtupub|dtupub_electronic";"";"";"";"";"";"";"";"";"";"";"";"";"";"";"";"";"und";"6214d29a72968d235e83dda6";"";"6214d29a72968d235e83dda6";"DTU Department of Health Technology";"sorbit";"sorbit";"Functionalization of Si-based high contrast grating sensor chip for troponin detection|Funktionalisering af sensor chip lavet af silicium baserede høj kontrast gitre til detektion af troponin"
"";"dtu|dtupub|third_party";"";"2022-02-17T12:10:10.914Z";"Lønkjær, Claus Ruotsalainen|Crone, Johan Kristian";"";"2707285495";"";"dtu";"2022";"";"";"";"";"thesis";"dtu|dtu_electronic|dtupub|dtupub_electronic";"";"";"";"";"";"";"";"";"";"";"";"";"";"";"";"";"und";"620e3b2281a00172741d7951";"";"620e3b2281a00172741d7951";"DTU Department of Electrical Engineering";"sorbit";"sorbit";"Automating the 3D printing process step of the soft tooling process chain for injection molding of a 3D Component|Automatisering af 3D-print processen til design af soft-tooling værktøjer til sprøjtestøbning af en 3D komponent"
"";"dtu|dtupub|third_party";"";"2022-03-31T11:09:59.384Z";"Roulund, Jeppe Mikkelsen";"";"2708960996";"";"dtu";"2022";"";"";"";"";"thesis";"dtu|dtu_electronic|dtupub|dtupub_electronic";"";"";"";"";"";"";"";"";"";"";"";"";"";"";"";"";"und";"62458c07f4fc03f30b0df41e";"";"62458c07f4fc03f30b0df41e";"DTU Department of Electrical and Photonics Engineering";"sorbit";"sorbit";"Light-matter interactions between dielectric nanopillar cavities and luminescent centers in hexagonal Boron Nitride|Lys-materie vekselvirkning mellem dielektriske optiske nano-søjler hulrum og selvlysende centrer i hexagonal Boron Nitride"
"";"dtu|dtupub|third_party";"";"2022-07-25T00:10:32.521Z";"Hameed, Ammad|Mendez, Francisco Jose Torres";"";"2712810195";"";"dtu";"2022";"";"";"";"";"thesis";"dtu|dtu_electronic|dtupub_external";"";"";"";"";"";"";"";"";"";"";"";"";"";"";"";"";"und";"62dddf787c261954e4d248d4";"";"62dddf787c261954e4d248d4";"DTU Department of Applied Mathematics and Computer Science";"sorbit";"sorbit";"Strategies for Migrating Monolithic Software Systems to a Microservice Architecture|Strategier til at migrere fra monolitiske software systemer til en microservice arkitektur"
"";"dtu|dtupub|third_party";"";"2022-07-25T00:10:33.466Z";"Demircan, Gül Sude";"";"2712810199";"";"dtu";"2022";"";"";"";"";"thesis";"dtu|dtu_electronic|dtupub|dtupub_electronic";"";"";"";"";"";"";"";"";"";"";"";"";"";"";"";"";"und";"62dddf79c7ce4954e43cece1";"";"62dddf79c7ce4954e43cece1";"DTU Department of Health Technology";"sorbit";"sorbit";"Application of deep neural networks architectures, attention mechanisms and embeddings for improved prediction of receptor-ligand interactions|Anvendelse af deep neural networks architectures, attention mechanisms og embeddings til forbedret forudsigelse af receptor-ligand interactions"
"";"dtu|dtupub|third_party";"";"2022-07-25T00:10:30.697Z";"Nielsen, Emma Aabo";"";"2712810189";"";"dtu";"2022";"";"";"";"";"thesis";"dtu|dtu_electronic|dtupub|dtupub_electronic";"";"";"";"";"";"";"";"";"";"";"";"";"";"";"";"";"und";"62dddf76e03d4b54e46797d4";"";"62dddf76e03d4b54e46797d4";"DTU Department of Space Research and Space Technology";"sorbit";"sorbit";"SAR ship identification using machine learning|SAR ship identification using machine learning"
"";"dtu|dtupub|third_party";"";"2022-08-28T00:09:25.852Z";"Leal, María Chávez";"";"2713358280";"";"dtu";"2022";"";"";"";"";"thesis";"dtu|dtu_electronic|dtupub|dtupub_electronic";"";"";"";"";"";"";"";"";"";"";"";"";"";"";"";"";"und";"630ab2343629d525118b9e69";"";"630ab2343629d525118b9e69";"DTU Department of Biotechnology and Biomedicine";"sorbit";"sorbit";"Expression and discovery of formate dehydrogenases for CO2 reduction|Ekspression og discovery af mikrobielel format dehydrogenaser til CO2-reduktion"
"";"dtu|dtupub|third_party";"";"2022-08-01T00:09:28.883Z";"Perez, Martin Lopez";"";"2712912463";"";"dtu";"2022";"";"";"";"";"thesis";"dtu|dtu_electronic|dtupub_external";"";"";"";"";"";"";"";"";"";"";"";"";"";"";"";"";"und";"62e719b88e4798a4466db592";"";"62e719b88e4798a4466db592";"DTU Department of Chemical and Biochemical Engineering";"sorbit";"sorbit";"Elaboration and implementation of a Digital Twin/CAPS model for a more sustainable production|Udarbejdelse og implementering af en Digital Twin/CAPS model for en mere bæredygtig produktion"
"";"dtu|dtupub|third_party";"";"2022-08-19T00:09:24.349Z";"Grammenidis, Konstantinos";"";"2713226883";"";"dtu";"2022";"";"";"";"";"thesis";"dtu|dtu_electronic|dtupub|dtupub_electronic";"";"";"";"";"";"";"";"";"";"";"";"";"";"";"";"";"und";"62fed4b43a38d413256d453c";"";"62fed4b43a38d413256d453c";"DTU Department of Civil Engineering";"sorbit";"sorbit";"A digital twin for balancing residential hydronic heating systems|En digital tvilling til indregulering af varmesystem i boliger"
"";"dtu|dtupub|third_party";"";"2022-08-25T11:30:43.372Z";"Miller, Liisu";"";"2713316537";"";"dtu";"2022";"";"";"";"";"thesis";"dtu|dtu_electronic|dtupub|dtupub_electronic";"";"";"";"";"";"";"";"";"";"";"";"";"";"";"";"";"und";"6306bdc4025d7613258353f7";"";"6306bdc4025d7613258353f7";"DTU Department of Civil and Mechanical Engineering";"sorbit";"sorbit";"Topology optimization of morphing structures|Topologioptimering af formændrende strukturer"
"";"dtu|dtupub|third_party";"";"2022-09-27T00:09:37.641Z";"Anastasiou, Ilektra-Kyriaki";"";"2714065308";"";"dtu";"2022";"";"";"";"";"thesis";"dtu|dtu_electronic|dtupub|dtupub_electronic";"";"";"";"";"";"";"";"";"";"";"";"";"";"";"";"";"und";"63323f4149f8aa33f9dc713f";"";"63323f4149f8aa33f9dc713f";"DTU Department of Electrical Engineering";"sorbit";"sorbit";"Techno-economic study of BEMU charging solutions|Tekno-økonomisk studie af BEMU ladeløsninger"
"";"dtu|dtupub|third_party";"";"2022-07-26T00:09:33.327Z";"Björnsson, Alexander";"";"2712838290";"";"dtu";"2022";"";"";"";"";"thesis";"dtu|dtu_electronic|dtupub_external";"";"";"";"";"";"";"";"";"";"";"";"";"";"";"";"";"und";"62df30bd70d9e854e4e93dd8";"";"62df30bd70d9e854e4e93dd8";"DTU Department of Electrical Engineering";"sorbit";"sorbit";"Tracked-vehicle Control in a Field Environment|Styring af bæltekøretøj i et markmiljø"
"";"dtu|dtupub|third_party";"";"2022-07-04T11:10:21.295Z";"Angstman, Isabelle May";"";"2712470365";"";"dtu";"2022";"";"";"";"";"thesis";"dtu|dtu_electronic|dtupub|dtupub_electronic";"";"";"";"";"";"";"";"";"";"";"";"";"";"";"";"";"und";"62c2ca9debffda250a991af3";"";"62c2ca9debffda250a991af3";"DTU Department of Biotechnology and Biomedicine";"sorbit";"sorbit";"Chemical ecology of apple associated microbial interactions|Kemisk økologi og mikrobielle interactioner pa æbler"
"";"dtu|dtupub|third_party";"";"2022-08-25T11:30:43.196Z";"Vervelacis, Emanuele";"";"2713316531";"";"dtu";"2022";"";"";"";"";"thesis";"dtu|dtu_electronic|dtupub|dtupub_electronic";"";"";"";"";"";"";"";"";"";"";"";"";"";"";"";"";"und";"63056c4f59d2cc1325bc3a91";"";"63056c4f59d2cc1325bc3a91";"DTU National Institute of Aquatic Resources";"sorbit";"sorbit";"Assessment of economical impact of diseases outbreak and mortality costs in Rainbow trout aquaculture|Assessment of economical impact of diseases outbreak and mortality costs in Rainbow trout aquaculture."
"";"dtu|dtupub|third_party";"";"2022-08-04T00:09:36.158Z";"Jørgensen, Andreas Møller";"";"2712971959";"";"dtu";"2022";"";"";"";"";"thesis";"dtu|dtu_electronic|dtupub|dtupub_electronic";"";"";"";"";"";"";"";"";"";"";"";"";"";"";"";"";"und";"62eb0e402851bba446692cd5";"";"62eb0e402851bba446692cd5";"DTU Department of Applied Mathematics and Computer Science";"sorbit";"sorbit";"Supersingular Isogeny Diffie Hellman Key Exchange|Supersingulær Isogeni Diffie Hellman Nøgleudveksling"
"";"dtu|dtupub|third_party";"";"2022-03-31T11:10:03.025Z";"Pedersen, Tenna";"";"2708961036";"";"dtu";"2022";"";"";"";"";"thesis";"dtu|dtu_electronic|dtupub_external";"";"";"";"";"";"";"";"";"";"";"";"";"";"";"";"";"und";"62458c0a56d453f30b338b55";"";"62458c0a56d453f30b338b55";"DTU Department of Health Technology";"sorbit";"sorbit";"Unveil the molecular mechanisms underlying the effects of catecholamines in endothelial cells via Metabolic modeling and omic data integration|Unveil de molekylære mekanismer, der ligger til grund for virkningerne af catecholaminer i endotelceller via metabolisk modellering og omisk dataintegration"
"";"dtu|dtupub|third_party";"";"2022-01-03T13:13:24.904Z";"Holm, Marita Foldbo";"";"2664969358";"";"dtu";"2021";"";"";"";"";"thesis";"dtu|dtu_electronic|dtupub|dtupub_electronic";"";"";"";"";"";"";"";"";"";"";"";"";"";"";"";"";"und";"604a08bbd9001d016e3581cb";"";"604a08bbd9001d016e3581cb";"DTU Department of Applied Mathematics and Computer Science";"sorbit";"sorbit";"Analysis of App Usage in Isolated Communities|Analyse af Brug af Mobil-Apps i Isolerede Samfund"
"";"dtu|dtupub|third_party";"";"2022-01-03T13:13:49.158Z";"Dentone, Leonardo";"";"2693204019";"";"dtu";"2021";"";"";"";"";"thesis";"dtu|dtu_electronic|dtupub_external";"";"";"";"";"";"";"";"";"";"";"";"";"";"";"";"";"und";"612e0e43d9001d0172372025";"";"612e0e43d9001d0172372025";"DTU Department of Technology, Management and Economics";"sorbit";"sorbit";"A combined diagnostic and predictive approach for maintenance of process industry equipment|En kombineret prognose og forudsigelses tilgang til vedligehold i procesindustrien"
"";"dtu|dtupub|third_party";"";"2022-04-26T11:10:01.247Z";"Stege, Mads";"";"2709611087";"";"dtu";"2022";"";"";"";"";"thesis";"dtu|dtu_electronic|dtupub|dtupub_electronic";"";"";"";"";"";"";"";"";"";"";"";"";"";"";"";"";"und";"6267d308f2cc5a11463a00ad";"";"6267d308f2cc5a11463a00ad";"DTU Department of Applied Mathematics and Computer Science";"sorbit";"sorbit";"Foot Biometric for Security|Sikkerhed baseret pa fodbiometrik"
"";"dtu|dtupub|third_party";"";"2022-01-12T12:10:19.006Z";"Bathmann, Jann";"";"2705009955";"";"dtu";"2021";"";"";"";"";"thesis";"dtu|dtu_electronic|dtupub_external";"";"";"";"";"";"";"";"";"";"";"";"";"";"";"";"";"und";"61dec52a9602f81215b1fe64";"";"61dec52a9602f81215b1fe64";"DTU Department of Wind and Energy Systems";"sorbit";"sorbit";"Investigating inertia characteristics of a wind plant and evaluating its contribution to grid frequency events|Undersøgelse af et vindanlægs inertikarakteristika og evaluering af dets bidrag til netfrekvensen"
"";"dtu|dtupub|third_party";"";"2022-01-03T13:17:02.232Z";"Li, Fulin";"";"2699754112";"";"dtu";"2021";"";"";"";"";"thesis";"dtu|dtu_electronic|dtupub_external";"";"";"";"";"";"";"";"";"";"";"";"";"";"";"";"";"und";"61827c13d9001d01193a8a14";"";"61827c13d9001d01193a8a14";"DTU Department of Civil Engineering";"sorbit";"sorbit";"Ventilation of pharmaceutical clean rooms: Energy saving potential|Ventilation af farmaceutiske renrum: Energibesparelsespotentiale"
"";"dtu|dtupub|third_party";"";"2022-07-24T00:09:31.336Z";"Salskov-Iversen, Katja Steen|Christensen, Julie Fischer Vinther";"";"2712805767";"";"dtu";"2022";"";"";"";"";"thesis";"dtu|dtu_electronic|dtupub_external";"";"";"";"";"";"";"";"";"";"";"";"";"";"";"";"";"und";"62dc8dba0d28d254e4d8611b";"";"62dc8dba0d28d254e4d8611b";"DTU Department of Technology, Management and Economics";"sorbit";"sorbit";"Challenges in Using Longitudinal Survey Data to Drive Employee Well-being|Udfordringer ved Datadrevet Medarbejdertrivsel i Longitudinelle Trivselsdata"
"";"dtu|dtupub|third_party";"";"2022-01-03T13:06:00.900Z";"Nikolajsen, Karen Egebæk|Hansen, Amalie Kofoed";"";"2691560127";"";"dtu";"2021";"";"";"";"";"thesis";"dtu|dtu_electronic|dtupub|dtupub_electronic";"";"";"";"";"";"";"";"";"";"";"";"";"";"";"";"";"und";"60eec61bd9001d016224894d";"";"60eec61bd9001d016224894d";"DTU Department of Technology, Management and Economics";"sorbit";"sorbit";"Dynamic Workforce Routing and Scheduling with multiple handling options|Dynamisk ruteplanlægning af opgaver med forskellige handteringsmuligheder"
"";"dtu|dtupub|third_party";"";"2022-01-03T13:16:37.174Z";"Oro, Edgar Fernandez";"";"2666945010";"";"dtu";"2021";"";"";"";"";"thesis";"dtu|dtu_electronic|dtupub_external";"";"";"";"";"";"";"";"";"";"";"";"";"";"";"";"";"und";"60534337d9001d01657f2f0d";"";"60534337d9001d01657f2f0d";"DTU Department of Chemical and Biochemical Engineering";"sorbit";"sorbit";"Process model development for a novel hemophilia drug substance using a hybrid machine-learning assisted modeling framework|Procesmodeludvikling for et nyt hæmofili lægemiddelstof ved hjælp af en hybrid maskinlæringsassisteret modelleringsramme"
"";"dtu|dtupub|third_party";"";"2022-01-03T13:05:30.773Z";"Havsteen, Anders Vestergaard";"";"2692100159";"";"dtu";"2021";"";"";"";"";"thesis";"dtu|dtu_electronic|dtupub|dtupub_electronic";"";"";"";"";"";"";"";"";"";"";"";"";"";"";"";"";"und";"6106811bd9001d01622e8e81";"";"6106811bd9001d01622e8e81";"DTU Department of Civil Engineering";"sorbit";"sorbit";"Solar cooking using PCM heat storage - optimization of the Sunstore solar cooker|Solkomfur med PCM varmelager - optimering af Sunstore solkomfur"
"";"dtu|dtupub|third_party";"";"2022-01-03T13:06:02.561Z";"Knudsen, Mikkel Clausen|Aagaard, Jacob Harboe Støver";"";"2691928286";"";"dtu";"2021";"";"";"";"";"thesis";"dtu|dtu_electronic|dtupub|dtupub_electronic";"";"";"";"";"";"";"";"";"";"";"";"";"";"";"";"";"und";"60fe982dd9001d01622e8df1";"";"60fe982dd9001d01622e8df1";"DTU Department of Health Technology";"sorbit";"sorbit";"Designing Healthy, Highly-Engaging Mobile Game Experiences|Design af sunde, højt engagerende mobilspiloplevelser"
"";"dtu|dtupub|third_party";"";"2022-01-03T13:13:47.533Z";"Sørensen, Morten Gulbrant";"";"2692726045";"";"dtu";"2021";"";"";"";"";"thesis";"dtu|dtu_electronic|dtupub|dtupub_electronic";"";"";"";"";"";"";"";"";"";"";"";"";"";"";"";"";"und";"611a47a5d9001d016230a8ee";"";"611a47a5d9001d016230a8ee";"DTU Department of Technology, Management and Economics";"sorbit";"sorbit";"Vertical farming of wheat in Denmark|Vertikal dyrkning af hvede i Danmark"
"";"dtu|dtupub|third_party";"";"2022-01-03T13:05:54.671Z";"Kristensen, Louise|Stauersbøl, Line Qvist";"";"2621490021";"";"dtu";"2021";"";"";"";"";"thesis";"dtu|dtu_electronic|dtupub|dtupub_electronic";"";"";"";"";"";"";"";"";"";"";"";"";"";"";"";"";"und";"6034f0c7d9001d01650f4d8e";"";"6034f0c7d9001d01650f4d8e";"DTU DTU National Food Institute";"sorbit";"sorbit";"Infant gut microbiota, SCFAs and markers of infant health|Barnets tarmmikrobiota, kort-kædede fedtsyrer og sammenhæng med sundhedsmarkører"
"";"dtu|dtupub|third_party";"";"2022-01-03T13:16:34.946Z";"Olsen, Mads|Larsen, Toke Skaarup";"";"2612047689";"";"dtu";"2021";"";"";"";"";"thesis";"dtu|dtu_electronic|dtupub|dtupub_electronic";"";"";"";"";"";"";"";"";"";"";"";"";"";"";"";"";"und";"601a9331d9001d017146d2dc";"";"601a9331d9001d017146d2dc";"DTU Department of Chemical and Biochemical Engineering";"sorbit";"sorbit";"Design of silane–epoxy resin systems for conditions of high pressure and high temperature|Design af silan-epoxy resiner til betingelser med højt tryk og høj temperatur"
"";"dtu|dtupub|third_party";"";"2022-01-03T13:13:47.582Z";"Andersen, Martin Pyndt|Mathiesen, Joakim Bursøe";"";"2692100196";"";"dtu";"2021";"";"";"";"";"thesis";"dtu|dtu_electronic|dtupub|dtupub_electronic";"";"";"";"";"";"";"";"";"";"";"";"";"";"";"";"";"und";"61068125d9001d01622e8e8b";"";"61068125d9001d01622e8e8b";"DTU Department of Civil and Mechanical Engineering";"sorbit";"sorbit";"Techno-economic analysis of the partial evaporation organic Rankine cycle for small-scale solar thermal applications|Teknoøkonomisk analyse af en organisk delvis fordampnings Rankine cyklus til mindre skala af termiske solfangere"
"";"dtu|dtupub|third_party";"";"2022-01-03T13:13:27.174Z";"Popovici, Nicolae";"";"2691159511";"";"dtu";"2021";"";"";"";"";"thesis";"dtu|dtu_electronic|dtupub_external";"";"";"";"";"";"";"";"";"";"";"";"";"";"";"";"";"und";"60e1971ed9001d016672469a";"";"60e1971ed9001d016672469a";"DTU Department of Applied Mathematics and Computer Science";"sorbit";"sorbit";"Information Retrieval Optimization using Relevance Signals|Optimering af søgning med brug af relevanssignaler"
"";"dtu|dtupub|third_party";"";"2022-03-14T07:32:06.623Z";"Li, Hei Chi";"";"2708322400";"";"dtu";"2022";"";"";"";"";"thesis";"dtu|dtu_electronic|dtupub_external";"";"";"";"";"";"";"";"";"";"";"";"";"";"";"";"";"und";"622eef60cfc2e8854415120a";"";"622eef60cfc2e8854415120a";"DTU Department of Civil Engineering";"sorbit";"sorbit";"Evaluation of pile driving induced stresses by analyzing monitoring data from monopile installation|Evaluering af spændinger under pæle rammeforløb ved bruge af overvagningsdata fra monopæle installation"
"";"dtu|dtupub|third_party";"";"2022-01-03T13:16:38.202Z";"Li, Hailin";"";"2691928227";"";"dtu";"2021";"";"";"";"";"thesis";"dtu|dtu_electronic|dtupub|dtupub_electronic";"";"";"";"";"";"";"";"";"";"";"";"";"";"";"";"";"und";"60fe981cd9001d01622e8dd2";"";"60fe981cd9001d01622e8dd2";"DTU Department of Applied Mathematics and Computer Science";"sorbit";"sorbit";"Face aging Simulation|Simulering af ansigtsaldring"
"";"dtu|dtupub|third_party";"";"2022-01-06T23:54:33.459Z";"Villumsen, Sofie Olund";"";"2646318436";"";"dtu";"2021";"";"";"";"";"thesis";"dtu|dtu_electronic|dtupub|dtupub_electronic";"";"";"";"";"";"";"";"";"";"";"";"";"";"";"";"";"und";"60437138d9001d016e358152";"";"60437138d9001d016e358152";"DTU DTU National Food Institute";"sorbit";"sorbit";"Associations between clinical data and omics data in HIV infected with and without metabolic syndrome|Korrelationer mellem kliniske data og omics data i HIV inficerede med og uden metabolisk syndrom"
"";"dtu|dtupub|third_party";"";"2022-01-03T13:16:49.368Z";"Røpke, Thomas Thorning";"";"2686462744";"";"dtu";"2021";"";"";"";"";"thesis";"dtu|dtu_electronic|dtupub|dtupub_electronic";"";"";"";"";"";"";"";"";"";"";"";"";"";"";"";"";"und";"607c13a6d9001d016505c11d";"";"607c13a6d9001d016505c11d";"DTU Department of Applied Mathematics and Computer Science";"sorbit";"sorbit";"A High-Level Language for Multi-Factor Authentication Protocols|Et højniveau sprog til multi-faktor autentificeringsprotokoller"
"";"dtu|dtupub|third_party";"";"2022-08-15T00:09:33.537Z";"Pasias, Athanasios";"";"2713140668";"";"dtu";"2022";"";"";"";"";"thesis";"dtu|dtu_electronic|dtupub_external";"";"";"";"";"";"";"";"";"";"";"";"";"";"";"";"";"und";"62f98ebdc4e04103a497e719";"";"62f98ebdc4e04103a497e719";"DTU Department of Health Technology";"sorbit";"sorbit";"Multimodal, integrative single-cell analysis of embryonic progenitor fates for the refinement of epithelial clustering and trajectory inference|Multimodal, integrerende enkeltcelleanalyse af embryonale progenitor-skæbner til forfining af epitelklynger og baneinferens"
"";"dtu|dtupub|third_party";"";"2022-09-06T11:05:18.185Z";"Correia, Marcos Vinicius Teijeira";"";"2713514442";"";"dtu";"2022";"";"";"";"";"thesis";"dtu|dtu_electronic|dtupub|dtupub_electronic";"";"";"";"";"";"";"";"";"";"";"";"";"";"";"";"";"und";"6317296eedb6ec314593062c";"";"6317296eedb6ec314593062c";"DTU Department of Wind and Energy Systems";"sorbit";"sorbit";"Topology optimization of jacket support structures for offshore wind turbine|Topologioptimering af understøtningsstrukturer til havvindmøller"
"";"dtu|dtupub|third_party";"";"2023-01-31T01:09:29.726Z";"Fasulo, Andrea";"";"2718401530";"";"dtu";"2022";"";"";"";"";"thesis";"dtu|dtu_electronic|dtupub|dtupub_electronic";"";"";"";"";"";"";"";"";"";"";"";"";"";"";"";"";"und";"63d86a494521f61e044f72dc";"";"63d86a494521f61e044f72dc";"DTU Department of Technology, Management and Economics";"sorbit";"sorbit";"Multidimensional Analyses of Energy Poverty Across Europe|Multidimensionelle analyser af energifattigdom i hele Europa"
"";"dtu|dtupub|third_party";"";"2022-01-03T13:16:38.339Z";"Hougaard-Jensen, Therese";"";"2692166297";"";"dtu";"2021";"";"";"";"";"thesis";"dtu|dtu_electronic|dtupub_external";"";"";"";"";"";"";"";"";"";"";"";"";"";"";"";"";"und";"610a75abd9001d01621578e3";"";"610a75abd9001d01621578e3";"DTU Department of Applied Mathematics and Computer Science";"sorbit";"sorbit";"Classification of sports videos using deep learning|Klassifikation af sportsvideoer vha deep learning"
"";"dtu|dtupub|third_party";"";"2022-01-03T13:16:59.466Z";"Bogdán, Kálmán";"";"2666092615";"";"dtu";"2021";"";"";"";"";"thesis";"dtu|dtu_electronic|dtupub_external";"";"";"";"";"";"";"";"";"";"";"";"";"";"";"";"";"und";"6051f1c5d9001d01657f2ee3";"";"6051f1c5d9001d01657f2ee3";"DTU Department of Electrical Engineering";"sorbit";"sorbit";"Sensor Fusion for Adaptive On-line Odometry Estimation|Sensorfusion til adaptiv ON-line odometriestimering"
"";"dtu|dtupub|third_party";"";"2022-04-19T11:09:59.727Z";"Bjerre, Philip Martin";"";"2709440883";"";"dtu";"2022";"";"";"";"";"thesis";"dtu|dtu_electronic|dtupub|dtupub_electronic";"";"";"";"";"";"";"";"";"";"";"";"";"";"";"";"";"und";"625e98853e84a91146e08bb4";"";"625e98853e84a91146e08bb4";"DTU Department of Health Technology";"sorbit";"sorbit";"Adipose tissue lipolysis and inflammation phenotype in lean and obese Ossabaw pigs|Fedtvævslipolyse og - inflammations fænotype i slanke og fede Ossabawgrise."
"";"dtu|dtupub|third_party";"";"2022-01-03T13:13:45.481Z";"Lassen, Jonas Thorsager";"";"2642153318";"";"dtu";"2021";"";"";"";"";"thesis";"dtu|dtu_electronic|dtupub|dtupub_electronic";"";"";"";"";"";"";"";"";"";"";"";"";"";"";"";"";"und";"6040ce49d9001d01650055ba";"";"6040ce49d9001d01650055ba";"DTU Department of Chemical and Biochemical Engineering";"sorbit";"sorbit";"Numerical investigation of the mixing conditions for oxygen in an industrial bioreactor|Numerisk undersøgelse af blendingsforhold for ilt i en industriel bioreaktor"
"";"dtu|dtupub|third_party";"";"2022-09-21T00:09:32.580Z";"Tirsgaard, Rasmus Hannibal";"";"2713908153";"";"dtu";"2022";"";"";"";"";"thesis";"dtu|dtu_electronic|dtupub|dtupub_electronic";"";"";"";"";"";"";"";"";"";"";"";"";"";"";"";"";"und";"632a563cdaf78255fa5e2ddc";"";"632a563cdaf78255fa5e2ddc";"DTU Department of Applied Mathematics and Computer Science";"sorbit";"sorbit";"Bayesian Monte Carlo tree search for planning in model based reinforcement learning|Bayesiansk Monte Carlo træsøgning til planlægning i model-baseret forstærkningslæring"
"";"dtu|dtupub|third_party";"";"2022-01-03T13:16:36.764Z";"Seirafianpour, Sahand";"";"2626728575";"";"dtu";"2021";"";"";"";"";"thesis";"dtu|dtu_electronic|dtupub|dtupub_electronic";"";"";"";"";"";"";"";"";"";"";"";"";"";"";"";"";"und";"60364250d9001d01656e1bf1";"";"60364250d9001d01656e1bf1";"DTU Department of Civil and Mechanical Engineering";"sorbit";"sorbit";"Topology Optimization of Pressure Vessels|Topologioptimering af trykbeholdere /"
"";"dtu|dtupub|third_party";"";"2022-01-03T13:16:59.150Z";"Hansson, Frederik Gleerup";"";"2640810088";"";"dtu";"2021";"";"";"";"";"thesis";"dtu|dtu_electronic|dtupub|dtupub_electronic";"";"";"";"";"";"";"";"";"";"";"";"";"";"";"";"";"und";"603f7ca7d9001d0165005523";"";"603f7ca7d9001d0165005523";"DTU Department of Biotechnology and Biomedicine";"sorbit";"sorbit";"Programming of biosynthetic pathways for formation of aromatic compounds|Programmering af biosynteseveje til dannelse af aromatiske stoffer"
"";"dtu|dtupub|third_party";"";"2022-08-03T00:09:33.554Z";"Constantinou, Marco Barfoed";"";"2712960711";"";"dtu";"2022";"";"";"";"";"thesis";"dtu|dtu_electronic|dtupub|dtupub_electronic";"";"";"";"";"";"";"";"";"";"";"";"";"";"";"";"";"und";"62e9bcbd4652c9a44618edaf";"";"62e9bcbd4652c9a44618edaf";"DTU Department of Technology, Management and Economics";"sorbit";"sorbit";"Use of innovative technologies for the sustainable management of ocean resources|Use of innovative technologies for the sustainable management of ocean resources"
"";"dtu|dtupub|third_party";"";"2022-01-03T13:16:37.254Z";"Frieboes, Kilian Waldemar Conde";"";"2612610037";"";"dtu";"2021";"";"";"";"";"thesis";"dtu|dtu_electronic|dtupub|dtupub_electronic";"";"";"";"";"";"";"";"";"";"";"";"";"";"";"";"";"und";"602a6533d9001d01657f85a1";"";"602a6533d9001d01657f85a1";"DTU Department of Applied Mathematics and Computer Science";"sorbit";"sorbit";"Computer Aided Peptide Array Design: A Comparative Study|Computer Aided Peptide Array Design: A Comparative Study"
"";"dtu|dtupub|third_party";"";"2022-06-16T11:09:52.648Z";"Weidlich, Marie Olivia Holm";"";"2710869375";"";"dtu";"2022";"";"";"";"";"thesis";"dtu|dtu_electronic|dtupub|dtupub_electronic";"";"";"";"";"";"";"";"";"";"";"";"";"";"";"";"";"und";"62ab0f7ff4ab471d0ed1d8ac";"";"62ab0f7ff4ab471d0ed1d8ac";"DTU Department of Health Technology";"sorbit";"sorbit";"4D functional ultrasound in Zebrafish|4D funktionel ultralyd i zebrafisk"
"";"dtu|dtupub|third_party";"";"2022-01-03T13:13:46.227Z";"Sødequist, Joachim";"";"2642153552";"";"dtu";"2021";"";"";"";"";"thesis";"dtu|dtu_electronic|dtupub|dtupub_electronic";"";"";"";"";"";"";"";"";"";"";"";"";"";"";"";"";"und";"6040ce51d9001d01650055c7";"";"6040ce51d9001d01650055c7";"DTU Department of Physics";"sorbit";"sorbit";"Second order topological insulators from first principles|Computersimuleringer af anden ordens topologiske isolatorer."
"";"dtu|dtupub|third_party";"";"2022-11-01T01:09:21.104Z";"Kashyap, Pramod Pavamana Kumar";"";"2716438029";"";"dtu";"2022";"";"";"";"";"thesis";"dtu|dtu_electronic|dtupub|dtupub_electronic";"";"";"";"";"";"";"";"";"";"";"";"";"";"";"";"";"und";"636071c0a6acff2a4b656918";"";"636071c0a6acff2a4b656918";"DTU Department of Wind and Energy Systems";"sorbit";"sorbit";"Impact Assessment of Wind Farm Blockage in Complex Terrain|Undersøgelse af vindmølleparkblokering i komplekst terræn"
"";"dtu|dtupub|third_party";"";"2022-01-06T23:56:41.346Z";"Debess, Andreas Marc";"";"2693243154";"";"dtu";"2021";"";"";"";"";"thesis";"dtu|dtu_electronic|dtupub_external";"";"";"";"";"";"";"";"";"";"";"";"";"";"";"";"";"und";"612f5fb9d9001d017237203d";"";"612f5fb9d9001d017237203d";"DTU Department of Applied Mathematics and Computer Science";"sorbit";"sorbit";"Forecasting models for virtual power plants|Prognosemodeller til virtuelle kraftværker"
"";"dtu|dtupub|third_party";"";"2022-01-03T13:13:50.396Z";"Pihl, Rolf";"";"2693204229";"";"dtu";"2021";"";"";"";"";"thesis";"dtu|dtu_electronic|dtupub|dtupub_electronic";"";"";"";"";"";"";"";"";"";"";"";"";"";"";"";"";"und";"612e0e46d9001d0172372029";"";"612e0e46d9001d0172372029";"DTU Department of Electrical Engineering";"sorbit";"sorbit";"Autonomous indoor exploration|Autonom indendørs udforskning"
"";"dtu|dtupub|third_party";"";"2022-01-03T13:13:31.194Z";"Schosser, Thomas Christian";"";"2692141492";"";"dtu";"2021";"";"";"";"";"thesis";"dtu|dtu_electronic|dtupub|dtupub_electronic";"";"";"";"";"";"";"";"";"";"";"";"";"";"";"";"";"und";"61092419d9001d01622e8ec2";"";"61092419d9001d01622e8ec2";"DTU Department of Technology, Management and Economics";"sorbit";"sorbit";"Market opportunity navigation and innovation potential for a start-up using a helium-based flying structure to create new business|Markeds- og innovationspotentiale for en startup, der benytter heliumbaserede flyvende konstruktioner til at starte ny forretning"
"";"dtu|dtupub|third_party";"";"2022-01-03T13:13:25.054Z";"Selvarathinam, Mala Devi";"";"2693468694";"";"dtu";"2021";"";"";"";"";"thesis";"dtu|dtu_electronic|dtupub|dtupub_electronic";"";"";"";"";"";"";"";"";"";"";"";"";"";"";"";"";"und";"61389a1ad9001d01625ca12e";"";"61389a1ad9001d01625ca12e";"DTU Department of Applied Mathematics and Computer Science";"sorbit";"sorbit";"A Method for Comparative Performance Analysis of Communication Applications in Cloud and On-premise Environments|En metode til sammenlignende performance analyse af kommunikationsapplikationer i skyen og on-premise"
"";"dtu|dtupub|third_party";"";"2022-01-06T23:54:38.787Z";"Li, Yingrui";"";"2693004473";"";"dtu";"2021";"";"";"";"";"thesis";"dtu|dtu_electronic|dtupub_external";"";"";"";"";"";"";"";"";"";"";"";"";"";"";"";"";"und";"61262525d9001d047836908c";"";"61262525d9001d047836908c";"DTU Department of Technology, Management and Economics";"sorbit";"sorbit";"Partially labeled data anomaly detection with deep reinforcement learning|Online datastrømme klassificering baseret pa læring af forstærkning"
"";"dtu|dtupub|third_party";"";"2022-10-05T00:09:29.809Z";"Georgiadou, Dorothea";"";"2714241366";"";"dtu";"2022";"";"";"";"";"thesis";"dtu|dtu_electronic|dtupub|dtupub_electronic";"";"";"";"";"";"";"";"";"";"";"";"";"";"";"";"";"und";"633ccb395e2dfd33f9e4fa2c";"";"633ccb395e2dfd33f9e4fa2c";"DTU Department of Technology, Management and Economics";"sorbit";"sorbit";"Online tools to support small enterprise companies in tailoring project management practices|Skræddersyning af online værktøjer til support projektledelse i SMV'ere"
"";"dtu|dtupub|third_party";"";"2022-02-08T12:10:05.630Z";"Christiansen, Morten René Tang";"";"2707090085";"";"dtu";"2022";"";"";"";"";"thesis";"dtu|dtu_electronic|dtupub_external";"";"";"";"";"";"";"";"";"";"";"";"";"";"";"";"";"und";"62025d9d4c83171b344e82f8";"";"62025d9d4c83171b344e82f8";"DTU Department of Applied Mathematics and Computer Science";"sorbit";"sorbit";"Player Detection and Metadata Labeling in baseball|Detektering og metadata annotering af spillere i baseball"
"";"dtu|dtupub|third_party";"";"2022-09-06T00:09:31.371Z";"Blanck, Martin Thiebault";"";"2713511489";"";"dtu";"2022";"";"";"";"";"thesis";"dtu|dtu_electronic|dtupub_external";"";"";"";"";"";"";"";"";"";"";"";"";"";"";"";"";"und";"63168fbb90838f3145b49c42";"";"63168fbb90838f3145b49c42";"DTU Department of Health Technology";"sorbit";"sorbit";"Investigating radiofrequency ablations’ lesions of cardiac tissues in the treatment of arrythmia with catheter ablation|Undersøgelse af radiofrekvensablations læsioner af hjertevæv i behandlingen af arytmi med kateterablation"
"";"dtu|dtupub|third_party";"";"2022-01-03T13:05:29.091Z";"Yunakov, Nikolay";"";"2688161519";"";"dtu";"2021";"";"";"";"";"thesis";"dtu|dtu_electronic|dtupub_external";"";"";"";"";"";"";"";"";"";"";"";"";"";"";"";"";"und";"6097c31fd9001d0169073a13";"";"6097c31fd9001d0169073a13";"DTU Department of Wind and Energy Systems";"sorbit";"sorbit";"Development of a general engineering noise source model for wind farm optimization|Udvikling af en generel støjkildemodel til optimering af vindmølleparker"
"";"dtu|dtupub|third_party";"";"2022-07-24T00:10:11.663Z";"Kjærulff-Jørgensen, William";"";"2712806058";"";"dtu";"2022";"";"";"";"";"thesis";"dtu|dtu_electronic|dtupub_external";"";"";"";"";"";"";"";"";"";"";"";"";"";"";"";"";"und";"62dc8de2f8e4d654e43bd5d3";"";"62dc8de2f8e4d654e43bd5d3";"DTU Department of Technology, Management and Economics";"sorbit";"sorbit";"Development of Equipment for Observation of Diabetic Foot Ulcers|Udvikling af Udstyr til Observation af Diabetiske Fodsar"
"";"dtu|dtupub|third_party";"";"2022-01-03T13:13:27.575Z";"Ouchene, Pierre Ulysse Rabah";"";"2693468616";"";"dtu";"2021";"";"";"";"";"thesis";"dtu|dtu_electronic|dtupub|dtupub_electronic";"";"";"";"";"";"";"";"";"";"";"";"";"";"";"";"";"und";"61389a14d9001d01625ca124";"";"61389a14d9001d01625ca124";"DTU Department of Applied Mathematics and Computer Science";"sorbit";"sorbit";"Time Series predictions in the Danish Surveillance Program for Mosquito-borne spread of Disease|Tidsrække prediktioner i det danske program for vektor-baret sygdomsspredning"
"";"dtu|dtupub|third_party";"";"2022-09-29T00:09:29.876Z";"Kumar, Abishek Murali";"";"2714088760";"";"dtu";"2022";"";"";"";"";"thesis";"dtu|dtu_electronic|dtupub_external";"";"";"";"";"";"";"";"";"";"";"";"";"";"";"";"";"und";"6334e2392cdbe333f969fb08";"";"6334e2392cdbe333f969fb08";"DTU Department of Wind and Energy Systems";"sorbit";"sorbit";"Investigation on the dynamic response of a 30 MW multi rotor floating wind turbine with a semi-submersible floater|Undersøgelse af den dynamiske respons af en 30 MW multirotor flydende vindmølle med en semisub flyder"
"";"dtu|dtupub|third_party";"";"2022-01-03T13:16:37.291Z";"Simonsen, Kenneth Birch";"";"2691893875";"";"dtu";"2021";"";"";"";"";"thesis";"dtu|dtu_electronic|dtupub_external";"";"";"";"";"";"";"";"";"";"";"";"";"";"";"";"";"und";"60fd4698d9001d01622e8d77";"";"60fd4698d9001d01622e8d77";"DTU Department of Chemistry";"sorbit";"sorbit";"Development of new photocatalytic reactions|Udvikling af nye fotokatalytiske reaktioner"
"";"dtu|dtupub|third_party";"";"2022-05-18T11:09:58.549Z";"Khürshid, Saad";"";"2710117730";"";"dtu";"2022";"";"";"";"";"thesis";"dtu|dtu_electronic|dtupub_external";"";"";"";"";"";"";"";"";"";"";"";"";"";"";"";"";"und";"6284d405d8de7817b910c71b";"";"6284d405d8de7817b910c71b";"DTU Department of Health Technology";"sorbit";"sorbit";"Evaluation of protocols to generate cardiac cells from pluripotent stem cells|Evaluering af protokoller til at generere hjerteceller fra pluripotente stamceller"
"";"dtu|dtupub|third_party";"";"2022-01-03T13:16:36.812Z";"Schwartz, Pelle Michael";"";"2693004120";"";"dtu";"2021";"";"";"";"";"thesis";"dtu|dtu_electronic|dtupub_external";"";"";"";"";"";"";"";"";"";"";"";"";"";"";"";"";"und";"61262518d9001d0478369078";"";"61262518d9001d0478369078";"DTU Department of Electrical Engineering";"sorbit";"sorbit";"Syncrhonized sampling and data aquisition on multiple devices on a time sensitive network|Synkroniseret maling og dataopsamling pa flere enheder pa et tidsfølsomt netværk"
"";"dtu|dtupub|third_party";"";"2022-01-03T13:06:01.322Z";"Furnée, Anders Bjerkreim";"";"2691893873";"";"dtu";"2021";"";"";"";"";"thesis";"dtu|dtu_electronic|dtupub_external";"";"";"";"";"";"";"";"";"";"";"";"";"";"";"";"";"und";"60fd4698d9001d01622e8d76";"";"60fd4698d9001d01622e8d76";"DTU Department of Technology, Management and Economics";"sorbit";"sorbit";"Short term scheduling of offshore maintenance tasks|Short term scheduling of offshore maintenance tasks"
"";"dtu|dtupub|third_party";"";"2022-01-03T13:05:58.731Z";"Lenardo, Stefano Di";"";"2685852654";"";"dtu";"2021";"";"";"";"";"thesis";"dtu|dtu_electronic|dtupub|dtupub_electronic";"";"";"";"";"";"";"";"";"";"";"";"";"";"";"";"";"und";"60699e9ed9001d0166530584";"";"60699e9ed9001d0166530584";"DTU Department of Technology, Management and Economics";"sorbit";"sorbit";"Routing of electric vehicles: models and case studies|Routing af elektriske køretøjer: modeller og casestudier"
"";"dtu|dtupub|third_party";"";"2022-07-31T00:09:51.915Z";"Foglia, Lorenza Pia";"";"2712907526";"";"dtu";"2022";"";"";"";"";"thesis";"dtu|dtu_electronic|dtupub|dtupub_electronic";"";"";"";"";"";"";"";"";"";"";"";"";"";"";"";"";"und";"62e5c84f6654cba446fbbe67";"";"62e5c84f6654cba446fbbe67";"DTU Department of Electrical and Photonics Engineering";"sorbit";"sorbit";"Study of the interaction between THz light and skin tissue|Studie af vekselvirkningen mellem THz-lys og væv"
"";"dtu|dtupub|third_party";"";"2022-10-31T11:39:52.550Z";"Alaty, Khaled Amin";"";"2716434323";"";"dtu";"2022";"";"";"";"";"thesis";"dtu|dtu_electronic|dtupub|dtupub_electronic";"";"";"";"";"";"";"";"";"";"";"";"";"";"";"";"";"und";"635792b6f94f17292c24970c";"";"635792b6f94f17292c24970c";"DTU Department of Civil and Mechanical Engineering";"sorbit";"sorbit";"Thermal stability of tungsten alloys|Termisk stabilitet af wolfram legeringer"
"";"dtu|dtupub|third_party";"";"2022-01-03T13:13:09.699Z";"Ringeling, Stijn";"";"2640810554";"";"dtu";"2021";"";"";"";"";"thesis";"dtu|dtu_electronic|dtupub_external";"";"";"";"";"";"";"";"";"";"";"";"";"";"";"";"";"und";"603f7cafd9001d016500554e";"";"603f7cafd9001d016500554e";"DTU Department of Electrical Engineering";"sorbit";"sorbit";"Ultra Low Power ADC for Low Bandwidth Signal Acquisition|Analog-til-digital konverter med ultra lavt strømforbrug"
"";"dtu|dtupub|third_party";"";"2022-01-03T13:05:58.704Z";"Vyrgiotis, Christos";"";"2685503399";"";"dtu";"2021";"";"";"";"";"thesis";"dtu|dtu_electronic|dtupub|dtupub_electronic";"";"";"";"";"";"";"";"";"";"";"";"";"";"";"";"";"und";"6060641bd9001d0166530519";"";"6060641bd9001d0166530519";"DTU Department of Wind and Energy Systems";"sorbit";"sorbit";"Design and evaluation of a floating platform for the IEA15MW|Design og evaluering af en flydende platform til IEA15MW"
"";"dtu|dtupub|third_party";"";"2022-01-03T13:05:28.929Z";"Pedersen, Sarah Guldager|Anojan, Nina";"";"2636463003";"";"dtu";"2021";"";"";"";"";"thesis";"dtu|dtu_electronic|dtupub|dtupub_electronic";"";"";"";"";"";"";"";"";"";"";"";"";"";"";"";"";"und";"603cd9abd9001d0165005506";"";"603cd9abd9001d0165005506";"DTU Department of Health Technology";"sorbit";"sorbit";"Product Development strategy in ecosystems for digital healthcare|Produktudviklingsstrategi i økosystemer for digital sundhedsteknologi"
"";"dtu|dtupub|third_party";"";"2022-01-03T13:16:59.297Z";"Haack, Aleksander Moldt";"";"2683895785";"";"dtu";"2021";"";"";"";"";"thesis";"dtu|dtu_electronic|dtupub_external";"";"";"";"";"";"";"";"";"";"";"";"";"";"";"";"";"und";"605f20bad9001d016653050a";"";"605f20bad9001d016653050a";"DTU Department of Biotechnology and Biomedicine";"sorbit";"sorbit";"Dissecting the proteome and degradome in Hidradenitis suppurativa|Dissektion af proteomet og degradomet i Hidradenitis suppurativa"
"";"dtu|dtupub|third_party";"";"2022-01-03T13:13:25.034Z";"Rasmussen, Rose Christiane Koefoed";"";"2683895789";"";"dtu";"2021";"";"";"";"";"thesis";"dtu|dtu_electronic|dtupub|dtupub_electronic";"";"";"";"";"";"";"";"";"";"";"";"";"";"";"";"";"und";"605f20bad9001d0166530509";"";"605f20bad9001d0166530509";"DTU Department of Environmental and Resource Engineering";"sorbit";"sorbit";"Modelling of overland flood risk of urban catchments: finding the optimal model based on a sensitivity and uncertainty analysis|Modellering af overflade afstrømning - model sammenligning og usikkerhedsanalyse"
"";"dtu|dtupub|third_party";"";"2022-01-06T23:55:18.241Z";"Tatjer, David Catalan";"";"2612047699";"";"dtu";"2021";"";"";"";"";"thesis";"dtu|dtu_electronic|dtupub_external";"";"";"";"";"";"";"";"";"";"";"";"";"";"";"";"";"und";"601a9340d9001d017146d2fc";"";"601a9340d9001d017146d2fc";"DTU Department of Biotechnology and Biomedicine";"sorbit";"sorbit";"Bioreactor perfusion optimization for high cell density CHO cell cultures|Bioreactor perfusion optimization for high cell density CHO cell cultures"
"";"dtu|dtupub|third_party";"";"2022-01-06T23:56:37.262Z";"Madsen, Jens Visbech";"";"2612396577";"";"dtu";"2021";"";"";"";"";"thesis";"dtu|dtu_electronic|dtupub|dtupub_electronic";"";"";"";"";"";"";"";"";"";"";"";"";"";"";"";"";"und";"6023cdadd9001d01657f84f9";"";"6023cdadd9001d01657f84f9";"DTU Department of Wind and Energy Systems";"sorbit";"sorbit";"Load prediction using LiDAR measurements and machine learning|Belastning forudsigelse under anvendelse LiDAR malinger og machine learning"
"";"dtu|dtupub|third_party";"";"2022-01-03T13:05:56.182Z";"Madsen, Johan Bloch|Svendsen, Jonas Gottlieb";"";"2612396556";"";"dtu";"2021";"";"";"";"";"thesis";"dtu|dtu_electronic|dtupub|dtupub_electronic";"";"";"";"";"";"";"";"";"";"";"";"";"";"";"";"";"und";"6023cdabd9001d01657f84f2";"";"6023cdabd9001d01657f84f2";"DTU Department of Applied Mathematics and Computer Science";"sorbit";"sorbit";"Road condition assessment using deep learning|Vurdering af vejtilstande med dyb læring"
"";"dtu|dtupub|third_party";"";"2022-01-03T13:13:24.862Z";"Tirkey, Vishal";"";"2640810128";"";"dtu";"2021";"";"";"";"";"thesis";"dtu|dtu_electronic|dtupub|dtupub_electronic";"";"";"";"";"";"";"";"";"";"";"";"";"";"";"";"";"und";"603f7ca8d9001d0165005527";"";"603f7ca8d9001d0165005527";"DTU Department of Environmental and Resource Engineering";"sorbit";"sorbit";"High rate denitrification systems as an alternative process for energy and nutrient recovery|Denitrifikationssystemer med høj hastighed som en alternativ proces til energi og næringsstofgenvinding"
"";"dtu|dtupub|third_party";"";"2022-01-03T13:05:31.775Z";"Ntomalis, Stefanos";"";"2698567274";"";"dtu";"2021";"";"";"";"";"thesis";"dtu|dtu_electronic|dtupub|dtupub_electronic";"";"";"";"";"";"";"";"";"";"";"";"";"";"";"";"";"und";"6156ec9bd9001d016b645331";"";"6156ec9bd9001d016b645331";"DTU Department of Electrical Engineering";"sorbit";"sorbit";"Frequency stability analysis and model development of zero-inertia system with high wind penetration in the North Sea|Frequency stability analysis and model development of zero-inertia system with high wind penetration in the North Sea"
"";"dtu|dtupub|third_party";"";"2022-01-06T23:55:22.118Z";"Hansen, Jonathan Vejlby Kaas";"";"2697981965";"";"dtu";"2021";"";"";"";"";"thesis";"dtu|dtu_electronic|dtupub_external";"";"";"";"";"";"";"";"";"";"";"";"";"";"";"";"";"und";"6141d494d9001d0162189962";"";"6141d494d9001d0162189962";"DTU Department of Civil and Mechanical Engineering";"sorbit";"sorbit";"Thermochemical surface engineering of titanium-zirconium alloys|Termokemisk overfladebehandling af titan-zirkonium legeringer"
"";"dtu|dtupub|third_party";"";"2022-01-03T13:05:32.111Z";"Fedrigucci, Andrea";"";"2698793524";"";"dtu";"2021";"";"";"";"";"thesis";"dtu|dtu_electronic|dtupub|dtupub_electronic";"";"";"";"";"";"";"";"";"";"";"";"";"";"";"";"";"und";"615eefb6d9001d1b965a69c1";"";"615eefb6d9001d1b965a69c1";"DTU Department of Energy Conversion and Storage";"sorbit";"sorbit";"Autonomous search of solid-state electrolytes with antiperovskite symmetry|Autonom søgen efter faststof elektrolytter med antiperovskit symmetri"
"";"dtu|dtupub|third_party";"";"2022-01-03T13:06:03.489Z";"Rathje, Niclas";"";"2693004165";"";"dtu";"2021";"";"";"";"";"thesis";"dtu|dtu_electronic|dtupub_external";"";"";"";"";"";"";"";"";"";"";"";"";"";"";"";"";"und";"6126251cd9001d047836907e";"";"6126251cd9001d047836907e";"DTU Department of Chemical and Biochemical Engineering";"sorbit";"sorbit";"Mechanical properties of crosslinked silicone-glycerol emulsions|Mekaniske egenskaber af krydsbundne silikone-glycerol emulsioner"
"";"dtu|dtupub|third_party";"";"2022-01-03T13:13:31.601Z";"Kaae, Andreas Frederik";"";"2692305273";"";"dtu";"2021";"";"";"";"";"thesis";"dtu|dtu_electronic|dtupub|dtupub_electronic";"";"";"";"";"";"";"";"";"";"";"";"";"";"";"";"";"und";"61110d1bd9001d016215791f";"";"61110d1bd9001d016215791f";"DTU Department of Technology, Management and Economics";"sorbit";"sorbit";"Survival Analysis Modeling of Electric Vehicle Charging|Survival Analysis Modeling of Electric Vehicle Charging"
"";"dtu|dtupub|third_party";"";"2022-05-03T11:09:59.678Z";"Christensen, Rune Wessel Knaack|Dalsgaard, Tobias Strøm";"";"2709762385";"";"dtu";"2022";"";"";"";"";"thesis";"dtu|dtu_electronic|dtupub_external";"";"";"";"";"";"";"";"";"";"";"";"";"";"";"";"";"und";"62710d861cb07a1146068cda";"";"62710d861cb07a1146068cda";"DTU Department of Civil and Mechanical Engineering";"sorbit";"sorbit";"Optimization of ignition quality tester for testing both gaseous and liquid fuels|Optimering af tændvillighedsmaler til at teste bade gas og væskeformige brændstoffer"
"";"dtu|dtupub|third_party";"";"2022-02-28T12:10:01.612Z";"Krener-Iversen, Holger Svendstorp";"";"2708007460";"";"dtu";"2022";"";"";"";"";"thesis";"dtu|dtu_electronic|dtupub|dtupub_electronic";"";"";"";"";"";"";"";"";"";"";"";"";"";"";"";"";"und";"621cbb98b08f9c235e451d48";"";"621cbb98b08f9c235e451d48";"DTU Department of Electrical and Photonics Engineering";"sorbit";"sorbit";"Gradient-free optimization methods for machine learning|Gradientfrie optimeringsmetoder for maskinlæring"
"";"dtu|dtupub|third_party";"";"2022-01-06T23:54:40.002Z";"Funder, Mariam Nickseresht";"";"2698767824";"";"dtu";"2021";"";"";"";"";"thesis";"dtu|dtu_electronic|dtupub_external";"";"";"";"";"";"";"";"";"";"";"";"";"";"";"";"";"und";"615c32a8d9001d016b64534b";"";"615c32a8d9001d016b64534b";"DTU Department of Chemical and Biochemical Engineering";"sorbit";"sorbit";"Quantitative physiology of the methanotrophic bacteria Methylococcus capsulatus (Bath) in a U-loop bioreactor|Kvantitativ fysiologi af de metanotrofe bakterier Methylococcus capsulatus (Bath) i en U-loop bioreaktor"
"";"dtu|dtupub|third_party";"";"2022-09-04T00:09:26.092Z";"Helgason, Atli Þór";"";"2713463388";"";"dtu";"2022";"";"";"";"";"thesis";"dtu|dtu_electronic|dtupub_external";"";"";"";"";"";"";"";"";"";"";"";"";"";"";"";"";"und";"6313ecb4da13de314531f963";"";"6313ecb4da13de314531f963";"DTU Department of Civil and Mechanical Engineering";"sorbit";"sorbit";"The influence of tool material and tool coating on tool wear in sheet metal forming|Indflydelsen af værktøjsmateriale og –coating pa værktøjsslid i pladeformgivning"
"";"dtu|dtupub|third_party";"";"2022-08-12T00:09:29.967Z";"König, Christina Nicole";"";"2713018242";"";"dtu";"2022";"";"";"";"";"thesis";"dtu|dtu_electronic|dtupub_external";"";"";"";"";"";"";"";"";"";"";"";"";"";"";"";"";"und";"62f59a382e20a503a41edf70";"";"62f59a382e20a503a41edf70";"DTU Department of Civil and Mechanical Engineering";"sorbit";"sorbit";"Additive manufacturing of novel stainless steel compositions with special properties|Additiv fremstilling af nye rustfrit stal sammensætninger med specielle egenskaber"
"";"dtu|dtupub|third_party";"";"2022-02-16T12:10:26.296Z";"Larsen, Frederik Nikolaj Paulin";"";"2707263546";"";"dtu";"2022";"";"";"";"";"thesis";"dtu|dtu_electronic|dtupub|dtupub_electronic";"";"";"";"";"";"";"";"";"";"";"";"";"";"";"";"";"und";"620ce9b0b391677274e2cca9";"";"620ce9b0b391677274e2cca9";"DTU Department of Civil Engineering";"sorbit";"sorbit";"Critical conditions in an enclosure- accounting for wooden surfaces|Kritiske forhold i et rum med træoverflader"
"";"dtu|dtupub|third_party";"";"2022-02-23T12:10:20.869Z";"Nielsen, Sandra|Laursen, Sara Ballegaard";"";"2707790640";"";"dtu";"2022";"";"";"";"";"thesis";"dtu|dtu_electronic|dtupub|dtupub_electronic";"";"";"";"";"";"";"";"";"";"";"";"";"";"";"";"";"und";"6216242c1a10a3235e3b77b2";"";"6216242c1a10a3235e3b77b2";"DTU Department of Civil Engineering";"sorbit";"sorbit";"Characterization of parameters affecting the quality of view out for appropriate selection of solar shading systems|Characterization of parameters affecting the quality of view out for appropriate selection of solar shading systems"
"";"dtu|dtupub|third_party";"";"2022-02-23T12:10:18.231Z";"Chen, Jia Jue Johannes|Blæsbjerg, Kristoffer|Sørensen, Ludvig Kryhlmand";"";"2707790622";"";"dtu";"2022";"";"";"";"";"thesis";"dtu|dtu_electronic|dtupub|dtupub_electronic";"";"";"";"";"";"";"";"";"";"";"";"";"";"";"";"";"und";"621624295b08f5235e501ef5";"";"621624295b08f5235e501ef5";"DTU Department of Civil and Mechanical Engineering";"sorbit";"sorbit";"Improving Environmental Performance of Product Portfolios within Product Architecture Development|Forbedring af produktporteføljers miljøaftryk inden for produktarkitekturudvikling"
"";"dtu|dtupub|third_party";"";"2022-02-17T12:10:01.088Z";"Jensen, Amalie Due";"";"2707285431";"";"dtu";"2022";"";"";"";"";"thesis";"dtu|dtu_electronic|dtupub|dtupub_electronic";"";"";"";"";"";"";"";"";"";"";"";"";"";"";"";"";"und";"620e3b19cbc5807274552754";"";"620e3b19cbc5807274552754";"DTU Department of Applied Mathematics and Computer Science";"sorbit";"sorbit";"Code-based post-quantum cryptography with a focus on the Hamming Quasi-Cyclic encryption scheme|Kode-baseret post-kvantekryptografi med fokus pa Hamming quasi-cyklisk krypteringssystem"
"";"dtu|dtupub|third_party";"";"2022-01-03T13:13:08.669Z";"Begin, Zoe Pascale R Van";"";"2692142159";"";"dtu";"2021";"";"";"";"";"thesis";"dtu|dtu_electronic|dtupub|dtupub_electronic";"";"";"";"";"";"";"";"";"";"";"";"";"";"";"";"";"und";"6109242fd9001d01622e8ec6";"";"6109242fd9001d01622e8ec6";"DTU Department of Civil Engineering";"sorbit";"sorbit";"Adobe bricks – improving mechanical properties with bio ash|Adobe bricks – improving mechanical properties with bio ash"
"";"dtu|dtupub|third_party";"";"2022-07-25T00:11:03.953Z";"Bergen, Thomas Kyndi|Jørgensen, Kasper Bendt";"";"2712810253";"";"dtu";"2022";"";"";"";"";"thesis";"dtu|dtu_electronic|dtupub|dtupub_electronic";"";"";"";"";"";"";"";"";"";"";"";"";"";"";"";"";"und";"62dddf97f0b6e354e49f96a1";"";"62dddf97f0b6e354e49f96a1";"DTU Department of Applied Mathematics and Computer Science";"sorbit";"sorbit";"Plan Recognition for Multi-Agent Coordination|Plangenkendelse for multiagent-koordinering"
"";"dtu|dtupub|third_party";"";"2022-09-09T00:09:29.524Z";"Grigoriadis, Panagiotis";"";"2713564653";"";"dtu";"2022";"";"";"";"";"thesis";"dtu|dtu_electronic|dtupub_external";"";"";"";"";"";"";"";"";"";"";"";"";"";"";"";"";"und";"631a84385971b931451943be";"";"631a84385971b931451943be";"DTU Department of Electrical Engineering";"sorbit";"sorbit";"Resilient Farmland Navigation through Sensor Fusion and Condition Monitoring|Robust navigation pa landbrugsjord gennem sensorfusion og tilstandsovervagning"
"";"dtu|dtupub|third_party";"";"2022-08-31T06:34:04.303Z";"Alami, Khadija";"";"2713409600";"";"dtu";"2022";"";"";"";"";"thesis";"dtu|dtu_electronic|dtupub|dtupub_electronic";"";"";"";"";"";"";"";"";"";"";"";"";"";"";"";"";"und";"630ea6c6578a9b251177e8a5";"";"630ea6c6578a9b251177e8a5";"DTU Department of Electrical Engineering";"sorbit";"sorbit";"Aeroacoustics: Computational study of noise emission of leading-edge damaged airfoils|Aeroakustik: Beregningsstudie af støjudstraling af vingeprofiler med beskadiget forkant"
"";"dtu|dtupub|third_party";"";"2022-08-16T00:10:06.231Z";"Kristiansen, Benedikte Eduard Klarskov";"";"2713170629";"";"dtu";"2022";"";"";"";"";"thesis";"dtu|dtu_electronic|dtupub|dtupub_electronic";"";"";"";"";"";"";"";"";"";"";"";"";"";"";"";"";"und";"62fae05e929b32cdfafea1d4";"";"62fae05e929b32cdfafea1d4";"DTU Department of Biotechnology and Biomedicine";"sorbit";"sorbit";"Elucidation of a fungal pathway for flavonoid production|Belysning af en svampevej til flavonoid produktion"
"";"dtu|dtupub|third_party";"";"2022-01-03T13:13:30.089Z";"Iyer, Akshara Shridhar";"";"2691928375";"";"dtu";"2021";"";"";"";"";"thesis";"dtu|dtu_electronic|dtupub|dtupub_electronic";"";"";"";"";"";"";"";"";"";"";"";"";"";"";"";"";"und";"60fe984ed9001d01622e8e25";"";"60fe984ed9001d01622e8e25";"DTU Department of Chemical and Biochemical Engineering";"sorbit";"sorbit";"Cascade Enzyme immobilization on polyelectrolyte multilayer membranes|Kaskadeenzymimmobilisering pa polyelektrolyt-modificerede membraner"
"";"dtu|dtupub|third_party";"";"2022-01-03T13:06:02.332Z";"Kristensen, Julie Bøjle";"";"2692166323";"";"dtu";"2021";"";"";"";"";"thesis";"dtu|dtu_electronic|dtupub|dtupub_electronic";"";"";"";"";"";"";"";"";"";"";"";"";"";"";"";"";"und";"610a75afd9001d01621578e7";"";"610a75afd9001d01621578e7";"DTU National Institute of Aquatic Resources";"sorbit";"sorbit";"Evaluating biogenic reefs in Denmark|See English title."
"";"dtu|dtupub|third_party";"";"2022-01-11T08:43:22.627Z";"Beissmann, Ian";"";"2692100255";"";"dtu";"2021";"";"";"";"";"thesis";"dtu|dtu_electronic|dtupub_external";"";"";"";"";"";"";"";"";"";"";"";"";"";"";"";"";"und";"6106812ad9001d01622e8e93";"";"6106812ad9001d01622e8e93";"DTU Department of Electrical Engineering";"sorbit";"sorbit";"Advanced Control of Multi-Rotor Wind Turbine|Advanceret Regulering af Multi-Rotor Vindmølle"
"";"dtu|dtupub|third_party";"";"2022-01-03T13:13:19.548Z";"Maltesen, Sebastian Ameland|Sonberg, Frederik";"";"2692210959";"";"dtu";"2021";"";"";"";"";"thesis";"dtu|dtu_electronic|dtupub|dtupub_electronic";"";"";"";"";"";"";"";"";"";"";"";"";"";"";"";"";"und";"610bc70fd9001d01621578ef";"";"610bc70fd9001d01621578ef";"DTU Department of Applied Mathematics and Computer Science";"sorbit";"sorbit";"Smart control for load balancing of an energy grid|Smart kontrol af load balancering for energi grid"
"";"dtu|dtupub|third_party";"";"2022-01-03T13:05:49.306Z";"Moltved, Kristian Julius";"";"2693243150";"";"dtu";"2021";"";"";"";"";"thesis";"dtu|dtu_electronic|dtupub|dtupub_electronic";"";"";"";"";"";"";"";"";"";"";"";"";"";"";"";"";"und";"612f5fb9d9001d017237203c";"";"612f5fb9d9001d017237203c";"DTU Department of Health Technology";"sorbit";"sorbit";"Lensless Multiphoton Light-sheet Fluorescence Endoscopy by Multicore Fibers|Linsefri Multifoton Lysark Fluoresensmikroskopi ved Multikernefibre"
"";"dtu|dtupub|third_party";"";"2022-01-03T13:06:03.534Z";"Popinceanu, Adina-Roxana";"";"2693004479";"";"dtu";"2021";"";"";"";"";"thesis";"dtu|dtu_electronic|dtupub_external";"";"";"";"";"";"";"";"";"";"";"";"";"";"";"";"";"und";"61262525d9001d0478369091";"";"61262525d9001d0478369091";"DTU Department of Biotechnology and Biomedicine";"sorbit";"sorbit";"The impact of DNA supercoiling on the regulation of gene expression|Effekten af supercoiling pa reguleringen af genudtrykkelse"
"";"dtu|dtupub|third_party";"";"2022-08-14T00:09:28.542Z";"Watissee, Paul Arnaud Henri";"";"2713136028";"";"dtu";"2022";"";"";"";"";"thesis";"dtu|dtu_electronic|dtupub|dtupub_electronic";"";"";"";"";"";"";"";"";"";"";"";"";"";"";"";"";"und";"62f83d38d7510b03a45de5c9";"";"62f83d38d7510b03a45de5c9";"DTU Department of Wind and Energy Systems";"sorbit";"sorbit";"Optimizing annual energy production of a floating wind farm with moveable wind turbines|Optimering af arlig energiproduktion af en flydende vindmøllepark med flytbare vindmøller"
"";"dtu|dtupub|third_party";"";"2022-11-04T01:09:19.855Z";"Wijers, Daniel";"";"2716532539";"";"dtu";"2022";"";"";"";"";"thesis";"dtu|dtu_electronic|dtupub|dtupub_electronic";"";"";"";"";"";"";"";"";"";"";"";"";"";"";"";"";"und";"6364663ea2e7022a4bf134cd";"";"6364663ea2e7022a4bf134cd";"DTU Department of Civil Engineering";"sorbit";"sorbit";"Investigation of potential for lower operating temperatures of a residential space heating system|Undersøgelse af potentialet for lavere temperaturer i varmeanlæg til boligblok"
"";"dtu|dtupub|third_party";"";"2023-01-26T01:09:20.456Z";"Ohrt, Alexander Holm";"";"2718340542";"";"dtu";"2022";"";"";"";"";"thesis";"dtu|dtu_electronic|dtupub|dtupub_electronic";"";"";"";"";"";"";"";"";"";"";"";"";"";"";"";"";"und";"63d1d2c0dd691a1e04a6bab2";"";"63d1d2c0dd691a1e04a6bab2";"DTU Department of Electrical and Photonics Engineering";"sorbit";"sorbit";"Single-shot waveform detection of air-plasma based THz sources|Enkeltskuds bølgeformdetektion af luftplasma-baserede THz-kilder"
"";"dtu|dtupub|third_party";"";"2022-08-12T00:10:09.756Z";"Dertili, Elli";"";"2713018312";"";"dtu";"2022";"";"";"";"";"thesis";"dtu|dtu_electronic|dtupub|dtupub_electronic";"";"";"";"";"";"";"";"";"";"";"";"";"";"";"";"";"und";"62f59a5b87b1f803a4b7c25b";"";"62f59a5b87b1f803a4b7c25b";"DTU Department of Biotechnology and Biomedicine";"sorbit";"sorbit";"Absolute quantitative membrane proteomics|Absolute quantitative membrane proteomics"
"";"dtu|dtupub|third_party";"";"2022-02-22T12:09:59.210Z";"MARIN, EMILIA-IOANA";"";"2707583686";"";"dtu";"2022";"";"";"";"";"thesis";"dtu|dtu_electronic|dtupub_external";"";"";"";"";"";"";"";"";"";"";"";"";"";"";"";"";"und";"6214d2942616a3235e9f5631";"";"6214d2942616a3235e9f5631";"DTU Department of Chemical and Biochemical Engineering";"sorbit";"sorbit";"Investigation of the effect of CBD on skin properties|Undersøgelse af CBDs indflydelse pa hudparametre"
"";"dtu|dtupub|third_party";"";"2022-03-23T12:09:56.260Z";"Hassel-Pflugh, Lasse";"";"2708780347";"";"dtu";"2022";"";"";"";"";"thesis";"dtu|dtu_electronic|dtupub_external";"";"";"";"";"";"";"";"";"";"";"";"";"";"";"";"";"und";"623b0e1378d2cfdb73187e0a";"";"623b0e1378d2cfdb73187e0a";"DTU Department of Applied Mathematics and Computer Science";"sorbit";"sorbit";"Smart insulin pens for artificial pancreas technology|Smarte insulin penne til kunstig bugspytkirtel teknologi"
"";"dtu|dtupub|third_party";"";"2022-01-03T13:13:31.074Z";"Garnæs, Marie Frederikke";"";"2692075415";"";"dtu";"2021";"";"";"";"";"thesis";"dtu|dtu_electronic|dtupub|dtupub_electronic";"";"";"";"";"";"";"";"";"";"";"";"";"";"";"";"";"und";"61052f95d9001d01622e8e69";"";"61052f95d9001d01622e8e69";"DTU Department of Applied Mathematics and Computer Science";"sorbit";"sorbit";"Characterising temporal and spatial variability in individual brain maturational trajectories|Modellering af hjerneudvikling hos børn og unge baseret pa MR data"
"";"dtu|dtupub|third_party";"";"2022-07-07T11:48:26.318Z";"Gezer, Berk Kyané";"";"2712547646";"";"dtu";"2022";"";"";"";"";"thesis";"dtu|dtu_electronic|dtupub|dtupub_electronic";"";"";"";"";"";"";"";"";"";"";"";"";"";"";"";"";"und";"62c6c809fb1df003d76063e9";"";"62c6c809fb1df003d76063e9";"DTU Department of Space Research and Space Technology";"sorbit";"sorbit";"Systems design of telemetry downlink for 9km sounding rockets|Systemdesign af telemetridownlink til 9km sonderaketter"
"";"dtu|dtupub|third_party";"";"2022-07-04T11:09:54.292Z";"Agger, Frederik";"";"2712470330";"";"dtu";"2022";"";"";"";"";"thesis";"dtu|dtu_electronic|dtupub|dtupub_electronic";"";"";"";"";"";"";"";"";"";"";"";"";"";"";"";"";"und";"62c2ca825a2bed250abcb979";"";"62c2ca825a2bed250abcb979";"DTU Department of Environmental and Resource Engineering";"sorbit";"sorbit";"Biodegradation of plastics in the marine environment: impacts of UV weathering and microbial communities|Bionedbrydning af plast i havmiljøet: indflydelse af UV-forvitring og mikrobielle samfund"
"";"dtu|dtupub|third_party";"";"2022-01-06T23:55:20.785Z";"Smahajcsik, Dóra";"";"2692100161";"";"dtu";"2021";"";"";"";"";"thesis";"dtu|dtu_electronic|dtupub|dtupub_electronic";"";"";"";"";"";"";"";"";"";"";"";"";"";"";"";"";"und";"6106811bd9001d01622e8e82";"";"6106811bd9001d01622e8e82";"DTU Department of Biotechnology and Biomedicine";"sorbit";"sorbit";"Role of plant growth promoting rhizobacteria of the genus Pseudomonas as biostimulants: protection of tomato (Solanum lycopersici) from oxidative stress damage|Rollen af plantevækst-fremmende rhizobakterier af slægten Pseudomonas som biostimulerende midler: beskyttelse af tomat (Solanum lycopersici) mod oxidativ stressskade"
"";"dtu|dtupub|third_party";"";"2022-03-14T07:32:06.800Z";"Andersen, Emil Bach";"";"2708322420";"";"dtu";"2022";"";"";"";"";"thesis";"dtu|dtu_electronic|dtupub_external";"";"";"";"";"";"";"";"";"";"";"";"";"";"";"";"";"und";"622eef68a3603985448517a0";"";"622eef68a3603985448517a0";"DTU Department of Chemical and Biochemical Engineering";"sorbit";"sorbit";"A data-driven, modelling and simulation approach for API capacity ramp-up|En datadreven modellering og simulerings tilgang for API kapacitets forøgelse"
"";"dtu|dtupub|third_party";"";"2022-11-02T01:09:21.074Z";"Papamanolis, Konstantinos";"";"2716510428";"";"dtu";"2022";"";"";"";"";"thesis";"dtu|dtu_electronic|dtupub|dtupub_electronic";"";"";"";"";"";"";"";"";"";"";"";"";"";"";"";"";"und";"6361c340cb753e2a4b63ee4a";"";"6361c340cb753e2a4b63ee4a";"DTU Department of Environmental and Resource Engineering";"sorbit";"sorbit";"Conceptual modelling of an NBS‘s hydrological performance|Konceptuel modellering af et LAR-anlægs hydrologiske opførsel"
"";"dtu|dtupub|third_party";"";"2022-07-25T00:10:21.920Z";"Pinet, Augustin Arnaud Damien-Pierre Marie";"";"2712810172";"";"dtu";"2022";"";"";"";"";"thesis";"dtu|dtu_electronic|dtupub|dtupub_electronic";"";"";"";"";"";"";"";"";"";"";"";"";"";"";"";"";"und";"62dddf6d74ad3a54e40ae5e0";"";"62dddf6d74ad3a54e40ae5e0";"DTU Department of Energy Conversion and Storage";"sorbit";"sorbit";"Off grid water desalination|Off grid afsaltning af vand"
"";"dtu|dtupub|third_party";"";"2022-01-03T13:06:03.503Z";"Reland, Anna Bjørn";"";"2693004472";"";"dtu";"2021";"";"";"";"";"thesis";"dtu|dtu_electronic|dtupub_external";"";"";"";"";"";"";"";"";"";"";"";"";"";"";"";"";"und";"61262525d9001d047836908d";"";"61262525d9001d047836908d";"DTU Department of Technology, Management and Economics";"sorbit";"sorbit";"Digital Business Model Innovation in practice – A case study of Aller Media’s Digital Transformation|Digital Business Model Innovation in praksis – et virksomhedsstudie i Aller Medias digitale transformation"
"";"dtu|dtupub|third_party";"";"2022-01-06T23:54:35.957Z";"Bertram, Andreas";"";"2691384173";"";"dtu";"2021";"";"";"";"";"thesis";"dtu|dtu_electronic|dtupub|dtupub_electronic";"";"";"";"";"";"";"";"";"";"";"";"";"";"";"";"";"und";"60e6dd23d9001d015e7e5063";"";"60e6dd23d9001d015e7e5063";"DTU Department of Civil Engineering";"sorbit";"sorbit";"Application of Classical & Dynamic Risk Assessment on a nursing home using Dynamo (BIM)|Anvendelse af klassisk og dynamisk risikovurdering pa et plejehjem ved hjælp af Dynamo (BIM)"
"";"dtu|dtupub|third_party";"";"2022-10-01T00:09:33.031Z";"Käther, Karl-Kristian";"";"2714143709";"";"dtu";"2022";"";"";"";"";"thesis";"dtu|dtu_electronic|dtupub_external";"";"";"";"";"";"";"";"";"";"";"";"";"";"";"";"";"und";"6337853c2619ae33f9f02be6";"";"6337853c2619ae33f9f02be6";"DTU Department of Biotechnology and Biomedicine";"sorbit";"sorbit";"Feasibility assessment of Open Source DCS/SCADA solutions for the control of industrial bioprocesses|Feasibility assessment of Open Source DCS/SCADA solutions for the control of industrial bioprocesses"
"";"dtu|dtupub|third_party";"";"2022-01-06T23:56:38.603Z";"Luo, Haoyu";"";"2691560074";"";"dtu";"2021";"";"";"";"";"thesis";"dtu|dtu_electronic|dtupub_external";"";"";"";"";"";"";"";"";"";"";"";"";"";"";"";"";"und";"60eec613d9001d0162248941";"";"60eec613d9001d0162248941";"DTU Department of Civil Engineering";"sorbit";"sorbit";"Rainfall-induced landslide susceptibility mapping applying machine learning algorithms and numerical methods|Kortlægning af regnvejrsfølsomme jordskredomrader gennem machine learning og numeriske metoder"
"";"dtu|dtupub|third_party";"";"2022-07-21T00:09:41.580Z";"Ballestero, Sheyla Barrado";"";"2712765011";"";"dtu";"2022";"";"";"";"";"thesis";"dtu|dtu_electronic|dtupub|dtupub_electronic";"";"";"";"";"";"";"";"";"";"";"";"";"";"";"";"";"und";"62d8994521b5d054e4b203b9";"";"62d8994521b5d054e4b203b9";"DTU Department of Health Technology";"sorbit";"sorbit";"Investigation of rodent brain vasculature and perivascular space dynamics in miniscope recordings|Undersøgelse af gnavers hjernevaskulatur og perivaskulær rumdynamik i miniskopoptagelser"
"";"dtu|dtupub|third_party";"";"2022-08-25T11:30:42.589Z";"Villaizan, Pablo";"";"2713316493";"";"dtu";"2022";"";"";"";"";"thesis";"dtu|dtu_electronic|dtupub|dtupub_electronic";"";"";"";"";"";"";"";"";"";"";"";"";"";"";"";"";"und";"6302c93b5aaf23132509c8fd";"";"6302c93b5aaf23132509c8fd";"DTU Department of Civil Engineering";"sorbit";"sorbit";"Title: Study and analysis of the transition towards a circular economy in the construction sector. Subtitle: Business models, indicators and assessment methods. Covering a case study for the economic evaluation as a design parameter in collaboration with Arkitema|Omstilling til cirkulær økonomi i byggeindustrien - Forretningsmodeller, vurderingsmetoder og indikatorer. Et samarbejde med Arkitema"
"";"dtu|dtupub|third_party";"";"2022-01-10T22:04:04.291Z";"Bak, Hakan Koray";"";"2702521826";"";"dtu";"2021";"";"";"";"";"thesis";"dtu|dtu_electronic|dtupub|dtupub_electronic";"";"";"";"";"";"";"";"";"";"";"";"";"";"";"";"";"und";"61a7662f440f4b51427f2eac";"";"61a7662f440f4b51427f2eac";"DTU Department of Civil Engineering";"sorbit";"sorbit";"Financially responsible optimization of indoor climate and performance of office work|Økonomisk bæredygtig optimering af indeklima og præstation af kontorarbejde"
"";"dtu|dtupub|third_party";"";"2022-01-03T13:16:50.627Z";"Schouw, Christian Højte";"";"2640810548";"";"dtu";"2021";"";"";"";"";"thesis";"dtu|dtu_electronic|dtupub|dtupub_electronic";"";"";"";"";"";"";"";"";"";"";"";"";"";"";"";"";"und";"603f7cafd9001d016500554a";"";"603f7cafd9001d016500554a";"DTU Department of Health Technology";"sorbit";"sorbit";"Examining the impact of splice variation on the response to neoepitope-based cancer immunotherapy|Undersøgelse af effekten af splice variation pa respons til neoepitop-baseret cancer immunterapi"
"";"dtu|dtupub|third_party";"";"2022-01-03T13:05:28.072Z";"Johansen, Jógvan";"";"2642152883";"";"dtu";"2021";"";"";"";"";"thesis";"dtu|dtu_electronic|dtupub|dtupub_electronic";"";"";"";"";"";"";"";"";"";"";"";"";"";"";"";"";"und";"6040ce3cd9001d0165005599";"";"6040ce3cd9001d0165005599";"DTU Department of Environmental and Resource Engineering";"sorbit";"sorbit";"Monitoring and control of the Biogas process|Monitorering og kontrol af biogas processen."
"";"dtu|dtupub|third_party";"";"2022-08-20T00:09:29.667Z";"Shi, Junxuan";"";"2713242210";"";"dtu";"2022";"";"";"";"";"thesis";"dtu|dtu_electronic|dtupub|dtupub_electronic";"";"";"";"";"";"";"";"";"";"";"";"";"";"";"";"";"und";"63002639d8cd75132531afda";"";"63002639d8cd75132531afda";"DTU Department of Environmental and Resource Engineering";"sorbit";"sorbit";"Neuronal networks to simulate plant uptake of pesticides|Neuronal networks to simulate plant uptake of pesticides"
"";"dtu|dtupub|third_party";"";"2022-01-03T13:05:32.025Z";"Gijsbers, Bart Jan Andreas";"";"2697798454";"";"dtu";"2021";"";"";"";"";"thesis";"dtu|dtu_electronic|dtupub_external";"";"";"";"";"";"";"";"";"";"";"";"";"";"";"";"";"und";"613c8e88d9001d01625ca13b";"";"613c8e88d9001d01625ca13b";"DTU Department of Environmental and Resource Engineering";"sorbit";"sorbit";"Effect of increased Circularity Potential of windows on VOC-emissions in the indoor environment|Effekt af øget cirkularitetspotentiale for vinduer med hensyn til VOC-emissioner og indeklima"
"";"dtu|dtupub|third_party";"";"2022-01-03T13:17:00.949Z";"Baldursdóttir, Sveinbjörg Sara";"";"2697934587";"";"dtu";"2021";"";"";"";"";"thesis";"dtu|dtu_electronic|dtupub|dtupub_electronic";"";"";"";"";"";"";"";"";"";"";"";"";"";"";"";"";"und";"61408315d9001d0162167923";"";"61408315d9001d0162167923";"DTU Department of Civil Engineering";"sorbit";"sorbit";"Evacuation Modelling of Indoor Playgrounds|Evacuation Modelling of Indoor Playgrounds"
"";"dtu|dtupub|third_party";"";"2022-01-06T23:55:19.611Z";"Ye, Johan Ziruo";"";"2688529929";"";"dtu";"2021";"";"";"";"";"thesis";"dtu|dtu_electronic|dtupub|dtupub_electronic";"";"";"";"";"";"";"";"";"";"";"";"";"";"";"";"";"und";"609d0915d9001d01650a4c96";"";"609d0915d9001d01650a4c96";"DTU Department of Applied Mathematics and Computer Science";"sorbit";"sorbit";"Geometric disentanglement of latent variables|Geometrisk disentanglement af latente variable"
"";"dtu|dtupub|third_party";"";"2022-01-06T23:55:22.139Z";"Kurttila, Marko Piitu Eemeli";"";"2698465164";"";"dtu";"2021";"";"";"";"";"thesis";"dtu|dtu_electronic|dtupub|dtupub_electronic";"";"";"";"";"";"";"";"";"";"";"";"";"";"";"";"";"und";"6151a6a7d9001d0162122c2a";"";"6151a6a7d9001d0162122c2a";"DTU Department of Civil Engineering";"sorbit";"sorbit";"Borehole thermal energy storage as a seasonal capacitor in the off-grid Arctic energy supply system|Borehole thermal energy storage as a seasonal capacitor in the off-grid Arctic energy supply system"
"";"dtu|dtupub|third_party";"";"2022-07-24T00:09:31.317Z";"Cordero, Alvaro Pascual";"";"2712805766";"";"dtu";"2022";"";"";"";"";"thesis";"dtu|dtu_electronic|dtupub_external";"";"";"";"";"";"";"";"";"";"";"";"";"";"";"";"";"und";"62dc8dba9d519554e4a53ec4";"";"62dc8dba9d519554e4a53ec4";"DTU Department of Chemical and Biochemical Engineering";"sorbit";"sorbit";"Process models, simulations and optimizations on Human Milk Oligosaccharides (HMO) recovery|Procesmodeller, simulering og optimering af oprensning af Human Milk Oligosaccharides (HMO)"
"";"dtu|dtupub|third_party";"";"2022-01-11T08:43:23.417Z";"Raj, Shantanu";"";"2691617077";"";"dtu";"2021";"";"";"";"";"thesis";"dtu|dtu_electronic|dtupub|dtupub_electronic";"";"";"";"";"";"";"";"";"";"";"";"";"";"";"";"";"und";"60f1691dd9001d0162248975";"";"60f1691dd9001d0162248975";"DTU Department of Civil and Mechanical Engineering";"sorbit";"sorbit";"Case optimization design and production|Design og produktion af sagsoptimering"
"";"dtu|dtupub|third_party";"";"2022-09-07T00:09:37.621Z";"Kuhberg, Søren";"";"2713518862";"";"dtu";"2022";"";"";"";"";"thesis";"dtu|dtu_electronic|dtupub|dtupub_electronic";"";"";"";"";"";"";"";"";"";"";"";"";"";"";"";"";"und";"6317e14147c94731451dd226";"";"6317e14147c94731451dd226";"DTU Department of Physics";"sorbit";"sorbit";"Theory and simulation of traveling-wave micropumps|Teori og simulering af rejsendebølgemikropumper"
"";"dtu|dtupub|third_party";"";"2022-10-31T11:39:52.574Z";"Silva, João Pedro Grilo da";"";"2716434325";"";"dtu";"2022";"";"";"";"";"thesis";"dtu|dtu_electronic|dtupub_external";"";"";"";"";"";"";"";"";"";"";"";"";"";"";"";"";"und";"635792b7290b5f292c5f9487";"";"635792b7290b5f292c5f9487";"DTU Department of Electrical Engineering";"sorbit";"sorbit";"Feasibility and evaluation of true wireless bone conduction headphones|Gennemførlighed og evaluering af ægte tradløse knogleledende hovedtelefoner"
"";"dtu|dtupub|third_party";"";"2022-01-03T13:13:50.373Z";"Leoni, Ilaria";"";"2692726094";"";"dtu";"2021";"";"";"";"";"thesis";"dtu|dtu_electronic|dtupub|dtupub_electronic";"";"";"";"";"";"";"";"";"";"";"";"";"";"";"";"";"und";"611a47b2d9001d016230a8fe";"";"611a47b2d9001d016230a8fe";"DTU Department of Technology, Management and Economics";"sorbit";"sorbit";"Quantitative stock market prediction using Ita FinBert: A Model for Italian Financial Text sentiment analysis|Quantitative stock market prediction using Ita FinBert: A Model for Italian Financial Text sentiment analysis"
"";"dtu|dtupub|third_party";"";"2022-01-03T13:13:45.308Z";"Carlsson, Julie Dyrvig";"";"2689371142";"";"dtu";"2021";"";"";"";"";"thesis";"dtu|dtu_electronic|dtupub_external";"";"";"";"";"";"";"";"";"";"";"";"";"";"";"";"";"und";"60b4c425d9001d016f3286f8";"";"60b4c425d9001d016f3286f8";"DTU Department of Civil and Mechanical Engineering";"sorbit";"sorbit";"Prediction of Weld Line Integrity Using Cavity Pressure Sensors in the Injection Moulding of a Medical Component|Forudsigelse af sammenflydnings integritet ved brug af tryksensorer i formhulerummene ved sprøjtestøbning af en medicinsk komponent"
"";"dtu|dtupub|third_party";"";"2022-01-11T08:43:18.643Z";"Nørskov-Nielsen, Lasse";"";"2612006820";"";"dtu";"2021";"";"";"";"";"thesis";"dtu|dtu_electronic|dtupub|dtupub_electronic";"";"";"";"";"";"";"";"";"";"";"";"";"";"";"";"";"und";"601941add9001d017146d2a4";"";"601941add9001d017146d2a4";"DTU DTU National Food Institute";"sorbit";"sorbit";"Primary prevention of peanut allergy – impact of dose and route of administration|Forebyggelse af jordnøddeallergi – indflydelsen af dosis og administrationsvejen"
"";"dtu|dtupub|third_party";"";"2022-01-03T13:16:36.792Z";"Jordahn, Mikkel|Hansen, Andreas Abildtrup";"";"2612047709";"";"dtu";"2021";"";"";"";"";"thesis";"dtu|dtu_electronic|dtupub_external";"";"";"";"";"";"";"";"";"";"";"";"";"";"";"";"";"und";"601a9343d9001d017146d30e";"";"601a9343d9001d017146d30e";"DTU Department of Applied Mathematics and Computer Science";"sorbit";"sorbit";"Optimizing Hearing Aids using Machine Learning|Optimering af høreapparater via maskinlæring"
"";"dtu|dtupub|third_party";"";"2022-01-03T13:13:24.885Z";"Utzon, Helena";"";"2644416588";"";"dtu";"2021";"";"";"";"";"thesis";"dtu|dtu_electronic|dtupub|dtupub_electronic";"";"";"";"";"";"";"";"";"";"";"";"";"";"";"";"";"und";"60421fb3d9001d016e35812b";"";"60421fb3d9001d016e35812b";"DTU DTU National Food Institute";"sorbit";"sorbit";"Development of molecular methods to quantify and profile archaeal communities in intestinal samples|Udvikling af molekylære metoder til at kvantificere og profilere arkæer i tarmmiljøet"
"";"dtu|dtupub|third_party";"";"2022-03-17T12:10:05.562Z";"Ejlertsen, Troels Lyder";"";"2708559697";"";"dtu";"2022";"";"";"";"";"thesis";"dtu|dtu_electronic|dtupub|dtupub_electronic";"";"";"";"";"";"";"";"";"";"";"";"";"";"";"";"";"und";"6233251dfca914b6f45252bb";"";"6233251dfca914b6f45252bb";"DTU Department of Electrical Engineering";"sorbit";"sorbit";"Stability Investigation of Offshore Wind Farm in Island operation with Grid Forming Control|Stability Investigation of Offshore Wind Farm in Island operation with Grid Forming Control"
"";"dtu|dtupub|third_party";"";"2022-01-03T13:16:37.242Z";"Langkjær, Nicolaj Hostrup";"";"2679238932";"";"dtu";"2021";"";"";"";"";"thesis";"dtu|dtu_electronic|dtupub|dtupub_electronic";"";"";"";"";"";"";"";"";"";"";"";"";"";"";"";"";"und";"605b2c31d9001d016554ff91";"";"605b2c31d9001d016554ff91";"DTU Department of Civil Engineering";"sorbit";"sorbit";"Life cycle calculations in the early design stage|Livscyklusberegninger i den tidlige designfase"
"";"dtu|dtupub|third_party";"";"2022-01-03T13:05:29.804Z";"Butcher, Brian Alexander";"";"2692100455";"";"dtu";"2021";"";"";"";"";"thesis";"dtu|dtu_electronic|dtupub_external";"";"";"";"";"";"";"";"";"";"";"";"";"";"";"";"";"und";"61068135d9001d01622e8ea4";"";"61068135d9001d01622e8ea4";"DTU Department of Wind and Energy Systems";"sorbit";"sorbit";"Improving traceability of wind turbine mechanical component failure rates through information model mapping and failure rate estimations|Forbedring af sporbarhed af mekaniske vindmøllekomponenters fejl gennem kortlægning af informationsmodel og fejlfrekvensestimering"
"";"dtu|dtupub|third_party";"";"2022-04-28T11:09:59.013Z";"Gintberg, Marie Claire Routhier";"";"2709656893";"";"dtu";"2022";"";"";"";"";"thesis";"dtu|dtu_electronic|dtupub_external";"";"";"";"";"";"";"";"";"";"";"";"";"";"";"";"";"und";"626a7606b9fb8c1146095e87";"";"626a7606b9fb8c1146095e87";"DTU Department of Technology, Management and Economics";"sorbit";"sorbit";"Designing for positive interaction between hospitalized parents with cancer and their adolescent children|Designing for positive interaction between hospitalized parents with cancer and their adolescent children"
"";"dtu|dtupub|third_party";"";"2022-08-12T00:09:31.878Z";"Cirone, Francesco";"";"2713018250";"";"dtu";"2022";"";"";"";"";"thesis";"dtu|dtu_electronic|dtupub_external";"";"";"";"";"";"";"";"";"";"";"";"";"";"";"";"";"und";"62f59a3bba434d03a40360b3";"";"62f59a3bba434d03a40360b3";"DTU Department of Civil Engineering";"sorbit";"sorbit";"Smart hydronic operation in buildings supporting low-temperature district heating|Smart bygningsdrift af vand-barne varmesystemer til lavtemperatur fjernvarme"
"";"dtu|dtupub|third_party";"";"2022-01-06T23:56:40.327Z";"Xenofontos, Christos";"";"2692305257";"";"dtu";"2021";"";"";"";"";"thesis";"dtu|dtu_electronic|dtupub|dtupub_electronic";"";"";"";"";"";"";"";"";"";"";"";"";"";"";"";"";"und";"61110d17d9001d0162157918";"";"61110d17d9001d0162157918";"DTU Department of Applied Mathematics and Computer Science";"sorbit";"sorbit";"rTLS: Proof-of-Concept and Empirical Evaluation|rTLS: Proof-of-Concept og empirisk evaluering"
"";"dtu|dtupub|third_party";"";"2022-01-03T13:05:54.582Z";"Gomes, Nikolas Murphy";"";"2685708633";"";"dtu";"2021";"";"";"";"";"thesis";"dtu|dtu_electronic|dtupub_external";"";"";"";"";"";"";"";"";"";"";"";"";"";"";"";"";"und";"606458a1d9001d016653055d";"";"606458a1d9001d016653055d";"DTU Department of Applied Mathematics and Computer Science";"sorbit";"sorbit";"Complex Robotic Geometries using Time of Flight 3D Localization|Kompleks robotgeometri ved brug af time-of-flight 3D lokalisering"
"";"dtu|dtupub|third_party";"";"2022-01-03T13:13:25.085Z";"Bossen, Mathias Schak";"";"2686813922";"";"dtu";"2021";"";"";"";"";"thesis";"dtu|dtu_electronic|dtupub|dtupub_electronic";"";"";"";"";"";"";"";"";"";"";"";"";"";"";"";"";"und";"608be5a4d9001d563877ebc5";"";"608be5a4d9001d563877ebc5";"DTU Department of Space Research and Space Technology";"sorbit";"sorbit";"Optimization of the TOTEM instruments for the International Space Station|Optimering af TOTEM instrumenterne til Den Internationale Rumstation"
"";"dtu|dtupub|third_party";"";"2022-01-03T13:06:02.654Z";"Emanuelsson, Lisa Fredrika Maria|Kangefjärd, Sara";"";"2691980254";"";"dtu";"2021";"";"";"";"";"thesis";"dtu|dtu_electronic|dtupub|dtupub_electronic";"";"";"";"";"";"";"";"";"";"";"";"";"";"";"";"";"und";"61013b16d9001d01622e8e3a";"";"61013b16d9001d01622e8e3a";"DTU Department of Technology, Management and Economics";"sorbit";"sorbit";"CTG Telemonitoring Solution in Healthcare Systems|CTG Telemonitoring Solution in Healthcare Systems"
"";"dtu|dtupub|third_party";"";"2022-07-03T11:09:45.111Z";"Henrion, Vincent Laurent M";"";"2712438054";"";"dtu";"2022";"";"";"";"";"thesis";"dtu|dtu_electronic|dtupub|dtupub_electronic";"";"";"";"";"";"";"";"";"";"";"";"";"";"";"";"";"und";"62c178f97bf20e250a264ca4";"";"62c178f97bf20e250a264ca4";"DTU Department of Technology, Management and Economics";"sorbit";"sorbit";"Consequences of the COVID-19 pandemic on the public transport usage in the Greater Copenhagen area|Konsekvenser af COVID-19 pandemien for brugen af kollektiv trafik i Storkøbenhavn"
"";"dtu|dtupub|third_party";"";"2022-07-13T00:09:33.270Z";"Muscalu, Maria";"";"2712655591";"";"dtu";"2022";"";"";"";"";"thesis";"dtu|dtu_electronic|dtupub|dtupub_electronic";"";"";"";"";"";"";"";"";"";"";"";"";"";"";"";"";"und";"62ce0d3c66c6b22617aaff00";"";"62ce0d3c66c6b22617aaff00";"DTU Department of Civil Engineering";"sorbit";"sorbit";"EVALUATING ENERGY FLEXIBILITY OF BUILDINGS USING FLEXIBILITY FUNCTIONS|EVALUATING ENERGY FLEXIBILITY OF BUILDINGS USING FLEXIBILITY FUNCTIONS"
"";"dtu|dtupub|third_party";"";"2022-07-31T00:09:45.350Z";"Jørgensen, Ryan";"";"2712907366";"";"dtu";"2022";"";"";"";"";"thesis";"dtu|dtu_electronic|dtupub|dtupub_electronic";"";"";"";"";"";"";"";"";"";"";"";"";"";"";"";"";"und";"62e5c84924de20a4467b824e";"";"62e5c84924de20a4467b824e";"DTU Department of Wind and Energy Systems";"sorbit";"sorbit";"Modal analysis of a multirotor wind turbine|Modal analyse af en multirotor-vindmølle"
"";"dtu|dtupub|third_party";"";"2022-02-21T12:16:56.382Z";"Mortensen, Anna Katharina Granberg";"";"2707366491";"";"dtu";"2022";"";"";"";"";"thesis";"dtu|dtu_electronic|dtupub|dtupub_electronic";"";"";"";"";"";"";"";"";"";"";"";"";"";"";"";"";"und";"6213811aa61364231fd45408";"";"6213811aa61364231fd45408";"DTU Department of Applied Mathematics and Computer Science";"sorbit";"sorbit";"QT-based GUI for interactive segmentation of tubular objects in volumetric data|QT-baseret GUI til interaktiv segmentering af rørformede objeker i volumetrisk data"
"";"dtu|dtupub|third_party";"";"2022-03-14T07:32:06.589Z";"Selwesiuk, Bartosz";"";"2708322396";"";"dtu";"2022";"";"";"";"";"thesis";"dtu|dtu_electronic|dtupub|dtupub_electronic";"";"";"";"";"";"";"";"";"";"";"";"";"";"";"";"";"und";"622eef5e61fc638544e34b84";"";"622eef5e61fc638544e34b84";"DTU Department of Applied Mathematics and Computer Science";"sorbit";"sorbit";"Algorithms for Compressing Highly Similar Strings|Algoritmer til at komprimere strenge"
"";"dtu|dtupub|third_party";"";"2022-04-14T11:09:52.307Z";"Taayeed, Faghihe";"";"2709334600";"";"dtu";"2022";"";"";"";"";"thesis";"dtu|dtu_electronic|dtupub_external";"";"";"";"";"";"";"";"";"";"";"";"";"";"";"";"";"und";"625800ff4ff3f0114684b88e";"";"625800ff4ff3f0114684b88e";"DTU Department of Chemistry";"sorbit";"sorbit";"Experimental characterization of the mechanical properties of the abdomen|Eksperimentel karakterisering af addomens mekaniske egenskaber."
"";"dtu|dtupub|third_party";"";"2022-07-04T11:10:07.294Z";"Frosch, Sabine Sigrid";"";"2712470349";"";"dtu";"2022";"";"";"";"";"thesis";"dtu|dtu_electronic|dtupub|dtupub_electronic";"";"";"";"";"";"";"";"";"";"";"";"";"";"";"";"";"und";"62c2ca8f5cd1ee250a6156b6";"";"62c2ca8f5cd1ee250a6156b6";"DTU Department of Space Research and Space Technology";"sorbit";"sorbit";"Mapping meltwater lake bathymetry from ICESat-2 altimetry|Smeltevandssøers batymetri fra ICESat-2 altimetri"
"";"dtu|dtupub|third_party";"";"2022-01-03T13:13:27.570Z";"Ago, Stela";"";"2691222124";"";"dtu";"2021";"";"";"";"";"thesis";"dtu|dtu_electronic|dtupub|dtupub_electronic";"";"";"";"";"";"";"";"";"";"";"";"";"";"";"";"";"und";"60e2e8c8d9001d01667246de";"";"60e2e8c8d9001d01667246de";"DTU Department of Technology, Management and Economics";"sorbit";"sorbit";"Exploring gaze control of an exoskeleton for rehabilitation purposes with eye-tracking and BCI|Undersøgelse af øjenkontrol af exoskeleton til rehabilitering med øjen-sporing og BCI"
"";"dtu|dtupub|third_party";"";"2022-01-03T13:13:09.747Z";"Henes, Xavier Peers";"";"2693186865";"";"dtu";"2021";"";"";"";"";"thesis";"dtu|dtu_electronic|dtupub_external";"";"";"";"";"";"";"";"";"";"";"";"";"";"";"";"";"und";"612cbcaed9001d017237200e";"";"612cbcaed9001d017237200e";"DTU Department of Technology, Management and Economics";"sorbit";"sorbit";"Production planning of Diabetes Finished Products at Novo Nordisk|Produktions planlægning af Diabetes Finished Products ved Novo Nordisk"
"";"dtu|dtupub|third_party";"";"2022-08-25T11:30:42.678Z";"Essabar, Abdelilah";"";"2713316501";"";"dtu";"2022";"";"";"";"";"thesis";"dtu|dtu_electronic|dtupub|dtupub_electronic";"";"";"";"";"";"";"";"";"";"";"";"";"";"";"";"";"und";"63041abd39c9501325144b3e";"";"63041abd39c9501325144b3e";"DTU Department of Health Technology";"sorbit";"sorbit";"Development of microneedles for oral delivery of peptides and proteins|Udvikling af mikronale til oral levering af peptide og proteiner"
"";"dtu|dtupub|third_party";"";"2022-01-03T13:06:03.857Z";"Stauning, Ludvig Tving";"";"2693243212";"";"dtu";"2021";"";"";"";"";"thesis";"dtu|dtu_electronic|dtupub|dtupub_electronic";"";"";"";"";"";"";"";"";"";"";"";"";"";"";"";"";"und";"612f5fbed9001d0172372048";"";"612f5fbed9001d0172372048";"DTU Department of Health Technology";"sorbit";"sorbit";"Optimized methods for the mechanistic study of fermentation in whole-cell catalysis|Optimerede metoder til mekanistiske undersøgelser af katalyse med intakte celler"
"";"dtu|dtupub|third_party";"";"2022-01-03T13:05:53.200Z";"Wang, Weiwei";"";"2697818760";"";"dtu";"2021";"";"";"";"";"thesis";"dtu|dtu_electronic|dtupub|dtupub_electronic";"";"";"";"";"";"";"";"";"";"";"";"";"";"";"";"";"und";"613de012d9001d01625ca141";"";"613de012d9001d01625ca141";"DTU Department of Electrical Engineering";"sorbit";"sorbit";"Model predictive control based optimal dispatch of wind and hydrogen hybrid systems|Model forudsigelig kontrol baseret optimal forsendelse af vind- og -hydrogen hybrid-systemer"
"";"dtu|dtupub|third_party";"";"2022-07-25T00:11:08.796Z";"Mortensen, Simon Friborg";"";"2712810259";"";"dtu";"2022";"";"";"";"";"thesis";"dtu|dtu_electronic|dtupub|dtupub_electronic";"";"";"";"";"";"";"";"";"";"";"";"";"";"";"";"";"und";"62dddf9c939ab454e4127ac3";"";"62dddf9c939ab454e4127ac3";"DTU Department of Civil and Mechanical Engineering";"sorbit";"sorbit";"Gas bearings under hydrostatic and hybrid lubrication regimes coupled to flexible rotors - an experimental study|Luftlejer under hydrostatisk og hybrid smøringsregime koblet til fleksible rotorer - en eksperimentel undersøgelse"
"";"dtu|dtupub|third_party";"";"2022-10-31T11:39:52.530Z";"Parham, David Anthony";"";"2716434321";"";"dtu";"2022";"";"";"";"";"thesis";"dtu|dtu_electronic|dtupub|dtupub_electronic";"";"";"";"";"";"";"";"";"";"";"";"";"";"";"";"";"und";"635792b4589d37292cb3655c";"";"635792b4589d37292cb3655c";"DTU Department of Electrical Engineering";"sorbit";"sorbit";"Pedestrian detection and tracking for safe robot navigation in urban environments|Pedestrian detection and tracking for safe robot navigation in urban environments"
"";"dtu|dtupub|third_party";"";"2022-12-17T01:09:26.019Z";"Cogliati, Alessandro";"";"2717298432";"";"dtu";"2022";"";"";"";"";"thesis";"dtu|dtu_electronic|dtupub_external";"";"";"";"";"";"";"";"";"";"";"";"";"";"";"";"";"und";"639d16c411e13e25ce7dca26";"";"639d16c411e13e25ce7dca26";"DTU Department of Chemical and Biochemical Engineering";"sorbit";"sorbit";"Development and deployment of Deep-learning based property models|Development and deployment of Deep-learning based property models"
"";"dtu|dtupub|third_party";"";"2022-08-02T00:09:53.467Z";"Bjørner, Toke Bue";"";"2712946508";"";"dtu";"2022";"";"";"";"";"thesis";"dtu|dtu_electronic|dtupub|dtupub_electronic";"";"";"";"";"";"";"";"";"";"";"";"";"";"";"";"";"und";"62e86b51832d8ba446600bba";"";"62e86b51832d8ba446600bba";"DTU Department of Space Research and Space Technology";"sorbit";"sorbit";"Analysis of satellite-based methods for Maritime Arctic Observation|Analyse af satellitbaserede metoder for maritim arktisk observation"
"";"dtu|dtupub|third_party";"";"2022-08-01T00:10:14.791Z";"Steeval, William Sidelmann Schultz";"";"2712912869";"";"dtu";"2022";"";"";"";"";"thesis";"dtu|dtu_electronic|dtupub|dtupub_electronic";"";"";"";"";"";"";"";"";"";"";"";"";"";"";"";"";"und";"62e719e6020b74a446765185";"";"62e719e6020b74a446765185";"DTU Department of Civil and Mechanical Engineering";"sorbit";"sorbit";"Multi-Physical Modelling of Dynamic Behavior in Mechanical Face Seals with focus on Destabilizing Puffing Effects|Multi-Fysik Modellering af Dynamisk Adfærd i Aksial Tætninger med fokus pa Destabiliserende Puffing Effekter"
"";"dtu|dtupub|third_party";"";"2022-01-03T13:16:59.479Z";"Cunha, Miguel Martins dos Reis Filipe";"";"2686441564";"";"dtu";"2021";"";"";"";"";"thesis";"dtu|dtu_electronic|dtupub|dtupub_electronic";"";"";"";"";"";"";"";"";"";"";"";"";"";"";"";"";"und";"607ac223d9001d016505c11c";"";"607ac223d9001d016505c11c";"DTU Department of Technology, Management and Economics";"sorbit";"sorbit";"Lifecycle Analysis for Loan-Financed Investment|Livscyklusanalyse for lanefinansieret investering"
"";"dtu|dtupub|third_party";"";"2022-01-11T08:43:06.368Z";"Jonsson, Emil Schock";"";"2679238895";"";"dtu";"2021";"";"";"";"";"thesis";"dtu|dtu_electronic|dtupub|dtupub_electronic";"";"";"";"";"";"";"";"";"";"";"";"";"";"";"";"";"und";"605b2c2fd9001d016554ff84";"";"605b2c2fd9001d016554ff84";"DTU Department of Civil and Mechanical Engineering";"sorbit";"sorbit";"Analysis of new lightweight gear design and manufacturing by new forming technologies|Analyse af nyt design for letvægtstandhjul og fremstilling ved nye formgivningsmetoder"
"";"dtu|dtupub|third_party";"";"2022-01-03T13:06:02.317Z";"Petersen, Morten Frøkjær";"";"2691928222";"";"dtu";"2021";"";"";"";"";"thesis";"dtu|dtu_electronic|dtupub_external";"";"";"";"";"";"";"";"";"";"";"";"";"";"";"";"";"und";"60fe981bd9001d01622e8dcf";"";"60fe981bd9001d01622e8dcf";"DTU Department of Civil Engineering";"sorbit";"sorbit";"Investigations on large heat storages for district heating|Undersøgelse af store varmelagre til fjernvarme"
"";"dtu|dtupub|third_party";"";"2022-01-03T13:05:29.023Z";"Onnen, David";"";"2689371162";"";"dtu";"2021";"";"";"";"";"thesis";"dtu|dtu_electronic|dtupub|dtupub_electronic";"";"";"";"";"";"";"";"";"";"";"";"";"";"";"";"";"und";"60b4c426d9001d016f3286f9";"";"60b4c426d9001d016f3286f9";"DTU Department of Wind and Energy Systems";"sorbit";"sorbit";"Dynamic wake tracking based on wind turbine blade loads and Kalman filtering|Dynamisk wake lokalisering baseret pa belastninger af vindmøllevinger og Kalman filtrering."
"";"dtu|dtupub|third_party";"";"2022-02-23T12:10:08.693Z";"Dambæk, Nicolas Alexander Sem|Dalvang, Simone|Hyldborg, Jasmin Madsen";"";"2707790576";"";"dtu";"2022";"";"";"";"";"thesis";"dtu|dtu_electronic|dtupub_external";"";"";"";"";"";"";"";"";"";"";"";"";"";"";"";"";"und";"6216241e0c24af235e22e417";"";"6216241e0c24af235e22e417";"DTU Department of Technology, Management and Economics";"sorbit";"sorbit";"Designing a decision support tool as the go-to collaboration hub for circular practices in the construction industry|Design af et beslutningsstøtteværktøj, som det foretrukne samarbejdshubs forcirkulære praksiser i byggeindustrien"
"";"dtu|dtupub|third_party";"";"2022-01-20T12:09:56.027Z";"Zaki, Ayman Eleya Shafeek";"";"2705345995";"";"dtu";"2021";"";"";"";"";"thesis";"dtu|dtu_electronic|dtupub|dtupub_electronic";"";"";"";"";"";"";"";"";"";"";"";"";"";"";"";"";"und";"61e9511392a210149d2a47f1";"";"61e9511392a210149d2a47f1";"DTU Department of Applied Mathematics and Computer Science";"sorbit";"sorbit";"Weakly Supervised Semantic Segmentation for Lung Cancer CT Images|Weakly Supervised Semantisk Segmentering af Lunge Cancer CT Billeder"
"";"dtu|dtupub|third_party";"";"2022-03-03T12:10:13.772Z";"Mohseni, Hamide";"";"2708092093";"";"dtu";"2022";"";"";"";"";"thesis";"dtu|dtu_electronic|dtupub|dtupub_electronic";"";"";"";"";"";"";"";"";"";"";"";"";"";"";"";"";"und";"6220b0253569dd54d8548549";"";"6220b0253569dd54d8548549";"DTU Department of Chemistry";"sorbit";"sorbit";"Structure and function of macromolecular complexes and enzymes in carbohydrate and natural product biosynthesis|Struktur og funktion af makromolekylære komplekser og enzymer i kulhydrat og naturstof biosyntese"
"";"dtu|dtupub|third_party";"";"2022-01-11T12:10:16.900Z";"Davíðsson, Sverrir Heiðar";"";"2704506531";"";"dtu";"2021";"";"";"";"";"thesis";"dtu|dtu_electronic|dtupub|dtupub_electronic";"";"";"";"";"";"";"";"";"";"";"";"";"";"";"";"";"und";"61dd73a781e83312153fc96e";"";"61dd73a781e83312153fc96e";"DTU Department of Environmental and Resource Engineering";"sorbit";"sorbit";"The outlook for smart drainage systems - Assessment of data and methods for data-driven urban drainage flow forecasts in Reykjavik, Iceland|Evaluering af data og metoder til datadrevne forudsigelser af flow i afløbssystemer i Reykjavik, Island"
"";"dtu|dtupub|third_party";"";"2022-07-19T00:09:31.229Z";"Larsen, Daniel";"";"2712721260";"";"dtu";"2022";"";"";"";"";"thesis";"dtu|dtu_electronic|dtupub|dtupub_electronic";"";"";"";"";"";"";"";"";"";"";"";"";"";"";"";"";"und";"62d5f63a18815454e457de69";"";"62d5f63a18815454e457de69";"DTU Department of Applied Mathematics and Computer Science";"sorbit";"sorbit";"Design and Implementation of a Type-safe and Highly Concurrent Runtime System in F#|Design og implementering af et type-sikkert og yderst parallelt kørselstids system i F#"
"";"dtu|dtupub|third_party";"";"2022-08-25T11:30:42.996Z";"Thomsen, Tue Nørgaard Lindhart";"";"2713316518";"";"dtu";"2022";"";"";"";"";"thesis";"dtu|dtu_electronic|dtupub|dtupub_electronic";"";"";"";"";"";"";"";"";"";"";"";"";"";"";"";"";"und";"63056c476241161325a65728";"";"63056c476241161325a65728";"DTU Department of Applied Mathematics and Computer Science";"sorbit";"sorbit";"Exploring machine learning methods for forecasting IoT measurements in wooden structures|Udforskning af maskinlæring metoder til at forudse IoT malinger i trækonstruktioner"
"";"dtu|dtupub|third_party";"";"2022-09-07T00:09:31.691Z";"Zifferero, Paolo";"";"2713518816";"";"dtu";"2022";"";"";"";"";"thesis";"dtu|dtu_electronic|dtupub_external";"";"";"";"";"";"";"";"";"";"";"";"";"";"";"";"";"und";"6317e13bf053dd31451a43d1";"";"6317e13bf053dd31451a43d1";"DTU Department of Technology, Management and Economics";"sorbit";"sorbit";"Improving solver performances on a real-world MIP application with data analysis|Brug af data analyse til at forbedre MIP løseres performance pa praktiske problemer"
"";"dtu|dtupub|third_party";"";"2022-07-04T11:10:11.264Z";"Moral, Carlota Carbajo";"";"2712470354";"";"dtu";"2022";"";"";"";"";"thesis";"dtu|dtu_electronic|dtupub|dtupub_electronic";"";"";"";"";"";"";"";"";"";"";"";"";"";"";"";"";"und";"62c2ca93ae941f250a4c0f65";"";"62c2ca93ae941f250a4c0f65";"DTU Department of Biotechnology and Biomedicine";"sorbit";"sorbit";"Expanding the microbial biosynthetic landscape using genes with unknown function|Udvidelse af det mikrobielle biosyntetiske landskab ved hjælp af gener med ukendt funktion"
"";"dtu|dtupub|third_party";"";"2022-08-12T00:09:42.947Z";"Rycyk, Monika Maria";"";"2713018271";"";"dtu";"2022";"";"";"";"";"thesis";"dtu|dtu_electronic|dtupub_external";"";"";"";"";"";"";"";"";"";"";"";"";"";"";"";"";"und";"62f59a465bc1a903a4a76643";"";"62f59a465bc1a903a4a76643";"DTU Department of Civil and Mechanical Engineering";"sorbit";"sorbit";"Design and development of novel ear-tips for hearing aid applications|Design og udvikling af nye ear-tips til høreapparatapplikationer"
"";"dtu|dtupub|third_party";"";"2022-08-25T11:30:43.178Z";"Espinoza, Claudia Valentina De Luca";"";"2713316529";"";"dtu";"2022";"";"";"";"";"thesis";"dtu|dtu_electronic|dtupub_external";"";"";"";"";"";"";"";"";"";"";"";"";"";"";"";"";"und";"63056c4e703f9e1325bdf87d";"";"63056c4e703f9e1325bdf87d";"DTU Department of Technology, Management and Economics";"sorbit";"sorbit";"Warehouse managed inventory at Flying Tiger Copenhagen|Lagerstyret inventar hos Flying Tiger Copenhagen"
"";"dtu|dtupub|third_party";"";"2022-01-03T13:17:00.484Z";"Ren, Yucheng";"";"2691661121";"";"dtu";"2021";"";"";"";"";"thesis";"dtu|dtu_electronic|dtupub|dtupub_electronic";"";"";"";"";"";"";"";"";"";"";"";"";"";"";"";"";"und";"60f40c13d9001d0162248980";"";"60f40c13d9001d0162248980";"DTU Department of Technology, Management and Economics";"sorbit";"sorbit";"Data-driven methods for Deviation Detection in manufacturing processes|Datadrevne metoder til detektion af afvigelse i fremstillingsprocesser"
"";"dtu|dtupub|third_party";"";"2022-09-01T00:09:28.456Z";"Simon, Paul Jeremy";"";"2713424656";"";"dtu";"2022";"";"";"";"";"thesis";"dtu|dtu_electronic|dtupub_external";"";"";"";"";"";"";"";"";"";"";"";"";"";"";"";"";"und";"630ff838c96ffa31458940b9";"";"630ff838c96ffa31458940b9";"DTU Department of Health Technology";"sorbit";"sorbit";"Prediction of cancer cell trajectories using RNA-Seq and ATAC-seq|Forudsigelse af kræftcellers baner med RNA-Seq og ATAC-seq"
"";"dtu|dtupub|third_party";"";"2021-12-26T12:10:16.671Z";"Bokhari, Syed Muhammad Asim";"";"2703983800";"";"dtu";"2021";"";"";"";"";"thesis";"dtu|dtu_electronic|dtupub_external";"";"";"";"";"";"";"";"";"";"";"";"";"";"";"";"";"und";"61c85ba793ba61f9709d90e0";"";"61c85ba793ba61f9709d90e0";"DTU Department of Biotechnology and Biomedicine";"sorbit";"sorbit";"Development and Validation of a Novel Biomarker to Investigate Tissue Turnover in Spondyloarthritis|Udvikling og validering af en ny biomarkør til undersøgelse af vævsomsætning i spondyloarthritis"
"";"dtu|dtupub|third_party";"";"2022-01-12T00:01:21.447Z";"Bijak, Patryk";"";"2700638351";"";"dtu";"2021";"";"";"";"";"thesis";"dtu|dtu_electronic|dtupub|dtupub_electronic";"";"";"";"";"";"";"";"";"";"";"";"";"";"";"";"";"und";"6197942ccdd32d1614e55b77";"";"6197942ccdd32d1614e55b77";"DTU Department of Civil Engineering";"sorbit";"sorbit";"flow and heat transport in an Enhanced Geothermal System|transport af væske og varme i opsprækket geotermisk reservoirbjergart"
"";"dtu|dtupub|third_party";"";"2022-01-03T13:17:00.705Z";"Kock, Tobias Zanchetta";"";"2691928315";"";"dtu";"2021";"";"";"";"";"thesis";"dtu|dtu_electronic|dtupub|dtupub_electronic";"";"";"";"";"";"";"";"";"";"";"";"";"";"";"";"";"und";"60fe9838d9001d01622e8e03";"";"60fe9838d9001d01622e8e03";"DTU Department of Health Technology";"sorbit";"sorbit";"Simulating Hearing Impairment in Real-time|Simulering af høretab i realtid"
"";"dtu|dtupub|third_party";"";"2022-07-04T11:10:04.143Z";"Rizzi, Nahuel Victor Hernan";"";"2712470343";"";"dtu";"2022";"";"";"";"";"thesis";"dtu|dtu_electronic|dtupub_external";"";"";"";"";"";"";"";"";"";"";"";"";"";"";"";"";"und";"62c2ca8ce562b4250aec2c37";"";"62c2ca8ce562b4250aec2c37";"DTU Department of Electrical Engineering";"sorbit";"sorbit";"Design of HVAC substation for offshore wind farms|Design af HVAC koblingsstationer for offshore vindmølleparker"
"";"dtu|dtupub|third_party";"";"2022-09-17T00:09:28.771Z";"Parslov, Anders";"";"2713827215";"";"dtu";"2022";"";"";"";"";"thesis";"dtu|dtu_electronic|dtupub_external";"";"";"";"";"";"";"";"";"";"";"";"";"";"";"";"";"und";"63251036b316b155faca8ad3";"";"63251036b316b155faca8ad3";"DTU Department of Applied Mathematics and Computer Science";"sorbit";"sorbit";"Language Modelling for Event-based Stock Market Prediction|Sprogmodellering til begivenhedsbaseret aktiemarkedsforudsigelse"
"";"dtu|dtupub|third_party";"";"2022-05-15T11:09:56.357Z";"Eschen, Agnes Moesgård";"";"2710045366";"";"dtu";"2022";"";"";"";"";"thesis";"dtu|dtu_electronic|dtupub|dtupub_electronic";"";"";"";"";"";"";"";"";"";"";"";"";"";"";"";"";"und";"6280df842e72b3159e81de43";"";"6280df842e72b3159e81de43";"DTU Department of Applied Mathematics and Computer Science";"sorbit";"sorbit";"Formalization of Deductive Systems in Isabelle|Formalisering af deduktive systemer i Isabelle"
"";"dtu|dtupub|third_party";"";"2022-07-25T00:10:45.770Z";"Csik, Maximilian";"";"2712810223";"";"dtu";"2022";"";"";"";"";"thesis";"dtu|dtu_electronic|dtupub_external";"";"";"";"";"";"";"";"";"";"";"";"";"";"";"";"";"und";"62dddf85afd3a854e442802f";"";"62dddf85afd3a854e442802f";"DTU Department of Technology, Management and Economics";"sorbit";"sorbit";"Analysis and improvements for outbound logistics processes at DSV's warehouses|Analyse og forbedring af processer for udgaende logistik for DSV lagre"
"";"dtu|dtupub|third_party";"";"2022-07-24T00:10:12.921Z";"Bitsiou, Eleni";"";"2712806092";"";"dtu";"2022";"";"";"";"";"thesis";"dtu|dtu_electronic|dtupub|dtupub_electronic";"";"";"";"";"";"";"";"";"";"";"";"";"";"";"";"";"und";"62dc8de429a01554e4c2b007";"";"62dc8de429a01554e4c2b007";"DTU Department of Civil Engineering";"sorbit";"sorbit";"Digital twins of building services using Modelica and sensor data|Digitale tvillinger ved brug af Modelica og sensor data"
"";"dtu|dtupub|third_party";"";"2022-09-12T00:09:28.284Z";"Nguyen, Vinh Duy";"";"2713609042";"";"dtu";"2022";"";"";"";"";"thesis";"dtu|dtu_electronic|dtupub|dtupub_electronic";"";"";"";"";"";"";"";"";"";"";"";"";"";"";"";"";"und";"631e78b7b4ea844540d2ffea";"";"631e78b7b4ea844540d2ffea";"DTU Department of Environmental and Resource Engineering";"sorbit";"sorbit";"Hydrodynamic simulation of urban drainage flows using generalized residue networks|Hydrodynamisk beregning af flow i spildevandssystemer ved hjælp af generalized residue networks"
"";"dtu|dtupub|third_party";"";"2022-07-25T00:10:26.080Z";"Chouak, Ayoub";"";"2712810181";"";"dtu";"2022";"";"";"";"";"thesis";"dtu|dtu_electronic|dtupub|dtupub_electronic";"";"";"";"";"";"";"";"";"";"";"";"";"";"";"";"";"und";"62dddf721310a954e45535e5";"";"62dddf721310a954e45535e5";"DTU Department of Applied Mathematics and Computer Science";"sorbit";"sorbit";"Remote Attestation Mechanisms for WebAssembly Enclaves in Widely-Distributed Systems|Fjernattestering for Distribuerede WebAssembly Enklaver"
"";"dtu|dtupub|third_party";"";"2022-08-30T00:09:30.112Z";"Hansen, Louise";"";"2713398132";"";"dtu";"2022";"";"";"";"";"thesis";"dtu|dtu_electronic|dtupub|dtupub_electronic";"";"";"";"";"";"";"";"";"";"";"";"";"";"";"";"";"und";"630d553aa43d442511942562";"";"630d553aa43d442511942562";"DTU Department of Civil Engineering";"sorbit";"sorbit";"Valorization of wood bottom ash as sand replacement in alkali-activated materials|Nyttiggørelse af træbundaske som sanderstatning i alkali-aktiverede materialer"
"";"dtu|dtupub|third_party";"";"2022-07-25T00:09:57.393Z";"Jakobsen, Rasmus";"";"2712810137";"";"dtu";"2022";"";"";"";"";"thesis";"dtu|dtu_electronic|dtupub_external";"";"";"";"";"";"";"";"";"";"";"";"";"";"";"";"";"und";"62dddf55ab1c5954e406e696";"";"62dddf55ab1c5954e406e696";"DTU Department of Electrical Engineering";"sorbit";"sorbit";"Assessment of stability in the electrical grid with the integration of large-scale electrolyser plants|Stabilitetsundersøgelse af elnettet med integration af storstilet elektrolyseanlæg"
"";"dtu|dtupub|third_party";"";"2022-07-03T11:09:46.856Z";"Larsen, Nanna Alsig";"";"2712438075";"";"dtu";"2022";"";"";"";"";"thesis";"dtu|dtu_electronic|dtupub_external";"";"";"";"";"";"";"";"";"";"";"";"";"";"";"";"";"und";"62c178fa8f747c250ab18157";"";"62c178fa8f747c250ab18157";"DTU DTU National Food Institute";"sorbit";"sorbit";"Effects of a commercial Bacillus licheniformis based probiotic on the gut microbiota of broiler chickens and links to growth performance|Effekter af et kommercielt Bacillus licheniformis baseret probiotika pa tarmens mikrobiota hos kyllinger i sammenhæng med dyrenes vækst"
"";"dtu|dtupub|third_party";"";"2022-07-03T11:09:47.486Z";"Locqueville, Louis Marie Pascal";"";"2712438084";"";"dtu";"2022";"";"";"";"";"thesis";"dtu|dtu_electronic|dtupub_external";"";"";"";"";"";"";"";"";"";"";"";"";"";"";"";"";"und";"62c178fbfd12f3250ad60dca";"";"62c178fbfd12f3250ad60dca";"DTU Department of Technology, Management and Economics";"sorbit";"sorbit";"Future on-ground energy supply in regional airports: system modelling and environmental impacts|Fremtidig on-ground energiforsyning i regionale lufthavne: System modellering og miljøpavirkninger"
"";"dtu|dtupub|third_party";"";"2022-08-12T00:09:36.222Z";"Sardella, Paolo";"";"2713018262";"";"dtu";"2022";"";"";"";"";"thesis";"dtu|dtu_electronic|dtupub|dtupub_electronic";"";"";"";"";"";"";"";"";"";"";"";"";"";"";"";"";"und";"62f59a3f9df8cd03a4bf88e1";"";"62f59a3f9df8cd03a4bf88e1";"DTU Department of Civil Engineering";"sorbit";"sorbit";"Feasibility of developing sustainable buildings and energy systems for vertical farming in Greenland|Forundersøgelse af udvikling af bæredygtige bygninger og energisystemer til Vertical Farming i Grønland"
"";"dtu|dtupub|third_party";"";"2022-07-25T00:10:19.252Z";"Aarestrup, Phillip";"";"2712810168";"";"dtu";"2022";"";"";"";"";"thesis";"dtu|dtu_electronic|dtupub|dtupub_electronic";"";"";"";"";"";"";"";"";"";"";"";"";"";"";"";"";"und";"62dddf6bf2c6c054e41004e1";"";"62dddf6bf2c6c054e41004e1";"DTU Department of Environmental and Resource Engineering";"sorbit";"sorbit";"Probabilistic machine learning models for predicting urban drainage flows|Probabilistiske maskinlæringsmodeller til forudsigelse af flow i spildevandssystemer"
"";"dtu|dtupub|third_party";"";"2022-07-26T00:09:31.486Z";"Akgül, Ahmet|Hassan, Abdulahi Hayle";"";"2712838280";"";"dtu";"2022";"";"";"";"";"thesis";"dtu|dtu_electronic|dtupub|dtupub_electronic";"";"";"";"";"";"";"";"";"";"";"";"";"";"";"";"";"und";"62df30bb8add2254e404fe8e";"";"62df30bb8add2254e404fe8e";"DTU Department of Civil Engineering";"sorbit";"sorbit";"The use of VDC in planning and execution of foundation projects|Brugen af VDC i planlægning og udførsel af fundamentsprojekter"
"";"dtu|dtupub|third_party";"";"2022-07-25T00:11:00.910Z";"Santi, Alberto";"";"2712810245";"";"dtu";"2022";"";"";"";"";"thesis";"dtu|dtu_electronic|dtupub|dtupub_electronic";"";"";"";"";"";"";"";"";"";"";"";"";"";"";"";"";"und";"62dddf9419898754e427e848";"";"62dddf9419898754e427e848";"DTU Department of Civil and Mechanical Engineering";"sorbit";"sorbit";"Thermomechanical modelling of metal additive manufacturing with focus on residual stresses and deformations|Termomekanisk modellering af metal additiv fremstilling med fokus pa residualspændinger og -deformationer"
"";"dtu|dtupub|third_party";"";"2022-08-03T00:09:40.515Z";"Villers, Manon Chloé";"";"2712960742";"";"dtu";"2022";"";"";"";"";"thesis";"dtu|dtu_electronic|dtupub|dtupub_electronic";"";"";"";"";"";"";"";"";"";"";"";"";"";"";"";"";"und";"62e9bcc450f46ba446f07a74";"";"62e9bcc450f46ba446f07a74";"DTU Department of Civil and Mechanical Engineering";"sorbit";"sorbit";"Development of a framework to support the design of female sanitation solutions for women in developing countries|Udvikling af rammeværk til at støtte udvikling af hygieneløsninger til kvinder i udviklingslande"
"";"dtu|dtupub|third_party";"";"2022-08-03T00:09:41.155Z";"Stilbo, Rebecca|Pedersen, Marlene Schmidt";"";"2712960744";"";"dtu";"2022";"";"";"";"";"thesis";"dtu|dtu_electronic|dtupub|dtupub_electronic";"";"";"";"";"";"";"";"";"";"";"";"";"";"";"";"";"und";"62e9bcc574b3ffa446a32ebe";"";"62e9bcc574b3ffa446a32ebe";"DTU Department of Technology, Management and Economics";"sorbit";"sorbit";"Design of behavioural change interventions: Preventing spreading of contagious diseases in nursing homes|Design of behavioural change interventions: Preventing spreading of contagious diseases in nursing homes."
"";"dtu|dtupub|third_party";"";"2022-08-12T00:09:59.919Z";"Poulsen, Christian Lebeck|Guldborg, Michael Kaaberbøl";"";"2713018303";"";"dtu";"2022";"";"";"";"";"thesis";"dtu|dtu_electronic|dtupub|dtupub_electronic";"";"";"";"";"";"";"";"";"";"";"";"";"";"";"";"";"und";"62f59a56a9a47f03a453f105";"";"62f59a56a9a47f03a453f105";"DTU Department of Health Technology";"sorbit";"sorbit";"Implementation of Cognitive Assessment Test on Commonly Available Digital Devices|Implementering af kognitiv test pa almindeligt tilgængelige digitale enheder"
"";"dtu|dtupub|third_party";"";"2022-07-03T11:09:46.118Z";"Moral, Claire Jarrosson";"";"2712438065";"";"dtu";"2022";"";"";"";"";"thesis";"dtu|dtu_electronic|dtupub|dtupub_electronic";"";"";"";"";"";"";"";"";"";"";"";"";"";"";"";"";"und";"62c178fa73f2ab250ac6bfed";"";"62c178fa73f2ab250ac6bfed";"DTU Department of Chemical and Biochemical Engineering";"sorbit";"sorbit";"The effect of mixing on enzyme stability|Effekten af ??blanding pa enzymstabilitet"
"";"dtu|dtupub|third_party";"";"2022-01-03T13:06:01.325Z";"Finco, Giovanni";"";"2691893871";"";"dtu";"2021";"";"";"";"";"thesis";"dtu|dtu_electronic|dtupub|dtupub_electronic";"";"";"";"";"";"";"";"";"";"";"";"";"";"";"";"";"und";"60fd4698d9001d01622e8d73";"";"60fd4698d9001d01622e8d73";"DTU Department of Electrical and Photonics Engineering";"sorbit";"sorbit";"Optical sensors on subwavelength silicon gratings for protein detection|Optical sensors on subwavelength silicon gratings for protein detection"
"";"dtu|dtupub|third_party";"";"2022-01-06T23:55:20.677Z";"Kaparounaki, Eleni";"";"2689849048";"";"dtu";"2021";"";"";"";"";"thesis";"dtu|dtu_electronic|dtupub|dtupub_electronic";"";"";"";"";"";"";"";"";"";"";"";"";"";"";"";"";"und";"60c73928d9001d01664402f3";"";"60c73928d9001d01664402f3";"DTU Department of Chemistry";"sorbit";"sorbit";"Heat transport in fractured reservoirs|Varmetransport i frakturerede reservoirer"
"";"dtu|dtupub|third_party";"";"2022-01-03T13:17:00.438Z";"Larré, Yann";"";"2691221981";"";"dtu";"2021";"";"";"";"";"thesis";"dtu|dtu_electronic|dtupub_external";"";"";"";"";"";"";"";"";"";"";"";"";"";"";"";"";"und";"60e2e8a1d9001d01667246af";"";"60e2e8a1d9001d01667246af";"DTU Department of Civil and Mechanical Engineering";"sorbit";"sorbit";"Nonlinear time-domain analysis of the Wavepiston wave energy device|Ikke-lineær tidsdomæneanalyse af Wavepiston bølgeenergienanlæg"
"";"dtu|dtupub|third_party";"";"2022-01-03T13:05:31.828Z";"Marcelino, Daniel Lopez|Kelanastasi, Viktoria";"";"2693353147";"";"dtu";"2021";"";"";"";"";"thesis";"dtu|dtu_electronic|dtupub_external";"";"";"";"";"";"";"";"";"";"";"";"";"";"";"";"";"und";"6134a589d9001d0172372055";"";"6134a589d9001d0172372055";"DTU Department of Biotechnology and Biomedicine";"sorbit";"sorbit";"Injectable smart MMP-responsive depot formulation for Treatment of Inflammatory Skin Diseases|Injicerbar smart MMP-responsiv depotformulering til behandling af inflammatoriske hudsygdomme"
"";"dtu|dtupub|third_party";"";"2022-01-03T13:05:30.876Z";"Sommer, Adam Ørbæk";"";"2692692545";"";"dtu";"2021";"";"";"";"";"thesis";"dtu|dtu_electronic|dtupub|dtupub_electronic";"";"";"";"";"";"";"";"";"";"";"";"";"";"";"";"";"und";"6118f613d9001d016230a8dd";"";"6118f613d9001d016230a8dd";"DTU Department of Wind and Energy Systems";"sorbit";"sorbit";"A numerical study of blockage effects in wind farms for different atmospheric conditions|En numerisk undersøgelse af blokeringseffekter i vindmølleparker for forskellige atmosfæriske forhold"
"";"dtu|dtupub|third_party";"";"2022-01-03T13:05:59.894Z";"Jiang, Yunpeng";"";"2691894096";"";"dtu";"2021";"";"";"";"";"thesis";"dtu|dtu_electronic|dtupub|dtupub_electronic";"";"";"";"";"";"";"";"";"";"";"";"";"";"";"";"";"und";"60fd46add9001d01622e8d98";"";"60fd46add9001d01622e8d98";"DTU Department of Environmental and Resource Engineering";"sorbit";"sorbit";"Machine learning approaches to model the error of hydrodynamic drainage models|Maskinlæringsmetoder til modellering af fejl af hydrodynamiske afløbsmodeller"
"";"dtu|dtupub|third_party";"";"2022-01-03T13:13:24.972Z";"Ramon, Ignacio Manuel Perez De";"";"2683895732";"";"dtu";"2021";"";"";"";"";"thesis";"dtu|dtu_electronic|dtupub|dtupub_electronic";"";"";"";"";"";"";"";"";"";"";"";"";"";"";"";"";"und";"605f20b8d9001d01665304fe";"";"605f20b8d9001d01665304fe";"DTU Department of Electrical Engineering";"sorbit";"sorbit";"Driving and battery degradation analysis of EVs providing frequency regulation|Analyse af kørsel og batteridegradering for elbiler der leverer frekvensregulering"
"";"dtu|dtupub|third_party";"";"2022-01-03T13:16:37.160Z";"Nielsen, William Koefoed|Rømming, Frederik";"";"2626729091";"";"dtu";"2021";"";"";"";"";"thesis";"dtu|dtu_electronic|dtupub_external";"";"";"";"";"";"";"";"";"";"";"";"";"";"";"";"";"und";"6036427cd9001d01656e1c90";"";"6036427cd9001d01656e1c90";"DTU Department of Civil and Mechanical Engineering";"sorbit";"sorbit";"Development of system for drainage of cerebrospinal fluid|Udvikling af system til dræning af cerebrospinal væske"
"";"dtu|dtupub|third_party";"";"2022-01-03T13:16:59.474Z";"Bade, Shree Om";"";"2666092630";"";"dtu";"2021";"";"";"";"";"thesis";"dtu|dtu_electronic|dtupub|dtupub_electronic";"";"";"";"";"";"";"";"";"";"";"";"";"";"";"";"";"und";"6051f1c7d9001d01657f2eeb";"";"6051f1c7d9001d01657f2eeb";"DTU Department of Wind and Energy Systems";"sorbit";"sorbit";"Control strategies of hybrid power plants|Kontrolstrategier for hybridkraftværker"
"";"dtu|dtupub|third_party";"";"2022-01-03T13:13:27.575Z";"Heiede, Olivia Sophia Gale";"";"2691222120";"";"dtu";"2021";"";"";"";"";"thesis";"dtu|dtu_electronic|dtupub|dtupub_electronic";"";"";"";"";"";"";"";"";"";"";"";"";"";"";"";"";"und";"60e2e8c7d9001d01667246dc";"";"60e2e8c7d9001d01667246dc";"DTU Department of Health Technology";"sorbit";"sorbit";"Analyses of immune-cell infiltration to Glioblastoma, under immunotherapy treatment|Analyse af immun-celle infiltration i Glioblastom behandlet med immunterapi"
"";"dtu|dtupub|third_party";"";"2022-03-15T12:09:57.787Z";"Tello, Gabriel Cobos";"";"2708472303";"";"dtu";"2022";"";"";"";"";"thesis";"dtu|dtu_electronic|dtupub|dtupub_electronic";"";"";"";"";"";"";"";"";"";"";"";"";"";"";"";"";"und";"623082156e635e854476f11e";"";"623082156e635e854476f11e";"DTU Department of Space Research and Space Technology";"sorbit";"sorbit";"Exploring Fault Injection in a RISC-V System-on-chip for Safety-critical Applications|Exploring Fault Injection in a RISC-V System-on-chip for Safety-critical Applications"
"";"dtu|dtupub|third_party";"";"2022-02-02T12:10:38.872Z";"Saksager, Astrid Brix";"";"2706416151";"";"dtu";"2022";"";"";"";"";"thesis";"dtu|dtu_electronic|dtupub|dtupub_electronic";"";"";"";"";"";"";"";"";"";"";"";"";"";"";"";"";"und";"61fa74be5e709917cd07b66f";"";"61fa74be5e709917cd07b66f";"DTU Department of Health Technology";"sorbit";"sorbit";"An automatized workflow to study mechanistic indicators for driver gene prediction with Moonlight|En automatiseret procedure til at studere mekaniske indikatorer af drivende geners forudsigelse med Moonlight"
"";"dtu|dtupub|third_party";"";"2022-03-09T12:10:04.579Z";"Bartholomäus, Martin|Poessl, Sebastian";"";"2708315604";"";"dtu";"2022";"";"";"";"";"thesis";"dtu|dtu_electronic|dtupub|dtupub_electronic";"";"";"";"";"";"";"";"";"";"";"";"";"";"";"";"";"und";"6228991c42a72054d84b0a7c";"";"6228991c42a72054d84b0a7c";"DTU Department of Electrical and Photonics Engineering";"sorbit";"sorbit";"Assessment of shading modelling methods for solar powered products deployed in urban environments|Analyse af skyggemodellering for solcelledrevne produkter implementeret i bymiljøer"
"";"dtu|dtupub|third_party";"";"2022-05-11T11:10:06.336Z";"Sun, ZhengZhong";"";"2709963795";"";"dtu";"2022";"";"";"";"";"thesis";"dtu|dtu_electronic|dtupub|dtupub_electronic";"";"";"";"";"";"";"";"";"";"";"";"";"";"";"";"";"und";"627b998e5c5b55159ecbdadc";"";"627b998e5c5b55159ecbdadc";"DTU Department of Applied Mathematics and Computer Science";"sorbit";"sorbit";"A consensus algorithm based on Random Number Generation|En konsensusalgoritme baseret pa tilfældig talgenerering"
"";"dtu|dtupub|third_party";"";"2022-04-04T11:10:00.726Z";"Offersen, Jakob Vestergaard|Heegaard, August Boye";"";"2709094868";"";"dtu";"2022";"";"";"";"";"thesis";"dtu|dtu_electronic|dtupub|dtupub_electronic";"";"";"";"";"";"";"";"";"";"";"";"";"";"";"";"";"und";"624ad20847a4cef977286599";"";"624ad20847a4cef977286599";"DTU Department of Applied Mathematics and Computer Science";"sorbit";"sorbit";"Cryptographic Access Control in a Decentralized Distributed File System|Kryptografisk adgangskontrol i et decentraliseret distribueret filsystem"
"";"dtu|dtupub|third_party";"";"2022-02-01T12:42:02.383Z";"Vilandt, Rikke Uhre";"";"2706296921";"";"dtu";"2022";"";"";"";"";"thesis";"dtu|dtu_electronic|dtupub_external";"";"";"";"";"";"";"";"";"";"";"";"";"";"";"";"";"und";"61f9233952d6c217cdd99fcb";"";"61f9233952d6c217cdd99fcb";"DTU Department of Biotechnology and Biomedicine";"sorbit";"sorbit";"Commensal yeast sensing and rewiring|Kommensal gær føling og omlægning"
"";"dtu|dtupub|third_party";"";"2022-03-31T11:10:03.028Z";"Barfoed, Alexander Olin|Rohdin, Thor Biering";"";"2708961038";"";"dtu";"2022";"";"";"";"";"thesis";"dtu|dtu_electronic|dtupub_external";"";"";"";"";"";"";"";"";"";"";"";"";"";"";"";"";"und";"62458c0a36d151f30be22103";"";"62458c0a36d151f30be22103";"DTU Department of Technology, Management and Economics";"sorbit";"sorbit";"An analysis of current practice and necessary capabilities in AEC companies, to optimize the use of materials via circular construction platforms in Denmark|En analyse af arbejdsgange og kritiske ressourcer hos firmaer i byggesektoren med henblik pa at optimere materialeforbrug via cirkulære bygningsplatforme i Danmark."
"";"dtu|dtupub|third_party";"";"2022-03-16T12:10:08.833Z";"Vazquez, Cesar Alejandro Torrealba";"";"2708496658";"";"dtu";"2022";"";"";"";"";"thesis";"dtu|dtu_electronic|dtupub_external";"";"";"";"";"";"";"";"";"";"";"";"";"";"";"";"";"und";"6231d3a023ed0eb3b5122f5c";"";"6231d3a023ed0eb3b5122f5c";"DTU Department of Space Research and Space Technology";"sorbit";"sorbit";"Super resolution beamforming|Super resolution beamforming"
"";"dtu|dtupub|third_party";"";"2022-02-10T12:27:49.785Z";"Torp, Emilie Alstrup";"";"2707132868";"";"dtu";"2022";"";"";"";"";"thesis";"dtu|dtu_electronic|dtupub|dtupub_electronic";"";"";"";"";"";"";"";"";"";"";"";"";"";"";"";"";"und";"6205009f24e3211bb6ceef2e";"";"6205009f24e3211bb6ceef2e";"DTU Department of Space Research and Space Technology";"sorbit";"sorbit";"Investigation of physical accessibility and perception of safety in urban environments - a case study with a geospatial perspective|Undersøgelse af fysisk tilgængelighed og opfattelse af tryghed i bymiljøer - et casestudie med et geospatielt perspektiv"
"";"dtu|dtupub|third_party";"";"2022-03-16T12:10:01.457Z";"Khonsariatighi, Melika";"";"2708496518";"";"dtu";"2022";"";"";"";"";"thesis";"dtu|dtu_electronic|dtupub_external";"";"";"";"";"";"";"";"";"";"";"";"";"";"";"";"";"und";"6231d39955a105b3b5b2f42e";"";"6231d39955a105b3b5b2f42e";"DTU Department of Technology, Management and Economics";"sorbit";"sorbit";"Environmental Assessment on Requirements to Circulate Waste (by-) Product in Industrial Symbiosis (Case study in LEGO Systems A/S)|Environmental Assessment on Requirements to Circulate Waste (by-) Product in Industrial Symbiosis (Case study in LEGO Systems A/S)"
"";"dtu|dtupub|third_party";"";"2022-01-03T13:13:24.957Z";"Sørensen, Andreas";"";"2683895747";"";"dtu";"2021";"";"";"";"";"thesis";"dtu|dtu_electronic|dtupub_external";"";"";"";"";"";"";"";"";"";"";"";"";"";"";"";"";"und";"605f20b9d9001d0166530502";"";"605f20b9d9001d0166530502";"DTU Department of Civil Engineering";"sorbit";"sorbit";"Circular buildings, Life Cycle Considerations and Datastructures|Cirkulært byggeri, Livscyclusbetragtninger og Datastrukturer"
"";"dtu|dtupub|third_party";"";"2022-01-03T13:13:31.175Z";"Bersås, Ingeborg";"";"2692141448";"";"dtu";"2021";"";"";"";"";"thesis";"dtu|dtu_electronic|dtupub_external";"";"";"";"";"";"";"";"";"";"";"";"";"";"";"";"";"und";"61092414d9001d01622e8eba";"";"61092414d9001d01622e8eba";"DTU Department of Applied Mathematics and Computer Science";"sorbit";"sorbit";"Re-design of the consultancy process for migraine patients|Redesign af migræne-konsultationsprocessen"
"";"dtu|dtupub|third_party";"";"2022-04-16T11:09:53.305Z";"Albertsen, Camilla Hald";"";"2709378110";"";"dtu";"2022";"";"";"";"";"thesis";"dtu|dtu_electronic|dtupub_external";"";"";"";"";"";"";"";"";"";"";"";"";"";"";"";"";"und";"625aa4009b937e11461003b0";"";"625aa4009b937e11461003b0";"DTU Department of Health Technology";"sorbit";"sorbit";"Development of lipid nanoparticles for efficient nucleic acid transfection into skin cells|Udvikling af lipid -nanopartikler til effektiv nukleinsyretransfektion i hudceller"
"";"dtu|dtupub|third_party";"";"2022-01-10T09:51:51.759Z";"Corominas, Anna Molins";"";"2702148701";"";"dtu";"2021";"";"";"";"";"thesis";"dtu|dtu_electronic|dtupub_external";"";"";"";"";"";"";"";"";"";"";"";"";"";"";"";"";"und";"619b88a7605c311614796e9f";"";"619b88a7605c311614796e9f";"DTU Department of Biotechnology and Biomedicine";"sorbit";"sorbit";"Analysis of the role of N-WASP mutations in cancer|Analyse af rollen af N-WASP mutationer i kræft"
"";"dtu|dtupub|third_party";"";"2022-07-30T00:09:36.860Z";"Loubert, Marie Sophie Pauline";"";"2712896305";"";"dtu";"2022";"";"";"";"";"thesis";"dtu|dtu_electronic|dtupub_external";"";"";"";"";"";"";"";"";"";"";"";"";"";"";"";"";"und";"62e476c0e7d26da446c7e428";"";"62e476c0e7d26da446c7e428";"DTU Department of Civil and Mechanical Engineering";"sorbit";"sorbit";"Environmental impacts and Quality assessment of leather and leather substitutes according to the Product Environmental Footprint methodology|Miljøpavirkninger og kvalitetsvurdering af læder og lædererstatninger i henhold til Product Environmental Footprint-metoden"
"";"dtu|dtupub|third_party";"";"2022-03-16T12:10:08.058Z";"Jensen, Christopher Ravn Boe";"";"2708496646";"";"dtu";"2022";"";"";"";"";"thesis";"dtu|dtu_electronic|dtupub_external";"";"";"";"";"";"";"";"";"";"";"";"";"";"";"";"";"und";"6231d3a0f9aa99b3b58c83d7";"";"6231d3a0f9aa99b3b58c83d7";"DTU Department of Applied Mathematics and Computer Science";"sorbit";"sorbit";"A multimodal investigation of the effect of masked 40 Hz brain stimulation on working memory and emotional response|En multimodal undersøgelse af indvirkningen af 40 Hz hjerne stimulering via maskeret lys pa arbejdshukommelse og udtryk af følelser."
"";"dtu|dtupub|third_party";"";"2022-01-06T23:56:41.340Z";"Collins, Erik Leroy";"";"2693243093";"";"dtu";"2021";"";"";"";"";"thesis";"dtu|dtu_electronic|dtupub_external";"";"";"";"";"";"";"";"";"";"";"";"";"";"";"";"";"und";"612f5fb4d9001d0172372039";"";"612f5fb4d9001d0172372039";"DTU Department of Electrical and Photonics Engineering";"sorbit";"sorbit";"Facilitating Remote Live Playing of Music through FPGAs|Facilitering af Live fjern-udøvelse af musik gennem FPGAer."
"";"dtu|dtupub|third_party";"";"2022-07-04T11:09:56.710Z";"Hansen, Andreas";"";"2712470332";"";"dtu";"2022";"";"";"";"";"thesis";"dtu|dtu_electronic|dtupub|dtupub_electronic";"";"";"";"";"";"";"";"";"";"";"";"";"";"";"";"";"und";"62c2ca84ca3f54250aaadbd4";"";"62c2ca84ca3f54250aaadbd4";"DTU Department of Civil and Mechanical Engineering";"sorbit";"sorbit";"Numerical investigation of contact properties in spline connections|Numerisk undersøgelse af kontaktforhold i mangenot."
"";"dtu|dtupub|third_party";"";"2022-01-03T13:13:25.869Z";"Eriksen, Markus";"";"2688729142";"";"dtu";"2021";"";"";"";"";"thesis";"dtu|dtu_electronic|dtupub|dtupub_electronic";"";"";"";"";"";"";"";"";"";"";"";"";"";"";"";"";"und";"60a0fda1d9001d01650a4c9d";"";"60a0fda1d9001d01650a4c9d";"DTU DTU National Food Institute";"sorbit";"sorbit";"Risk assessment of tickborne encephalitis (TBE) virus in unpasteurised dairy products in Denmark|Risikovurdering af tickborne encephalitis (TBE) virus i upasteuriserede mælkeprodukter i Danmark"
"";"dtu|dtupub|third_party";"";"2022-01-03T13:16:59.297Z";"Incerti, Alex";"";"2613089384";"";"dtu";"2021";"";"";"";"";"thesis";"dtu|dtu_electronic|dtupub|dtupub_electronic";"";"";"";"";"";"";"";"";"";"";"";"";"";"";"";"";"und";"602e59b0d9001d01650f4d1e";"";"602e59b0d9001d01650f4d1e";"DTU Department of Applied Mathematics and Computer Science";"sorbit";"sorbit";"Predicting Post-Release Bugs from Continuous Integration Metrics|Forudsiger Post-Release Bugs fra Kontinuerlige Integrationsmalinger"
"";"dtu|dtupub|third_party";"";"2023-01-31T01:09:24.897Z";"Teutloff, Nele";"";"2718401504";"";"dtu";"2022";"";"";"";"";"thesis";"dtu|dtu_electronic|dtupub|dtupub_electronic";"";"";"";"";"";"";"";"";"";"";"";"";"";"";"";"";"und";"63d86a440a7b4c1e04d95384";"";"63d86a440a7b4c1e04d95384";"DTU Department of Environmental and Resource Engineering";"sorbit";"sorbit";"Development of Life Cycle Impact Assessment methods for quantifying climate change damages|Metodeudvikling til kvantificering af miljøpavirkninger forarsaget af klimaforandringer"
"";"dtu|dtupub|third_party";"";"2022-01-03T13:16:50.648Z";"Wamberg, Michael";"";"2686067345";"";"dtu";"2021";"";"";"";"";"thesis";"dtu|dtu_electronic|dtupub_external";"";"";"";"";"";"";"";"";"";"";"";"";"";"";"";"";"und";"606ee4a9d9001d01665305b1";"";"606ee4a9d9001d01665305b1";"DTU Department of Technology, Management and Economics";"sorbit";"sorbit";"Probabilistic modelling and Bayesian inference for skill assessment in football|Probabilistisk modellering og Bayesiansk inferens til vurdering af evner i fodbold"
"";"dtu|dtupub|third_party";"";"2022-01-03T13:05:56.947Z";"Henriksen, Alexander Pil";"";"2626728694";"";"dtu";"2021";"";"";"";"";"thesis";"dtu|dtu_electronic|dtupub|dtupub_electronic";"";"";"";"";"";"";"";"";"";"";"";"";"";"";"";"";"und";"60364262d9001d01656e1c31";"";"60364262d9001d01656e1c31";"DTU Department of Biotechnology and Biomedicine";"sorbit";"sorbit";"Helping the helpers: Genetic and phenotypical characterization of microbial helper-strains for development of robust biofertilizer consortia|Hjælp til hjælperne: Genetisk og fænotypisk karakterisering af mikrobielle hjælper-stammer til udvikling af robuste biofertiliserings konsortier"
"";"dtu|dtupub|third_party";"";"2022-08-15T00:09:25.751Z";"Kruuse, Asbjørn Martin";"";"2713140661";"";"dtu";"2022";"";"";"";"";"thesis";"dtu|dtu_electronic|dtupub|dtupub_electronic";"";"";"";"";"";"";"";"";"";"";"";"";"";"";"";"";"und";"62f98eb4baf83203a44e57cf";"";"62f98eb4baf83203a44e57cf";"DTU Department of Technology, Management and Economics";"sorbit";"sorbit";"Solving the Patient Admission Scheduling problem with Adaptive Large Neighbourhood Search|Patient Allokeringsproblemet løst vha. Adaptive Large Neighbourhood Search"
"";"dtu|dtupub|third_party";"";"2022-01-06T23:55:18.165Z";"Jespersen, Jakob Kaufmann";"";"2612006878";"";"dtu";"2021";"";"";"";"";"thesis";"dtu|dtu_electronic|dtupub|dtupub_electronic";"";"";"";"";"";"";"";"";"";"";"";"";"";"";"";"";"und";"601941b2d9001d017146d2b5";"";"601941b2d9001d017146d2b5";"DTU Department of Technology, Management and Economics";"sorbit";"sorbit";"Sustainability versus resilience in supply chain network design|Sustainability versus resilience in supply chain network design"
"";"dtu|dtupub|third_party";"";"2022-08-16T00:09:40.115Z";"Nourouzi, Andreas Grøndahl";"";"2713170447";"";"dtu";"2022";"";"";"";"";"thesis";"dtu|dtu_electronic|dtupub|dtupub_electronic";"";"";"";"";"";"";"";"";"";"";"";"";"";"";"";"";"und";"62fae0441e4e41cdfa2208ec";"";"62fae0441e4e41cdfa2208ec";"DTU Department of Civil and Mechanical Engineering";"sorbit";"sorbit";"Non-linear Dynamic Simulation of Ship Impact on Long-Span Bridges|Ikke-lineær dynamisk simulering af skibsstød pa store broer"
"";"dtu|dtupub|third_party";"";"2022-07-31T00:09:29.204Z";"Schouenborg, Jonathan Friis";"";"2712907280";"";"dtu";"2022";"";"";"";"";"thesis";"dtu|dtu_electronic|dtupub_external";"";"";"";"";"";"";"";"";"";"";"";"";"";"";"";"";"und";"62e5c8386627f1a446fde2cf";"";"62e5c8386627f1a446fde2cf";"DTU Department of Physics";"sorbit";"sorbit";"Investigation of catalysts for N2O abatement|Undersøgelser af katalysatorer til N2O fjernelse"
"";"dtu|dtupub|third_party";"";"2022-11-03T01:09:19.082Z";"Vandborg, Morten Holmark";"";"2716523049";"";"dtu";"2022";"";"";"";"";"thesis";"dtu|dtu_electronic|dtupub_external";"";"";"";"";"";"";"";"";"";"";"";"";"";"";"";"";"und";"636314be33c5902a4bcd6dbc";"";"636314be33c5902a4bcd6dbc";"DTU Department of Electrical Engineering";"sorbit";"sorbit";"Design of SiGe:C BiCMOS adjustable electronic filters for radar baseband receiver|Design af en SiGe:C BiCMOS justerbar elektronisk filter i en radar baseband modtager"
"";"dtu|dtupub|third_party";"";"2022-01-03T13:15:53.887Z";"Qvesel, Amanda Gammelby";"";"2692044378";"";"dtu";"2021";"";"";"";"";"thesis";"dtu|dtu_electronic|dtupub|dtupub_electronic";"";"";"";"";"";"";"";"";"";"";"";"";"";"";"";"";"und";"6103de15d9001d01622e8e51";"";"6103de15d9001d01622e8e51";"DTU Department of Health Technology";"sorbit";"sorbit";"Human beta-coronaviruses: Origin and transmission dynamics|Humane beta-coronavirusser: Oprindelse og spredningsdynamikker"
"";"dtu|dtupub|third_party";"";"2022-01-03T13:16:37.054Z";"Østergaard, Jeppe Hagelskjær";"";"2626728714";"";"dtu";"2021";"";"";"";"";"thesis";"dtu|dtu_electronic|dtupub|dtupub_electronic";"";"";"";"";"";"";"";"";"";"";"";"";"";"";"";"";"und";"60364263d9001d01656e1c3a";"";"60364263d9001d01656e1c3a";"DTU Department of Applied Mathematics and Computer Science";"sorbit";"sorbit";"Memory Offloading for Remote Attestation on IoT Devices|Offloading af Hukommelse til Remote Attestation pa IoT Apparater"
"";"dtu|dtupub|third_party";"";"2022-01-03T13:05:29.015Z";"Padro, Josu Rodriguez";"";"2685752520";"";"dtu";"2021";"";"";"";"";"thesis";"dtu|dtu_electronic|dtupub_external";"";"";"";"";"";"";"";"";"";"";"";"";"";"";"";"";"und";"6065aa1ed9001d016653056a";"";"6065aa1ed9001d016653056a";"DTU Department of Technology, Management and Economics";"sorbit";"sorbit";"Sustainable sourcing and supply management|Sustainable sourcing and supply management"
"";"dtu|dtupub|third_party";"";"2022-01-03T13:05:29.052Z";"Foss, Frederikke";"";"2686027328";"";"dtu";"2021";"";"";"";"";"thesis";"dtu|dtu_electronic|dtupub_external";"";"";"";"";"";"";"";"";"";"";"";"";"";"";"";"";"und";"606d9325d9001d0166530595";"";"606d9325d9001d0166530595";"DTU Department of Civil and Mechanical Engineering";"sorbit";"sorbit";"Design With Sound|Design med lyd"
"";"dtu|dtupub|third_party";"";"2022-01-03T13:05:55.868Z";"Kastell, Laura";"";"2621489923";"";"dtu";"2021";"";"";"";"";"thesis";"dtu|dtu_electronic|dtupub|dtupub_electronic";"";"";"";"";"";"";"";"";"";"";"";"";"";"";"";"";"und";"6034f0c2d9001d01650f4d81";"";"6034f0c2d9001d01650f4d81";"DTU Department of Biotechnology and Biomedicine";"sorbit";"sorbit";"Development of immunobiosensor for alternariol detection in food samples|Udviklingen af immun-biosensor til detektion af alternariol i fødevareprøver"
"";"dtu|dtupub|third_party";"";"2022-09-05T00:09:30.149Z";"Bhardwaj, Akshat|Glatz, Peter";"";"2713468483";"";"dtu";"2022";"";"";"";"";"thesis";"dtu|dtu_electronic|dtupub_external";"";"";"";"";"";"";"";"";"";"";"";"";"";"";"";"";"und";"63153e3a3aecde31453a5839";"";"63153e3a3aecde31453a5839";"DTU Department of Technology, Management and Economics";"sorbit";"sorbit";"RORO stowage planning optimisation|RORO stowage planning optimisation"
"";"dtu|dtupub|third_party";"";"2022-09-07T10:09:22.110Z";"Larsen, Emil Bjergskov";"";"2713463395";"";"dtu";"2022";"";"";"";"";"thesis";"dtu|dtu_electronic|dtupub|dtupub_electronic";"";"";"";"";"";"";"";"";"";"";"";"";"";"";"";"";"und";"6313ecba1ba1293145dd151e";"";"6313ecba1ba1293145dd151e";"DTU Department of Electrical Engineering";"sorbit";"sorbit";"Generic hearing aid demonstrator for hardware design agile concept testing|Generisk høreapparatsdemonstrator til hardware design agil koncept testning"
"";"dtu|dtupub|third_party";"";"2022-08-25T11:30:42.567Z";"Karroum, Saloua";"";"2713316491";"";"dtu";"2022";"";"";"";"";"thesis";"dtu|dtu_electronic|dtupub|dtupub_electronic";"";"";"";"";"";"";"";"";"";"";"";"";"";"";"";"";"und";"6302c93a95d9ff13252b3da2";"";"6302c93a95d9ff13252b3da2";"DTU Department of Biotechnology and Biomedicine";"sorbit";"sorbit";"Smart wound dressing for identification and treatment of bacterial infections in wounds|Smart sarbandage til identifikation og behandling af bakterielle infektioner i sar"
"";"dtu|dtupub|third_party";"";"2022-07-25T00:10:17.952Z";"Japhta, Dylan Andrew";"";"2712810164";"";"dtu";"2022";"";"";"";"";"thesis";"dtu|dtu_electronic|dtupub_external";"";"";"";"";"";"";"";"";"";"";"";"";"";"";"";"";"und";"62dddf69146eee54e463fe06";"";"62dddf69146eee54e463fe06";"DTU Department of Wind and Energy Systems";"sorbit";"sorbit";"Multi-level optimization of tubular joints for jacket structures|Multi-level optimering af rørsamlinger for jacketkonstruktioner"
"";"dtu|dtupub|third_party";"";"2022-07-30T00:09:31.620Z";"Li, Ziru|Vu, Simon Nam Thanh";"";"2712896228";"";"dtu";"2022";"";"";"";"";"thesis";"dtu|dtu_electronic|dtupub|dtupub_electronic";"";"";"";"";"";"";"";"";"";"";"";"";"";"";"";"";"und";"62e476bb4cae85a446a713b1";"";"62e476bb4cae85a446a713b1";"DTU Department of Applied Mathematics and Computer Science";"sorbit";"sorbit";"Improving Cybersecurity in Health Technology Design|Forbedring af Cybersikkerhed i Sundhedsteknologisk Design"
"";"dtu|dtupub|third_party";"";"2022-08-25T11:30:42.640Z";"Kuburovic, Jelena";"";"2713316498";"";"dtu";"2022";"";"";"";"";"thesis";"dtu|dtu_electronic|dtupub|dtupub_electronic";"";"";"";"";"";"";"";"";"";"";"";"";"";"";"";"";"und";"63041abb7e3a5e132546c15c";"";"63041abb7e3a5e132546c15c";"DTU Department of Civil Engineering";"sorbit";"sorbit";"Combined impacts for Beams casted with Fine and Coarse Recycled Concrete Aggregates. Theory and Experiments and assessment of Carbon Footprint|Kombinerede pavirkninger for bjælker støbt med fint og groft nedknust genbrugstilslag, teori og forsøg og vurdering af CO2-aftryk."
"";"dtu|dtupub|third_party";"";"2022-08-03T00:09:37.696Z";"Ertresvåg, Daniel Kousha";"";"2712960726";"";"dtu";"2022";"";"";"";"";"thesis";"dtu|dtu_electronic|dtupub|dtupub_electronic";"";"";"";"";"";"";"";"";"";"";"";"";"";"";"";"";"und";"62e9bcc1a18e44a446e09afa";"";"62e9bcc1a18e44a446e09afa";"DTU Department of Civil Engineering";"sorbit";"sorbit";"Experimental study of the behavior of notched shear connections for prefabricated Timber-Concrete Composite slabs - With a focus on position of fasteners|Fortandede forskydningsfuger i præfabrikerede træ-beton kompositdæk – Eksperimentelle undersøgelser af mekaniske egenskaber med fokus pa dyvlers placering"
"";"dtu|dtupub|third_party";"";"2022-01-03T13:06:05.153Z";"Bull, Paul-henrik";"";"2698986200";"";"dtu";"2021";"";"";"";"";"thesis";"dtu|dtu_electronic|dtupub|dtupub_electronic";"";"";"";"";"";"";"";"";"";"";"";"";"";"";"";"";"und";"61656d33d9001d01645dddb4";"";"61656d33d9001d01645dddb4";"DTU Department of Civil and Mechanical Engineering";"sorbit";"sorbit";"Active Control of High-Speed Flexible Rotors on Controllable Tilting-Pad Journal Bearings - Theory and Experiment|Active Control of High-Speed Flexible Rotors on Controllable Tilting-Pad Journal Bearings - Theory and Experiment"
"";"dtu|dtupub|third_party";"";"2022-01-03T13:06:03.897Z";"Grønbæk, Carina";"";"2698384331";"";"dtu";"2021";"";"";"";"";"thesis";"dtu|dtu_electronic|dtupub|dtupub_electronic";"";"";"";"";"";"";"";"";"";"";"";"";"";"";"";"";"und";"614db22cd9001d0162122c25";"";"614db22cd9001d0162122c25";"DTU Department of Technology, Management and Economics";"sorbit";"sorbit";"Modelling and Analysis of Fossil versus Sustainable Energy Investments in the African Power Sector|Modelling and Analysis of Fossil versus Sustainable Energy Investments in the African Power Sector"
"";"dtu|dtupub|third_party";"";"2022-10-12T00:09:34.958Z";"Elbek, Frederik Harbro";"";"2714344396";"";"dtu";"2022";"";"";"";"";"thesis";"dtu|dtu_electronic|dtupub|dtupub_electronic";"";"";"";"";"";"";"";"";"";"";"";"";"";"";"";"";"und";"634605be4f06abdf3b6cf845";"";"634605be4f06abdf3b6cf845";"DTU Department of Chemical and Biochemical Engineering";"sorbit";"sorbit";"Analysis of pilot plant data from waste incineration CO2 capture""|Analyse af CO2 fangst pilot data fra Amager Bakke Resource Center"
"";"dtu|dtupub|third_party";"";"2022-07-30T00:09:37.265Z";"Hilmarsson, Bjarki Thor|Torfason, Sverrir Ólafur";"";"2712896310";"";"dtu";"2022";"";"";"";"";"thesis";"dtu|dtu_electronic|dtupub_external";"";"";"";"";"";"";"";"";"";"";"";"";"";"";"";"";"und";"62e476c1c17a38a446c983d4";"";"62e476c1c17a38a446c983d4";"DTU Department of Technology, Management and Economics";"sorbit";"sorbit";"Revenue hedging in the airline industry|Revenue hedging in the airline industry"
"";"dtu|dtupub|third_party";"";"2022-07-31T00:10:29.612Z";"Lesi, Basian";"";"2712909576";"";"dtu";"2022";"";"";"";"";"thesis";"dtu|dtu_electronic|dtupub|dtupub_electronic";"";"";"";"";"";"";"";"";"";"";"";"";"";"";"";"";"und";"62e5c8750e5895a44680c44b";"";"62e5c8750e5895a44680c44b";"DTU Department of Electrical Engineering";"sorbit";"sorbit";"Implementation of deep learning algorithm for solar forecasting on cloud/IoT platform|Implementation of deep learning algorithm for solar forecasting on cloud/IoT platform"
"";"dtu|dtupub|third_party";"";"2022-02-02T12:10:28.558Z";"Clasen, Snorre Christian Dam";"";"2706416017";"";"dtu";"2022";"";"";"";"";"thesis";"dtu|dtu_electronic|dtupub|dtupub_electronic";"";"";"";"";"";"";"";"";"";"";"";"";"";"";"";"";"und";"61fa74b4e425cc17cd4a9fd4";"";"61fa74b4e425cc17cd4a9fd4";"DTU Department of Applied Mathematics and Computer Science";"sorbit";"sorbit";"Streaming in the IO-model|Streaming i IO-modellen"
"";"dtu|dtupub|third_party";"";"2022-02-28T12:10:01.638Z";"Zeng, Xinxi";"";"2708007459";"";"dtu";"2022";"";"";"";"";"thesis";"dtu|dtu_electronic|dtupub|dtupub_electronic";"";"";"";"";"";"";"";"";"";"";"";"";"";"";"";"";"und";"621cbb98f0d522235e0775fb";"";"621cbb98f0d522235e0775fb";"DTU Department of Electrical and Photonics Engineering";"sorbit";"sorbit";"Optoacoustic CO2 sensing with gas-filled hollow-core fiber lasers|Optoakustisk CO2-registrering med gasfyldte hule-kernefiberlasere"
"";"dtu|dtupub|third_party";"";"2022-03-09T12:09:56.660Z";"Nissen, Victoria Visby";"";"2708315599";"";"dtu";"2022";"";"";"";"";"thesis";"dtu|dtu_electronic|dtupub_external";"";"";"";"";"";"";"";"";"";"";"";"";"";"";"";"";"und";"62289913f7c1db54d8ba4d1a";"";"62289913f7c1db54d8ba4d1a";"DTU DTU National Food Institute";"sorbit";"sorbit";"Engineering of E.coli Nissle 1917 for advanced microbiome therapeutics|Genmodifikation af E. coli Nissle 1917 til mikrobiel sygdomsbehandling"
"";"dtu|dtupub|third_party";"";"2022-04-01T11:17:24.496Z";"Kiky, Fayes Putres";"";"2708989931";"";"dtu";"2022";"";"";"";"";"thesis";"dtu|dtu_electronic|dtupub|dtupub_electronic";"";"";"";"";"";"";"";"";"";"";"";"";"";"";"";"";"und";"6246dd892f3001f977061a05";"";"6246dd892f3001f977061a05";"DTU Department of Chemical and Biochemical Engineering";"sorbit";"sorbit";"Application of biochar for reduction of emissions from pig stables|Anvendelse af biochar til reduktion af emissioner fra svinestalde"
"";"dtu|dtupub|third_party";"";"2022-01-03T13:05:29.064Z";"Hachmann, Victoria Mercedes";"";"2686371143";"";"dtu";"2021";"";"";"";"";"thesis";"dtu|dtu_electronic|dtupub|dtupub_electronic";"";"";"";"";"";"";"";"";"";"";"";"";"";"";"";"";"und";"6076cd9cd9001d0165270f68";"";"6076cd9cd9001d0165270f68";"DTU Department of Civil and Mechanical Engineering";"sorbit";"sorbit";"Aerodynamics of Stranded Cables|Aerodynamik af Slaede Kabler"
"";"dtu|dtupub|third_party";"";"2022-01-03T13:13:45.341Z";"Martin, Ricard Colom";"";"2686371109";"";"dtu";"2021";"";"";"";"";"thesis";"dtu|dtu_electronic|dtupub_external";"";"";"";"";"";"";"";"";"";"";"";"";"";"";"";"";"und";"6076cd9bd9001d0165270f67";"";"6076cd9bd9001d0165270f67";"DTU Department of Civil and Mechanical Engineering";"sorbit";"sorbit";"Waste heat recovery in a insulin production facility|Waste heat recovery in a insulin production facility"
"";"dtu|dtupub|third_party";"";"2022-01-06T23:55:20.781Z";"Andersen, Kirstine Bækgaard";"";"2692100147";"";"dtu";"2021";"";"";"";"";"thesis";"dtu|dtu_electronic|dtupub|dtupub_electronic";"";"";"";"";"";"";"";"";"";"";"";"";"";"";"";"";"und";"61068117d9001d01622e8e7e";"";"61068117d9001d01622e8e7e";"DTU Department of Chemistry";"sorbit";"sorbit";"Extraction, purification and characterization of serotype specific capsular polysaccharides and lipopolysaccharides for Actinobacillus pleuropneumoniae|Ekstraktion, oprensning og karakterisering af serotypespecifikke capsular polysaccharider og lipopolysaccharider fra Actinobacillus pleuropneumoniae"
"";"dtu|dtupub|third_party";"";"2022-01-03T13:13:27.183Z";"Melin, Nina|Riis, Nadja";"";"2691159552";"";"dtu";"2021";"";"";"";"";"thesis";"dtu|dtu_electronic|dtupub|dtupub_electronic";"";"";"";"";"";"";"";"";"";"";"";"";"";"";"";"";"und";"60e19723d9001d01667246a4";"";"60e19723d9001d01667246a4";"DTU Department of Applied Mathematics and Computer Science";"sorbit";"sorbit";"Understanding mainstreaming phenomena in linguistics using large-scale text corpora|Analyse af main-streaming fænomener i lingvistik pa baggrund af store tekstkorpora"
"";"dtu|dtupub|third_party";"";"2022-01-03T13:05:57.169Z";"Strandgaard, Magnus";"";"2666943427";"";"dtu";"2021";"";"";"";"";"thesis";"dtu|dtu_electronic|dtupub|dtupub_electronic";"";"";"";"";"";"";"";"";"";"";"";"";"";"";"";"";"und";"60534331d9001d01657f2f00";"";"60534331d9001d01657f2f00";"DTU Department of Energy Conversion and Storage";"sorbit";"sorbit";"Neural message passing graph convolutional networks for designing energy materials|Neural meddelelsesafvikling, graf indviklede netværk til design af energimaterialer"
"";"dtu|dtupub|third_party";"";"2022-02-23T12:10:19.490Z";"Guichard, Stéphane Jean Bruno";"";"2707790633";"";"dtu";"2022";"";"";"";"";"thesis";"dtu|dtu_electronic|dtupub_external";"";"";"";"";"";"";"";"";"";"";"";"";"";"";"";"";"und";"6216242bff45d1235efc60c0";"";"6216242bff45d1235efc60c0";"DTU Department of Applied Mathematics and Computer Science";"sorbit";"sorbit";"Mesuring social acceleration on the individual level through step counts and app usage|Maling af social acceleration pa individniveau via skridttæller og app-aktivitet"
"";"dtu|dtupub|third_party";"";"2022-01-03T13:13:29.881Z";"Villarreal, Maria Monica Ballesteros";"";"2691928340";"";"dtu";"2021";"";"";"";"";"thesis";"dtu|dtu_electronic|dtupub|dtupub_electronic";"";"";"";"";"";"";"";"";"";"";"";"";"";"";"";"";"und";"60fe983fd9001d01622e8e15";"";"60fe983fd9001d01622e8e15";"DTU Department of Electrical Engineering";"sorbit";"sorbit";"Acoustic metamaterial enclosure design for sound attenuation without blocking airflow based on Fano-like interference research|Akustisk design af metamaterialekabinet til lyd dæmpning uden at blokere luftstrømmen baseret pa Fano-lignende interferensforskning"
"";"dtu|dtupub|third_party";"";"2022-01-03T13:16:52.387Z";"Antonoudi, Aikaterini|Arampatzis, Andreas";"";"2691221991";"";"dtu";"2021";"";"";"";"";"thesis";"dtu|dtu_electronic|dtupub|dtupub_electronic";"";"";"";"";"";"";"";"";"";"";"";"";"";"";"";"";"und";"60e2e8a5d9001d01667246b3";"";"60e2e8a5d9001d01667246b3";"DTU Department of Technology, Management and Economics";"sorbit";"sorbit";"Estimating Spatio-Temporal Demand for Electric Vehicle Charging|Estimating Spatio-Temporal Demand for Electric Vehicle Charging"
"";"dtu|dtupub|third_party";"";"2022-01-03T13:05:57.327Z";"Main, Alastair Ronald|Lehmann, Frederikke Zeleste";"";"2626729338";"";"dtu";"2021";"";"";"";"";"thesis";"dtu|dtu_electronic|dtupub|dtupub_electronic";"";"";"";"";"";"";"";"";"";"";"";"";"";"";"";"";"und";"60364282d9001d01656e1cab";"";"60364282d9001d01656e1cab";"DTU Department of Applied Mathematics and Computer Science";"sorbit";"sorbit";"Development and analysis of approaches for uncertainty handling in metaheuristics with an application to the power market bidding process of district heating providers|Development and analysis of approaches for uncertainty handling in metaheuristics with an application to the power market bidding process of district heating providers"
"";"dtu|dtupub|third_party";"";"2022-01-11T08:43:20.197Z";"Voldum, Emil";"";"2642153266";"";"dtu";"2021";"";"";"";"";"thesis";"dtu|dtu_electronic|dtupub|dtupub_electronic";"";"";"";"";"";"";"";"";"";"";"";"";"";"";"";"";"und";"6040ce48d9001d01650055b5";"";"6040ce48d9001d01650055b5";"DTU Department of Wind and Energy Systems";"sorbit";"sorbit";"Numerical study of vortex induced vibrations for wind turbine applications: a two-dimensional approach|Nummerisk undersøgelse af hvirvelstrømme-baserede vibrationer pa vindmølle applikationer: En to-dimensionel tilgang"
"";"dtu|dtupub|third_party";"";"2022-01-03T13:13:25.047Z";"Ferrigno, Rosa";"";"2686339918";"";"dtu";"2021";"";"";"";"";"thesis";"dtu|dtu_electronic|dtupub|dtupub_electronic";"";"";"";"";"";"";"";"";"";"";"";"";"";"";"";"";"und";"607544b8d9001d0165270f63";"";"607544b8d9001d0165270f63";"DTU Department of Chemical and Biochemical Engineering";"sorbit";"sorbit";"Experimental and model-based analysis of denitrifying phosphorus accumulating organisms (dPAOs) in a full-scale Membrane Aerated Biofilm reactor (MABR)|Eksperimentel og modelbaseret analyse af denitrifierende fosforakkumulerende organismer (dPAO'er) i en fuldskala membranbeluftet biofilmreaktor (MABR)"
"";"dtu|dtupub|third_party";"";"2022-01-03T13:05:58.640Z";"Riisdal, Lars Jørgen Johnson|Gulyás, Máté|Rohde, Carl Emmerik";"";"2679238945";"";"dtu";"2021";"";"";"";"";"thesis";"dtu|dtu_electronic|dtupub|dtupub_electronic";"";"";"";"";"";"";"";"";"";"";"";"";"";"";"";"";"und";"605b2c33d9001d016554ff9c";"";"605b2c33d9001d016554ff9c";"DTU Department of Technology, Management and Economics";"sorbit";"sorbit";"Sustainability and inclusiveness in the future of the entertainment industry|Sustainability and inclusiveness in the future of the entertainment industry"
"";"dtu|dtupub|third_party";"";"2022-01-03T13:13:32.308Z";"Gunnersen, Lucas|Bichel, Jannik Ungermand";"";"2692647742";"";"dtu";"2021";"";"";"";"";"thesis";"dtu|dtu_electronic|dtupub_external";"";"";"";"";"";"";"";"";"";"";"";"";"";"";"";"";"und";"6117a48fd9001d016230a8d7";"";"6117a48fd9001d016230a8d7";"DTU Department of Technology, Management and Economics";"sorbit";"sorbit";"Strategic decision support for investment in sustainable maritime technologies|Strategisk beslutningsstøtte til investering i bæredygtige maritime teknologier"
"";"dtu|dtupub|third_party";"";"2022-06-02T11:09:51.646Z";"Sahebzadeh, Ahmad Josef";"";"2710466651";"";"dtu";"2022";"";"";"";"";"thesis";"dtu|dtu_electronic|dtupub|dtupub_electronic";"";"";"";"";"";"";"";"";"";"";"";"";"";"";"";"";"und";"62989a7f36b0b31a6b6ffc5e";"";"62989a7f36b0b31a6b6ffc5e";"DTU Department of Engineering Technology and Didactics";"sorbit";"sorbit";"Validation of Meteorological Data by Machine Learning|Validering af meteologiske data vha. machine learning"
"";"dtu|dtupub|third_party";"";"2022-03-24T12:10:12.153Z";"Cocan, Catalina";"";"2708800912";"";"dtu";"2022";"";"";"";"";"thesis";"dtu|dtu_electronic|dtupub_external";"";"";"";"";"";"";"";"";"";"";"";"";"";"";"";"";"und";"623c5fa407066bdb736c539e";"";"623c5fa407066bdb736c539e";"DTU Department of Health Technology";"sorbit";"sorbit";"Design and analysis of an preliminary EEG crossover study to examine functional connectivity in order to understand Alzheimer’s disease development|Design og analyse af et indledende EEG crossover studie for at undersøge funktionel konnektivitet med henblik pa at forsta Alzheimers sygdomsudviklingen."
"";"dtu|dtupub|third_party";"";"2022-06-15T11:09:51.570Z";"Weisshaar, Maresa Lisa";"";"2710779688";"";"dtu";"2022";"";"";"";"";"thesis";"dtu|dtu_electronic|dtupub|dtupub_electronic";"";"";"";"";"";"";"";"";"";"";"";"";"";"";"";"";"und";"62a9bdffd2e6b91ceac0ccd8";"";"62a9bdffd2e6b91ceac0ccd8";"DTU Department of Technology, Management and Economics";"sorbit";"sorbit";"Data-based investigation of the influence of public transport on free-floating car-sharing usage|Analyse af indflydelsen af kollektiv transport pa brugen af frit-flydende delebiler"
"";"dtu|dtupub|third_party";"";"2022-07-31T00:09:45.109Z";"Lund, Jesper Schjelde";"";"2712907360";"";"dtu";"2022";"";"";"";"";"thesis";"dtu|dtu_electronic|dtupub|dtupub_electronic";"";"";"";"";"";"";"";"";"";"";"";"";"";"";"";"";"und";"62e5c849959812a446bb6f1a";"";"62e5c849959812a446bb6f1a";"DTU Department of Civil Engineering";"sorbit";"sorbit";"Cathodic protection for offshore wind structures. Characterization of electrical and chemical properties of the calcareous layer near anodes with impressed electrical current|Katodisk beskyttelse af offshore konstruktioner. Karakterisering af elektriske og kemiske egenskaber for det opbyggede kalklag nær anoder med patrykt strøm"
"";"dtu|dtupub|third_party";"";"2022-09-10T00:09:27.961Z";"Olesen, Lukas Krogh|Kruse, Axel";"";"2713583128";"";"dtu";"2022";"";"";"";"";"thesis";"dtu|dtu_electronic|dtupub_external";"";"";"";"";"";"";"";"";"";"";"";"";"";"";"";"";"und";"631bd5b6576a9631451e14e5";"";"631bd5b6576a9631451e14e5";"DTU Department of Civil and Mechanical Engineering";"sorbit";"sorbit";"Design and dimensioning of a small drum spinning chamber|Design og dimensionering af et mini tromle spinnekammer"
"";"dtu|dtupub|third_party";"";"2022-01-11T08:43:56.738Z";"Panidis, Serafeim Isaak";"";"2691928308";"";"dtu";"2021";"";"";"";"";"thesis";"dtu|dtu_electronic|dtupub|dtupub_electronic";"";"";"";"";"";"";"";"";"";"";"";"";"";"";"";"";"und";"60fe9834d9001d01622e8dfd";"";"60fe9834d9001d01622e8dfd";"DTU Department of Electrical Engineering";"sorbit";"sorbit";"Design and implementation of a dimming light emitting diode driver with charge-pump-based power factor correction|Design og implementering af en lyddæmpende light emitting diode driver med charge-pump baseret power factor correction"
"";"dtu|dtupub|third_party";"";"2022-01-03T13:13:31.576Z";"Jiang, Qi";"";"2692305267";"";"dtu";"2021";"";"";"";"";"thesis";"dtu|dtu_electronic|dtupub|dtupub_electronic";"";"";"";"";"";"";"";"";"";"";"";"";"";"";"";"";"und";"61110d1ad9001d016215791c";"";"61110d1ad9001d016215791c";"DTU DTU National Food Institute";"sorbit";"sorbit";"Growth of Lactococcus lactis and microbial metabolism on maltose and galactose|Vækst af Lactococcus lactis og mikrobiel metabolisme pa maltose og galactose"
"";"dtu|dtupub|third_party";"";"2022-01-03T13:05:54.631Z";"Jasmontas, Anne";"";"2621490000";"";"dtu";"2021";"";"";"";"";"thesis";"dtu|dtu_electronic|dtupub|dtupub_electronic";"";"";"";"";"";"";"";"";"";"";"";"";"";"";"";"";"und";"6034f0c6d9001d01650f4d8b";"";"6034f0c6d9001d01650f4d8b";"DTU Department of Environmental and Resource Engineering";"sorbit";"sorbit";"Sustainable remediation assessment of a chlorinated ethene plume: Method development, application and assessment|Bæredygtig oprensning af en fane med chlorerede ethener: metode udvikling, anvendelse og vurdering"
"";"dtu|dtupub|third_party";"";"2022-07-25T00:10:01.212Z";"Shen, Youyang|Loghin, Francisc Vlad";"";"2712810155";"";"dtu";"2022";"";"";"";"";"thesis";"dtu|dtu_electronic|dtupub|dtupub_electronic";"";"";"";"";"";"";"";"";"";"";"";"";"";"";"";"";"und";"62dddf5925840b54e4638a62";"";"62dddf5925840b54e4638a62";"DTU Department of Applied Mathematics and Computer Science";"sorbit";"sorbit";"The Swiss Knife for Hierarchical Localization|Et generelt værktøj til hierakisk lokalisering"
"";"dtu|dtupub|third_party";"";"2022-07-03T11:09:46.871Z";"Jensen, Veronica Humlebæk";"";"2712438077";"";"dtu";"2022";"";"";"";"";"thesis";"dtu|dtu_electronic|dtupub_external";"";"";"";"";"";"";"";"";"";"";"";"";"";"";"";"";"und";"62c178fac95d00250a06a28c";"";"62c178fac95d00250a06a28c";"DTU Department of Energy Conversion and Storage";"sorbit";"sorbit";"AI guided optimization of electrodes for alkaline water electrolysis|AI-styret optimering af elektroder til alkalisk vandelektrolyse"
"";"dtu|dtupub|third_party";"";"2022-08-25T11:30:42.893Z";"Nielsen, Andreas Egholm|Jakobsen, Oliver Daniel Hvidtfeldt";"";"2713316512";"";"dtu";"2022";"";"";"";"";"thesis";"dtu|dtu_electronic|dtupub|dtupub_electronic";"";"";"";"";"";"";"";"";"";"";"";"";"";"";"";"";"und";"63056c3b4406f413252054d0";"";"63056c3b4406f413252054d0";"DTU Department of Civil Engineering";"sorbit";"sorbit";"Effective natural ventilation in renovated apartments|Effektiv naturlig ventilation i renoverede etageboliger"
"";"dtu|dtupub|third_party";"";"2022-01-06T23:56:38.838Z";"Friis, Laura";"";"2691928149";"";"dtu";"2021";"";"";"";"";"thesis";"dtu|dtu_electronic|dtupub_external";"";"";"";"";"";"";"";"";"";"";"";"";"";"";"";"";"und";"60fe9810d9001d01622e8db9";"";"60fe9810d9001d01622e8db9";"DTU Department of Biotechnology and Biomedicine";"sorbit";"sorbit";"In vitro screening of robust biocatalysts with increased performance via smart coupling|In vitro screening af robuste biokatalysatorer"
"";"dtu|dtupub|third_party";"";"2022-01-03T13:05:59.476Z";"Larsen, Benjamin Lindegren";"";"2689549408";"";"dtu";"2021";"";"";"";"";"thesis";"dtu|dtu_electronic|dtupub|dtupub_electronic";"";"";"";"";"";"";"";"";"";"";"";"";"";"";"";"";"und";"60bb5b93d9001d016e145b3a";"";"60bb5b93d9001d016e145b3a";"DTU Department of Civil and Mechanical Engineering";"sorbit";"sorbit";"Resistance welding of battery tabs for automotive battery packs|Modstandssvejsning af svejsetapper i batteripakker til bilindustrien"
"";"dtu|dtupub|third_party";"";"2022-01-03T13:05:27.977Z";"Ladefoged, Lasse Svingholm";"";"2612727038";"";"dtu";"2021";"";"";"";"";"thesis";"dtu|dtu_electronic|dtupub_external";"";"";"";"";"";"";"";"";"";"";"";"";"";"";"";"";"und";"602d082cd9001d01657f85d6";"";"602d082cd9001d01657f85d6";"DTU Department of Chemical and Biochemical Engineering";"sorbit";"sorbit";"Kinetics and transport processes in catalytic adiabatic post conversion in dry methane reforming|Kinetik og transportprocesser i katalytisk adiabatisk post-konvertering ved tør methan reforming"
"";"dtu|dtupub|third_party";"";"2023-01-04T01:09:12.825Z";"Grego, Giovanni";"";"2717563361";"";"dtu";"2022";"";"";"";"";"thesis";"dtu|dtu_electronic|dtupub|dtupub_electronic";"";"";"";"";"";"";"";"";"";"";"";"";"";"";"";"";"und";"63b4d1b8b8ced619cf529da9";"";"63b4d1b8b8ced619cf529da9";"DTU Department of Applied Mathematics and Computer Science";"sorbit";"sorbit";"Online quality control of EEG signals|Online kvalitetskontrol af EEG signaler"
"";"dtu|dtupub|third_party";"";"2022-07-23T00:09:40.029Z";"Aguzzoni, Marco";"";"2712791895";"";"dtu";"2022";"";"";"";"";"thesis";"dtu|dtu_electronic|dtupub_external";"";"";"";"";"";"";"";"";"";"";"";"";"";"";"";"";"und";"62db3c43bac3c254e414335c";"";"62db3c43bac3c254e414335c";"DTU Department of Civil and Mechanical Engineering";"sorbit";"sorbit";"Dynamic simulation of combined PVT-heat pump system|Dynamisk simulering af kombineret PVT-varmepumpe system"
"";"dtu|dtupub|third_party";"";"2022-08-31T06:34:04.310Z";"Nielsen, Asbjørn Vitus Bering|Vexø, Jakob Vilhelm";"";"2713409603";"";"dtu";"2022";"";"";"";"";"thesis";"dtu|dtu_electronic|dtupub_external";"";"";"";"";"";"";"";"";"";"";"";"";"";"";"";"";"und";"630ea6c6cd4ad72511f3311d";"";"630ea6c6cd4ad72511f3311d";"DTU Department of Applied Mathematics and Computer Science";"sorbit";"sorbit";"Recognizing key patterns in football using positional data|Recognizing key patterns in football using positional data"
"";"dtu|dtupub|third_party";"";"2022-09-11T00:09:26.957Z";"Hildebrand, Daniel Jakob";"";"2713595322";"";"dtu";"2022";"";"";"";"";"thesis";"dtu|dtu_electronic|dtupub|dtupub_electronic";"";"";"";"";"";"";"";"";"";"";"";"";"";"";"";"";"und";"631d273679844b4540e9ca9a";"";"631d273679844b4540e9ca9a";"DTU Department of Applied Mathematics and Computer Science";"sorbit";"sorbit";"Simulation, control and optimization for vaccine production|Simulering, styring og optimering til vaccine produktion"
"";"dtu|dtupub|third_party";"";"2022-09-29T00:09:31.722Z";"Jensen, Niels Skovgaard";"";"2714088789";"";"dtu";"2022";"";"";"";"";"thesis";"dtu|dtu_electronic|dtupub|dtupub_electronic";"";"";"";"";"";"";"";"";"";"";"";"";"";"";"";"";"und";"6334e23b5897cf33f94641d2";"";"6334e23b5897cf33f94641d2";"DTU Department of Applied Mathematics and Computer Science";"sorbit";"sorbit";"Supervised Machine Learning for Space Antenna Performance Prediction|Supervised Machine Learning for Space Antenna Performance Prediction"
"";"dtu|dtupub|third_party";"";"2022-08-27T00:09:26.206Z";"Lizano, Rubén Alarcón|Alvarez, Borja Alonso";"";"2713329560";"";"dtu";"2022";"";"";"";"";"thesis";"dtu|dtu_electronic|dtupub|dtupub_electronic";"";"";"";"";"";"";"";"";"";"";"";"";"";"";"";"";"und";"630960b540bdcb25117861ae";"";"630960b540bdcb25117861ae";"DTU Department of Wind and Energy Systems";"sorbit";"sorbit";"Optimization of a hybrid power plant (Wind and solar PV) layout design considering economical and technical parameters|Optimering af et vind- og solenergi hybridkraftværks økonomiske og tekniske parametre"
"";"dtu|dtupub|third_party";"";"2023-01-28T01:09:23.750Z";"Garofalaki, Maria";"";"2718359406";"";"dtu";"2022";"";"";"";"";"thesis";"dtu|dtu_electronic|dtupub|dtupub_electronic";"";"";"";"";"";"";"";"";"";"";"";"";"";"";"";"";"und";"63d475bf59003e1e0468151c";"";"63d475bf59003e1e0468151c";"DTU Department of Applied Mathematics and Computer Science";"sorbit";"sorbit";"Speech and natural language processing for clinical in the wild data|Speech and natural language processing for clinical in the wild data"
"";"dtu|dtupub|third_party";"";"2023-01-21T01:09:15.056Z";"Balsys, Patrikas";"";"2718037989";"";"dtu";"2022";"";"";"";"";"thesis";"dtu|dtu_electronic|dtupub|dtupub_electronic";"";"";"";"";"";"";"";"";"";"";"";"";"";"";"";"";"und";"63cb3b399fb3ae1c238479e2";"";"63cb3b399fb3ae1c238479e2";"DTU Department of Applied Mathematics and Computer Science";"sorbit";"sorbit";"Automated Classification of Data from Websites|Automatiseret Klassificering af Data fra Websteder"
"";"dtu|dtupub|third_party";"";"2022-07-30T00:09:31.119Z";"Callegari, Edoardo";"";"2712896223";"";"dtu";"2022";"";"";"";"";"thesis";"dtu|dtu_electronic|dtupub|dtupub_electronic";"";"";"";"";"";"";"";"";"";"";"";"";"";"";"";"";"und";"62e476bab0c784a4467691d3";"";"62e476bab0c784a4467691d3";"DTU Department of Civil Engineering";"sorbit";"sorbit";"Experimental and theoretical investigations on solar heating/heat pump systems|Eksperimentelle og teoretiske undersøgelser af solvarme-/varmepumpeanlæg"
"";"dtu|dtupub|third_party";"";"2022-09-14T00:09:27.589Z";"Wulff, Mikkel";"";"2713712090";"";"dtu";"2022";"";"";"";"";"thesis";"dtu|dtu_electronic|dtupub_external";"";"";"";"";"";"";"";"";"";"";"";"";"";"";"";"";"und";"63211bb6a83ec345408e30f3";"";"63211bb6a83ec345408e30f3";"DTU Department of Civil and Mechanical Engineering";"sorbit";"sorbit";"The effect of cold deformation on corrosion properties of stainless steel|Effekten af kolddeformation pa korrosionsbestandighed af rustfrit stal"
"";"dtu|dtupub|third_party";"";"2022-08-07T00:09:30.484Z";"Pedersen, Mathias Krogh";"";"2713008528";"";"dtu";"2022";"";"";"";"";"thesis";"dtu|dtu_electronic|dtupub|dtupub_electronic";"";"";"";"";"";"";"";"";"";"";"";"";"";"";"";"";"und";"62ef02ba446bcaa446b3bd14";"";"62ef02ba446bcaa446b3bd14";"DTU Department of Civil and Mechanical Engineering";"sorbit";"sorbit";"Rotor Downwash from Helicopter Operation|Rotor Downwash from Helicopter Operation"
"";"dtu|dtupub|third_party";"";"2022-09-01T00:09:33.723Z";"Chonche, Ahsan";"";"2713424809";"";"dtu";"2022";"";"";"";"";"thesis";"dtu|dtu_electronic|dtupub_external";"";"";"";"";"";"";"";"";"";"";"";"";"";"";"";"";"und";"630ff83d41bc493145509927";"";"630ff83d41bc493145509927";"DTU Department of Civil and Mechanical Engineering";"sorbit";"sorbit";"High temperature corrosion in molten sodium hydroxide|Højtemperatur korrosion i smeltet natriumhydroxid"
"";"dtu|dtupub|third_party";"";"2022-03-31T11:10:00.844Z";"Østergaard, Emil Visby";"";"2708961011";"";"dtu";"2022";"";"";"";"";"thesis";"dtu|dtu_electronic|dtupub_external";"";"";"";"";"";"";"";"";"";"";"";"";"";"";"";"";"und";"62458c084fe631f30b819bc9";"";"62458c084fe631f30b819bc9";"DTU Department of Energy Conversion and Storage";"sorbit";"sorbit";"Cryogenic test system for thermal excitations of superconducting radiation detectors|Kryogent test system til termisk excitation af superledende stralingsdetektorer"
"";"dtu|dtupub|third_party";"";"2022-01-02T12:12:33.642Z";"Espín, Antonio Hernández";"";"2704157160";"";"dtu";"2021";"";"";"";"";"thesis";"dtu|dtu_electronic|dtupub_external";"";"";"";"";"";"";"";"";"";"";"";"";"";"";"";"";"und";"61d19638893f47110f5fb75d";"";"61d19638893f47110f5fb75d";"DTU Department of Electrical Engineering";"sorbit";"sorbit";"Causes of scarcity in the pan-European power system|Arsager til knaphed i det pan-europæriske elsystem"
"";"dtu|dtupub|third_party";"";"2022-02-01T12:42:02.149Z";"Taouzlak, Loai";"";"2706296918";"";"dtu";"2022";"";"";"";"";"thesis";"dtu|dtu_electronic|dtupub|dtupub_electronic";"";"";"";"";"";"";"";"";"";"";"";"";"";"";"";"";"und";"61f9233923f8c617cdd669ce";"";"61f9233923f8c617cdd669ce";"DTU Department of Health Technology";"sorbit";"sorbit";"Identification of a constitutive relation concerning finite element modeling of the pig bladder|Bestemmelse af en konstitutiv relation til finite element modellering af griseblæren"
"";"dtu|dtupub|third_party";"";"2022-06-28T06:58:24.929Z";"Knudsen, Simon Grosen";"";"2712260583";"";"dtu";"2021";"";"";"";"";"thesis";"dtu|dtu_electronic|dtupub_external";"";"";"";"";"";"";"";"";"";"";"";"";"";"";"";"";"und";"62b98ffaa33d282066903432";"";"62b98ffaa33d282066903432";"DTU Department of Chemical and Biochemical Engineering";"sorbit";"sorbit";"Sensitivity analysis of sub-models for CFD simulation of cyclones|Følsomhedsanalyse af delmodeller til CFD-simulering af cykloner"
"";"dtu|dtupub|third_party";"";"2022-01-11T08:43:56.836Z";"Bai, Yifan";"";"2693243279";"";"dtu";"2021";"";"";"";"";"thesis";"dtu|dtu_electronic|dtupub|dtupub_electronic";"";"";"";"";"";"";"";"";"";"";"";"";"";"";"";"";"und";"612f5fc4d9001d017237204a";"";"612f5fc4d9001d017237204a";"DTU Department of Electrical Engineering";"sorbit";"sorbit";"Aerial robot 3D mapping and navigation for agriculture applications|Luftrobot 3D-kortlægning og navigation til landbrugsapplikationer"
"";"dtu|dtupub|third_party";"";"2022-01-03T13:13:50.826Z";"Parvaze, Isra";"";"2693204816";"";"dtu";"2021";"";"";"";"";"thesis";"dtu|dtu_electronic|dtupub|dtupub_electronic";"";"";"";"";"";"";"";"";"";"";"";"";"";"";"";"";"und";"612e0e4bd9001d017237202b";"";"612e0e4bd9001d017237202b";"DTU Department of Health Technology";"sorbit";"sorbit";"Perfusion cell system for improved cell functions|Perfusionsystem til forbedring af celle funktion."
"";"dtu|dtupub|third_party";"";"2022-01-11T09:49:08.136Z";"Bergsteinsdóttir, Bergdís Maggý";"";"2699722696";"";"dtu";"2021";"";"";"";"";"thesis";"dtu|dtu_electronic|dtupub_external";"";"";"";"";"";"";"";"";"";"";"";"";"";"";"";"";"und";"61812a9ed9001d01193a8a12";"";"61812a9ed9001d01193a8a12";"DTU Department of Electrical Engineering";"sorbit";"sorbit";"Control of hot water reservoirs network|Regulering af netværk med varmt vandreservoirer"
"";"dtu|dtupub|third_party";"";"2022-03-16T12:10:03.945Z";"Hansen, Frederik Kromann|Christophersen, Jonas Søbro";"";"2708496573";"";"dtu";"2022";"";"";"";"";"thesis";"dtu|dtu_electronic|dtupub_external";"";"";"";"";"";"";"";"";"";"";"";"";"";"";"";"";"und";"6231d39bb79010b3b59cf97b";"";"6231d39bb79010b3b59cf97b";"DTU Department of Applied Mathematics and Computer Science";"sorbit";"sorbit";"Investigating osteoarthritis via x-ray images using deep learning|Undersøgelse af artrose via røntgenbilleder og brug af dyb læring"
"";"dtu|dtupub|third_party";"";"2022-02-22T12:10:00.448Z";"Bendtsen, Kirstine Alrø Fichtner";"";"2707583720";"";"dtu";"2022";"";"";"";"";"thesis";"dtu|dtu_electronic|dtupub_external";"";"";"";"";"";"";"";"";"";"";"";"";"";"";"";"";"und";"6214d2978229bf235e93d36d";"";"6214d2978229bf235e93d36d";"DTU Department of Civil Engineering";"sorbit";"sorbit";"On the application of diatoms for sustainable production of supplementary cementitious materials|Om anvendelse af kiselalger til bæredygtig produktion af supplerende cementholdige materialer"
"";"dtu|dtupub|third_party";"";"2022-01-06T23:54:38.604Z";"Guðlaugsdóttir, Arna Rún|Falck-Petersen, Ivalu Birna";"";"2692075623";"";"dtu";"2021";"";"";"";"";"thesis";"dtu|dtu_electronic|dtupub_external";"";"";"";"";"";"";"";"";"";"";"";"";"";"";"";"";"und";"61052f9ed9001d01622e8e73";"";"61052f9ed9001d01622e8e73";"DTU Department of Technology, Management and Economics";"sorbit";"sorbit";"Product configuration of inner walls|Produktkonfigurering af inder vægge"
"";"dtu|dtupub|third_party";"";"2022-01-03T13:06:02.234Z";"Albrechtsen, Frederik Stani";"";"2691894155";"";"dtu";"2021";"";"";"";"";"thesis";"dtu|dtu_electronic|dtupub|dtupub_electronic";"";"";"";"";"";"";"";"";"";"";"";"";"";"";"";"";"und";"60fd46b5d9001d01622e8da3";"";"60fd46b5d9001d01622e8da3";"DTU Department of Civil Engineering";"sorbit";"sorbit";"Indoor Environment in Office Buildings and Effects on Occupants’ Behaviour|Indeklima i kontorbygninger og pavirkning af brugeradfærd"
"";"dtu|dtupub|third_party";"";"2022-01-06T23:55:21.088Z";"Justesen, Malene Wang|Veysi, Kazewa Gholam";"";"2692166276";"";"dtu";"2021";"";"";"";"";"thesis";"dtu|dtu_electronic|dtupub|dtupub_electronic";"";"";"";"";"";"";"";"";"";"";"";"";"";"";"";"";"und";"610a75a9d9001d01621578e0";"";"610a75a9d9001d01621578e0";"DTU Department of Electrical Engineering";"sorbit";"sorbit";"Optimization of Fuel Supply to Thermal Power Plant|Optimering af brændstoftilførsel til termisk kraftværk"
"";"dtu|dtupub|third_party";"";"2022-01-03T13:13:27.580Z";"Hameed, Saqib|Pærregaard, Oliver Isling";"";"2692141446";"";"dtu";"2021";"";"";"";"";"thesis";"dtu|dtu_electronic|dtupub|dtupub_electronic";"";"";"";"";"";"";"";"";"";"";"";"";"";"";"";"";"und";"61092414d9001d01622e8eb9";"";"61092414d9001d01622e8eb9";"DTU Department of Electrical and Photonics Engineering";"sorbit";"sorbit";"Remote monitoring of heart patients using 5G & IoT|Monitorering af hjertepatienter ved 5G og IoT"
"";"dtu|dtupub|third_party";"";"2022-01-11T08:43:56.723Z";"Omella, Joan Ventura";"";"2692866743";"";"dtu";"2021";"";"";"";"";"thesis";"dtu|dtu_electronic|dtupub|dtupub_electronic";"";"";"";"";"";"";"";"";"";"";"";"";"";"";"";"";"und";"611f8d97d9001d047836903a";"";"611f8d97d9001d047836903a";"DTU Department of Technology, Management and Economics";"sorbit";"sorbit";"Metamodel optimization for traffic simulation calibration|Metamodel optimering til trafiksimulering kalibrering"
"";"dtu|dtupub|third_party";"";"2022-01-03T13:05:57.299Z";"Valgreen, Andreas Thestrup|Petræus, Søren Schmidt";"";"2691928296";"";"dtu";"2021";"";"";"";"";"thesis";"dtu|dtu_electronic|dtupub|dtupub_electronic";"";"";"";"";"";"";"";"";"";"";"";"";"";"";"";"";"und";"60fe9831d9001d01622e8df7";"";"60fe9831d9001d01622e8df7";"DTU Department of Electrical Engineering";"sorbit";"sorbit";"Performance Characterisation and Dynamical Behaviour of a Reconfigurable Battery System|Ydelseskarakterisering og dynamik i et konfigurerbart batterisystem"
"";"dtu|dtupub|third_party";"";"2022-01-03T13:16:38.340Z";"Urdaniz, Clara Maria Francino";"";"2691894061";"";"dtu";"2021";"";"";"";"";"thesis";"dtu|dtu_electronic|dtupub_external";"";"";"";"";"";"";"";"";"";"";"";"";"";"";"";"";"und";"60fd46a9d9001d01622e8d92";"";"60fd46a9d9001d01622e8d92";"DTU Department of Civil and Mechanical Engineering";"sorbit";"sorbit";"Product take-back business models evaluation in an industrial context: the case of Novo Nordisk Product take-back data modelling and visualisation to enhance performance in an industrial context: The case of Novo Nordisk|Evaluering af forretningsmodeller til produkt-takeback i en industriel kontekst: Novo Nordisk som case Modellering og visualisering af ""product take-back"" i en industrielle kontekst, med henblik ..."
"";"dtu|dtupub|third_party";"";"2022-01-03T13:16:59.460Z";"Suchomelova, Karolina";"";"2685864140";"";"dtu";"2021";"";"";"";"";"thesis";"dtu|dtu_electronic|dtupub_external";"";"";"";"";"";"";"";"";"";"";"";"";"";"";"";"";"und";"606af01ed9001d0166530588";"";"606af01ed9001d0166530588";"DTU Department of Civil and Mechanical Engineering";"sorbit";"sorbit";"Effect of laser marking on microstructure and properties of stainless steel|Effekt af lasermarkering pa mikrostruktur og egenskaber af rustfrit stal"
"";"dtu|dtupub|third_party";"";"2022-01-03T13:16:37.152Z";"Pedersen, Thea Salomon";"";"2621490044";"";"dtu";"2021";"";"";"";"";"thesis";"dtu|dtu_electronic|dtupub_external";"";"";"";"";"";"";"";"";"";"";"";"";"";"";"";"";"und";"6034f0c8d9001d01650f4d99";"";"6034f0c8d9001d01650f4d99";"DTU Department of Technology, Management and Economics";"sorbit";"sorbit";"Mapping and Improving the Robotic Process Automation Development Process in LEO Pharma|Kortlægning og optimering af Robotic Process Automation udviklingsproces i LEO Pharma"
"";"dtu|dtupub|third_party";"";"2022-01-03T13:05:58.454Z";"Trudslev, Astrid Kofod|Olsen, Maria Væver";"";"2679238896";"";"dtu";"2021";"";"";"";"";"thesis";"dtu|dtu_electronic|dtupub_external";"";"";"";"";"";"";"";"";"";"";"";"";"";"";"";"";"und";"605b2c2fd9001d016554ff85";"";"605b2c2fd9001d016554ff85";"DTU Department of Civil and Mechanical Engineering";"sorbit";"sorbit";"Development of tool for electrochemotherapy through endoscopic procedures|Udvikling af værktøj til elektrokemoterapi med endoskopiske procedurer"
"";"dtu|dtupub|third_party";"";"2022-01-03T13:16:59.151Z";"Hansen, Christian Carlos Mamede";"";"2644416595";"";"dtu";"2021";"";"";"";"";"thesis";"dtu|dtu_electronic|dtupub|dtupub_electronic";"";"";"";"";"";"";"";"";"";"";"";"";"";"";"";"";"und";"60421fb4d9001d016e358134";"";"60421fb4d9001d016e358134";"DTU Department of Civil Engineering";"sorbit";"sorbit";"Automation in Construction; A Business Process Management Perspective|Automation i Konstruktioner; Et Business Process Management Perspektiv"
"";"dtu|dtupub|third_party";"";"2022-01-03T13:05:56.949Z";"Willems, Sebastian Vedsø|Sørensen, Christian Vestergaard";"";"2655630554";"";"dtu";"2021";"";"";"";"";"thesis";"dtu|dtu_electronic|dtupub|dtupub_electronic";"";"";"";"";"";"";"";"";"";"";"";"";"";"";"";"";"und";"6048b741d9001d016e3581a3";"";"6048b741d9001d016e3581a3";"DTU Department of Civil and Mechanical Engineering";"sorbit";"sorbit";"Topology Optimization For Direct Drive Wind Turbine Generators|Topologioptimering af gearløse vindmøllegeneratorer"
"";"dtu|dtupub|third_party";"";"2022-01-06T23:55:19.423Z";"Kruse, Johannes";"";"2686501851";"";"dtu";"2021";"";"";"";"";"thesis";"dtu|dtu_electronic|dtupub|dtupub_electronic";"";"";"";"";"";"";"";"";"";"";"";"";"";"";"";"";"und";"60800827d9001d01655031b1";"";"60800827d9001d01655031b1";"DTU Department of Applied Mathematics and Computer Science";"sorbit";"sorbit";"Deep learning for natural language processing|Dyb læring for natursprogsanalyse"
"";"dtu|dtupub|third_party";"";"2022-01-11T08:43:20.230Z";"Bató, Rebeka Julianna";"";"2686067404";"";"dtu";"2021";"";"";"";"";"thesis";"dtu|dtu_electronic|dtupub|dtupub_electronic";"";"";"";"";"";"";"";"";"";"";"";"";"";"";"";"";"und";"606ee4abd9001d01665305b8";"";"606ee4abd9001d01665305b8";"DTU Department of Applied Mathematics and Computer Science";"sorbit";"sorbit";"Assessment of induced glial cells using bulk RNA-seq data and single-cell RNA-seq data|Vurdering af inducerede gliaceller ved brugen af RNA-seq og single-cell RNA-seq data"
"";"dtu|dtupub|third_party";"";"2022-04-27T11:09:57.468Z";"Moreno, Beatriz Quiralte";"";"2709636887";"";"dtu";"2022";"";"";"";"";"thesis";"dtu|dtu_electronic|dtupub_external";"";"";"";"";"";"";"";"";"";"";"";"";"";"";"";"";"und";"62692484a6da491146dd9ac9";"";"62692484a6da491146dd9ac9";"DTU Department of Health Technology";"sorbit";"sorbit";"Optimization of hematocrit sensor for point-of-care blood gas analysers|Optimering af hematocrit sensor til point-of-care blod-gas analysatorer"
"";"dtu|dtupub|third_party";"";"2022-01-12T12:10:18.947Z";"Burlev, Tobias Fog";"";"2705009956";"";"dtu";"2021";"";"";"";"";"thesis";"dtu|dtu_electronic|dtupub_external";"";"";"";"";"";"";"";"";"";"";"";"";"";"";"";"";"und";"61dec52a3c8e28121592bbe7";"";"61dec52a3c8e28121592bbe7";"DTU Department of Civil and Mechanical Engineering";"sorbit";"sorbit";"Robust Design of true wireless headphones – Analysis of tactility and perceived quality of button mechanism|Robust Design af tradløse høretelefoner – analyse af taktilitet og kvalitetsfølelse af knap mekanismer"
"";"dtu|dtupub|third_party";"";"2022-07-25T00:09:59.915Z";"Troiano, Giacomo Peter";"";"2712810140";"";"dtu";"2022";"";"";"";"";"thesis";"dtu|dtu_electronic|dtupub|dtupub_electronic";"";"";"";"";"";"";"";"";"";"";"";"";"";"";"";"";"und";"62dddf575b5e4754e4c78fe4";"";"62dddf575b5e4754e4c78fe4";"DTU Department of Applied Mathematics and Computer Science";"sorbit";"sorbit";"Jamming attacks in Industrial IoT Sensor Networks|Jamming-angreb i industrielle IoT-sensornetværk"
"";"dtu|dtupub|third_party";"";"2022-07-11T00:09:39.260Z";"Lacour, Julien";"";"2712624361";"";"dtu";"2022";"";"";"";"";"thesis";"dtu|dtu_electronic|dtupub|dtupub_electronic";"";"";"";"";"";"";"";"";"";"";"";"";"";"";"";"";"und";"62cb6a3ed80ef92617aa622a";"";"62cb6a3ed80ef92617aa622a";"DTU Department of Applied Mathematics and Computer Science";"sorbit";"sorbit";"Implementation and Evaluation of Strategies for Escaping Local Optima with Evolutionary Algorithms|Implementering og evaluering af strategier til at undvige lokale optima med evolutionære algoritmer"
"";"dtu|dtupub|third_party";"";"2022-03-17T12:10:04.409Z";"Ojog, Sergiu";"";"2708559687";"";"dtu";"2022";"";"";"";"";"thesis";"dtu|dtu_electronic|dtupub|dtupub_electronic";"";"";"";"";"";"";"";"";"";"";"";"";"";"";"";"";"und";"6233251c30340fb6f480f7e3";"";"6233251c30340fb6f480f7e3";"DTU Department of Applied Mathematics and Computer Science";"sorbit";"sorbit";"Micro-Firewalls for Efficient IoT Networks|Mikro-Firewalls for Effektive IoT Netværker"
"";"dtu|dtupub|third_party";"";"2022-01-03T13:13:18.305Z";"Ba, Bastien Khal Uy Tran Van";"";"2691222117";"";"dtu";"2021";"";"";"";"";"thesis";"dtu|dtu_electronic|dtupub_external";"";"";"";"";"";"";"";"";"";"";"";"";"";"";"";"";"und";"60e2e8c7d9001d01667246da";"";"60e2e8c7d9001d01667246da";"DTU Department of Technology, Management and Economics";"sorbit";"sorbit";"Optimising distribution zones at Postnord|Optimising distribution zones at Postnord"
"";"dtu|dtupub|third_party";"";"2022-01-03T13:06:01.528Z";"Gallardo, Maria del Pilar Contreras";"";"2691894116";"";"dtu";"2021";"";"";"";"";"thesis";"dtu|dtu_electronic|dtupub_external";"";"";"";"";"";"";"";"";"";"";"";"";"";"";"";"";"und";"60fd46aed9001d01622e8d9a";"";"60fd46aed9001d01622e8d9a";"DTU Department of Environmental and Resource Engineering";"sorbit";"sorbit";"Winter and Spring Air Quality in Amager, DK with focus on spatial and timely distribution of ultrafine particles|Vinter og forars luftkvalitet pa Amager, DK med fokus pa rumlig og tidslig fordeling af ultrafine partikler."
"";"dtu|dtupub|third_party";"";"2022-01-03T13:16:38.880Z";"Knudsen, Niels Mølgaard";"";"2693004498";"";"dtu";"2021";"";"";"";"";"thesis";"dtu|dtu_electronic|dtupub_external";"";"";"";"";"";"";"";"";"";"";"";"";"";"";"";"";"und";"61262527d9001d0478369093";"";"61262527d9001d0478369093";"DTU Department of Biotechnology and Biomedicine";"sorbit";"sorbit";"Whole-cell computational models for accelerated biological discovery|Hel-celle computermodeller til mere effektiv biologisk forskning"
"";"dtu|dtupub|third_party";"";"2022-01-03T13:16:51.035Z";"Simsek, Osman Furkan";"";"2640810793";"";"dtu";"2021";"";"";"";"";"thesis";"dtu|dtu_electronic|dtupub|dtupub_electronic";"";"";"";"";"";"";"";"";"";"";"";"";"";"";"";"";"und";"603f7cb4d9001d0165005568";"";"603f7cb4d9001d0165005568";"DTU Department of Technology, Management and Economics";"sorbit";"sorbit";"Machine learning applications in project risk management|Machine learning applications in project risk management"
"";"dtu|dtupub|third_party";"";"2022-03-24T12:10:13.676Z";"Hartwig, Nathaniel Stephen Frost";"";"2708800938";"";"dtu";"2022";"";"";"";"";"thesis";"dtu|dtu_electronic|dtupub_external";"";"";"";"";"";"";"";"";"";"";"";"";"";"";"";"";"und";"623c5fa592e75fdb7388a373";"";"623c5fa592e75fdb7388a373";"DTU Department of Applied Mathematics and Computer Science";"sorbit";"sorbit";"AI for Automated Visual Inspection in Pharmaceutical Production|Kunstig Intelligens for Automatiseret Visuel Inspektion i Pharma Produktion"
"";"dtu|dtupub|third_party";"";"2022-07-11T00:09:39.560Z";"Higueras, Alberto Martinez";"";"2712624372";"";"dtu";"2022";"";"";"";"";"thesis";"dtu|dtu_electronic|dtupub_external";"";"";"";"";"";"";"";"";"";"";"";"";"";"";"";"";"und";"62cb6a423ce60c261751d2ea";"";"62cb6a423ce60c261751d2ea";"DTU Department of Electrical Engineering";"sorbit";"sorbit";"Digital Twin technology for evaluation of machine safety in Industry 4.0|Digital Twin teknologi til evaluering af maskinsikkerhed i Industri 4.0"
"";"dtu|dtupub|third_party";"";"2022-01-03T13:13:43.462Z";"Fiorucci, Giulia";"";"2692100167";"";"dtu";"2021";"";"";"";"";"thesis";"dtu|dtu_electronic|dtupub|dtupub_electronic";"";"";"";"";"";"";"";"";"";"";"";"";"";"";"";"";"und";"6106811dd9001d01622e8e86";"";"6106811dd9001d01622e8e86";"DTU Department of Civil Engineering";"sorbit";"sorbit";"Evaluation of methods for the measurement of airflow in ventilation ducts|Evaluering af metoder til maling af luftstrømning i ventilationskanaler"
"";"dtu|dtupub|third_party";"";"2022-01-03T13:06:05.179Z";"Ravn, Kirstine Johanne Theresia";"";"2699073732";"";"dtu";"2021";"";"";"";"";"thesis";"dtu|dtu_electronic|dtupub|dtupub_electronic";"";"";"";"";"";"";"";"";"";"";"";"";"";"";"";"";"und";"616961a7d9001d01645dddbd";"";"616961a7d9001d01645dddbd";"DTU Department of Health Technology";"sorbit";"sorbit";"The CCR5-delta32 allele and its associated haplotype in ancient and present-day human genomes|CCR5-delta32 allelen og den tilhørende haplotype i forhistoriske og nutidige humane genomer"
"";"dtu|dtupub|third_party";"";"2022-01-03T13:16:59.455Z";"Hertz, Jacob Fiskaali";"";"2678030785";"";"dtu";"2021";"";"";"";"";"thesis";"dtu|dtu_electronic|dtupub|dtupub_electronic";"";"";"";"";"";"";"";"";"";"";"";"";"";"";"";"";"und";"605737a9d9001d016554ff6e";"";"605737a9d9001d016554ff6e";"DTU Department of Electrical Engineering";"sorbit";"sorbit";"Design and Implementation of Tactile Sensing for Robotic Gripper Applications|Design og Implementering af Taktile Sensorer til Anvendelse i Robot-grippere"
"";"dtu|dtupub|third_party";"";"2022-01-06T23:56:40.249Z";"Berber, Bilge Bahadir";"";"2692044417";"";"dtu";"2021";"";"";"";"";"thesis";"dtu|dtu_electronic|dtupub_external";"";"";"";"";"";"";"";"";"";"";"";"";"";"";"";"";"und";"6103de19d9001d01622e8e56";"";"6103de19d9001d01622e8e56";"DTU Department of Technology, Management and Economics";"sorbit";"sorbit";"Optimization of electric bus scheduling incorporating partial charging|Optimering af omløbsplaner for elektriske busser"
"";"dtu|dtupub|third_party";"";"2022-08-19T00:09:39.398Z";"Jacobsen, Ivan Langmach";"";"2713228480";"";"dtu";"2022";"";"";"";"";"thesis";"dtu|dtu_electronic|dtupub|dtupub_electronic";"";"";"";"";"";"";"";"";"";"";"";"";"";"";"";"";"und";"62fed4c351f9c11325632a28";"";"62fed4c351f9c11325632a28";"DTU Department of Civil Engineering";"sorbit";"sorbit";"Characterization of fire in a bath room built with XPS boards - a full-scale fire test|Karakterisering af brand i vadrum bygget med XPS-plader - et fuldskala brandforsøg"
"";"dtu|dtupub|third_party";"";"2022-12-15T01:09:30.795Z";"Sønderriis, Anders Lyhne";"";"2717236236";"";"dtu";"2022";"";"";"";"";"thesis";"dtu|dtu_electronic|dtupub|dtupub_electronic";"";"";"";"";"";"";"";"";"";"";"";"";"";"";"";"";"und";"639a73caec8ae725ce63fe2f";"";"639a73caec8ae725ce63fe2f";"DTU Department of Civil Engineering";"sorbit";"sorbit";"A statistical investigation on fire safety of industrial buildings|Brandsikkerhed af industribygninger- en statistisk undersøgelse"
"";"dtu|dtupub|third_party";"";"2023-01-01T01:09:17.007Z";"Kowalczyk, Kornel Pawel";"";"2717550047";"";"dtu";"2022";"";"";"";"";"thesis";"dtu|dtu_electronic|dtupub_external";"";"";"";"";"";"";"";"";"";"";"";"";"";"";"";"";"und";"63b0dd3c72cff926d33198db";"";"63b0dd3c72cff926d33198db";"DTU Department of Electrical and Photonics Engineering";"sorbit";"sorbit";"Robust triangulation for human pose estimation using Deep Learning|Robust triangulation for human pose estimation using Deep Learning"
"";"dtu|dtupub|third_party";"";"2022-07-28T00:09:40.949Z";"Sørensen, Julian Frederik";"";"2712866729";"";"dtu";"2022";"";"";"";"";"thesis";"dtu|dtu_electronic|dtupub|dtupub_electronic";"";"";"";"";"";"";"";"";"";"";"";"";"";"";"";"";"und";"62e1d3c4566bcf54e4a15ce8";"";"62e1d3c4566bcf54e4a15ce8";"DTU Department of Civil Engineering";"sorbit";"sorbit";"Minimalistic Structural Design Through Cable Systems|Minimalistisk Konstuktionsdesign via Wiresystemer"
"";"dtu|dtupub|third_party";"";"2022-01-03T13:17:01.711Z";"Nadukuru, Sai Mahesh";"";"2693186882";"";"dtu";"2021";"";"";"";"";"thesis";"dtu|dtu_electronic|dtupub|dtupub_electronic";"";"";"";"";"";"";"";"";"";"";"";"";"";"";"";"";"und";"612cbcb2d9001d0172372015";"";"612cbcb2d9001d0172372015";"DTU Department of Technology, Management and Economics";"sorbit";"sorbit";"The role of Risk Management and Post-Market Surveillance in Medical Devices and MedTech industries|The role of Risk Management and Post-Market Surveillance in Medical Devices and MedTech industries"
"";"dtu|dtupub|third_party";"";"2022-08-01T00:10:24.248Z";"Gaborieau, Maëlig Gilles Lenny";"";"2712912877";"";"dtu";"2022";"";"";"";"";"thesis";"dtu|dtu_electronic|dtupub|dtupub_electronic";"";"";"";"";"";"";"";"";"";"";"";"";"";"";"";"";"und";"62e719f05ee8e3a44674a608";"";"62e719f05ee8e3a44674a608";"DTU Department of Wind and Energy Systems";"sorbit";"sorbit";"HRES, Belgian offshore wind energy in hydrogen production - a competitiveness analysis|HRES, Belgisk havvindmølleenergi i hydrogenproduktion - en analyse af konkurrencedygtighed"
"";"dtu|dtupub|third_party";"";"2022-09-01T00:09:37.760Z";"Bach, Johan Sebastian";"";"2713425048";"";"dtu";"2022";"";"";"";"";"thesis";"dtu|dtu_electronic|dtupub_external";"";"";"";"";"";"";"";"";"";"";"";"";"";"";"";"";"und";"630ff84126535631456833b6";"";"630ff84126535631456833b6";"DTU Department of Electrical Engineering";"sorbit";"sorbit";"Automation of cartridge in-feed to insulin filling line|Automatisering af ampul indfødning til insulin fyldelinje"
"";"dtu|dtupub|third_party";"";"2023-01-31T01:09:31.349Z";"Hansen, Rikke Pommer";"";"2718401562";"";"dtu";"2022";"";"";"";"";"thesis";"dtu|dtu_electronic|dtupub|dtupub_electronic";"";"";"";"";"";"";"";"";"";"";"";"";"";"";"";"";"und";"63d86a4bb8a8cb1e04a69e2e";"";"63d86a4bb8a8cb1e04a69e2e";"DTU Department of Electrical and Photonics Engineering";"sorbit";"sorbit";"Modeling of sound absorption and surface impedance properties of room surfaces|Modellering af rumoverfladers lydabsorberende egenskaber og overflade impedans"
"";"dtu|dtupub|third_party";"";"2022-08-17T00:09:44.192Z";"Batting, Ole";"";"2713197727";"";"dtu";"2022";"";"";"";"";"thesis";"dtu|dtu_electronic|dtupub_external";"";"";"";"";"";"";"";"";"";"";"";"";"";"";"";"";"und";"62fc31c8c3e3dfcdfada7ea1";"";"62fc31c8c3e3dfcdfada7ea1";"DTU Department of Electrical Engineering";"sorbit";"sorbit";"Mortar perception for autonomous brick wall maintenance|Mørtel perception for automatisk vedligeholdelse af murstensvæg"
"";"dtu|dtupub|third_party";"";"2022-01-03T13:17:00.938Z";"Mager, Fabian Martin";"";"2692305289";"";"dtu";"2021";"";"";"";"";"thesis";"dtu|dtu_electronic|dtupub|dtupub_electronic";"";"";"";"";"";"";"";"";"";"";"";"";"";"";"";"";"und";"61110d1fd9001d0162157925";"";"61110d1fd9001d0162157925";"DTU Department of Applied Mathematics and Computer Science";"sorbit";"sorbit";"Modelling changes to EEG microstates induced by schizophrenia|Modellering af ændringer i EEG microstates som følge af skizofreni."
"";"dtu|dtupub|third_party";"";"2022-02-16T12:10:24.475Z";"Al-Mosawi, Zahra";"";"2707263541";"";"dtu";"2022";"";"";"";"";"thesis";"dtu|dtu_electronic|dtupub|dtupub_electronic";"";"";"";"";"";"";"";"";"";"";"";"";"";"";"";"";"und";"620ce9ae19de8c7274e03dba";"";"620ce9ae19de8c7274e03dba";"DTU Department of Civil Engineering";"sorbit";"sorbit";"Virtual Team Management with Focus on Trust, Motivation and Collaboration|Virtuel Teamledelse med Fokus pa Tillid, Motivation and Samarbejde"
"";"dtu|dtupub|third_party";"";"2022-07-24T00:10:11.020Z";"Pedersen, Lasse Storm";"";"2712806057";"";"dtu";"2022";"";"";"";"";"thesis";"dtu|dtu_electronic|dtupub_external";"";"";"";"";"";"";"";"";"";"";"";"";"";"";"";"";"und";"62dc8de20bc14654e47684bc";"";"62dc8de20bc14654e47684bc";"DTU Department of Civil and Mechanical Engineering";"sorbit";"sorbit";"Design of mechanical interface from light tack to LED driver|Design af mekanisk interface mellem lysskinne og LED strømforsyning"
"";"dtu|dtupub|third_party";"";"2022-01-03T13:13:50.357Z";"Hoekstra, Marc Hendrik";"";"2698281459";"";"dtu";"2021";"";"";"";"";"thesis";"dtu|dtu_electronic|dtupub_external";"";"";"";"";"";"";"";"";"";"";"";"";"";"";"";"";"und";"614b0f18d9001d0162189982";"";"614b0f18d9001d0162189982";"DTU DTU National Food Institute";"sorbit";"sorbit";"Modelling liquid waste streams of confectionary production: an approach to evaluate sustainability and yield|Modellering af spild i produktion af slik for at undersøge bæredygtighed"
"";"dtu|dtupub|third_party";"";"2022-07-27T00:09:44.229Z";"Dan, Oliver Rafn";"";"2712857076";"";"dtu";"2022";"";"";"";"";"thesis";"dtu|dtu_electronic|dtupub|dtupub_electronic";"";"";"";"";"";"";"";"";"";"";"";"";"";"";"";"";"und";"62e0824859151c54e44c0ea7";"";"62e0824859151c54e44c0ea7";"DTU Department of Chemistry";"sorbit";"sorbit";"Target identification of oxysterols using protein degradation|Malidentifikation af oxysteroler ved hjælp af proteinnedbrydning"
"";"dtu|dtupub|third_party";"";"2022-01-09T07:24:57.215Z";"Ali, Tayaba";"";"2699903486";"";"dtu";"2021";"";"";"";"";"thesis";"dtu|dtu_electronic|dtupub_external";"";"";"";"";"";"";"";"";"";"";"";"";"";"";"";"";"und";"6194f11d4d38b71614cf1c41";"";"6194f11d4d38b71614cf1c41";"DTU DTU National Food Institute";"sorbit";"sorbit";"Growth of Listeria monocytogenes in sandwich ingredients|Vækst af Listeria monocytogenes i ingredienser til sandwich"
"";"dtu|dtupub|third_party";"";"2022-01-03T13:05:55.888Z";"Krebs, Tobias";"";"2621490043";"";"dtu";"2021";"";"";"";"";"thesis";"dtu|dtu_electronic|dtupub_external";"";"";"";"";"";"";"";"";"";"";"";"";"";"";"";"";"und";"6034f0c8d9001d01650f4d98";"";"6034f0c8d9001d01650f4d98";"DTU Department of Electrical Engineering";"sorbit";"sorbit";"Active Noise Cancellation for audio devices|Aktiv støjdæmpning for lydenheder"
"";"dtu|dtupub|third_party";"";"2022-08-05T00:09:28.643Z";"Alstrup, Monica";"";"2712985695";"";"dtu";"2022";"";"";"";"";"thesis";"dtu|dtu_electronic|dtupub_external";"";"";"";"";"";"";"";"";"";"";"";"";"";"";"";"";"und";"62ec5fb73095dfa4467edf2d";"";"62ec5fb73095dfa4467edf2d";"DTU Department of Biotechnology and Biomedicine";"sorbit";"sorbit";"Effect of various freezing parameters on cryopreservation of pluripotent stem cell aggregates|Effect of various freezing parameters on cryopreservation of pluripotent stem cell aggregates"
"";"dtu|dtupub|third_party";"";"2022-01-06T23:54:37.233Z";"Elvebakken, Helena Falholt";"";"2691893906";"";"dtu";"2021";"";"";"";"";"thesis";"dtu|dtu_electronic|dtupub_external";"";"";"";"";"";"";"";"";"";"";"";"";"";"";"";"";"und";"60fd469fd9001d01622e8d7d";"";"60fd469fd9001d01622e8d7d";"DTU Department of Biotechnology and Biomedicine";"sorbit";"sorbit";"Antimicrobial mechanisms of action of Lactic acid bacteria on Candida albicans|Antimikrobielle mekanismer i mælkesyrebakteriers hæmning af Candida albicans"
"";"dtu|dtupub|third_party";"";"2022-01-07T18:03:05.059Z";"Xu, Chenyang";"";"2702623454";"";"dtu";"2021";"";"";"";"";"thesis";"dtu|dtu_electronic|dtupub|dtupub_electronic";"";"";"";"";"";"";"";"";"";"";"";"";"";"";"";"";"und";"61aa093a4e955e5543b4aba1";"";"61aa093a4e955e5543b4aba1";"DTU Department of Civil Engineering";"sorbit";"sorbit";"FEM analyses for the numerical modeling of R.C. concrete slab|FEM analyses for the numerical modeling of R.C. concrete slab"
"";"dtu|dtupub|third_party";"";"2022-01-03T13:16:59.497Z";"Meyer, Malte";"";"2636770062";"";"dtu";"2021";"";"";"";"";"thesis";"dtu|dtu_electronic|dtupub_external";"";"";"";"";"";"";"";"";"";"";"";"";"";"";"";"";"und";"603e2b27d9001d0165005518";"";"603e2b27d9001d0165005518";"DTU Department of Chemical and Biochemical Engineering";"sorbit";"sorbit";"Quantification of immobilized vesicles on polymer surfaces|Kvantificering af liposomer/polymersomer pa en polymeroverflade"
"";"dtu|dtupub|third_party";"";"2022-08-31T06:34:04.215Z";"Tchelet, Tomer";"";"2713409588";"";"dtu";"2022";"";"";"";"";"thesis";"dtu|dtu_electronic|dtupub|dtupub_electronic";"";"";"";"";"";"";"";"";"";"";"";"";"";"";"";"";"und";"630ea6c470535325111a41a4";"";"630ea6c470535325111a41a4";"DTU Department of Electrical Engineering";"sorbit";"sorbit";"Modeling and characterization of the acoustic outlet of a hearing aid|Modellering og karakterisering af et høreapparats akustiske udgang"
"";"dtu|dtupub|third_party";"";"2022-01-03T13:13:25.063Z";"Münsberg, Tine Meidahl";"";"2686462756";"";"dtu";"2021";"";"";"";"";"thesis";"dtu|dtu_electronic|dtupub_external";"";"";"";"";"";"";"";"";"";"";"";"";"";"";"";"";"und";"607c13a7d9001d016505c11e";"";"607c13a7d9001d016505c11e";"DTU Department of Technology, Management and Economics";"sorbit";"sorbit";"Architecture for automatization of warehouses|Arkitektur for automatisering af lagerhoteller"
"";"dtu|dtupub|third_party";"";"2022-08-16T00:10:07.241Z";"Christensen, Emil Nørgaard";"";"2713170636";"";"dtu";"2022";"";"";"";"";"thesis";"dtu|dtu_electronic|dtupub|dtupub_electronic";"";"";"";"";"";"";"";"";"";"";"";"";"";"";"";"";"und";"62fae05f079f3ccdfabbcd63";"";"62fae05f079f3ccdfabbcd63";"DTU Department of Applied Mathematics and Computer Science";"sorbit";"sorbit";"Automatic segmentation of white matter hyperintensities using machine learning|Segmentering af intensitets ændringer i anatomiske hjerneskanningsbilleder"
"";"dtu|dtupub|third_party";"";"2022-01-03T13:16:34.954Z";"Hovendal, Nicklas Peter";"";"2686613442";"";"dtu";"2021";"";"";"";"";"thesis";"dtu|dtu_electronic|dtupub|dtupub_electronic";"";"";"";"";"";"";"";"";"";"";"";"";"";"";"";"";"und";"6083fcabd9001d01701fe6b6";"";"6083fcabd9001d01701fe6b6";"DTU Department of Chemistry";"sorbit";"sorbit";"Synthesis of a quinuclidine alkaloid-inspired compound library|Syntese af et quinuclidin alkaloid-inspireret forbindelsesbibliotek"
"";"dtu|dtupub|third_party";"";"2022-03-05T12:10:09.481Z";"Barbosa, Victor Wanderley";"";"2708259109";"";"dtu";"2022";"";"";"";"";"thesis";"dtu|dtu_electronic|dtupub_external";"";"";"";"";"";"";"";"";"";"";"";"";"";"";"";"";"und";"622353217ca40354d8d5f51b";"";"622353217ca40354d8d5f51b";"DTU Department of Civil Engineering";"sorbit";"sorbit";"A framework for orchestrating digital practice workflows in the cloud|En framework til orkestrering af digitale praktiske workflows i clouden"
"";"dtu|dtupub|third_party";"";"2022-01-06T23:54:35.144Z";"Carreras, Alysée Marine Segui De";"";"2686775594";"";"dtu";"2021";"";"";"";"";"thesis";"dtu|dtu_electronic|dtupub_external";"";"";"";"";"";"";"";"";"";"";"";"";"";"";"";"";"und";"608a9430d9001d563877ebc1";"";"608a9430d9001d563877ebc1";"DTU Department of Biotechnology and Biomedicine";"sorbit";"sorbit";"Next Generation Sequencing (NGS) for viral safety testing in biopharmaceutical production|Next Generation Sequencing (NGS) for viral sikkerhedstest i biopharmaceutisk produktion"
"";"dtu|dtupub|third_party";"";"2022-07-25T00:09:54.213Z";"Klitgaard, Amalie Perle";"";"2712810129";"";"dtu";"2022";"";"";"";"";"thesis";"dtu|dtu_electronic|dtupub_external";"";"";"";"";"";"";"";"";"";"";"";"";"";"";"";"";"und";"62dddf526b309a54e49be162";"";"62dddf526b309a54e49be162";"DTU Department of Chemistry";"sorbit";"sorbit";"Exploring modifications of insulin in type 1 diabetes patients|Modifikationer af insulin hos type 1 diabetes patienter"
"";"dtu|dtupub|third_party";"";"2022-01-03T13:13:49.194Z";"Kelemen, Réka";"";"2692100593";"";"dtu";"2021";"";"";"";"";"thesis";"dtu|dtu_electronic|dtupub_external";"";"";"";"";"";"";"";"";"";"";"";"";"";"";"";"";"und";"61068136d9001d01622e8ea7";"";"61068136d9001d01622e8ea7";"DTU Department of Technology, Management and Economics";"sorbit";"sorbit";"Scale up from startup to standard operation (business as usual) in 3D construction printing|Skallering fra start-up til standardiseret produktion omkring 3D print i byggeri"
"";"dtu|dtupub|third_party";"";"2022-01-03T13:16:59.478Z";"Stounberg, Jonathan";"";"2679883479";"";"dtu";"2021";"";"";"";"";"thesis";"dtu|dtu_electronic|dtupub|dtupub_electronic";"";"";"";"";"";"";"";"";"";"";"";"";"";"";"";"";"und";"605c7db1d9001d017f02a22c";"";"605c7db1d9001d017f02a22c";"DTU National Institute of Aquatic Resources";"sorbit";"sorbit";"Fish otoliths and eye lenses: A comparative study of chemical composition|Øresten og øjelinser hos fisk: Undersøgelse af kemisk sammensætning"
"";"dtu|dtupub|third_party";"";"2022-08-16T00:09:56.935Z";"Wu, Jiayan";"";"2713170576";"";"dtu";"2022";"";"";"";"";"thesis";"dtu|dtu_electronic|dtupub|dtupub_electronic";"";"";"";"";"";"";"";"";"";"";"";"";"";"";"";"";"und";"62fae054557eabcdfa4dfed9";"";"62fae054557eabcdfa4dfed9";"DTU Department of Applied Mathematics and Computer Science";"sorbit";"sorbit";"Personalized Feedback System for Formative Course Evaluation and Self-Reflection|Personligt feedbacksystem til formativ kursusevaluering og selvrefleksion"
"";"dtu|dtupub|third_party";"";"2022-02-01T12:42:02.505Z";"Crowley, Bennevis Whitman";"";"2706296923";"";"dtu";"2021";"";"";"";"";"thesis";"dtu|dtu_electronic|dtupub|dtupub_electronic";"";"";"";"";"";"";"";"";"";"";"";"";"";"";"";"";"und";"61f923392a656817cd09592a";"";"61f923392a656817cd09592a";"DTU Department of Electrical Engineering";"sorbit";"sorbit";"Local Energy Market Design: Cooperative versus Competitive Schemes|Local Energy Market Design: Cooperative versus Competitive Schemes"
"";"dtu|dtupub|third_party";"";"2022-01-03T13:13:47.557Z";"Bergsson, Björn";"";"2692692551";"";"dtu";"2021";"";"";"";"";"thesis";"dtu|dtu_electronic|dtupub|dtupub_electronic";"";"";"";"";"";"";"";"";"";"";"";"";"";"";"";"";"und";"6118f615d9001d016230a8df";"";"6118f615d9001d016230a8df";"DTU Department of Space Research and Space Technology";"sorbit";"sorbit";"Mapping Ionospheric Scintillations in GNSS Radio Occultation Measurements|Kortlægning af ionosfæriske scintillationer i GNSS radio-okkultationsmalinger"
"";"dtu|dtupub|third_party";"";"2022-01-06T23:56:38.524Z";"Tyczynski, Bartlomiej Maciej";"";"2683895727";"";"dtu";"2021";"";"";"";"";"thesis";"dtu|dtu_electronic|dtupub|dtupub_electronic";"";"";"";"";"";"";"";"";"";"";"";"";"";"";"";"";"und";"605f20b8d9001d01665304fb";"";"605f20b8d9001d01665304fb";"DTU Department of Technology, Management and Economics";"sorbit";"sorbit";"Implementation of Agile Project Management – A comparison of Two Consulting Companies|Implementation of Agile Project Management – A comparison of Two Consulting Companies"
"";"dtu|dtupub|third_party";"";"2022-01-06T23:56:37.257Z";"Risco, Javier Criado";"";"2612396533";"";"dtu";"2021";"";"";"";"";"thesis";"dtu|dtu_electronic|dtupub|dtupub_electronic";"";"";"";"";"";"";"";"";"";"";"";"";"";"";"";"";"und";"6023cda8d9001d01657f84e9";"";"6023cda8d9001d01657f84e9";"DTU Department of Wind and Energy Systems";"sorbit";"sorbit";"A CFD surrogate model for annual energy production calculations of wind farms|En CFD surrogat model for beregninger af arlig energiproduktion af vindmølleparker"
"";"dtu|dtupub|third_party";"";"2022-01-03T13:05:57.487Z";"Matthiessen, Lea Ellen";"";"2655630813";"";"dtu";"2021";"";"";"";"";"thesis";"dtu|dtu_electronic|dtupub|dtupub_electronic";"";"";"";"";"";"";"";"";"";"";"";"";"";"";"";"";"und";"6048b743d9001d016e3581a9";"";"6048b743d9001d016e3581a9";"DTU DTU National Food Institute";"sorbit";"sorbit";"The effect of socio-ecological factors on AMR in different regions of the world|Socioøkologiske faktorers effekter pa forekomsten af antibiotika resistens i forskellige regioner i verden"
"";"dtu|dtupub|third_party";"";"2022-01-03T13:05:56.360Z";"Christensen, Mette Steinlein|Swartz, Helene";"";"2626728471";"";"dtu";"2021";"";"";"";"";"thesis";"dtu|dtu_electronic|dtupub|dtupub_electronic";"";"";"";"";"";"";"";"";"";"";"";"";"";"";"";"";"und";"60364245d9001d01656e1bd3";"";"60364245d9001d01656e1bd3";"DTU Department of Civil Engineering";"sorbit";"sorbit";"Characterization of mine tailings as partial cement replacement and their leaching of heavy metals and other impurities|Karakterisering af mine tailings som delvis cementerstatning og deres udludningsegenskaber i forhold til tungmetaller og andre forureninger"
"";"dtu|dtupub|third_party";"";"2022-01-03T13:17:02.217Z";"Atladóttir, Sylvía";"";"2699527444";"";"dtu";"2021";"";"";"";"";"thesis";"dtu|dtu_electronic|dtupub|dtupub_electronic";"";"";"";"";"";"";"";"";"";"";"";"";"";"";"";"";"und";"61793397d9001d01645dddc8";"";"61793397d9001d01645dddc8";"DTU Department of Health Technology";"sorbit";"sorbit";"Micromotors for oral drug delivery|Mikromotorer til oral lægemiddelafgivelse"
"";"dtu|dtupub|third_party";"";"2022-01-03T13:05:54.673Z";"Ketirani, Aria|Ketirani, Armin";"";"2689210600";"";"dtu";"2021";"";"";"";"";"thesis";"dtu|dtu_electronic|dtupub|dtupub_electronic";"";"";"";"";"";"";"";"";"";"";"";"";"";"";"";"";"und";"60ae2cbed9001d016f3286f0";"";"60ae2cbed9001d016f3286f0";"DTU Department of Applied Mathematics and Computer Science";"sorbit";"sorbit";"Neural Network based eye gaze detection using ear-EEG for hearing instruments|Neural Netværksbaseret øje blik detektering ved brug af øre-EEG for høre instrumenter"
"";"dtu|dtupub|third_party";"";"2022-01-03T13:06:02.333Z";"Alstrøm, Lena Skov";"";"2692890755";"";"dtu";"2021";"";"";"";"";"thesis";"dtu|dtu_electronic|dtupub|dtupub_electronic";"";"";"";"";"";"";"";"";"";"";"";"";"";"";"";"";"und";"6120df15d9001d0478369041";"";"6120df15d9001d0478369041";"DTU Department of Civil Engineering";"sorbit";"sorbit";"Application of Auto Regressive models to Operational Modal Analysis of Time Varying Structural Systems|Anvendelse af Auto Regressive modeller til Operationel Modal Analyse af tidsvarierende systemer"
"";"dtu|dtupub|third_party";"";"2022-01-03T13:17:00.477Z";"Kramer, Adrian Julius";"";"2691222030";"";"dtu";"2021";"";"";"";"";"thesis";"dtu|dtu_electronic|dtupub_external";"";"";"";"";"";"";"";"";"";"";"";"";"";"";"";"";"und";"60e2e8b2d9001d01667246c0";"";"60e2e8b2d9001d01667246c0";"DTU Department of Civil Engineering";"sorbit";"sorbit";"Energy use and indoor climate in large winter gardens between senior homes|Energiforbrug og indeklima i store vinterhaver mellem seniorboliger"
"";"dtu|dtupub|third_party";"";"2022-01-06T23:54:33.438Z";"Thomsen, Philip Tinggaard";"";"2636770047";"";"dtu";"2021";"";"";"";"";"thesis";"dtu|dtu_electronic|dtupub_external";"";"";"";"";"";"";"";"";"";"";"";"";"";"";"";"";"und";"603e2b27d9001d0165005517";"";"603e2b27d9001d0165005517";"DTU Department of Biotechnology and Biomedicine";"sorbit";"sorbit";"Metabolic engineering of the yeast Saccharomyces boulardii for the expression of a heterologous pathway.|Manipulation af stofskifte i gærsvampen Saccharomyces boulardii til udtrykkelsen af en heterolog stofskiftevej."
"";"dtu|dtupub|third_party";"";"2022-01-03T13:13:28.492Z";"Arpaci, Simay|Leth, Adam";"";"2692100313";"";"dtu";"2021";"";"";"";"";"thesis";"dtu|dtu_electronic|dtupub_external";"";"";"";"";"";"";"";"";"";"";"";"";"";"";"";"";"und";"6106812ed9001d01622e8e98";"";"6106812ed9001d01622e8e98";"DTU Department of Technology, Management and Economics";"sorbit";"sorbit";"Productivity analysis at Coloplast|Produktivitetsanalyse hos Coloplast"
"";"dtu|dtupub|third_party";"";"2022-01-03T13:05:59.815Z";"Gómez, Estrella García";"";"2691894034";"";"dtu";"2021";"";"";"";"";"thesis";"dtu|dtu_electronic|dtupub_external";"";"";"";"";"";"";"";"";"";"";"";"";"";"";"";"";"und";"60fd46a9d9001d01622e8d91";"";"60fd46a9d9001d01622e8d91";"DTU Department of Chemical and Biochemical Engineering";"sorbit";"sorbit";"Phospholipases in the pretreatment of crude oil for biodiesel|Phospholipases i forbehandling af raolie til biodiesel"
"";"dtu|dtupub|third_party";"";"2022-01-03T13:13:11.372Z";"Dueholm, Jacob Gavnholt|Clausen, Benjamin Ekstrøm";"";"2644416584";"";"dtu";"2021";"";"";"";"";"thesis";"dtu|dtu_electronic|dtupub|dtupub_electronic";"";"";"";"";"";"";"";"";"";"";"";"";"";"";"";"";"und";"60421fb2d9001d016e358128";"";"60421fb2d9001d016e358128";"DTU Department of Chemical and Biochemical Engineering";"sorbit";"sorbit";"Understanding pigment dispersion for coatings|Undersøgelse af pigment dispergering i coatings"
"";"dtu|dtupub|third_party";"";"2022-01-03T13:06:02.269Z";"Eckstein, Neil J";"";"2691928292";"";"dtu";"2021";"";"";"";"";"thesis";"dtu|dtu_electronic|dtupub|dtupub_electronic";"";"";"";"";"";"";"";"";"";"";"";"";"";"";"";"";"und";"60fe9830d9001d01622e8df5";"";"60fe9830d9001d01622e8df5";"DTU Department of Health Technology";"sorbit";"sorbit";"Collagen bio inks for 3D printed artificial ovaries|Kollagenbaserede printmaterialer til bioprint af kunstige ovarier"
"";"dtu|dtupub|third_party";"";"2022-01-03T13:05:31.760Z";"Bredmose, Morten Peter";"";"2692912682";"";"dtu";"2021";"";"";"";"";"thesis";"dtu|dtu_electronic|dtupub|dtupub_electronic";"";"";"";"";"";"";"";"";"";"";"";"";"";"";"";"";"und";"6122309ed9001d0478369063";"";"6122309ed9001d0478369063";"DTU Department of Health Technology";"sorbit";"sorbit";"Development of an MHC ELISA for quality assurance and validation of MHC concentration to optimize T cell staining|Udvikling af MHC ELISA til kvalitets kontrol og validering af MHC koncentration til optimering af T celle detektion"
"";"dtu|dtupub|third_party";"";"2025-10-16T00:34:20.832Z";"l'Huillier, Sebastien Benoit Yann";"";"2874581597";"";"dtu";"2021";"";"";"";"";"thesis";"dtu|dtu_electronic|dtupub_external";"";"";"";"";"";"";"";"";"";"";"";"";"";"";"";"";"und";"68f037fda353b615e1b4131a";"";"68f037fda353b615e1b4131a";"DTU Department of Wind and Energy Systems";"sorbit";"sorbit";"Energy storage extension for existing wind or hybrid power plants|Udbygning af eksisterende vind- eller hybrid-kraftværker med energilager"
"";"dtu|dtupub|third_party";"";"2025-10-16T00:34:20.104Z";"Østergaard, Stephan Johannes";"";"2874581594";"";"dtu";"2021";"";"";"";"";"thesis";"dtu|dtu_electronic|dtupub|dtupub_electronic";"";"";"";"";"";"";"";"";"";"";"";"";"";"";"";"";"und";"68f037fca9591115e110943c";"";"68f037fca9591115e110943c";"DTU Department of Wind and Energy Systems";"sorbit";"sorbit";"Different control strategies for floating offshore wind turbines|Kontrolstrategier for flydende offshore vind fundamenter"
"";"dtu|dtupub|third_party";"";"2022-07-15T00:09:34.665Z";"Hald, Magnus";"";"2712688891";"";"dtu";"2022";"";"";"";"";"thesis";"dtu|dtu_electronic|dtupub|dtupub_electronic";"";"";"";"";"";"";"";"";"";"";"";"";"";"";"";"";"und";"62d0b03e695d6726170247b6";"";"62d0b03e695d6726170247b6";"DTU Department of Environmental and Resource Engineering";"sorbit";"sorbit";"Evaluating the quality of different weather forecast products for hydrologic purposes|Evaluering af kvaliteten af ??forskellige vejrprognoser til hydrologiske formal"
"";"dtu|dtupub|third_party";"";"2022-07-04T11:09:57.025Z";"Borrelli, Lorenzo";"";"2712470333";"";"dtu";"2022";"";"";"";"";"thesis";"dtu|dtu_electronic|dtupub|dtupub_electronic";"";"";"";"";"";"";"";"";"";"";"";"";"";"";"";"";"und";"62c2ca84fe6471250a02880f";"";"62c2ca84fe6471250a02880f";"DTU Department of Civil Engineering";"sorbit";"sorbit";"Modelling natural ventilation in dynamic building simulation tools|Naturlig ventilation i dynamiske simuleringsværktøjer"
"";"dtu|dtupub|third_party";"";"2022-07-25T00:09:51.163Z";"Kohler, Marine";"";"2712810120";"";"dtu";"2022";"";"";"";"";"thesis";"dtu|dtu_electronic|dtupub|dtupub_electronic";"";"";"";"";"";"";"";"";"";"";"";"";"";"";"";"";"und";"62dddf4f39fd6954e43c6be4";"";"62dddf4f39fd6954e43c6be4";"DTU Department of Technology, Management and Economics";"sorbit";"sorbit";"Building of a sectoral methodological guide for measuring and reducing carbon emissions|Udvikling af en sektorbestemt metodisk vejledning til maling og reduktion af kulstofemissioner"
"";"dtu|dtupub|third_party";"";"2022-07-30T00:09:31.096Z";"Gonzalez, Maria Serra";"";"2712896222";"";"dtu";"2022";"";"";"";"";"thesis";"dtu|dtu_electronic|dtupub_external";"";"";"";"";"";"";"";"";"";"";"";"";"";"";"";"";"und";"62e476bae65e8ca4460bac49";"";"62e476bae65e8ca4460bac49";"DTU Department of Physics";"sorbit";"sorbit";"Design and nanofabrication of masters for mass-production of plasmonic solar light absorbers|Design og nanofabrikation af forme til masseproduktion af plasmoniske sollys absorbere"
"";"dtu|dtupub|third_party";"";"2022-08-16T00:09:26.211Z";"Esteve, María Moreno";"";"2713170434";"";"dtu";"2022";"";"";"";"";"thesis";"dtu|dtu_electronic|dtupub|dtupub_electronic";"";"";"";"";"";"";"";"";"";"";"";"";"";"";"";"";"und";"62fae0366ac6e1cdfa916b52";"";"62fae0366ac6e1cdfa916b52";"DTU Department of Technology, Management and Economics";"sorbit";"sorbit";"Re-Design of workspace environment|Re-Design of workspace environment"
"";"dtu|dtupub|third_party";"";"2022-01-03T13:13:27.159Z";"Sarmiento, Carolina Navarro";"";"2691159557";"";"dtu";"2021";"";"";"";"";"thesis";"dtu|dtu_electronic|dtupub|dtupub_electronic";"";"";"";"";"";"";"";"";"";"";"";"";"";"";"";"";"und";"60e19724d9001d01667246a6";"";"60e19724d9001d01667246a6";"DTU Department of Technology, Management and Economics";"sorbit";"sorbit";"The effect of behavioural design interventions in palliating the barriers to equal participation of women in energy Collective Action Initiatives (CAIs)|Effekten af interventioner fra adfærdsdesign, pa nedbrydning af barrierer for deltagelse af kvinder i ""Collective Action Initiatives"" (CAIs)"
"";"dtu|dtupub|third_party";"";"2022-10-13T00:09:34.338Z";"Alex, Chandykunju";"";"2714356189";"";"dtu";"2022";"";"";"";"";"thesis";"dtu|dtu_electronic|dtupub|dtupub_electronic";"";"";"";"";"";"";"";"";"";"";"";"";"";"";"";"";"und";"6347573ee5afc2df3b10b3e9";"";"6347573ee5afc2df3b10b3e9";"DTU Department of Electrical and Photonics Engineering";"sorbit";"sorbit";"Investigation and feasibility study of QUADRUCOPTERPED|Undersøgelse og forundersøgelse af QUADRUCOPTERPED"
"";"dtu|dtupub|third_party";"";"2022-07-31T00:10:31.298Z";"Jansen, Nicole Uldahl";"";"2712909648";"";"dtu";"2022";"";"";"";"";"thesis";"dtu|dtu_electronic|dtupub_external";"";"";"";"";"";"";"";"";"";"";"";"";"";"";"";"";"und";"62e5c87792a54aa44680673f";"";"62e5c87792a54aa44680673f";"DTU Department of Civil and Mechanical Engineering";"sorbit";"sorbit";"DrinkSaver product design for manufacturing and production technology specifications for the consumer and health care segments|DrinkSaver produktdesign til fremstillings- og produktionsteknologiske specifikationer til forbruger- og sundhedssektoren"
"";"dtu|dtupub|third_party";"";"2022-01-06T23:55:21.373Z";"Straatman, Hamish Rutherford";"";"2693055929";"";"dtu";"2021";"";"";"";"";"thesis";"dtu|dtu_electronic|dtupub|dtupub_electronic";"";"";"";"";"";"";"";"";"";"";"";"";"";"";"";"";"und";"6128c816d9001d0172372000";"";"6128c816d9001d0172372000";"DTU Department of Wind and Energy Systems";"sorbit";"sorbit";"Drag optimization of bicycle competition helmets|Optimering af aerodynamisk modstand pa konkurrencecykelhjelme"
"";"dtu|dtupub|third_party";"";"2022-07-04T11:10:10.901Z";"Grangé, Martine Francoise Marie-Hélène";"";"2712470352";"";"dtu";"2022";"";"";"";"";"thesis";"dtu|dtu_electronic|dtupub|dtupub_electronic";"";"";"";"";"";"";"";"";"";"";"";"";"";"";"";"";"und";"62c2ca9246df61250a525eef";"";"62c2ca9246df61250a525eef";"DTU Department of Technology, Management and Economics";"sorbit";"sorbit";"Dwell time in public transport: a statistical model based on big data|Holdetider i kollektiv transport: en statistisk model baseret pa big data"
"";"dtu|dtupub|third_party";"";"2022-03-05T12:09:58.521Z";"Pfander, Isabelle Bilde";"";"2708259058";"";"dtu";"2022";"";"";"";"";"thesis";"dtu|dtu_electronic|dtupub|dtupub_electronic";"";"";"";"";"";"";"";"";"";"";"";"";"";"";"";"";"und";"6223531616cbf054d853f370";"";"6223531616cbf054d853f370";"DTU Department of Health Technology";"sorbit";"sorbit";"Assessment of micromotion of a femoral fracture in a biomechanical model|Analyse af mikrobevægelse i larbensfrakturer med en biomekanisk model"
"";"dtu|dtupub|third_party";"";"2022-01-03T13:05:30.838Z";"Dugan, Spencer August";"";"2692100198";"";"dtu";"2021";"";"";"";"";"thesis";"dtu|dtu_electronic|dtupub_external";"";"";"";"";"";"";"";"";"";"";"";"";"";"";"";"";"und";"61068125d9001d01622e8e8c";"";"61068125d9001d01622e8e8c";"DTU Department of Civil and Mechanical Engineering";"sorbit";"sorbit";"Prediction of wave-induced ship responses using tuned transfer functions|Prediktion af bølgeinducerede gensvar ved brug af tunede overføringsfunktioner"
"";"dtu|dtupub|third_party";"";"2022-02-22T12:10:03.804Z";"Bennedsen, Kristian";"";"2707583751";"";"dtu";"2022";"";"";"";"";"thesis";"dtu|dtu_electronic|dtupub|dtupub_electronic";"";"";"";"";"";"";"";"";"";"";"";"";"";"";"";"";"und";"6214d29ae563b5235eaaa636";"";"6214d29ae563b5235eaaa636";"DTU Department of Civil Engineering";"sorbit";"sorbit";"Large-scale study on the indoor climate in schools and its influence on pupil performance and well-being - Strategies and visions to improve the indoor climate in schools in Odense|Kortlægning af indeklimaet i skoler og dets indflydelse pa elevpræstation og velfærd - Strategier og visioner til forbedring af indeklimaet i skoler i Odense."
"";"dtu|dtupub|third_party";"";"2022-03-03T12:10:17.274Z";"Agarwal, Sameer|Giantorno, Guido";"";"2708092157";"";"dtu";"2022";"";"";"";"";"thesis";"dtu|dtu_electronic|dtupub_external";"";"";"";"";"";"";"";"";"";"";"";"";"";"";"";"";"und";"6220b028d000ac54d8321821";"";"6220b028d000ac54d8321821";"DTU Department of Applied Mathematics and Computer Science";"sorbit";"sorbit";"A recommender system for a music service using Deep Learning at TDC|A recommender system for a music service using Deep Learning at TDC"
"";"dtu|dtupub|third_party";"";"2022-03-02T12:10:04.781Z";"Mitrovgenis, Evangelos";"";"2708057996";"";"dtu";"2022";"";"";"";"";"thesis";"dtu|dtu_electronic|dtupub|dtupub_electronic";"";"";"";"";"";"";"";"";"";"";"";"";"";"";"";"";"und";"621f5e9b4e7a6e54d8ae8073";"";"621f5e9b4e7a6e54d8ae8073";"DTU Department of Civil Engineering";"sorbit";"sorbit";"How to meet the requirements of Demand Controlled Ventilation – is CO2 concentration the best indicator?|How to meet the requirements of Demand Controlled Ventilation – is CO2 concentration the best indicator?"
"";"dtu|dtupub|third_party";"";"2022-01-03T13:16:38.823Z";"Thomsen, Jakob Graversgaard";"";"2693243157";"";"dtu";"2021";"";"";"";"";"thesis";"dtu|dtu_electronic|dtupub_external";"";"";"";"";"";"";"";"";"";"";"";"";"";"";"";"";"und";"612f5fb9d9001d0172372040";"";"612f5fb9d9001d0172372040";"DTU Department of Electrical Engineering";"sorbit";"sorbit";"Integrated Class-D Audio Output Stage with Low EMI for Hearing Instrument Applications|Integreret klasse-D lyd udgangstrin med lav EMI til høreapparats applikationer."
"";"dtu|dtupub|third_party";"";"2022-02-23T12:10:19.040Z";"Rubi, Kilian Vicente";"";"2707790631";"";"dtu";"2022";"";"";"";"";"thesis";"dtu|dtu_electronic|dtupub|dtupub_electronic";"";"";"";"";"";"";"";"";"";"";"";"";"";"";"";"";"und";"6216242a32c195235e8f40f2";"";"6216242a32c195235e8f40f2";"DTU Department of Civil Engineering";"sorbit";"sorbit";"Solar district heating system with water pit heat storage|Solar district heating system with water pit heat storage"
"";"dtu|dtupub|third_party";"";"2022-02-23T12:10:18.306Z";"Bascelli, Marco";"";"2707790626";"";"dtu";"2022";"";"";"";"";"thesis";"dtu|dtu_electronic|dtupub_external";"";"";"";"";"";"";"";"";"";"";"";"";"";"";"";"";"und";"621624290b633b235ed145d5";"";"621624290b633b235ed145d5";"DTU Department of Civil and Mechanical Engineering";"sorbit";"sorbit";"Material selection and design for improved biocompatibility and corrosion resistance of ECG electrodes|Materialevalg og design for øget biokompatabilitet og korrosionseganskaber af EKG elektroder"
"";"dtu|dtupub|third_party";"";"2022-08-01T00:10:10.010Z";"Gudmundsdottir, Svanhvit Birta|Viktorsson, Úlfar";"";"2712912864";"";"dtu";"2022";"";"";"";"";"thesis";"dtu|dtu_electronic|dtupub_external";"";"";"";"";"";"";"";"";"";"";"";"";"";"";"";"";"und";"62e719e135f75ea446390835";"";"62e719e135f75ea446390835";"DTU Department of Technology, Management and Economics";"sorbit";"sorbit";"Analysis of production capabilities of production lines at Fujifilm Diosynth Biotechnologies|Analyse af produktions kapabilitet for produktionslinjer hos Fujifilm Diosynth Biotechnologies"
"";"dtu|dtupub|third_party";"";"2022-09-21T00:09:30.260Z";"Shah, Saher Munir";"";"2713908147";"";"dtu";"2022";"";"";"";"";"thesis";"dtu|dtu_electronic|dtupub|dtupub_electronic";"";"";"";"";"";"";"";"";"";"";"";"";"";"";"";"";"und";"632a563ad3543955fa1b0abc";"";"632a563ad3543955fa1b0abc";"DTU DTU National Food Institute";"sorbit";"sorbit";"Targeted PCR design to study bacterial populations in drains|Malrettet PCR design til undersøgelse af bakteriepopulationer i afløb"
"";"dtu|dtupub|third_party";"";"2022-07-28T00:09:37.456Z";"Zhuang, Zhaonian";"";"2712866722";"";"dtu";"2022";"";"";"";"";"thesis";"dtu|dtu_electronic|dtupub|dtupub_electronic";"";"";"";"";"";"";"";"";"";"";"";"";"";"";"";"";"und";"62e1d3c14529a054e4f07e02";"";"62e1d3c14529a054e4f07e02";"DTU Department of Environmental and Resource Engineering";"sorbit";"sorbit";"Application of LSTM models for anomaly detection in flow data from Næstved sewer system|Anvendelses af LSTM-modeller til detektering af anomalier i flow malinger fra Næstveds afløbssystemer"
"";"dtu|dtupub|third_party";"";"2022-04-01T11:17:27.192Z";"Malmskov, Mads";"";"2708989945";"";"dtu";"2022";"";"";"";"";"thesis";"dtu|dtu_electronic|dtupub|dtupub_electronic";"";"";"";"";"";"";"";"";"";"";"";"";"";"";"";"";"und";"6246dd8bcdac0cf977c35037";"";"6246dd8bcdac0cf977c35037";"DTU Department of Engineering Technology and Didactics";"sorbit";"sorbit";"Data Anonymization of Personal Data using Machine Learning|Dataanonymisering af personoplysninger ved hjælp af machine learning."
"";"dtu|dtupub|third_party";"";"2022-05-07T11:09:53.437Z";"Hansen, Kristoffer Demandt";"";"2709876387";"";"dtu";"2022";"";"";"";"";"thesis";"dtu|dtu_electronic|dtupub|dtupub_electronic";"";"";"";"";"";"";"";"";"";"";"";"";"";"";"";"";"und";"62765381bff7f4159ea8f95e";"";"62765381bff7f4159ea8f95e";"DTU Department of Engineering Technology and Didactics";"sorbit";"sorbit";"Automated Planning with Neural A* Search and Federated Learning|Automatiseret Planlægning med Neural A* Search og Federated Learning."
"";"dtu|dtupub|third_party";"";"2022-09-08T00:09:29.803Z";"Lanore, Yvan Thierry Alexandre";"";"2713551517";"";"dtu";"2022";"";"";"";"";"thesis";"dtu|dtu_electronic|dtupub|dtupub_electronic";"";"";"";"";"";"";"";"";"";"";"";"";"";"";"";"";"und";"631932b935913f3145886408";"";"631932b935913f3145886408";"DTU Department of Wind and Energy Systems";"sorbit";"sorbit";"Sizing optimization of hybrid power plants|Dimensioneringsoptimering af hybrid power plants"
"";"dtu|dtupub|third_party";"";"2022-07-25T00:10:54.645Z";"Fogh, Jakob";"";"2712810234";"";"dtu";"2022";"";"";"";"";"thesis";"dtu|dtu_electronic|dtupub|dtupub_electronic";"";"";"";"";"";"";"";"";"";"";"";"";"";"";"";"";"und";"62dddf8e960abb54e43b3f06";"";"62dddf8e960abb54e43b3f06";"DTU Department of Applied Mathematics and Computer Science";"sorbit";"sorbit";"Inference in nonlinear stochastic differential equations|Inferens in ikke-lineære stokastiske differentialligninger"
"";"dtu|dtupub|third_party";"";"2022-07-24T00:10:13.223Z";"Vangberg, Daniel";"";"2712806098";"";"dtu";"2022";"";"";"";"";"thesis";"dtu|dtu_electronic|dtupub_external";"";"";"";"";"";"";"";"";"";"";"";"";"";"";"";"";"und";"62dc8de5b3f37654e47ee370";"";"62dc8de5b3f37654e47ee370";"DTU Department of Technology, Management and Economics";"sorbit";"sorbit";"Nurses as Technology Entrepreneurs: What skills do they bring, and how can they benefit a MedTech startup?|Sygeplejersker som teknologientreprenører: Hvilke færdigheder bringer de med sig, og hvordan kan de gavne en MedTech-startup?"
"";"dtu|dtupub|third_party";"";"2022-08-12T00:10:10.386Z";"Montoya, Alba Esteban";"";"2713018313";"";"dtu";"2022";"";"";"";"";"thesis";"dtu|dtu_electronic|dtupub|dtupub_electronic";"";"";"";"";"";"";"";"";"";"";"";"";"";"";"";"";"und";"62f59a5b2b77fb03a45eeb02";"";"62f59a5b2b77fb03a45eeb02";"DTU DTU National Food Institute";"sorbit";"sorbit";"Analysis of competition between isogenic strains of lactic acid bacteria in milk by flow cytometry|Analyse af konkurrence mellem mækesyrebakterier under vækst i mælk ved hjælp af flow cytometry"
"";"dtu|dtupub|third_party";"";"2022-07-25T00:11:09.957Z";"Szakter, Kiara Emese";"";"2712810266";"";"dtu";"2022";"";"";"";"";"thesis";"dtu|dtu_electronic|dtupub_external";"";"";"";"";"";"";"";"";"";"";"";"";"";"";"";"";"und";"62dddf9d25989454e4ba843a";"";"62dddf9d25989454e4ba843a";"DTU Department of Chemical and Biochemical Engineering";"sorbit";"sorbit";"Studies on continuous crystallization of APIs|Undersøgelser om kontinuerlig krystallisation af API'er"
"";"dtu|dtupub|third_party";"";"2022-07-31T00:10:30.791Z";"Dasopoulos, Dionysios|Eleftheriou, Ioannis";"";"2712909622";"";"dtu";"2022";"";"";"";"";"thesis";"dtu|dtu_electronic|dtupub|dtupub_electronic";"";"";"";"";"";"";"";"";"";"";"";"";"";"";"";"";"und";"62e5c876fcb2c7a446d23f9c";"";"62e5c876fcb2c7a446d23f9c";"DTU Department of Technology, Management and Economics";"sorbit";"sorbit";"Preventive & Predictive Maintenance: Data Analysis, Optimization and Decision Support|Forebyggende og prædiktiv vedligeholdelse: Dataanalyse, optimering og beslutningsstøtte"
"";"dtu|dtupub|third_party";"";"2022-01-03T13:05:56.092Z";"Nielsen, Mattias Marr";"";"2665996715";"";"dtu";"2021";"";"";"";"";"thesis";"dtu|dtu_electronic|dtupub|dtupub_electronic";"";"";"";"";"";"";"";"";"";"";"";"";"";"";"";"";"und";"6050a034d9001d0165750e46";"";"6050a034d9001d0165750e46";"DTU Department of Technology, Management and Economics";"sorbit";"sorbit";"An AI-based customer-centric configuration framework to support personalized financial decisions|En AI-baseret brugercentreret konfigurationsramme til understøttelse af personlige økonomiske beslutninger"
"";"dtu|dtupub|third_party";"";"2022-09-06T00:09:34.146Z";"Linaje, Nicolas Desiderio Gonzalez Alonso De";"";"2713511504";"";"dtu";"2022";"";"";"";"";"thesis";"dtu|dtu_electronic|dtupub|dtupub_electronic";"";"";"";"";"";"";"";"";"";"";"";"";"";"";"";"";"und";"63168fbed007b8314580dc92";"";"63168fbed007b8314580dc92";"DTU Department of Wind and Energy Systems";"sorbit";"sorbit";"Exploring the value of the assimilation of satellite data for more accurate simulation of wind profiles over the sea|Udforskning af værdien af at assimilere satellitdata til brug ved simulering af mere nøjagtige havvind profiler"
"";"dtu|dtupub|third_party";"";"2022-07-25T00:10:26.387Z";"Raharinaivo, Mathieu Lalaina Pascal";"";"2712810182";"";"dtu";"2022";"";"";"";"";"thesis";"dtu|dtu_electronic|dtupub|dtupub_electronic";"";"";"";"";"";"";"";"";"";"";"";"";"";"";"";"";"und";"62dddf72b2e76254e4c9e113";"";"62dddf72b2e76254e4c9e113";"DTU Department of Environmental and Resource Engineering";"sorbit";"sorbit";"Backcasting towards Sustainability by 2050 for Madagascar and Ecuador|Backcasting mod bæredygtighed i 2050 for Madagaskar og Ecuador"
"";"dtu|dtupub|third_party";"";"2022-01-03T13:17:00.458Z";"Christensen, Morten Aarkrogh";"";"2690823374";"";"dtu";"2021";"";"";"";"";"thesis";"dtu|dtu_electronic|dtupub_external";"";"";"";"";"";"";"";"";"";"";"";"";"";"";"";"";"und";"60d9ae17d9001d0166724671";"";"60d9ae17d9001d0166724671";"DTU Department of Health Technology";"sorbit";"sorbit";"Investigating an in vitro model to test antifibrotic drugs on human lung fibroblasts|Undersøgelse af in vitro model til test af anti-fibrotiske stoffer pa humane lungefibroblaster"
"";"dtu|dtupub|third_party";"";"2022-07-31T00:10:31.325Z";"Martín, Ricardo García";"";"2712909651";"";"dtu";"2022";"";"";"";"";"thesis";"dtu|dtu_electronic|dtupub_external";"";"";"";"";"";"";"";"";"";"";"";"";"";"";"";"";"und";"62e5c877246b25a44634239c";"";"62e5c877246b25a44634239c";"DTU Department of Health Technology";"sorbit";"sorbit";"Identification and characterization of a novel human ribosomal biogenesis complex|Identifikation og karakterisering af et nyt humant ribosomalt biogenesekompleks"
"";"dtu|dtupub|third_party";"";"2022-05-11T11:10:07.975Z";"Mortensen, Andreas Egelund";"";"2709963800";"";"dtu";"2022";"";"";"";"";"thesis";"dtu|dtu_electronic|dtupub|dtupub_electronic";"";"";"";"";"";"";"";"";"";"";"";"";"";"";"";"";"und";"627b998f8828e5159ed6ea4e";"";"627b998f8828e5159ed6ea4e";"DTU Department of Applied Mathematics and Computer Science";"sorbit";"sorbit";"Hierarchical deep generative modelling of protein sequences|Hierarkisk dyb generativ modellering af proteinsekvenser"
"";"dtu|dtupub|third_party";"";"2022-02-22T12:10:00.048Z";"Christiansen, Tobias Løye";"";"2707583712";"";"dtu";"2022";"";"";"";"";"thesis";"dtu|dtu_electronic|dtupub|dtupub_electronic";"";"";"";"";"";"";"";"";"";"";"";"";"";"";"";"";"und";"6214d296758e5a235e2950e0";"";"6214d296758e5a235e2950e0";"DTU Department of Civil Engineering";"sorbit";"sorbit";"Investigation of the price and CO2-emission for agricultural stables using Pearl-Chain technology|Undersøgelse af pris og CO2-forbrug for staldbygninger opført ved brug af Perlekædeteknologi"
"";"dtu|dtupub|third_party";"";"2022-07-03T11:09:48.373Z";"Orfanopedis, Sebastian Thor Madsen";"";"2712438100";"";"dtu";"2022";"";"";"";"";"thesis";"dtu|dtu_electronic|dtupub_external";"";"";"";"";"";"";"";"";"";"";"";"";"";"";"";"";"und";"62c178fcbd89bb250a3f1174";"";"62c178fcbd89bb250a3f1174";"DTU Department of Chemical and Biochemical Engineering";"sorbit";"sorbit";"Optimization of capacity and colour removal during chromatographic capture step of Vancomycin|Optimering af kapacitet og farvefjernelse i et kromatografisk capture trin for Vancomycin"
"";"dtu|dtupub|third_party";"";"2022-01-03T13:13:25.028Z";"Gjelstrup, Caroline Victoria Bratsbjerg";"";"2683895815";"";"dtu";"2021";"";"";"";"";"thesis";"dtu|dtu_electronic|dtupub|dtupub_electronic";"";"";"";"";"";"";"";"";"";"";"";"";"";"";"";"";"und";"605f20bbd9001d016653050f";"";"605f20bbd9001d016653050f";"DTU National Institute of Aquatic Resources";"sorbit";"sorbit";"Stratification of East Greenlandic fjords|Lagdeling i øst grønlandske fjorde"
"";"dtu|dtupub|third_party";"";"2022-07-04T11:09:58.504Z";"Ròdenas, Roger San Andrés";"";"2712470335";"";"dtu";"2022";"";"";"";"";"thesis";"dtu|dtu_electronic|dtupub|dtupub_electronic";"";"";"";"";"";"";"";"";"";"";"";"";"";"";"";"";"und";"62c2ca86c2b65e250af2e656";"";"62c2ca86c2b65e250af2e656";"DTU Department of Technology, Management and Economics";"sorbit";"sorbit";"The role of a Global LPG Fund within Humanitarian Energy to accelerate the clean cooking transition in displacement contexts in the Global South|Rollen af en Global LPG Fund inden for Humanitær Energi til at fremskynde overgangen til ren madlavning i fordrivelsessammenhænge i det globale syd"
"";"dtu|dtupub|third_party";"";"2022-03-19T12:10:59.384Z";"Danvy, Irene Marie Malmkjær";"";"2708684365";"";"dtu";"2022";"";"";"";"";"thesis";"dtu|dtu_electronic|dtupub_external";"";"";"";"";"";"";"";"";"";"";"";"";"";"";"";"";"und";"6235c848da6c05c15254959a";"";"6235c848da6c05c15254959a";"DTU Department of Electrical Engineering";"sorbit";"sorbit";"Micro Ring Resonator control and use for area and power efficient optical communications|Micro Ring Resonator kontrol og anvendelse til areal- og strømeffektiv optisk kommunikation"
"";"dtu|dtupub|third_party";"";"2022-01-03T13:16:26.357Z";"Jriji, Sofiene";"";"2699316048";"";"dtu";"2021";"";"";"";"";"thesis";"dtu|dtu_electronic|dtupub|dtupub_electronic";"";"";"";"";"";"";"";"";"";"";"";"";"";"";"";"";"und";"61729c21d9001d01645dddc2";"";"61729c21d9001d01645dddc2";"DTU Department of Technology, Management and Economics";"sorbit";"sorbit";"GHG reductions in European car use -–a comparative transport policy study|GHG reductions in European car use -–a comparative transport policy study"
"";"dtu|dtupub|third_party";"";"2022-03-09T12:10:05.534Z";"Deksna, Roberts";"";"2708315605";"";"dtu";"2022";"";"";"";"";"thesis";"dtu|dtu_electronic|dtupub|dtupub_electronic";"";"";"";"";"";"";"";"";"";"";"";"";"";"";"";"";"und";"6228991da5fa2054d8fd95ca";"";"6228991da5fa2054d8fd95ca";"DTU Department of Technology, Management and Economics";"sorbit";"sorbit";"Overcoming the challenges associated with the adoption of Augmented Reality in businesses|Overcoming the challenges associated with the adoption of Augmented Reality in businesses"
"";"dtu|dtupub|third_party";"";"2022-01-03T13:13:47.542Z";"Jirík, Martin";"";"2692100158";"";"dtu";"2021";"";"";"";"";"thesis";"dtu|dtu_electronic|dtupub|dtupub_electronic";"";"";"";"";"";"";"";"";"";"";"";"";"";"";"";"";"und";"6106811bd9001d01622e8e80";"";"6106811bd9001d01622e8e80";"DTU Department of Civil Engineering";"sorbit";"sorbit";"Definition of the required carbon budget for operational energy of buildings in Switzerland until 2050|Definition af det nødvendige carbon budget for energi til drift af bygninger i Sweitz indtil 2050"
"";"dtu|dtupub|third_party";"";"2022-01-03T13:16:51.054Z";"Jørgensen, Hans Ivan Weye";"";"2686339950";"";"dtu";"2021";"";"";"";"";"thesis";"dtu|dtu_electronic|dtupub|dtupub_electronic";"";"";"";"";"";"";"";"";"";"";"";"";"";"";"";"";"und";"607544b9d9001d0165270f64";"";"607544b9d9001d0165270f64";"DTU Department of Civil Engineering";"sorbit";"sorbit";"Staff/resident ratio in nursing homes|Personale/Bborger fordeling pa plejehjem"
"";"dtu|dtupub|third_party";"";"2022-01-03T13:16:51.158Z";"Thomsen, Katia Elizabeth";"";"2692286097";"";"dtu";"2021";"";"";"";"";"thesis";"dtu|dtu_electronic|dtupub|dtupub_electronic";"";"";"";"";"";"";"";"";"";"";"";"";"";"";"";"";"und";"610fbb90d9001d016215790b";"";"610fbb90d9001d016215790b";"DTU Department of Chemistry";"sorbit";"sorbit";"Sulfamidase-cleavable linker for antibody-drug conjugates in cancer treatment|Sulfamidase-kløvbar linker til antibody-lægemiddel konjugater i kræftbehandling"
"";"dtu|dtupub|third_party";"";"2022-03-30T11:10:03.208Z";"Suski, Adam Krzysztof";"";"2708933077";"";"dtu";"2022";"";"";"";"";"thesis";"dtu|dtu_electronic|dtupub_external";"";"";"";"";"";"";"";"";"";"";"";"";"";"";"";"";"und";"62443a8b31d9fff30b13a1ca";"";"62443a8b31d9fff30b13a1ca";"DTU Department of Electrical Engineering";"sorbit";"sorbit";"Game-theoretic Analysis of Ukraine Day-Ahead Electricity Market|Game-theoretic Analysis of Ukraine Day-Ahead Electricity Market"
"";"dtu|dtupub|third_party";"";"2022-09-30T00:09:29.222Z";"Gil, Pedro Francisco";"";"2714108212";"";"dtu";"2022";"";"";"";"";"thesis";"dtu|dtu_electronic|dtupub|dtupub_electronic";"";"";"";"";"";"";"";"";"";"";"";"";"";"";"";"";"und";"633633b8fa04f833f92b10ee";"";"633633b8fa04f833f92b10ee";"DTU Department of Energy Conversion and Storage";"sorbit";"sorbit";"Characterization of the mechanical and electrical properties of laser slit HTS tapes and analysis of failure mechanisms|Karakterisering af de mekaniske og elektriske egenskaber af laserspaltede HTS-band og analyse af fejlmekanismer."
"";"dtu|dtupub|third_party";"";"2022-08-12T00:09:38.050Z";"Joensen, Bjørt Óladóttir";"";"2713018264";"";"dtu";"2022";"";"";"";"";"thesis";"dtu|dtu_electronic|dtupub|dtupub_electronic";"";"";"";"";"";"";"";"";"";"";"";"";"";"";"";"";"und";"62f59a4111f3ec03a49b05e9";"";"62f59a4111f3ec03a49b05e9";"DTU Department of Physics";"sorbit";"sorbit";"Analyzing ionomer modified catalysis for high current density CO2 electrolysis|Analyse af ionomermodificeret heterogen katalysator til CO2-elektrolyse ved høj strømtæthed"
"";"dtu|dtupub|third_party";"";"2022-03-02T12:10:06.877Z";"Engberg, Rasmus|Edry, Jonatan Larsen";"";"2708058012";"";"dtu";"2022";"";"";"";"";"thesis";"dtu|dtu_electronic|dtupub|dtupub_electronic";"";"";"";"";"";"";"";"";"";"";"";"";"";"";"";"";"und";"621f5e9df6521a54d8c8cc9b";"";"621f5e9df6521a54d8c8cc9b";"DTU Department of Technology, Management and Economics";"sorbit";"sorbit";"Optimization and simulation of bed allocation at New North Zealand Hospital|Optimering og simulering af sengetildeling ved Nyt Hospital Nordsjælland"
"";"dtu|dtupub|third_party";"";"2022-01-30T12:11:11.027Z";"Kongsgaard, Andreas Høyer";"";"2706100891";"";"dtu";"2021";"";"";"";"";"thesis";"dtu|dtu_electronic|dtupub|dtupub_electronic";"";"";"";"";"";"";"";"";"";"";"";"";"";"";"";"";"und";"61f6801fa18b4a16e9ed73c2";"";"61f6801fa18b4a16e9ed73c2";"DTU Department of Health Technology";"sorbit";"sorbit";"Identification and characterization of HLA-C associated T cell interaction|Identifikation og karakterisering af HLA-C-associeret T-celleinteraktion."
"";"dtu|dtupub|third_party";"";"2022-03-24T12:10:04.769Z";"Majidi, Oldouz";"";"2708800834";"";"dtu";"2022";"";"";"";"";"thesis";"dtu|dtu_electronic|dtupub|dtupub_electronic";"";"";"";"";"";"";"";"";"";"";"";"";"";"";"";"";"und";"623c5f9caf7424db7348536a";"";"623c5f9caf7424db7348536a";"DTU Department of Applied Mathematics and Computer Science";"sorbit";"sorbit";"Automatic segmentation of microstructural features in cortex using convolutional network modelling|Automatisk segmentering af mikrostrukturelle features i kortex med convolutional network modellering"
"";"dtu|dtupub|third_party";"";"2022-01-03T13:13:24.864Z";"Aertssen, Simon Joris A";"";"2640810211";"";"dtu";"2021";"";"";"";"";"thesis";"dtu|dtu_electronic|dtupub|dtupub_electronic";"";"";"";"";"";"";"";"";"";"";"";"";"";"";"";"";"und";"603f7ca9d9001d016500552f";"";"603f7ca9d9001d016500552f";"DTU Department of Applied Mathematics and Computer Science";"sorbit";"sorbit";"Dynamics of adaptive neuronal networks|Dynamik af adaptive neuronale netværk"
"";"dtu|dtupub|third_party";"";"2022-01-03T13:06:01.248Z";"Alaguero, Sara Lopez|Chirtoaca, Andrei|Provornii, Daniil";"";"2691928201";"";"dtu";"2021";"";"";"";"";"thesis";"dtu|dtu_electronic|dtupub|dtupub_electronic";"";"";"";"";"";"";"";"";"";"";"";"";"";"";"";"";"und";"60fe9818d9001d01622e8dc8";"";"60fe9818d9001d01622e8dc8";"DTU Department of Electrical Engineering";"sorbit";"sorbit";"Closing the reality gap: training robots in photorealistic environments and their commercial applications|Closing the reality gap: training robots in photorealistic environments and their commercial applications"
"";"dtu|dtupub|third_party";"";"2022-01-06T23:56:38.624Z";"Lindberg, Jacob Tobias";"";"2691661115";"";"dtu";"2021";"";"";"";"";"thesis";"dtu|dtu_electronic|dtupub_external";"";"";"";"";"";"";"";"";"";"";"";"";"";"";"";"";"und";"60f40c12d9001d016224897f";"";"60f40c12d9001d016224897f";"DTU Department of Electrical Engineering";"sorbit";"sorbit";"Assessment of Smart HV Components for Resolving Stability Challenges in Future Offshore Windfarm Grids|Assessment of Smart HV Components for Resolving Stability Challenges in Future Offshore Windfarm Grids"
"";"dtu|dtupub|third_party";"";"2022-01-06T23:55:20.721Z";"Pla, Javier De Jaureguizar";"";"2691159516";"";"dtu";"2021";"";"";"";"";"thesis";"dtu|dtu_electronic|dtupub|dtupub_electronic";"";"";"";"";"";"";"";"";"";"";"";"";"";"";"";"";"und";"60e1971fd9001d016672469b";"";"60e1971fd9001d016672469b";"DTU Department of Wind and Energy Systems";"sorbit";"sorbit";"Effect of wake model uncertainties on power output estimates for wind farms with wake steering control|Effekt af usikkerheder i wake-modeller pa estimering af neteffekten fra vinmølleparker styret med wake-steering kontrolstrategi"
"";"dtu|dtupub|third_party";"";"2022-01-03T13:05:29.445Z";"Fuentes, Alvaro Gonzalez";"";"2691438200";"";"dtu";"2021";"";"";"";"";"thesis";"dtu|dtu_electronic|dtupub|dtupub_electronic";"";"";"";"";"";"";"";"";"";"";"";"";"";"";"";"";"und";"60e82e9bd9001d0162248921";"";"60e82e9bd9001d0162248921";"DTU Department of Wind and Energy Systems";"sorbit";"sorbit";"Investigation of the effect of corrosion induced surface roughness on the fatigue life of steel|Undersøgelse af effekten af korrosion overfladeruhed pa udmattelses levetiden af stal"
"";"dtu|dtupub|third_party";"";"2022-07-24T00:10:22.180Z";"Bråten, Alexander Philip Bilton";"";"2712806327";"";"dtu";"2022";"";"";"";"";"thesis";"dtu|dtu_electronic|dtupub|dtupub_electronic";"";"";"";"";"";"";"";"";"";"";"";"";"";"";"";"";"und";"62dc8deed56e6e54e4b46837";"";"62dc8deed56e6e54e4b46837";"DTU Department of Applied Mathematics and Computer Science";"sorbit";"sorbit";"Graph Coloring in the Distributed Model of Computation|Graffarvning i den distribuerede beregningsmodel"
"";"dtu|dtupub|third_party";"";"2022-10-04T00:09:37.430Z";"Ravizza, Gabriele";"";"2714206532";"";"dtu";"2022";"";"";"";"";"thesis";"dtu|dtu_electronic|dtupub|dtupub_electronic";"";"";"";"";"";"";"";"";"";"";"";"";"";"";"";"";"und";"633b79c05d560c33f9b84dee";"";"633b79c05d560c33f9b84dee";"DTU Department of Health Technology";"sorbit";"sorbit";"Evaluation and modeling of subjective multi-sensorial perception in bone and air conduction technology|Evaluering og modellering af subjektiv multisensorisk opfattelse i knogle- og luftledningsteknologi"
"";"dtu|dtupub|third_party";"";"2022-02-23T12:10:26.440Z";"Radi, Khashayar Nikouvadad";"";"2707790702";"";"dtu";"2022";"";"";"";"";"thesis";"dtu|dtu_electronic|dtupub|dtupub_electronic";"";"";"";"";"";"";"";"";"";"";"";"";"";"";"";"";"und";"621624320a36ef235ee98e3a";"";"621624320a36ef235ee98e3a";"DTU Department of Applied Mathematics and Computer Science";"sorbit";"sorbit";"Binary Reduction of C Programs|Binær Reduktion af C Programmer"
"";"dtu|dtupub|third_party";"";"2022-03-29T11:10:00.767Z";"Tezza, Fernando";"";"2708902891";"";"dtu";"2022";"";"";"";"";"thesis";"dtu|dtu_electronic|dtupub_external";"";"";"";"";"";"";"";"";"";"";"";"";"";"";"";"";"und";"6242e908dbbcd3f30bc958ee";"";"6242e908dbbcd3f30bc958ee";"DTU Department of Civil and Mechanical Engineering";"sorbit";"sorbit";"Bolted-Rotor Digital Twin Model - Theory & Experiment|Bolted-Rotor Digital Twin Model - Theory and Experiment"
"";"dtu|dtupub|third_party";"";"2022-05-12T11:10:02.534Z";"Højberg, Stella Juncker";"";"2709982270";"";"dtu";"2022";"";"";"";"";"thesis";"dtu|dtu_electronic|dtupub_external";"";"";"";"";"";"";"";"";"";"";"";"";"";"";"";"";"und";"627ceb09674db3159e1219e9";"";"627ceb09674db3159e1219e9";"DTU DTU National Food Institute";"sorbit";"sorbit";"Investigation of the effect of a novel ingredient and fish feed ingredients on pasting, thermal, and hydration properties of fish feed formulations|Undersøgelse af effekten af en ny ingrediens og fiskefoder ingredienser pa æltnings-, termiske og hydrationsegenskaber af fiskefoderopskrifter"
"";"dtu|dtupub|third_party";"";"2022-08-12T00:09:38.738Z";"Guo, Xiaodi";"";"2713018265";"";"dtu";"2022";"";"";"";"";"thesis";"dtu|dtu_electronic|dtupub|dtupub_electronic";"";"";"";"";"";"";"";"";"";"";"";"";"";"";"";"";"und";"62f59a422eaa4203a4fd0f31";"";"62f59a422eaa4203a4fd0f31";"DTU Department of Environmental and Resource Engineering";"sorbit";"sorbit";"The effect of microplastics on microbial reduction of metals|Effekten af mikroplast pa mikrobiel reduktion af metaller"
"";"dtu|dtupub|third_party";"";"2022-08-07T00:09:31.230Z";"Svaneborg, Jakob Kjærulff";"";"2713008539";"";"dtu";"2022";"";"";"";"";"thesis";"dtu|dtu_electronic|dtupub|dtupub_electronic";"";"";"";"";"";"";"";"";"";"";"";"";"";"";"";"";"und";"62ef02bb70c930a446c0a199";"";"62ef02bb70c930a446c0a199";"DTU Department of Physics";"sorbit";"sorbit";"Theory of time-dependent electron transport in nano-systems|Teori for tidsafhængig elektron transport i nanosystemer"
"";"dtu|dtupub|third_party";"";"2022-07-11T00:09:39.407Z";"Garcia, Sofia Pedraza";"";"2712624365";"";"dtu";"2022";"";"";"";"";"thesis";"dtu|dtu_electronic|dtupub|dtupub_electronic";"";"";"";"";"";"";"";"";"";"";"";"";"";"";"";"";"und";"62cb6a40df5629261711b2af";"";"62cb6a40df5629261711b2af";"DTU Department of Civil Engineering";"sorbit";"sorbit";"Daylight, Overheating and Solar Shading in Southern Europe|Dagslys, Overophedning og Solafskærmning i Sydeuropa"
"";"dtu|dtupub|third_party";"";"2022-07-26T00:09:30.960Z";"Mi, Yinggang|Arnarsson, Anton Freyr";"";"2712838277";"";"dtu";"2022";"";"";"";"";"thesis";"dtu|dtu_electronic|dtupub|dtupub_electronic";"";"";"";"";"";"";"";"";"";"";"";"";"";"";"";"";"und";"62df30baf91a1d54e4af4383";"";"62df30baf91a1d54e4af4383";"DTU Department of Applied Mathematics and Computer Science";"sorbit";"sorbit";"Analysis of Human Behavior with Process Mining: Detecting and Explaining Variations|Analyse af menneskelig adfærd med Process Mining: Detektering og forklaring af variationer"
"";"dtu|dtupub|third_party";"";"2022-07-25T00:11:05.254Z";"Torres, Rosa de Nova";"";"2712810258";"";"dtu";"2022";"";"";"";"";"thesis";"dtu|dtu_electronic|dtupub|dtupub_electronic";"";"";"";"";"";"";"";"";"";"";"";"";"";"";"";"";"und";"62dddf997139c554e4e548a0";"";"62dddf997139c554e4e548a0";"DTU DTU National Food Institute";"sorbit";"sorbit";"Biodosimetry to estimate the UV-C dose used to inactivate bacteria in different types of milk|Biodosimetri til at bestemme UV-C dosis til inaktivering af bakterier i forskellige typer af mælk"
"";"dtu|dtupub|third_party";"";"2022-08-30T00:09:31.409Z";"Goncalves, Dayana Carolina De Menezes";"";"2713398139";"";"dtu";"2022";"";"";"";"";"thesis";"dtu|dtu_electronic|dtupub|dtupub_electronic";"";"";"";"";"";"";"";"";"";"";"";"";"";"";"";"";"und";"630d553b9518ed2511753e53";"";"630d553b9518ed2511753e53";"DTU Department of Health Technology";"sorbit";"sorbit";"Benchmarking structure-based approaches to characterize and classify driver mutations in cancer|Benchmarking af strukturbaserede tilgange til karakterisering og klassificering af driver mutationer i kræftsygdomme"
"";"dtu|dtupub|third_party";"";"2022-08-25T11:30:42.549Z";"Trabado, Caroline Askheim";"";"2713316489";"";"dtu";"2022";"";"";"";"";"thesis";"dtu|dtu_electronic|dtupub|dtupub_electronic";"";"";"";"";"";"";"";"";"";"";"";"";"";"";"";"";"und";"6302c9395ccc5913252313f0";"";"6302c9395ccc5913252313f0";"DTU Department of Civil and Mechanical Engineering";"sorbit";"sorbit";"Investigation of Procurement of Product/Service-Systems - A Case With Procurement of Laboratory Equipment in a Pharmaceutical Company|Undersøgelse af indkøb af produkt/service-systemer - En case med indkøb af laboratorieudstyr i et legemiddelfirma"
"";"dtu|dtupub|third_party";"";"2022-07-25T00:09:46.639Z";"Mikkelsen, Niels With|Foged, Victor|Pedersen, Lasse Steen";"";"2712810115";"";"dtu";"2022";"";"";"";"";"thesis";"dtu|dtu_electronic|dtupub_external";"";"";"";"";"";"";"";"";"";"";"";"";"";"";"";"";"und";"62dddf4aaa929254e4d811db";"";"62dddf4aaa929254e4d811db";"DTU Department of Applied Mathematics and Computer Science";"sorbit";"sorbit";"A Framework for Enacting Machine Learning Models in Fast Decision-Making Processes in Trading|Et framework til at anvende machine learning modeller i hurtige beslutningsprocesser indenfor handel"
"";"dtu|dtupub|third_party";"";"2022-07-25T00:09:55.549Z";"Kaad, Asbjørn Pedersen|Kunding, Ask Dörge";"";"2712810132";"";"dtu";"2022";"";"";"";"";"thesis";"dtu|dtu_electronic|dtupub|dtupub_electronic";"";"";"";"";"";"";"";"";"";"";"";"";"";"";"";"";"und";"62dddf53e8b66154e4743c5e";"";"62dddf53e8b66154e4743c5e";"DTU Department of Applied Mathematics and Computer Science";"sorbit";"sorbit";"Plan and goal recognition|Genkendelse af planer og mal"
"";"dtu|dtupub|third_party";"";"2022-07-25T00:09:46.658Z";"Rajavel, Dhasu Prasanna";"";"2712810116";"";"dtu";"2022";"";"";"";"";"thesis";"dtu|dtu_electronic|dtupub_external";"";"";"";"";"";"";"";"";"";"";"";"";"";"";"";"";"und";"62dddf4a2045b554e442fa50";"";"62dddf4a2045b554e442fa50";"DTU Department of Energy Conversion and Storage";"sorbit";"sorbit";"Designing solar energy systems coupled with hydrogen production and storage|Design af solenergisystemer kombineret med brintproduktion og -lagring"
"";"dtu|dtupub|third_party";"";"2022-06-03T11:09:53.510Z";"Bartholdy, Michael Johannes Jensen";"";"2710503364";"";"dtu";"2022";"";"";"";"";"thesis";"dtu|dtu_electronic|dtupub|dtupub_electronic";"";"";"";"";"";"";"";"";"";"";"";"";"";"";"";"";"und";"6299ec01f176181a6ba9865e";"";"6299ec01f176181a6ba9865e";"DTU Department of Chemistry";"sorbit";"sorbit";"Lipase catalyzed esterification reaction in organic media assessed by kinetic characterization and molecular dynamics simulations|Lipase katalyseret esterificering I organisk medium undersøgt med kinetisk karakterisering og molekylære dynamiske simuleringer"
"";"dtu|dtupub|third_party";"";"2022-01-03T13:16:22.320Z";"Petrovic, Katarina";"";"2691928278";"";"dtu";"2021";"";"";"";"";"thesis";"dtu|dtu_electronic|dtupub_external";"";"";"";"";"";"";"";"";"";"";"";"";"";"";"";"";"und";"60fe982ad9001d01622e8dea";"";"60fe982ad9001d01622e8dea";"DTU Department of Biotechnology and Biomedicine";"sorbit";"sorbit";"Establishing protocols for phenotypic characterization of memory T cells by single cell proteomics|Etablering af protokol til karakterisering af memory T celle fænotyper ved hjælp af enkeltcelle proteomics"
"";"dtu|dtupub|third_party";"";"2022-01-03T13:05:50.771Z";"Pan, Yingjie";"";"2693379728";"";"dtu";"2021";"";"";"";"";"thesis";"dtu|dtu_electronic|dtupub_external";"";"";"";"";"";"";"";"";"";"";"";"";"";"";"";"";"und";"6135f7bcd9001d0170658635";"";"6135f7bcd9001d0170658635";"DTU Department of Chemical and Biochemical Engineering";"sorbit";"sorbit";"Application of flow cytometry for the analysis and optimization of recombinant scFv13R4 production in Pichia Pastoris|Application of flow cytometry for the analysis and optimization of recombinant scFv13R4 production in Pichia Pastoris"
"";"dtu|dtupub|third_party";"";"2022-02-23T12:10:08.619Z";"Bowen, Aidan Twiss";"";"2707790573";"";"dtu";"2022";"";"";"";"";"thesis";"dtu|dtu_electronic|dtupub|dtupub_electronic";"";"";"";"";"";"";"";"";"";"";"";"";"";"";"";"";"und";"6216241e7062d8235e696680";"";"6216241e7062d8235e696680";"DTU Department of Electrical Engineering";"sorbit";"sorbit";"Advanced energy management strategies for split battery storage system|Avancerede energistyringsstrategier til split batterilagringssystem"
"";"dtu|dtupub|third_party";"";"2022-01-03T13:16:38.539Z";"Sæmundsdóttir, Perla Rós";"";"2693004475";"";"dtu";"2021";"";"";"";"";"thesis";"dtu|dtu_electronic|dtupub_external";"";"";"";"";"";"";"";"";"";"";"";"";"";"";"";"";"und";"61262525d9001d047836908f";"";"61262525d9001d047836908f";"DTU Department of Biotechnology and Biomedicine";"sorbit";"sorbit";"Analysis of matrix metalloproteinases in wound exudates|Analyse af matrixmetalloproteinaser i sarekssudater"
"";"dtu|dtupub|third_party";"";"2022-01-03T13:16:38.886Z";"Barouta, Despoina";"";"2698384329";"";"dtu";"2021";"";"";"";"";"thesis";"dtu|dtu_electronic|dtupub|dtupub_electronic";"";"";"";"";"";"";"";"";"";"";"";"";"";"";"";"";"und";"614db22bd9001d0162122c24";"";"614db22bd9001d0162122c24";"DTU Department of Environmental and Resource Engineering";"sorbit";"sorbit";"Investigation of influence of environmental degradation of Light Stabilizers in Agriculture Low-density polyethylene film|Undersøgelse af indflydelsen af miljømæssig nedbrydning af lysstabilisator i landbrugs lav densitets polyethylenfilm"
"";"dtu|dtupub|third_party";"";"2022-01-03T13:13:50.741Z";"Perregaard, Gustav Fonnesbæk";"";"2698281469";"";"dtu";"2021";"";"";"";"";"thesis";"dtu|dtu_electronic|dtupub_external";"";"";"";"";"";"";"";"";"";"";"";"";"";"";"";"";"und";"614b0f19d9001d0162189984";"";"614b0f19d9001d0162189984";"DTU Department of Technology, Management and Economics";"sorbit";"sorbit";"The potential of waste heat recovery systems in reducing the carbon emissions of ships|Waste heat recovery systemers potentiale for at reducere carbon emissioner fra skibe"
"";"dtu|dtupub|third_party";"";"2022-01-03T13:05:30.686Z";"Grønvang, Kasper Lynghøj";"";"2698281468";"";"dtu";"2021";"";"";"";"";"thesis";"dtu|dtu_electronic|dtupub|dtupub_electronic";"";"";"";"";"";"";"";"";"";"";"";"";"";"";"";"";"und";"614b0f19d9001d0162189983";"";"614b0f19d9001d0162189983";"DTU Department of Electrical Engineering";"sorbit";"sorbit";"Autonomous Vehicle Navigation Using Vision-based Track Perception|Autonomous Vehicle Navigation Using Vision-based Track Perception"
"";"dtu|dtupub|third_party";"";"2022-05-05T11:10:00.800Z";"Papadimitraki, Maria";"";"2709834507";"";"dtu";"2022";"";"";"";"";"thesis";"dtu|dtu_electronic|dtupub|dtupub_electronic";"";"";"";"";"";"";"";"";"";"";"";"";"";"";"";"";"und";"6273b087a65526156a5a92eb";"";"6273b087a65526156a5a92eb";"DTU National Institute of Aquatic Resources";"sorbit";"sorbit";"Tracing ocean circulation on the Siberian shelf using organic matter fluorescence|Sporing af havcirkulation pa den Sibiriske Shelf ved hjælp af organiskstof fluorescens"
"";"dtu|dtupub|third_party";"";"2022-02-17T12:10:04.677Z";"Schinzel, Lukas Ralf";"";"2707285450";"";"dtu";"2022";"";"";"";"";"thesis";"dtu|dtu_electronic|dtupub|dtupub_electronic";"";"";"";"";"";"";"";"";"";"";"";"";"";"";"";"";"und";"620e3b1c48c928727463e0a8";"";"620e3b1c48c928727463e0a8";"DTU Department of Technology, Management and Economics";"sorbit";"sorbit";"Exploring advanced visualization for microscopic mobility insights|Undersøgelse af advanceret visualiseringsmetoder i forbindelse med mikroskopisk mobilitet indsigt"
"";"dtu|dtupub|third_party";"";"2022-04-08T11:09:58.234Z";"Behrens, Christopher";"";"2709183601";"";"dtu";"2022";"";"";"";"";"thesis";"dtu|dtu_electronic|dtupub|dtupub_electronic";"";"";"";"";"";"";"";"";"";"";"";"";"";"";"";"";"und";"62501806b1555010d644834e";"";"62501806b1555010d644834e";"DTU Department of Biotechnology and Biomedicine";"sorbit";"sorbit";"Exploring strategies for optimizing protein production in filamentous fungi|Undersøgelse af strategier til optimering af proteinproduktion i filamentøse svampe"
"";"dtu|dtupub|third_party";"";"2022-03-04T12:10:11.723Z";"Mahale, Ajinkya Pradip";"";"2708239306";"";"dtu";"2022";"";"";"";"";"thesis";"dtu|dtu_electronic|dtupub_external";"";"";"";"";"";"";"";"";"";"";"";"";"";"";"";"";"und";"622201a33c7b9a54d8005058";"";"622201a33c7b9a54d8005058";"DTU Department of Electrical Engineering";"sorbit";"sorbit";"Techno-economic Assessment of Utility Scale PV Parks in Denmark: Development of a Design Optimisation Framework|Techno-economic Assessment of Utility Scale PV Parks in Denmark: Development of a Design Optimisation Framework"
"";"dtu|dtupub|third_party";"";"2022-02-23T12:10:28.681Z";"Kallunki, Ossi Pekka Samuel";"";"2707790731";"";"dtu";"2022";"";"";"";"";"thesis";"dtu|dtu_electronic|dtupub|dtupub_electronic";"";"";"";"";"";"";"";"";"";"";"";"";"";"";"";"";"und";"621624349a5a22235eec5444";"";"621624349a5a22235eec5444";"DTU Department of Health Technology";"sorbit";"sorbit";"Mobile-First Cognitive Testing Software Library|Softwarebibliotek for udvikling af kognitive test pa mobile telefoner"
"";"dtu|dtupub|third_party";"";"2022-03-09T12:10:07.294Z";"Jensen, Martin|Larsen, Stefan Mathias Carius";"";"2708315607";"";"dtu";"2022";"";"";"";"";"thesis";"dtu|dtu_electronic|dtupub|dtupub_electronic";"";"";"";"";"";"";"";"";"";"";"";"";"";"";"";"";"und";"6228991f384cb154d887e47d";"";"6228991f384cb154d887e47d";"DTU Department of Electrical Engineering";"sorbit";"sorbit";"Graph optimization for landmark-based SLAM in urban mobile robots|Graf optimering for landemærke-baseret SLAM for urban mobile robotter"
"";"dtu|dtupub|third_party";"";"2022-08-25T11:30:42.852Z";"Hanif, Bilal Rashid";"";"2713316509";"";"dtu";"2022";"";"";"";"";"thesis";"dtu|dtu_electronic|dtupub|dtupub_electronic";"";"";"";"";"";"";"";"";"";"";"";"";"";"";"";"";"und";"63056c3701a4611325ec634b";"";"63056c3701a4611325ec634b";"DTU Department of Physics";"sorbit";"sorbit";"Design, fabrication and characterization of microswimmers in liquid crystal elastomers|Design, fabrikation og karakterisering af mikrosvømmere i flydende krystal elastomerer."
"";"dtu|dtupub|third_party";"";"2022-01-03T13:06:01.556Z";"Larsen, Benjamin Lundgren";"";"2691928270";"";"dtu";"2021";"";"";"";"";"thesis";"dtu|dtu_electronic|dtupub|dtupub_electronic";"";"";"";"";"";"";"";"";"";"";"";"";"";"";"";"";"und";"60fe9828d9001d01622e8de8";"";"60fe9828d9001d01622e8de8";"DTU Department of Physics";"sorbit";"sorbit";"Experimental quantum state discrimination|Eksperimentel kvantetilstandssondring"
"";"dtu|dtupub|third_party";"";"2022-01-03T13:06:03.893Z";"Tveit, Mari Halldis";"";"2697981976";"";"dtu";"2021";"";"";"";"";"thesis";"dtu|dtu_electronic|dtupub|dtupub_electronic";"";"";"";"";"";"";"";"";"";"";"";"";"";"";"";"";"und";"6141d497d9001d0162189964";"";"6141d497d9001d0162189964";"DTU Department of Electrical Engineering";"sorbit";"sorbit";"Electric vehicle charging flexibility for behind the meter applications|Elbilers opladningsfleksibilitet til optimering af forbrug bag elmaleren."
"";"dtu|dtupub|third_party";"";"2022-01-03T13:13:24.626Z";"Huang, Hao-Chen";"";"2612550222";"";"dtu";"2021";"";"";"";"";"thesis";"dtu|dtu_electronic|dtupub|dtupub_electronic";"";"";"";"";"";"";"";"";"";"";"";"";"";"";"";"";"und";"602913aed9001d01657f8592";"";"602913aed9001d01657f8592";"DTU Department of Civil Engineering";"sorbit";"sorbit";"Experimental study on creep of frozen marine fine-grained soil in Longyearbyen, Svalbard|Experimental study on creep of frozen marine fine-grained soil in Longyearbyen, Svalbard"
"";"dtu|dtupub|third_party";"";"2022-01-03T13:13:32.955Z";"Lopez, Adrian Enrique Gadar";"";"2695739720";"";"dtu";"2021";"";"";"";"";"thesis";"dtu|dtu_electronic|dtupub|dtupub_electronic";"";"";"";"";"";"";"";"";"";"";"";"";"";"";"";"";"und";"6139eb98d9001d01625ca136";"";"6139eb98d9001d01625ca136";"DTU Department of Biotechnology and Biomedicine";"sorbit";"sorbit";"Implementation of CASCADE platform in Komagataella phaffii|Implementering af CASCADE platform i Komagataella phaffii"
"";"dtu|dtupub|third_party";"";"2022-01-11T08:43:20.228Z";"Zhurda, Ertol";"";"2686027365";"";"dtu";"2021";"";"";"";"";"thesis";"dtu|dtu_electronic|dtupub|dtupub_electronic";"";"";"";"";"";"";"";"";"";"";"";"";"";"";"";"";"und";"606d9328d9001d016653059d";"";"606d9328d9001d016653059d";"DTU Department of Civil Engineering";"sorbit";"sorbit";"Mechanisms controlling strength development of remolded chalk over time|Bestemmelse af mekanismer, der styrer styrkeudviklingen af ?omrørt kridt over tid"
"";"dtu|dtupub|third_party";"";"2022-01-03T13:05:27.583Z";"Westerberg, Andreas";"";"2685564618";"";"dtu";"2021";"";"";"";"";"thesis";"dtu|dtu_electronic|dtupub|dtupub_electronic";"";"";"";"";"";"";"";"";"";"";"";"";"";"";"";"";"und";"6061b5a8d9001d0166530548";"";"6061b5a8d9001d0166530548";"DTU Department of Civil and Mechanical Engineering";"sorbit";"sorbit";"Axial Control of Rigid Rotor via Active Magnetic Thrust Bearing - Theory & Experiment|Aksial regulering af stiv rotor via aktivt magnetisk leje – teori og eksperiment"
"";"dtu|dtupub|third_party";"";"2022-01-06T23:55:20.814Z";"Myadari, Shireesha";"";"2692100259";"";"dtu";"2021";"";"";"";"";"thesis";"dtu|dtu_electronic|dtupub|dtupub_electronic";"";"";"";"";"";"";"";"";"";"";"";"";"";"";"";"";"und";"6106812bd9001d01622e8e94";"";"6106812bd9001d01622e8e94";"DTU Department of Electrical and Photonics Engineering";"sorbit";"sorbit";"Efficient wavelength conversion using Four Wave Mixing in optical fibre|Effektiv bølgelængdekonvertering ved brug af firbølgeblanding in optiske fibre"
"";"dtu|dtupub|third_party";"";"2022-01-03T13:13:47.586Z";"Klinkby, Mathias|Sørensen, Siv";"";"2692912660";"";"dtu";"2021";"";"";"";"";"thesis";"dtu|dtu_electronic|dtupub|dtupub_electronic";"";"";"";"";"";"";"";"";"";"";"";"";"";"";"";"";"und";"6122309bd9001d047836905d";"";"6122309bd9001d047836905d";"DTU Department of Technology, Management and Economics";"sorbit";"sorbit";"Physician Scheduling at Rigshospitalet|Planlægning af lægers arbejdstid pa Rigshospitalet"
"";"dtu|dtupub|third_party";"";"2022-01-03T13:13:27.455Z";"Thomsen, Peter Rye";"";"2691222048";"";"dtu";"2021";"";"";"";"";"thesis";"dtu|dtu_electronic|dtupub|dtupub_electronic";"";"";"";"";"";"";"";"";"";"";"";"";"";"";"";"";"und";"60e2e8b6d9001d01667246c7";"";"60e2e8b6d9001d01667246c7";"DTU Department of Electrical Engineering";"sorbit";"sorbit";"Design and implementation of a broadband detector array for MRI|Design og implementering af bredbandede detektor array til MR-scannere"
"";"dtu|dtupub|third_party";"";"2022-01-03T13:16:36.056Z";"Dosapally, Srikanth";"";"2612047695";"";"dtu";"2021";"";"";"";"";"thesis";"dtu|dtu_electronic|dtupub_external";"";"";"";"";"";"";"";"";"";"";"";"";"";"";"";"";"und";"601a9340d9001d017146d2fb";"";"601a9340d9001d017146d2fb";"DTU Department of Biotechnology and Biomedicine";"sorbit";"sorbit";"Engineering of glucan debranching enzymes for production of valuable bioproducts|Optimering af glucan debranching enzymer til prouktion af værdifulde bioprodukter"
"";"dtu|dtupub|third_party";"";"2022-01-06T23:56:37.275Z";"Schou, Mathilde";"";"2621489908";"";"dtu";"2021";"";"";"";"";"thesis";"dtu|dtu_electronic|dtupub_external";"";"";"";"";"";"";"";"";"";"";"";"";"";"";"";"";"und";"6034f0c1d9001d01650f4d7b";"";"6034f0c1d9001d01650f4d7b";"DTU Department of Technology, Management and Economics";"sorbit";"sorbit";"Digital transformation of internal tax processes - A study of implementation barriers for Robotic Process Automation (RPA) technology|Digital transformation af arbejdsprocesser: En case om implementering af Robotic Process Automation (RPA) teknologi"
"";"dtu|dtupub|third_party";"";"2022-03-02T12:10:02.997Z";"Andersen, Thomas Raahauge|Bille, Ann Sofie Wulff";"";"2708057978";"";"dtu";"2022";"";"";"";"";"thesis";"dtu|dtu_electronic|dtupub|dtupub_electronic";"";"";"";"";"";"";"";"";"";"";"";"";"";"";"";"";"und";"621f5e9aafc33a54d8955004";"";"621f5e9aafc33a54d8955004";"DTU Department of Civil Engineering";"sorbit";"sorbit";"Large-scale studies of indoor environment in schools|Masseeksperiment indeklima i skoler"
"";"dtu|dtupub|third_party";"";"2022-01-03T13:05:28.101Z";"Møller, Cecilie Agerlin";"";"2642153006";"";"dtu";"2021";"";"";"";"";"thesis";"dtu|dtu_electronic|dtupub|dtupub_electronic";"";"";"";"";"";"";"";"";"";"";"";"";"";"";"";"";"und";"6040ce41d9001d01650055a3";"";"6040ce41d9001d01650055a3";"DTU Department of Health Technology";"sorbit";"sorbit";"Development of a QSAR model related to endocrine disruption|Udvikling af en QSAR-model relateret til hormonforstyrrelser"
"";"dtu|dtupub|third_party";"";"2022-01-03T13:05:58.707Z";"Mikitovic, Marek";"";"2685708610";"";"dtu";"2021";"";"";"";"";"thesis";"dtu|dtu_electronic|dtupub|dtupub_electronic";"";"";"";"";"";"";"";"";"";"";"";"";"";"";"";"";"und";"6064589fd9001d0166530559";"";"6064589fd9001d0166530559";"DTU Department of Applied Mathematics and Computer Science";"sorbit";"sorbit";"Image manipulation for eye tracking for low vision aids|Behandling af billeder i udstyr til støtte af synshæmmede ved brug af eye tracking"
"";"dtu|dtupub|third_party";"";"2022-01-03T13:05:29.063Z";"Agüero, Joan González De";"";"2686887836";"";"dtu";"2021";"";"";"";"";"thesis";"dtu|dtu_electronic|dtupub|dtupub_electronic";"";"";"";"";"";"";"";"";"";"";"";"";"";"";"";"";"und";"608e88a3d9001d563877ebc7";"";"608e88a3d9001d563877ebc7";"DTU Department of Technology, Management and Economics";"sorbit";"sorbit";"Recommendations for future online teaching in Spanish higher education considering students’ wellbeing after the Covid-19 lockdown""|Anbefalinger til online undervisning pa universiteter, der tager hensyn til studerendes trivsel efter Covid-19"
"";"dtu|dtupub|third_party";"";"2022-01-03T13:16:38.207Z";"Ghidoni, Enrico";"";"2691928242";"";"dtu";"2021";"";"";"";"";"thesis";"dtu|dtu_electronic|dtupub_external";"";"";"";"";"";"";"";"";"";"";"";"";"";"";"";"";"und";"60fe981fd9001d01622e8dd9";"";"60fe981fd9001d01622e8dd9";"DTU Department of Civil Engineering";"sorbit";"sorbit";"Optimization of heating systems operations using energy modelling and data analysis|Driftsoptimering af varmesystemer ved hjælp af energimodellering og dataanalyse"
"";"dtu|dtupub|third_party";"";"2022-01-06T23:56:40.424Z";"Mallini, Vasiliki";"";"2692890748";"";"dtu";"2021";"";"";"";"";"thesis";"dtu|dtu_electronic|dtupub|dtupub_electronic";"";"";"";"";"";"";"";"";"";"";"";"";"";"";"";"";"und";"6120df15d9001d0478369040";"";"6120df15d9001d0478369040";"DTU Department of Wind and Energy Systems";"sorbit";"sorbit";"Wind farm turbine performance monitoring using spinner anemometers|Overvagning af vindmølleparkers ydeevne ved hjælp af spinner vindmalere"
"";"dtu|dtupub|third_party";"";"2022-01-03T13:06:01.259Z";"Starnawska, Monika";"";"2692166230";"";"dtu";"2021";"";"";"";"";"thesis";"dtu|dtu_electronic|dtupub|dtupub_electronic";"";"";"";"";"";"";"";"";"";"";"";"";"";"";"";"";"und";"610a75a6d9001d01621578db";"";"610a75a6d9001d01621578db";"DTU Department of Biotechnology and Biomedicine";"sorbit";"sorbit";"Diagnosis of malaria by colorimetric detection of relevant Volatile Organic Compounds enabled by a smartphone-based digitalisation device|Diagnosis of malaria by colorimetric detection of relevant Volatile Organic Compounds enabled by a smartphone-based digitalisation device"
"";"dtu|dtupub|third_party";"";"2022-01-03T13:05:56.239Z";"Jawadekar, Disha Vijay";"";"2693004195";"";"dtu";"2021";"";"";"";"";"thesis";"dtu|dtu_electronic|dtupub_external";"";"";"";"";"";"";"";"";"";"";"";"";"";"";"";"";"und";"6126251ed9001d0478369083";"";"6126251ed9001d0478369083";"DTU Department of Biotechnology and Biomedicine";"sorbit";"sorbit";"Cloning, production and characterisation of beta-glycosidases from the human gut symbiont Akkermansia muciniphila|Kloning, produktion og karakterisering af beta-glycosidaser fra humantarm bakterien Akkermansia muciniphila"
"";"dtu|dtupub|third_party";"";"2022-01-03T13:13:27.179Z";"Kleinschmidt, Ole|Thanendran, Tharsiny";"";"2691159544";"";"dtu";"2021";"";"";"";"";"thesis";"dtu|dtu_electronic|dtupub_external";"";"";"";"";"";"";"";"";"";"";"";"";"";"";"";"";"und";"60e19722d9001d01667246a2";"";"60e19722d9001d01667246a2";"DTU Department of Civil and Mechanical Engineering";"sorbit";"sorbit";"Design and production optimization of Custom Earmoulds for Hearing Aid Applications|Design og produktionsoptimering af brugerdefinerede ørestykker til applikationer til høreapparater"
"";"dtu|dtupub|third_party";"";"2023-01-31T01:09:31.001Z";"Amani, Mahmood";"";"2718401560";"";"dtu";"2022";"";"";"";"";"thesis";"dtu|dtu_electronic|dtupub|dtupub_electronic";"";"";"";"";"";"";"";"";"";"";"";"";"";"";"";"";"und";"63d86a4a9977fc1e04347881";"";"63d86a4a9977fc1e04347881";"DTU Department of Health Technology";"sorbit";"sorbit";"Design and Development of microfluidic chips for biochemical reaction cascades|Design og udvikling af mikrofluidchips til biokemiske reaktionskaskader"
"";"dtu|dtupub|third_party";"";"2022-10-31T11:39:52.701Z";"Tsolakidis, Konstantinos";"";"2716434328";"";"dtu";"2022";"";"";"";"";"thesis";"dtu|dtu_electronic|dtupub|dtupub_electronic";"";"";"";"";"";"";"";"";"";"";"";"";"";"";"";"";"und";"6359cc39cc3c87292c6011f5";"";"6359cc39cc3c87292c6011f5";"DTU Department of Energy Conversion and Storage";"sorbit";"sorbit";"Fueling the Baltic Sea Freighting at the Bornholm Energy Island|Brændstofforsyning til skibsfragt i det Baltiske hav pa Energiøen Bornholm"
"";"dtu|dtupub|third_party";"";"2022-01-03T13:16:38.338Z";"Kajo, Ergys";"";"2692866732";"";"dtu";"2021";"";"";"";"";"thesis";"dtu|dtu_electronic|dtupub|dtupub_electronic";"";"";"";"";"";"";"";"";"";"";"";"";"";"";"";"";"und";"611f8d96d9001d0478369037";"";"611f8d96d9001d0478369037";"DTU Department of Electrical and Photonics Engineering";"sorbit";"sorbit";"Security analysis of IoT devices|Security analysis of IoT devices"
"";"dtu|dtupub|third_party";"";"2022-01-03T13:06:01.489Z";"Elmegaard, Klara Emilie|Hansen, Halfdan Lasse Runge";"";"2691894006";"";"dtu";"2021";"";"";"";"";"thesis";"dtu|dtu_electronic|dtupub|dtupub_electronic";"";"";"";"";"";"";"";"";"";"";"";"";"";"";"";"";"und";"60fd46a9d9001d01622e8d8e";"";"60fd46a9d9001d01622e8d8e";"DTU Department of Applied Mathematics and Computer Science";"sorbit";"sorbit";"3D Convolution and Compression in Deep-learning Backbone Architecture|3D Foldning og Kompression i Deep-learning Backbone Arkitektur"
"";"dtu|dtupub|third_party";"";"2022-08-25T11:30:42.613Z";"Hjartar, Herdis Helga";"";"2713316497";"";"dtu";"2022";"";"";"";"";"thesis";"dtu|dtu_electronic|dtupub|dtupub_electronic";"";"";"";"";"";"";"";"";"";"";"";"";"";"";"";"";"und";"63041ab658991e13251587dd";"";"63041ab658991e13251587dd";"DTU Department of Chemical and Biochemical Engineering";"sorbit";"sorbit";"Periodic stripping - Digital Shadow|Periodisk striping - 'Digital Shadow'"
"";"dtu|dtupub|third_party";"";"2022-08-02T00:09:30.558Z";"Paulsen, Freja Lund";"";"2712945668";"";"dtu";"2022";"";"";"";"";"thesis";"dtu|dtu_electronic|dtupub|dtupub_electronic";"";"";"";"";"";"";"";"";"";"";"";"";"";"";"";"";"und";"62e86b39770632a446cd365c";"";"62e86b39770632a446cd365c";"DTU Department of Environmental and Resource Engineering";"sorbit";"sorbit";"EU Chemicals Strategy for Sustainability, an analysis of essentiality and safe and sustainable-by-design|EU's kemikaliestrategi for bæredygtighed, en analyse af essentialitet og sikkert og bæredygtigt-ved-design"
"";"dtu|dtupub|third_party";"";"2022-03-16T12:10:04.978Z";"Strancar, Nina";"";"2708496593";"";"dtu";"2022";"";"";"";"";"thesis";"dtu|dtu_electronic|dtupub|dtupub_electronic";"";"";"";"";"";"";"";"";"";"";"";"";"";"";"";"";"und";"6231d39c9359aeb3b5763d2b";"";"6231d39c9359aeb3b5763d2b";"DTU Department of Biotechnology and Biomedicine";"sorbit";"sorbit";"Discovery of pH-responsive antibodies to long neurotoxins|Opdagelse af pH-responsive antistoffer mod lange neurotoksiner"
"";"dtu|dtupub|third_party";"";"2022-02-18T12:09:57.238Z";"Blicher, Laura Hjort";"";"2707315519";"";"dtu";"2022";"";"";"";"";"thesis";"dtu|dtu_electronic|dtupub_external";"";"";"";"";"";"";"";"";"";"";"";"";"";"";"";"";"und";"620f8c94f854cb72749e5395";"";"620f8c94f854cb72749e5395";"DTU Department of Applied Mathematics and Computer Science";"sorbit";"sorbit";"Mechanistic modelling of glucose homeostasis and lipid metabolism combining a top-down and bottom-up approach|Se nedenfor"
"";"dtu|dtupub|third_party";"";"2022-02-22T12:10:04.441Z";"Turowski, Jan Józef";"";"2707583755";"";"dtu";"2022";"";"";"";"";"thesis";"dtu|dtu_electronic|dtupub|dtupub_electronic";"";"";"";"";"";"";"";"";"";"";"";"";"";"";"";"";"und";"6214d29a3a200e235e8cd93f";"";"6214d29a3a200e235e8cd93f";"DTU Department of Technology, Management and Economics";"sorbit";"sorbit";"Effective development and responsible use of Artificial Intelligence technologies in healthcare|Effektiv udvikling og ansvarlig brug i sundhedssektoren af kunstig intelligens"
"";"dtu|dtupub|third_party";"";"2022-03-01T12:10:00.185Z";"Jensen, Alberte Marie|Villirs, Claes Abildgaard";"";"2708036295";"";"dtu";"2022";"";"";"";"";"thesis";"dtu|dtu_electronic|dtupub|dtupub_electronic";"";"";"";"";"";"";"";"";"";"";"";"";"";"";"";"";"und";"621e0d18e15bb9235e86d9ab";"";"621e0d18e15bb9235e86d9ab";"DTU Department of Civil Engineering";"sorbit";"sorbit";"Indoor climate, productivity and economy in office buildings|Indeklima, produktivitet og økonomi i korntorbygninger"
"";"dtu|dtupub|third_party";"";"2022-03-23T12:09:57.013Z";"Niemann, Lasse Szymanski|Grenov, Christoffer Andreas Henneberg";"";"2708780350";"";"dtu";"2022";"";"";"";"";"thesis";"dtu|dtu_electronic|dtupub|dtupub_electronic";"";"";"";"";"";"";"";"";"";"";"";"";"";"";"";"";"und";"623b0e1415e7f5db73b930b0";"";"623b0e1415e7f5db73b930b0";"DTU Department of Civil and Mechanical Engineering";"sorbit";"sorbit";"Clustering and nucleation effects in ductile fracture during plate bending: Analysis and Experiments|Kloster og nukleations effekter i duktil brud under plade bøjning: Analyse og eksperimenter"
"";"dtu|dtupub|third_party";"";"2022-02-02T12:10:32.791Z";"Sallés, Laia Poqui i";"";"2706416038";"";"dtu";"2022";"";"";"";"";"thesis";"dtu|dtu_electronic|dtupub|dtupub_electronic";"";"";"";"";"";"";"";"";"";"";"";"";"";"";"";"";"und";"61fa74b735c50c17cdf0713e";"";"61fa74b735c50c17cdf0713e";"DTU Department of Health Technology";"sorbit";"sorbit";"Influence of tumour motion on target coverage in online MR-guided adapted radiotherapy|Betydning af tumorbevægelse for targetdærkning i online MR-guided adaptiv straleterapi"
"";"dtu|dtupub|third_party";"";"2022-05-07T11:09:53.394Z";"Pang, Janet Ka Yan";"";"2709876382";"";"dtu";"2022";"";"";"";"";"thesis";"dtu|dtu_electronic|dtupub_external";"";"";"";"";"";"";"";"";"";"";"";"";"";"";"";"";"und";"6276537f6f801a159ea0e8ae";"";"6276537f6f801a159ea0e8ae";"DTU Department of Biotechnology and Biomedicine";"sorbit";"sorbit";"Alterations of plant growth and hormonal metabolism in tomato reporter lines by beneficial bacteria|Ændring af plantevækst og hormonal metabolisme i tomat reporter linjer ved hjælp af gavnlige bakterier"
"";"dtu|dtupub|third_party";"";"2022-08-01T00:09:28.908Z";"Madsen, Emil";"";"2712912464";"";"dtu";"2022";"";"";"";"";"thesis";"dtu|dtu_electronic|dtupub_external";"";"";"";"";"";"";"";"";"";"";"";"";"";"";"";"";"und";"62e719b8819ae4a446a818af";"";"62e719b8819ae4a446a818af";"DTU Department of Biotechnology and Biomedicine";"sorbit";"sorbit";"Real-time IoT Fermentation Sensors|IoT-fermenteringssensorer i realtid"
"";"dtu|dtupub|third_party";"";"2022-01-06T23:54:38.817Z";"Sjøqvist, Julie Vase";"";"2693204001";"";"dtu";"2021";"";"";"";"";"thesis";"dtu|dtu_electronic|dtupub_external";"";"";"";"";"";"";"";"";"";"";"";"";"";"";"";"";"und";"612e0e40d9001d0172372021";"";"612e0e40d9001d0172372021";"DTU Department of Civil and Mechanical Engineering";"sorbit";"sorbit";"Performance optimization of operation strategy of a waste water heat pump|Optimering af driftsstrategi for spildevandsvarmepumpe"
"";"dtu|dtupub|third_party";"";"2022-02-07T12:10:21.813Z";"Szajcz, Dániel";"";"2707013896";"";"dtu";"2022";"";"";"";"";"thesis";"dtu|dtu_electronic|dtupub|dtupub_electronic";"";"";"";"";"";"";"";"";"";"";"";"";"";"";"";"";"und";"62010c2cc728f51b3460d808";"";"62010c2cc728f51b3460d808";"DTU Department of Applied Mathematics and Computer Science";"sorbit";"sorbit";"Integrating large complex real-time energy systems in a data lake and creating a DevOps pipeline|Integration af store komplekse real-time energisystemer i en data lake og design af en DevOps pipiline"
"";"dtu|dtupub|third_party";"";"2022-03-04T12:10:03.170Z";"Sigurdardóttir, Gudrún Dóra";"";"2708239203";"";"dtu";"2022";"";"";"";"";"thesis";"dtu|dtu_electronic|dtupub|dtupub_electronic";"";"";"";"";"";"";"";"";"";"";"";"";"";"";"";"";"und";"6222019b7ced9854d879242c";"";"6222019b7ced9854d879242c";"DTU Department of Electrical Engineering";"sorbit";"sorbit";"Modelling and Nonlinear Control of a Soft Robotic Arm|Modellering og ulineær regulering af en blød robotarm"
"";"dtu|dtupub|third_party";"";"2022-03-03T12:10:13.777Z";"Frandsen, Jesper|Rydal, Thomas";"";"2708092094";"";"dtu";"2022";"";"";"";"";"thesis";"dtu|dtu_electronic|dtupub_external";"";"";"";"";"";"";"";"";"";"";"";"";"";"";"";"";"und";"6220b02512748f54d85e10f8";"";"6220b02512748f54d85e10f8";"DTU Department of Chemical and Biochemical Engineering";"sorbit";"sorbit";"Modelling and optimization of Aspergillus niger pilot fermentations|Modellering og optimering af Aspergillus niger pilot gæring"
"";"dtu|dtupub|third_party";"";"2022-01-06T23:56:40.388Z";"Savio, Francesco";"";"2692726047";"";"dtu";"2021";"";"";"";"";"thesis";"dtu|dtu_electronic|dtupub_external";"";"";"";"";"";"";"";"";"";"";"";"";"";"";"";"";"und";"611a47a6d9001d016230a8f0";"";"611a47a6d9001d016230a8f0";"DTU Department of Environmental and Resource Engineering";"sorbit";"sorbit";"Exploring hydrogenotrophy for nitrate remediation from agricultural runoff|Undersøgelse af hydrogenotrofi til fjernelse af nitrat fra landbrugsafstrømning"
"";"dtu|dtupub|third_party";"";"2022-01-03T13:05:30.500Z";"Daskalaki, Filio|Podiotis, Antonios";"";"2692100303";"";"dtu";"2021";"";"";"";"";"thesis";"dtu|dtu_electronic|dtupub|dtupub_electronic";"";"";"";"";"";"";"";"";"";"";"";"";"";"";"";"";"und";"6106812dd9001d01622e8e97";"";"6106812dd9001d01622e8e97";"DTU Department of Technology, Management and Economics";"sorbit";"sorbit";"Cross disciplinary assessment of autonomous shipping, ports and intermodal innovations|Tværfaglig vurdering af autonom skibsfart, havne og intermodale innovationer"
"";"dtu|dtupub|third_party";"";"2022-01-03T13:13:32.936Z";"Kallapur, Mihir Madhvesh";"";"2693468711";"";"dtu";"2021";"";"";"";"";"thesis";"dtu|dtu_electronic|dtupub|dtupub_electronic";"";"";"";"";"";"";"";"";"";"";"";"";"";"";"";"";"und";"61389a1fd9001d01625ca131";"";"61389a1fd9001d01625ca131";"DTU Department of Electrical and Photonics Engineering";"sorbit";"sorbit";"Photoluminescence Imaging Methods for Diagnostics of PV modules|Metoder til fotografering af fotoluminiscens anvendt til fejlsøgning af fotovoltaiske paneler"
"";"dtu|dtupub|third_party";"";"2022-01-06T23:56:38.551Z";"Lalos, Apostolos";"";"2685752487";"";"dtu";"2021";"";"";"";"";"thesis";"dtu|dtu_electronic|dtupub|dtupub_electronic";"";"";"";"";"";"";"";"";"";"";"";"";"";"";"";"";"und";"6065aa1dd9001d0166530565";"";"6065aa1dd9001d0166530565";"DTU Department of Applied Mathematics and Computer Science";"sorbit";"sorbit";"A Formal Library of IoT Protocols|En formel bibliotek af IoT protokoller"
"";"dtu|dtupub|third_party";"";"2022-01-03T13:16:35.743Z";"Thyssen, Asger Tobias Skovsende|Clemmensen, Jacob Nicolai Heldager";"";"2626728715";"";"dtu";"2021";"";"";"";"";"thesis";"dtu|dtu_electronic|dtupub_external";"";"";"";"";"";"";"";"";"";"";"";"";"";"";"";"";"und";"60364263d9001d01656e1c3b";"";"60364263d9001d01656e1c3b";"DTU Department of Technology, Management and Economics";"sorbit";"sorbit";"Product configuration of process lines|Produktkonfigurering af procesanlæg"
"";"dtu|dtupub|third_party";"";"2022-01-03T13:06:03.820Z";"Vanelli, Thea";"";"2693243117";"";"dtu";"2021";"";"";"";"";"thesis";"dtu|dtu_electronic|dtupub|dtupub_electronic";"";"";"";"";"";"";"";"";"";"";"";"";"";"";"";"";"und";"612f5fb6d9001d017237203a";"";"612f5fb6d9001d017237203a";"DTU Department of Wind and Energy Systems";"sorbit";"sorbit";"Aeroservoelastic stability of floating offshore reference wind turbine|Aeroservoelastiske stabilitet af flydende offshore reference vindmølle"
"";"dtu|dtupub|third_party";"";"2022-01-06T23:56:38.596Z";"Kristoffersen, Daniel Sejer";"";"2688779287";"";"dtu";"2021";"";"";"";"";"thesis";"dtu|dtu_electronic|dtupub|dtupub_electronic";"";"";"";"";"";"";"";"";"";"";"";"";"";"";"";"";"und";"60a24f1ed9001d01650a4c9e";"";"60a24f1ed9001d01650a4c9e";"DTU Department of Technology, Management and Economics";"sorbit";"sorbit";"Identifying segments of actual and potential electric vehicle users with the goal of increasing electric vehicle adoption|Identifying segments of actual and potential electric vehicle users with the goal of increasing electric vehicle adoption"
"";"dtu|dtupub|third_party";"";"2022-01-03T13:05:50.332Z";"Jaenicke, Tabea Louisa";"";"2693308023";"";"dtu";"2021";"";"";"";"";"thesis";"dtu|dtu_electronic|dtupub|dtupub_electronic";"";"";"";"";"";"";"";"";"";"";"";"";"";"";"";"";"und";"61320297d9001d0172372052";"";"61320297d9001d0172372052";"DTU Department of Technology, Management and Economics";"sorbit";"sorbit";"Energy System Analysis of a Hydropower-based Arctic Energy System: A Case Study of Nuuk, Greenland|Energisystemanalyse af et Arktisk Energisystem Baseret pa Vandkraft: Et Casestudie af Nuuk, Grønland"
"";"dtu|dtupub|third_party";"";"2022-01-03T13:16:38.332Z";"Olsen, Jens Henrik";"";"2692166289";"";"dtu";"2021";"";"";"";"";"thesis";"dtu|dtu_electronic|dtupub_external";"";"";"";"";"";"";"";"";"";"";"";"";"";"";"";"";"und";"610a75aad9001d01621578e1";"";"610a75aad9001d01621578e1";"DTU Department of Civil and Mechanical Engineering";"sorbit";"sorbit";"Sensitivity Study of Novo Nordisk Injector Pen Using Parameterized Finite Element Modeling|Sensitivitets studie af en Novo Nordisk injektorpen ved brug af parametriseret finite element modellering"
"";"dtu|dtupub|third_party";"";"2022-07-15T00:09:41.473Z";"Bonals, Claudia Balcells I|Buus, Jacob Dahlslund";"";"2712688912";"";"dtu";"2022";"";"";"";"";"thesis";"dtu|dtu_electronic|dtupub_external";"";"";"";"";"";"";"";"";"";"";"";"";"";"";"";"";"und";"62d0b045836f5b26170a88f2";"";"62d0b045836f5b26170a88f2";"DTU Department of Technology, Management and Economics";"sorbit";"sorbit";"The prospects of a digital supply chain twin within the network design optimisation at DAT-Schaub|Perspektiverne for en forsyningskæde digital twin som en del af optimering af netværksdesignet hos DAT-Schaub"
"";"dtu|dtupub|third_party";"";"2022-07-22T00:09:45.767Z";"Marchal, Mathias";"";"2712779026";"";"dtu";"2022";"";"";"";"";"thesis";"dtu|dtu_electronic|dtupub|dtupub_electronic";"";"";"";"";"";"";"";"";"";"";"";"";"";"";"";"";"und";"62d9eac9eeb6e254e498ba8f";"";"62d9eac9eeb6e254e498ba8f";"DTU Department of Electrical and Photonics Engineering";"sorbit";"sorbit";"Experimental characterization and theoretical modelling of electrically driven nanolasers|Eksperimentel karakterisering og teoretisk modellering af elektrisk pumpede nanolasere"
"";"dtu|dtupub|third_party";"";"2022-07-30T00:09:36.655Z";"Stentoft, Jacob Gopi|Zaaimia, Ishak";"";"2712896302";"";"dtu";"2022";"";"";"";"";"thesis";"dtu|dtu_electronic|dtupub|dtupub_electronic";"";"";"";"";"";"";"";"";"";"";"";"";"";"";"";"";"und";"62e476c0083a77a44657f938";"";"62e476c0083a77a44657f938";"DTU Department of Civil Engineering";"sorbit";"sorbit";"Indoor environment quality in offices - Development of benchmarking tools to guide optimization|Indeklima i kontorer - udvikling af et benchmarkingværktøj til optimering"
"";"dtu|dtupub|third_party";"";"2022-09-05T00:09:30.159Z";"Dalpasso, Paolo";"";"2713468484";"";"dtu";"2022";"";"";"";"";"thesis";"dtu|dtu_electronic|dtupub_external";"";"";"";"";"";"";"";"";"";"";"";"";"";"";"";"";"und";"63153e3a22339c314531f9e9";"";"63153e3a22339c314531f9e9";"DTU Department of Biotechnology and Biomedicine";"sorbit";"sorbit";"Development of a portable cortisol bio sensing system for continuous monitoring in fish Aquaculture|Udvikling af et bærbart kortisol biosensorsystem til kontinuerlig overvagning i fiskeakvakultur"
"";"dtu|dtupub|third_party";"";"2022-09-02T00:09:26.051Z";"Ramos, Néstor Hernández";"";"2713436446";"";"dtu";"2022";"";"";"";"";"thesis";"dtu|dtu_electronic|dtupub_external";"";"";"";"";"";"";"";"";"";"";"";"";"";"";"";"";"und";"631149b4596aeb3145fb138f";"";"631149b4596aeb3145fb138f";"DTU Department of Technology, Management and Economics";"sorbit";"sorbit";"Flexibility measures to assess the environmental impacts of corporate electricity procurement|Fleksibilitetstiltag til vurdering af miljøpavirkninger af virksomheders elindkøb"
"";"dtu|dtupub|third_party";"";"2022-01-03T13:16:36.812Z";"Stevnsborg, Mads";"";"2691893844";"";"dtu";"2021";"";"";"";"";"thesis";"dtu|dtu_electronic|dtupub|dtupub_electronic";"";"";"";"";"";"";"";"";"";"";"";"";"";"";"";"";"und";"60fd4690d9001d01622e8d68";"";"60fd4690d9001d01622e8d68";"DTU Department of Chemical and Biochemical Engineering";"sorbit";"sorbit";"Design of periodic operation of reactive separations|Design af periodisk drift af reaktive separationer"
"";"dtu|dtupub|third_party";"";"2022-04-20T11:10:08.539Z";"Petersen, Andy Mathias";"";"2709464381";"";"dtu";"2022";"";"";"";"";"thesis";"dtu|dtu_electronic|dtupub|dtupub_electronic";"";"";"";"";"";"";"";"";"";"";"";"";"";"";"";"";"und";"625fea078b892a1146ea0caa";"";"625fea078b892a1146ea0caa";"DTU Department of Electrical Engineering";"sorbit";"sorbit";"Machine Learning Model for Prediction of Cylinder Temperatures in a 2-stroke Internal Combustion Engine|Maskinlæringsmodel til prognose af cylinder temperaturer i en 2-takt forbrændingsmotor"
"";"dtu|dtupub|third_party";"";"2022-01-03T13:13:31.197Z";"Martinez, Marta Ballester";"";"2692142156";"";"dtu";"2021";"";"";"";"";"thesis";"dtu|dtu_electronic|dtupub|dtupub_electronic";"";"";"";"";"";"";"";"";"";"";"";"";"";"";"";"";"und";"6109242ed9001d01622e8ec4";"";"6109242ed9001d01622e8ec4";"DTU Department of Biotechnology and Biomedicine";"sorbit";"sorbit";"LINC00673, LINC00261 and KLF5 role in cell fate decision in embryonic stem cells differentiation towards pancreatic progenitors|LINC00673, LINC00261 and KLF5 role in cell fate decision in embryonic stem cells differentiation towards pancreatic progenitors"
"";"dtu|dtupub|third_party";"";"2023-01-25T01:09:20.607Z";"Crippa, Samuele";"";"2718306003";"";"dtu";"2022";"";"";"";"";"thesis";"dtu|dtu_electronic|dtupub|dtupub_electronic";"";"";"";"";"";"";"";"";"";"";"";"";"";"";"";"";"und";"63d0813ffab9281e04e15c16";"";"63d0813ffab9281e04e15c16";"DTU Department of Technology, Management and Economics";"sorbit";"sorbit";"Net-Zero Transition - Sustainability and innovation in corporate strategy towards mutual growth|Net-Zero Transition - Sustainability and innovation in corporate strategy towards mutual growth"
"";"dtu|dtupub|third_party";"";"2022-08-16T00:09:47.919Z";"Ishaq, Rizwan Ali";"";"2713170472";"";"dtu";"2022";"";"";"";"";"thesis";"dtu|dtu_electronic|dtupub|dtupub_electronic";"";"";"";"";"";"";"";"";"";"";"";"";"";"";"";"";"und";"62fae04bafa86bcdfadefd1e";"";"62fae04bafa86bcdfadefd1e";"DTU Department of Electrical and Photonics Engineering";"sorbit";"sorbit";"Security in cloud environments|Security in cloud environments"
"";"dtu|dtupub|third_party";"";"2022-01-03T13:13:46.281Z";"Redondo, Guillermo Gómez";"";"2692775472";"";"dtu";"2021";"";"";"";"";"thesis";"dtu|dtu_electronic|dtupub|dtupub_electronic";"";"";"";"";"";"";"";"";"";"";"";"";"";"";"";"";"und";"611b991ad9001d016230a8ff";"";"611b991ad9001d016230a8ff";"DTU Department of Chemical and Biochemical Engineering";"sorbit";"sorbit";"2D simulation of granular flow in a rotary kiln reactor|2D simulation of granular flow in a rotary kiln reactor"
"";"dtu|dtupub|third_party";"";"2022-05-07T11:09:53.397Z";"Turkmani, Abdullah Shams";"";"2709876383";"";"dtu";"2022";"";"";"";"";"thesis";"dtu|dtu_electronic|dtupub|dtupub_electronic";"";"";"";"";"";"";"";"";"";"";"";"";"";"";"";"";"und";"627653801a7058159e4e3305";"";"627653801a7058159e4e3305";"DTU Department of Civil Engineering";"sorbit";"sorbit";"Fire safety of wooden buildings|Brandsikkerhed af træbygninger"
"";"dtu|dtupub|third_party";"";"2022-01-03T13:16:38.387Z";"Mikkelsen, Lasse Mohr";"";"2693004478";"";"dtu";"2021";"";"";"";"";"thesis";"dtu|dtu_electronic|dtupub|dtupub_electronic";"";"";"";"";"";"";"";"";"";"";"";"";"";"";"";"";"und";"61262525d9001d0478369090";"";"61262525d9001d0478369090";"DTU Department of Applied Mathematics and Computer Science";"sorbit";"sorbit";"Opinion Dynamics on Networks|Holdningsdynamik pa Netværk"
"";"dtu|dtupub|third_party";"";"2022-03-02T12:10:04.266Z";"Tryggvason, Sæþòr";"";"2708057994";"";"dtu";"2022";"";"";"";"";"thesis";"dtu|dtu_electronic|dtupub_external";"";"";"";"";"";"";"";"";"";"";"";"";"";"";"";"";"und";"621f5e9b44d83654d861dd60";"";"621f5e9b44d83654d861dd60";"DTU Department of Technology, Management and Economics";"sorbit";"sorbit";"Automised planning of train cleaning for DSB|Automatiseret planlægning af togrengøring for DSB"
"";"dtu|dtupub|third_party";"";"2022-01-06T23:54:37.375Z";"Katkjær, Nikolaj";"";"2692075610";"";"dtu";"2021";"";"";"";"";"thesis";"dtu|dtu_electronic|dtupub|dtupub_electronic";"";"";"";"";"";"";"";"";"";"";"";"";"";"";"";"";"und";"61052f9cd9001d01622e8e6f";"";"61052f9cd9001d01622e8e6f";"DTU Department of Electrical Engineering";"sorbit";"sorbit";"Fawn detection in fields before harvest using autonomous drone|Ralam detektering i høstafgrøde med autonom drone"
"";"dtu|dtupub|third_party";"";"2022-07-07T11:48:53.574Z";"Jøkladal, Sólja";"";"2712547828";"";"dtu";"2022";"";"";"";"";"thesis";"dtu|dtu_electronic|dtupub|dtupub_electronic";"";"";"";"";"";"";"";"";"";"";"";"";"";"";"";"";"und";"62c6c823a34a0d03d7526d6d";"";"62c6c823a34a0d03d7526d6d";"DTU Department of Civil and Mechanical Engineering";"sorbit";"sorbit";"Reducing the fossil fuel use in the salmon production industry in the Faroe Islands through P2X|Reduktion af fossilt brændstofforbrug i lakseproduktionsindustrien pa Færøerne vha P2X"
"";"dtu|dtupub|third_party";"";"2022-07-30T00:09:37.284Z";"Thirstrup, Ken Takeuchi";"";"2712896311";"";"dtu";"2022";"";"";"";"";"thesis";"dtu|dtu_electronic|dtupub_external";"";"";"";"";"";"";"";"";"";"";"";"";"";"";"";"";"und";"62e476c10238baa4467c2cfc";"";"62e476c10238baa4467c2cfc";"DTU DTU National Food Institute";"sorbit";"sorbit";"The effect of processing on the gel firmness of yoghurts|Effekten af processer pa gel fastheden af yoghurt"
"";"dtu|dtupub|third_party";"";"2022-08-16T00:10:07.655Z";"Michailidis, Kyriakos";"";"2713170637";"";"dtu";"2022";"";"";"";"";"thesis";"dtu|dtu_electronic|dtupub|dtupub_electronic";"";"";"";"";"";"";"";"";"";"";"";"";"";"";"";"";"und";"62fae05fb970adcdfa9dc5e9";"";"62fae05fb970adcdfa9dc5e9";"DTU Department of Technology, Management and Economics";"sorbit";"sorbit";"Analysis of charging needs in the municipality of Copenhagen based on parking data|Analyse af opladebehov i for Københavns kommune baseret pa parkeringsdata"
"";"dtu|dtupub|third_party";"";"2022-01-03T13:16:22.229Z";"Sierra, Miguel Cuadrado";"";"2691928266";"";"dtu";"2021";"";"";"";"";"thesis";"dtu|dtu_electronic|dtupub|dtupub_electronic";"";"";"";"";"";"";"";"";"";"";"";"";"";"";"";"";"und";"60fe9826d9001d01622e8de6";"";"60fe9826d9001d01622e8de6";"DTU Department of Health Technology";"sorbit";"sorbit";"An audiotactile art installation for people with hearing impairment|En audiotaktil kunstinstallation til mennesker med hørehæmmede."
"";"dtu|dtupub|third_party";"";"2022-02-01T12:42:01.809Z";"Haddad, Sabra Ali";"";"2706296914";"";"dtu";"2022";"";"";"";"";"thesis";"dtu|dtu_electronic|dtupub_external";"";"";"";"";"";"";"";"";"";"";"";"";"";"";"";"";"und";"61f92338787a9a17cdf2de9f";"";"61f92338787a9a17cdf2de9f";"DTU Department of Chemical and Biochemical Engineering";"sorbit";"sorbit";"Strain and process development for amino acid production through bio-catalysis|Stamme- og procesudvikling til produktion af aminosyrer gennem biokatalyse"
"";"dtu|dtupub|third_party";"";"2022-01-11T08:43:06.392Z";"Marinosson, Bragi";"";"2690953798";"";"dtu";"2021";"";"";"";"";"thesis";"dtu|dtu_electronic|dtupub_external";"";"";"";"";"";"";"";"";"";"";"";"";"";"";"";"";"und";"60dda29cd9001d0166724685";"";"60dda29cd9001d0166724685";"DTU Department of Health Technology";"sorbit";"sorbit";"Automatic sleep staging using low-cost EEG equipment|Automatisk søvn stadie estimering med low-cost EEG udstyr"
"";"dtu|dtupub|third_party";"";"2022-01-03T13:17:01.004Z";"Borgbjerg, Fjodor Svenning";"";"2692373474";"";"dtu";"2021";"";"";"";"";"thesis";"dtu|dtu_electronic|dtupub|dtupub_electronic";"";"";"";"";"";"";"";"";"";"";"";"";"";"";"";"";"und";"6113ada4d9001d016d2bd7c8";"";"6113ada4d9001d016d2bd7c8";"DTU Department of Electrical Engineering";"sorbit";"sorbit";"Absolute Localization using Visual odometry and Point Cloud Feature Matching|Absolute Localization using Visual odometry and Point Cloud Feature Matching"
"";"dtu|dtupub|third_party";"";"2022-01-11T08:43:56.739Z";"Khan, Bira Aziz";"";"2691928327";"";"dtu";"2021";"";"";"";"";"thesis";"dtu|dtu_electronic|dtupub_external";"";"";"";"";"";"";"";"";"";"";"";"";"";"";"";"";"und";"60fe983bd9001d01622e8e0c";"";"60fe983bd9001d01622e8e0c";"DTU Department of Biotechnology and Biomedicine";"sorbit";"sorbit";"The role of CCHa1 in controlling intestinal stem cell proliferation and gut homeostasis|CCHa1s rolle i kontrol af tarmstamellers proliferation og tarmhomeostase"
"";"dtu|dtupub|third_party";"";"2022-10-15T00:09:29.664Z";"Haddad, Rami";"";"2714382408";"";"dtu";"2022";"";"";"";"";"thesis";"dtu|dtu_electronic|dtupub_external";"";"";"";"";"";"";"";"";"";"";"";"";"";"";"";"";"und";"6349fa387e93ebdf3b099730";"";"6349fa387e93ebdf3b099730";"DTU Department of Applied Mathematics and Computer Science";"sorbit";"sorbit";"Open API Specification Extended Security Scheme: A method to reduce the prevalence of Broken Object Level Authorization|Open API Specification Extended Security Scheme: A method to reduce the prevalence of Broken Object Level Authorization"
"";"dtu|dtupub|third_party";"";"2022-01-03T13:05:30.893Z";"Breisnes, Helene Wallem";"";"2692725915";"";"dtu";"2021";"";"";"";"";"thesis";"dtu|dtu_electronic|dtupub_external";"";"";"";"";"";"";"";"";"";"";"";"";"";"";"";"";"und";"611a4792d9001d016230a8e6";"";"611a4792d9001d016230a8e6";"DTU Department of Biotechnology and Biomedicine";"sorbit";"sorbit";"Characterization of non-invasive biomarkers for the evaluation of extracellular matrix remodelling in pulmonary fibrosis|Karakterisering af ikke-invasive biomarkører til evaluering af ekstracellulær matrix remodellering i lungefibrose"
"";"dtu|dtupub|third_party";"";"2022-03-02T12:10:02.998Z";"Ellekvist, Oscar Bondo";"";"2708057979";"";"dtu";"2022";"";"";"";"";"thesis";"dtu|dtu_electronic|dtupub_external";"";"";"";"";"";"";"";"";"";"";"";"";"";"";"";"";"und";"621f5e9abec4fd54d8f0c229";"";"621f5e9abec4fd54d8f0c229";"DTU Department of Civil and Mechanical Engineering";"sorbit";"sorbit";"Modelling of wind turbine support structures using beam elements formulated by complementary energy|Modellering af vindmøllefundamenter ved brug af bjælkeelementer formuleret ved komplementær energi"
"";"dtu|dtupub|third_party";"";"2022-01-06T23:55:21.081Z";"Zhao, Simin";"";"2692166303";"";"dtu";"2021";"";"";"";"";"thesis";"dtu|dtu_electronic|dtupub|dtupub_electronic";"";"";"";"";"";"";"";"";"";"";"";"";"";"";"";"";"und";"610a75acd9001d01621578e4";"";"610a75acd9001d01621578e4";"DTU Department of Health Technology";"sorbit";"sorbit";"Silicone-free elastomer inks for 3D printed tissue culture platforms|Silikone-fri elastomer print materialer til 3D print af celle-kultur systemer"
"";"dtu|dtupub|third_party";"";"2022-08-19T00:09:42.731Z";"Athanasiou, Evangelia";"";"2713228494";"";"dtu";"2022";"";"";"";"";"thesis";"dtu|dtu_electronic|dtupub_external";"";"";"";"";"";"";"";"";"";"";"";"";"";"";"";"";"und";"62fed4c6b354a11325664567";"";"62fed4c6b354a11325664567";"DTU Department of Applied Mathematics and Computer Science";"sorbit";"sorbit";"Extracting neural correlates of audiovisual speech perception from electroencephalography using Independent Component Analysis|Ekstraktion af de neurale korrelater af audiovisuel taleforstaelse fra elektroencefalografi-data ved hjælp af Independent Component Analyse"
"";"dtu|dtupub|third_party";"";"2022-08-12T00:09:42.947Z";"Noori, Narwan Kabir";"";"2713018272";"";"dtu";"2022";"";"";"";"";"thesis";"dtu|dtu_electronic|dtupub_external";"";"";"";"";"";"";"";"";"";"";"";"";"";"";"";"";"und";"62f59a466af52303a47a5297";"";"62f59a466af52303a47a5297";"DTU Department of Physics";"sorbit";"sorbit";"Fabrication of metasurface optical elements|Fabrikation af metaoverflade optiske komponenter"
"";"dtu|dtupub|third_party";"";"2022-01-03T13:16:37.275Z";"Schou, Sebastian Schifter";"";"2665888919";"";"dtu";"2021";"";"";"";"";"thesis";"dtu|dtu_electronic|dtupub|dtupub_electronic";"";"";"";"";"";"";"";"";"";"";"";"";"";"";"";"";"und";"604dfd2fd9001d016e3581f8";"";"604dfd2fd9001d016e3581f8";"DTU Department of Electrical Engineering";"sorbit";"sorbit";"Traversable area detection for mobile robots using camera only|Farbart omradedetektering med kamera for mobile robotter"
"";"dtu|dtupub|third_party";"";"2022-04-01T11:17:23.027Z";"Mayr, Jakob Georg";"";"2708989909";"";"dtu";"2022";"";"";"";"";"thesis";"dtu|dtu_electronic|dtupub|dtupub_electronic";"";"";"";"";"";"";"";"";"";"";"";"";"";"";"";"";"und";"6246dd876bb0b4f977235ed5";"";"6246dd876bb0b4f977235ed5";"DTU Department of Chemical and Biochemical Engineering";"sorbit";"sorbit";"Experimental analysis of droplet behavior at the interface between gas diffusion layers and free flow in PEM fuel cells|Eksperimentalle analyse af drabe egenskaber ved interfacen mellem gass diffusions omrader og fri strømning i PEM brændselsceller"
"";"dtu|dtupub|third_party";"";"2022-08-02T00:09:51.680Z";"Mou, Haonan";"";"2712946272";"";"dtu";"2022";"";"";"";"";"thesis";"dtu|dtu_electronic|dtupub|dtupub_electronic";"";"";"";"";"";"";"";"";"";"";"";"";"";"";"";"";"und";"62e86b4fc35039a446808bcd";"";"62e86b4fc35039a446808bcd";"DTU Department of Electrical Engineering";"sorbit";"sorbit";"Deep Learning-based perception for construction robotics|Deep Learning-based perception for construction robotics"
"";"dtu|dtupub|third_party";"";"2022-01-03T13:17:00.474Z";"Pedersen, Tobias Skov";"";"2691159529";"";"dtu";"2021";"";"";"";"";"thesis";"dtu|dtu_electronic|dtupub|dtupub_electronic";"";"";"";"";"";"";"";"";"";"";"";"";"";"";"";"";"und";"60e19720d9001d016672469d";"";"60e19720d9001d016672469d";"DTU Department of Applied Mathematics and Computer Science";"sorbit";"sorbit";"High Performance Computing for Evaluating Volume Massing Designs|Højtydende computing til evaluering af byplanlægning"
"";"dtu|dtupub|third_party";"";"2022-01-03T13:06:01.299Z";"Petersen, Karl Andrias";"";"2691893855";"";"dtu";"2021";"";"";"";"";"thesis";"dtu|dtu_electronic|dtupub|dtupub_electronic";"";"";"";"";"";"";"";"";"";"";"";"";"";"";"";"";"und";"60fd4692d9001d01622e8d6c";"";"60fd4692d9001d01622e8d6c";"DTU Department of Civil Engineering";"sorbit";"sorbit";"Review and modelling of bolted connections with focus on bolt bearing and minimum distances|Review og modellering af boltede forbindelser med fokus pa hulrandsbæreevne og mindsteafstande"
"";"dtu|dtupub|third_party";"";"2022-01-03T13:05:57.432Z";"Brygge, Philip Nygaard";"";"2646318569";"";"dtu";"2021";"";"";"";"";"thesis";"dtu|dtu_electronic|dtupub|dtupub_electronic";"";"";"";"";"";"";"";"";"";"";"";"";"";"";"";"";"und";"6043713bd9001d016e35815a";"";"6043713bd9001d016e35815a";"DTU Department of Applied Mathematics and Computer Science";"sorbit";"sorbit";"Bridging the Customer-Developer Gap: Combining Behavior-Driven and Process-Driven Development for improving Software Development Processes|Forbind kunde-udvikler-afstanden: Kombinere foretnings-drevet og process-drevet udvikling til at forbedre softwareudviklingsprocesser"
"";"dtu|dtupub|third_party";"";"2022-01-03T13:05:59.471Z";"Durhuus, Frederik Laust";"";"2691928164";"";"dtu";"2021";"";"";"";"";"thesis";"dtu|dtu_electronic|dtupub|dtupub_electronic";"";"";"";"";"";"";"";"";"";"";"";"";"";"";"";"";"und";"60fe9811d9001d01622e8dbe";"";"60fe9811d9001d01622e8dbe";"DTU Department of Physics";"sorbit";"sorbit";"Theory of critical temperatures in two-dimensional itinerant magnets|Beregning af kritiske temperaturer i to-dimensionale metalliske magneter."
"";"dtu|dtupub|third_party";"";"2023-01-01T01:09:18.642Z";"Huertas, Marta Rubio";"";"2717550108";"";"dtu";"2022";"";"";"";"";"thesis";"dtu|dtu_electronic|dtupub|dtupub_electronic";"";"";"";"";"";"";"";"";"";"";"";"";"";"";"";"";"und";"63b0dd3e950d4526d3422d7b";"";"63b0dd3e950d4526d3422d7b";"DTU Department of Health Technology";"sorbit";"sorbit";"Fabrication and characterization of metal-organic framework nanoparticles as a novel type of haemoglobin-based oxygen carriers|Fabrikation og karakterisering af metalorganiske framework nanopartikler, som en ny type af haemoglobinbaseret oxygenbærer"
"";"dtu|dtupub|third_party";"";"2022-07-25T00:10:17.455Z";"Coppulo, Enric Cristobal";"";"2712810162";"";"dtu";"2022";"";"";"";"";"thesis";"dtu|dtu_electronic|dtupub|dtupub_electronic";"";"";"";"";"";"";"";"";"";"";"";"";"";"";"";"";"und";"62dddf699e765454e43ee64c";"";"62dddf699e765454e43ee64c";"DTU Department of Health Technology";"sorbit";"sorbit";"Disease prediction from plasma proteomics using Natural Language Processing|Forudsigelse af sygdom fra plasma proteomics data ved hjælp af sprogmodeller"
"";"dtu|dtupub|third_party";"";"2022-07-31T00:10:25.773Z";"Scott-Fordsmand, Kelvin";"";"2712909402";"";"dtu";"2022";"";"";"";"";"thesis";"dtu|dtu_electronic|dtupub|dtupub_electronic";"";"";"";"";"";"";"";"";"";"";"";"";"";"";"";"";"und";"62e5c8719c1a25a4464eb308";"";"62e5c8719c1a25a4464eb308";"DTU Department of Technology, Management and Economics";"sorbit";"sorbit";"Strategic approach to a sustainable product portfolio|En strategisk tilgang til en bæredygtig produktportefølje"
"";"dtu|dtupub|third_party";"";"2022-01-03T13:16:59.455Z";"Kratz, Arne";"";"2630632482";"";"dtu";"2021";"";"";"";"";"thesis";"dtu|dtu_electronic|dtupub|dtupub_electronic";"";"";"";"";"";"";"";"";"";"";"";"";"";"";"";"";"und";"6038e530d9001d01656e1ce1";"";"6038e530d9001d01656e1ce1";"DTU Department of Applied Mathematics and Computer Science";"sorbit";"sorbit";"Importance Sampling for Subsurface Scattering of Light|Importance sampling til subsurface scattering af lys"
"";"dtu|dtupub|third_party";"";"2022-08-25T11:30:43.211Z";"Johannsson, Arnor";"";"2713316532";"";"dtu";"2022";"";"";"";"";"thesis";"dtu|dtu_electronic|dtupub_external";"";"";"";"";"";"";"";"";"";"";"";"";"";"";"";"";"und";"63056c4f16b64a132515db10";"";"63056c4f16b64a132515db10";"DTU Department of Chemical and Biochemical Engineering";"sorbit";"sorbit";"Exploring new enzymes, carriers and immobilization procedures for small batch enzymatic interesterification|Udforskning af nye enzymer, bærere og immobiliseringsprocedurer til enzymatisk interesterificering i batch"
"";"dtu|dtupub|third_party";"";"2022-02-23T12:10:09.879Z";"Gunnarsson, Magnus Thor";"";"2707790588";"";"dtu";"2022";"";"";"";"";"thesis";"dtu|dtu_electronic|dtupub|dtupub_electronic";"";"";"";"";"";"";"";"";"";"";"";"";"";"";"";"";"und";"6216241ffa6d50235ed4d25c";"";"6216241ffa6d50235ed4d25c";"DTU Department of Technology, Management and Economics";"sorbit";"sorbit";"Can-Do And Must-Do Orders|Can-Do And Must-Do Orders"
"";"dtu|dtupub|third_party";"";"2022-08-15T00:09:28.002Z";"Datola, Bianca";"";"2713140663";"";"dtu";"2022";"";"";"";"";"thesis";"dtu|dtu_electronic|dtupub|dtupub_electronic";"";"";"";"";"";"";"";"";"";"";"";"";"";"";"";"";"und";"62f98eb7f4db5803a4ab2fe0";"";"62f98eb7f4db5803a4ab2fe0";"DTU Department of Health Technology";"sorbit";"sorbit";"Towards fully 3D Printed multi-electrode arrays|Forstudier til 3D printede multi-elektrode arrays"
"";"dtu|dtupub|third_party";"";"2022-01-06T23:56:37.269Z";"Thuesen, Nikolas Hallberg";"";"2620334372";"";"dtu";"2021";"";"";"";"";"thesis";"dtu|dtu_electronic|dtupub|dtupub_electronic";"";"";"";"";"";"";"";"";"";"";"";"";"";"";"";"";"und";"60339f5ad9001d01650f4d5d";"";"60339f5ad9001d01650f4d5d";"DTU Department of Health Technology";"sorbit";"sorbit";"Human leukocyte antigen-typing from NGS data|Humant leukocyt-antigen-typing fra NGS data"
"";"dtu|dtupub|third_party";"";"2022-02-22T12:10:05.852Z";"Sørensen, Eskild Børsting";"";"2707583770";"";"dtu";"2021";"";"";"";"";"thesis";"dtu|dtu_electronic|dtupub_external";"";"";"";"";"";"";"";"";"";"";"";"";"";"";"";"";"und";"6214d29dffe166235e2716c6";"";"6214d29dffe166235e2716c6";"DTU Department of Applied Mathematics and Computer Science";"sorbit";"sorbit";"Anomaly Detection in Freeze-dried Vials|Anomalidetektion i Frysetørret Reagensglas"
"";"dtu|dtupub|third_party";"";"2022-01-03T13:16:59.466Z";"Stefánsdóttir, Alma";"";"2678477401";"";"dtu";"2021";"";"";"";"";"thesis";"dtu|dtu_electronic|dtupub_external";"";"";"";"";"";"";"";"";"";"";"";"";"";"";"";"";"und";"6058892bd9001d016554ff72";"";"6058892bd9001d016554ff72";"DTU Department of Chemical and Biochemical Engineering";"sorbit";"sorbit";"Quantification of CO2 and H2S gas emissions from Krafla geothermal power plant in Iceland|Bestemmelse af CO2 og H2S udledning fra geotermianlægget Krafla, pa Island"
"";"dtu|dtupub|third_party";"";"2022-01-03T13:13:24.922Z";"Bendtsen, Jonas";"";"2666092652";"";"dtu";"2021";"";"";"";"";"thesis";"dtu|dtu_electronic|dtupub|dtupub_electronic";"";"";"";"";"";"";"";"";"";"";"";"";"";"";"";"";"und";"6051f1c7d9001d01657f2ef1";"";"6051f1c7d9001d01657f2ef1";"DTU Department of Applied Mathematics and Computer Science";"sorbit";"sorbit";"Modellering af Perceptuel Audiovisual Integration af Uafhængige Fonetiske Features i Konsonantklynger|Modeling Perceptual Audiovisual Integration of Independent Phonetic Features in Consonant Clusters"
"";"dtu|dtupub|third_party";"";"2022-08-12T00:10:11.904Z";"Bán, Balázs József";"";"2713018318";"";"dtu";"2022";"";"";"";"";"thesis";"dtu|dtu_electronic|dtupub_external";"";"";"";"";"";"";"";"";"";"";"";"";"";"";"";"";"und";"62f59a5c76734a03a4fd3992";"";"62f59a5c76734a03a4fd3992";"DTU Department of Electrical Engineering";"sorbit";"sorbit";"Anomaly Detection for Vision-Based Line Clearance with a Mobile Robot|Anomaly Detection for Vision-Based Line Clearance with a Mobile Robot"
"";"dtu|dtupub|third_party";"";"2022-01-03T13:05:56.017Z";"Heissel, Claus Skov";"";"2612047700";"";"dtu";"2021";"";"";"";"";"thesis";"dtu|dtu_electronic|dtupub|dtupub_electronic";"";"";"";"";"";"";"";"";"";"";"";"";"";"";"";"";"und";"601a9341d9001d017146d301";"";"601a9341d9001d017146d301";"DTU Department of Electrical Engineering";"sorbit";"sorbit";"Small-signal stability analysis of weak-grid large offshore wind farms considering active mitigation methods|Smasignalstabilitets analyse af store havvindmølleparker tilsluttet svage net med fokus pa dæmpningsmetode"
"";"dtu|dtupub|third_party";"";"2022-01-03T13:05:30.930Z";"Andersen, Jens Michael";"";"2692890897";"";"dtu";"2021";"";"";"";"";"thesis";"dtu|dtu_electronic|dtupub|dtupub_electronic";"";"";"";"";"";"";"";"";"";"";"";"";"";"";"";"";"und";"6120df23d9001d0478369049";"";"6120df23d9001d0478369049";"DTU Department of Civil and Mechanical Engineering";"sorbit";"sorbit";"Modelling and experimental analysis of the lost wax process|Modellering og eksperimentel analyse af lost wax processen"
"";"dtu|dtupub|third_party";"";"2022-01-03T13:13:48.818Z";"Wang, Sara";"";"2692890914";"";"dtu";"2021";"";"";"";"";"thesis";"dtu|dtu_electronic|dtupub|dtupub_electronic";"";"";"";"";"";"";"";"";"";"";"";"";"";"";"";"";"und";"6120df26d9001d047836904d";"";"6120df26d9001d047836904d";"DTU Department of Applied Mathematics and Computer Science";"sorbit";"sorbit";"Localization of moving sources using Bayesian inference methods|Lokalisering af kilder i bevægelse ved brug af bayesianske metoder"
"";"dtu|dtupub|third_party";"";"2022-01-03T13:16:38.356Z";"Guerretta, Gregorio";"";"2692353289";"";"dtu";"2021";"";"";"";"";"thesis";"dtu|dtu_electronic|dtupub|dtupub_electronic";"";"";"";"";"";"";"";"";"";"";"";"";"";"";"";"";"und";"61125e98d9001d016d2bd7c3";"";"61125e98d9001d016d2bd7c3";"DTU Department of Electrical Engineering";"sorbit";"sorbit";"Using 5G Technology for remote drone operation|Brug af 5G teknologi til fjernstyring af droner"
"";"dtu|dtupub|third_party";"";"2022-03-16T12:09:59.366Z";"Kristensen, Sofie";"";"2708496482";"";"dtu";"2022";"";"";"";"";"thesis";"dtu|dtu_electronic|dtupub|dtupub_electronic";"";"";"";"";"";"";"";"";"";"";"";"";"";"";"";"";"und";"6231d397ed961fb3b5a00260";"";"6231d397ed961fb3b5a00260";"DTU Department of Environmental and Resource Engineering";"sorbit";"sorbit";"Emissions of carbon monoxide from plant leaves exposed to various spectral light distributions|Emissioner af carbonmonoxid fra blade eksponeret for forskellige spektralfordelinger af lys"
"";"dtu|dtupub|third_party";"";"2022-01-03T13:13:48.692Z";"Edvardsson, Úlfur Jóhann";"";"2692890901";"";"dtu";"2021";"";"";"";"";"thesis";"dtu|dtu_electronic|dtupub|dtupub_electronic";"";"";"";"";"";"";"";"";"";"";"";"";"";"";"";"";"und";"6120df25d9001d047836904c";"";"6120df25d9001d047836904c";"DTU Department of Applied Mathematics and Computer Science";"sorbit";"sorbit";"Analyzing TPM communications for fun and profit: is there anything to gain?|Anlyse af TPM kommunikation"
"";"dtu|dtupub|third_party";"";"2022-01-03T13:16:49.929Z";"Verma, Tushar";"";"2666092485";"";"dtu";"2021";"";"";"";"";"thesis";"dtu|dtu_electronic|dtupub|dtupub_electronic";"";"";"";"";"";"";"";"";"";"";"";"";"";"";"";"";"und";"6051f1c0d9001d01657f2ec9";"";"6051f1c0d9001d01657f2ec9";"DTU Department of Health Technology";"sorbit";"sorbit";"The effect of tactile stimulation on the perception of musical timbre|Effekten af ??taktil stimulering pa opfattelsen af ??musikalsk timbre."
"";"dtu|dtupub|third_party";"";"2022-01-03T13:16:37.277Z";"Svensson, Victor Ragnar Duus";"";"2665996721";"";"dtu";"2021";"";"";"";"";"thesis";"dtu|dtu_electronic|dtupub|dtupub_electronic";"";"";"";"";"";"";"";"";"";"";"";"";"";"";"";"";"und";"6050a035d9001d0165750e49";"";"6050a035d9001d0165750e49";"DTU Department of Technology, Management and Economics";"sorbit";"sorbit";"Modelling the potential for thermal power-to-power storage in a Nordic context|Modellering af potentialet for termisk power-to-power lagring i en Nordisk kontekst"
"";"dtu|dtupub|third_party";"";"2022-02-02T12:10:27.469Z";"Krogh, Christoffer";"";"2706416012";"";"dtu";"2022";"";"";"";"";"thesis";"dtu|dtu_electronic|dtupub|dtupub_electronic";"";"";"";"";"";"";"";"";"";"";"";"";"";"";"";"";"und";"61fa74b352c7d117cdc52ed2";"";"61fa74b352c7d117cdc52ed2";"DTU Department of Applied Mathematics and Computer Science";"sorbit";"sorbit";"Approximation Algorithms for Variants of the Static Sta- tions Balancing Problem|Approksimationsalgoritmer for varianter af Balancering af Statiske Stationer problemet"
"";"dtu|dtupub|third_party";"";"2022-07-10T00:09:40.676Z";"Leitold, Márton Ferenc";"";"2712620354";"";"dtu";"2022";"";"";"";"";"thesis";"dtu|dtu_electronic|dtupub|dtupub_electronic";"";"";"";"";"";"";"";"";"";"";"";"";"";"";"";"";"und";"62ca18bf38cc0d2617736c27";"";"62ca18bf38cc0d2617736c27";"DTU Department of Applied Mathematics and Computer Science";"sorbit";"sorbit";"Implementation and Evaluation of Evolutionary Algorithms for Multimodal Optimization|Implementering og evaluering af evolutionære algoritmer til multimodal optimering"
"";"dtu|dtupub|third_party";"";"2022-02-15T12:09:59.835Z";"Bøgelund-Andersen, Toke";"";"2707220253";"";"dtu";"2022";"";"";"";"";"thesis";"dtu|dtu_electronic|dtupub|dtupub_electronic";"";"";"";"";"";"";"";"";"";"";"";"";"";"";"";"";"und";"620b98163c8e5e0dfbecf7fc";"";"620b98163c8e5e0dfbecf7fc";"DTU Department of Technology, Management and Economics";"sorbit";"sorbit";"Predicting Car Pick-Up Times in Shared Mobility with Deep Graph Neural Networks|Prædikter Bilopsamlingstider for Delebiler med Dybe Graf Neurale Netværk"
"";"dtu|dtupub|third_party";"";"2022-01-06T23:56:38.561Z";"Latuta, Linda";"";"2685833047";"";"dtu";"2021";"";"";"";"";"thesis";"dtu|dtu_electronic|dtupub|dtupub_electronic";"";"";"";"";"";"";"";"";"";"";"";"";"";"";"";"";"und";"60684d1ad9001d016653057b";"";"60684d1ad9001d016653057b";"DTU National Institute of Aquatic Resources";"sorbit";"sorbit";"Role of air-sea interaction in convection: a case-study in the northwestern Iceland Sea|Atmosfæriskes - oceaniske interaktioner og konvektion i den nordvestlige Islandsk hav."
"";"dtu|dtupub|third_party";"";"2022-01-11T08:43:22.617Z";"Giannoulopoulos, Thomas|Jacobsen, Lars Christian";"";"2692100216";"";"dtu";"2021";"";"";"";"";"thesis";"dtu|dtu_electronic|dtupub|dtupub_electronic";"";"";"";"";"";"";"";"";"";"";"";"";"";"";"";"";"und";"61068128d9001d01622e8e8f";"";"61068128d9001d01622e8e8f";"DTU Department of Technology, Management and Economics";"sorbit";"sorbit";"Undersøgelse af betydningen af covid-19 på performance management i ingeniørvirkskomheder|Investigation of the covid-19 impact on performance management practices in Engineering companies"
"";"dtu|dtupub|third_party";"";"2022-01-03T13:05:58.398Z";"Obeidi, Ali Adnan|Tahmaz, Hatem Abdul Karim Aziz|Solarz, Konrad Roman";"";"2666945576";"";"dtu";"2021";"";"";"";"";"thesis";"dtu|dtu_electronic|dtupub|dtupub_electronic";"";"";"";"";"";"";"";"";"";"";"";"";"";"";"";"";"und";"60534339d9001d01657f2f17";"";"60534339d9001d01657f2f17";"DTU Department of Technology, Management and Economics";"sorbit";"sorbit";"Optimization of element production of Femern - the worlds longest immersed tunnel|Produktionsoptimering af elementer til Femern - verdens længste sænketunnel"
"";"dtu|dtupub|third_party";"";"2022-07-25T00:09:55.132Z";"Pedersen, Nicolai Steiner";"";"2712810130";"";"dtu";"2022";"";"";"";"";"thesis";"dtu|dtu_electronic|dtupub|dtupub_electronic";"";"";"";"";"";"";"";"";"";"";"";"";"";"";"";"";"und";"62dddf532e35b954e462369f";"";"62dddf532e35b954e462369f";"DTU Department of Space Research and Space Technology";"sorbit";"sorbit";"Simulated sea ice radar freeboard and microwave emitting layer depth in saline snow on first-year ice|Simuleret havis radar fribord og mikrobølge stralingslagsdybde i saltholdigt sne pa vinteris."
"";"dtu|dtupub|third_party";"";"2022-01-03T13:05:30.521Z";"Kappel, Alexander Hansen";"";"2692890926";"";"dtu";"2021";"";"";"";"";"thesis";"dtu|dtu_electronic|dtupub|dtupub_electronic";"";"";"";"";"";"";"";"";"";"";"";"";"";"";"";"";"und";"6120df27d9001d0478369051";"";"6120df27d9001d0478369051";"DTU Department of Applied Mathematics and Computer Science";"sorbit";"sorbit";"The Cost of Security in Container Orchestration Systems|Omkostningerne ved Sikkerhed i Container Orkestreringssystemer"
"";"dtu|dtupub|third_party";"";"2022-01-03T13:05:59.451Z";"Kristiansen, Niklas Westergaard";"";"2686909202";"";"dtu";"2021";"";"";"";"";"thesis";"dtu|dtu_electronic|dtupub_external";"";"";"";"";"";"";"";"";"";"";"";"";"";"";"";"";"und";"608fda21d9001d563877ebca";"";"608fda21d9001d563877ebca";"DTU Department of Space Research and Space Technology";"sorbit";"sorbit";"Characterization and Performance Evaluation of the 3D MBI Test Modules|Karakterisering og Performance Evaluering af 3D MBI Test Modulerne"
"";"dtu|dtupub|third_party";"";"2022-03-08T12:09:55.731Z";"Holst, Kristian Sten";"";"2708314509";"";"dtu";"2022";"";"";"";"";"thesis";"dtu|dtu_electronic|dtupub_external";"";"";"";"";"";"";"";"";"";"";"";"";"";"";"";"";"und";"6227479369574b54d87ec897";"";"6227479369574b54d87ec897";"DTU Department of Electrical Engineering";"sorbit";"sorbit";"Electrical Modeling of Alkaline Electrolyser for Facilitating Wind Power Integration|Elektrisk modellering af alkalisk elektrolysesystem til facilitering af integration af vindkraft"
"";"dtu|dtupub|third_party";"";"2022-02-23T12:10:21.477Z";"Kajs, Nynne";"";"2707790649";"";"dtu";"2022";"";"";"";"";"thesis";"dtu|dtu_electronic|dtupub_external";"";"";"";"";"";"";"";"";"";"";"";"";"";"";"";"";"und";"6216242d859560235ef115b6";"";"6216242d859560235ef115b6";"DTU Department of Applied Mathematics and Computer Science";"sorbit";"sorbit";"Real-Time Rendering of Granular Materials|Rendering af granulære materialer i realtid"
"";"dtu|dtupub|third_party";"";"2022-03-05T12:10:03.702Z";"Marcussen, Nils Emil Junge";"";"2708259085";"";"dtu";"2022";"";"";"";"";"thesis";"dtu|dtu_electronic|dtupub_external";"";"";"";"";"";"";"";"";"";"";"";"";"";"";"";"";"und";"6223531b8f755154d84a460f";"";"6223531b8f755154d84a460f";"DTU Department of Biotechnology and Biomedicine";"sorbit";"sorbit";"Engineering Saccharomyces cerevisiae for the production of monoterpenoid indole alkaloids|Optimering af Saccharomyces cerevisiae til produktion af monoterpenoide indole alkaloider"
"";"dtu|dtupub|third_party";"";"2022-01-11T10:38:23.355Z";"Madsen, Frederik Engelst";"";"2500003679";"";"dtu";"2021";"";"";"";"";"thesis";"dtu|dtu_electronic|dtupub|dtupub_electronic";"";"";"";"";"";"";"";"";"";"";"";"";"";"";"";"";"und";"6188f87236ce7f01cbb0935d";"";"6188f87236ce7f01cbb0935d";"DTU Department of Applied Mathematics and Computer Science";"sorbit";"sorbit";"Projection-based Material Discrimination using Deep learning|Projektions-baseret materialediskrimination med brug af deep learning"
"";"dtu|dtupub|third_party";"";"2022-01-03T13:06:02.672Z";"Zanon, Chiara|Puerta, Javier Zarzuela";"";"2692242871";"";"dtu";"2021";"";"";"";"";"thesis";"dtu|dtu_electronic|dtupub|dtupub_electronic";"";"";"";"";"";"";"";"";"";"";"";"";"";"";"";"";"und";"610d18a0d9001d0162157903";"";"610d18a0d9001d0162157903";"DTU Department of Technology, Management and Economics";"sorbit";"sorbit";"Models for supplier collaboration in production planning|Models for supplier collaboration in production planning"
"";"dtu|dtupub|third_party";"";"2022-01-03T13:13:27.192Z";"Zbinden-Hansen, Marc";"";"2691159562";"";"dtu";"2021";"";"";"";"";"thesis";"dtu|dtu_electronic|dtupub_external";"";"";"";"";"";"";"";"";"";"";"";"";"";"";"";"";"und";"60e19724d9001d01667246a9";"";"60e19724d9001d01667246a9";"DTU Department of Electrical and Photonics Engineering";"sorbit";"sorbit";"IT security for IoT devices in medical use|IT security for IoT devices in medical use"
"";"dtu|dtupub|third_party";"";"2021-12-27T12:10:14.909Z";"Makri, Maria";"";"2704003813";"";"dtu";"2021";"";"";"";"";"thesis";"dtu|dtu_electronic|dtupub|dtupub_electronic";"";"";"";"";"";"";"";"";"";"";"";"";"";"";"";"";"und";"61c9ad2682afddf970b31ebe";"";"61c9ad2682afddf970b31ebe";"DTU National Institute of Aquatic Resources";"sorbit";"sorbit";"Effects of temperature and salinity on survival and feeding of Calanus spp. in Disko Bay, West Greenland|Effekt af temperatur og saltholdighed pa overlevelse og føde optagelse af Calanus spp. i Disko Bugten, Vest Grønland."
"";"dtu|dtupub|third_party";"";"2022-01-03T13:05:32.014Z";"Sonesson, Anders";"";"2693204171";"";"dtu";"2021";"";"";"";"";"thesis";"dtu|dtu_electronic|dtupub|dtupub_electronic";"";"";"";"";"";"";"";"";"";"";"";"";"";"";"";"";"und";"612e0e46d9001d0172372027";"";"612e0e46d9001d0172372027";"DTU Department of Space Research and Space Technology";"sorbit";"sorbit";"Suitability of new race-track fluxgate sensors in the FGE magnetometer|Nye race-track fluxgate sensorers egnethed til brug i FGE magnetometeret"
"";"dtu|dtupub|third_party";"";"2022-01-03T13:05:31.831Z";"Andersson, Mads Lunde|Rosquist, Mikkel Walther";"";"2693204000";"";"dtu";"2021";"";"";"";"";"thesis";"dtu|dtu_electronic|dtupub_external";"";"";"";"";"";"";"";"";"";"";"";"";"";"";"";"";"und";"612e0e40d9001d0172372022";"";"612e0e40d9001d0172372022";"DTU Department of Technology, Management and Economics";"sorbit";"sorbit";"Complexity analysis of service offerings at DBI Plastics|Kompleksitetsanalyse af serviceydelser hos DBI Plastics"
"";"dtu|dtupub|third_party";"";"2022-01-03T13:06:01.655Z";"Thorning-Schmidt, Martin William";"";"2691894198";"";"dtu";"2021";"";"";"";"";"thesis";"dtu|dtu_electronic|dtupub_external";"";"";"";"";"";"";"";"";"";"";"";"";"";"";"";"";"und";"60fd46bfd9001d01622e8db8";"";"60fd46bfd9001d01622e8db8";"DTU Department of Electrical and Photonics Engineering";"sorbit";"sorbit";"Color Flicker-Fusion Frequency color dependence & mapping that with the SSVEP signal induced by 40 Hz temporal modulated light, with colors extended beyond RGB|Color Flicker-Fusion Frekvens farveafhængighed og kortlægning med SSVEP-signalet induceret af 40 Hz tidsmæssigt moduleret lys med farver"
"";"dtu|dtupub|third_party";"";"2022-03-28T11:09:58.001Z";"Tzingizis, Veniamin";"";"2708873601";"";"dtu";"2022";"";"";"";"";"thesis";"dtu|dtu_electronic|dtupub|dtupub_electronic";"";"";"";"";"";"";"";"";"";"";"";"";"";"";"";"";"und";"624197855d32b9db73e7c9eb";"";"624197855d32b9db73e7c9eb";"DTU Department of Applied Mathematics and Computer Science";"sorbit";"sorbit";"Sentiment Analysis of social media data for predicting Cryptocurrency Market Behaviour|Sentimentanalyse af data fra sociale medier til forudsigelse af kryptovaluta markedet"
"";"dtu|dtupub|third_party";"";"2022-03-04T12:10:04.432Z";"Jensen, Magnus Gilsborg|Birkedahl, Rune";"";"2708239220";"";"dtu";"2022";"";"";"";"";"thesis";"dtu|dtu_electronic|dtupub_external";"";"";"";"";"";"";"";"";"";"";"";"";"";"";"";"";"und";"6222019c92bdf454d849fad0";"";"6222019c92bdf454d849fad0";"DTU Department of Civil and Mechanical Engineering";"sorbit";"sorbit";"Development of modular product and production architecture at Linak|Udvikling af modulær produkt og produktionsarkitektur hos Linak"
"";"dtu|dtupub|third_party";"";"2022-02-09T12:31:53.939Z";"Bøchman, Mikkel|Pedersen, Jacob Krabbe";"";"2707111921";"";"dtu";"2022";"";"";"";"";"thesis";"dtu|dtu_electronic|dtupub|dtupub_electronic";"";"";"";"";"";"";"";"";"";"";"";"";"";"";"";"";"und";"6203af36a911461bb6c35b30";"";"6203af36a911461bb6c35b30";"DTU Department of Applied Mathematics and Computer Science";"sorbit";"sorbit";"Security in satellite communication|Sikkerhed i satellitkommunikation"
"";"dtu|dtupub|third_party";"";"2022-01-03T13:13:31.121Z";"Savery, Oliver Birk|Naylor, Thomas Stub";"";"2692075621";"";"dtu";"2021";"";"";"";"";"thesis";"dtu|dtu_electronic|dtupub|dtupub_electronic";"";"";"";"";"";"";"";"";"";"";"";"";"";"";"";"";"und";"61052f9ed9001d01622e8e72";"";"61052f9ed9001d01622e8e72";"DTU Department of Electrical Engineering";"sorbit";"sorbit";"Investigation into how visual input affects the perception of auditory stimuli using VR technology|Undersøgelse af hvordan visuelt input pavirker opfattelsen af auditorisk stimuli med brug af VR teknologi"
"";"dtu|dtupub|third_party";"";"2022-01-06T23:54:38.685Z";"Velmans, Paula Emilie|Bauman, Isabelle Anthony";"";"2692123559";"";"dtu";"2021";"";"";"";"";"thesis";"dtu|dtu_electronic|dtupub|dtupub_electronic";"";"";"";"";"";"";"";"";"";"";"";"";"";"";"";"";"und";"6107d2c0d9001d01622e8eb1";"";"6107d2c0d9001d01622e8eb1";"DTU Department of Wind and Energy Systems";"sorbit";"sorbit";"Floating offshore wind energy: Techno-socio-economic perspectives and their influence on wind farm design and optimization|Flydende vindmøller: Tekniske og socio-økonomiske aspekter og deres indflydelse pa design og optimering af vindmølleparken"
"";"dtu|dtupub|third_party";"";"2022-01-03T13:13:33.676Z";"Ntovom, Ntaniel Barzegkar";"";"2697839973";"";"dtu";"2021";"";"";"";"";"thesis";"dtu|dtu_electronic|dtupub|dtupub_electronic";"";"";"";"";"";"";"";"";"";"";"";"";"";"";"";"";"und";"613f3192d9001d01625ca144";"";"613f3192d9001d01625ca144";"DTU Department of Technology, Management and Economics";"sorbit";"sorbit";"Electric Vehicle (EV) charging location optimisation in the urban Danish context: a machine learning approach|Elektrisk køretøjs (EV) opladningsplaceringsoptimering i bydansk sammenhæng: en maskinindlæringsmetode"
"";"dtu|dtupub|third_party";"";"2022-01-03T13:06:01.559Z";"Wismann, Bjørn Thoke";"";"2692166317";"";"dtu";"2021";"";"";"";"";"thesis";"dtu|dtu_electronic|dtupub|dtupub_electronic";"";"";"";"";"";"";"";"";"";"";"";"";"";"";"";"";"und";"610a75aed9001d01621578e5";"";"610a75aed9001d01621578e5";"DTU Department of Civil Engineering";"sorbit";"sorbit";"Material independent calculation model for primary structures in the early design stage|Materialeuafhængig beregnings-model for primærekonstruktioner i det tidlige designstadie"
"";"dtu|dtupub|third_party";"";"2022-01-03T13:05:30.524Z";"Ioannis, Nakis";"";"2692912629";"";"dtu";"2021";"";"";"";"";"thesis";"dtu|dtu_electronic|dtupub_external";"";"";"";"";"";"";"";"";"";"";"";"";"";"";"";"";"und";"61223098d9001d0478369058";"";"61223098d9001d0478369058";"DTU Department of Civil and Mechanical Engineering";"sorbit";"sorbit";"Relationship between microstructure and corrosion properties of austenitic stainless steel after cold deformation|Sammenhæng mellem mikrostruktur og korrosionsegenskaber for austenitisk rustfrit stal efter kold deformation"
"";"dtu|dtupub|third_party";"";"2022-01-06T23:56:38.459Z";"Deichmann, Marcus";"";"2626729309";"";"dtu";"2021";"";"";"";"";"thesis";"dtu|dtu_electronic|dtupub_external";"";"";"";"";"";"";"";"";"";"";"";"";"";"";"";"";"und";"60364282d9001d01656e1ca8";"";"60364282d9001d01656e1ca8";"DTU Department of Biotechnology and Biomedicine";"sorbit";"sorbit";"Modular Systems for Synthetic Mating-Induced Cellular Fusion in Saccharomyces cerevisiae|Modulære systemer til syntetisk parring og cellefusion i bagegær Saccharomyces cerevisiae"
"";"dtu|dtupub|third_party";"";"2022-01-03T13:05:30.770Z";"Gogoulou, Georgia|Bellos, Alexandros";"";"2692100154";"";"dtu";"2021";"";"";"";"";"thesis";"dtu|dtu_electronic|dtupub_external";"";"";"";"";"";"";"";"";"";"";"";"";"";"";"";"";"und";"6106811ad9001d01622e8e7f";"";"6106811ad9001d01622e8e7f";"DTU Department of Technology, Management and Economics";"sorbit";"sorbit";"Identifying barriers in the effectiveness of root cause investigation in deviation handling – The case of Novo Nordisk|Identifying barriers in the effectiveness of root cause investigation in deviation handling – The case of Novo Nordisk"
"";"dtu|dtupub|third_party";"";"2022-01-03T13:05:30.549Z";"Palo, Aada Maria";"";"2692692547";"";"dtu";"2021";"";"";"";"";"thesis";"dtu|dtu_electronic|dtupub|dtupub_electronic";"";"";"";"";"";"";"";"";"";"";"";"";"";"";"";"";"und";"6118f614d9001d016230a8de";"";"6118f614d9001d016230a8de";"DTU Department of Environmental and Resource Engineering";"sorbit";"sorbit";"Assessing different geographical datasets’ potential for improving runoff prediction using the NRCS-CN method and streamflow data|Evaluering af forskellige geografiske datasets' potentiale for at forbedre forudsigelser af afstrømningsmængder ved brug af kurvenummermetoden og vandføringsdata"
"";"dtu|dtupub|third_party";"";"2022-01-03T13:05:30.897Z";"Kolehmainen, Aarni Matias";"";"2692726046";"";"dtu";"2021";"";"";"";"";"thesis";"dtu|dtu_electronic|dtupub|dtupub_electronic";"";"";"";"";"";"";"";"";"";"";"";"";"";"";"";"";"und";"611a47a6d9001d016230a8ef";"";"611a47a6d9001d016230a8ef";"DTU Department of Health Technology";"sorbit";"sorbit";"The innate immunology of obesity. Cellular adaptations to a state of chronic inflammation|Den innate immunologi af fedme. Cellulær adaptation to en kronisk inflammatorisk tilstand."
"";"dtu|dtupub|third_party";"";"2022-01-03T13:06:02.672Z";"Korsholm, Lasse Bruun|Ejler, Michael Steen Siwmark";"";"2692044418";"";"dtu";"2021";"";"";"";"";"thesis";"dtu|dtu_electronic|dtupub_external";"";"";"";"";"";"";"";"";"";"";"";"";"";"";"";"";"und";"6103de19d9001d01622e8e57";"";"6103de19d9001d01622e8e57";"DTU Department of Civil Engineering";"sorbit";"sorbit";"Supporting Early Design Stage Master Planning with Computational Design Tools in an Architectural Practice|Understøtning af den tidlige designfase af masterplaner med computational design værktøjer i en arkitekt praksis"
"";"dtu|dtupub|third_party";"";"2022-01-03T13:17:00.493Z";"Gram, Marie Louise";"";"2692141459";"";"dtu";"2021";"";"";"";"";"thesis";"dtu|dtu_electronic|dtupub_external";"";"";"";"";"";"";"";"";"";"";"";"";"";"";"";"";"und";"61092415d9001d01622e8ebc";"";"61092415d9001d01622e8ebc";"DTU Department of Chemistry";"sorbit";"sorbit";"Overcoming oncogenic nonsense mutations by small-molecule modulators of ribosome function|Brug af sma molekyler, som modulerer ribosomers funktion, til at rette nonsensmutationer i onkogener"
"";"dtu|dtupub|third_party";"";"2022-01-03T13:16:38.214Z";"Boisen, Mathias Hoeg";"";"2692242754";"";"dtu";"2021";"";"";"";"";"thesis";"dtu|dtu_electronic|dtupub|dtupub_electronic";"";"";"";"";"";"";"";"";"";"";"";"";"";"";"";"";"und";"610d189ed9001d01621578fb";"";"610d189ed9001d01621578fb";"DTU Department of Physics";"sorbit";"sorbit";"Machine Learning Applications of Graph Similarity using a Gaussian Boson Sampler|Anvendelser af grafsimilaritet i machine learning ved hjælp af Gaussian Boson Sampling"
"";"dtu|dtupub|third_party";"";"2022-01-03T13:13:27.175Z";"Hald, Julie Lindgaard";"";"2691159540";"";"dtu";"2021";"";"";"";"";"thesis";"dtu|dtu_electronic|dtupub|dtupub_electronic";"";"";"";"";"";"";"";"";"";"";"";"";"";"";"";"";"und";"60e19722d9001d01667246a0";"";"60e19722d9001d01667246a0";"DTU Department of Civil Engineering";"sorbit";"sorbit";"Optimizing design of new and renovated nursing homes with respect to indoor environmental quality, energy efficiency and resiliency towards climate change|Designoptimering af nye og renoverede plejehjem med hensyn til indeklima, energieffektivitet og modstandsdygtighed over for klimaforandringer"
"";"dtu|dtupub|third_party";"";"2022-01-03T13:16:37.141Z";"Jacobsen, Nicolaj Rolskov|Eliasen, Niklas Hasforth";"";"2626729021";"";"dtu";"2021";"";"";"";"";"thesis";"dtu|dtu_electronic|dtupub_external";"";"";"";"";"";"";"";"";"";"";"";"";"";"";"";"";"und";"60364279d9001d01656e1c81";"";"60364279d9001d01656e1c81";"DTU Department of Civil and Mechanical Engineering";"sorbit";"sorbit";"Complexity Reduction of Product Line at Danfoss Redan|Kompleksitetsreduktion af produktfamilier hos Danfoss Redan"
"";"dtu|dtupub|third_party";"";"2022-01-03T13:13:24.932Z";"Sanicka, Adrianna Anna";"";"2679883430";"";"dtu";"2021";"";"";"";"";"thesis";"dtu|dtu_electronic|dtupub_external";"";"";"";"";"";"";"";"";"";"";"";"";"";"";"";"";"und";"605c7db0d9001d017f02a227";"";"605c7db0d9001d017f02a227";"DTU Department of Technology, Management and Economics";"sorbit";"sorbit";"What is the future of aseptic pharmaceutical manufacturing? A case study of implementing automation technology into aseptic processing at Novo Nordisk|What is the future of aseptic pharmaceutical manufacturing? A case study of implementing automation technology into aseptic processing at Novo Nordisk"
"";"dtu|dtupub|third_party";"";"2022-01-03T13:16:36.816Z";"Rasmussen, Sebastian Møller";"";"2612396546";"";"dtu";"2021";"";"";"";"";"thesis";"dtu|dtu_electronic|dtupub|dtupub_electronic";"";"";"";"";"";"";"";"";"";"";"";"";"";"";"";"";"und";"6023cdabd9001d01657f84ef";"";"6023cdabd9001d01657f84ef";"DTU Department of Environmental and Resource Engineering";"sorbit";"sorbit";"Investigation of aerosol uptake by vegetation at the leaf level|Undersøgelse af aerosol-optagelsen i planter pa bladniveau."
"";"dtu|dtupub|third_party";"";"2022-01-03T13:05:57.449Z";"Andersson, Carl Gustav Lund";"";"2681923762";"";"dtu";"2021";"";"";"";"";"thesis";"dtu|dtu_electronic|dtupub|dtupub_electronic";"";"";"";"";"";"";"";"";"";"";"";"";"";"";"";"";"und";"605dcf2dd9001d01665304f4";"";"605dcf2dd9001d01665304f4";"DTU Department of Health Technology";"sorbit";"sorbit";"Oral drug delivery of prodrugs in microcontainers|Oral lægemiddel levering af prodrugs i microcontainere"
"";"dtu|dtupub|third_party";"";"2022-08-14T00:09:26.480Z";"Adamakis, Vaios";"";"2713136004";"";"dtu";"2022";"";"";"";"";"thesis";"dtu|dtu_electronic|dtupub|dtupub_electronic";"";"";"";"";"";"";"";"";"";"";"";"";"";"";"";"";"und";"62f83d36ff899503a4c7a5de";"";"62f83d36ff899503a4c7a5de";"DTU Department of Health Technology";"sorbit";"sorbit";"Micromotor functionalized Microcontainers: Microdevices for Oral Drug Delivery|Mikromotor funktionaliserede mikrobeholdere: Mikroenheder til oral medicinering"
"";"dtu|dtupub|third_party";"";"2022-08-14T00:09:26.508Z";"Fischer, Mateusz Andrzej";"";"2713136005";"";"dtu";"2022";"";"";"";"";"thesis";"dtu|dtu_electronic|dtupub_external";"";"";"";"";"";"";"";"";"";"";"";"";"";"";"";"";"und";"62f83d36fd8aaf03a41c4935";"";"62f83d36fd8aaf03a41c4935";"DTU Department of Civil and Mechanical Engineering";"sorbit";"sorbit";"Capability of the co-injection moulding technology as method for the manufacturing of plastic medical devices|Anvendelsesmulighed for co-injection molding teknologi som metode til fremstilling af plastkomponenter til medicinskudstyr"
"";"dtu|dtupub|third_party";"";"2022-07-31T00:10:27.479Z";"Kydonakis, Leonidas|Mastropetros, Antonios";"";"2712909477";"";"dtu";"2022";"";"";"";"";"thesis";"dtu|dtu_electronic|dtupub|dtupub_electronic";"";"";"";"";"";"";"";"";"";"";"";"";"";"";"";"";"und";"62e5c873973aeba4461502d1";"";"62e5c873973aeba4461502d1";"DTU DTU National Food Institute";"sorbit";"sorbit";"Study of novel processes in beer brewing|Undersøgelse af nye processer i ølbrygning"
"";"dtu|dtupub|third_party";"";"2022-02-23T12:10:28.692Z";"Kajbæk, Rasmus Gottenborg";"";"2707790732";"";"dtu";"2022";"";"";"";"";"thesis";"dtu|dtu_electronic|dtupub_external";"";"";"";"";"";"";"";"";"";"";"";"";"";"";"";"";"und";"6216243481e882235ea21ec2";"";"6216243481e882235ea21ec2";"DTU Department of Civil and Mechanical Engineering";"sorbit";"sorbit";"Design and performance test of variable injection timing system for a small experimental compression ignition engine|Design og test af variabelt indsprøjtnings system i en mindre eksperimentel kompressionstændingsmotor."
"";"dtu|dtupub|third_party";"";"2022-07-18T00:09:33.367Z";"Juarez, Jordi Sala";"";"2712718150";"";"dtu";"2022";"";"";"";"";"thesis";"dtu|dtu_electronic|dtupub|dtupub_electronic";"";"";"";"";"";"";"";"";"";"";"";"";"";"";"";"";"und";"62d4a4bdb481f654e4496307";"";"62d4a4bdb481f654e4496307";"DTU Department of Applied Mathematics and Computer Science";"sorbit";"sorbit";"Succinct Range Filters|Succincte filtre til intervalforespørgsler"
"";"dtu|dtupub|third_party";"";"2022-07-25T00:09:55.979Z";"Plaugmann, Axel";"";"2712810134";"";"dtu";"2022";"";"";"";"";"thesis";"dtu|dtu_electronic|dtupub|dtupub_electronic";"";"";"";"";"";"";"";"";"";"";"";"";"";"";"";"";"und";"62dddf53c40ca854e4a7668f";"";"62dddf53c40ca854e4a7668f";"DTU Department of Civil and Mechanical Engineering";"sorbit";"sorbit";"Vibration-based detection of structural damage for operating wind turbine components|Vibrationsbaseret detektion af strukturelle skader for vindmøller under drift"
"";"dtu|dtupub|third_party";"";"2022-08-03T00:09:32.057Z";"Markersen, Amalie Mylord";"";"2712960705";"";"dtu";"2022";"";"";"";"";"thesis";"dtu|dtu_electronic|dtupub|dtupub_electronic";"";"";"";"";"";"";"";"";"";"";"";"";"";"";"";"";"und";"62e9bcbb3424a5a446443abd";"";"62e9bcbb3424a5a446443abd";"DTU Department of Space Research and Space Technology";"sorbit";"sorbit";"Polarimetric SAR interferometry; ice sheets|Polarimetrisk SAR interferometri; indlandsis"
"";"dtu|dtupub|third_party";"";"2022-07-31T00:09:30.922Z";"Thyssen, Christian";"";"2712907287";"";"dtu";"2022";"";"";"";"";"thesis";"dtu|dtu_electronic|dtupub|dtupub_electronic";"";"";"";"";"";"";"";"";"";"";"";"";"";"";"";"";"und";"62e5c83a17726ca44697b612";"";"62e5c83a17726ca44697b612";"DTU Department of Applied Mathematics and Computer Science";"sorbit";"sorbit";"Uncertainty quantification in pharmaceutical process simulation and optimization|Usikkerhedskvantificering i farmaceutisk processimulering og optimering"
"";"dtu|dtupub|third_party";"";"2022-08-16T00:09:55.487Z";"Rygaard, Frederik Möbius";"";"2713170562";"";"dtu";"2022";"";"";"";"";"thesis";"dtu|dtu_electronic|dtupub|dtupub_electronic";"";"";"";"";"";"";"";"";"";"";"";"";"";"";"";"";"und";"62fae053bfa0edcdfaab7c04";"";"62fae053bfa0edcdfaab7c04";"DTU Department of Applied Mathematics and Computer Science";"sorbit";"sorbit";"Towards a theory of stochastic Riemannian manifolds|Mod en teori for stokastiske Riemmanske mangfoldigheder"
"";"dtu|dtupub|third_party";"";"2022-08-25T11:30:42.940Z";"Sanchez, Diego Ratia";"";"2713316515";"";"dtu";"2022";"";"";"";"";"thesis";"dtu|dtu_electronic|dtupub_external";"";"";"";"";"";"";"";"";"";"";"";"";"";"";"";"";"und";"63056c3ccd522a1325fcaa73";"";"63056c3ccd522a1325fcaa73";"DTU Department of Civil Engineering";"sorbit";"sorbit";"Future-proofing buildings in the early stages of architectural design|Fremtidssikre bygninger i de tidlige stadier af arkitektonisk design"
"";"dtu|dtupub|third_party";"";"2023-01-31T01:09:30.701Z";"Christensen, Dan Aas|Olsen, Elisa Rex";"";"2718401559";"";"dtu";"2022";"";"";"";"";"thesis";"dtu|dtu_electronic|dtupub|dtupub_electronic";"";"";"";"";"";"";"";"";"";"";"";"";"";"";"";"";"und";"63d86a4ad27c3c1e04bdad03";"";"63d86a4ad27c3c1e04bdad03";"DTU Department of Environmental and Resource Engineering";"sorbit";"sorbit";"Indoor environment in schools - an intervention study at Skt. Klemensskole in Odense|Indeklima i skoler - interventionsundersøgelse pa Skt. Klemensskole i Odense"
"";"dtu|dtupub|third_party";"";"2022-07-24T00:10:17.840Z";"Jónasdóttir, Bergrós Fríða|Andreasen, Mikkel Bay";"";"2712806183";"";"dtu";"2022";"";"";"";"";"thesis";"dtu|dtu_electronic|dtupub|dtupub_electronic";"";"";"";"";"";"";"";"";"";"";"";"";"";"";"";"";"und";"62dc8de9d397a254e4512a17";"";"62dc8de9d397a254e4512a17";"DTU Department of Electrical Engineering";"sorbit";"sorbit";"Using real-time Stability Assessment for Corrective and Stabilizing Control of the Power Transmission System|Brug af realtidsstabilitetsovervagning til korrigerende og stabiliserende kontrol af elforsyningssystemet"
"";"dtu|dtupub|third_party";"";"2022-07-25T00:11:03.485Z";"Knudsen, Thøger Engelund";"";"2712810250";"";"dtu";"2022";"";"";"";"";"thesis";"dtu|dtu_electronic|dtupub|dtupub_electronic";"";"";"";"";"";"";"";"";"";"";"";"";"";"";"";"";"und";"62dddf97b6925a54e4a11d76";"";"62dddf97b6925a54e4a11d76";"DTU Department of Applied Mathematics and Computer Science";"sorbit";"sorbit";"A mean field game in the size spectrum|Et middelfeltspil i størrelsesspektret"
"";"dtu|dtupub|third_party";"";"2022-01-03T13:06:03.952Z";"Polhaus, Chrysillis Judy Magaard";"";"2697982023";"";"dtu";"2021";"";"";"";"";"thesis";"dtu|dtu_electronic|dtupub_external";"";"";"";"";"";"";"";"";"";"";"";"";"";"";"";"";"und";"6141d49bd9001d0162189968";"";"6141d49bd9001d0162189968";"DTU Department of Biotechnology and Biomedicine";"sorbit";"sorbit";"Mechanism of senotherapeutic peptides in the skin|Mekanisme for senoterapeutiske peptider i huden"
"";"dtu|dtupub|third_party";"";"2022-01-03T13:13:31.537Z";"Guller, Zoltan Andras";"";"2692305264";"";"dtu";"2021";"";"";"";"";"thesis";"dtu|dtu_electronic|dtupub|dtupub_electronic";"";"";"";"";"";"";"";"";"";"";"";"";"";"";"";"";"und";"61110d1ad9001d016215791b";"";"61110d1ad9001d016215791b";"DTU Department of Biotechnology and Biomedicine";"sorbit";"sorbit";"Development of site directed surface modification and bioconjugation strategies for multiarray biosensing|Udvikling af stedstyret overflademodifikation og biokonjugeringsstrategier til multiarray biosensing"
"";"dtu|dtupub|third_party";"";"2022-01-03T13:05:31.724Z";"Coffelt, Jeremy Paul";"";"2692912620";"";"dtu";"2021";"";"";"";"";"thesis";"dtu|dtu_electronic|dtupub|dtupub_electronic";"";"";"";"";"";"";"";"";"";"";"";"";"";"";"";"";"und";"61223096d9001d0478369057";"";"61223096d9001d0478369057";"DTU Department of Electrical Engineering";"sorbit";"sorbit";"Real-Time Target Detection on the SeaCat AUV|Real-Time Mal Detektion med SeaCat AUV"
"";"dtu|dtupub|third_party";"";"2022-01-03T13:06:02.254Z";"Balder, Simone Rosen";"";"2691894163";"";"dtu";"2021";"";"";"";"";"thesis";"dtu|dtu_electronic|dtupub|dtupub_electronic";"";"";"";"";"";"";"";"";"";"";"";"";"";"";"";"";"und";"60fd46b8d9001d01622e8da9";"";"60fd46b8d9001d01622e8da9";"DTU Department of Biotechnology and Biomedicine";"sorbit";"sorbit";"The influence of Pseudoalteromonas on the microbial community assembly in natural seawater|Pseudoalteromonas indflydelse pa den mikrobielle sammensætning i naturligt havvand"
"";"dtu|dtupub|third_party";"";"2021-12-30T21:01:12.307Z";"Hsieh, Teng-Kuan";"";"2704068973";"";"dtu";"2021";"";"";"";"";"thesis";"dtu|dtu_electronic|dtupub_external";"";"";"";"";"";"";"";"";"";"";"";"";"";"";"";"";"und";"61cda1bceef44ef9708c99c1";"";"61cda1bceef44ef9708c99c1";"DTU Department of Electrical Engineering";"sorbit";"sorbit";"Comparison of Loss-Of-Mains Detection Methods considering the Danish Grid Codes for for Inverter-Based Distributed Generators in Medium-Voltage Distribution Networks|Samligning af metoder til ø-driftsdetektering med sigt pa tilslutningsbetingelser i de danske mellemspændningsnet"
"";"dtu|dtupub|third_party";"";"2022-02-01T12:42:01.806Z";"Dyrberg, Phillip|Madsen, Nicolai Mossing";"";"2706296913";"";"dtu";"2021";"";"";"";"";"thesis";"dtu|dtu_electronic|dtupub|dtupub_electronic";"";"";"";"";"";"";"";"";"";"";"";"";"";"";"";"";"und";"61f9233840d25f17cdafda6c";"";"61f9233840d25f17cdafda6c";"DTU Department of Technology, Management and Economics";"sorbit";"sorbit";"A comprehensive assessment of electro- and biofuels in global shipping: a comparative study|En omfattende vurdering af elektro- og biobrændstoffer i global skibsfart: en sammenlignende undersøgelse"
"";"dtu|dtupub|third_party";"";"2022-02-16T12:10:22.997Z";"Dam, Sarah Alexandra Maria Van|Skjærris, Casper";"";"2707263519";"";"dtu";"2022";"";"";"";"";"thesis";"dtu|dtu_electronic|dtupub|dtupub_electronic";"";"";"";"";"";"";"";"";"";"";"";"";"";"";"";"";"und";"620ce9ad059f947274d68589";"";"620ce9ad059f947274d68589";"DTU Department of Applied Mathematics and Computer Science";"sorbit";"sorbit";"Evaluering af fremgangsmåder for at nedbryde monoliten|Evaluation of approaches to breaking down the monolith"
"";"dtu|dtupub|third_party";"";"2022-05-09T11:10:06.123Z";"Datta, Anomitro";"";"2709902274";"";"dtu";"2022";"";"";"";"";"thesis";"dtu|dtu_electronic|dtupub|dtupub_electronic";"";"";"";"";"";"";"";"";"";"";"";"";"";"";"";"";"und";"6278f689a86d6d159ee51845";"";"6278f689a86d6d159ee51845";"DTU Department of Wind and Energy Systems";"sorbit";"sorbit";"Impact of atmosphere-wave interactions on wind resources|Vindresourcers pavirkning fra interaktion mellem bølger og atmosfæren"
"";"dtu|dtupub|third_party";"";"2022-05-30T11:09:46.708Z";"Nielsen, Katrine Damgaard";"";"2710382040";"";"dtu";"2022";"";"";"";"";"thesis";"dtu|dtu_electronic|dtupub|dtupub_electronic";"";"";"";"";"";"";"";"";"";"";"";"";"";"";"";"";"und";"6294a5f946f4d518e6b988f2";"";"6294a5f946f4d518e6b988f2";"DTU Department of Biotechnology and Biomedicine";"sorbit";"sorbit";"The impact of plant growth and various soil types on Bacillus subtilis abundance|Effekten af plantevækst og forskellige jordtyper pa forekomsten af Bacillus subtilis"
"";"dtu|dtupub|third_party";"";"2022-07-04T11:10:10.925Z";"Jørgensen, Rasmus Qupersimat";"";"2712470353";"";"dtu";"2022";"";"";"";"";"thesis";"dtu|dtu_electronic|dtupub_external";"";"";"";"";"";"";"";"";"";"";"";"";"";"";"";"";"und";"62c2ca92006676250a2ceaec";"";"62c2ca92006676250a2ceaec";"DTU Department of Civil Engineering";"sorbit";"sorbit";"Arctic production of greens: design of energy efficient greenhouse in Sisimiut, Greenland|Arktisk produktion af grønsager: Design af energieffektivt drivhus i Sisimiut, Grønland"
"";"dtu|dtupub|third_party";"";"2022-02-22T12:10:01.702Z";"Fertin, Victor Skou|Feddersen, Mikkel Johannsen";"";"2707583741";"";"dtu";"2022";"";"";"";"";"thesis";"dtu|dtu_electronic|dtupub_external";"";"";"";"";"";"";"";"";"";"";"";"";"";"";"";"";"und";"6214d298694f54235e4e9226";"";"6214d298694f54235e4e9226";"DTU Department of Technology, Management and Economics";"sorbit";"sorbit";"Graph Neural Networks for Recommender Systems|Graph Neural Networks for Recommender Systems"
"";"dtu|dtupub|third_party";"";"2022-04-15T11:09:53.189Z";"Mohinani, Krishna Harish";"";"2709360805";"";"dtu";"2022";"";"";"";"";"thesis";"dtu|dtu_electronic|dtupub_external";"";"";"";"";"";"";"";"";"";"";"";"";"";"";"";"";"und";"625952809253d91146cd4205";"";"625952809253d91146cd4205";"DTU Department of Electrical Engineering";"sorbit";"sorbit";"Long term balancing market prices volatility forecast in European markets|Long term balancing market prices volatility forecast in European markets"
"";"dtu|dtupub|third_party";"";"2022-03-04T12:10:13.446Z";"Arroyo, Jorge Pelayo Alonso";"";"2708239315";"";"dtu";"2022";"";"";"";"";"thesis";"dtu|dtu_electronic|dtupub_external";"";"";"";"";"";"";"";"";"";"";"";"";"";"";"";"";"und";"622201a43fe62754d89105c3";"";"622201a43fe62754d89105c3";"DTU Department of Electrical Engineering";"sorbit";"sorbit";"Analysis of conditions for dynamic phasor modelling in zero-inertia systems|Analysis of conditions for dynamic phasor modelling in zero-inertia systems"
"";"dtu|dtupub|third_party";"";"2022-01-16T12:10:19.724Z";"Wu, Boya";"";"2705116590";"";"dtu";"2021";"";"";"";"";"thesis";"dtu|dtu_electronic|dtupub|dtupub_electronic";"";"";"";"";"";"";"";"";"";"";"";"";"";"";"";"";"und";"61e40b2bfa057012157583ca";"";"61e40b2bfa057012157583ca";"DTU Department of Electrical Engineering";"sorbit";"sorbit";"Vision Based Object Detection|Vision baseret objektdetektion"
"";"dtu|dtupub|third_party";"";"2022-08-01T00:10:27.112Z";"Masalas, Stefanos";"";"2712912883";"";"dtu";"2022";"";"";"";"";"thesis";"dtu|dtu_electronic|dtupub|dtupub_electronic";"";"";"";"";"";"";"";"";"";"";"";"";"";"";"";"";"und";"62e719f3e7aef0a4465ee255";"";"62e719f3e7aef0a4465ee255";"DTU Department of Wind and Energy Systems";"sorbit";"sorbit";"Dynamic investigation of a 15MW floating wind turbine on a concrete TLP foundation|Dynamisk analyse af en 15MW flydende havvindmølle med et beton TLP fundament"
"";"dtu|dtupub|third_party";"";"2022-08-20T00:09:41.449Z";"Bitsch, Max Ebstrup";"";"2713242611";"";"dtu";"2022";"";"";"";"";"thesis";"dtu|dtu_electronic|dtupub|dtupub_electronic";"";"";"";"";"";"";"";"";"";"";"";"";"";"";"";"";"und";"6300264537a51313258e3299";"";"6300264537a51313258e3299";"DTU Department of Applied Mathematics and Computer Science";"sorbit";"sorbit";"Development of a high-order pseudospectral method for accurate simulation of water waves using Incompressible Navier-Stokes Equations|Udvikling af en højere ordens pseudospektral metode til nøjagtig løsning af vandbølger baseret pa inkompressible Navier-Stokes ligninger"
"";"dtu|dtupub|third_party";"";"2022-09-27T00:09:31.295Z";"Ahmed, Mahmoud Mohamed Abdellattif";"";"2714065269";"";"dtu";"2022";"";"";"";"";"thesis";"dtu|dtu_electronic|dtupub|dtupub_electronic";"";"";"";"";"";"";"";"";"";"";"";"";"";"";"";"";"und";"63323f3b33d74d33f98ca97e";"";"63323f3b33d74d33f98ca97e";"DTU Department of Electrical Engineering";"sorbit";"sorbit";"Investigation of power converter solutions for grid-connected multi-MW electrolyser system|Investigation of power converter solutions for grid-connected multi-MW electrolyser system"
"";"dtu|dtupub|third_party";"";"2022-09-07T00:09:33.967Z";"Otero, Sofia Myrup";"";"2713518827";"";"dtu";"2022";"";"";"";"";"thesis";"dtu|dtu_electronic|dtupub|dtupub_electronic";"";"";"";"";"";"";"";"";"";"";"";"";"";"";"";"";"und";"6317e13d3606113145b1b4e3";"";"6317e13d3606113145b1b4e3";"DTU Department of Health Technology";"sorbit";"sorbit";"Prediction of neoepitopes presented by MHC class II molecules|Forudsigelse af neoepitoper præsenteret af MHC klasse II molekyler"
"";"dtu|dtupub|third_party";"";"2022-08-01T00:10:13.207Z";"Guddaye, Shalini Narvada";"";"2712912867";"";"dtu";"2022";"";"";"";"";"thesis";"dtu|dtu_electronic|dtupub_external";"";"";"";"";"";"";"";"";"";"";"";"";"";"";"";"";"und";"62e719e545dce0a446d81a06";"";"62e719e545dce0a446d81a06";"DTU DTU National Food Institute";"sorbit";"sorbit";"Determination of polyethylene terephthalate oligomers in food contact materials|Bestemmelse af polyethylen-terephthalat oligomerer i fødevare-kontaktmaterialer"
"";"dtu|dtupub|third_party";"";"2022-07-30T00:09:37.318Z";"Abboud, Maria Mahmoud";"";"2712896312";"";"dtu";"2022";"";"";"";"";"thesis";"dtu|dtu_electronic|dtupub_external";"";"";"";"";"";"";"";"";"";"";"";"";"";"";"";"";"und";"62e476c1f6c173a446cc16b4";"";"62e476c1f6c173a446cc16b4";"DTU Department of Biotechnology and Biomedicine";"sorbit";"sorbit";"Metabolomic analysis of soil Streptomyces|Metabolomisk analyse af jord Streptomyces"
"";"dtu|dtupub|third_party";"";"2022-08-13T00:09:42.283Z";"Skov, Josefine Rosenvinge";"";"2713125523";"";"dtu";"2022";"";"";"";"";"thesis";"dtu|dtu_electronic|dtupub_external";"";"";"";"";"";"";"";"";"";"";"";"";"";"";"";"";"und";"62f6ebc6ac6c5303a49432c2";"";"62f6ebc6ac6c5303a49432c2";"DTU Department of Chemistry";"sorbit";"sorbit";"Manipulating the diffusion of liquids within skin adhesives|Manipulation af væskediffusion i hudklæbere"
"";"dtu|dtupub|third_party";"";"2022-08-19T00:09:42.762Z";"Kamp, Alexander";"";"2713228495";"";"dtu";"2022";"";"";"";"";"thesis";"dtu|dtu_electronic|dtupub_external";"";"";"";"";"";"";"";"";"";"";"";"";"";"";"";"";"und";"62fed4c6ac25241325f81861";"";"62fed4c6ac25241325f81861";"DTU Department of Electrical Engineering";"sorbit";"sorbit";"Analysis of the functionality of Ultra Wide Band as a tracking method in an aseptic pharmaceutical production|Analyse af funktionaliteten for Ultra Wide Band som sporingsmetode i en aseptiske farmaceutisk produktion."
"";"dtu|dtupub|third_party";"";"2022-08-31T06:34:03.999Z";"Hansen, Andy Dünnweber";"";"2713409436";"";"dtu";"2022";"";"";"";"";"thesis";"dtu|dtu_electronic|dtupub_external";"";"";"";"";"";"";"";"";"";"";"";"";"";"";"";"";"und";"630ea6c29b6ed92511f2d3ae";"";"630ea6c29b6ed92511f2d3ae";"DTU Department of Applied Mathematics and Computer Science";"sorbit";"sorbit";"Enhanced calibration of underwater point-cloud imaging and navigation systems|Forbedret kalibrering af punktskybilleddannelse og navigationssystemer under vandet"
"";"dtu|dtupub|third_party";"";"2022-01-03T13:05:27.926Z";"Siddique, Mahammed Zeeshan";"";"2642153080";"";"dtu";"2021";"";"";"";"";"thesis";"dtu|dtu_electronic|dtupub|dtupub_electronic";"";"";"";"";"";"";"";"";"";"";"";"";"";"";"";"";"und";"6040ce43d9001d01650055a8";"";"6040ce43d9001d01650055a8";"DTU Department of Electrical Engineering";"sorbit";"sorbit";"Deep learning-based object classification for human-robot collaborative tasks in construction environments|Deep learning-based object classification for human-robot collaborative tasks in construction environments"
"";"dtu|dtupub|third_party";"";"2022-01-03T13:06:01.541Z";"Nygaard, Emil Rendbæk|Gregersen, Theis Schäfer";"";"2691928260";"";"dtu";"2021";"";"";"";"";"thesis";"dtu|dtu_electronic|dtupub|dtupub_electronic";"";"";"";"";"";"";"";"";"";"";"";"";"";"";"";"";"und";"60fe9824d9001d01622e8de1";"";"60fe9824d9001d01622e8de1";"DTU Department of Technology, Management and Economics";"sorbit";"sorbit";"Simulation of Robotic Mobile Fulfillment Systems|Simulering af Robotic Mobile Fulfillment Systems"
"";"dtu|dtupub|third_party";"";"2022-01-03T13:13:32.322Z";"Karavotas, Dimitrios";"";"2692978869";"";"dtu";"2021";"";"";"";"";"thesis";"dtu|dtu_electronic|dtupub|dtupub_electronic";"";"";"";"";"";"";"";"";"";"";"";"";"";"";"";"";"und";"6124d388d9001d047836906c";"";"6124d388d9001d047836906c";"DTU Department of Energy Conversion and Storage";"sorbit";"sorbit";"Environmentally friendly deposition of battery electrodes using slot die coating|Slot die deponering af batterielektroder til lithium ion batterier."
"";"dtu|dtupub|third_party";"";"2022-01-03T13:05:29.447Z";"Somers, Phillip Auldon";"";"2692692535";"";"dtu";"2021";"";"";"";"";"thesis";"dtu|dtu_electronic|dtupub|dtupub_electronic";"";"";"";"";"";"";"";"";"";"";"";"";"";"";"";"";"und";"6118f60fd9001d016230a8db";"";"6118f60fd9001d016230a8db";"DTU Department of Wind and Energy Systems";"sorbit";"sorbit";"Structural modification of the root section of a 14.3m wind turbine blade|Konstruktionsmæssig modifikation af rod-sektionen af en 14.3m wind turbine blade."
"";"dtu|dtupub|third_party";"";"2022-01-03T13:06:02.671Z";"Jæger, Sarah|Jacobsen, Cathrine";"";"2692044403";"";"dtu";"2021";"";"";"";"";"thesis";"dtu|dtu_electronic|dtupub|dtupub_electronic";"";"";"";"";"";"";"";"";"";"";"";"";"";"";"";"";"und";"6103de18d9001d01622e8e53";"";"6103de18d9001d01622e8e53";"DTU Department of Civil Engineering";"sorbit";"sorbit";"Human induced vibrations of CLT slabs|Personers indvirkning pa svingninger i CLT opbyggede gulve"
"";"dtu|dtupub|third_party";"";"2022-01-03T13:05:58.763Z";"Luogo, Beatrice Dal Pio";"";"2686501888";"";"dtu";"2021";"";"";"";"";"thesis";"dtu|dtu_electronic|dtupub|dtupub_electronic";"";"";"";"";"";"";"";"";"";"";"";"";"";"";"";"";"und";"6080082bd9001d01655031b8";"";"6080082bd9001d01655031b8";"DTU Department of Environmental and Resource Engineering";"sorbit";"sorbit";"SiC membrane filtration for wastewater treatment|SiC-membranfiltrering til spildevandsbehandling"
"";"dtu|dtupub|third_party";"";"2022-01-06T23:54:38.793Z";"Bravo, Alex Sanchez";"";"2693203531";"";"dtu";"2021";"";"";"";"";"thesis";"dtu|dtu_electronic|dtupub|dtupub_electronic";"";"";"";"";"";"";"";"";"";"";"";"";"";"";"";"";"und";"612e0e30d9001d0172372016";"";"612e0e30d9001d0172372016";"DTU Department of Civil and Mechanical Engineering";"sorbit";"sorbit";"Shape Optimization of a wind turbine blade using a mid-delity aeroelastic model|Formoptimering af vindmøllevinger baseret pa simplificeret aeroelastisk koblingsmodel"
"";"dtu|dtupub|third_party";"";"2023-01-31T01:09:25.584Z";"Damgaard, Nanna Bæhrenz|Hille, Kathrine Kahns";"";"2718401508";"";"dtu";"2022";"";"";"";"";"thesis";"dtu|dtu_electronic|dtupub|dtupub_electronic";"";"";"";"";"";"";"";"";"";"";"";"";"";"";"";"";"und";"63d86a458f36a71e04a27dbe";"";"63d86a458f36a71e04a27dbe";"DTU Department of Technology, Management and Economics";"sorbit";"sorbit";"Optimizing the Location of Electric Vehicle Charging Infrastructure in Denmark: a Micro Perspective|Optimering af placeringen af ladeinfrastruktur til elektriske køretøjer i Danmark: et mikroperspektiv"
"";"dtu|dtupub|third_party";"";"2022-02-21T12:16:55.552Z";"Marcelo, Carlos Parra";"";"2707366488";"";"dtu";"2022";"";"";"";"";"thesis";"dtu|dtu_electronic|dtupub|dtupub_electronic";"";"";"";"";"";"";"";"";"";"";"";"";"";"";"";"";"und";"62138117ca6848231f5cdbe9";"";"62138117ca6848231f5cdbe9";"DTU Department of Applied Mathematics and Computer Science";"sorbit";"sorbit";"A Novel Topic Extraction Algorithm for Nordic Languages|En Ny Emneekstraktionsalgoritme til Nordiske Sprog"
"";"dtu|dtupub|third_party";"";"2022-01-06T23:55:19.404Z";"Requeson, David Carmona";"";"2686258695";"";"dtu";"2021";"";"";"";"";"thesis";"dtu|dtu_electronic|dtupub_external";"";"";"";"";"";"";"";"";"";"";"";"";"";"";"";"";"und";"60742aa6d9001d01665305c5";"";"60742aa6d9001d01665305c5";"DTU Department of Chemical and Biochemical Engineering";"sorbit";"sorbit";"Modelling Chromatography using a Hybrid Machine Learning Approach|Modellering af kromatografi ved hjælp af en hybridmaskins indlæringsmetode"
"";"dtu|dtupub|third_party";"";"2022-01-03T13:05:57.479Z";"Jørck, Andreas Brink";"";"2685589492";"";"dtu";"2021";"";"";"";"";"thesis";"dtu|dtu_electronic|dtupub|dtupub_electronic";"";"";"";"";"";"";"";"";"";"";"";"";"";"";"";"";"und";"60630725d9001d0166530551";"";"60630725d9001d0166530551";"DTU Department of Technology, Management and Economics";"sorbit";"sorbit";"Road Risk Assessment for Car Insurance Pricing|Vurdering af Vejrisiko til Prisfastsætning af Bilforsikring"
"";"dtu|dtupub|third_party";"";"2022-01-03T13:16:37.269Z";"Klar, Corinne";"";"2685589653";"";"dtu";"2021";"";"";"";"";"thesis";"dtu|dtu_electronic|dtupub|dtupub_electronic";"";"";"";"";"";"";"";"";"";"";"";"";"";"";"";"";"und";"60630731d9001d0166530555";"";"60630731d9001d0166530555";"DTU Department of Civil Engineering";"sorbit";"sorbit";"Numerical modelling of laterally loaded piles|Numerisk modellering af tvær belastende pæle"
"";"dtu|dtupub|third_party";"";"2022-04-03T11:09:53.856Z";"Skjoldager, Christian";"";"2709078128";"";"dtu";"2022";"";"";"";"";"thesis";"dtu|dtu_electronic|dtupub_external";"";"";"";"";"";"";"";"";"";"";"";"";"";"";"";"";"und";"62498081dc1b83f97706786e";"";"62498081dc1b83f97706786e";"DTU Department of Civil and Mechanical Engineering";"sorbit";"sorbit";"Motion analysis of vessels entering the bulk and LNG terminal|Bevægelsesanalyse af fartøjer, der kommer ind i bulk- og LNG -terminalen"
"";"dtu|dtupub|third_party";"";"2022-01-06T23:54:35.772Z";"Frolcova, Monika";"";"2691222032";"";"dtu";"2021";"";"";"";"";"thesis";"dtu|dtu_electronic|dtupub|dtupub_electronic";"";"";"";"";"";"";"";"";"";"";"";"";"";"";"";"";"und";"60e2e8b2d9001d01667246c2";"";"60e2e8b2d9001d01667246c2";"DTU Department of Applied Mathematics and Computer Science";"sorbit";"sorbit";"Embedding complex networks using Archetypal analysis|Modellering af komplekse netværk ved hjælp af arketypisk analyse"
"";"dtu|dtupub|third_party";"";"2022-01-03T13:16:36.799Z";"Hjorth, Sebastian Roel";"";"2621490022";"";"dtu";"2021";"";"";"";"";"thesis";"dtu|dtu_electronic|dtupub_external";"";"";"";"";"";"";"";"";"";"";"";"";"";"";"";"";"und";"6034f0c7d9001d01650f4d8f";"";"6034f0c7d9001d01650f4d8f";"DTU Department of Applied Mathematics and Computer Science";"sorbit";"sorbit";"Developing a software architecture for secure and confidential delivery of software updates using separation of duties|Udvikling af en it-arkitektur for levering af sikre og konfidentielle software opdateringer ved brug af hierarkisering"
"";"dtu|dtupub|third_party";"";"2022-03-16T12:09:58.543Z";"Oriomah, Oluyemi";"";"2708496470";"";"dtu";"2022";"";"";"";"";"thesis";"dtu|dtu_electronic|dtupub_external";"";"";"";"";"";"";"";"";"";"";"";"";"";"";"";"";"und";"6231d3957f90bab3b563ee77";"";"6231d3957f90bab3b563ee77";"DTU DTU National Food Institute";"sorbit";"sorbit";"Potential of innovative technologies towards revalorisation of fishery waste into protein hydrolysates with enhanced bio-/techno-functionality|Innovative teknologiers potentiale i forhold til at give fiskeaffald ny værdi ved omdannelse til proteinhydrolysater med forbedret bio-/teknofunktionalitet"
"";"dtu|dtupub|third_party";"";"2022-01-03T13:05:29.110Z";"Breiner, Jacob Damsgaard";"";"2689009136";"";"dtu";"2021";"";"";"";"";"thesis";"dtu|dtu_electronic|dtupub_external";"";"";"";"";"";"";"";"";"";"";"";"";"";"";"";"";"und";"60a643a9d9001d016f3286e3";"";"60a643a9d9001d016f3286e3";"DTU Department of Technology, Management and Economics";"sorbit";"sorbit";"Finding answers in waste - FOSS Solutions in the Circular Bioeconomy|Søgning efter svar i affald - FOSS Løsninger i den Circulære Bioøkonomi"
"";"dtu|dtupub|third_party";"";"2022-01-06T23:54:35.735Z";"Wærsted, Henrik Iller";"";"2691221977";"";"dtu";"2021";"";"";"";"";"thesis";"dtu|dtu_electronic|dtupub|dtupub_electronic";"";"";"";"";"";"";"";"";"";"";"";"";"";"";"";"";"und";"60e2e8a0d9001d01667246ad";"";"60e2e8a0d9001d01667246ad";"DTU Department of Applied Mathematics and Computer Science";"sorbit";"sorbit";"A Survey on Private Information Leakage from BLE Advertisements|Undersøgelse af privat informationslækage fra BLE-advertisements"
"";"dtu|dtupub|third_party";"";"2022-01-03T13:16:38.372Z";"Dharaiya, Karan Nilesh";"";"2691742847";"";"dtu";"2021";"";"";"";"";"thesis";"dtu|dtu_electronic|dtupub|dtupub_electronic";"";"";"";"";"";"";"";"";"";"";"";"";"";"";"";"";"und";"60f95222d9001d0162757618";"";"60f95222d9001d0162757618";"DTU Department of Civil and Mechanical Engineering";"sorbit";"sorbit";"Biogas production optimisation via electrolysis and hydrogen technology|Optimering af biogasproduktion via elektrolyse og brintteknologi"
"";"dtu|dtupub|third_party";"";"2022-03-03T12:10:34.890Z";"Bahrin, Daniel";"";"2708092389";"";"dtu";"2022";"";"";"";"";"thesis";"dtu|dtu_electronic|dtupub|dtupub_electronic";"";"";"";"";"";"";"";"";"";"";"";"";"";"";"";"";"und";"6220b03ae6817654d867d180";"";"6220b03ae6817654d867d180";"DTU Department of Technology, Management and Economics";"sorbit";"sorbit";"Exploring the usefulness of AR/VR in Entrepreneurial Education|Exploring the usefulness of AR/VR in Entrepreneurial Education"
"";"dtu|dtupub|third_party";"";"2022-01-03T13:05:56.961Z";"Hansen, Sofie Rosenørn";"";"2655631311";"";"dtu";"2021";"";"";"";"";"thesis";"dtu|dtu_electronic|dtupub_external";"";"";"";"";"";"";"";"";"";"";"";"";"";"";"";"";"und";"6048b749d9001d016e3581b8";"";"6048b749d9001d016e3581b8";"DTU Department of Biotechnology and Biomedicine";"sorbit";"sorbit";"Activation kinetics of coagulation factor X|Aktiveringskinetik for koaguleringsfaktor X"
"";"dtu|dtupub|third_party";"";"2022-01-03T13:16:37.122Z";"Boumis, Georgios";"";"2621490033";"";"dtu";"2021";"";"";"";"";"thesis";"dtu|dtu_electronic|dtupub_external";"";"";"";"";"";"";"";"";"";"";"";"";"";"";"";"";"und";"6034f0c7d9001d01650f4d93";"";"6034f0c7d9001d01650f4d93";"DTU Department of Environmental and Resource Engineering";"sorbit";"sorbit";"Application of the “genRE” approach to spatial interpolation of precipitation gauge data and verification of precipitation forecasts for the Suir River Basin|Anvendelse af ""genRE"" -tilgangen til rumlig interpolering af data om nedbørsmaler og verifikation af nedbørprognoser for Suir-flodbassinet"
"";"dtu|dtupub|third_party";"";"2022-01-27T12:14:28.184Z";"Pastor, Felix Pacheco";"";"2705640470";"";"dtu";"2021";"";"";"";"";"thesis";"dtu|dtu_electronic|dtupub|dtupub_electronic";"";"";"";"";"";"";"";"";"";"";"";"";"";"";"";"";"und";"61f28ba71594c116e9c66685";"";"61f28ba71594c116e9c66685";"DTU Department of Health Technology";"sorbit";"sorbit";"Population structure clustering of genomic array data using variational autoencoders|Populationsstruktur clustering af genotype data ved hjælp af variational autoencoders"
"";"dtu|dtupub|third_party";"";"2022-01-03T13:13:46.206Z";"Michel, Jacques Daniel Pierre";"";"2686027385";"";"dtu";"2021";"";"";"";"";"thesis";"dtu|dtu_electronic|dtupub|dtupub_electronic";"";"";"";"";"";"";"";"";"";"";"";"";"";"";"";"";"und";"606d9329d9001d01665305a4";"";"606d9329d9001d01665305a4";"DTU Department of Technology, Management and Economics";"sorbit";"sorbit";"Machine Learning applied to shipbuilding market analysis|Machine Learning applied to shipbuilding market analysis"
"";"dtu|dtupub|third_party";"";"2022-07-31T00:10:30.908Z";"Rasmussen, Emmelie Joe Freudenberg";"";"2712909627";"";"dtu";"2022";"";"";"";"";"thesis";"dtu|dtu_electronic|dtupub_external";"";"";"";"";"";"";"";"";"";"";"";"";"";"";"";"";"und";"62e5c8763882d5a446f053f8";"";"62e5c8763882d5a446f053f8";"DTU DTU National Food Institute";"sorbit";"sorbit";"Development of perfusion cultivation process using cross-flow filtration for strict-anaerobe bacteria|Udvikling og undersøgelse af en perfusion kultiveringsproces for obligat anaerobe bakterier"
"";"dtu|dtupub|third_party";"";"2022-01-03T13:13:17.876Z";"Leknes, Aksel";"";"2691222091";"";"dtu";"2021";"";"";"";"";"thesis";"dtu|dtu_electronic|dtupub_external";"";"";"";"";"";"";"";"";"";"";"";"";"";"";"";"";"und";"60e2e8c1d9001d01667246cf";"";"60e2e8c1d9001d01667246cf";"DTU Department of Applied Mathematics and Computer Science";"sorbit";"sorbit";"A Bayesian Approach for Predictive Modelling of Anode Quality|Bayesianske metoder til prædiktiv modellering af anode kvalitet"
"";"dtu|dtupub|third_party";"";"2022-01-03T13:13:32.366Z";"Møller, Emil";"";"2692979659";"";"dtu";"2021";"";"";"";"";"thesis";"dtu|dtu_electronic|dtupub_external";"";"";"";"";"";"";"";"";"";"";"";"";"";"";"";"";"und";"6124d38ed9001d0478369075";"";"6124d38ed9001d0478369075";"DTU Department of Technology, Management and Economics";"sorbit";"sorbit";"Simulation of the Flügger A/S supply chain network|Simulering af Flugger A/S's forsyningskæde"
"";"dtu|dtupub|third_party";"";"2022-07-31T00:10:24.831Z";"Jensen, Benedikte Knorr";"";"2712909365";"";"dtu";"2022";"";"";"";"";"thesis";"dtu|dtu_electronic|dtupub|dtupub_electronic";"";"";"";"";"";"";"";"";"";"";"";"";"";"";"";"";"und";"62e5c8707b3d58a4460bcfa3";"";"62e5c8707b3d58a4460bcfa3";"DTU Department of Chemistry";"sorbit";"sorbit";"Theoretical description of light-induced dissociation of a chemical bond|Teoretisk beskrivelse af laser-induceret dissociation af en kemisk binding"
"";"dtu|dtupub|third_party";"";"2022-01-03T13:05:57.373Z";"Kaae, Charlotte";"";"2646318397";"";"dtu";"2021";"";"";"";"";"thesis";"dtu|dtu_electronic|dtupub_external";"";"";"";"";"";"";"";"";"";"";"";"";"";"";"";"";"und";"60437137d9001d016e35814d";"";"60437137d9001d016e35814d";"DTU Department of Health Technology";"sorbit";"sorbit";"Bayesian modelling of protein solubility from sequence|Bayesiansk modellering af protein-opløselighed fra sekvens"
"";"dtu|dtupub|third_party";"";"2022-01-03T13:13:25.075Z";"Magelund, Mie Sambleben";"";"2686745180";"";"dtu";"2021";"";"";"";"";"thesis";"dtu|dtu_electronic|dtupub_external";"";"";"";"";"";"";"";"";"";"";"";"";"";"";"";"";"und";"608942b0d9001d01701fe6c0";"";"608942b0d9001d01701fe6c0";"DTU Department of Space Research and Space Technology";"sorbit";"sorbit";"Characterization and Performance Evaluation of the 3D MBI Test Modules|Karakterisering og Performance Evaluering af 3D MBI Test Modulerne"
"";"dtu|dtupub|third_party";"";"2022-09-27T00:09:31.131Z";"Boescu, Mihail";"";"2714065267";"";"dtu";"2022";"";"";"";"";"thesis";"dtu|dtu_electronic|dtupub|dtupub_electronic";"";"";"";"";"";"";"";"";"";"";"";"";"";"";"";"";"und";"63323f3a15674033f9f0cda2";"";"63323f3a15674033f9f0cda2";"DTU Department of Civil Engineering";"sorbit";"sorbit";"Local soil classification and assessment of the mechanical properties with emphasis on pile adfreeze bond strength in Longyearbyen, Svalbard|Local soil classification and assessment of the mechanical properties with emphasis on pile adfreeze bond strength in Longyearbyen, Svalbard"
"";"dtu|dtupub|third_party";"";"2022-01-03T13:16:36.763Z";"Veng, Tadea";"";"2678936404";"";"dtu";"2021";"";"";"";"";"thesis";"dtu|dtu_electronic|dtupub|dtupub_electronic";"";"";"";"";"";"";"";"";"";"";"";"";"";"";"";"";"und";"6059da9cd9001d016554ff7a";"";"6059da9cd9001d016554ff7a";"DTU Department of Space Research and Space Technology";"sorbit";"sorbit";"Mapping of sea ice using NIMBUS 5 ESMR satellite data 1972-1976|Haviskortlægning med NIMBUS 5 ESMR satellit data fra 1972-1976"
"Solid state coolers based on superconducting tunnel junctions are promising low temperature cooling devices which are routinely fabricated using modern microfabrication methods. Arising applications from quantum technologies often depend on subKelvin temperature to operate, requiring the use of bulky and expensive dilution refrigerators. Solid state coolers can potentially replace dilution refrigerators by cascading several microcoolers operating in different temperature ranges. In order to achieve this, coolers have to be packed efficiently, thus 3D integration is essential. In this thesis, vertical integration of superconducting solid state coolers is studied and developed. Flip-chip bonding is utilized to interconnect two microchips together. Samples are studied before and after bonding, and the thermal resistance of 3D integrated device is determined. Quality assurance of the process focuses on indium bumps and isolation etching of adjacent islands in the cooler device. Cooling is not<br/>observed in the device, as the flaws in the isolation etching limit the full capability of the device. However, thermal response of a device is studied, finding that the thermal resistance is significantly improved compared to previous work.";"dtu|dtupub";"BA6206 Nanosystems";"2022-03-28T07:11:02.912Z";"Hätinen, Joel";"";"2708551899";"";"dtu";"2021";"";"";"";"";"thesis";"dtu|dtu_electronic|dtupub|dtupub_electronic";"";"";"";"";"";"";"";"";"";"";"";"";"";"3D integration|Superconducting tunnel junction|flip-chip|thermal resistance";"3D integration|Superconducting tunnel junction|flip-chip|thermal resistance";"3D integration|Superconducting tunnel junction|flip-chip|thermal resistance";"eng";"6231fad8778a73b6f377966c";"";"6231fad8778a73b6f377966c";"Aalto University";"vtt";"vtt";"Vertical integration of superconducting solid state coolers"
"";"dtu|dtupub|third_party";"";"2022-01-03T13:06:03.837Z";"Zheng, Qing";"";"2693243203";"";"dtu";"2021";"";"";"";"";"thesis";"dtu|dtu_electronic|dtupub_external";"";"";"";"";"";"";"";"";"";"";"";"";"";"";"";"";"und";"612f5fbdd9001d0172372046";"";"612f5fbdd9001d0172372046";"DTU Department of Applied Mathematics and Computer Science";"sorbit";"sorbit";"Understanding user motivation and emotion on SoMe by text analysis|Understanding user motivation and emotion on SoMe by text analysis"
"";"dtu|dtupub|third_party";"";"2022-01-03T13:16:36.095Z";"Valenzuela, Susana Osborne";"";"2612047707";"";"dtu";"2021";"";"";"";"";"thesis";"dtu|dtu_electronic|dtupub_external";"";"";"";"";"";"";"";"";"";"";"";"";"";"";"";"";"und";"601a9356d9001d017146d33d";"";"601a9356d9001d017146d33d";"DTU Department of Civil and Mechanical Engineering";"sorbit";"sorbit";"Conceptual design and development of a multipurpose wheelchair for optimal body support and user comfort|Konceptualisering og udvikling af en multifunktionel kørestol for optimal kropsstøtte og brugerkomfort"
"";"dtu|dtupub|third_party";"";"2022-01-03T13:05:32.090Z";"Perez, Arnau Gatell";"";"2698567290";"";"dtu";"2021";"";"";"";"";"thesis";"dtu|dtu_electronic|dtupub_external";"";"";"";"";"";"";"";"";"";"";"";"";"";"";"";"";"und";"6156eca5d9001d016b645336";"";"6156eca5d9001d016b645336";"DTU Department of Technology, Management and Economics";"sorbit";"sorbit";"ML-based pricing in B2B after-sales market - analysis of the price sensitivity|ML-baseret prisfastsættelse i eftersalgsmarkedet - en analyse af prisfølsomhed"
"";"dtu|dtupub|third_party";"";"2022-01-03T13:17:00.937Z";"Sendrayaperumal, Arvind";"";"2691928365";"";"dtu";"2021";"";"";"";"";"thesis";"dtu|dtu_electronic|dtupub|dtupub_electronic";"";"";"";"";"";"";"";"";"";"";"";"";"";"";"";"";"und";"60fe984cd9001d01622e8e20";"";"60fe984cd9001d01622e8e20";"DTU Department of Electrical Engineering";"sorbit";"sorbit";"Open headphone design|Design af abne hovedtelefoner"
"";"dtu|dtupub|third_party";"";"2022-04-07T11:09:58.708Z";"Guitart, Gemma Gascón";"";"2709158934";"";"dtu";"2022";"";"";"";"";"thesis";"dtu|dtu_electronic|dtupub_external";"";"";"";"";"";"";"";"";"";"";"";"";"";"";"";"";"und";"624ec686d295aa106e77c3fc";"";"624ec686d295aa106e77c3fc";"DTU Department of Chemistry";"sorbit";"sorbit";"Development of a tack test for probing ostomy care adhesives using a biological substrate|Udvikling af metode til afprøvning af klæbere i ostomiprodukters vedhæftning pa et biologisk substrat."
"";"dtu|dtupub|third_party";"";"2022-07-25T00:11:11.988Z";"Porkoláb, Gábor László";"";"2712810271";"";"dtu";"2022";"";"";"";"";"thesis";"dtu|dtu_electronic|dtupub|dtupub_electronic";"";"";"";"";"";"";"";"";"";"";"";"";"";"";"";"";"und";"62dddf9f6be8c454e4a24774";"";"62dddf9f6be8c454e4a24774";"DTU Department of Civil and Mechanical Engineering";"sorbit";"sorbit";"Design and feasibility assessment of sustainable energy community concept (power, district heating and energy storage) for the city of Komló, Hungary|Design og feasibility assessment af et bæredygtigt energifællesskabskoncept (strøm, fjernvarme og energilagring) for byen Komlo, Ungarn"
"";"dtu|dtupub|third_party";"";"2022-01-06T23:56:41.352Z";"Vadnai, Viktor Levente";"";"2693243167";"";"dtu";"2021";"";"";"";"";"thesis";"dtu|dtu_electronic|dtupub|dtupub_electronic";"";"";"";"";"";"";"";"";"";"";"";"";"";"";"";"";"und";"612f5fbad9001d0172372041";"";"612f5fbad9001d0172372041";"DTU Department of Technology, Management and Economics";"sorbit";"sorbit";"Analysis of passenger travel across the new Fehmarn Belt Fixed Link with a focus on the railway network|Analysis of passenger travel across the new Fehmarn Belt Fixed Link with a focus on the railway network"
"";"dtu|dtupub|third_party";"";"2022-09-15T00:09:39.569Z";"García, José Antonio García";"";"2713749606";"";"dtu";"2022";"";"";"";"";"thesis";"dtu|dtu_electronic|dtupub|dtupub_electronic";"";"";"";"";"";"";"";"";"";"";"";"";"";"";"";"";"und";"63226d4374b45955fa01a863";"";"63226d4374b45955fa01a863";"DTU Department of Applied Mathematics and Computer Science";"sorbit";"sorbit";"Development of a high-level programming language for management applications|Udvikling af et programmeringssprog pa højt niveau til forvaltningsapplikationer"
"";"dtu|dtupub|third_party";"";"2022-01-03T13:13:25.082Z";"Li, Wenhao";"";"2691222035";"";"dtu";"2021";"";"";"";"";"thesis";"dtu|dtu_electronic|dtupub|dtupub_electronic";"";"";"";"";"";"";"";"";"";"";"";"";"";"";"";"";"und";"60e2e8b3d9001d01667246c3";"";"60e2e8b3d9001d01667246c3";"DTU Department of Applied Mathematics and Computer Science";"sorbit";"sorbit";"Formal modeling and analysis of privacy of an e-Health protocol|Formal modellering og analyse af privacy af en e-Health protokol"
"";"dtu|dtupub|third_party";"";"2022-01-03T13:13:24.835Z";"Wang, Zihao";"";"2636770029";"";"dtu";"2021";"";"";"";"";"thesis";"dtu|dtu_electronic|dtupub_external";"";"";"";"";"";"";"";"";"";"";"";"";"";"";"";"";"und";"603e2b27d9001d016500551a";"";"603e2b27d9001d016500551a";"DTU Department of Applied Mathematics and Computer Science";"sorbit";"sorbit";"Stem Cell Colony Detection with Deep Learning|Stamcellekolonidetektion med dyb læring"
"";"dtu|dtupub|third_party";"";"2022-12-16T01:09:25.552Z";"Donà, Marco";"";"2717287043";"";"dtu";"2022";"";"";"";"";"thesis";"dtu|dtu_electronic|dtupub_external";"";"";"";"";"";"";"";"";"";"";"";"";"";"";"";"";"und";"639bc5441581ca25ce19d41d";"";"639bc5441581ca25ce19d41d";"DTU Department of Electrical and Photonics Engineering";"sorbit";"sorbit";"Plant-wide optimization of combined supermarket refrigeration systems, ice tank, and photovoltaic system|Optimering af kombinerede supermarkedskøleanlæg, istank og solcelleanlæg"
"";"dtu|dtupub|third_party";"";"2022-01-06T12:10:26.105Z";"Balling, Lucas Mathias";"";"2704364501";"";"dtu";"2021";"";"";"";"";"thesis";"dtu|dtu_electronic|dtupub_external";"";"";"";"";"";"";"";"";"";"";"";"";"";"";"";"";"und";"61d6dc30b985d812152c1c01";"";"61d6dc30b985d812152c1c01";"DTU Department of Electrical and Photonics Engineering";"sorbit";"sorbit";"Design, Comparison and Implementation of a Dynamic Transmission Power Algorithm for Z-Wave Long Range|Design, Comparison and Implementation of a Dynamic Transmission Power Algorithm for Z-Wave Long Range"
"";"dtu|dtupub|third_party";"";"2022-01-03T13:16:22.205Z";"Gunasekaran, Shylendhar";"";"2692242863";"";"dtu";"2021";"";"";"";"";"thesis";"dtu|dtu_electronic|dtupub|dtupub_electronic";"";"";"";"";"";"";"";"";"";"";"";"";"";"";"";"";"und";"610d189fd9001d01621578fe";"";"610d189fd9001d01621578fe";"DTU Department of Technology, Management and Economics";"sorbit";"sorbit";"Techno-Economic feasibility analysis for biomass A in district heating and cooling in India|Teknoøkonomisk gennemførlighedsanalyse for biomasse A inden for fjernvarme og køling i Indien"
"";"dtu|dtupub|third_party";"";"2022-01-03T13:16:38.198Z";"Stavropoulos, Evangelos";"";"2692890745";"";"dtu";"2021";"";"";"";"";"thesis";"dtu|dtu_electronic|dtupub_external";"";"";"";"";"";"";"";"";"";"";"";"";"";"";"";"";"und";"6120df14d9001d047836903f";"";"6120df14d9001d047836903f";"DTU Department of Electrical and Photonics Engineering";"sorbit";"sorbit";"AI-based anomaly detection for self-healing in cloud-platform|AI-baseret anomali-detektion til selvhelbredelse i skyplatform."
"";"dtu|dtupub|third_party";"";"2022-03-16T12:10:08.849Z";"Maarfelt, Tobias Bang";"";"2708496659";"";"dtu";"2022";"";"";"";"";"thesis";"dtu|dtu_electronic|dtupub_external";"";"";"";"";"";"";"";"";"";"";"";"";"";"";"";"";"und";"6231d3a0fb9222b3b5598650";"";"6231d3a0fb9222b3b5598650";"DTU Department of Applied Mathematics and Computer Science";"sorbit";"sorbit";"Data-driven and model-constrained surrogate modelling for computational finance|Datadrevne og model-betinget surrogat modellering til brug for finansielle beregninger"
"";"dtu|dtupub|third_party";"";"2022-08-18T00:09:26.846Z";"Hinrichsen, Benjamin Thomas";"";"2713208879";"";"dtu";"2022";"";"";"";"";"thesis";"dtu|dtu_electronic|dtupub|dtupub_electronic";"";"";"";"";"";"";"";"";"";"";"";"";"";"";"";"";"und";"62fd8336eb4a1b13259c2443";"";"62fd8336eb4a1b13259c2443";"DTU Department of Chemical and Biochemical Engineering";"sorbit";"sorbit";"Density functional theory calculations of N2O decomposition in Fe containing zeolites|Tæthedsfunktionalteoriberegninger af N2O dekomponering i Fe indeholdende zeoliter"
"";"dtu|dtupub|third_party";"";"2022-07-25T00:09:30.958Z";"Morsing, Maiken";"";"2712810111";"";"dtu";"2022";"";"";"";"";"thesis";"dtu|dtu_electronic|dtupub|dtupub_electronic";"";"";"";"";"";"";"";"";"";"";"";"";"";"";"";"";"und";"62dddf3ad21a7154e4987175";"";"62dddf3ad21a7154e4987175";"DTU Department of Civil Engineering";"sorbit";"sorbit";"Frost resistance of concrete with Portland composite cement with focus on changes in content of freezable water|Frostbestandighed af beton med Portland kompositcement med fokus pa ændringer i indhold af frysbart vand"
"";"dtu|dtupub|third_party";"";"2022-08-12T00:09:55.986Z";"Aquino, Patrick Julian";"";"2713018299";"";"dtu";"2022";"";"";"";"";"thesis";"dtu|dtu_electronic|dtupub|dtupub_electronic";"";"";"";"";"";"";"";"";"";"";"";"";"";"";"";"";"und";"62f59a52c1716e03a46cfedb";"";"62f59a52c1716e03a46cfedb";"DTU Department of Civil Engineering";"sorbit";"sorbit";"Hygrothermal Analysis of Linear Building Envelope Connection Details in Typical Greenlandic Houses|Hygrotermisk analyse af lineære klimaskærmsforbindelsesdetaljer i typiske grønlandske huse"
"";"dtu|dtupub|third_party";"";"2023-01-04T01:09:12.800Z";"Hdaifeh, Nazer";"";"2717563359";"";"dtu";"2022";"";"";"";"";"thesis";"dtu|dtu_electronic|dtupub_external";"";"";"";"";"";"";"";"";"";"";"";"";"";"";"";"";"und";"63b4d1b7fa9f7719cfec96e6";"";"63b4d1b7fa9f7719cfec96e6";"DTU Department of Applied Mathematics and Computer Science";"sorbit";"sorbit";"Machine learning methods for handling missing values in a national educational database|Machine learning methods for handling missing values in a national educational database"
"";"dtu|dtupub|third_party";"";"2022-07-25T00:10:25.691Z";"Nielsen, Katrine Brøndum Ljungberg";"";"2712810178";"";"dtu";"2022";"";"";"";"";"thesis";"dtu|dtu_electronic|dtupub_external";"";"";"";"";"";"";"";"";"";"";"";"";"";"";"";"";"und";"62dddf71e7e12354e4368075";"";"62dddf71e7e12354e4368075";"DTU Department of Chemical and Biochemical Engineering";"sorbit";"sorbit";"Colloid Stability of Skincare product|Kolloid stabilitet af Skincare produkter"
"";"dtu|dtupub|third_party";"";"2022-01-03T13:16:36.091Z";"Storgaard, Susanne";"";"2612610033";"";"dtu";"2021";"";"";"";"";"thesis";"dtu|dtu_electronic|dtupub_external";"";"";"";"";"";"";"";"";"";"";"";"";"";"";"";"";"und";"602a6532d9001d01657f859e";"";"602a6532d9001d01657f859e";"DTU Department of Chemical and Biochemical Engineering";"sorbit";"sorbit";"Evaluation of microfiltration for hygiene improvements of liquid goods in downstream processing|Evaluering af microfiltrering til hygieneforbedringer af flydende ravarer i downstream processer."
"";"dtu|dtupub|third_party";"";"2022-03-03T12:10:13.254Z";"Jensen, Michael Svingel";"";"2708092083";"";"dtu";"2022";"";"";"";"";"thesis";"dtu|dtu_electronic|dtupub_external";"";"";"";"";"";"";"";"";"";"";"";"";"";"";"";"";"und";"6220b0240f675d54d8e38d41";"";"6220b0240f675d54d8e38d41";"DTU Department of Applied Mathematics and Computer Science";"sorbit";"sorbit";"Use of convolutional neural networks to predict features of bacteria from their morphology|Brug af convolutional neural networks til at prædiktere bakteriers særtræk fra deres morfologi"
"";"dtu|dtupub|third_party";"";"2022-01-03T13:05:28.984Z";"Jóhannsson, Daníel Freyr";"";"2665840668";"";"dtu";"2021";"";"";"";"";"thesis";"dtu|dtu_electronic|dtupub|dtupub_electronic";"";"";"";"";"";"";"";"";"";"";"";"";"";"";"";"";"und";"604b5a3ad9001d016e3581ef";"";"604b5a3ad9001d016e3581ef";"DTU Department of Civil and Mechanical Engineering";"sorbit";"sorbit";"Platform Development for hair removal products at Philips|Platformsudvikling af produkter til harfjerning hos Philips"
"";"dtu|dtupub|third_party";"";"2022-01-06T23:56:40.401Z";"Nielsen, Susanne Linda";"";"2692837485";"";"dtu";"2021";"";"";"";"";"thesis";"dtu|dtu_electronic|dtupub|dtupub_electronic";"";"";"";"";"";"";"";"";"";"";"";"";"";"";"";"";"und";"611e3c07d9001d0478369031";"";"611e3c07d9001d0478369031";"DTU DTU National Food Institute";"sorbit";"sorbit";"Cultivation of Gracilaria in Danish estuaries- from spores to harvestable resources|Dyrkning af Gracilaria i danske fjorde- fra spore til høstbar resurse"
"";"dtu|dtupub|third_party";"";"2022-01-03T13:05:56.027Z";"Christiansen, Mette Skjærbæk|Christensen, Natacha Charlé";"";"2612047704";"";"dtu";"2021";"";"";"";"";"thesis";"dtu|dtu_electronic|dtupub|dtupub_electronic";"";"";"";"";"";"";"";"";"";"";"";"";"";"";"";"";"und";"601a9346d9001d017146d311";"";"601a9346d9001d017146d311";"DTU Department of Technology, Management and Economics";"sorbit";"sorbit";"Simulation of patient flows for the Emergency Department at Hvidovre Hospital|Simulering af patient flow pa Akutmodtagelsen pa Hvidovre Hospital"
"";"dtu|dtupub|third_party";"";"2022-01-03T13:13:19.060Z";"Hoffmann, Ida Ørduk";"";"2613750877";"";"dtu";"2021";"";"";"";"";"thesis";"dtu|dtu_electronic|dtupub|dtupub_electronic";"";"";"";"";"";"";"";"";"";"";"";"";"";"";"";"";"und";"602fab29d9001d01650f4d34";"";"602fab29d9001d01650f4d34";"DTU Department of Civil Engineering";"sorbit";"sorbit";"Radiant ceilings with diffuse ventilation - experimental and numerical feasibility analysis|Varme- og kølelofter med diffus ventilation - eksperimenter og simuleringer"
"";"dtu|dtupub|third_party";"";"2022-01-03T13:16:34.446Z";"Costa, Francisco de Sousa E Meneses Tomas da";"";"2686501881";"";"dtu";"2021";"";"";"";"";"thesis";"dtu|dtu_electronic|dtupub_external";"";"";"";"";"";"";"";"";"";"";"";"";"";"";"";"";"und";"6080082ad9001d01655031b7";"";"6080082ad9001d01655031b7";"DTU Department of Chemical and Biochemical Engineering";"sorbit";"sorbit";"Bioenergy potential analysis for houses and compounds of the United Nations in Africa|Analyse af bioenergipotentialet for De Forenede Nationers huse og boligomrader i Afrika"
"";"dtu|dtupub|third_party";"";"2022-01-03T13:16:51.069Z";"Smitshuysen, Anne Lyck";"";"2686555637";"";"dtu";"2021";"";"";"";"";"thesis";"dtu|dtu_electronic|dtupub_external";"";"";"";"";"";"";"";"";"";"";"";"";"";"";"";"";"und";"608159b5d9001d01701fe6b2";"";"608159b5d9001d01701fe6b2";"DTU Department of Energy Conversion and Storage";"sorbit";"sorbit";"Development of manufacturing method for large solid oxide electrolysis cells by pre-shaping cell before sintering|Se engelsk"
"";"dtu|dtupub|third_party";"";"2022-01-03T13:05:57.316Z";"Hermann, Mathias";"";"2626729307";"";"dtu";"2021";"";"";"";"";"thesis";"dtu|dtu_electronic|dtupub|dtupub_electronic";"";"";"";"";"";"";"";"";"";"";"";"";"";"";"";"";"und";"60364282d9001d01656e1ca7";"";"60364282d9001d01656e1ca7";"DTU Department of Environmental and Resource Engineering";"sorbit";"sorbit";"Hydroeconomic analysis of the Amazon River basin|Hydroøkonomisk analyse af Amazon-oplandet"
"";"dtu|dtupub|third_party";"";"2022-07-03T11:09:44.438Z";"Jiang, Yunshui";"";"2712438045";"";"dtu";"2022";"";"";"";"";"thesis";"dtu|dtu_electronic|dtupub|dtupub_electronic";"";"";"";"";"";"";"";"";"";"";"";"";"";"";"";"";"und";"62c178f8ff3fa4250a142dff";"";"62c178f8ff3fa4250a142dff";"DTU Department of Energy Conversion and Storage";"sorbit";"sorbit";"Deep Magnetic Field Prior|Deep Magnetic Field Prior"
"";"dtu|dtupub|third_party";"";"2022-07-18T00:09:34.878Z";"Godsk, Emil|Flint, Frederik Oliver|Fehrn, Oscar Gervin";"";"2712718152";"";"dtu";"2022";"";"";"";"";"thesis";"dtu|dtu_electronic|dtupub|dtupub_electronic";"";"";"";"";"";"";"";"";"";"";"";"";"";"";"";"";"und";"62d4a4be8566be54e4c5b909";"";"62d4a4be8566be54e4c5b909";"DTU Department of Applied Mathematics and Computer Science";"sorbit";"sorbit";"Statically detecting concurrency errors in Erlang and Elixir|Statisk opdagelse af samtidighedsfejl i Erlang og Elixir"
"";"dtu|dtupub|third_party";"";"2022-03-25T12:10:01.215Z";"Jensen, Michelle Skov";"";"2708812625";"";"dtu";"2022";"";"";"";"";"thesis";"dtu|dtu_electronic|dtupub_external";"";"";"";"";"";"";"";"";"";"";"";"";"";"";"";"";"und";"623db119046300db733c5dab";"";"623db119046300db733c5dab";"DTU Department of Applied Mathematics and Computer Science";"sorbit";"sorbit";"Anomaly detection during tabletting|Anomalidetektion under tablettering"
"";"dtu|dtupub|third_party";"";"2022-01-03T13:13:25.044Z";"Björkengren, Gabriella";"";"2686258711";"";"dtu";"2021";"";"";"";"";"thesis";"dtu|dtu_electronic|dtupub|dtupub_electronic";"";"";"";"";"";"";"";"";"";"";"";"";"";"";"";"";"und";"60742aa8d9001d01665305ce";"";"60742aa8d9001d01665305ce";"DTU Department of Chemistry";"sorbit";"sorbit";"A Molecular Dynamics Simulation Study of the Stability of Reteplase in Formulation with Various Excipients during Freeze-Drying Processing|Undersøgelse af stabiliteten af ??reteplase i formulering med forskellige hjælpestoffer under frysetørring vha. molekylære dynamik simuleringer"
"";"dtu|dtupub|third_party";"";"2022-01-03T13:17:00.881Z";"Mininni, Lorenzo";"";"2692305283";"";"dtu";"2021";"";"";"";"";"thesis";"dtu|dtu_electronic|dtupub_external";"";"";"";"";"";"";"";"";"";"";"";"";"";"";"";"";"und";"61110d1dd9001d0162157921";"";"61110d1dd9001d0162157921";"DTU Department of Technology, Management and Economics";"sorbit";"sorbit";"Forecasting tool development for energy flexibility from distributed electric vehicles and batteries|Forecasting tool development for energy flexibility from distributed electric vehicles and batteries"
"";"dtu|dtupub|third_party";"";"2022-01-03T13:16:38.539Z";"Kilic, Meliha|Barzanji, Abdulilla";"";"2697818755";"";"dtu";"2021";"";"";"";"";"thesis";"dtu|dtu_electronic|dtupub_external";"";"";"";"";"";"";"";"";"";"";"";"";"";"";"";"";"und";"613de00fd9001d01625ca13e";"";"613de00fd9001d01625ca13e";"DTU Department of Civil Engineering";"sorbit";"sorbit";"Facilitating cooperation in the construction industry|Fremme samarbejdsformer i byggebranchen"
"";"dtu|dtupub|third_party";"";"2022-01-03T13:13:32.727Z";"Larsson, Sebastian Seedorff";"";"2693468676";"";"dtu";"2021";"";"";"";"";"thesis";"dtu|dtu_electronic|dtupub|dtupub_electronic";"";"";"";"";"";"";"";"";"";"";"";"";"";"";"";"";"und";"61389a18d9001d01625ca129";"";"61389a18d9001d01625ca129";"DTU Department of Applied Mathematics and Computer Science";"sorbit";"sorbit";"Using ColBERT for information retrieval|Dyb læring for søgning med ColBERT"
"";"dtu|dtupub|third_party";"";"2022-01-03T13:05:31.736Z";"Jensen, Ebbe Hauge";"";"2692912649";"";"dtu";"2021";"";"";"";"";"thesis";"dtu|dtu_electronic|dtupub|dtupub_electronic";"";"";"";"";"";"";"";"";"";"";"";"";"";"";"";"";"und";"61223099d9001d047836905b";"";"61223099d9001d047836905b";"DTU Department of Civil and Mechanical Engineering";"sorbit";"sorbit";"Heat Pump Integration and Techno-economic Evaluation for Full-scale Carbon Capture System at Amager Resource Center|Varmepumpeintegration og teknisk-økonomisk evaluering af fuldskala Carbon Capture system pa Amager Ressourcecenter"
"";"dtu|dtupub|third_party";"";"2022-01-03T13:13:32.328Z";"Balakumar, Arthana|Nguyen, Mogens Quoc Phong";"";"2692978865";"";"dtu";"2021";"";"";"";"";"thesis";"dtu|dtu_electronic|dtupub_external";"";"";"";"";"";"";"";"";"";"";"";"";"";"";"";"";"und";"6124d388d9001d047836906d";"";"6124d388d9001d047836906d";"DTU Department of Technology, Management and Economics";"sorbit";"sorbit";"Innovation across ecosystems:?Synergistic collaboration between?Carlsberg and start-ups?|Innovation pa tværs af økosystemer:?Synergetisk samarbejde mellem Carlsberg og startupvirksomheder"
"";"dtu|dtupub|third_party";"";"2022-01-06T23:54:38.834Z";"Kefala, Sotiria";"";"2693379726";"";"dtu";"2021";"";"";"";"";"thesis";"dtu|dtu_electronic|dtupub|dtupub_electronic";"";"";"";"";"";"";"";"";"";"";"";"";"";"";"";"";"und";"6135f7bcd9001d0170658633";"";"6135f7bcd9001d0170658633";"DTU Department of Wind and Energy Systems";"sorbit";"sorbit";"Evaluation of the mechanical performance of 3D printed continuous fiber composite (CFC) structures|Evaluering af mekanisk ydeevne af 3D-printede kontinuerlige fiberkompositstrukturer"
"";"dtu|dtupub|third_party";"";"2022-01-09T18:55:11.593Z";"Phan, Michael Minh";"";"2702862800";"";"dtu";"2021";"";"";"";"";"thesis";"dtu|dtu_electronic|dtupub|dtupub_electronic";"";"";"";"";"";"";"";"";"";"";"";"";"";"";"";"";"und";"61b1f23b042f126f0d236b8c";"";"61b1f23b042f126f0d236b8c";"DTU Department of Wind and Energy Systems";"sorbit";"sorbit";"Optimization of semi-submersible floating platform for a wind turbine|Optimering af semi-submersible flydende platform til en vindmølle"
"";"dtu|dtupub|third_party";"";"2022-01-03T13:13:31.384Z";"Dournon, Louise Juliette";"";"2692266791";"";"dtu";"2021";"";"";"";"";"thesis";"dtu|dtu_electronic|dtupub|dtupub_electronic";"";"";"";"";"";"";"";"";"";"";"";"";"";"";"";"";"und";"610e6a09d9001d016215790a";"";"610e6a09d9001d016215790a";"DTU Department of Electrical Engineering";"sorbit";"sorbit";"Data marketplace for power systems|Data marketplace for power systems"
"";"dtu|dtupub|third_party";"";"2022-01-03T13:05:30.474Z";"Hartenstein, Matthieu Claude Antoine";"";"2691679865";"";"dtu";"2021";"";"";"";"";"thesis";"dtu|dtu_electronic|dtupub|dtupub_electronic";"";"";"";"";"";"";"";"";"";"";"";"";"";"";"";"";"und";"60f55d9bd9001d0162248999";"";"60f55d9bd9001d0162248999";"DTU Department of Electrical Engineering";"sorbit";"sorbit";"Acoustic characterization of human skin based on acoustic holography|Akustisk karakterisering af menneskehud med akustisk holografi"
"";"dtu|dtupub|third_party";"";"2022-01-03T13:06:01.260Z";"Durán, Antonio Andrés Figueroa";"";"2692804497";"";"dtu";"2021";"";"";"";"";"thesis";"dtu|dtu_electronic|dtupub|dtupub_electronic";"";"";"";"";"";"";"";"";"";"";"";"";"";"";"";"";"und";"611cea91d9001d016230a902";"";"611cea91d9001d016230a902";"DTU Department of Electrical Engineering";"sorbit";"sorbit";"Acousto-optic sound source localization|Akusto-optisk lokalisering af lydkilder"
"";"dtu|dtupub|third_party";"";"2022-01-06T23:55:21.068Z";"Þorleifsson, Sigurthor Arni";"";"2692166162";"";"dtu";"2021";"";"";"";"";"thesis";"dtu|dtu_electronic|dtupub_external";"";"";"";"";"";"";"";"";"";"";"";"";"";"";"";"";"und";"610a75a2d9001d01621578d4";"";"610a75a2d9001d01621578d4";"DTU Department of Civil and Mechanical Engineering";"sorbit";"sorbit";"Process monitoring in metal spinning|Procesovervagning i metaltrykning"